tank_id,robust_max_ha,n_months_obs,peak_lag_months,peak_lag_r,peak_lag_p,n_seasons,low_confidence,fill_frequency,aic_linear,aic_hinge,hinge_wins,threshold_mm,recession_k_per_month,classification,area_ha,regulated_likely,slope_outlier,near_osm_canal
tank_0002,0.10496078431372545,116,3,-0.017456385048765677,0.8550472122128685,9,False,0.3333333333333333,68.06021743489734,69.12135095250719,False,287.30220624459514,0.42631773468605055,threshold_limited_fragile,3.482545300721594,False,False,False
tank_0004,0.0594705882352941,116,1,-0.01737125933699396,0.854449587932079,9,False,0.3333333333333333,69.20565030473593,72.06130176168911,False,439.38891592305737,0.71211585012936,threshold_limited_fragile,3.3031658361956,False,False,False
tank_0005,0.12499999999999997,116,2,0.20925617339556846,0.026123006991655272,9,False,0.5555555555555556,71.33025213298998,73.37619911603994,False,483.4524688542486,,rainfall_tracking,4.52276438905182,False,False,False
tank_0011,0.07723529411764704,116,2,-0.02375826518596313,0.80275669919904,9,False,0.3333333333333333,72.65399547274254,73.16293477705248,False,261.0546929076314,0.5921206306309775,threshold_limited_fragile,3.041084844510078,False,False,False
tank_0014,0.7228823529411764,116,3,0.1425995496844834,0.1336460237985213,9,False,0.0,41.17066455222957,43.23325276711867,False,483.4524688542486,,non_responsive,6.262936582987181,False,False,False
tank_0019,0.3866470588235294,116,3,-0.07894250734740677,0.4080280569333929,9,False,0.4444444444444444,70.81941972230639,72.20388367324327,False,247.03278968374943,0.6486175966394528,threshold_limited_fragile,5.478471716164781,False,False,False
tank_0024,2.354254901960785,116,4,0.122256929827026,0.20115181314106714,9,False,0.3333333333333333,67.09335925955195,68.76795006235963,False,264.10617575279105,0.15245516003475737,threshold_limited_fragile,14.078633800920871,False,False,False
tank_0025,0.09,116,0,0.06802167856215761,0.47009794411154743,9,False,0.3333333333333333,66.13060251265851,66.95540208153673,False,328.5866592610255,1.2854053570935142,threshold_limited_fragile,6.260366424669328,False,False,False
tank_0026,0.587294117647059,116,0,0.004686517396277235,0.9603546492870265,9,False,0.2222222222222222,66.01717517220575,67.7086523735808,False,247.03278968374943,0.19822462029837792,threshold_limited_fragile,17.565599421559444,False,False,False
tank_0027,0.1238235294117647,116,3,0.14311096072415522,0.13224362502770118,9,False,0.3333333333333333,72.03807729660886,72.4605345394898,False,280.816565816378,0.8766747920159764,threshold_limited_fragile,4.785533543397435,False,False,False
tank_0030,0.3961176470588235,116,0,0.08692713409273073,0.35561323810742174,9,False,0.1111111111111111,63.125490578542305,65.08979674984332,False,404.8843838739558,-0.17716817591151537,non_responsive,7.571679149746998,False,False,False
tank_0031,4.124078431372549,116,3,0.22997780817286667,0.014713988682722329,9,False,0.2222222222222222,69.22647716402822,69.9408121794821,False,327.4103932103608,0.17376612550463608,threshold_limited_fragile,30.793066120513668,False,False,False
tank_0036,0.16131372549019604,116,4,0.12778418318712811,0.18137409574596186,9,False,0.2222222222222222,66.7711641097423,68.43128381837377,False,280.816565816378,0.7939253213815857,threshold_limited_fragile,4.089599596364822,False,False,False
tank_0037,0.18258823529411766,116,0,0.10857815787709174,0.24806192042694641,9,False,0.1111111111111111,66.50087039750966,67.82208307224678,False,371.1584750068826,0.2246941384593473,non_responsive,3.5682212596664096,False,False,False
tank_0038,1.3453333333333337,116,3,0.028084673013457347,0.768800785359399,9,False,0.3333333333333333,57.222996909731386,57.71640019415664,False,350.3373572808127,0.3739677510700917,threshold_limited_fragile,3.304451044300136,False,False,False
tank_0050,2.9795294117647053,116,3,0.16043909484999158,0.09105759920407283,9,False,0.3333333333333333,67.68672173905804,69.36039272540816,False,434.4530387725681,0.17289041412449224,threshold_limited_fragile,23.468828294899534,False,False,False
tank_0051,0.19888235294117645,116,4,0.0449269797464633,0.6396319432312393,9,False,0.2222222222222222,69.07645763100716,71.69859566172335,False,379.23846116673667,0.685330281545619,threshold_limited_fragile,4.347641126941023,False,False,False
tank_0052,0.49245098039215685,116,3,0.02431481596177893,0.7991288684180492,9,False,0.4444444444444444,66.52184573690454,65.0630332042852,True,243.59618419725447,0.4084951851966979,threshold_limited_fragile,4.173351804723149,False,False,False
tank_0053,4.57886274509804,116,2,0.08535712173574743,0.3686995284644545,9,False,0.3333333333333333,66.95237359747455,67.76956854582355,False,247.03278968374943,0.5306986680180212,threshold_limited_fragile,13.130700924814091,False,False,False
tank_0055,0.10747058823529408,116,2,-0.025366175792287324,0.7897071160038139,9,False,0.4444444444444444,68.572615171238,68.70692835531833,False,243.59618419725447,0.6053535052569128,threshold_limited_fragile,3.390997291860634,False,False,False
tank_0057,2.6786470588235294,116,1,0.134652881073947,0.1531857117645153,9,False,0.4444444444444444,70.09957705816532,71.95932031937535,False,451.20429570208364,0.3641023684557267,threshold_limited_fragile,8.096375401262035,False,False,False
tank_0058,0.16290196078431368,116,0,0.1500513098085058,0.1094614241326559,9,False,0.3333333333333333,69.28580794887955,71.40092472115076,False,441.92991547069397,0.2498139227762543,threshold_limited_fragile,5.212802114988504,False,False,False
tank_0064,6.281294117647059,116,3,0.009134105103678541,0.9238511142890845,9,False,0.3333333333333333,67.21336901579275,67.97336575098868,False,243.59618419725447,0.17007498046430403,threshold_limited_fragile,61.635864362157214,False,False,False
tank_0069,5.201980392156862,116,1,0.130311383937577,0.16699886959924348,9,False,0.3333333333333333,68.09463650148828,69.75546539381787,False,287.30220624459514,0.3133172768370986,threshold_limited_fragile,52.6714338637031,False,False,False
tank_0072,2.17,116,1,0.060477625580741136,0.5226970453365882,9,False,0.2222222222222222,71.02946778016384,72.36698449151335,False,341.0270324575249,1.3842274003914912,threshold_limited_fragile,29.229109112482476,False,False,False
tank_0073,0.04,116,0,0.08108192814650256,0.3890026045264567,9,False,0.0,-inf,-inf,False,282.09643714511765,0.4302867022037298,non_responsive,3.219928746301206,False,False,False
tank_0080,1.0785882352941178,116,2,0.18190528816204937,0.05381780504114505,9,False,0.8888888888888888,56.292019000104155,58.28443605252217,False,280.816565816378,0.1041440809289135,resilient,3.1323548129003322,False,False,False
tank_0094,0.021843137254901952,116,4,0.14081201412888206,0.14045246679849013,9,False,0.4444444444444444,67.82747943911161,69.7199363315807,False,373.2316786077281,,threshold_limited_fragile,3.1323187710744467,False,True,False
tank_0107,0.23088235294117646,116,2,0.0036807322882075324,0.9691361018866849,9,False,0.3333333333333333,68.58228424745138,67.87268139730904,True,258.6532338619698,2.036710046888095,threshold_limited_fragile,7.3940014738745825,False,False,False
tank_0110,3.965509803921568,116,3,0.13112119213408957,0.1681889654800446,9,False,0.2222222222222222,64.8527916607118,66.76307036361538,False,446.9441486572847,0.42759085805787744,threshold_limited_fragile,46.142906253967105,False,False,False
tank_0113,2.195470588235294,116,3,0.056340326114988265,0.5551705886589173,9,False,0.4444444444444444,62.956743751386156,64.70298411422432,False,433.7451839826601,0.24423200951273688,threshold_limited_fragile,4.262878777623653,False,False,False
tank_0115,0.12288235294117644,116,2,0.10596120596238887,0.2639912594247511,9,False,0.3333333333333333,66.13570714602841,67.29096892489427,False,260.00079649020915,0.17055361956268045,threshold_limited_fragile,5.218498673617381,False,False,False
tank_0116,0.1764705882352941,116,2,0.014140741288412357,0.8818264802130423,9,False,0.3333333333333333,67.99223091865696,69.01227787954788,False,258.6532338619698,0.47462163329933427,threshold_limited_fragile,4.611120135963734,False,False,False
tank_0117,9.825647058823531,116,1,0.12670474372506482,0.1791592201855786,9,False,0.2222222222222222,60.68835838466903,62.49446877403137,False,420.908074682975,0.20889550562841516,threshold_limited_fragile,65.11531763078322,False,False,False
tank_0118,0.2123137254901961,116,2,0.14537525129443588,0.12445214535076661,9,False,0.1111111111111111,66.01310407106355,67.74953901064256,False,338.87946730852127,0.15039441045962573,non_responsive,3.8247759484973454,False,False,False
tank_0122,0.5850000000000001,116,0,0.1777947778454742,0.057304263692162814,9,False,0.3333333333333333,69.54834611093571,71.63466884070061,False,477.46237404197456,0.09131644274487738,threshold_limited_fragile,4.265235291844318,False,False,False
tank_0125,2.5063529411764707,116,2,0.07827274030652424,0.40990281072731644,9,False,0.3333333333333333,68.79731860863261,68.04115036994096,True,282.09643714511765,0.4777557225137182,threshold_limited_fragile,57.69880474868895,False,False,False
tank_0130,0.797843137254902,116,3,-0.023294682217047235,0.8073894651596426,9,False,0.2222222222222222,69.026236787538,68.03833511252523,True,247.03278968374943,0.06806704832754272,threshold_limited_fragile,9.130177304732292,False,False,False
tank_0131,0.08270588235294118,116,0,0.016655078287220865,0.8597700293890194,9,False,0.1111111111111111,64.65196409654448,66.88677065321866,False,489.1457991018491,0.31846019089326527,non_responsive,4.784510889415543,False,False,False
tank_0132,0.0,116,0,,,9,False,0.0,-inf,-inf,False,258.6532338619698,,non_responsive,3.218831584434936,False,True,False
tank_0134,0.15849019607843134,116,4,0.2000965414054721,0.03523669110208016,9,False,0.5555555555555556,71.37715914864268,71.67745523893862,False,247.56619274020196,0.7008111629090961,rainfall_tracking,3.476301757532238,False,False,False
tank_0135,0.3298431372549019,116,3,0.025432911853277874,0.7901004483746077,9,False,0.4444444444444444,71.75082455306277,71.52253740859973,True,279.9366361466353,0.342282500763381,threshold_limited_fragile,3.999728589709362,False,False,False
tank_0142,0.3686078431372549,116,0,0.07382713959696023,0.43296389666064505,9,False,0.3333333333333333,68.42077792671773,69.42451581331434,False,280.816565816378,0.26976381104892755,threshold_limited_fragile,3.7417734310740847,False,False,False
tank_0143,0.868235294117647,116,2,0.11186294127927697,0.23815759548931284,9,False,0.1111111111111111,65.63132067805728,67.48445977773551,False,293.2228300243616,0.9121566268043029,non_responsive,14.168104678844006,False,False,False
tank_0144,1.06,116,4,0.17993476393784302,0.05879475537259395,9,False,0.2222222222222222,67.14792130197804,69.26078169188881,False,477.46237404197456,0.5670332598079145,threshold_limited_fragile,9.227241740101388,False,False,False
tank_0148,0.6582156862745099,116,4,0.03372895330839785,0.7252628183869504,9,False,0.1111111111111111,64.23112879397684,66.21843485777207,False,484.10288057594516,0.22003380469962924,non_responsive,16.01510917998021,False,False,False
tank_0153,1.198,116,2,0.12293500163395567,0.1945577343864283,9,False,0.4444444444444444,70.96376249761425,71.53634132495375,False,338.87946730852127,0.28401195880170244,threshold_limited_fragile,8.517882104015058,False,False,False
tank_0156,4.089843137254903,116,2,-0.018460998582788806,0.846115059928413,9,False,0.3333333333333333,67.37072397582722,68.45896510626004,False,280.816565816378,0.13530190973140394,threshold_limited_fragile,4.69890649659993,False,False,False
tank_0159,0.48419607843137247,116,3,0.13981579593713267,0.141479442715805,9,False,0.2222222222222222,68.34148451208537,68.54925716999827,False,287.30220624459514,0.12248944733709036,threshold_limited_fragile,3.9170280814994527,False,False,False
tank_0165,0.3340196078431372,116,2,0.20130895846499955,0.032509438631026025,9,False,0.4444444444444444,63.973995802999845,65.88029276955052,False,453.89984707564145,0.403952247649896,threshold_limited_fragile,5.479505045946876,False,False,False
tank_0171,0.04756862745098037,116,2,0.11547564283510132,0.223241601949048,9,False,0.2222222222222222,70.91397740739744,72.37329762050956,False,338.87946730852127,,threshold_limited_fragile,3.4766488309104737,False,False,False
tank_0172,0.09843137254901956,116,2,0.08009611179204768,0.39904805217258676,9,False,0.2222222222222222,63.316277908019636,59.89482295482132,True,243.59618419725447,,threshold_limited_fragile,4.347044524181434,False,False,False
tank_0174,0.8189411764705881,116,2,0.08921921793417378,0.3473488892593708,9,False,0.4444444444444444,67.7238752921226,68.7104632115772,False,258.6532338619698,0.2738324122235777,threshold_limited_fragile,3.2188834478188855,False,False,False
tank_0176,1.0030196078431375,116,2,-0.0007352088972190123,0.9938336252753577,9,False,0.3333333333333333,68.1302848239328,69.75437899418162,False,453.89984707564145,0.12749929384439856,threshold_limited_fragile,8.08855834982843,False,False,False
tank_0184,0.1400392156862745,116,0,-0.0049850750444615545,0.9578312682896483,9,False,0.4444444444444444,69.52586498390467,69.18989594317819,True,243.59618419725447,0.2781628335915696,threshold_limited_fragile,4.95572377808936,False,False,False
tank_0187,0.19096078431372543,116,0,0.21980972787891953,0.018255681811825245,9,False,0.5555555555555556,67.71640843139257,70.30477789774632,False,441.92991547069397,0.5783146772586029,rainfall_tracking,4.603970806309572,False,False,False
tank_0190,0.384235294117647,116,2,0.04878162337954132,0.6078843344813889,9,False,0.5555555555555556,65.58855968311158,65.91742139547306,False,243.59618419725447,0.4674161704737716,rainfall_tracking,3.8251095387291194,False,False,False
tank_0192,0.16831372549019605,116,4,0.0714994820644593,0.4558355993854931,9,False,0.2222222222222222,66.38353445247552,67.77521762168462,False,287.30220624459514,0.2134697778405616,threshold_limited_fragile,3.308035475703692,False,False,False
tank_0193,0.3858039215686274,116,3,0.14137634087531942,0.13704633449266676,9,False,0.2222222222222222,62.27854906754878,52.88829312519148,True,324.9491220894453,0.6636672246944594,threshold_limited_fragile,3.65237726508129,False,False,False
tank_0195,2.207686274509804,116,3,0.053326612378114355,0.5765561176812806,9,False,0.3333333333333333,65.42297200924543,65.51376654788056,False,280.816565816378,0.2574954497948533,threshold_limited_fragile,8.179365362460503,False,False,False
tank_0199,0.5493725490196079,116,2,-0.022470986083743472,0.8132435150042459,9,False,0.3333333333333333,64.951649018887,66.74852801742583,False,462.7055253049439,0.1545962798928051,threshold_limited_fragile,3.654970141830422,False,False,False
tank_0204,1.6012941176470588,116,3,0.20805478471711633,0.02771540456298048,9,False,0.2222222222222222,68.9457314034332,70.96198542561778,False,489.1457991018491,0.14837022888345294,threshold_limited_fragile,4.436706358387518,False,False,False
tank_0205,0.8806470588235292,116,2,0.025544221101622737,0.7882656242417366,9,False,0.1111111111111111,65.64187430786023,67.35463438218241,False,404.8843838739558,0.17882631276006894,non_responsive,6.527136946084133,False,False,False
tank_0207,0.07545098039215684,116,2,0.07748140403236291,0.41466709908363747,9,False,0.3333333333333333,61.875280673857645,60.81563773347672,True,324.9491220894453,0.4078236030472346,threshold_limited_fragile,3.304051766486215,False,False,False
tank_0209,0.06070588235294112,116,3,-0.0014265191467184666,0.9880900186278191,9,False,0.2222222222222222,66.96494465217629,68.93841271075752,False,446.9441486572847,,threshold_limited_fragile,3.7363103682350958,False,False,False
tank_0213,0.6132549019607842,116,0,0.158954478763158,0.08973803888604706,9,False,0.6666666666666666,59.75816419756404,62.17241493625996,False,477.46237404197456,0.38697720219424325,rainfall_tracking,4.003739160275059,False,False,False
tank_0217,1.8688627450980393,116,2,0.213259936975845,0.023333180558659697,9,False,0.1111111111111111,65.7592904943769,67.56046445607541,False,404.14813398437053,0.45814536593707755,non_responsive,20.10606403435139,False,False,False
tank_0220,0.10917647058823524,116,0,0.03822228944545932,0.6850667324280548,9,False,0.4444444444444444,67.83969328201337,69.50506212340966,False,452.2380398635272,0.23631482271859414,threshold_limited_fragile,9.042894733584511,False,False,False
tank_0221,1.142764705882353,116,2,0.056830429673080184,0.5499184685674542,9,False,0.4444444444444444,64.42199079322214,66.28433387528943,False,504.7272438008134,0.3950385807771674,threshold_limited_fragile,3.3061201490250305,False,False,False
tank_0225,1.62,116,1,0.1525557679639835,0.1051466688492559,9,False,0.2222222222222222,70.42281922170292,72.00991391401425,False,349.02255413355306,1.0748074026658712,threshold_limited_fragile,8.95729705796754,False,False,False
tank_0226,0.8828627450980393,116,3,0.03029742881261082,0.7511574021500785,9,False,0.1111111111111111,58.806254768504836,60.17098860371964,False,464.19760018479246,0.3217413474168751,non_responsive,7.833596785330282,False,False,False
tank_0228,0.06605882352941173,116,2,0.09188607066287328,0.3330685111257397,9,False,0.2222222222222222,65.96582571276666,68.36216484213251,False,504.7272438008134,0.24295843173912404,threshold_limited_fragile,3.567627626945491,False,False,False
tank_0229,0.3111176470588235,116,2,-0.0245686673509595,0.7961725593996799,9,False,0.5555555555555556,67.86855519204695,68.24277683794546,False,356.00264516472816,0.4970823797851681,rainfall_tracking,5.0412206748576835,False,False,False
tank_0231,0.2329019607843137,116,1,0.03945067474940539,0.6768699407243955,9,False,0.5555555555555556,67.36548164418605,69.19415928058439,False,276.7916326150298,0.12114333138809555,rainfall_tracking,3.8235055920541416,False,False,False
tank_0233,0.5615294117647059,116,1,-0.002500829559915145,0.9789324526488573,9,False,0.3333333333333333,71.60397128975688,71.81294327098047,False,275.9509984575212,0.3711118098014814,threshold_limited_fragile,6.526811874022868,False,False,False
tank_0236,0.4736862745098039,116,4,0.118117501405398,0.21694765744511652,9,False,0.2222222222222222,65.97606439270345,65.88873950934098,True,254.3903353896283,0.4136333649966459,threshold_limited_fragile,5.302754911492955,False,False,False
tank_0237,2.427529411764706,116,4,0.07212484780002154,0.45189411675108254,9,False,0.3333333333333333,70.07887184146202,72.13071557375754,False,271.6335740491748,0.10328234169094919,threshold_limited_fragile,37.70575791096106,False,False,False
tank_0240,0.3882745098039216,116,3,0.015232751230028985,0.8733466341130721,9,False,0.4444444444444444,66.1924077740828,67.95772194209553,False,388.30026511708274,0.2933097315677622,threshold_limited_fragile,10.867766802339453,False,False,False
tank_0242,1.1523137254901963,116,2,0.06844933291500144,0.471290022689919,9,False,0.2222222222222222,68.0037971645649,69.66528990765613,False,276.7916326150298,0.3792071343767697,threshold_limited_fragile,15.032835564267298,False,False,False
tank_0245,0.23299999999999996,116,2,0.1419060240176249,0.13379379036927544,9,False,0.2222222222222222,66.38592754510057,68.19431069613726,False,492.4950187335744,0.0009686556374704793,threshold_limited_fragile,3.914756007030137,False,False,False
tank_0247,19.1,116,1,0.2537765597012756,0.0064402161751275855,9,False,0.4444444444444444,70.06601187242585,71.60540890047525,False,269.17860056469215,0.4522402280283359,threshold_limited_fragile,84.45105826910414,False,False,False
tank_0256,0.3967647058823529,116,4,0.005716042067800725,0.9525212082673791,9,False,0.3333333333333333,64.66595763411922,63.88881270741902,True,289.37675574140104,0.6627332372146251,threshold_limited_fragile,3.3945479510004692,False,False,False
tank_0257,0.1733725490196078,116,3,-0.00408323046733898,0.9659181659934796,9,False,0.2222222222222222,59.33403983438494,57.22211193287878,True,315.54839085624553,0.634275358036438,threshold_limited_fragile,7.1298446081864775,False,False,False
tank_0260,0.1642156862745098,116,2,0.163853198672368,0.08289007773917716,9,False,0.4444444444444444,63.96058670634498,65.96008607110362,False,482.99374256614755,0.38867324111481844,threshold_limited_fragile,3.2197892517750013,False,False,False
tank_0261,0.28947058823529404,116,2,-0.00207355633665696,0.9826097694015703,9,False,0.1111111111111111,66.43960310374014,68.31611175891942,False,440.99261842091437,0.17175686885423777,non_responsive,7.309995181579684,False,False,False
tank_0264,0.8500000000000001,116,4,0.13539044186484142,0.15653782106944358,9,False,0.1111111111111111,66.26981920381738,67.84705867558245,False,315.54839085624553,0.5538982255698358,non_responsive,13.9979128721315,False,False,False
tank_0273,10.63,116,3,0.22045428024198155,0.019506411189287122,9,False,0.3333333333333333,68.9632495575477,69.55302907957515,False,308.7404093787074,0.42714021576979266,threshold_limited_fragile,41.98183194908108,False,False,False
tank_0276,0.2074901960784314,116,4,0.0347530942114382,0.7172689379531203,9,False,0.0,55.34543735639642,54.41687389494194,True,248.41980102700182,0.7354737140553007,non_responsive,6.868664628424614,False,False,False
tank_0278,0.555,116,3,0.09068317877830678,0.34165756901140915,9,False,0.3333333333333333,63.3057375240992,60.087431479659344,True,248.41980102700182,0.02602593172914963,threshold_limited_fragile,6.869472804964462,False,False,False
tank_0280,0.053529411764705846,116,4,0.041880979770793296,0.6625173868811128,9,False,0.3333333333333333,70.99310312993371,70.17916605895677,True,254.3903353896283,0.8125915577724929,threshold_limited_fragile,3.303047566674073,False,False,False
tank_0291,0.09,116,2,0.1893168425987406,0.04461251130514135,9,False,0.5555555555555556,66.85767820520383,65.16385690618327,True,406.3525832500309,0.30931043119502466,rainfall_tracking,14.265377605204973,False,True,False
tank_0292,1.397921568627451,116,3,0.10155404508991883,0.2866735404124652,9,False,0.3333333333333333,67.73855195601843,68.30779591681357,False,275.9509984575212,0.27427209693053933,threshold_limited_fragile,16.097950686513485,False,False,False
tank_0296,0.0,116,0,,,9,False,0.0,-inf,-inf,False,299.48220538310704,,non_responsive,3.0442537055948824,False,True,False
tank_0297,1.020941176470588,116,0,0.1239451097215252,0.1869224556958803,9,False,0.5555555555555556,64.65258365419015,66.42965119915023,False,289.37675574140104,0.3038974074707152,rainfall_tracking,3.1333500938442436,False,False,False
tank_0299,1.2219019607843138,116,2,0.17832321680760266,0.058797964134104125,9,False,0.3333333333333333,69.47646059519367,70.82922871962529,False,298.0632140632557,1.3946478641619988,threshold_limited_fragile,6.525858842501213,False,False,False
tank_0300,0.6628627450980391,116,3,0.13379550964024184,0.15960369541178424,9,False,0.4444444444444444,65.36748675771477,64.52634367005079,True,383.81466670415557,0.1483020691740285,threshold_limited_fragile,6.702179267455906,False,False,False
tank_0301,0.2671176470588235,116,2,0.010561358814486879,0.9115976375171254,9,False,0.2222222222222222,60.21545750720629,62.07887368891216,False,374.92032166869996,0.8026558822614641,threshold_limited_fragile,3.8290299044635163,False,False,False
tank_0307,0.8393333333333334,116,3,0.08758092047819292,0.3584946299800354,9,False,0.2222222222222222,67.82883414006875,69.0414927659902,False,276.7916326150298,0.3899780217827865,threshold_limited_fragile,10.513673886201154,False,False,False
tank_0309,1.1673725490196079,116,1,0.24005985927763862,0.010093031118749375,9,False,0.5555555555555556,70.66132161119675,69.88787085004287,True,340.12985528228455,0.3846614408053751,rainfall_tracking,6.084535183275043,False,False,False
tank_0313,0.4,116,1,0.08551762425780164,0.3656379109757928,9,False,0.3333333333333333,72.33648542901912,73.57424803602771,False,315.54839085624553,0.9783183633672221,threshold_limited_fragile,3.043412974554253,False,False,False
tank_0314,0.31347058823529417,116,3,-0.0034791170370734106,0.970958181384567,9,False,0.1111111111111111,65.48859741744576,67.50598844358478,False,452.2380398635272,0.49126136675903037,non_responsive,6.607869794428787,False,False,False
tank_0319,0.7313921568627453,116,3,0.2150960594943772,0.022753187195684827,9,False,0.5555555555555556,69.62158777870735,71.72928316765666,False,356.00264516472816,0.14314068195069773,rainfall_tracking,6.865408832205804,False,False,False
tank_0321,0.606313725490196,116,2,0.14542146244066792,0.12433118991528375,9,False,0.4444444444444444,68.53608754737593,68.3601821519176,True,366.7171903066337,0.6717270303290432,threshold_limited_fragile,4.524808987253359,False,False,False
tank_0327,0.19547058823529406,116,0,0.12612626409258595,0.17922396803263277,9,False,0.1111111111111111,66.22607593952648,68.12919573232047,False,420.27102737055975,,non_responsive,3.2192910008562414,False,False,False
tank_0337,0.26011764705882345,116,4,-0.05596242606585373,0.559634889040294,9,False,0.3333333333333333,70.70828968053884,70.66841280531104,True,254.3903353896283,0.18115818581871646,threshold_limited_fragile,3.129550986146786,False,False,False
tank_0338,0.33633333333333326,116,4,0.13495812724889714,0.15787744671186255,9,False,0.1111111111111111,58.66527747587166,60.83450141054008,False,452.2380398635272,0.5145655408839211,non_responsive,3.999454037041368,False,False,False
tank_0339,2.0887058823529414,116,4,0.18997313497652807,0.04581869197922374,9,False,0.4444444444444444,67.48096722454257,68.18922785924735,False,289.37675574140104,0.3241481258528206,threshold_limited_fragile,6.180233892166671,False,False,False
tank_0342,1.6867843137254903,116,1,0.13887702899635224,0.14058651716995285,9,False,0.5555555555555556,63.342234603737005,65.03248137655379,False,383.81466670415557,0.27349722714851077,rainfall_tracking,5.04783747177462,False,False,False
tank_0345,0.3338627450980392,116,2,0.02364499837942975,0.8036780517029831,9,False,0.2222222222222222,65.06995082645416,67.1280451369991,False,494.8626892724918,0.34178249033354174,threshold_limited_fragile,6.782656190376573,False,False,False
tank_0346,0.12841176470588228,116,2,0.04701218341056078,0.6209789492881649,9,False,0.2222222222222222,67.24106359272119,69.26851969044833,False,388.30026511708274,0.3005705191108786,threshold_limited_fragile,5.912266731772428,False,False,False
tank_0349,10.695666666666668,116,3,0.17436416017916262,0.06595822410662096,9,False,0.7777777777777778,65.88679412291248,65.00772611128829,True,254.3903353896283,0.19850550627111255,rainfall_tracking,100.8433134559317,True,False,False
tank_0350,0.13639215686274508,116,4,-0.0019118140410295825,0.9841118044717365,9,False,0.5555555555555556,68.21804999099983,69.33196302528111,False,248.41980102700182,0.36988549109228863,rainfall_tracking,3.4780764595341616,False,False,False
tank_0353,7.748019607843138,116,2,0.16574856187750445,0.07934517781929529,9,False,0.2222222222222222,60.81696283862934,60.330063671320644,True,298.0632140632557,0.1804314300610774,threshold_limited_fragile,81.60833078983012,False,False,False
tank_0356,0.004901960784313675,116,0,-0.028078319448258712,0.7657979666844666,9,False,0.1111111111111111,64.0013884075866,65.75987027474089,False,403.90088696824387,,non_responsive,4.607632683795952,False,False,False
tank_0360,0.4064901960784314,116,2,-0.0026266078600116257,0.977972549494985,9,False,0.3333333333333333,65.59357681256007,67.53471045599218,False,482.99374256614755,0.3764473564516865,threshold_limited_fragile,3.132717852793428,False,False,False
tank_0361,1.1768627450980391,116,3,-0.04071292691808965,0.6699560894594899,9,False,0.4444444444444444,69.52698066161825,70.22780732445545,False,315.54839085624553,0.19785076851271605,threshold_limited_fragile,7.651109918733848,False,False,False
tank_0362,0.260235294117647,116,4,-0.054349242977368276,0.5710254665650416,9,False,0.3333333333333333,69.36631511989287,71.3389317637444,False,467.55214534130937,0.577007688417676,threshold_limited_fragile,4.176244894513415,False,False,False
tank_0364,0.2958039215686274,116,0,-0.012248502793333399,0.8966293179976074,9,False,0.3333333333333333,67.71830617881955,68.94656874117459,False,248.41980102700182,0.695387855007193,threshold_limited_fragile,4.956070402642255,False,False,False
tank_0366,1.301470588235294,116,3,-0.04719376763203941,0.6212184047913045,9,False,0.5555555555555556,64.91557018473287,66.15502489255574,False,248.41980102700182,0.20866247475654337,rainfall_tracking,33.038132853796505,False,False,False
tank_0369,1.2340588235294117,116,1,0.2662547935002146,0.0041916045808344125,9,False,0.3333333333333333,72.0546746372469,73.8829603556235,False,289.37675574140104,0.5255262614434542,threshold_limited_fragile,6.789165653761874,False,False,False
tank_0375,0.06,116,0,0.020845066906783713,0.8249986434819624,9,False,0.1111111111111111,63.170785171032975,65.1003573607803,False,434.6919259688555,0.21050185576797165,non_responsive,5.652412136628844,False,False,False
tank_0379,1.5833333333333333,116,3,0.21933281426670187,0.0201507885101652,9,False,0.2222222222222222,63.03503709470133,64.93160256694884,False,482.99374256614755,0.30588452988472054,threshold_limited_fragile,18.446441893555374,False,False,False
tank_0381,0.1468823529411764,116,0,0.13235195149527118,0.1585329904898008,9,False,0.1111111111111111,57.65656121681458,59.54839068333523,False,497.48148945548417,0.6434483613994615,non_responsive,4.003668201816964,False,False,False
tank_0386,1.1900588235294118,116,3,0.13053098802607865,0.17012890091393942,9,False,0.5555555555555556,67.4824494605012,69.62285084724597,False,494.8626892724918,0.5392640232776811,rainfall_tracking,6.869797018445157,False,False,False
tank_0390,1.4597450980392157,116,4,0.10401412022762457,0.2773013913069688,9,False,0.3333333333333333,69.86595119944698,71.83957095264547,False,380.33237355202436,0.5725661521515013,threshold_limited_fragile,9.123410166752697,False,False,False
tank_0397,0.040333333333333325,116,4,0.04447248873780331,0.6430259382047618,9,False,0.1111111111111111,60.643439591898634,45.385246756134364,True,289.37675574140104,0.6129126563817802,non_responsive,4.003630322104846,False,False,False
tank_0399,0.12447058823529411,116,1,0.04526558843965458,0.6324913773690125,9,False,0.3333333333333333,67.93053600714126,70.14921606234401,False,452.2380398635272,0.5901227951395231,threshold_limited_fragile,3.5643377878613247,False,False,False
tank_0404,13.272313725490195,116,0,0.1139389642630522,0.22533474255912198,9,False,0.2222222222222222,65.62663700810717,67.30212417451884,False,271.6335740491748,0.3757594787311076,threshold_limited_fragile,113.10087414360031,True,False,False
tank_0409,0.044666666666666646,116,4,0.12573774444385327,0.18852376344858968,9,False,0.2222222222222222,68.66685533121243,68.01538693960944,True,386.41892981814846,0.7226805643403736,threshold_limited_fragile,3.5683808960779033,False,False,False
tank_0420,0.046274509803921525,116,2,0.16254318973261367,0.08541335087302637,9,False,0.2222222222222222,70.077969482783,72.11425345457835,False,267.790757169202,0.6012962446936266,threshold_limited_fragile,3.129821889134526,False,False,False
tank_0425,0.061647058823529326,116,2,0.11700854747962099,0.21711614029661067,9,False,0.4444444444444444,66.14995767745457,67.78388190415362,False,472.1925449589238,0.6367266808764067,threshold_limited_fragile,4.519770050664054,False,False,False
tank_0431,0.0,116,2,0.18597665186596418,0.04858457541953954,9,False,0.0,-inf,-inf,False,289.61049213025683,,non_responsive,26.2820983292253,False,False,False
tank_0432,0.13019607843137251,116,2,0.020485931320779447,0.8294790610502221,9,False,0.6666666666666666,70.14379357374604,71.7590673831174,False,470.40646495734836,0.11064266643586462,rainfall_tracking,4.260092856464122,False,False,False
tank_0435,2.965,116,2,0.21452467671808884,0.022506707988478206,9,False,0.4444444444444444,70.1786969214277,72.21919987021194,False,361.43297085817903,0.8556189840313253,threshold_limited_fragile,9.741492350794077,False,False,False
tank_0436,0.04,116,3,0.03369571118689694,0.7243121917848413,9,False,0.2222222222222222,65.180444749732,58.541941534763126,True,289.61049213025683,0.028579206919973732,threshold_limited_fragile,3.0456698809296885,False,False,False
tank_0438,0.6866470588235294,116,1,0.12567785157560538,0.18273750911822537,9,False,0.3333333333333333,69.80322875738442,71.98443885682794,False,493.804869007683,0.4855337621530948,threshold_limited_fragile,19.199784388772482,False,False,False
tank_0443,0.10221568627450972,116,2,0.12274554642881694,0.1952515566609883,9,False,0.2222222222222222,67.95564768503509,68.2234928987458,False,280.8929714298,0.05113942456020948,threshold_limited_fragile,3.9170013402425035,False,True,False
tank_0444,13.39,116,1,0.3037268873420856,0.0010193029960045945,9,False,0.5555555555555556,69.56925593247037,70.45143736944955,False,275.3149525508285,1.1132510025502675,rainfall_tracking,38.415749236749164,False,False,False
tank_0447,3.3482941176470584,116,4,0.027581781997117173,0.7738387783164714,9,False,0.3333333333333333,60.87026745518835,62.75706864596733,False,490.8642287798266,0.23548682764193313,threshold_limited_fragile,43.33278630552787,False,False,False
tank_0448,2.601333333333333,116,3,0.14174981936266418,0.13600122060280398,9,False,0.3333333333333333,69.43560511745723,71.59188239368764,False,500.0373119715223,0.5689894833718527,threshold_limited_fragile,16.76367473499071,False,False,False
tank_0449,0.15749019607843132,116,2,0.009604708290265152,0.9195770047796193,9,False,0.5555555555555556,72.46369680122838,73.08761558178381,False,267.790757169202,0.4254860517931229,rainfall_tracking,7.563578957418524,False,False,False
tank_0455,0.6273921568627452,116,4,0.08333000974343273,0.3845674515732632,9,False,0.4444444444444444,59.53086997865305,61.250198355195806,False,471.2999874942125,0.08679245428503171,threshold_limited_fragile,3.828985774450146,False,False,False
tank_0460,0.23254901960784313,116,3,0.07531255519576074,0.42998727740788345,9,False,0.3333333333333333,69.96029187003684,72.11408816315439,False,500.0373119715223,-0.024177564260674057,threshold_limited_fragile,4.0824609116797586,False,False,False
tank_0462,11.328098039215684,116,2,0.17851322063283706,0.058524642197976,9,False,0.4444444444444444,70.54335320371847,71.03435548474508,False,322.0219056142261,0.46321095291241265,threshold_limited_fragile,45.73772617507096,False,False,False
tank_0466,0.13421568627450978,116,2,0.023861145003842007,0.8019200724363217,9,False,0.2222222222222222,68.81503706469717,69.12886638124337,False,280.8929714298,0.32866513942308495,threshold_limited_fragile,3.4810675391566934,False,False,False
tank_0471,0.1716078431372549,116,4,0.1229414632020962,0.19862152604161917,9,False,0.1111111111111111,65.4066091404462,66.93869876106291,False,398.83274045732594,0.07886268612003719,non_responsive,3.5660027149549105,False,False,False
tank_0473,0.5205294117647059,116,4,-0.00459111871297251,0.9618572034077727,9,False,0.3333333333333333,59.19164172921974,57.213405694501475,True,397.1066266404446,0.17487712239658781,threshold_limited_fragile,8.09277101556336,False,False,False
tank_0474,0.663686274509804,116,3,-0.0038379540576735753,0.9679643145966843,9,False,0.3333333333333333,65.49245036175174,65.22171052691077,True,333.65595062397426,0.4234458951629132,threshold_limited_fragile,4.177322916871113,False,False,False
tank_0481,2.095392156862745,116,2,0.04268252658341655,0.6535172367305725,9,False,0.3333333333333333,62.60348478232778,64.527044583681,False,284.9787952758372,0.23761775589631032,threshold_limited_fragile,19.22782203512654,False,False,False
tank_0485,0.6844901960784313,116,1,0.11065116498538734,0.24119145665088573,9,False,0.2222222222222222,67.67354390997292,69.18983948175158,False,416.86527954847554,0.240209549967975,threshold_limited_fragile,8.33977709860218,False,False,False
tank_0489,0.13894117647058823,116,0,0.1029704191845827,0.2734791477214122,9,False,0.2222222222222222,58.92163043572118,58.3766011962672,True,375.3555713686316,0.3273690075458593,threshold_limited_fragile,6.696177902588912,False,False,False
tank_0491,0.009803921568627425,116,3,0.08700430821359739,0.36167989295814573,9,False,0.2222222222222222,69.6783052579043,72.03805394722214,False,407.72925862297416,,threshold_limited_fragile,3.391878319084346,False,False,False
tank_0494,0.42394117647058815,116,3,0.08307137378447796,0.38386962688909315,9,False,0.3333333333333333,63.90639308445265,63.86721402891581,True,343.3585593853507,0.46693635102116887,threshold_limited_fragile,6.612500429428119,False,False,False
tank_0497,0.14394117647058816,116,2,-0.006464568351738132,0.9458207066688857,9,False,0.3333333333333333,68.533985255393,67.15990635462138,True,278.41110476772303,0.43351135258541545,threshold_limited_fragile,4.0006345333184505,False,False,False
tank_0498,0.13854901960784308,116,4,0.06789460055722175,0.47892400435617327,9,False,0.4444444444444444,68.51141260285053,70.76790539022254,False,490.8642287798266,0.7672374369803234,threshold_limited_fragile,6.004269184223485,False,False,False
tank_0502,0.5752352941176471,116,2,0.08047946978492664,0.3967877826712041,9,False,0.1111111111111111,65.84684947171328,67.88066843365516,False,493.804869007683,0.8453766293928877,non_responsive,5.212985506159558,False,False,False
tank_0505,0.6281764705882352,116,2,0.025301125658455246,0.7902339527791072,9,False,0.2222222222222222,64.50730396829087,63.91092252179539,True,278.41110476772303,0.697122928647033,threshold_limited_fragile,3.479221570222878,False,False,False
tank_0509,0.15552941176470583,116,0,0.010618378619694193,0.9103249731402778,9,False,0.3333333333333333,69.47903954226996,71.03267914315904,False,283.61662811015265,0.37112201132165235,threshold_limited_fragile,5.913650242796383,False,False,False
tank_0512,10.741823529411763,116,3,0.19389812860445968,0.04051216254176222,9,False,0.6666666666666666,66.96809034686362,66.94234501389548,True,280.8929714298,0.4414420473262315,rainfall_tracking,32.72602741483403,False,False,False
tank_0514,0.0,116,0,,,9,False,0.0,-inf,-inf,False,289.61049213025683,,non_responsive,3.306798409810804,False,False,False
tank_0515,0.17021568627450978,116,4,0.1501258766092731,0.11578909832844246,9,False,0.5555555555555556,62.33196092757652,63.230555839944905,False,414.21606927667744,0.21336941369558493,rainfall_tracking,3.3011873709179786,False,False,False
tank_0521,1.4649999999999999,116,1,0.296094708713708,0.001380830008021366,9,False,0.6666666666666666,66.33787383367437,66.63502619427173,False,399.77254812482704,0.5384739548948656,rainfall_tracking,7.658014982921431,False,False,False
tank_0524,0.09837254901960782,116,2,0.1493074848526183,0.11447966570246428,9,False,0.2222222222222222,64.34647009368854,62.391891583548,True,283.61662811015265,0.13165341753087367,threshold_limited_fragile,4.956163658949012,False,False,False
tank_0526,2.44,116,2,0.12757202241472437,0.17812844748031478,9,False,0.7777777777777778,58.31952707267003,60.075907448717,False,490.8642287798266,0.23611059595528125,rainfall_tracking,11.225196364093676,False,False,False
tank_0533,0.20500000000000002,116,0,0.10444694721991457,0.2666224742853647,9,False,0.4444444444444444,70.11167640454983,71.32714339224387,False,278.41110476772303,0.14364872016872918,threshold_limited_fragile,6.958399563252553,False,False,False
tank_0534,0.20833333333333334,116,3,0.148213556809497,0.11886033905656293,9,False,0.2222222222222222,70.36685440438971,72.47036573538286,False,487.84239338403387,0.37775190221294586,threshold_limited_fragile,6.786306861195735,False,False,False
tank_0536,0.6176078431372549,116,2,0.22152518307828112,0.01837177729022294,9,False,0.3333333333333333,72.11990566317164,72.57984017771037,False,361.43297085817903,0.35851266365471457,threshold_limited_fragile,5.3051476796653345,False,False,False
tank_0537,0.005,116,2,0.05603180895430243,0.5555479642680272,9,False,0.2222222222222222,70.0419603686301,72.12180487565074,False,493.804869007683,,threshold_limited_fragile,3.649056010763506,False,False,False
tank_0541,0.42866666666666664,116,2,-0.006262148444434868,0.9475147250960902,9,False,0.0,48.54122586427844,40.139050983614375,True,337.2300989124924,0.4092972203979288,non_responsive,8.519773746325024,False,False,False
tank_0547,0.11864705882352938,116,4,0.10867450688530123,0.25622354897508437,9,False,0.5555555555555556,68.74249475540977,71.12972860018536,False,487.84239338403387,0.335694945682011,rainfall_tracking,6.61125857839059,False,False,False
tank_0552,0.2908823529411764,116,3,-0.003654286063009174,0.9694966494880088,9,False,0.4444444444444444,64.98177426903226,66.27735818226964,False,472.1925449589238,0.28844911554509206,threshold_limited_fragile,3.1291797060117528,False,False,False
tank_0555,0.6844313725490196,116,1,0.15981432532485082,0.08941720954490655,9,False,0.4444444444444444,68.10748930039817,70.6201148837712,False,487.84239338403387,0.2338476174831284,threshold_limited_fragile,3.8273589262006986,False,False,False
tank_0556,0.1226078431372549,116,3,0.17352813753243215,0.0672866080137766,9,False,0.4444444444444444,71.11180692707778,70.23590191051102,True,361.43297085817903,0.8261898522881161,threshold_limited_fragile,5.218253697853569,False,False,False
tank_0557,0.1317647058823529,116,4,0.09054569415322729,0.3446066037807525,9,False,0.2222222222222222,61.702112135335035,59.75278203704719,True,284.9787952758372,0.08934188054952352,threshold_limited_fragile,7.307339026583506,False,False,False
tank_0560,0.7222156862745099,116,2,0.19464524148235623,0.03883748445877485,9,False,0.3333333333333333,72.44152452294017,72.47247015959819,False,278.41110476772303,0.16187836242808812,threshold_limited_fragile,7.480037353616048,False,False,False
tank_0561,0.3608431372549019,116,0,-0.04246896892441529,0.652236689199839,9,False,0.3333333333333333,70.90590163504739,69.48929457497624,True,267.790757169202,0.5764445986737905,threshold_limited_fragile,9.388760390435676,False,False,False
tank_0566,0.0,116,0,,,9,False,0.0,-inf,-inf,False,298.6723223741166,,non_responsive,3.5609811782921956,False,False,False
tank_0567,0.1,116,0,-0.015408889046153066,0.870166920268417,9,False,0.2222222222222222,63.55577062033589,60.90373526527956,True,278.8450391858816,0.4640625947605801,threshold_limited_fragile,4.258263171735129,False,False,False
tank_0568,1.531274509803922,116,3,0.04123999699966281,0.6659371930543401,9,False,0.2222222222222222,54.05789820848918,47.04692569477458,True,389.5734829043669,0.11825343762996027,threshold_limited_fragile,10.523972307401804,False,False,False
tank_0574,2.87,116,1,0.21983759286625232,0.018764194978626775,9,False,0.6666666666666666,68.59991041832023,70.49814502215656,False,289.61049213025683,0.4855123290922295,rainfall_tracking,8.700977899355122,False,False,False
tank_0579,28.063882352941178,116,1,0.156094279135417,0.09722750261282867,9,False,0.2222222222222222,67.63487518431444,69.72312103396413,False,487.84239338403387,0.28029608512255333,threshold_limited_fragile,101.53007901913878,True,False,False
tank_0583,9.589470588235294,116,1,0.24315884364804044,0.00913759511726114,9,False,0.6666666666666666,65.8674867408666,68.14586622300368,False,487.84239338403387,0.5415264651272104,rainfall_tracking,26.792291065365333,False,False,False
tank_0587,0.0398431372549019,116,3,0.08684562627989274,0.36255952817414727,9,False,0.2222222222222222,57.147362838676024,57.684915041904574,False,465.0416910443855,0.16904134123995843,threshold_limited_fragile,3.3052741048626713,False,False,False
tank_0589,0.12041176470588233,116,0,-0.04246029474269646,0.6523031007342772,9,False,0.3333333333333333,65.01653429246647,67.02888151552513,False,491.4826788768252,0.9716245031217327,threshold_limited_fragile,3.6530586606537523,False,False,False
tank_0590,4.300000000000001,116,1,0.20195993592269476,0.031174811457135895,9,False,0.3333333333333333,70.342850827485,72.06369140543835,False,490.8642287798266,0.9887058960413548,threshold_limited_fragile,17.054908128648954,False,False,False
tank_0592,0.21380392156862743,116,3,0.02659886238716891,0.7807151344730825,9,False,0.1111111111111111,65.70035351928804,67.70535800496552,False,491.4826788768252,0.04442596460697481,non_responsive,6.000567655317583,False,False,False
tank_0593,0.1338235294117647,116,4,-0.03140729814150277,0.743492869400883,9,False,0.2222222222222222,68.51244901251339,69.03199006277683,False,284.9787952758372,0.4267498189174976,threshold_limited_fragile,3.392654450868003,False,False,False
tank_0595,0.22452941176470587,116,1,-0.03743319575467311,0.6925395141994453,9,False,0.1111111111111111,63.6642677155829,64.56026182301511,False,403.0423356400206,0.11060992772840836,non_responsive,3.6510736213539814,False,False,False
tank_0600,0.7324901960784314,116,2,0.0509174835724219,0.5922420794633673,9,False,0.2222222222222222,63.97505835471093,65.36070447109472,False,278.41110476772303,0.5001165204662354,threshold_limited_fragile,4.174516485955819,False,False,False
tank_0604,0.4326666666666666,116,2,0.11521611736623143,0.2242906149734901,9,False,0.4444444444444444,71.40793161730866,71.72280623392314,False,278.41110476772303,0.1523674304172502,threshold_limited_fragile,7.827719089415848,False,False,False
tank_0606,1.2513333333333332,116,2,0.09496402077330052,0.31705863670588963,9,False,0.2222222222222222,57.64664678981025,59.30222100885352,False,487.84239338403387,0.31945766665931596,threshold_limited_fragile,10.003973045066225,False,False,False
tank_0607,0.4775294117647059,116,3,0.010893949852822719,0.9092372234022531,9,False,0.5555555555555556,68.5555211704649,69.56759895160853,False,385.0281353034079,0.12520866795957208,rainfall_tracking,3.82765358258566,False,False,False
tank_0608,28.995,116,3,0.11947437904010419,0.20958297916898203,9,False,0.5555555555555556,68.48114839584977,69.01736031675071,False,267.790757169202,0.4108890366717854,rainfall_tracking,60.76298470978552,False,False,False
tank_0610,0.14670588235294113,116,4,0.09263590293102221,0.33353755356051973,9,False,0.3333333333333333,70.02736927620485,71.81719553558197,False,278.8450391858816,0.5366961775743941,threshold_limited_fragile,3.215393558687776,False,False,False
tank_0611,0.2696666666666666,116,4,0.05111026838567269,0.5942185158309193,9,False,0.4444444444444444,68.49838531950279,68.26957731720555,True,450.3807123929262,0.2747757241783281,threshold_limited_fragile,3.908689269347603,False,False,False
tank_0612,0.4456078431372549,116,2,0.11047320372443525,0.24407627544341431,9,False,0.3333333333333333,67.4609056581142,67.09461059873367,True,278.41110476772303,0.33200627092241713,threshold_limited_fragile,21.223228225201886,False,False,False
tank_0613,0.15658823529411758,116,0,0.0998193187293959,0.28850697576088635,9,False,0.5555555555555556,69.97230844102118,71.4377953758051,False,275.3149525508285,0.5154808003028835,rainfall_tracking,7.823096184081757,False,False,False
tank_0619,0.5389803921568628,116,1,0.2315583694874324,0.01317848456699718,9,False,0.6666666666666666,68.82626398261199,71.15436696444301,False,490.8642287798266,0.4957172909434645,rainfall_tracking,6.612775395235673,False,False,False
tank_0626,0.25392156862745097,116,2,0.018093767569327537,0.8491395645310177,9,False,0.1111111111111111,61.96283906449003,54.41255492594283,True,267.790757169202,,non_responsive,3.5638869737181094,False,False,False
tank_0627,0.00233333333333325,116,4,0.1611542043081941,0.09108377531531857,9,False,0.0,-inf,-inf,False,267.790757169202,0.8240613215477414,non_responsive,3.04272399892057,False,False,False
tank_0628,0.14841176470588233,116,2,-0.0014544530814267834,0.9878014994638253,9,False,0.2222222222222222,67.47053272161835,69.39236527199319,False,470.40646495734836,0.18669349283698566,threshold_limited_fragile,7.99773591085193,False,False,False
tank_0632,0.43505882352941166,116,3,0.19919517259647596,0.035240530614231096,9,False,0.2222222222222222,68.1398233887738,70.2467316063459,False,302.5798999853433,0.3331198307842895,threshold_limited_fragile,3.045524086955857,False,False,False
tank_0633,0.04645098039215685,116,2,0.1864684532977862,0.04798197537072797,9,False,0.5555555555555556,70.93598591610875,73.3566877014067,False,503.80072066240245,0.5419561501759887,rainfall_tracking,5.474946836158489,False,False,False
tank_0639,0.1840588235294117,116,4,0.15110479360261242,0.11340537676285568,9,False,0.3333333333333333,65.25637726336277,67.21423683369662,False,518.3252722436613,0.18827723089062864,threshold_limited_fragile,4.517504099118268,False,False,False
tank_0640,0.013764705882352925,116,2,0.036631599156002295,0.700090002093147,9,False,0.3333333333333333,72.5656096116518,74.50474485095702,False,298.6391433387995,,threshold_limited_fragile,3.388627207781574,False,False,False
tank_0641,0.1334705882352941,116,0,0.15338764122952536,0.10170774140064229,9,False,0.4444444444444444,66.16014649721619,68.35105207548779,False,518.3252722436613,0.006362044013139733,threshold_limited_fragile,3.996353040467536,False,False,False
tank_0643,1.2956862745098041,116,2,-0.008979040902151385,0.9248000348754902,9,False,0.2222222222222222,60.514220300606645,59.378576258301585,True,289.01698848780654,0.5516646392731246,threshold_limited_fragile,3.305197906327821,False,False,False
tank_0646,0.13449019607843132,116,1,0.05034834773681474,0.5947353839183739,9,False,0.2222222222222222,60.03397416540595,58.04101836350773,True,373.9973104894161,0.6220658477834486,threshold_limited_fragile,4.694483868252196,False,False,False
tank_0663,0.7108823529411765,116,2,-0.02921240014396446,0.7587330561215458,9,False,0.3333333333333333,66.70091019072765,65.6203123124692,True,285.0315590083599,0.1689111099757239,threshold_limited_fragile,19.5587519690843,False,False,False
tank_0664,0.9008039215686274,116,1,0.2186251719832874,0.01944451500767105,9,False,0.6666666666666666,68.85846196528217,69.68184350387435,False,298.27755294293166,0.2751562356593567,rainfall_tracking,5.04572382135905,False,False,False
tank_0666,0.40966666666666673,116,2,0.022496753919510157,0.813033266430495,9,False,0.3333333333333333,70.57672529957618,71.83153708141221,False,285.0315590083599,0.5737147309263341,threshold_limited_fragile,13.039799989183043,False,False,False
tank_0667,0.6714705882352942,116,4,-0.05529040181354438,0.5643667815982399,9,False,0.3333333333333333,69.86374831883018,69.01164094130152,True,373.9973104894161,0.4265192080428295,threshold_limited_fragile,10.780132349211609,False,False,False
tank_0670,1.5120784313725488,116,1,0.22361140995757442,0.016776441691080217,9,False,0.3333333333333333,69.46079389893849,69.60891679966548,False,462.87466825544834,0.27281459853969536,threshold_limited_fragile,3.648213053072954,False,False,False
tank_0675,0.08411764705882352,116,2,-0.008301711051808736,0.930457939685417,9,False,0.4444444444444444,70.11940573694702,72.66609920308386,False,485.41735938757483,,threshold_limited_fragile,4.172646448157224,False,False,False
tank_0676,22.3,116,1,0.05689304764366113,0.5476772690737369,9,False,0.6666666666666666,66.87913767164687,67.87676226342538,False,302.5798999853433,0.41305019741984156,rainfall_tracking,62.906168633647894,False,False,False
tank_0678,0.40701960784313723,116,2,0.10721083808320511,0.258368194158029,9,False,0.2222222222222222,63.168579311476975,60.87457236141256,True,316.31927502402107,0.3408511578566776,threshold_limited_fragile,4.08231412397526,False,False,False
tank_0681,0.17076470588235287,116,4,0.03778128306220605,0.6938134822496735,9,False,0.4444444444444444,67.29797625600126,69.75605683057547,False,483.9945243774346,0.6779552920674727,threshold_limited_fragile,7.910804701944369,False,False,False
tank_0687,0.8300000000000001,116,0,0.19114669751163063,0.04072334027582939,9,False,0.4444444444444444,65.51508874109558,67.15073408817364,False,394.3222072571516,0.17471443906894563,threshold_limited_fragile,6.60533005151408,False,False,False
tank_0688,14.299999999999999,116,2,0.10739352710816956,0.25755304858780137,9,False,0.6666666666666666,70.60988152953001,71.35100377897645,False,291.20935682058337,0.541007275156135,rainfall_tracking,103.373491493599,True,False,False
tank_0697,0.3589019607843137,116,2,0.00577308806016429,0.9516085411567017,9,False,0.3333333333333333,69.2074654271085,70.77131228818492,False,298.6391433387995,0.22398956938519765,threshold_limited_fragile,11.992396244937932,False,False,False
tank_0720,0.5745098039215686,116,0,0.12518737863968063,0.1825087968386903,9,False,0.5555555555555556,61.17629761771008,63.8529810345406,False,478.73541646654337,0.3705093708513796,rainfall_tracking,20.88329833866092,False,False,False
tank_0722,0.2871960784313725,116,4,0.09916496042550368,0.30043744932414645,9,False,0.3333333333333333,65.98644053846667,67.67291039349384,False,298.6391433387995,0.13533302878351772,threshold_limited_fragile,13.033868400321458,False,False,False
tank_0724,0.799078431372549,116,2,0.16121859420980855,0.08802661944884141,9,False,0.1111111111111111,53.336082406092174,51.55060539846189,True,285.0315590083599,0.1702731901219636,non_responsive,16.951427658350738,False,False,False
tank_0725,1.2995490196078432,116,1,0.21036685282352768,0.024668676325039225,9,False,0.5555555555555556,67.04225048359852,68.75793693745163,False,401.00093074142933,0.342038957157348,rainfall_tracking,6.255885463888083,False,False,False
tank_0728,0.4468039215686274,116,1,0.006063215400447067,0.9489506701653851,9,False,0.1111111111111111,65.56139836431518,67.39719518892434,False,297.04945298135283,0.47980189192840705,non_responsive,20.25202793473127,False,False,False
tank_0730,0.14660784313725486,116,3,0.18178633498277658,0.05507568810965835,9,False,0.3333333333333333,70.56264684926848,72.34983463816023,False,498.77504263021984,0.33713473078323297,threshold_limited_fragile,4.779901143470504,False,False,False
tank_0731,33.595,116,3,0.07228008024396401,0.44883996887885497,9,False,0.6666666666666666,65.29981764848492,63.68977187251146,True,291.20935682058337,0.854651186027243,rainfall_tracking,111.90161662830808,True,False,False
tank_0732,0.07288235294117645,116,3,0.1906112528683048,0.0441034328328895,9,False,0.1111111111111111,65.89642526974015,67.75357349227905,False,302.5798999853433,0.31677852590601313,non_responsive,4.176333291795757,False,False,False
tank_0737,21.47,116,3,0.11252814790852195,0.2374906154853721,9,False,0.8888888888888888,57.35105032879617,58.73292030701449,False,302.47509033787435,0.38045749667082657,rainfall_tracking,47.08292960636443,False,False,False
tank_0739,0.18619607843137254,116,3,0.10211100915925769,0.2840249556137292,9,False,0.3333333333333333,56.880472826820345,57.7463182321889,False,488.0846905561921,0.8355931740567393,threshold_limited_fragile,9.470800460204014,False,False,False
tank_0740,2.927509803921569,116,2,0.06419770261926172,0.4993323943834869,9,False,0.3333333333333333,63.45495172845361,63.350664663342044,True,285.0315590083599,0.25301415915468317,threshold_limited_fragile,19.645753450696734,False,False,False
tank_0746,0.07829411764705878,116,1,0.025726103806367303,0.785854660585399,9,False,0.4444444444444444,70.38678572795543,72.27973210007394,False,298.27755294293166,0.5837115154043988,threshold_limited_fragile,3.566158150010057,False,False,False
tank_0748,0.33062745098039215,116,2,0.09774550781045123,0.30302646478664286,9,False,0.4444444444444444,69.09885386227793,69.64746971680282,False,298.6391433387995,0.5493061443340549,threshold_limited_fragile,11.73065581208184,False,False,False
tank_0749,0.9379019607843135,116,4,0.03128475803392389,0.7444591302655769,9,False,0.2222222222222222,64.7702031547232,65.39544474563601,False,297.04945298135283,0.24173089724166416,threshold_limited_fragile,17.38295467517845,False,False,False
tank_0752,0.43631372549019604,116,2,-0.022329375504517066,0.8143992006806375,9,False,0.3333333333333333,57.6643715132126,58.16366769656829,False,482.5716893672943,0.4206073903226836,threshold_limited_fragile,16.428264482342794,False,False,False
tank_0760,0.09262745098039216,116,2,0.03293817023530966,0.7290883403331786,9,False,0.4444444444444444,74.12519204135833,75.36228539796429,False,285.0315590083599,0.9311156458680999,threshold_limited_fragile,3.73806818371282,False,False,False
tank_0770,0.40450980392156866,116,2,0.10644349748738897,0.2618112697267643,9,False,0.1111111111111111,64.93373698379602,66.73678786491578,False,298.6391433387995,0.22747728272164414,non_responsive,11.815762372947681,False,False,False
tank_0772,0.1963529411764705,116,2,0.021351810707801983,0.8223878633883867,9,False,0.3333333333333333,69.99422111157982,69.77452993178892,True,298.6391433387995,0.30898425408429325,threshold_limited_fragile,3.8232801486529073,False,False,False
tank_0788,0.075,116,0,0.02828870813132715,0.7640942882911013,9,False,0.4444444444444444,73.85948243941277,74.86672628881743,False,316.31927502402107,,threshold_limited_fragile,3.3000255138224506,False,False,True
tank_0789,0.5531764705882354,116,2,0.11461714961605038,0.2267249225278852,9,False,0.4444444444444444,68.7512099108858,68.21633384048842,True,285.0315590083599,0.1431446061947974,threshold_limited_fragile,11.561034162224283,False,False,False
tank_0792,7.502705882352941,116,4,-0.00019879060065872026,0.9983478374408831,9,False,0.4444444444444444,66.32269196721293,67.06018228024058,False,298.6391433387995,0.11094392230072259,threshold_limited_fragile,35.969166120133124,False,False,False
tank_0797,3.0673529411764706,116,1,0.18658841813743013,0.04683861805027588,9,False,0.7777777777777778,66.38800867676223,67.22416604995408,False,298.27755294293166,0.7643903888975069,rainfall_tracking,22.17971554066188,False,False,False
tank_0800,12.632078431372552,116,1,0.15510055224023972,0.09940238848412485,9,False,0.5555555555555556,68.35063824347614,70.17220215069909,False,311.23464873060584,0.31537835625624855,rainfall_tracking,114.68572727179247,True,False,False
tank_0802,1.4194705882352943,116,0,0.052108701159781716,0.5802120629337753,9,False,0.4444444444444444,68.22839396690301,69.98945550511199,False,422.71929560253443,0.48145830778729515,threshold_limited_fragile,29.12896820034621,False,False,False
tank_0803,0.2709019607843137,116,4,0.1766384463514978,0.06366111705722553,9,False,0.5555555555555556,63.61384378355755,64.26474468491679,False,524.5603026747704,0.5241321905731503,rainfall_tracking,4.343866935097245,False,False,False
tank_0808,0.6559999999999999,116,4,0.18060247360296847,0.05784709723353503,9,False,1.0,53.1632154850401,55.187916123641585,False,524.5603026747704,0.24607137328561718,rainfall_tracking,30.667788507703452,False,False,False
tank_0810,1.156764705882353,116,1,0.22661548772018242,0.01532708692823795,9,False,0.4444444444444444,70.70381073618448,71.93815527308058,False,319.3828785121441,0.08553494460044946,threshold_limited_fragile,3.824352638402448,False,False,False
tank_0811,0.6201764705882352,116,0,-0.017139249744340654,0.8557369723344684,9,False,0.5555555555555556,60.38721833253379,61.23161847778871,False,526.0717286169529,0.03708539755142333,rainfall_tracking,4.346185775461328,False,False,False
tank_0812,3.2058235294117647,116,2,0.14947926474768924,0.11405859318626267,9,False,0.4444444444444444,71.98946070755878,73.86680843136133,False,325.5571028649807,0.038521820857866984,threshold_limited_fragile,10.689967542581163,False,False,False
tank_0813,0.3847450980392157,116,2,0.15298105252657837,0.10573444465454179,9,False,0.5555555555555556,66.56725421488434,67.42684928394192,False,472.3155539454892,0.8509524450537598,rainfall_tracking,8.164891842961792,False,True,False
tank_0816,0.20784313725490194,116,4,0.034239339523491064,0.7212752707293784,9,False,0.8888888888888888,62.31231665293565,63.417176334443894,False,319.42955790758134,0.4772891908352402,rainfall_tracking,8.07977563584921,False,False,False
tank_0819,0.8029019607843139,116,3,0.13082467018244281,0.16916154290612662,9,False,0.5555555555555556,66.55718181641852,67.5751898803736,False,464.56516260900537,0.876092175046853,rainfall_tracking,7.133469190976277,False,False,False
tank_0823,0.0,116,0,,,9,False,0.0,-inf,-inf,False,342.5658975208178,,non_responsive,6.167428186790774,False,False,False
tank_0824,26.79937254901961,116,1,0.17039917169758398,0.06989427205596402,9,False,0.6666666666666666,63.80148801082163,66.0192258795459,False,497.07233249020067,0.5700286167455114,rainfall_tracking,50.80647732033233,False,False,False
tank_0825,0.7429019607843137,116,4,0.09337346200313147,0.3296863004218199,9,False,0.2222222222222222,69.5869325456547,71.99223830790638,False,539.1833497691521,0.3682171987802656,threshold_limited_fragile,4.607132141535225,False,False,False
tank_0828,1.2031176470588236,116,3,0.19447259711005704,0.03991031002317644,9,False,0.1111111111111111,63.189664512643255,64.18906611682546,False,464.8692315973688,0.7215828041081653,non_responsive,11.046327254571338,False,False,False
tank_0829,2.7583137254901957,116,1,0.20728889342176782,0.026901576769453598,9,False,0.7777777777777778,55.209495342095025,56.60430611974076,False,319.3828785121441,0.24462283159144727,rainfall_tracking,8.343691188461667,False,False,False
tank_0830,6.2350980392156865,116,4,0.24002439354140911,0.011168068352521881,9,False,0.2222222222222222,70.3042428794332,71.42785263230928,False,406.15179286524653,0.8881704915173685,threshold_limited_fragile,39.15844807098326,False,False,False
tank_0831,1.4670588235294115,116,4,0.1141590202967243,0.23285779296832726,9,False,0.3333333333333333,68.4482956327395,68.1908606903959,True,319.3828785121441,0.060836337605405424,threshold_limited_fragile,6.1714782569888404,False,False,False
tank_0844,0.00917647058823525,116,0,0.1545913360857575,0.09901870148922247,9,False,0.1111111111111111,60.594389283361394,64.86458345064153,False,499.45873513729896,,non_responsive,3.3937579564384746,False,False,False
tank_0852,6.628941176470589,116,1,0.16187085483199445,0.08531844498377637,9,False,0.3333333333333333,67.44535076643871,69.17310834758146,False,423.14031875133514,0.19429285273724256,threshold_limited_fragile,64.42753785417764,False,False,False
tank_0855,5.026960784313726,116,0,0.29144495844792584,0.0015768504504951595,9,False,0.5555555555555556,62.06585157769171,62.9116608570857,False,325.5571028649807,0.3208189664755984,rainfall_tracking,15.120159308115586,False,False,False
tank_0856,36.36,116,2,0.17092061837151526,0.07028749903956372,9,False,1.0,48.8222299838602,50.986096136357354,False,567.4030468457204,0.5155672518319221,rainfall_tracking,64.52299585313965,False,False,False
tank_0860,2.4125882352941175,116,1,0.07044494976908057,0.4564028697243005,9,False,0.3333333333333333,67.97446853730534,70.18557093824722,False,499.45873513729896,0.24294626172596162,threshold_limited_fragile,17.14083463658877,False,False,False
tank_0861,1.4303333333333337,116,1,0.15605517068958777,0.09731238053888222,9,False,0.3333333333333333,70.55131130323885,72.215783244083,False,418.05728649161756,0.872617617099192,threshold_limited_fragile,16.530171314931728,False,False,False
tank_0872,1.167921568627451,116,1,0.22771477956955224,0.014824583123173102,9,False,0.4444444444444444,71.69144071456404,73.10611973220215,False,319.3828785121441,0.3056293648878071,threshold_limited_fragile,3.3898818532231276,False,False,False
tank_0875,13.536823529411762,116,1,0.17205485709396304,0.06717916525574008,9,False,0.7777777777777778,59.44382305791042,57.95853462699158,True,304.0898225784302,0.36717442406996303,rainfall_tracking,76.8676770697201,False,False,False
tank_0879,1.3377058823529413,116,3,0.12751375525817754,0.18030515968886698,9,False,0.3333333333333333,64.10380886689876,66.49824057868186,False,511.13460634350776,0.6988775876183188,threshold_limited_fragile,25.6544322889545,False,False,False
tank_0885,0.07143137254901957,116,0,0.11954286533661987,0.20318894552118333,9,False,0.2222222222222222,63.85405476125857,65.86228941882064,False,497.07233249020067,1.6737810829147806,threshold_limited_fragile,3.2190593706677064,False,False,False
tank_0891,1.63,116,4,0.1696899553396497,0.07499532128268158,9,False,0.4444444444444444,69.46999878781078,70.74466532670003,False,304.0898225784302,0.40244422323878504,threshold_limited_fragile,21.2179653082763,False,False,False
tank_0894,51.91,116,3,0.20986186395878395,0.026361370107408418,9,False,0.8888888888888888,56.19702798378685,58.10412052528758,False,407.44072573315356,0.5980265980659867,rainfall_tracking,86.77174557846932,False,False,False
tank_0898,20.465,116,3,0.07331962465812455,0.44232563284315946,9,False,1.0,52.560824654653004,55.10085613504885,False,555.2701280075241,0.28723297892290955,rainfall_tracking,52.474228286759846,False,False,True
tank_0900,3.9522352941176475,116,1,0.15257785608285862,0.10509571520933338,9,False,0.5555555555555556,66.45836631915691,68.55168884184721,False,311.23464873060584,0.3056177175302959,rainfall_tracking,25.23225520504532,False,False,False
tank_0901,6.225411764705882,116,1,0.21439233595686155,0.021988934430663604,9,False,0.6666666666666666,61.2684441346737,63.35311247164155,False,495.6660830653083,0.42603892461344006,rainfall_tracking,38.70008416296675,False,False,False
tank_0902,8.13,116,0,0.04672995293807767,0.6199511699718678,9,False,0.5555555555555556,64.35490186060463,66.5910756420249,False,555.2701280075241,0.5460652958760165,rainfall_tracking,24.758202806823657,False,False,False
tank_0914,2.8958627450980394,116,0,0.2725834334008818,0.003206434260625816,9,False,0.6666666666666666,64.98802340602643,66.89011051698793,False,491.56447878623146,0.36200038984189997,rainfall_tracking,13.046042157876693,False,False,False
tank_0917,23.72,116,2,0.14543951171030134,0.12428397140015637,9,False,0.7777777777777778,62.51791501246582,64.57762296928227,False,443.300634407904,0.4592228695528615,rainfall_tracking,47.962133444022186,False,False,True
tank_0919,4.0649999999999995,116,0,0.1452339004443456,0.12146128134475938,9,False,0.3333333333333333,71.3752616468968,73.4857300812883,False,390.6519020169973,0.3314077116919926,threshold_limited_fragile,40.2459133308349,False,False,False
tank_0920,9.71976470588235,116,1,0.1720908200960366,0.067121154850435,9,False,0.3333333333333333,64.87890070864117,67.34779693598071,False,541.4683370583691,0.6444374994821366,threshold_limited_fragile,66.52393609047814,False,False,False
tank_0922,7.8950000000000005,116,2,0.051723425251991285,0.5863873801341168,9,False,0.3333333333333333,66.91361941839182,68.71409305723863,False,343.3061156626791,0.4898059266647722,threshold_limited_fragile,21.710276193635686,False,False,False
tank_0923,3.294235294117647,116,1,0.19283071325016857,0.039829563600245206,9,False,0.3333333333333333,64.91252064169436,67.80351975320738,False,513.6763338921301,0.2824040096893743,threshold_limited_fragile,42.807853040500326,False,False,False
tank_0924,1.6133921568627452,116,4,0.08404717232065606,0.38047511884607965,9,False,0.3333333333333333,70.18871814001449,70.33612513352742,False,316.3926148325205,0.3513960739595633,threshold_limited_fragile,10.348933280218683,False,False,False
tank_0926,4.180666666666667,116,3,-0.02298385075731254,0.8099107044227742,9,False,0.3333333333333333,69.58503564107224,68.94892448838559,True,316.3926148325205,0.30592560797533763,threshold_limited_fragile,22.001624986279257,False,False,False
tank_0927,1.036470588235294,116,4,0.050887241046933006,0.5958310387629742,9,False,0.2222222222222222,63.71388086550405,61.47429410833842,True,318.60914378724993,0.33560883254820495,threshold_limited_fragile,32.53553999656141,False,False,False
tank_0928,1.82,116,1,0.21942944996069852,0.018990884359089515,9,False,0.3333333333333333,67.04955775782432,67.37126167444595,False,315.5418607133441,1.0114396566181996,threshold_limited_fragile,8.788188008558777,False,False,False
tank_0930,5.87,116,1,0.14457726761016113,0.1248511640736252,9,False,0.7777777777777778,62.55200130672595,63.94195421649773,False,319.7947622346692,0.3795525741758713,rainfall_tracking,28.067068536957,False,False,False
tank_0931,9.489176470588236,116,3,0.10439882485243672,0.27331728062551136,9,False,0.3333333333333333,69.1710263333019,71.58684574125911,False,318.60914378724993,0.6509158430021545,threshold_limited_fragile,30.271084312111824,False,False,False
tank_0933,0.3227254901960783,116,0,0.08097899835740997,0.38960693804290564,9,False,0.1111111111111111,65.64169698108645,67.86028397682423,False,316.3926148325205,0.19215601084983636,non_responsive,3.826377486228403,False,False,False
tank_0934,1.5465098039215688,116,0,-0.03277148601849227,0.7280735582494806,9,False,0.3333333333333333,71.55977507096617,72.80174463240482,False,316.3926148325205,0.5493061443340549,threshold_limited_fragile,15.305892506266286,False,False,False
tank_0937,0.36578431372549025,116,0,0.06817209399348476,0.4691144331719413,9,False,0.2222222222222222,70.33543562249035,68.83739876829253,True,316.3926148325205,0.20890898626488646,threshold_limited_fragile,8.52248233313193,False,False,False
tank_0938,0.40754901960784307,116,0,-0.051861985647548806,0.5820088141786148,9,False,0.3333333333333333,70.56492274465316,70.29890312547175,True,316.3926148325205,0.29205607685832174,threshold_limited_fragile,4.956894187021744,False,False,False
tank_0939,0.0928823529411764,116,2,0.021353700979265363,0.8223723982621363,9,False,0.4444444444444444,72.7125531732636,74.02028474410824,False,332.9797148883343,0.30030011947984736,threshold_limited_fragile,5.649323403219487,False,False,False
tank_0944,4.62992156862745,116,0,0.1769105167186369,0.058574188643152114,9,False,0.5555555555555556,63.134958177369825,63.106997356988856,True,447.8408180177212,0.3091418050035427,rainfall_tracking,11.907243070015985,False,False,False
tank_0946,3.3149411764705876,116,0,0.03675706720369405,0.696535528076964,9,False,0.1111111111111111,66.84830994810793,68.54206823683319,False,316.3926148325205,0.08261048112585576,non_responsive,17.131573460407004,False,False,False
tank_0952,1.8967254901960784,116,1,0.2183131171626082,0.01962301904547342,9,False,0.6666666666666666,64.96708140847598,66.04664604401611,False,315.5418607133441,0.4334777478529846,rainfall_tracking,11.831634545689873,False,False,False
tank_0958,0.08,116,0,0.03710217632556118,0.6938279549239824,9,False,0.2222222222222222,60.96334551479683,52.788273711562354,True,343.3061156626791,,threshold_limited_fragile,4.515589557520298,False,False,False
tank_0962,65.06,116,3,0.16185652778945053,0.08819936006816233,9,False,0.8888888888888888,61.6980727591291,64.05491705425129,False,609.2859881085984,0.5747814462831347,rainfall_tracking,114.02479644810437,True,False,False
tank_0967,0.375,116,4,0.10127331311102998,0.29022677974330824,9,False,0.7777777777777778,59.898627681454116,58.111261487185004,True,318.60914378724993,0.2397838109914971,rainfall_tracking,20.3548143031992,False,False,False
tank_0975,0.36998039215686274,116,3,0.08031652098962298,0.3998911274993429,9,False,0.1111111111111111,64.2843788940172,67.09305164698009,False,541.4683370583691,,non_responsive,5.130295373892436,False,False,False
tank_0978,2.3647843137254903,116,2,-0.04990491059524865,0.5996350986488453,9,False,0.7777777777777778,67.51656744190227,68.36048961564697,False,517.1817580461502,0.47936155622172494,rainfall_tracking,12.331260273451576,False,False,False
tank_0990,0.0,116,0,,,9,False,0.0,-inf,-inf,False,322.120049983263,,non_responsive,3.0434195652045317,False,True,False
tank_0991,28.666901960784315,116,4,0.11269990790714972,0.2389232525345395,9,False,0.6666666666666666,69.71749145196658,71.55405940573635,False,524.6580169916153,0.7351276621179268,rainfall_tracking,63.12256030047461,False,False,False
tank_0998,0.09166666666666662,116,4,0.0973597508563269,0.3093654037778209,9,False,0.3333333333333333,71.28332320464803,72.81385312703273,False,536.4148657262325,,threshold_limited_fragile,7.555069547736128,False,False,False
tank_0999,0.3041764705882353,116,3,0.1524824510816295,0.10848946812222109,9,False,0.1111111111111111,65.90435118399056,67.88314539260169,False,583.8223110437393,1.120687180974575,non_responsive,7.208187101804119,False,False,False
tank_1003,48.45745098039216,116,3,0.19672116421652341,0.037626035324874935,9,False,0.7777777777777778,59.661989334153745,57.84093488069162,True,331.9360059291124,0.40421612461968054,rainfall_tracking,75.98154794818475,False,False,False
tank_1004,0.7045882352941176,116,1,-0.02715250982182331,0.7742904518837267,9,False,0.2222222222222222,63.31327670541353,65.13250697739016,False,557.0622555444199,0.15137246999291581,threshold_limited_fragile,4.431390719594988,False,False,False
tank_1014,17.870196078431373,116,1,0.21827476506246907,0.019645054640332733,9,False,0.5555555555555556,65.22667426360115,62.299025027315864,True,382.99227962195874,0.6237027447464205,rainfall_tracking,80.64963481067817,False,False,False
tank_1026,9.902862745098037,116,1,0.2878412093830266,0.0019000076081016797,9,False,0.7777777777777778,47.871528462300496,17.815150983347607,True,469.91584991924464,0.16176126387405132,rainfall_tracking,18.77207814692649,False,False,False
tank_1031,1.4649999999999999,116,0,0.1163851501819777,0.2154671967922245,9,False,0.6666666666666666,71.35452776172374,72.19541354391609,False,332.85675886273384,0.6912775927976176,rainfall_tracking,14.423062567414096,False,False,False
tank_1032,0.5809411764705883,116,2,0.2625043872814366,0.004971578841557111,9,False,0.4444444444444444,62.45342506662521,63.6975747446047,False,550.1136516034603,0.41969895849491246,threshold_limited_fragile,5.389512563471367,False,False,False
tank_1034,0.4441960784313725,116,1,0.2321887521330456,0.012924314226464395,9,False,0.3333333333333333,69.25187395259015,70.6291027446219,False,344.7023475948721,0.8734327717707662,threshold_limited_fragile,5.561894542758159,False,False,False
tank_1042,1.7106274509803923,116,0,0.10723987925213772,0.25397414912189403,9,False,0.8888888888888888,56.171917887153114,58.31018248071914,False,604.1102457137865,0.2386626766105726,rainfall_tracking,8.338866002802765,False,False,False
tank_1045,1.33,116,1,0.2694179202719558,0.003747199799997848,9,False,0.7777777777777778,61.36760602198059,55.06990152359216,True,447.39658358949237,0.6473814482648903,rainfall_tracking,4.9579280614642265,False,False,False
tank_1049,4.962803921568628,116,1,0.2758157247713507,0.0029751672608506565,9,False,0.7777777777777778,59.32543753994571,57.466384965586236,True,453.34319245815277,0.24813892387271644,rainfall_tracking,10.952638940496001,False,False,False
tank_1055,1.1084117647058822,116,1,0.1310228217822343,0.16467417751925362,9,False,0.4444444444444444,68.09213942379456,68.38663570082919,False,455.88015925884247,0.5267898406193386,threshold_limited_fragile,13.563672852692761,False,False,False
tank_1061,1.3918823529411768,116,1,0.3108334555282826,0.000762663353099129,9,False,0.6666666666666666,63.804213718273786,65.66013293683186,False,542.5827240943909,0.5690381395754733,rainfall_tracking,3.6514519972574866,False,False,False
tank_1062,0.20703921568627448,116,0,0.05285848307140785,0.5747674413103727,9,False,0.2222222222222222,56.490557832687045,55.60180886556942,True,541.2921772956848,0.11443655342789757,threshold_limited_fragile,3.473809704630661,False,False,True
tank_1064,0.16666666666666663,116,0,0.1807200987555393,0.05326313051418042,9,False,0.4444444444444444,66.67626075340362,67.50423969389888,False,486.04661980271584,1.2526409924833792,threshold_limited_fragile,3.302257636045008,False,False,False
tank_1065,0.3342156862745097,116,4,0.19523283250618753,0.04003134457899861,9,False,0.5555555555555556,66.28121824761959,67.5818592693571,False,330.17215650081636,0.3253226628916464,rainfall_tracking,3.9123435239485596,False,True,False
tank_1066,3.327803921568628,116,4,0.15280542496649457,0.10935508629872025,9,False,0.2222222222222222,62.35959422272221,64.48464127815149,False,332.85675886273384,0.4234368544613552,threshold_limited_fragile,8.252947787601128,False,False,False
tank_1070,5.02,116,1,0.13043453662951568,0.16659472446935103,9,False,0.4444444444444444,71.49886809908794,71.60005234592748,False,440.7285089045763,0.44899127039450726,threshold_limited_fragile,16.355754534754364,False,False,False
tank_1073,3.425,116,1,0.19030671593211357,0.04254995114228389,9,False,0.7777777777777778,62.322055950956845,55.823482551013825,True,440.7285089045763,0.34052431726492405,rainfall_tracking,8.263966802720557,False,False,False
tank_1083,8.85,116,3,0.002429426869120885,0.9797181727906713,9,False,0.7777777777777778,66.57860691048549,68.63623562972977,False,493.04131458537177,0.21718390160717863,rainfall_tracking,23.194932813345755,False,False,False
tank_1086,1.5645686274509805,116,4,0.0959323188698791,0.31654614888455435,9,False,0.3333333333333333,68.02999011661169,68.09925642959453,False,332.85675886273384,0.2663376395080553,threshold_limited_fragile,30.324504589159968,False,False,False
tank_1088,1.7427450980392156,116,1,0.24822968463120673,0.007745332532688674,9,False,0.4444444444444444,65.52660468174616,65.73459242906817,False,344.7023475948721,0.3056627094483423,threshold_limited_fragile,7.820997393289549,False,False,False
tank_1089,1.301313725490196,116,1,0.214337880592123,0.022023446640597636,9,False,1.0,45.64272646028807,47.59911416129255,False,463.22798744030297,0.19130644169926994,rainfall_tracking,3.3894300958816124,False,False,False
tank_1090,7.5686470588235295,116,1,0.19460991494321406,0.03800069493649316,9,False,0.3333333333333333,70.75437876706263,71.16679928135326,False,499.56361598462627,0.5106373037727835,threshold_limited_fragile,16.504294915209496,False,False,False
tank_1091,0.6123529411764705,116,4,0.03479564401068269,0.7169374704455737,9,False,0.1111111111111111,64.10915520884983,65.95010535150774,False,463.0871969759464,0.05268025782891317,non_responsive,10.078996632843493,False,False,False
tank_1094,61.67,116,1,0.11314042602472527,0.23070338827011658,9,False,0.6666666666666666,64.0689049005893,63.198850349561354,True,501.5847540038958,0.4880171745215708,rainfall_tracking,116.34078200558173,True,False,False
tank_1095,0.8914509803921569,116,3,0.13610839376893974,0.15244605776920206,9,False,0.5555555555555556,63.179349249484375,65.10973386775035,False,342.8221369403051,0.20192912540330826,rainfall_tracking,4.862672994544575,False,False,False
tank_1104,0.26125490196078427,116,2,0.13453536092002769,0.15540488182209508,9,False,0.7777777777777778,66.22657638011248,68.08564630203468,False,344.7023475948721,0.492522393244957,rainfall_tracking,4.43183354049548,False,False,False
tank_1113,1.88,116,0,0.1525975375586543,0.10350378308483857,9,False,1.0,48.89425423041048,50.68795136098086,False,340.07601966261865,0.07209992334293766,resilient,5.478209063840986,False,False,True
tank_1116,0.9596862745098038,116,2,0.08466319848491423,0.37261932773036477,9,False,0.2222222222222222,65.5342100887996,65.90202265500079,False,339.8095483839512,0.13719244453556662,threshold_limited_fragile,3.9994382455849546,False,False,False
tank_1117,0.0,116,0,,,9,False,0.0,-inf,-inf,False,350.8223611455411,,non_responsive,4.168915524735861,False,False,False
tank_1120,16.824196078431374,116,1,0.06888173675250076,0.4664813272517584,9,False,0.8888888888888888,56.65867121612217,58.26772624115108,False,339.61355714797975,0.2613847285615938,rainfall_tracking,41.8088582094025,False,False,False
tank_1121,18.514274509803922,116,2,0.07913049339695619,0.40477508796346245,9,False,0.6666666666666666,65.52453606439764,64.9636705202331,True,490.67311498560014,0.648524620494666,rainfall_tracking,56.02048325572894,False,False,False
tank_1124,1.252392156862745,116,0,0.22240431273207573,0.01689580051584287,9,False,0.6666666666666666,57.766077557643754,56.91908090702043,True,549.999807137251,0.22312497459489006,rainfall_tracking,5.036597035250122,False,False,False
tank_1128,2.717941176470588,116,1,0.20938006202798723,0.025366628797831713,9,False,0.3333333333333333,68.0747805430918,68.66537428124226,False,581.309427987039,0.29262065511883384,threshold_limited_fragile,6.338457478326603,False,False,False
tank_1134,0.1177843137254901,116,3,0.06228246321580985,0.5141593212662923,9,False,0.6666666666666666,60.208183157685305,62.45080221402168,False,578.0041949146209,0.9736908450362467,rainfall_tracking,5.479763875425724,False,False,False
tank_1135,3.3093333333333326,116,1,0.21662969371816856,0.020610532678277903,9,False,0.3333333333333333,62.58966334153486,62.7737585350832,False,382.63994458336384,0.2589966301701404,threshold_limited_fragile,8.422151980985152,False,False,False
tank_1146,1.1126078431372548,116,0,0.06308100443553302,0.5030197681524312,9,False,0.7777777777777778,64.1868841890118,65.29857897607725,False,382.63994458336384,0.20794415416798362,rainfall_tracking,7.640048831046609,False,False,False
tank_1149,1.0762549019607843,116,0,-0.045590467567170036,0.6285178364698752,9,False,0.4444444444444444,69.26118443772589,70.65783855407304,False,464.96433401852846,0.23156785113073614,threshold_limited_fragile,9.652996684597548,False,False,False
tank_1156,0.04513725490196072,116,3,0.09643501035188778,0.31178545123615803,9,False,0.4444444444444444,71.16398959004006,72.18224259951512,False,444.495220631361,-0.006940948276188097,threshold_limited_fragile,3.2168731822533077,False,False,True
tank_1157,1.0418235294117646,116,2,0.17487850701650198,0.06393711882476608,9,False,1.0,47.1013545221147,43.91677527001299,True,464.96433401852846,0.10291058198654146,resilient,3.1310146098854323,False,True,False
tank_1159,15.208254901960782,116,1,0.12322929739027648,0.19148003342730152,9,False,0.6666666666666666,63.82120523649276,63.63224328762012,True,339.61355714797975,0.6364669165883335,rainfall_tracking,36.502078893896154,False,False,False
tank_1160,27.814999999999998,116,3,0.1607803376290924,0.0903628615681237,9,False,0.7777777777777778,65.722442695307,67.02264345111925,False,468.19281631708145,0.23781669611389933,rainfall_tracking,55.0681447353008,False,False,False
tank_1166,0.08066666666666665,116,3,0.1352101479069051,0.15519667239114504,9,False,0.6666666666666666,67.14562802981072,67.46342547095476,False,350.5793868422508,0.736195576344132,rainfall_tracking,3.735970296570559,False,True,False
tank_1170,1.2313725490196077,116,2,0.09083280032361443,0.33866324164186196,9,False,1.0,42.00084918862219,44.03353283817557,False,611.0493812799454,0.11805202796986891,resilient,4.170327578385795,False,True,False
tank_1175,0.0,116,0,,,9,False,0.0,-inf,-inf,False,339.61355714797975,,non_responsive,4.693402856463498,False,False,False
tank_1177,0.3605490196078431,116,2,0.11013436978389064,0.24553463493544112,9,False,0.5555555555555556,64.60503497397204,66.75368579149135,False,602.1592085572426,0.4147036688615934,rainfall_tracking,10.253333791312576,False,False,False
tank_1179,0.5339019607843137,116,3,-0.029863195761101934,0.7546099718142063,9,False,0.5555555555555556,68.83417555840913,69.99465752710123,False,349.8600579917431,0.3596072400271515,rainfall_tracking,8.08032921238319,False,False,False
tank_1181,7.225117647058825,116,4,0.1649394594463775,0.0836404347963558,9,False,1.0,40.82600376656376,42.852914843386515,False,581.4779598478083,0.4260485969040613,rainfall_tracking,23.034895317655117,False,False,False
tank_1186,6.234999999999999,116,1,0.21848967880245834,0.019521848227774252,9,False,0.3333333333333333,66.40474386938013,67.62810050874069,False,382.63994458336384,0.5103253735991989,threshold_limited_fragile,31.86193224723649,False,False,False
tank_1187,1.7547058823529413,116,3,0.18566834865902462,0.050000139652155225,9,False,0.7777777777777778,59.70795985552067,62.12190053447315,False,567.080263997311,0.28053392778715847,rainfall_tracking,9.652189129485839,False,False,False
tank_1190,0.5362352941176471,116,4,0.20136166909041028,0.03407191875649702,9,False,0.4444444444444444,62.72448025867338,64.79454390867726,False,602.1592085572426,0.10527048795258093,threshold_limited_fragile,5.126629312799291,False,False,False
tank_1192,1.0952941176470588,116,0,0.19085089264370197,0.041041599925542016,9,False,0.6666666666666666,67.6845307353222,69.72042934341872,False,611.0493812799454,0.13685043282242115,rainfall_tracking,4.5174308326394295,False,False,False
tank_1196,0.14960784313725492,116,4,0.10535833302435506,0.27110575665216285,9,False,0.4444444444444444,68.11520771120297,69.88535019337154,False,339.61355714797975,0.7199563787695309,threshold_limited_fragile,3.99769415971614,False,False,False
tank_1197,68.5452156862745,116,1,0.10217277563524488,0.2793778583010127,9,False,0.8888888888888888,54.43717037254033,56.37202889651176,False,465.87777426838875,0.2236319690675132,rainfall_tracking,99.45256025513866,False,False,False
tank_1201,4.416941176470589,116,1,0.1511376318895723,0.10845875063979421,9,False,0.4444444444444444,63.54127181070658,65.97467846668587,False,651.1281492233276,0.3731310223944355,threshold_limited_fragile,12.414051226191436,False,False,False
tank_1203,0.9157450980392157,116,4,0.08908271763269417,0.3524899150158337,9,False,0.4444444444444444,68.65359889215985,69.6001492623743,False,339.61355714797975,0.26933349099121967,threshold_limited_fragile,3.736954693351374,False,False,False
tank_1205,11.377294117647057,116,4,0.20059671141285962,0.034772252115815236,9,False,0.3333333333333333,63.814901392030514,64.97147864784819,False,534.3113455176353,0.527368683633009,threshold_limited_fragile,29.95430202507151,False,False,False
tank_1209,44.72492156862745,116,1,0.0790684342441617,0.40302760606252774,9,False,0.8888888888888888,56.467013729593795,58.67412612075361,False,602.1592085572426,0.2989155037532957,rainfall_tracking,83.15981140314996,False,False,False
tank_1217,0.12419607843137248,116,0,0.09850695170593729,0.29492475789463973,9,False,0.2222222222222222,68.69104135108756,70.6904903381828,False,496.55249647572634,,threshold_limited_fragile,5.647807677220713,False,False,False
tank_1223,0.33305882352941174,116,1,0.09157070572151962,0.3325600039304489,9,False,0.2222222222222222,67.1206199798832,69.26626789228985,False,636.9600607034284,0.2551648669835457,threshold_limited_fragile,4.862965219287376,False,False,False
tank_1226,7.26749019607843,116,1,0.3165703595489519,0.000600269376678491,9,False,0.3333333333333333,70.464360186691,71.37606456209637,False,346.4241111850937,0.23860755098959757,threshold_limited_fragile,13.48331354004934,False,False,False
tank_1228,19.319823529411767,116,1,0.056246806704094196,0.5522419608637545,9,False,0.2222222222222222,66.18905747953653,67.6423723503851,False,548.0541274693148,0.4190638678708916,threshold_limited_fragile,69.6510140720016,False,False,False
tank_1230,0.04031372549019605,116,0,0.07402450684545875,0.43173162394829767,9,False,0.1111111111111111,64.91151573807764,67.05769316718057,False,603.0755251053226,0.3019010401120501,non_responsive,7.2986142343889835,False,False,False
tank_1237,1.3486862745098038,116,2,0.16216190703733552,0.08615915435713953,9,False,0.4444444444444444,71.10821381070568,72.38624011375772,False,353.15017905589195,0.7232042566739226,threshold_limited_fragile,4.863263464911376,False,False,True
tank_1239,33.31458823529412,116,2,0.10247076432958299,0.2801360709827175,9,False,0.7777777777777778,66.28628063183703,67.24978594297048,False,329.940726685524,0.16499535484292116,rainfall_tracking,96.95369183249495,False,False,False
tank_1245,5.538117647058825,116,0,0.10097804511320409,0.28291831578032967,9,False,0.2222222222222222,70.2597697453258,68.11870584032413,True,329.940726685524,0.3251584262749466,threshold_limited_fragile,18.263520138238132,False,False,False
tank_1246,6.65,116,1,0.10506987966268194,0.26589802112157435,9,False,0.3333333333333333,66.87324556522287,68.19576110372847,False,349.6118556916714,0.30064357945790043,threshold_limited_fragile,36.04603062513093,False,False,True
tank_1250,0.5339803921568627,116,0,0.09600194054499377,0.3074349481739905,9,False,0.2222222222222222,67.93887961070746,66.91569220421673,True,346.4241111850937,0.23539412535307755,threshold_limited_fragile,3.3924514386314235,False,False,False
tank_1254,54.42,116,3,0.2532737854138602,0.0070513688597377356,9,False,0.6666666666666666,68.15100680198954,69.48080134587232,False,454.03835587511435,0.2737051680115083,rainfall_tracking,86.54236005748011,False,False,False
tank_1255,1.1578039215686273,116,2,-0.006005417882861624,0.9496635960731954,9,False,0.3333333333333333,66.21643619696103,67.08879732462279,False,351.9045976996422,0.17211001200716275,threshold_limited_fragile,23.111735416503233,False,False,False
tank_1258,7.500117647058824,116,1,0.3022761468905301,0.0010805291001872665,9,False,0.3333333333333333,67.99092677846389,68.18484519560465,False,455.7436050272186,0.43018605023000056,threshold_limited_fragile,20.441671213998927,False,False,False
tank_1261,0.11049019607843137,116,4,0.008188683698807315,0.9320245270008743,9,False,0.2222222222222222,67.97287012709549,68.3232085589932,False,351.9045976996422,0.4734163846696984,threshold_limited_fragile,5.38689728123868,False,False,False
tank_1262,0.40247058823529414,116,0,0.029279250971399415,0.7560883614474514,9,False,0.4444444444444444,70.60512722960347,71.64551272749313,False,481.0696515440941,0.2278720385648756,threshold_limited_fragile,3.389926546987565,False,False,False
tank_1263,2.1670196078431374,116,1,0.2474088487863029,0.007957124127179924,9,False,0.4444444444444444,71.69262478109837,72.9085692042083,False,401.2554315209389,0.4279311339835591,threshold_limited_fragile,5.912494020133763,False,False,False
tank_1265,1.78,116,1,0.09813150051988816,0.29893485581254653,9,False,0.1111111111111111,64.06153505627891,65.02601643258126,False,501.03053296930466,0.34243725118130597,non_responsive,10.508438576924995,False,False,False
tank_1270,1.160549019607843,116,2,0.17083938753556596,0.07042299218119645,9,False,0.4444444444444444,64.52201647079278,66.42886202246356,False,583.0830175876617,0.4373673063822314,threshold_limited_fragile,5.816705619675085,False,False,False
tank_1272,0.8079607843137254,116,4,0.07306391501228031,0.44601132451073144,9,False,0.5555555555555556,64.38758592246691,66.83494864026554,False,640.4815277695656,0.11758773043760046,rainfall_tracking,3.0381109317688293,False,False,False
tank_1275,0.1785882352941176,116,3,0.07311739641594173,0.44358870588425514,9,False,0.2222222222222222,69.84763749811265,71.71465318674643,False,342.1526633560658,0.42434746871256374,threshold_limited_fragile,3.4762919697306636,False,False,False
tank_1276,5.762431372549019,116,3,0.20604327405982065,0.02929174486276791,9,False,0.4444444444444444,71.08473814314806,72.24911414745688,False,329.940726685524,0.26938993583168713,threshold_limited_fragile,32.1749624744157,False,False,False
tank_1279,0.9759215686274509,116,0,0.22121074420160156,0.017510078431352466,9,False,0.3333333333333333,62.934133831614965,64.76053550821803,False,361.1022471949458,0.411729999414411,threshold_limited_fragile,4.51448377938594,False,False,False
tank_1280,0.23345098039215686,116,2,-0.016828962134284493,0.8595729755653383,9,False,0.2222222222222222,68.46627559228368,70.32958528843093,False,353.15017905589195,0.2739341870628401,threshold_limited_fragile,4.9497236641052815,False,False,False
tank_1284,0.11156862745098035,116,3,0.2717934380070731,0.0037447175053926213,9,False,0.1111111111111111,66.43416395101684,68.18192103501568,False,378.0043803110719,0.4773424803762325,non_responsive,3.819527118518687,False,False,False
tank_1285,0.4211764705882352,116,2,0.12982451716306093,0.17052560275450138,9,False,0.3333333333333333,69.75064130558867,70.34980131409505,False,481.0696515440941,0.3473565314737418,threshold_limited_fragile,3.042366627641744,False,False,False
tank_1286,6.616058823529412,116,1,0.13260756082513706,0.15958244445809894,9,False,0.4444444444444444,67.60943954149229,69.51561620340559,False,361.1022471949458,0.42461538949354977,threshold_limited_fragile,29.783605316587362,False,False,False
tank_1290,2.2886862745098044,116,2,0.18658210224302885,0.0478436070966496,9,False,0.3333333333333333,68.09051731928315,70.03242041460804,False,353.15017905589195,0.28940850924940087,threshold_limited_fragile,14.761994655289946,False,False,False
tank_1291,0.5499607843137255,116,4,0.10797612547479438,0.2593102356792708,9,False,0.2222222222222222,70.9991325901307,72.3540039788575,False,481.3720149695873,1.2830315466738569,threshold_limited_fragile,4.342915517826277,False,False,False
tank_1293,2.8554313725490195,116,1,0.23376391032779545,0.012307827406573409,9,False,0.3333333333333333,64.7787144270448,66.95352707260253,False,640.4815277695656,0.34804856570102066,threshold_limited_fragile,10.763601665145359,False,False,False
tank_1295,0.5504313725490196,116,3,0.037351958053871065,0.6957988189727246,9,False,0.3333333333333333,68.4727909927597,69.19464972973003,False,351.9045976996422,0.2777357898651983,threshold_limited_fragile,4.170395853608801,False,False,True
tank_1297,3.9699999999999998,116,4,0.09033277841286443,0.34574695998347843,9,False,0.4444444444444444,69.68498058142335,70.76656576019053,False,361.1022471949458,0.5172214034889179,threshold_limited_fragile,21.53046313831253,False,False,False
tank_1301,8.25,116,4,0.19187647134954014,0.04364892991502317,9,False,0.6666666666666666,69.31397903369638,67.90829917579364,True,431.5251165628433,0.4469952527708688,rainfall_tracking,18.69765807766426,False,False,False
tank_1302,1.36,116,0,0.16277179285138166,0.0821975353095661,9,False,0.5555555555555556,67.4107504527966,66.45293784668009,True,400.231233530104,0.2695001221818031,rainfall_tracking,8.95896545246716,False,False,False
tank_1304,0.5065686274509803,116,4,-0.04314084352322477,0.653012411241215,9,False,0.1111111111111111,58.62049992051331,55.064268504282744,True,351.9045976996422,0.42389975399108765,non_responsive,9.470333170472204,False,False,True
tank_1305,3.9843921568627456,116,1,0.11027546432229246,0.2428027183867324,9,False,0.2222222222222222,68.78922734980084,70.06030599241181,False,415.49193533062936,0.5262562632804428,threshold_limited_fragile,15.981531093263225,False,False,False
tank_1313,46.839999999999996,116,3,0.1386918619843719,0.1447389738843557,9,False,0.3333333333333333,70.35897033057891,71.45120312409534,False,336.36016256809233,0.3660055520833094,threshold_limited_fragile,89.82410209826193,False,False,False
tank_1322,0.0,116,2,0.23441734681687393,0.012450578615884372,9,False,0.0,-inf,-inf,False,350.3357014775276,,non_responsive,3.47523330939476,False,False,False
tank_1325,8.003372549019607,116,4,0.12079806721350621,0.2066214975577367,9,False,0.3333333333333333,63.18642689494275,65.31719721011726,False,357.21907911524175,0.40894569425263416,threshold_limited_fragile,45.048923566045374,False,False,False
tank_1326,0.11470588235294114,116,2,0.13291026026003658,0.16050328098558223,9,False,0.4444444444444444,70.21889070486391,72.14196693681434,False,482.8179079582914,0.4353570364101549,threshold_limited_fragile,3.739667472488834,False,False,False
tank_1344,0.3227843137254902,116,2,0.054747552376788806,0.5646585095484405,9,False,0.1111111111111111,61.291977658156085,58.95087003364143,True,350.3357014775276,0.419653688089465,non_responsive,4.170163188022373,False,False,False
tank_1346,0.3908235294117647,116,3,-0.013681903798285829,0.8861496288531824,9,False,0.3333333333333333,61.771164790564846,60.476119328526,True,334.768706006743,0.17374284998615525,threshold_limited_fragile,3.1263282834914357,False,False,False
tank_1349,0.08811764705882352,116,2,-0.061784090009484274,0.5156321932981305,9,False,0.2222222222222222,70.3214477381037,72.32462016831626,False,599.7831429243088,0.15469944721452877,threshold_limited_fragile,6.255260070335602,False,False,False
tank_1353,45.99,116,1,0.055809249823408257,0.555343047456949,9,False,0.5555555555555556,66.54428605065183,68.6214615969875,False,334.89833555817603,0.1384256847360186,rainfall_tracking,85.26294494458865,False,False,False
tank_1358,0.01550980392156855,116,3,0.132821936334783,0.16269045818491323,9,False,0.3333333333333333,62.80195365987371,64.27475620948208,False,589.1377902746201,,threshold_limited_fragile,3.471886564149503,False,False,False
tank_1359,0.36070588235294115,116,4,0.18130194044511044,0.05686783122698346,9,False,0.2222222222222222,66.81615350854352,68.90912538492816,False,574.6805203830008,1.8340548463137771,threshold_limited_fragile,3.6502886289857583,False,False,False
tank_1361,37.07329411764706,116,3,0.023713983939325074,0.8039915225630426,9,False,0.5555555555555556,68.03270073436296,69.78175965216454,False,334.89833555817603,0.4316848974118548,rainfall_tracking,71.43851940652183,False,False,False
tank_1364,56.370000000000005,116,1,0.24406999413902808,0.00887227238470503,9,False,0.6666666666666666,62.59249325535809,62.38278590957612,True,477.64800840616226,0.23914449063688287,rainfall_tracking,91.64682850355267,False,False,False
tank_1365,1.76,116,2,0.11210935483043662,0.23711868061611227,9,False,0.4444444444444444,71.64500656493969,73.19381949676072,False,336.7959468841553,0.9184272843579523,threshold_limited_fragile,8.168653130874297,False,False,False
tank_1372,3.4240196078431375,116,4,0.21233825074778273,0.025261731042952425,9,False,0.2222222222222222,63.25438431466063,60.66116353060566,True,357.21907911524175,0.8925650776210956,threshold_limited_fragile,20.746271485927117,False,False,False
tank_1374,13.940588235294118,116,2,0.09465328371980582,0.31865194927790963,9,False,0.8888888888888888,56.398936790575,57.0421043225834,False,336.7959468841553,0.14771324257963953,resilient,29.71573862563264,False,False,False
tank_1378,20.810000000000002,116,3,0.14846592815341852,0.11822665095151369,9,False,0.8888888888888888,52.5762568935975,54.62112134228562,False,599.7831429243088,0.23066887404823957,rainfall_tracking,32.92883257065768,False,False,False
tank_1380,2.7819607843137253,116,1,0.23133097978909803,0.013271232295608852,9,False,0.4444444444444444,69.61775357171959,70.65551114064748,False,535.9018469094335,0.37569448919301673,threshold_limited_fragile,6.6089973177928245,False,False,False
tank_1386,19.529196078431376,116,4,0.15164305253880267,0.11211102569367314,9,False,0.2222222222222222,68.2606673470367,68.7046323507015,False,487.1529998313936,0.4498278392423619,threshold_limited_fragile,51.41978355008399,False,False,False
tank_1391,0.8778823529411766,116,1,0.28080938103105063,0.002475508487423777,9,False,0.6666666666666666,69.72349379903626,69.26799343617074,True,470.3209167179255,0.36942878432452564,rainfall_tracking,3.391907479643414,False,False,False
tank_1393,1.4176470588235297,116,1,0.1267132294364257,0.17912986673596337,9,False,0.5555555555555556,72.09197355469891,73.75645122720341,False,334.768706006743,0.4395995807027484,rainfall_tracking,5.470834828344426,False,False,False
tank_1396,5.54,116,3,0.008086807057109735,0.9325603243171352,9,False,0.2222222222222222,67.35974869511338,68.16090157912939,False,342.8670236058533,0.4536593894386356,threshold_limited_fragile,38.81032928292593,False,False,False
tank_1397,0.0232549019607843,116,3,0.06604191880130056,0.489039704841722,9,False,0.2222222222222222,68.05703359883029,69.59313021176534,False,342.8670236058533,0.2506846442619768,threshold_limited_fragile,6.251143713345718,False,False,False
tank_1403,0.48,116,1,0.2395289015563866,0.010265251125198313,9,False,0.6666666666666666,61.32122691501806,61.39521631382166,False,463.4880332350731,0.683512769199885,rainfall_tracking,3.5618130625911224,False,False,False
tank_1409,10.0,116,4,0.06839816603828781,0.47566142523675026,9,False,0.3333333333333333,69.26264898967682,69.17656673193181,True,332.21683607343584,0.5692412741518851,threshold_limited_fragile,40.53927572809079,False,False,False
tank_1412,0.62,116,1,0.1778457732602049,0.05834895347097612,9,False,0.4444444444444444,70.11165004443397,70.05150826312493,True,488.75098132779823,0.8813079309796793,threshold_limited_fragile,3.041758579238634,False,False,False
tank_1415,0.5598627450980391,116,3,0.04125015831423707,0.6658598057080398,9,False,0.2222222222222222,67.7394202068901,69.77852282950954,False,493.8929798763711,0.007985067225039368,threshold_limited_fragile,3.4753406134854967,False,False,False
tank_1416,1.353686274509804,116,3,0.13506491546209626,0.1556448724533128,9,False,0.3333333333333333,67.510627994821,68.46219552942169,False,461.9330920279026,0.25266883450488153,threshold_limited_fragile,7.478158876562157,False,False,False
tank_1421,16.86770588235294,116,1,0.27588318615602747,0.002967852650650371,9,False,0.4444444444444444,65.45634022427447,66.60083583343666,False,338.2977116405964,0.2397626509600227,threshold_limited_fragile,31.907996602426703,False,False,False
tank_1422,0.22305882352941175,116,2,-0.04507182345463237,0.6354757278152212,9,False,0.2222222222222222,66.5715932388869,67.52988429050417,False,341.5382853388786,0.40512319665931373,threshold_limited_fragile,3.648606763339116,False,False,False
tank_1425,20.490000000000002,116,4,0.1404813356508384,0.1413961768623772,9,False,0.7777777777777778,59.164629600643735,60.90946288114628,False,326.29785204791216,0.19944278653861647,rainfall_tracking,71.10492397787758,False,False,False
tank_1426,4.984745098039215,116,3,0.13205926815346286,0.1651393927501572,9,False,0.2222222222222222,70.89745210088849,72.52598745621175,False,326.29785204791216,0.6331802764189582,threshold_limited_fragile,9.9969978827007,False,False,False
tank_1430,0.0,116,3,0.22149326177052964,0.01892535055340445,9,False,0.0,-inf,-inf,False,346.67790706157683,0.4454864619449326,non_responsive,3.47845468217056,False,False,False
tank_1433,18.770000000000003,116,1,0.22146260106968893,0.01788464117450703,9,False,0.6666666666666666,63.24802807852072,63.30504132484593,False,326.29785204791216,0.25884781875644997,rainfall_tracking,43.29327566306051,False,False,False
tank_1438,0.7038627450980393,116,4,0.11288615579188602,0.23814296730520787,9,False,0.2222222222222222,66.18294328591298,67.58157608510678,False,338.17831626012924,0.7709660468669103,threshold_limited_fragile,3.994086281227882,False,False,False
tank_1439,1.3711764705882352,116,1,0.17332954431122194,0.06514772250879841,9,False,0.4444444444444444,70.26887727009749,71.76258999242347,False,346.67790706157683,0.45682419449847445,threshold_limited_fragile,11.827083355461056,False,False,False
tank_1441,0.06,116,4,0.29572214494332283,0.001626296397327132,9,False,0.5555555555555556,72.52454132811259,74.06276741247561,False,341.5382853388786,0.008408334312691477,rainfall_tracking,5.299121131432624,False,False,False
tank_1443,1.5350196078431373,116,4,0.014183636515072446,0.8825403014826987,9,False,0.3333333333333333,68.20505084069711,69.22516390522027,False,338.17831626012924,0.5422497299449295,threshold_limited_fragile,3.5602686151109664,False,False,False
tank_1445,2.4442941176470585,116,1,0.02952636025145951,0.7551553180713689,9,False,0.7777777777777778,66.3709901713531,67.52520615742876,False,338.17831626012924,0.3437228170496144,rainfall_tracking,21.619699097963903,False,False,False
tank_1446,0.9642941176470587,116,1,0.12943359679767,0.1699005434765517,9,False,0.3333333333333333,71.43580073876949,73.49603516758118,False,607.4223129737278,0.39429098293322135,threshold_limited_fragile,4.340067130718305,False,False,False
tank_1450,0.34294117647058814,116,4,0.2978602100830008,0.0014982624749836542,9,False,0.1111111111111111,65.58696757031575,66.94844578067685,False,485.0174227403477,0.36802525538284414,non_responsive,3.471913647345527,False,False,False
tank_1452,0.3663921568627451,116,1,0.006896877615767732,0.9419431332724177,9,False,0.3333333333333333,72.48834649229781,73.56068420512045,False,338.17831626012924,0.7761106746485638,threshold_limited_fragile,6.425890775655214,False,False,False
tank_1456,0.17627450980392154,116,3,0.11480735551844697,0.2280618293271482,9,False,0.5555555555555556,72.96302531698296,74.60051423641741,False,338.17831626012924,1.6626563420686433,rainfall_tracking,4.081165802689094,False,False,False
tank_1466,0.26647058823529407,116,1,0.17229360617836387,0.06679481006142693,9,False,0.3333333333333333,63.72728672419234,65.80820859160676,False,595.2021140798985,0.1338442876030378,threshold_limited_fragile,4.169715823978344,False,False,False
tank_1471,0.20874509803921562,116,4,0.20246815340708949,0.03307997450481049,9,False,0.0,49.0538695221966,50.961681090919946,False,544.2577741831541,0.38440538377939226,non_responsive,3.2141399818055336,False,False,False
tank_1475,21.16478431372549,116,3,0.21406113813386396,0.023430979994345912,9,False,0.6666666666666666,67.98012085500073,67.25345544259784,True,469.86773985624313,0.5303594221376693,rainfall_tracking,42.22914493118072,False,False,False
tank_1486,54.51,116,4,0.08702426199819573,0.36377088654970297,9,False,0.7777777777777778,63.33068363399126,65.44577321312605,False,582.910222123802,0.27634253370719786,rainfall_tracking,85.41963504207921,False,False,False
tank_1488,5.5358431372549015,116,1,0.326935521662949,0.00038474916651701354,9,False,0.5555555555555556,69.71582209347817,71.15355285023261,False,346.67790706157683,0.28235121171346445,rainfall_tracking,44.349868399471525,False,False,False
tank_1491,1.7501960784313726,116,1,0.22275642910029142,0.01721004397899608,9,False,0.2222222222222222,70.13795539084481,71.54714172215796,False,469.86773985624313,0.6540358705950193,threshold_limited_fragile,7.731940423753997,False,False,False
tank_1500,1.9395294117647057,116,3,0.06772114575998071,0.4780340235721928,9,False,0.5555555555555556,67.47297009957714,68.86148000719014,False,338.17831626012924,0.4348844061811912,rainfall_tracking,19.09994938779554,False,False,False
tank_1505,21.93,116,3,0.23065753411268358,0.01441493997833886,9,False,0.6666666666666666,70.89229705267361,71.33628514097573,False,342.9586209654808,0.2651440864204513,rainfall_tracking,51.52178399268333,False,False,False
tank_1513,33.714999999999996,116,4,0.0712589535615162,0.4573566379394369,9,False,0.8888888888888888,59.3153048968076,61.418050166337004,False,362.5371949584869,0.3312052401572351,rainfall_tracking,65.69377398663465,False,False,False
tank_1531,2.79,116,1,0.28504937931351687,0.002112155024260217,9,False,0.5555555555555556,69.4231520285375,71.53744051553227,False,613.1969713389597,0.4828109110595627,rainfall_tracking,7.556971761322522,False,False,False
tank_1536,2.7596862745098045,116,2,0.19643725203760845,0.037041881742087696,9,False,0.1111111111111111,60.520835057056246,62.41617686392065,False,570.836080789566,0.8369882167858357,non_responsive,13.367774759560955,False,False,False
tank_1539,24.79401960784314,116,1,0.2134386178645799,0.02260013086458755,9,False,0.7777777777777778,67.31137105483455,69.58740108656994,False,560.5900241749754,0.18059990638287277,rainfall_tracking,38.59360675580308,False,False,False
tank_1541,4.125176470588236,116,4,0.1148673626010119,0.229952420402978,9,False,0.3333333333333333,70.13315442320771,70.83744082991184,False,487.2460672416228,0.44887317494287005,threshold_limited_fragile,8.517008316429353,False,False,False
tank_1542,0.7101372549019608,116,2,0.2100279580982038,0.025564121957555832,9,False,0.2222222222222222,69.6973723733627,69.8811447049039,False,336.4659027087735,0.4325530225560637,threshold_limited_fragile,4.512862579554246,False,False,False
tank_1547,14.795,116,1,0.2219431188914906,0.017631479607745883,9,False,0.3333333333333333,69.41443035079743,70.1837549463463,False,331.9182990670204,0.45440243549665404,threshold_limited_fragile,38.99413669161833,False,False,False
tank_1563,1.2152941176470589,116,4,0.13228692452166185,0.1663452837847338,9,False,0.4444444444444444,68.49761828576328,68.42279790366771,True,481.72132552927195,0.6398496134816052,threshold_limited_fragile,4.4276034219644105,False,False,False
tank_1564,0.10570588235294115,116,1,0.05139098361717825,0.5871177550007042,9,False,0.2222222222222222,62.19334548461815,59.33271696715038,True,359.0432701230049,,threshold_limited_fragile,3.2138678864751777,False,False,False
tank_1565,58.971823529411765,116,1,0.24335145439278769,0.009080932528933801,9,False,0.4444444444444444,70.0663304262654,69.98716159832017,True,394.59283717870716,0.6839565638957696,threshold_limited_fragile,99.69785986896912,False,False,False
tank_1567,2.835,116,4,0.14635312688186025,0.12534072585864198,9,False,0.3333333333333333,67.72453037782309,69.42404322804643,False,584.45251506567,0.2507039374972779,threshold_limited_fragile,13.903060466180209,False,False,False
tank_1568,4.43,116,4,0.15888494100216574,0.09579197635141315,9,False,0.2222222222222222,66.2444997730582,68.0097520276921,False,322.9299780064815,0.8178211978639467,threshold_limited_fragile,17.01201588100815,False,False,False
tank_1573,9.212529411764706,116,1,0.14114672224379735,0.13414987160229777,9,False,0.2222222222222222,69.97580326082607,71.06771357773384,False,486.6443977560593,0.3641192501856076,threshold_limited_fragile,19.73886827857166,False,False,False
tank_1583,0.7981176470588234,116,0,0.14471257950297609,0.12281846716599423,9,False,0.3333333333333333,71.54877826691694,72.3053486783374,False,359.0432701230049,0.22348840957690247,threshold_limited_fragile,12.160235305121706,False,False,False
tank_1587,36.043921568627454,116,1,0.17698796984146462,0.05959353721933291,9,False,0.8888888888888888,63.48675184790226,65.73527408407604,False,605.3101646612165,0.22792813546251667,rainfall_tracking,65.09155704348397,False,False,False
tank_1588,0.3933921568627451,116,2,0.02399223995269731,0.8008543226456432,9,False,0.3333333333333333,72.41505638000241,73.60001029790755,False,336.4659027087735,0.9792565237165656,threshold_limited_fragile,7.9841799176728525,False,False,False
tank_1592,0.9446078431372549,116,3,0.040850115691316205,0.6689091252467836,9,False,0.1111111111111111,51.252182134920275,46.48566087941644,True,359.0432701230049,1.2763129647457934,non_responsive,8.077885390186248,False,False,False
tank_1594,3.96,116,1,0.1684261734288154,0.07324503858973772,9,False,0.6666666666666666,70.33713805328334,70.91703102126012,False,360.0797618031502,0.32994465994554284,rainfall_tracking,10.345616426766554,False,False,False
tank_1595,1.4222549019607842,116,3,0.21244248830445345,0.024525706922194197,9,False,0.4444444444444444,71.15427920426637,72.61240297752151,False,550.4082410049334,0.5006667180813767,threshold_limited_fragile,4.955932158147548,False,False,False
tank_1597,13.274823529411764,116,1,0.29016364622429486,0.001738449376876224,9,False,0.3333333333333333,69.59137229653429,70.89137691060876,False,362.5371949584869,0.27517244229074916,threshold_limited_fragile,28.58735215403943,False,False,False
tank_1598,1.2157843137254902,116,0,0.3228471199305834,0.00043309470135744686,9,False,0.3333333333333333,71.21176573304399,72.26200992746014,False,527.0821047431773,0.19963805307093196,threshold_limited_fragile,7.032768748524903,False,False,False
tank_1600,0.6087058823529411,116,3,-0.03596483176180658,0.7065690596890942,9,False,0.2222222222222222,67.89666470262847,66.84503591357934,True,366.77486061598506,0.38009654638892293,threshold_limited_fragile,16.42757077140585,False,False,False
tank_1604,0.3533921568627451,116,2,0.12369186151630122,0.19180376719608214,9,False,0.2222222222222222,67.19929776136944,69.21511896480274,False,537.3163721938748,0.20214222004503507,threshold_limited_fragile,7.373218878683276,False,False,False
