tank_id,sum,date_ms
tank_0002,0.0,1768089600000
tank_0004,0.0,1768089600000
tank_0005,6.0,1768089600000
tank_0011,0.0,1768089600000
tank_0014,0.0,1768089600000
tank_0019,0.0,1768089600000
tank_0024,0.0,1768089600000
tank_0025,0.0,1768089600000
tank_0026,0.0,1768089600000
tank_0027,0.0,1768089600000
tank_0030,0.0,1768089600000
tank_0031,0.0,1768089600000
tank_0036,1.6274509803921569,1768089600000
tank_0037,0.0,1768089600000
tank_0038,0.0,1768089600000
tank_0050,0.0,1768089600000
tank_0051,0.0,1768089600000
tank_0052,0.0,1768089600000
tank_0053,5.270588235294117,1768089600000
tank_0055,0.0,1768089600000
tank_0057,0.0,1768089600000
tank_0058,0.0,1768089600000
tank_0064,0.0,1768089600000
tank_0069,29.0,1768089600000
tank_0072,0.0,1768089600000
tank_0073,0.0,1768089600000
tank_0080,17.0,1768089600000
tank_0094,0.0,1768089600000
tank_0107,0.0,1768089600000
tank_0110,0.0,1768089600000
tank_0113,2.0,1768089600000
tank_0115,1.0,1768089600000
tank_0116,0.0,1768089600000
tank_0117,22.92549019607843,1768089600000
tank_0118,0.0,1768089600000
tank_0122,0.0,1768089600000
tank_0125,0.0,1768089600000
tank_0130,2.0,1768089600000
tank_0131,4.270588235294118,1768089600000
tank_0132,0.0,1768089600000
tank_0134,0.0,1768089600000
tank_0135,8.996078431372549,1768089600000
tank_0142,0.0,1768089600000
tank_0143,0.0,1768089600000
tank_0144,0.0,1768089600000
tank_0148,0.0,1768089600000
tank_0153,0.0,1768089600000
tank_0156,0.0,1768089600000
tank_0159,0.0,1768089600000
tank_0165,7.015686274509804,1768089600000
tank_0171,0.0,1768089600000
tank_0172,0.0,1768089600000
tank_0174,12.94901960784314,1768089600000
tank_0176,4.192156862745098,1768089600000
tank_0184,1.3647058823529412,1768089600000
tank_0187,0.0,1768089600000
tank_0190,0.0,1768089600000
tank_0192,0.0,1768089600000
tank_0193,0.0,1768089600000
tank_0195,0.0,1768089600000
tank_0199,0.0,1768089600000
tank_0204,0.0,1768089600000
tank_0205,0.0,1768089600000
tank_0207,0.0,1768089600000
tank_0209,0.0,1768089600000
tank_0213,0.0,1768089600000
tank_0217,0.0,1768089600000
tank_0220,4.333333333333333,1768089600000
tank_0221,1.0,1768089600000
tank_0225,0.0,1768089600000
tank_0226,0.0,1768089600000
tank_0228,0.0,1768089600000
tank_0229,0.0,1768089600000
tank_0231,0.0,1768089600000
tank_0233,0.0,1768089600000
tank_0236,0.0,1768089600000
tank_0237,0.0,1768089600000
tank_0240,1.9333333333333331,1768089600000
tank_0242,0.0,1768089600000
tank_0245,0.0,1768089600000
tank_0247,0.0,1768089600000
tank_0256,0.0,1768089600000
tank_0257,1.423529411764706,1768089600000
tank_0260,0.0,1768089600000
tank_0261,0.0,1768089600000
tank_0264,0.0,1768089600000
tank_0273,242.0,1768089600000
tank_0276,10.498039215686276,1768089600000
tank_0278,0.0,1768089600000
tank_0280,0.0,1768089600000
tank_0291,2.0,1768089600000
tank_0292,0.0,1768089600000
tank_0296,0.0,1768089600000
tank_0297,0.0,1768089600000
tank_0299,0.0,1768089600000
tank_0300,0.0,1768089600000
tank_0301,0.0,1768089600000
tank_0307,4.0,1768089600000
tank_0309,0.0,1768089600000
tank_0313,5.0,1768089600000
tank_0314,0.0,1768089600000
tank_0319,0.0,1768089600000
tank_0321,0.0,1768089600000
tank_0327,0.0,1768089600000
tank_0337,0.0,1768089600000
tank_0338,5.0,1768089600000
tank_0339,0.0,1768089600000
tank_0342,0.0,1768089600000
tank_0345,13.6,1768089600000
tank_0346,3.368627450980392,1768089600000
tank_0349,78.0,1768089600000
tank_0350,1.0,1768089600000
tank_0353,2.0,1768089600000
tank_0356,0.0,1768089600000
tank_0360,0.0,1768089600000
tank_0361,1.9294117647058824,1768089600000
tank_0362,0.0,1768089600000
tank_0364,0.0,1768089600000
tank_0366,39.713725490196076,1768089600000
tank_0369,0.0,1768089600000
tank_0375,0.0,1768089600000
tank_0379,0.0,1768089600000
tank_0381,0.0,1768089600000
tank_0386,3.7490196078431373,1768089600000
tank_0390,0.0,1768089600000
tank_0397,0.0,1768089600000
tank_0399,0.0,1768089600000
tank_0404,9.0,1768089600000
tank_0409,0.0,1768089600000
tank_0420,1.0,1768089600000
tank_0425,0.6588235294117647,1768089600000
tank_0431,0.0,1768089600000
tank_0432,1.0901960784313727,1768089600000
tank_0435,0.0,1768089600000
tank_0436,0.0,1768089600000
tank_0438,0.0,1768089600000
tank_0443,0.0,1768089600000
tank_0444,0.0,1768089600000
tank_0447,0.0,1768089600000
tank_0448,0.0,1768089600000
tank_0449,0.17254901960784313,1768089600000
tank_0455,0.0,1768089600000
tank_0460,0.0,1768089600000
tank_0462,0.0,1768089600000
tank_0466,0.0,1768089600000
tank_0471,0.0,1768089600000
tank_0473,0.0,1768089600000
tank_0474,0.0,1768089600000
tank_0481,0.0,1768089600000
tank_0485,0.0,1768089600000
tank_0489,0.0,1768089600000
tank_0491,0.0,1768089600000
tank_0494,0.0,1768089600000
tank_0497,0.0,1768089600000
tank_0498,0.0,1768089600000
tank_0502,0.0,1768089600000
tank_0505,0.0,1768089600000
tank_0509,0.0,1768089600000
tank_0512,222.0,1768089600000
tank_0514,0.0,1768089600000
tank_0515,0.0,1768089600000
tank_0521,15.0,1768089600000
tank_0524,0.0,1768089600000
tank_0526,17.0,1768089600000
tank_0533,0.0,1768089600000
tank_0534,0.0,1768089600000
tank_0536,0.0,1768089600000
tank_0537,0.0,1768089600000
tank_0541,0.0,1768089600000
tank_0547,1.6392156862745098,1768089600000
tank_0552,0.0,1768089600000
tank_0555,0.0,1768089600000
tank_0556,0.0,1768089600000
tank_0557,0.0,1768089600000
tank_0560,0.0,1768089600000
tank_0561,0.0,1768089600000
tank_0566,0.0,1768089600000
tank_0567,0.0,1768089600000
tank_0568,0.0,1768089600000
tank_0574,0.0,1768089600000
tank_0579,0.0,1768089600000
tank_0583,0.0,1768089600000
tank_0587,0.0,1768089600000
tank_0589,0.0,1768089600000
tank_0590,0.0,1768089600000
tank_0592,0.0,1768089600000
tank_0593,0.0,1768089600000
tank_0595,0.0,1768089600000
tank_0600,6.0,1768089600000
tank_0604,4.086274509803921,1768089600000
tank_0606,0.0,1768089600000
tank_0607,0.0,1768089600000
tank_0608,0.0,1768089600000
tank_0610,0.0,1768089600000
tank_0611,0.0,1768089600000
tank_0612,0.0,1768089600000
tank_0613,0.0,1768089600000
tank_0619,0.0,1768089600000
tank_0626,0.0,1768089600000
tank_0627,0.0,1768089600000
tank_0628,0.0,1768089600000
tank_0632,0.0,1768089600000
tank_0633,0.0,1768089600000
tank_0639,0.0,1768089600000
tank_0640,0.0,1768089600000
tank_0641,0.0,1768089600000
tank_0643,0.0,1768089600000
tank_0646,0.0,1768089600000
tank_0663,0.0,1768089600000
tank_0664,0.0,1768089600000
tank_0666,0.0,1768089600000
tank_0667,0.0,1768089600000
tank_0670,16.0,1768089600000
tank_0675,0.0,1768089600000
tank_0676,0.0,1768089600000
tank_0678,1.5607843137254902,1768089600000
tank_0681,0.0,1768089600000
tank_0687,0.0,1768089600000
tank_0688,0.0,1768089600000
tank_0697,0.0,1768089600000
tank_0720,0.0,1768089600000
tank_0722,4.0,1768089600000
tank_0724,0.0,1768089600000
tank_0725,0.0,1768089600000
tank_0728,0.0,1768089600000
tank_0730,0.0,1768089600000
tank_0731,6.0,1768089600000
tank_0732,0.0,1768089600000
tank_0737,221.0,1768089600000
tank_0739,4.698039215686274,1768089600000
tank_0740,0.0,1768089600000
tank_0746,0.0,1768089600000
tank_0748,0.0,1768089600000
tank_0749,0.0,1768089600000
tank_0752,0.0,1768089600000
tank_0760,0.0,1768089600000
tank_0770,15.443137254901961,1768089600000
tank_0772,0.0,1768089600000
tank_0788,0.0,1768089600000
tank_0789,0.0,1768089600000
tank_0792,89.27450980392157,1768089600000
tank_0797,0.0,1768089600000
tank_0800,0.0,1768089600000
tank_0802,0.0,1768089600000
tank_0803,0.7607843137254902,1768089600000
tank_0808,14.349019607843138,1768089600000
tank_0810,10.0,1768089600000
tank_0811,1.0,1768089600000
tank_0812,43.0,1768089600000
tank_0813,10.945098039215688,1768089600000
tank_0816,5.035294117647059,1768089600000
tank_0819,0.0,1768089600000
tank_0823,0.0,1768089600000
tank_0824,0.0,1768089600000
tank_0825,0.0,1768089600000
tank_0828,2.0,1768089600000
tank_0829,4.0,1768089600000
tank_0830,0.0,1768089600000
tank_0831,0.0,1768089600000
tank_0844,0.0,1768089600000
tank_0852,0.0,1768089600000
tank_0855,0.0,1768089600000
tank_0856,892.0,1768089600000
tank_0860,0.0,1768089600000
tank_0861,0.0,1768089600000
tank_0872,0.0,1768089600000
tank_0875,179.7450980392157,1768089600000
tank_0879,0.0,1768089600000
tank_0885,0.0,1768089600000
tank_0891,0.0,1768089600000
tank_0894,1397.0,1768089600000
tank_0898,494.0,1768089600000
tank_0900,0.0,1768089600000
tank_0901,0.0,1768089600000
tank_0902,204.0,1768089600000
tank_0914,0.0,1768089600000
tank_0917,541.0,1768089600000
tank_0919,0.0,1768089600000
tank_0920,0.0,1768089600000
tank_0922,184.0,1768089600000
tank_0923,0.0,1768089600000
tank_0924,0.0,1768089600000
tank_0926,0.0,1768089600000
tank_0927,0.0,1768089600000
tank_0928,16.0,1768089600000
tank_0930,0.0,1768089600000
tank_0931,0.0,1768089600000
tank_0933,0.0,1768089600000
tank_0934,0.0,1768089600000
tank_0937,0.0,1768089600000
tank_0938,0.0,1768089600000
tank_0939,0.0,1768089600000
tank_0944,0.0,1768089600000
tank_0946,0.0,1768089600000
tank_0952,0.0,1768089600000
tank_0958,0.0,1768089600000
tank_0962,1602.0,1768089600000
tank_0967,0.0,1768089600000
tank_0975,0.0,1768089600000
tank_0978,52.17254901960785,1768089600000
tank_0990,0.0,1768089600000
tank_0991,623.9960784313726,1768089600000
tank_0998,0.0,1768089600000
tank_0999,0.0,1768089600000
tank_1003,639.0,1768089600000
tank_1004,0.0,1768089600000
tank_1014,140.0,1768089600000
tank_1026,216.0,1768089600000
tank_1031,0.0,1768089600000
tank_1032,3.0,1768089600000
tank_1034,0.0,1768089600000
tank_1042,29.0,1768089600000
tank_1045,15.0,1768089600000
tank_1049,10.0,1768089600000
tank_1055,2.1411764705882352,1768089600000
tank_1061,0.0,1768089600000
tank_1062,4.0,1768089600000
tank_1064,0.0,1768089600000
tank_1065,1.0,1768089600000
tank_1066,1.0,1768089600000
tank_1070,61.0,1768089600000
tank_1073,57.0,1768089600000
tank_1083,0.0,1768089600000
tank_1086,0.0,1768089600000
tank_1088,32.79215686274511,1768089600000
tank_1089,21.0,1768089600000
tank_1090,185.6627450980392,1768089600000
tank_1091,0.0,1768089600000
tank_1094,1711.0,1768089600000
tank_1095,3.627450980392157,1768089600000
tank_1104,0.42745098039215684,1768089600000
tank_1113,25.0,1768089600000
tank_1116,0.0,1768089600000
tank_1117,0.0,1768089600000
tank_1120,308.98823529411766,1768089600000
tank_1121,505.0,1768089600000
tank_1124,0.0,1768089600000
tank_1128,0.0,1768089600000
tank_1134,0.0,1768089600000
tank_1135,0.0,1768089600000
tank_1146,0.0,1768089600000
tank_1149,0.0,1768089600000
tank_1156,0.0,1768089600000
tank_1157,11.611764705882354,1768089600000
tank_1159,356.0,1768089600000
tank_1160,564.0,1768089600000
tank_1166,1.611764705882353,1768089600000
tank_1170,32.19607843137255,1768089600000
tank_1175,0.0,1768089600000
tank_1177,1.0,1768089600000
tank_1179,0.0,1768089600000
tank_1181,140.65882352941176,1768089600000
tank_1186,85.0,1768089600000
tank_1187,17.07843137254902,1768089600000
tank_1190,0.0,1768089600000
tank_1192,0.0,1768089600000
tank_1196,0.0,1768089600000
tank_1197,1165.0,1768089600000
tank_1201,0.0,1768089600000
tank_1203,0.0,1768089600000
tank_1205,51.0,1768089600000
tank_1209,1089.0,1768089600000
tank_1217,0.0,1768089600000
tank_1223,0.0,1768089600000
tank_1226,129.61960784313726,1768089600000
tank_1228,0.0,1768089600000
tank_1230,0.0,1768089600000
tank_1237,2.0,1768089600000
tank_1239,439.0,1768089600000
tank_1245,0.0,1768089600000
tank_1246,0.0,1768089600000
tank_1250,0.0,1768089600000
tank_1254,1463.0,1768089600000
tank_1255,0.0,1768089600000
tank_1258,28.0,1768089600000
tank_1261,0.0,1768089600000
tank_1262,0.0,1768089600000
tank_1263,27.0,1768089600000
tank_1265,5.0,1768089600000
tank_1270,0.0,1768089600000
tank_1272,5.996078431372549,1768089600000
tank_1275,0.0,1768089600000
tank_1276,103.0,1768089600000
tank_1279,0.0,1768089600000
tank_1280,0.0,1768089600000
tank_1284,0.0,1768089600000
tank_1285,0.0,1768089600000
tank_1286,81.0,1768089600000
tank_1290,10.0,1768089600000
tank_1291,0.0,1768089600000
tank_1293,0.0,1768089600000
tank_1295,0.0,1768089600000
tank_1297,0.0,1768089600000
tank_1301,178.0,1768089600000
tank_1302,21.0,1768089600000
tank_1304,0.0,1768089600000
tank_1305,1.0,1768089600000
tank_1313,622.0,1768089600000
tank_1322,0.0,1768089600000
tank_1325,0.0,1768089600000
tank_1326,0.0,1768089600000
tank_1344,0.0,1768089600000
tank_1346,0.0,1768089600000
tank_1349,0.0,1768089600000
tank_1353,764.0,1768089600000
tank_1358,0.0,1768089600000
tank_1359,0.0,1768089600000
tank_1361,720.9019607843137,1768089600000
tank_1364,1500.0,1768089600000
tank_1365,4.0,1768089600000
tank_1372,0.0,1768089600000
tank_1374,132.0,1768089600000
tank_1378,477.0,1768089600000
tank_1380,0.0,1768089600000
tank_1386,510.9686274509804,1768089600000
tank_1391,18.0,1768089600000
tank_1393,0.0,1768089600000
tank_1396,0.0,1768089600000
tank_1397,0.0,1768089600000
tank_1403,0.0,1768089600000
tank_1409,0.0,1768089600000
tank_1412,0.0,1768089600000
tank_1415,0.0,1768089600000
tank_1416,0.0,1768089600000
tank_1421,310.8352941176471,1768089600000
tank_1422,0.0,1768089600000
tank_1425,30.0,1768089600000
tank_1426,98.64313725490196,1768089600000
tank_1430,0.0,1768089600000
tank_1433,156.0,1768089600000
tank_1438,0.0,1768089600000
tank_1439,9.431372549019608,1768089600000
tank_1441,0.0,1768089600000
tank_1443,22.30196078431373,1768089600000
tank_1445,0.0,1768089600000
tank_1446,0.0,1768089600000
tank_1450,0.0,1768089600000
tank_1452,0.0,1768089600000
tank_1456,0.0,1768089600000
tank_1466,0.0,1768089600000
tank_1471,0.0,1768089600000
tank_1475,457.0,1768089600000
tank_1486,830.0,1768089600000
tank_1488,80.0,1768089600000
tank_1491,0.0,1768089600000
tank_1500,0.0,1768089600000
tank_1505,380.0,1768089600000
tank_1513,300.0,1768089600000
tank_1531,0.0,1768089600000
tank_1536,0.0,1768089600000
tank_1539,617.0,1768089600000
tank_1541,88.0,1768089600000
tank_1542,0.0,1768089600000
tank_1547,338.0,1768089600000
tank_1563,61.623529411764714,1768089600000
tank_1564,0.0,1768089600000
tank_1565,1582.0,1768089600000
tank_1567,0.0,1768089600000
tank_1568,0.0,1768089600000
tank_1573,218.19607843137254,1768089600000
tank_1583,0.0,1768089600000
tank_1587,392.0,1768089600000
tank_1588,0.0,1768089600000
tank_1592,0.0,1768089600000
tank_1594,0.0,1768089600000
tank_1595,0.0,1768089600000
tank_1597,121.0,1768089600000
tank_1598,13.035294117647059,1768089600000
tank_1600,0.0,1768089600000
tank_1604,0.0,1768089600000
tank_0002,1.035294117647059,1769126400000
tank_0004,0.0,1769126400000
tank_0005,1.0,1769126400000
tank_0011,0.0,1769126400000
tank_0014,0.054901960784313725,1769126400000
tank_0019,0.0,1769126400000
tank_0024,2.5058823529411764,1769126400000
tank_0025,0.0,1769126400000
tank_0026,0.0,1769126400000
tank_0027,0.0,1769126400000
tank_0030,0.0196078431372549,1769126400000
tank_0031,15.721568627450981,1769126400000
tank_0036,0.0,1769126400000
tank_0037,11.023529411764706,1769126400000
tank_0038,0.34901960784313724,1769126400000
tank_0050,3.2509803921568627,1769126400000
tank_0051,0.0,1769126400000
tank_0052,0.0,1769126400000
tank_0053,4.125490196078431,1769126400000
tank_0055,1.7333333333333334,1769126400000
tank_0057,0.0,1769126400000
tank_0058,0.0,1769126400000
tank_0064,4.0,1769126400000
tank_0069,36.588235294117645,1769126400000
tank_0072,0.0,1769126400000
tank_0073,0.0,1769126400000
tank_0080,15.0,1769126400000
tank_0094,0.0,1769126400000
tank_0107,0.0,1769126400000
tank_0110,19.749019607843138,1769126400000
tank_0113,2.792156862745098,1769126400000
tank_0115,1.035294117647059,1769126400000
tank_0116,3.3098039215686277,1769126400000
tank_0117,27.0,1769126400000
tank_0118,0.0,1769126400000
tank_0122,0.0,1769126400000
tank_0125,5.9411764705882355,1769126400000
tank_0130,1.0,1769126400000
tank_0131,0.27058823529411763,1769126400000
tank_0132,0.0,1769126400000
tank_0134,0.0,1769126400000
tank_0135,0.0,1769126400000
tank_0142,11.054901960784314,1769126400000
tank_0143,0.0,1769126400000
tank_0144,2.0,1769126400000
tank_0148,0.0,1769126400000
tank_0153,10.0,1769126400000
tank_0156,48.235294117647065,1769126400000
tank_0159,0.0,1769126400000
tank_0165,5.8313725490196076,1769126400000
tank_0171,0.0,1769126400000
tank_0172,0.0,1769126400000
tank_0174,18.87843137254902,1769126400000
tank_0176,3.9529411764705884,1769126400000
tank_0184,0.0,1769126400000
tank_0187,0.0,1769126400000
tank_0190,1.0627450980392157,1769126400000
tank_0192,2.2470588235294118,1769126400000
tank_0193,0.0,1769126400000
tank_0195,3.4117647058823533,1769126400000
tank_0199,0.0,1769126400000
tank_0204,0.0,1769126400000
tank_0205,0.0,1769126400000
tank_0207,0.0,1769126400000
tank_0209,0.0,1769126400000
tank_0213,0.0,1769126400000
tank_0217,5.0,1769126400000
tank_0220,0.9450980392156862,1769126400000
tank_0221,22.784313725490197,1769126400000
tank_0225,0.0,1769126400000
tank_0226,0.0,1769126400000
tank_0228,0.0,1769126400000
tank_0229,0.0,1769126400000
tank_0231,0.0,1769126400000
tank_0233,0.0,1769126400000
tank_0236,0.0,1769126400000
tank_0237,0.0,1769126400000
tank_0240,0.0,1769126400000
tank_0242,0.0,1769126400000
tank_0245,1.3725490196078431,1769126400000
tank_0247,0.0,1769126400000
tank_0256,0.0,1769126400000
tank_0257,0.4980392156862745,1769126400000
tank_0260,1.9764705882352942,1769126400000
tank_0261,0.0,1769126400000
tank_0264,0.0,1769126400000
tank_0273,239.0,1769126400000
tank_0276,1.0,1769126400000
tank_0278,0.0,1769126400000
tank_0280,0.0,1769126400000
tank_0291,0.0,1769126400000
tank_0292,6.533333333333333,1769126400000
tank_0296,0.0,1769126400000
tank_0297,0.35294117647058826,1769126400000
tank_0299,0.0,1769126400000
tank_0300,13.772549019607844,1769126400000
tank_0301,0.0,1769126400000
tank_0307,5.0,1769126400000
tank_0309,0.0,1769126400000
tank_0313,0.0,1769126400000
tank_0314,0.0,1769126400000
tank_0319,0.0,1769126400000
tank_0321,0.0,1769126400000
tank_0327,0.0,1769126400000
tank_0337,0.0,1769126400000
tank_0338,7.0,1769126400000
tank_0339,55.415686274509795,1769126400000
tank_0342,14.75686274509804,1769126400000
tank_0345,2.2509803921568627,1769126400000
tank_0346,2.372549019607843,1769126400000
tank_0349,59.0,1769126400000
tank_0350,0.0,1769126400000
tank_0353,25.49411764705882,1769126400000
tank_0356,0.0392156862745098,1769126400000
tank_0360,0.0,1769126400000
tank_0361,0.0,1769126400000
tank_0362,1.0470588235294118,1769126400000
tank_0364,0.0,1769126400000
tank_0366,16.721568627450978,1769126400000
tank_0369,0.0,1769126400000
tank_0375,0.8745098039215686,1769126400000
tank_0379,3.6627450980392156,1769126400000
tank_0381,0.0,1769126400000
tank_0386,0.0,1769126400000
tank_0390,0.0,1769126400000
tank_0397,0.0,1769126400000
tank_0399,0.0,1769126400000
tank_0404,11.0,1769126400000
tank_0409,0.0,1769126400000
tank_0420,0.0,1769126400000
tank_0425,0.5098039215686274,1769126400000
tank_0431,0.0,1769126400000
tank_0432,1.784313725490196,1769126400000
tank_0435,0.0,1769126400000
tank_0436,3.1764705882352944,1769126400000
tank_0438,0.0,1769126400000
tank_0443,0.0,1769126400000
tank_0444,0.0,1769126400000
tank_0447,54.933333333333344,1769126400000
tank_0448,0.1411764705882353,1769126400000
tank_0449,1.6392156862745098,1769126400000
tank_0455,22.56078431372549,1769126400000
tank_0460,0.40784313725490196,1769126400000
tank_0462,0.0,1769126400000
tank_0466,0.0,1769126400000
tank_0471,0.0,1769126400000
tank_0473,0.8431372549019608,1769126400000
tank_0474,0.0,1769126400000
tank_0481,10.431372549019608,1769126400000
tank_0485,0.0,1769126400000
tank_0489,0.08235294117647059,1769126400000
tank_0491,0.0,1769126400000
tank_0494,14.79607843137255,1769126400000
tank_0497,0.0,1769126400000
tank_0498,2.486274509803921,1769126400000
tank_0502,0.0,1769126400000
tank_0505,5.435294117647059,1769126400000
tank_0509,7.631372549019607,1769126400000
tank_0512,237.0,1769126400000
tank_0514,0.0,1769126400000
tank_0515,1.0823529411764705,1769126400000
tank_0521,14.0,1769126400000
tank_0524,0.0,1769126400000
tank_0526,11.0,1769126400000
tank_0533,3.0,1769126400000
tank_0534,0.0,1769126400000
tank_0536,0.0,1769126400000
tank_0537,0.0,1769126400000
tank_0541,8.192156862745097,1769126400000
tank_0547,1.7960784313725489,1769126400000
tank_0552,0.0,1769126400000
tank_0555,0.0,1769126400000
tank_0556,0.7215686274509804,1769126400000
tank_0557,0.0,1769126400000
tank_0560,0.0,1769126400000
tank_0561,0.0,1769126400000
tank_0566,0.0,1769126400000
tank_0567,0.0,1769126400000
tank_0568,6.925490196078431,1769126400000
tank_0574,0.0,1769126400000
tank_0579,0.0,1769126400000
tank_0583,3.0,1769126400000
tank_0587,0.0,1769126400000
tank_0589,0.0,1769126400000
tank_0590,0.0,1769126400000
tank_0592,0.0,1769126400000
tank_0593,0.0,1769126400000
tank_0595,7.003921568627451,1769126400000
tank_0600,5.427450980392157,1769126400000
tank_0604,5.145098039215687,1769126400000
tank_0606,38.79607843137255,1769126400000
tank_0607,4.250980392156863,1769126400000
tank_0608,0.0,1769126400000
tank_0610,0.0,1769126400000
tank_0611,0.0,1769126400000
tank_0612,6.956862745098039,1769126400000
tank_0613,0.0,1769126400000
tank_0619,0.0,1769126400000
tank_0626,0.0,1769126400000
tank_0627,0.0,1769126400000
tank_0628,0.0,1769126400000
tank_0632,0.0,1769126400000
tank_0633,0.0,1769126400000
tank_0639,0.0,1769126400000
tank_0640,0.0,1769126400000
tank_0641,0.0,1769126400000
tank_0643,8.356862745098038,1769126400000
tank_0646,0.0,1769126400000
tank_0663,2.992156862745098,1769126400000
tank_0664,0.0,1769126400000
tank_0666,0.0,1769126400000
tank_0667,0.0,1769126400000
tank_0670,13.0,1769126400000
tank_0675,0.0,1769126400000
tank_0676,0.0,1769126400000
tank_0678,0.9803921568627452,1769126400000
tank_0681,0.2627450980392157,1769126400000
tank_0687,0.0,1769126400000
tank_0688,0.0,1769126400000
tank_0697,0.0,1769126400000
tank_0720,0.0,1769126400000
tank_0722,8.529411764705882,1769126400000
tank_0724,1.1411764705882352,1769126400000
tank_0725,0.0,1769126400000
tank_0728,2.7254901960784315,1769126400000
tank_0730,0.0,1769126400000
tank_0731,0.0,1769126400000
tank_0732,2.9058823529411764,1769126400000
tank_0737,212.0,1769126400000
tank_0739,5.580392156862745,1769126400000
tank_0740,15.023529411764706,1769126400000
tank_0746,0.0,1769126400000
tank_0748,0.0,1769126400000
tank_0749,0.0,1769126400000
tank_0752,9.0,1769126400000
tank_0760,0.0,1769126400000
tank_0770,7.9450980392156865,1769126400000
tank_0772,0.0,1769126400000
tank_0788,0.0,1769126400000
tank_0789,0.0,1769126400000
tank_0792,162.8039215686274,1769126400000
tank_0797,0.0,1769126400000
tank_0800,33.86274509803921,1769126400000
tank_0802,0.0,1769126400000
tank_0803,4.2745098039215685,1769126400000
tank_0808,4.0,1769126400000
tank_0810,9.0,1769126400000
tank_0811,7.949019607843137,1769126400000
tank_0812,29.0,1769126400000
tank_0813,2.1254901960784314,1769126400000
tank_0816,0.0,1769126400000
tank_0819,2.0,1769126400000
tank_0823,0.0,1769126400000
tank_0824,0.0,1769126400000
tank_0825,0.0,1769126400000
tank_0828,0.0,1769126400000
tank_0829,0.0,1769126400000
tank_0830,0.0,1769126400000
tank_0831,8.031372549019608,1769126400000
tank_0844,0.0,1769126400000
tank_0852,17.105882352941173,1769126400000
tank_0855,0.0,1769126400000
tank_0856,820.0,1769126400000
tank_0860,0.0,1769126400000
tank_0861,0.0,1769126400000
tank_0872,0.0,1769126400000
tank_0875,190.7450980392157,1769126400000
tank_0879,0.0,1769126400000
tank_0885,0.0,1769126400000
tank_0891,0.0,1769126400000
tank_0894,1399.0,1769126400000
tank_0898,512.8745098039216,1769126400000
tank_0900,20.988235294117647,1769126400000
tank_0901,0.0,1769126400000
tank_0902,200.0,1769126400000
tank_0914,0.0,1769126400000
tank_0917,596.9725490196079,1769126400000
tank_0919,0.0,1769126400000
tank_0920,0.0,1769126400000
tank_0922,205.0,1769126400000
tank_0923,7.0,1769126400000
tank_0924,3.0,1769126400000
tank_0926,6.83921568627451,1769126400000
tank_0927,0.0,1769126400000
tank_0928,4.0,1769126400000
tank_0930,0.0,1769126400000
tank_0931,2.0,1769126400000
tank_0933,0.0,1769126400000
tank_0934,0.0,1769126400000
tank_0937,0.8627450980392157,1769126400000
tank_0938,0.0,1769126400000
tank_0939,1.0,1769126400000
tank_0944,0.0,1769126400000
tank_0946,0.0,1769126400000
tank_0952,7.0,1769126400000
tank_0958,0.0,1769126400000
tank_0962,1561.0,1769126400000
tank_0967,2.815686274509804,1769126400000
tank_0975,0.0,1769126400000
tank_0978,16.266666666666666,1769126400000
tank_0990,0.0,1769126400000
tank_0991,557.0,1769126400000
tank_0998,0.0,1769126400000
tank_0999,0.8941176470588236,1769126400000
tank_1003,684.0,1769126400000
tank_1004,4.870588235294118,1769126400000
tank_1014,153.0,1769126400000
tank_1026,215.57647058823528,1769126400000
tank_1031,16.521568627450982,1769126400000
tank_1032,9.909803921568628,1769126400000
tank_1034,0.0,1769126400000
tank_1042,40.0,1769126400000
tank_1045,18.0,1769126400000
tank_1049,4.0,1769126400000
tank_1055,8.541176470588235,1769126400000
tank_1061,0.0,1769126400000
tank_1062,0.0,1769126400000
tank_1064,0.0,1769126400000
tank_1065,9.611764705882353,1769126400000
tank_1066,1.784313725490196,1769126400000
tank_1070,82.0,1769126400000
tank_1073,51.0,1769126400000
tank_1083,0.0,1769126400000
tank_1086,0.0,1769126400000
tank_1088,12.011764705882353,1769126400000
tank_1089,21.0,1769126400000
tank_1090,208.70980392156864,1769126400000
tank_1091,0.0,1769126400000
tank_1094,1708.705882352941,1769126400000
tank_1095,2.0,1769126400000
tank_1104,4.662745098039215,1769126400000
tank_1113,32.87058823529412,1769126400000
tank_1116,2.2509803921568627,1769126400000
tank_1117,0.0,1769126400000
tank_1120,336.6862745098039,1769126400000
tank_1121,518.0,1769126400000
tank_1124,0.0,1769126400000
tank_1128,0.0,1769126400000
tank_1134,0.0,1769126400000
tank_1135,0.0,1769126400000
tank_1146,0.0,1769126400000
tank_1149,1.9411764705882353,1769126400000
tank_1156,0.0,1769126400000
tank_1157,7.32156862745098,1769126400000
tank_1159,402.74901960784314,1769126400000
tank_1160,707.0,1769126400000
tank_1166,0.0,1769126400000
tank_1170,26.49411764705882,1769126400000
tank_1175,0.0,1769126400000
tank_1177,4.403921568627451,1769126400000
tank_1179,7.803921568627451,1769126400000
tank_1181,114.94117647058823,1769126400000
tank_1186,93.7921568627451,1769126400000
tank_1187,15.0,1769126400000
tank_1190,6.749019607843137,1769126400000
tank_1192,0.0,1769126400000
tank_1196,0.0,1769126400000
tank_1197,568.0,1769126400000
tank_1201,0.0,1769126400000
tank_1203,11.725490196078432,1769126400000
tank_1205,47.0,1769126400000
tank_1209,1168.9843137254902,1769126400000
tank_1217,0.0,1769126400000
tank_1223,0.0,1769126400000
tank_1226,162.9686274509804,1769126400000
tank_1228,0.0,1769126400000
tank_1230,0.0,1769126400000
tank_1237,2.0,1769126400000
tank_1239,599.0,1769126400000
tank_1245,0.0,1769126400000
tank_1246,0.0,1769126400000
tank_1250,0.0,1769126400000
tank_1254,1597.0,1769126400000
tank_1255,5.933333333333334,1769126400000
tank_1258,40.0,1769126400000
tank_1261,0.10980392156862745,1769126400000
tank_1262,0.0,1769126400000
tank_1263,31.0,1769126400000
tank_1265,6.0,1769126400000
tank_1270,0.0,1769126400000
tank_1272,17.0,1769126400000
tank_1275,3.592156862745098,1769126400000
tank_1276,113.95294117647059,1769126400000
tank_1279,0.0,1769126400000
tank_1280,0.0,1769126400000
tank_1284,0.0,1769126400000
tank_1285,0.0,1769126400000
tank_1286,84.0,1769126400000
tank_1290,4.0,1769126400000
tank_1291,0.0,1769126400000
tank_1293,0.0,1769126400000
tank_1295,0.0,1769126400000
tank_1297,0.0,1769126400000
tank_1301,188.0,1769126400000
tank_1302,17.0,1769126400000
tank_1304,0.0,1769126400000
tank_1305,6.0,1769126400000
tank_1313,1178.0,1769126400000
tank_1322,0.0,1769126400000
tank_1325,18.0,1769126400000
tank_1326,0.0,1769126400000
tank_1344,0.0,1769126400000
tank_1346,0.0,1769126400000
tank_1349,0.0,1769126400000
tank_1353,1058.0,1769126400000
tank_1358,0.0,1769126400000
tank_1359,0.0,1769126400000
tank_1361,947.0,1769126400000
tank_1364,1526.0,1769126400000
tank_1365,11.952941176470588,1769126400000
tank_1372,0.0,1769126400000
tank_1374,158.0,1769126400000
tank_1378,527.0,1769126400000
tank_1380,0.0,1769126400000
tank_1386,609.0627450980393,1769126400000
tank_1391,20.0,1769126400000
tank_1393,0.0,1769126400000
tank_1396,0.0,1769126400000
tank_1397,0.0,1769126400000
tank_1403,0.0,1769126400000
tank_1409,0.0,1769126400000
tank_1412,0.0,1769126400000
tank_1415,0.0,1769126400000
tank_1416,0.0,1769126400000
tank_1421,400.0,1769126400000
tank_1422,0.0,1769126400000
tank_1425,212.0,1769126400000
tank_1426,131.33333333333331,1769126400000
tank_1430,0.0,1769126400000
tank_1433,421.0,1769126400000
tank_1438,0.0,1769126400000
tank_1439,19.760784313725487,1769126400000
tank_1441,0.0,1769126400000
tank_1443,0.5607843137254902,1769126400000
tank_1445,0.0,1769126400000
tank_1446,0.0,1769126400000
tank_1450,0.0,1769126400000
tank_1452,0.0,1769126400000
tank_1456,1.0,1769126400000
tank_1466,0.0,1769126400000
tank_1471,0.0,1769126400000
tank_1475,496.0,1769126400000
tank_1486,1491.0,1769126400000
tank_1488,102.0,1769126400000
tank_1491,0.0,1769126400000
tank_1500,0.0,1769126400000
tank_1505,421.0,1769126400000
tank_1513,445.0,1769126400000
tank_1531,0.0,1769126400000
tank_1536,0.0,1769126400000
tank_1539,623.686274509804,1769126400000
tank_1541,119.03529411764706,1769126400000
tank_1542,0.0,1769126400000
tank_1547,399.0,1769126400000
tank_1563,72.0235294117647,1769126400000
tank_1564,0.0,1769126400000
tank_1565,1364.7882352941176,1769126400000
tank_1567,0.0,1769126400000
tank_1568,0.0,1769126400000
tank_1573,244.30980392156863,1769126400000
tank_1583,0.0,1769126400000
tank_1587,426.0,1769126400000
tank_1588,0.0,1769126400000
tank_1592,0.0,1769126400000
tank_1594,0.0,1769126400000
tank_1595,1.0,1769126400000
tank_1597,118.0,1769126400000
tank_1598,24.764705882352942,1769126400000
tank_1600,3.6196078431372545,1769126400000
tank_1604,0.0,1769126400000
tank_0002,1.6941176470588237,1770163200000
tank_0004,0.0,1770163200000
tank_0005,0.0,1770163200000
tank_0011,0.0,1770163200000
tank_0014,4.0,1770163200000
tank_0019,5.47843137254902,1770163200000
tank_0024,7.843137254901961,1770163200000
tank_0025,0.0,1770163200000
tank_0026,1.0,1770163200000
tank_0027,0.0,1770163200000
tank_0030,2.0,1770163200000
tank_0031,9.486274509803922,1770163200000
tank_0036,1.0745098039215684,1770163200000
tank_0037,29.36078431372549,1770163200000
tank_0038,0.0,1770163200000
tank_0050,4.592156862745098,1770163200000
tank_0051,0.0,1770163200000
tank_0052,0.0,1770163200000
tank_0053,26.611764705882358,1770163200000
tank_0055,0.25098039215686274,1770163200000
tank_0057,6.372549019607844,1770163200000
tank_0058,0.0,1770163200000
tank_0064,0.0,1770163200000
tank_0069,32.07843137254902,1770163200000
tank_0072,0.0,1770163200000
tank_0073,0.0,1770163200000
tank_0080,15.0,1770163200000
tank_0094,0.0,1770163200000
tank_0107,0.0,1770163200000
tank_0110,34.674509803921566,1770163200000
tank_0113,24.133333333333336,1770163200000
tank_0115,0.6980392156862745,1770163200000
tank_0116,3.0392156862745097,1770163200000
tank_0117,42.0,1770163200000
tank_0118,0.0,1770163200000
tank_0122,0.0,1770163200000
tank_0125,2.768627450980392,1770163200000
tank_0130,9.51764705882353,1770163200000
tank_0131,6.0,1770163200000
tank_0132,0.0,1770163200000
tank_0134,0.0,1770163200000
tank_0135,8.0,1770163200000
tank_0142,8.0,1770163200000
tank_0143,0.0,1770163200000
tank_0144,2.0,1770163200000
tank_0148,4.0,1770163200000
tank_0153,9.0,1770163200000
tank_0156,54.54117647058823,1770163200000
tank_0159,3.0,1770163200000
tank_0165,9.866666666666667,1770163200000
tank_0171,0.0,1770163200000
tank_0172,0.0,1770163200000
tank_0174,9.247058823529413,1770163200000
tank_0176,11.129411764705882,1770163200000
tank_0184,4.0,1770163200000
tank_0187,0.5568627450980392,1770163200000
tank_0190,5.6156862745098035,1770163200000
tank_0192,2.607843137254902,1770163200000
tank_0193,0.0,1770163200000
tank_0195,15.854901960784316,1770163200000
tank_0199,0.0,1770163200000
tank_0204,0.0,1770163200000
tank_0205,0.0,1770163200000
tank_0207,3.0,1770163200000
tank_0209,0.0,1770163200000
tank_0213,0.0,1770163200000
tank_0217,0.0,1770163200000
tank_0220,7.333333333333334,1770163200000
tank_0221,33.57254901960785,1770163200000
tank_0225,0.0,1770163200000
tank_0226,0.7960784313725491,1770163200000
tank_0228,0.0,1770163200000
tank_0229,0.0,1770163200000
tank_0231,0.0,1770163200000
tank_0233,0.0,1770163200000
tank_0236,4.0,1770163200000
tank_0237,0.0,1770163200000
tank_0240,0.12549019607843137,1770163200000
tank_0242,0.0,1770163200000
tank_0245,0.0,1770163200000
tank_0247,0.0,1770163200000
tank_0256,8.996078431372547,1770163200000
tank_0257,5.0,1770163200000
tank_0260,1.0,1770163200000
tank_0261,0.0,1770163200000
tank_0264,0.0,1770163200000
tank_0273,216.0,1770163200000
tank_0276,19.0,1770163200000
tank_0278,0.0,1770163200000
tank_0280,0.6666666666666666,1770163200000
tank_0291,0.0,1770163200000
tank_0292,14.823529411764707,1770163200000
tank_0296,0.0,1770163200000
tank_0297,0.0,1770163200000
tank_0299,0.0,1770163200000
tank_0300,17.2235294117647,1770163200000
tank_0301,0.0,1770163200000
tank_0307,3.0,1770163200000
tank_0309,6.0,1770163200000
tank_0313,2.0,1770163200000
tank_0314,0.0,1770163200000
tank_0319,0.0,1770163200000
tank_0321,0.48627450980392156,1770163200000
tank_0327,0.0,1770163200000
tank_0337,0.0,1770163200000
tank_0338,8.278431372549019,1770163200000
tank_0339,58.75686274509803,1770163200000
tank_0342,52.48627450980392,1770163200000
tank_0345,1.7450980392156863,1770163200000
tank_0346,4.372549019607844,1770163200000
tank_0349,73.0,1770163200000
tank_0350,0.0,1770163200000
tank_0353,28.87450980392157,1770163200000
tank_0356,0.0,1770163200000
tank_0360,0.0,1770163200000
tank_0361,0.0,1770163200000
tank_0362,3.2470588235294118,1770163200000
tank_0364,1.0,1770163200000
tank_0366,35.56078431372549,1770163200000
tank_0369,0.0,1770163200000
tank_0375,1.6666666666666667,1770163200000
tank_0379,8.058823529411764,1770163200000
tank_0381,0.0,1770163200000
tank_0386,5.372549019607844,1770163200000
tank_0390,4.0,1770163200000
tank_0397,0.011764705882352941,1770163200000
tank_0399,0.0,1770163200000
tank_0404,10.0,1770163200000
tank_0409,0.0,1770163200000
tank_0420,0.0,1770163200000
tank_0425,1.0784313725490196,1770163200000
tank_0431,0.0,1770163200000
tank_0432,3.9058823529411764,1770163200000
tank_0435,0.0,1770163200000
tank_0436,0.0,1770163200000
tank_0438,0.0,1770163200000
tank_0443,0.0,1770163200000
tank_0444,0.0,1770163200000
tank_0447,113.66274509803921,1770163200000
tank_0448,0.0,1770163200000
tank_0449,0.0,1770163200000
tank_0455,29.694117647058825,1770163200000
tank_0460,3.7764705882352945,1770163200000
tank_0462,0.0,1770163200000
tank_0466,0.0,1770163200000
tank_0471,0.0,1770163200000
tank_0473,2.0,1770163200000
tank_0474,2.996078431372549,1770163200000
tank_0481,23.768627450980393,1770163200000
tank_0485,0.0,1770163200000
tank_0489,0.0,1770163200000
tank_0491,0.0,1770163200000
tank_0494,17.447058823529414,1770163200000
tank_0497,0.0,1770163200000
tank_0498,6.007843137254902,1770163200000
tank_0502,0.0,1770163200000
tank_0505,1.5450980392156863,1770163200000
tank_0509,8.27843137254902,1770163200000
tank_0512,272.0,1770163200000
tank_0514,0.0,1770163200000
tank_0515,4.035294117647059,1770163200000
tank_0521,9.0,1770163200000
tank_0524,0.0,1770163200000
tank_0526,16.0,1770163200000
tank_0533,8.027450980392157,1770163200000
tank_0534,0.0,1770163200000
tank_0536,0.0,1770163200000
tank_0537,0.0,1770163200000
tank_0541,17.18823529411765,1770163200000
tank_0547,4.0,1770163200000
tank_0552,6.713725490196079,1770163200000
tank_0555,0.0,1770163200000
tank_0556,0.0,1770163200000
tank_0557,0.0,1770163200000
tank_0560,3.023529411764706,1770163200000
tank_0561,1.2470588235294118,1770163200000
tank_0566,0.0,1770163200000
tank_0567,0.0,1770163200000
tank_0568,1.9490196078431374,1770163200000
tank_0574,0.0,1770163200000
tank_0579,0.0,1770163200000
tank_0583,9.0,1770163200000
tank_0587,0.0,1770163200000
tank_0589,0.0,1770163200000
tank_0590,1.7490196078431373,1770163200000
tank_0592,2.0,1770163200000
tank_0593,4.0,1770163200000
tank_0595,7.349019607843138,1770163200000
tank_0600,22.729411764705883,1770163200000
tank_0604,10.803921568627448,1770163200000
tank_0606,46.752941176470586,1770163200000
tank_0607,9.498039215686275,1770163200000
tank_0608,0.0,1770163200000
tank_0610,11.776470588235295,1770163200000
tank_0611,12.866666666666665,1770163200000
tank_0612,5.952941176470588,1770163200000
tank_0613,0.0,1770163200000
tank_0619,0.0,1770163200000
tank_0626,0.0,1770163200000
tank_0627,0.0,1770163200000
tank_0628,3.0,1770163200000
tank_0632,2.0,1770163200000
tank_0633,0.0,1770163200000
tank_0639,1.9058823529411764,1770163200000
tank_0640,0.0,1770163200000
tank_0641,0.0,1770163200000
tank_0643,11.0,1770163200000
tank_0646,1.8745098039215686,1770163200000
tank_0663,3.8862745098039215,1770163200000
tank_0664,0.0,1770163200000
tank_0666,0.0,1770163200000
tank_0667,9.819607843137256,1770163200000
tank_0670,12.0,1770163200000
tank_0675,0.0,1770163200000
tank_0676,0.0,1770163200000
tank_0678,4.152941176470588,1770163200000
tank_0681,0.0,1770163200000
tank_0687,4.0,1770163200000
tank_0688,0.0,1770163200000
tank_0697,1.0627450980392157,1770163200000
tank_0720,0.0,1770163200000
tank_0722,0.37254901960784315,1770163200000
tank_0724,3.0,1770163200000
tank_0725,0.0,1770163200000
tank_0728,11.0,1770163200000
tank_0730,0.0,1770163200000
tank_0731,0.0,1770163200000
tank_0732,2.9058823529411764,1770163200000
tank_0737,180.0,1770163200000
tank_0739,6.686274509803922,1770163200000
tank_0740,25.0,1770163200000
tank_0746,0.0,1770163200000
tank_0748,2.0,1770163200000
tank_0749,0.0,1770163200000
tank_0752,12.003921568627451,1770163200000
tank_0760,0.0,1770163200000
tank_0770,2.9450980392156865,1770163200000
tank_0772,0.0,1770163200000
tank_0788,0.0,1770163200000
tank_0789,3.380392156862745,1770163200000
tank_0792,141.69803921568626,1770163200000
tank_0797,0.0,1770163200000
tank_0800,40.0,1770163200000
tank_0802,19.3921568627451,1770163200000
tank_0803,1.2745098039215685,1770163200000
tank_0808,3.9490196078431374,1770163200000
tank_0810,10.0,1770163200000
tank_0811,7.6196078431372545,1770163200000
tank_0812,38.0,1770163200000
tank_0813,3.67843137254902,1770163200000
tank_0816,0.0,1770163200000
tank_0819,0.0,1770163200000
tank_0823,0.0,1770163200000
tank_0824,0.0,1770163200000
tank_0825,0.0,1770163200000
tank_0828,0.0,1770163200000
tank_0829,0.0,1770163200000
tank_0830,0.0,1770163200000
tank_0831,0.607843137254902,1770163200000
tank_0844,0.0,1770163200000
tank_0852,24.749019607843138,1770163200000
tank_0855,0.0,1770163200000
tank_0856,701.0,1770163200000
tank_0860,6.0,1770163200000
tank_0861,0.0,1770163200000
tank_0872,6.0,1770163200000
tank_0875,157.0,1770163200000
tank_0879,0.0,1770163200000
tank_0885,0.0,1770163200000
tank_0891,0.0,1770163200000
tank_0894,716.0,1770163200000
tank_0898,512.0,1770163200000
tank_0900,23.847058823529412,1770163200000
tank_0901,0.0,1770163200000
tank_0902,209.0,1770163200000
tank_0914,0.0,1770163200000
tank_0917,601.9725490196079,1770163200000
tank_0919,0.0,1770163200000
tank_0920,0.0,1770163200000
tank_0922,225.0,1770163200000
tank_0923,12.850980392156863,1770163200000
tank_0924,3.0,1770163200000
tank_0926,2.0,1770163200000
tank_0927,0.0,1770163200000
tank_0928,6.0,1770163200000
tank_0930,0.0,1770163200000
tank_0931,0.0,1770163200000
tank_0933,0.0,1770163200000
tank_0934,2.0,1770163200000
tank_0937,0.0,1770163200000
tank_0938,0.0,1770163200000
tank_0939,1.0,1770163200000
tank_0944,0.0,1770163200000
tank_0946,9.537254901960784,1770163200000
tank_0952,3.0,1770163200000
tank_0958,0.25098039215686274,1770163200000
tank_0962,1350.0,1770163200000
tank_0967,0.9176470588235295,1770163200000
tank_0975,0.0,1770163200000
tank_0978,0.0,1770163200000
tank_0990,0.0,1770163200000
tank_0991,814.0,1770163200000
tank_0998,0.0,1770163200000
tank_0999,0.0,1770163200000
tank_1003,664.0,1770163200000
tank_1004,0.0,1770163200000
tank_1014,128.0,1770163200000
tank_1026,229.0,1770163200000
tank_1031,12.79607843137255,1770163200000
tank_1032,12.850980392156863,1770163200000
tank_1034,1.6235294117647059,1770163200000
tank_1042,50.0,1770163200000
tank_1045,10.0,1770163200000
tank_1049,0.0,1770163200000
tank_1055,20.28235294117647,1770163200000
tank_1061,0.0,1770163200000
tank_1062,2.4784313725490197,1770163200000
tank_1064,1.0,1770163200000
tank_1065,9.776470588235295,1770163200000
tank_1066,35.26666666666667,1770163200000
tank_1070,74.0,1770163200000
tank_1073,47.0,1770163200000
tank_1083,0.0,1770163200000
tank_1086,1.0,1770163200000
tank_1088,11.976470588235294,1770163200000
tank_1089,20.0,1770163200000
tank_1090,206.46274509803922,1770163200000
tank_1091,1.0,1770163200000
tank_1094,1614.9803921568628,1770163200000
tank_1095,3.0,1770163200000
tank_1104,0.0,1770163200000
tank_1113,37.0,1770163200000
tank_1116,11.0,1770163200000
tank_1117,0.0,1770163200000
tank_1120,348.98823529411766,1770163200000
tank_1121,525.0,1770163200000
tank_1124,0.0,1770163200000
tank_1128,0.0,1770163200000
tank_1134,3.4156862745098038,1770163200000
tank_1135,0.0,1770163200000
tank_1146,8.0,1770163200000
tank_1149,2.3098039215686272,1770163200000
tank_1156,0.0,1770163200000
tank_1157,17.137254901960787,1770163200000
tank_1159,427.0,1770163200000
tank_1160,661.0,1770163200000
tank_1166,0.23137254901960785,1770163200000
tank_1170,29.12549019607843,1770163200000
tank_1175,0.0,1770163200000
tank_1177,11.250980392156862,1770163200000
tank_1179,7.113725490196078,1770163200000
tank_1181,114.94117647058823,1770163200000
tank_1186,77.0,1770163200000
tank_1187,31.094117647058823,1770163200000
tank_1190,0.0,1770163200000
tank_1192,0.0,1770163200000
tank_1196,13.682352941176472,1770163200000
tank_1197,1285.992156862745,1770163200000
tank_1201,0.0,1770163200000
tank_1203,19.388235294117646,1770163200000
tank_1205,45.0,1770163200000
tank_1209,1201.5372549019608,1770163200000
tank_1217,0.0,1770163200000
tank_1223,0.0,1770163200000
tank_1226,190.75294117647059,1770163200000
tank_1228,2.0,1770163200000
tank_1230,0.4196078431372549,1770163200000
tank_1237,0.0,1770163200000
tank_1239,633.0,1770163200000
tank_1245,0.0,1770163200000
tank_1246,0.0,1770163200000
tank_1250,0.0,1770163200000
tank_1254,1429.0,1770163200000
tank_1255,7.576470588235295,1770163200000
tank_1258,41.0,1770163200000
tank_1261,0.25098039215686274,1770163200000
tank_1262,8.525490196078431,1770163200000
tank_1263,27.0,1770163200000
tank_1265,1.0,1770163200000
tank_1270,0.0,1770163200000
tank_1272,14.71764705882353,1770163200000
tank_1275,10.56078431372549,1770163200000
tank_1276,135.95294117647057,1770163200000
tank_1279,0.0,1770163200000
tank_1280,2.407843137254902,1770163200000
tank_1284,0.0,1770163200000
tank_1285,0.0,1770163200000
tank_1286,71.0,1770163200000
tank_1290,5.0,1770163200000
tank_1291,0.0,1770163200000
tank_1293,0.0,1770163200000
tank_1295,8.858823529411765,1770163200000
tank_1297,32.0,1770163200000
tank_1301,146.0,1770163200000
tank_1302,27.0,1770163200000
tank_1304,0.0,1770163200000
tank_1305,1.0,1770163200000
tank_1313,1091.0,1770163200000
tank_1322,0.0,1770163200000
tank_1325,184.99607843137255,1770163200000
tank_1326,0.0,1770163200000
tank_1344,4.0,1770163200000
tank_1346,0.0,1770163200000
tank_1349,0.0,1770163200000
tank_1353,1147.0,1770163200000
tank_1358,0.0,1770163200000
tank_1359,0.0,1770163200000
tank_1361,1051.0,1770163200000
tank_1364,1030.0,1770163200000
tank_1365,15.952941176470588,1770163200000
tank_1372,34.0,1770163200000
tank_1374,171.0,1770163200000
tank_1378,443.81960784313725,1770163200000
tank_1380,0.0,1770163200000
tank_1386,462.0,1770163200000
tank_1391,20.0,1770163200000
tank_1393,0.0,1770163200000
tank_1396,0.0,1770163200000
tank_1397,0.0,1770163200000
tank_1403,0.0,1770163200000
tank_1409,1.0,1770163200000
tank_1412,0.0,1770163200000
tank_1415,0.0,1770163200000
tank_1416,0.0,1770163200000
tank_1421,448.0,1770163200000
tank_1422,0.0,1770163200000
tank_1425,233.0,1770163200000
tank_1426,158.01960784313724,1770163200000
tank_1430,0.0,1770163200000
tank_1433,494.0,1770163200000
tank_1438,0.0,1770163200000
tank_1439,16.0,1770163200000
tank_1441,0.0,1770163200000
tank_1443,0.0,1770163200000
tank_1445,0.0,1770163200000
tank_1446,0.0,1770163200000
tank_1450,0.0,1770163200000
tank_1452,0.0,1770163200000
tank_1456,0.0,1770163200000
tank_1466,0.0,1770163200000
tank_1471,0.0,1770163200000
tank_1475,519.9490196078432,1770163200000
tank_1486,1440.0,1770163200000
tank_1488,84.0,1770163200000
tank_1491,0.0,1770163200000
tank_1500,0.0,1770163200000
tank_1505,452.0,1770163200000
tank_1513,460.0,1770163200000
tank_1531,0.0,1770163200000
tank_1536,0.0,1770163200000
tank_1539,641.9254901960785,1770163200000
tank_1541,121.69019607843137,1770163200000
tank_1542,0.0,1770163200000
tank_1547,370.0,1770163200000
tank_1563,69.32156862745099,1770163200000
tank_1564,0.0,1770163200000
tank_1565,629.0,1770163200000
tank_1567,0.0,1770163200000
tank_1568,0.0,1770163200000
tank_1573,251.30980392156863,1770163200000
tank_1583,1.0,1770163200000
tank_1587,645.7843137254902,1770163200000
tank_1588,0.0,1770163200000
tank_1592,0.0,1770163200000
tank_1594,0.0,1770163200000
tank_1595,7.0,1770163200000
tank_1597,132.0,1770163200000
tank_1598,28.333333333333336,1770163200000
tank_1600,15.619607843137254,1770163200000
tank_1604,0.0,1770163200000
tank_0002,0.3607843137254902,1771200000000
tank_0004,0.0,1771200000000
tank_0005,0.0,1771200000000
tank_0011,0.0,1771200000000
tank_0014,5.0,1771200000000
tank_0019,3.4745098039215687,1771200000000
tank_0024,12.870588235294116,1771200000000
tank_0025,0.0,1771200000000
tank_0026,1.0,1771200000000
tank_0027,0.0,1771200000000
tank_0030,6.737254901960785,1771200000000
tank_0031,17.349019607843136,1771200000000
tank_0036,0.0,1771200000000
tank_0037,17.094117647058823,1771200000000
tank_0038,0.1568627450980392,1771200000000
tank_0050,8.909803921568628,1771200000000
tank_0051,0.0,1771200000000
tank_0052,0.0,1771200000000
tank_0053,22.443137254901963,1771200000000
tank_0055,0.10196078431372549,1771200000000
tank_0057,11.0,1771200000000
tank_0058,0.0,1771200000000
tank_0064,4.0,1771200000000
tank_0069,40.07843137254902,1771200000000
tank_0072,0.0,1771200000000
tank_0073,0.0,1771200000000
tank_0080,17.0,1771200000000
tank_0094,0.0,1771200000000
tank_0107,0.0,1771200000000
tank_0110,33.7921568627451,1771200000000
tank_0113,13.694117647058823,1771200000000
tank_0115,0.0,1771200000000
tank_0116,1.0,1771200000000
tank_0117,33.0,1771200000000
tank_0118,0.0,1771200000000
tank_0122,0.0,1771200000000
tank_0125,14.372549019607844,1771200000000
tank_0130,2.0,1771200000000
tank_0131,5.925490196078431,1771200000000
tank_0132,0.0,1771200000000
tank_0134,0.0,1771200000000
tank_0135,0.0,1771200000000
tank_0142,4.7254901960784315,1771200000000
tank_0143,0.0,1771200000000
tank_0144,0.0,1771200000000
tank_0148,1.0,1771200000000
tank_0153,7.0,1771200000000
tank_0156,71.3137254901961,1771200000000
tank_0159,0.0,1771200000000
tank_0165,5.43921568627451,1771200000000
tank_0171,0.0,1771200000000
tank_0172,0.0,1771200000000
tank_0174,20.60392156862745,1771200000000
tank_0176,21.490196078431374,1771200000000
tank_0184,1.6588235294117646,1771200000000
tank_0187,0.0,1771200000000
tank_0190,0.0,1771200000000
tank_0192,0.0,1771200000000
tank_0193,0.0,1771200000000
tank_0195,15.898039215686277,1771200000000
tank_0199,0.0,1771200000000
tank_0204,0.0,1771200000000
tank_0205,0.0,1771200000000
tank_0207,0.0,1771200000000
tank_0209,0.0,1771200000000
tank_0213,0.0,1771200000000
tank_0217,2.0,1771200000000
tank_0220,9.333333333333334,1771200000000
tank_0221,24.215686274509807,1771200000000
tank_0225,0.0,1771200000000
tank_0226,3.0,1771200000000
tank_0228,0.0,1771200000000
tank_0229,2.1058823529411765,1771200000000
tank_0231,0.0,1771200000000
tank_0233,4.0,1771200000000
tank_0236,0.0,1771200000000
tank_0237,0.0,1771200000000
tank_0240,0.25098039215686274,1771200000000
tank_0242,0.0,1771200000000
tank_0245,2.227450980392157,1771200000000
tank_0247,0.0,1771200000000
tank_0256,0.0,1771200000000
tank_0257,1.0,1771200000000
tank_0260,0.0,1771200000000
tank_0261,0.0,1771200000000
tank_0264,0.0,1771200000000
tank_0273,207.0,1771200000000
tank_0276,20.0,1771200000000
tank_0278,0.0,1771200000000
tank_0280,0.0,1771200000000
tank_0291,0.0,1771200000000
tank_0292,19.69019607843137,1771200000000
tank_0296,0.0,1771200000000
tank_0297,6.0627450980392155,1771200000000
tank_0299,0.0,1771200000000
tank_0300,15.799999999999999,1771200000000
tank_0301,6.882352941176471,1771200000000
tank_0307,0.0,1771200000000
tank_0309,5.0,1771200000000
tank_0313,2.0,1771200000000
tank_0314,0.0,1771200000000
tank_0319,0.0,1771200000000
tank_0321,0.0,1771200000000
tank_0327,0.0,1771200000000
tank_0337,0.0,1771200000000
tank_0338,2.8470588235294114,1771200000000
tank_0339,46.30196078431372,1771200000000
tank_0342,40.90588235294118,1771200000000
tank_0345,13.741176470588236,1771200000000
tank_0346,0.6352941176470588,1771200000000
tank_0349,63.0,1771200000000
tank_0350,1.0,1771200000000
tank_0353,41.85098039215687,1771200000000
tank_0356,0.0,1771200000000
tank_0360,0.0,1771200000000
tank_0361,2.4980392156862745,1771200000000
tank_0362,0.4117647058823529,1771200000000
tank_0364,0.0,1771200000000
tank_0366,37.44705882352942,1771200000000
tank_0369,0.0,1771200000000
tank_0375,0.0,1771200000000
tank_0379,5.0549019607843135,1771200000000
tank_0381,0.0,1771200000000
tank_0386,2.0,1771200000000
tank_0390,3.0,1771200000000
tank_0397,0.0,1771200000000
tank_0399,0.0,1771200000000
tank_0404,7.0,1771200000000
tank_0409,0.0,1771200000000
tank_0420,0.0,1771200000000
tank_0425,0.0,1771200000000
tank_0431,0.0,1771200000000
tank_0432,1.0,1771200000000
tank_0435,0.0,1771200000000
tank_0436,1.5529411764705883,1771200000000
tank_0438,0.0,1771200000000
tank_0443,0.0,1771200000000
tank_0444,0.0,1771200000000
tank_0447,113.32156862745099,1771200000000
tank_0448,0.0,1771200000000
tank_0449,0.0,1771200000000
tank_0455,40.878431372549024,1771200000000
tank_0460,3.850980392156863,1771200000000
tank_0462,0.0,1771200000000
tank_0466,0.0,1771200000000
tank_0471,4.874509803921569,1771200000000
tank_0473,13.137254901960786,1771200000000
tank_0474,2.0,1771200000000
tank_0481,15.580392156862745,1771200000000
tank_0485,0.0,1771200000000
tank_0489,0.0,1771200000000
tank_0491,0.0,1771200000000
tank_0494,7.525490196078431,1771200000000
tank_0497,0.0,1771200000000
tank_0498,4.47843137254902,1771200000000
tank_0502,0.0,1771200000000
tank_0505,7.564705882352941,1771200000000
tank_0509,4.105882352941176,1771200000000
tank_0512,149.0,1771200000000
tank_0514,0.0,1771200000000
tank_0515,3.372549019607843,1771200000000
tank_0521,4.0,1771200000000
tank_0524,0.0,1771200000000
tank_0526,14.0,1771200000000
tank_0533,1.9137254901960783,1771200000000
tank_0534,0.0,1771200000000
tank_0536,0.0,1771200000000
tank_0537,0.0,1771200000000
tank_0541,12.611764705882353,1771200000000
tank_0547,0.0,1771200000000
tank_0552,0.00784313725490196,1771200000000
tank_0555,0.0,1771200000000
tank_0556,0.0,1771200000000
tank_0557,0.0,1771200000000
tank_0560,0.0,1771200000000
tank_0561,0.023529411764705882,1771200000000
tank_0566,0.0,1771200000000
tank_0567,0.0,1771200000000
tank_0568,7.415686274509804,1771200000000
tank_0574,0.0,1771200000000
tank_0579,0.0,1771200000000
tank_0583,3.0,1771200000000
tank_0587,0.0,1771200000000
tank_0589,0.0,1771200000000
tank_0590,6.0,1771200000000
tank_0592,2.0431372549019606,1771200000000
tank_0593,2.0,1771200000000
tank_0595,6.68235294117647,1771200000000
tank_0600,9.56078431372549,1771200000000
tank_0604,3.2627450980392156,1771200000000
tank_0606,53.286274509803924,1771200000000
tank_0607,15.419607843137253,1771200000000
tank_0608,0.0,1771200000000
tank_0610,0.0,1771200000000
tank_0611,0.0,1771200000000
tank_0612,0.0,1771200000000
tank_0613,0.0,1771200000000
tank_0619,0.0,1771200000000
tank_0626,0.0,1771200000000
tank_0627,0.0,1771200000000
tank_0628,0.0,1771200000000
tank_0632,4.0,1771200000000
tank_0633,0.0,1771200000000
tank_0639,6.0,1771200000000
tank_0640,0.0,1771200000000
tank_0641,5.0,1771200000000
tank_0643,7.0,1771200000000
tank_0646,0.8745098039215686,1771200000000
tank_0663,0.16078431372549018,1771200000000
tank_0664,0.0,1771200000000
tank_0666,12.768627450980393,1771200000000
tank_0667,7.6196078431372545,1771200000000
tank_0670,9.0,1771200000000
tank_0675,0.0,1771200000000
tank_0676,0.0,1771200000000
tank_0678,9.117647058823529,1771200000000
tank_0681,0.0,1771200000000
tank_0687,3.0,1771200000000
tank_0688,0.0,1771200000000
tank_0697,0.0,1771200000000
tank_0720,0.0,1771200000000
tank_0722,21.02745098039216,1771200000000
tank_0724,4.788235294117646,1771200000000
tank_0725,4.0,1771200000000
tank_0728,8.654901960784315,1771200000000
tank_0730,6.843137254901961,1771200000000
tank_0731,0.0,1771200000000
tank_0732,1.192156862745098,1771200000000
tank_0737,130.0,1771200000000
tank_0739,4.690196078431373,1771200000000
tank_0740,21.615686274509805,1771200000000
tank_0746,0.0,1771200000000
tank_0748,0.0,1771200000000
tank_0749,1.0745098039215686,1771200000000
tank_0752,12.250980392156862,1771200000000
tank_0760,0.0,1771200000000
tank_0770,6.35686274509804,1771200000000
tank_0772,0.0,1771200000000
tank_0788,0.0,1771200000000
tank_0789,12.0,1771200000000
tank_0792,143.08235294117645,1771200000000
tank_0797,0.0,1771200000000
tank_0800,50.55686274509804,1771200000000
tank_0802,2.788235294117647,1771200000000
tank_0803,0.0,1771200000000
tank_0808,2.211764705882353,1771200000000
tank_0810,5.0,1771200000000
tank_0811,2.0,1771200000000
tank_0812,40.0,1771200000000
tank_0813,2.9176470588235293,1771200000000
tank_0816,0.0,1771200000000
tank_0819,0.0,1771200000000
tank_0823,0.0,1771200000000
tank_0824,0.0,1771200000000
tank_0825,0.0,1771200000000
tank_0828,0.0,1771200000000
tank_0829,0.0,1771200000000
tank_0830,0.0,1771200000000
tank_0831,19.725490196078432,1771200000000
tank_0844,0.0,1771200000000
tank_0852,26.51764705882353,1771200000000
tank_0855,0.0,1771200000000
tank_0856,826.0,1771200000000
tank_0860,0.0,1771200000000
tank_0861,0.0,1771200000000
tank_0872,0.0,1771200000000
tank_0875,132.0,1771200000000
tank_0879,0.0,1771200000000
tank_0885,0.0,1771200000000
tank_0891,0.0,1771200000000
tank_0894,1227.8235294117646,1771200000000
tank_0898,509.0,1771200000000
tank_0900,7.4980392156862745,1771200000000
tank_0901,0.0,1771200000000
tank_0902,208.0,1771200000000
tank_0914,0.0,1771200000000
tank_0917,574.0,1771200000000
tank_0919,3.0,1771200000000
tank_0920,0.0,1771200000000
tank_0922,230.0,1771200000000
tank_0923,10.0,1771200000000
tank_0924,0.0,1771200000000
tank_0926,11.12156862745098,1771200000000
tank_0927,3.0627450980392155,1771200000000
tank_0928,2.0,1771200000000
tank_0930,0.0,1771200000000
tank_0931,0.0,1771200000000
tank_0933,0.0,1771200000000
tank_0934,0.0,1771200000000
tank_0937,0.0,1771200000000
tank_0938,0.6235294117647059,1771200000000
tank_0939,0.0,1771200000000
tank_0944,0.0,1771200000000
tank_0946,2.0,1771200000000
tank_0952,0.0,1771200000000
tank_0958,0.0,1771200000000
tank_0962,1758.0,1771200000000
tank_0967,2.0901960784313727,1771200000000
tank_0975,0.0,1771200000000
tank_0978,0.0,1771200000000
tank_0990,0.0,1771200000000
tank_0991,898.0,1771200000000
tank_0998,0.0,1771200000000
tank_0999,0.7411764705882353,1771200000000
tank_1003,629.0,1771200000000
tank_1004,4.0,1771200000000
tank_1014,116.0,1771200000000
tank_1026,206.0,1771200000000
tank_1031,8.0,1771200000000
tank_1032,3.0,1771200000000
tank_1034,1.3372549019607844,1771200000000
tank_1042,45.0,1771200000000
tank_1045,0.0,1771200000000
tank_1049,0.0,1771200000000
tank_1055,9.627450980392156,1771200000000
tank_1061,0.0,1771200000000
tank_1062,0.0,1771200000000
tank_1064,0.0,1771200000000
tank_1065,6.2784313725490195,1771200000000
tank_1066,32.49803921568627,1771200000000
tank_1070,65.0,1771200000000
tank_1073,44.0,1771200000000
tank_1083,0.0,1771200000000
tank_1086,1.0,1771200000000
tank_1088,5.0,1771200000000
tank_1089,21.0,1771200000000
tank_1090,196.8156862745098,1771200000000
tank_1091,0.0,1771200000000
tank_1094,1742.0,1771200000000
tank_1095,2.0,1771200000000
tank_1104,0.0,1771200000000
tank_1113,23.0,1771200000000
tank_1116,1.0,1771200000000
tank_1117,0.0,1771200000000
tank_1120,371.53725490196075,1771200000000
tank_1121,574.0,1771200000000
tank_1124,26.572549019607845,1771200000000
tank_1128,0.0,1771200000000
tank_1134,0.45098039215686275,1771200000000
tank_1135,0.0,1771200000000
tank_1146,1.0,1771200000000
tank_1149,5.541176470588235,1771200000000
tank_1156,6.098039215686274,1771200000000
tank_1157,18.854901960784318,1771200000000
tank_1159,437.0,1771200000000
tank_1160,669.0,1771200000000
tank_1166,0.0,1771200000000
tank_1170,12.623529411764704,1771200000000
tank_1175,0.0,1771200000000
tank_1177,8.752941176470586,1771200000000
tank_1179,5.447058823529413,1771200000000
tank_1181,161.94117647058823,1771200000000
tank_1186,59.0,1771200000000
tank_1187,32.15686274509804,1771200000000
tank_1190,5.0,1771200000000
tank_1192,0.0,1771200000000
tank_1196,38.55294117647058,1771200000000
tank_1197,1272.992156862745,1771200000000
tank_1201,0.0,1771200000000
tank_1203,22.062745098039212,1771200000000
tank_1205,331.0,1771200000000
tank_1209,1207.4980392156863,1771200000000
tank_1217,0.0,1771200000000
tank_1223,0.0,1771200000000
tank_1226,195.41568627450982,1771200000000
tank_1228,2.0,1771200000000
tank_1230,0.25098039215686274,1771200000000
tank_1237,0.0,1771200000000
tank_1239,648.0,1771200000000
tank_1245,0.0,1771200000000
tank_1246,4.0,1771200000000
tank_1250,0.0,1771200000000
tank_1254,1321.0,1771200000000
tank_1255,13.090196078431374,1771200000000
tank_1258,37.0,1771200000000
tank_1261,0.0,1771200000000
tank_1262,0.6627450980392158,1771200000000
tank_1263,22.0,1771200000000
tank_1265,3.0,1771200000000
tank_1270,0.0,1771200000000
tank_1272,12.0,1771200000000
tank_1275,6.309803921568627,1771200000000
tank_1276,127.95294117647059,1771200000000
tank_1279,0.0,1771200000000
tank_1280,0.0,1771200000000
tank_1284,0.0,1771200000000
tank_1285,0.0,1771200000000
tank_1286,62.0,1771200000000
tank_1290,12.0,1771200000000
tank_1291,0.0,1771200000000
tank_1293,9.0,1771200000000
tank_1295,0.0,1771200000000
tank_1297,43.0,1771200000000
tank_1301,165.0,1771200000000
tank_1302,16.0,1771200000000
tank_1304,0.0,1771200000000
tank_1305,4.0,1771200000000
tank_1313,1242.0,1771200000000
tank_1322,0.0,1771200000000
tank_1325,212.59607843137255,1771200000000
tank_1326,0.0,1771200000000
tank_1344,2.0,1771200000000
tank_1346,0.0,1771200000000
tank_1349,0.0,1771200000000
tank_1353,1089.0,1771200000000
tank_1358,0.0,1771200000000
tank_1359,0.0,1771200000000
tank_1361,1011.0,1771200000000
tank_1364,1605.9803921568628,1771200000000
tank_1365,3.0,1771200000000
tank_1372,34.8,1771200000000
tank_1374,133.0,1771200000000
tank_1378,534.0,1771200000000
tank_1380,0.0,1771200000000
tank_1386,619.6705882352942,1771200000000
tank_1391,15.0,1771200000000
tank_1393,0.0,1771200000000
tank_1396,16.0,1771200000000
tank_1397,0.0,1771200000000
tank_1403,0.0,1771200000000
tank_1409,0.0,1771200000000
tank_1412,0.0,1771200000000
tank_1415,0.0,1771200000000
tank_1416,0.0,1771200000000
tank_1421,408.0,1771200000000
tank_1422,3.8627450980392157,1771200000000
tank_1425,179.0,1771200000000
tank_1426,128.03529411764706,1771200000000
tank_1430,0.0,1771200000000
tank_1433,480.0,1771200000000
tank_1438,0.0,1771200000000
tank_1439,8.0,1771200000000
tank_1441,0.0,1771200000000
tank_1443,0.0,1771200000000
tank_1445,0.0,1771200000000
tank_1446,0.0,1771200000000
tank_1450,0.0,1771200000000
tank_1452,0.0,1771200000000
tank_1456,0.0,1771200000000
tank_1466,2.0,1771200000000
tank_1471,0.0,1771200000000
tank_1475,453.0,1771200000000
tank_1486,1368.0,1771200000000
tank_1488,113.89019607843137,1771200000000
tank_1491,0.0,1771200000000
tank_1500,0.0,1771200000000
tank_1505,434.0,1771200000000
tank_1513,286.0,1771200000000
tank_1531,0.0,1771200000000
tank_1536,0.0,1771200000000
tank_1539,619.686274509804,1771200000000
tank_1541,99.0,1771200000000
tank_1542,0.0,1771200000000
tank_1547,383.0,1771200000000
tank_1563,74.66666666666667,1771200000000
tank_1564,0.0,1771200000000
tank_1565,1471.843137254902,1771200000000
tank_1567,0.0,1771200000000
tank_1568,0.0,1771200000000
tank_1573,230.0,1771200000000
tank_1583,0.0,1771200000000
tank_1587,543.0,1771200000000
tank_1588,0.0,1771200000000
tank_1592,0.0,1771200000000
tank_1594,0.0,1771200000000
tank_1595,9.0,1771200000000
tank_1597,102.0,1771200000000
tank_1598,16.866666666666664,1771200000000
tank_1600,11.392156862745098,1771200000000
tank_1604,0.0,1771200000000
tank_0002,1.1137254901960785,1772236800000
tank_0004,0.0,1772236800000
tank_0005,0.0,1772236800000
tank_0011,0.0,1772236800000
tank_0014,8.854901960784314,1772236800000
tank_0019,0.0,1772236800000
tank_0024,3.1215686274509804,1772236800000
tank_0025,0.0,1772236800000
tank_0026,0.0,1772236800000
tank_0027,0.0,1772236800000
tank_0030,2.8980392156862744,1772236800000
tank_0031,15.2,1772236800000
tank_0036,0.0,1772236800000
tank_0037,6.8,1772236800000
tank_0038,4.364705882352942,1772236800000
tank_0050,13.44705882352941,1772236800000
tank_0051,0.0,1772236800000
tank_0052,4.352941176470589,1772236800000
tank_0053,9.788235294117646,1772236800000
tank_0055,0.0,1772236800000
tank_0057,8.0,1772236800000
tank_0058,0.0,1772236800000
tank_0064,0.0,1772236800000
tank_0069,38.74901960784314,1772236800000
tank_0072,0.0,1772236800000
tank_0073,0.0,1772236800000
tank_0080,13.0,1772236800000
tank_0094,0.0,1772236800000
tank_0107,1.7490196078431373,1772236800000
tank_0110,19.7921568627451,1772236800000
tank_0113,23.203921568627454,1772236800000
tank_0115,0.0,1772236800000
tank_0116,0.0,1772236800000
tank_0117,30.0,1772236800000
tank_0118,0.0,1772236800000
tank_0122,0.0,1772236800000
tank_0125,4.317647058823529,1772236800000
tank_0130,4.0,1772236800000
tank_0131,1.784313725490196,1772236800000
tank_0132,0.0,1772236800000
tank_0134,0.0,1772236800000
tank_0135,1.0,1772236800000
tank_0142,0.0,1772236800000
tank_0143,0.0,1772236800000
tank_0144,0.0,1772236800000
tank_0148,2.0,1772236800000
tank_0153,13.0,1772236800000
tank_0156,68.5843137254902,1772236800000
tank_0159,0.0,1772236800000
tank_0165,5.035294117647059,1772236800000
tank_0171,0.0,1772236800000
tank_0172,2.0,1772236800000
tank_0174,11.058823529411764,1772236800000
tank_0176,11.0,1772236800000
tank_0184,0.0,1772236800000
tank_0187,0.0,1772236800000
tank_0190,8.184313725490197,1772236800000
tank_0192,2.0,1772236800000
tank_0193,0.0,1772236800000
tank_0195,7.0470588235294125,1772236800000
tank_0199,0.0,1772236800000
tank_0204,0.0,1772236800000
tank_0205,0.0,1772236800000
tank_0207,0.0,1772236800000
tank_0209,0.0,1772236800000
tank_0213,0.0,1772236800000
tank_0217,0.0,1772236800000
tank_0220,8.32549019607843,1772236800000
tank_0221,30.921568627450988,1772236800000
tank_0225,0.0,1772236800000
tank_0226,1.576470588235294,1772236800000
tank_0228,0.0,1772236800000
tank_0229,0.0,1772236800000
tank_0231,0.0,1772236800000
tank_0233,0.0,1772236800000
tank_0236,0.0,1772236800000
tank_0237,0.0,1772236800000
tank_0240,2.9686274509803923,1772236800000
tank_0242,0.0,1772236800000
tank_0245,7.952941176470588,1772236800000
tank_0247,0.0,1772236800000
tank_0256,0.0,1772236800000
tank_0257,0.0,1772236800000
tank_0260,3.4941176470588236,1772236800000
tank_0261,0.0,1772236800000
tank_0264,0.0,1772236800000
tank_0273,137.0,1772236800000
tank_0276,2.0,1772236800000
tank_0278,0.0,1772236800000
tank_0280,0.0,1772236800000
tank_0291,0.0,1772236800000
tank_0292,14.686274509803921,1772236800000
tank_0296,0.0,1772236800000
tank_0297,3.870588235294117,1772236800000
tank_0299,1.0,1772236800000
tank_0300,7.772549019607843,1772236800000
tank_0301,0.0,1772236800000
tank_0307,0.0,1772236800000
tank_0309,4.0,1772236800000
tank_0313,0.0,1772236800000
tank_0314,0.0,1772236800000
tank_0319,0.0,1772236800000
tank_0321,0.0,1772236800000
tank_0327,0.0,1772236800000
tank_0337,1.1019607843137256,1772236800000
tank_0338,2.0,1772236800000
tank_0339,37.678431372549014,1772236800000
tank_0342,27.541176470588237,1772236800000
tank_0345,5.0,1772236800000
tank_0346,2.9568627450980394,1772236800000
tank_0349,57.0,1772236800000
tank_0350,1.0,1772236800000
tank_0353,63.89411764705882,1772236800000
tank_0356,0.0,1772236800000
tank_0360,0.0,1772236800000
tank_0361,6.211764705882353,1772236800000
tank_0362,0.0,1772236800000
tank_0364,0.0,1772236800000
tank_0366,39.10196078431373,1772236800000
tank_0369,0.0,1772236800000
tank_0375,0.0,1772236800000
tank_0379,0.996078431372549,1772236800000
tank_0381,0.0,1772236800000
tank_0386,0.0,1772236800000
tank_0390,6.0,1772236800000
tank_0397,0.0,1772236800000
tank_0399,0.0,1772236800000
tank_0404,3.0,1772236800000
tank_0409,0.0,1772236800000
tank_0420,0.0,1772236800000
tank_0425,0.0,1772236800000
tank_0431,0.0,1772236800000
tank_0432,0.4666666666666667,1772236800000
tank_0435,0.0,1772236800000
tank_0436,0.0,1772236800000
tank_0438,0.4196078431372549,1772236800000
tank_0443,1.9176470588235293,1772236800000
tank_0444,0.0,1772236800000
tank_0447,65.85882352941177,1772236800000
tank_0448,0.0,1772236800000
tank_0449,0.796078431372549,1772236800000
tank_0455,26.054901960784314,1772236800000
tank_0460,9.84313725490196,1772236800000
tank_0462,0.0,1772236800000
tank_0466,0.0,1772236800000
tank_0471,2.5098039215686274,1772236800000
tank_0473,7.890196078431373,1772236800000
tank_0474,0.0,1772236800000
tank_0481,42.39215686274509,1772236800000
tank_0485,0.0,1772236800000
tank_0489,0.0,1772236800000
tank_0491,0.0,1772236800000
tank_0494,8.337254901960783,1772236800000
tank_0497,0.0,1772236800000
tank_0498,0.9647058823529412,1772236800000
tank_0502,0.0,1772236800000
tank_0505,8.854901960784314,1772236800000
tank_0509,0.3764705882352941,1772236800000
tank_0512,201.0,1772236800000
tank_0514,0.0,1772236800000
tank_0515,5.792156862745098,1772236800000
tank_0521,0.0,1772236800000
tank_0524,0.0,1772236800000
tank_0526,11.0,1772236800000
tank_0533,12.0,1772236800000
tank_0534,0.0,1772236800000
tank_0536,0.0,1772236800000
tank_0537,0.0,1772236800000
tank_0541,12.811764705882354,1772236800000
tank_0547,0.0,1772236800000
tank_0552,3.023529411764706,1772236800000
tank_0555,0.0,1772236800000
tank_0556,0.0,1772236800000
tank_0557,0.0,1772236800000
tank_0560,0.0,1772236800000
tank_0561,0.21568627450980393,1772236800000
tank_0566,0.0,1772236800000
tank_0567,0.0,1772236800000
tank_0568,8.5921568627451,1772236800000
tank_0574,0.0,1772236800000
tank_0579,0.0,1772236800000
tank_0583,7.0,1772236800000
tank_0587,0.0,1772236800000
tank_0589,0.0,1772236800000
tank_0590,2.0,1772236800000
tank_0592,0.0,1772236800000
tank_0593,5.549019607843137,1772236800000
tank_0595,1.4588235294117649,1772236800000
tank_0600,7.474509803921569,1772236800000
tank_0604,1.831372549019608,1772236800000
tank_0606,45.54509803921569,1772236800000
tank_0607,11.937254901960785,1772236800000
tank_0608,0.0,1772236800000
tank_0610,2.0,1772236800000
tank_0611,0.0,1772236800000
tank_0612,1.6313725490196078,1772236800000
tank_0613,0.0,1772236800000
tank_0619,0.0,1772236800000
tank_0626,0.0,1772236800000
tank_0627,0.0,1772236800000
tank_0628,0.0,1772236800000
tank_0632,1.0,1772236800000
tank_0633,0.0,1772236800000
tank_0639,0.0,1772236800000
tank_0640,0.0,1772236800000
tank_0641,0.6235294117647059,1772236800000
tank_0643,1.4980392156862745,1772236800000
tank_0646,0.8745098039215686,1772236800000
tank_0663,4.011764705882353,1772236800000
tank_0664,0.0,1772236800000
tank_0666,5.450980392156863,1772236800000
tank_0667,7.580392156862745,1772236800000
tank_0670,7.0,1772236800000
tank_0675,0.0,1772236800000
tank_0676,0.0,1772236800000
tank_0678,0.0,1772236800000
tank_0681,0.0,1772236800000
tank_0687,0.0,1772236800000
tank_0688,0.0,1772236800000
tank_0697,0.0,1772236800000
tank_0720,0.0,1772236800000
tank_0722,2.572549019607843,1772236800000
tank_0724,8.576470588235294,1772236800000
tank_0725,0.0,1772236800000
tank_0728,11.733333333333334,1772236800000
tank_0730,3.2823529411764705,1772236800000
tank_0731,0.0,1772236800000
tank_0732,0.0,1772236800000
tank_0737,112.0,1772236800000
tank_0739,3.3019607843137253,1772236800000
tank_0740,21.294117647058822,1772236800000
tank_0746,0.0,1772236800000
tank_0748,0.0,1772236800000
tank_0749,0.0,1772236800000
tank_0752,11.003921568627451,1772236800000
tank_0760,0.0,1772236800000
tank_0770,9.486274509803922,1772236800000
tank_0772,0.0,1772236800000
tank_0788,0.0,1772236800000
tank_0789,1.0,1772236800000
tank_0792,129.5450980392157,1772236800000
tank_0797,0.0,1772236800000
tank_0800,38.0,1772236800000
tank_0802,0.2549019607843137,1772236800000
tank_0803,0.7607843137254902,1772236800000
tank_0808,1.0,1772236800000
tank_0810,9.0,1772236800000
tank_0811,2.407843137254902,1772236800000
tank_0812,34.0,1772236800000
tank_0813,0.0,1772236800000
tank_0816,0.0,1772236800000
tank_0819,0.0,1772236800000
tank_0823,0.0,1772236800000
tank_0824,0.0,1772236800000
tank_0825,0.0,1772236800000
tank_0828,0.0,1772236800000
tank_0829,0.0,1772236800000
tank_0830,0.0,1772236800000
tank_0831,21.043137254901964,1772236800000
tank_0844,0.0,1772236800000
tank_0852,35.98039215686275,1772236800000
tank_0855,0.0,1772236800000
tank_0856,780.0,1772236800000
tank_0860,0.0,1772236800000
tank_0861,0.0,1772236800000
tank_0872,0.0,1772236800000
tank_0875,101.0,1772236800000
tank_0879,0.0,1772236800000
tank_0885,0.0,1772236800000
tank_0891,0.0,1772236800000
tank_0894,1404.0,1772236800000
tank_0898,518.0,1772236800000
tank_0900,23.109803921568627,1772236800000
tank_0901,2.0,1772236800000
tank_0902,203.0,1772236800000
tank_0914,0.0,1772236800000
tank_0917,555.0,1772236800000
tank_0919,0.0,1772236800000
tank_0920,2.0,1772236800000
tank_0922,202.0,1772236800000
tank_0923,20.29019607843137,1772236800000
tank_0924,1.0274509803921568,1772236800000
tank_0926,6.0,1772236800000
tank_0927,0.0,1772236800000
tank_0928,1.0,1772236800000
tank_0930,0.0,1772236800000
tank_0931,0.0,1772236800000
tank_0933,0.0,1772236800000
tank_0934,0.0,1772236800000
tank_0937,0.0,1772236800000
tank_0938,0.0,1772236800000
tank_0939,1.0745098039215686,1772236800000
tank_0944,0.0,1772236800000
tank_0946,0.0,1772236800000
tank_0952,0.0,1772236800000
tank_0958,0.0,1772236800000
tank_0962,1700.0,1772236800000
tank_0967,2.3058823529411767,1772236800000
tank_0975,0.0,1772236800000
tank_0978,0.0,1772236800000
tank_0990,0.0,1772236800000
tank_0991,822.0,1772236800000
tank_0998,0.0,1772236800000
tank_0999,0.0,1772236800000
tank_1003,543.0,1772236800000
tank_1004,1.0,1772236800000
tank_1014,98.0,1772236800000
tank_1026,207.0,1772236800000
tank_1031,18.019607843137255,1772236800000
tank_1032,7.952941176470588,1772236800000
tank_1034,0.050980392156862744,1772236800000
tank_1042,34.0,1772236800000
tank_1045,0.0,1772236800000
tank_1049,0.0,1772236800000
tank_1055,4.596078431372549,1772236800000
tank_1061,0.0,1772236800000
tank_1062,0.0,1772236800000
tank_1064,0.0,1772236800000
tank_1065,7.0,1772236800000
tank_1066,25.47058823529412,1772236800000
tank_1070,57.0,1772236800000
tank_1073,35.0,1772236800000
tank_1083,0.0,1772236800000
tank_1086,0.0,1772236800000
tank_1088,11.337254901960787,1772236800000
tank_1089,16.0,1772236800000
tank_1090,175.88235294117646,1772236800000
tank_1091,0.0,1772236800000
tank_1094,1713.0,1772236800000
tank_1095,4.0,1772236800000
tank_1104,0.0,1772236800000
tank_1113,34.0,1772236800000
tank_1116,1.5960784313725491,1772236800000
tank_1117,0.0,1772236800000
tank_1120,303.47843137254904,1772236800000
tank_1121,558.0,1772236800000
tank_1124,39.21568627450981,1772236800000
tank_1128,0.0,1772236800000
tank_1134,0.0,1772236800000
tank_1135,108.48235294117646,1772236800000
tank_1146,2.0,1772236800000
tank_1149,5.090196078431372,1772236800000
tank_1156,0.0,1772236800000
tank_1157,15.517647058823533,1772236800000
tank_1159,396.9529411764706,1772236800000
tank_1160,673.0,1772236800000
tank_1166,0.0,1772236800000
tank_1170,11.494117647058822,1772236800000
tank_1175,0.0,1772236800000
tank_1177,1.2509803921568627,1772236800000
tank_1179,16.909803921568628,1772236800000
tank_1181,53.94117647058823,1772236800000
tank_1186,52.498039215686276,1772236800000
tank_1187,50.05490196078432,1772236800000
tank_1190,7.529411764705882,1772236800000
tank_1192,0.0,1772236800000
tank_1196,0.0,1772236800000
tank_1197,1242.0,1772236800000
tank_1201,0.0,1772236800000
tank_1203,8.568627450980392,1772236800000
tank_1205,368.8078431372549,1772236800000
tank_1209,1151.0,1772236800000
tank_1217,1.9960784313725488,1772236800000
tank_1223,1.0,1772236800000
tank_1226,186.70196078431374,1772236800000
tank_1228,0.0,1772236800000
tank_1230,1.2470588235294118,1772236800000
tank_1237,0.0,1772236800000
tank_1239,607.0,1772236800000
tank_1245,0.0,1772236800000
tank_1246,0.0,1772236800000
tank_1250,0.0,1772236800000
tank_1254,1568.0,1772236800000
tank_1255,4.12156862745098,1772236800000
tank_1258,35.0,1772236800000
tank_1261,0.0,1772236800000
tank_1262,0.0,1772236800000
tank_1263,20.0,1772236800000
tank_1265,0.0,1772236800000
tank_1270,0.0,1772236800000
tank_1272,13.0,1772236800000
tank_1275,8.486274509803922,1772236800000
tank_1276,120.0,1772236800000
tank_1279,0.0,1772236800000
tank_1280,0.0,1772236800000
tank_1284,0.0,1772236800000
tank_1285,0.0,1772236800000
tank_1286,54.0,1772236800000
tank_1290,0.0,1772236800000
tank_1291,0.0,1772236800000
tank_1293,38.0,1772236800000
tank_1295,0.0,1772236800000
tank_1297,51.0,1772236800000
tank_1301,144.0,1772236800000
tank_1302,8.0,1772236800000
tank_1304,0.0,1772236800000
tank_1305,0.0,1772236800000
tank_1313,747.0,1772236800000
tank_1322,1.0,1772236800000
tank_1325,219.99607843137255,1772236800000
tank_1326,0.0,1772236800000
tank_1344,0.0,1772236800000
tank_1346,2.6666666666666665,1772236800000
tank_1349,0.0,1772236800000
tank_1353,1298.0,1772236800000
tank_1358,0.0,1772236800000
tank_1359,0.0,1772236800000
tank_1361,1067.0,1772236800000
tank_1364,1604.0,1772236800000
tank_1365,17.95294117647059,1772236800000
tank_1372,51.28235294117647,1772236800000
tank_1374,117.0,1772236800000
tank_1378,521.0,1772236800000
tank_1380,2.0,1772236800000
tank_1386,587.9686274509804,1772236800000
tank_1391,13.0,1772236800000
tank_1393,0.0,1772236800000
tank_1396,17.0,1772236800000
tank_1397,0.0,1772236800000
tank_1403,0.0,1772236800000
tank_1409,0.0,1772236800000
tank_1412,0.0,1772236800000
tank_1415,0.0,1772236800000
tank_1416,0.0,1772236800000
tank_1421,429.0,1772236800000
tank_1422,2.43921568627451,1772236800000
tank_1425,191.0,1772236800000
tank_1426,115.7921568627451,1772236800000
tank_1430,0.0,1772236800000
tank_1433,399.0,1772236800000
tank_1438,0.0,1772236800000
tank_1439,10.0,1772236800000
tank_1441,0.0,1772236800000
tank_1443,0.0,1772236800000
tank_1445,0.0,1772236800000
tank_1446,0.0,1772236800000
tank_1450,0.0,1772236800000
tank_1452,0.0,1772236800000
tank_1456,0.0,1772236800000
tank_1466,0.0,1772236800000
tank_1471,0.0,1772236800000
tank_1475,194.0,1772236800000
tank_1486,1128.0,1772236800000
tank_1488,107.0,1772236800000
tank_1491,0.0,1772236800000
tank_1500,0.0,1772236800000
tank_1505,366.0,1772236800000
tank_1513,330.0,1772236800000
tank_1531,0.0,1772236800000
tank_1536,0.0,1772236800000
tank_1539,580.8156862745097,1772236800000
tank_1541,89.0,1772236800000
tank_1542,0.0,1772236800000
tank_1547,401.0,1772236800000
tank_1563,55.117647058823536,1772236800000
tank_1564,0.0,1772236800000
tank_1565,1457.0,1772236800000
tank_1567,0.0,1772236800000
tank_1568,0.0,1772236800000
tank_1573,203.0,1772236800000
tank_1583,0.0,1772236800000
tank_1587,620.0,1772236800000
tank_1588,0.0,1772236800000
tank_1592,0.0,1772236800000
tank_1594,0.0,1772236800000
tank_1595,0.0,1772236800000
tank_1597,51.0,1772236800000
tank_1598,22.12156862745098,1772236800000
tank_1600,9.250980392156862,1772236800000
tank_1604,0.0,1772236800000
tank_0002,0.596078431372549,1773273600000
tank_0004,0.0,1773273600000
tank_0005,0.0,1773273600000
tank_0011,0.0,1773273600000
tank_0014,2.0,1773273600000
tank_0019,0.0,1773273600000
tank_0024,2.8705882352941177,1773273600000
tank_0025,6.0,1773273600000
tank_0026,0.0,1773273600000
tank_0027,0.0,1773273600000
tank_0030,2.9058823529411764,1773273600000
tank_0031,18.533333333333335,1773273600000
tank_0036,1.0313725490196077,1773273600000
tank_0037,24.137254901960787,1773273600000
tank_0038,11.694117647058823,1773273600000
tank_0050,9.231372549019607,1773273600000
tank_0051,0.7372549019607844,1773273600000
tank_0052,3.603921568627451,1773273600000
tank_0053,20.164705882352948,1773273600000
tank_0055,3.0862745098039217,1773273600000
tank_0057,2.0,1773273600000
tank_0058,0.0,1773273600000
tank_0064,11.141176470588235,1773273600000
tank_0069,32.07843137254902,1773273600000
tank_0072,0.0,1773273600000
tank_0073,0.0,1773273600000
tank_0080,13.0,1773273600000
tank_0094,0.0,1773273600000
tank_0107,0.0,1773273600000
tank_0110,28.32549019607843,1773273600000
tank_0113,21.50980392156863,1773273600000
tank_0115,0.0,1773273600000
tank_0116,0.0,1773273600000
tank_0117,21.674509803921566,1773273600000
tank_0118,0.0,1773273600000
tank_0122,0.0,1773273600000
tank_0125,10.764705882352942,1773273600000
tank_0130,3.0431372549019606,1773273600000
tank_0131,5.0,1773273600000
tank_0132,0.0,1773273600000
tank_0134,0.0,1773273600000
tank_0135,3.0,1773273600000
tank_0142,6.419607843137255,1773273600000
tank_0143,0.0,1773273600000
tank_0144,0.0,1773273600000
tank_0148,0.0,1773273600000
tank_0153,9.0,1773273600000
tank_0156,69.98823529411764,1773273600000
tank_0159,0.0,1773273600000
tank_0165,11.286274509803922,1773273600000
tank_0171,0.0,1773273600000
tank_0172,1.0,1773273600000
tank_0174,12.67450980392157,1773273600000
tank_0176,6.0,1773273600000
tank_0184,4.364705882352942,1773273600000
tank_0187,2.235294117647059,1773273600000
tank_0190,6.6156862745098035,1773273600000
tank_0192,3.2470588235294118,1773273600000
tank_0193,0.0,1773273600000
tank_0195,34.30980392156862,1773273600000
tank_0199,2.4156862745098038,1773273600000
tank_0204,0.0,1773273600000
tank_0205,0.0,1773273600000
tank_0207,0.0,1773273600000
tank_0209,0.0,1773273600000
tank_0213,0.0,1773273600000
tank_0217,0.0,1773273600000
tank_0220,8.0,1773273600000
tank_0221,5.129411764705882,1773273600000
tank_0225,0.0,1773273600000
tank_0226,2.0,1773273600000
tank_0228,0.0,1773273600000
tank_0229,0.9490196078431372,1773273600000
tank_0231,0.0,1773273600000
tank_0233,2.3058823529411763,1773273600000
tank_0236,6.0,1773273600000
tank_0237,0.0,1773273600000
tank_0240,0.6235294117647059,1773273600000
tank_0242,0.0,1773273600000
tank_0245,6.145098039215686,1773273600000
tank_0247,0.0,1773273600000
tank_0256,4.250980392156863,1773273600000
tank_0257,0.0,1773273600000
tank_0260,3.1254901960784314,1773273600000
tank_0261,0.0,1773273600000
tank_0264,0.0,1773273600000
tank_0273,120.0,1773273600000
tank_0276,5.0,1773273600000
tank_0278,6.0,1773273600000
tank_0280,0.0,1773273600000
tank_0291,0.0,1773273600000
tank_0292,6.698039215686275,1773273600000
tank_0296,0.0,1773273600000
tank_0297,2.3529411764705883,1773273600000
tank_0299,1.7490196078431373,1773273600000
tank_0300,18.827450980392157,1773273600000
tank_0301,0.0,1773273600000
tank_0307,0.0,1773273600000
tank_0309,5.0,1773273600000
tank_0313,8.0,1773273600000
tank_0314,0.0,1773273600000
tank_0319,0.0,1773273600000
tank_0321,0.0,1773273600000
tank_0327,0.0,1773273600000
tank_0337,0.0,1773273600000
tank_0338,1.2549019607843137,1773273600000
tank_0339,43.01176470588234,1773273600000
tank_0342,31.321568627450983,1773273600000
tank_0345,2.0,1773273600000
tank_0346,7.192156862745097,1773273600000
tank_0349,52.0,1773273600000
tank_0350,1.5333333333333332,1773273600000
tank_0353,57.61960784313725,1773273600000
tank_0356,0.0,1773273600000
tank_0360,0.0,1773273600000
tank_0361,13.0,1773273600000
tank_0362,0.0,1773273600000
tank_0364,5.811764705882354,1773273600000
tank_0366,38.73725490196078,1773273600000
tank_0369,0.0,1773273600000
tank_0375,3.0,1773273600000
tank_0379,2.3019607843137253,1773273600000
tank_0381,0.0,1773273600000
tank_0386,19.0,1773273600000
tank_0390,8.0,1773273600000
tank_0397,0.0,1773273600000
tank_0399,0.0,1773273600000
tank_0404,3.0,1773273600000
tank_0409,0.0,1773273600000
tank_0420,1.2509803921568627,1773273600000
tank_0425,1.0,1773273600000
tank_0431,0.0,1773273600000
tank_0432,2.0,1773273600000
tank_0435,0.0,1773273600000
tank_0436,1.0,1773273600000
tank_0438,0.0,1773273600000
tank_0443,0.0,1773273600000
tank_0444,0.0,1773273600000
tank_0447,89.40392156862744,1773273600000
tank_0448,0.0,1773273600000
tank_0449,0.0,1773273600000
tank_0455,12.988235294117647,1773273600000
tank_0460,0.0,1773273600000
tank_0462,0.0,1773273600000
tank_0466,0.0,1773273600000
tank_0471,3.8901960784313725,1773273600000
tank_0473,0.0,1773273600000
tank_0474,1.0,1773273600000
tank_0481,56.86666666666667,1773273600000
tank_0485,0.0,1773273600000
tank_0489,2.992156862745098,1773273600000
tank_0491,0.0,1773273600000
tank_0494,4.564705882352941,1773273600000
tank_0497,0.0,1773273600000
tank_0498,0.0,1773273600000
tank_0502,0.0,1773273600000
tank_0505,5.850980392156863,1773273600000
tank_0509,4.427450980392157,1773273600000
tank_0512,172.0,1773273600000
tank_0514,0.0,1773273600000
tank_0515,0.44705882352941173,1773273600000
tank_0521,0.0,1773273600000
tank_0524,0.0,1773273600000
tank_0526,8.0,1773273600000
tank_0533,16.56470588235294,1773273600000
tank_0534,0.0,1773273600000
tank_0536,0.0,1773273600000
tank_0537,0.0,1773273600000
tank_0541,13.349019607843138,1773273600000
tank_0547,5.909803921568628,1773273600000
tank_0552,6.270588235294117,1773273600000
tank_0555,0.0,1773273600000
tank_0556,0.7803921568627451,1773273600000
tank_0557,0.0,1773273600000
tank_0560,0.0,1773273600000
tank_0561,0.21568627450980393,1773273600000
tank_0566,0.0,1773273600000
tank_0567,1.0,1773273600000
tank_0568,4.592156862745098,1773273600000
tank_0574,0.0,1773273600000
tank_0579,0.0,1773273600000
tank_0583,1.0,1773273600000
tank_0587,0.0,1773273600000
tank_0589,0.0,1773273600000
tank_0590,0.0,1773273600000
tank_0592,0.01568627450980392,1773273600000
tank_0593,0.0,1773273600000
tank_0595,3.0,1773273600000
tank_0600,25.4078431372549,1773273600000
tank_0604,0.0,1773273600000
tank_0606,64.79607843137255,1773273600000
tank_0607,0.0,1773273600000
tank_0608,0.0,1773273600000
tank_0610,0.0,1773273600000
tank_0611,0.12549019607843137,1773273600000
tank_0612,0.5647058823529412,1773273600000
tank_0613,3.4392156862745096,1773273600000
tank_0619,0.0,1773273600000
tank_0626,0.0,1773273600000
tank_0627,0.0,1773273600000
tank_0628,0.0,1773273600000
tank_0632,0.0,1773273600000
tank_0633,0.0,1773273600000
tank_0639,3.0,1773273600000
tank_0640,0.0,1773273600000
tank_0641,0.0,1773273600000
tank_0643,6.0,1773273600000
tank_0646,4.627450980392156,1773273600000
tank_0663,4.639215686274509,1773273600000
tank_0664,0.0,1773273600000
tank_0666,0.0,1773273600000
tank_0667,2.0,1773273600000
tank_0670,0.0,1773273600000
tank_0675,1.4274509803921567,1773273600000
tank_0676,0.0,1773273600000
tank_0678,0.0,1773273600000
tank_0681,4.572549019607843,1773273600000
tank_0687,5.0,1773273600000
tank_0688,0.0,1773273600000
tank_0697,0.0,1773273600000
tank_0720,2.2941176470588234,1773273600000
tank_0722,16.9921568627451,1773273600000
tank_0724,1.6235294117647059,1773273600000
tank_0725,1.0,1773273600000
tank_0728,14.854901960784314,1773273600000
tank_0730,0.39607843137254906,1773273600000
tank_0731,0.0,1773273600000
tank_0732,3.5254901960784313,1773273600000
tank_0737,86.0,1773273600000
tank_0739,1.223529411764706,1773273600000
tank_0740,14.184313725490195,1773273600000
tank_0746,0.0,1773273600000
tank_0748,0.0,1773273600000
tank_0749,1.2627450980392156,1773273600000
tank_0752,6.0,1773273600000
tank_0760,0.0,1773273600000
tank_0770,0.9803921568627451,1773273600000
tank_0772,0.0,1773273600000
tank_0788,0.0,1773273600000
tank_0789,9.054901960784314,1773273600000
tank_0792,123.84705882352941,1773273600000
tank_0797,0.0,1773273600000
tank_0800,44.615686274509805,1773273600000
tank_0802,18.250980392156862,1773273600000
tank_0803,2.2745098039215685,1773273600000
tank_0808,2.823529411764706,1773273600000
tank_0810,5.0,1773273600000
tank_0811,11.2,1773273600000
tank_0812,37.0,1773273600000
tank_0813,1.184313725490196,1773273600000
tank_0816,0.0,1773273600000
tank_0819,0.0,1773273600000
tank_0823,0.0,1773273600000
tank_0824,0.0,1773273600000
tank_0825,0.0,1773273600000
tank_0828,0.0,1773273600000
tank_0829,0.0,1773273600000
tank_0830,0.0,1773273600000
tank_0831,15.196078431372548,1773273600000
tank_0844,0.0,1773273600000
tank_0852,36.38039215686274,1773273600000
tank_0855,0.0,1773273600000
tank_0856,799.0,1773273600000
tank_0860,1.0,1773273600000
tank_0861,0.0,1773273600000
tank_0872,0.0,1773273600000
tank_0875,80.0,1773273600000
tank_0879,0.0,1773273600000
tank_0885,0.0,1773273600000
tank_0891,0.0,1773273600000
tank_0894,1404.0,1773273600000
tank_0898,522.0,1773273600000
tank_0900,20.247058823529414,1773273600000
tank_0901,0.0,1773273600000
tank_0902,208.0,1773273600000
tank_0914,0.0,1773273600000
tank_0917,520.9725490196079,1773273600000
tank_0919,0.0,1773273600000
tank_0920,0.0,1773273600000
tank_0922,223.0,1773273600000
tank_0923,13.282352941176471,1773273600000
tank_0924,1.0,1773273600000
tank_0926,3.0,1773273600000
tank_0927,5.0,1773273600000
tank_0928,0.0,1773273600000
tank_0930,0.0,1773273600000
tank_0931,0.0,1773273600000
tank_0933,0.0,1773273600000
tank_0934,8.0,1773273600000
tank_0937,0.0,1773273600000
tank_0938,0.0,1773273600000
tank_0939,0.0,1773273600000
tank_0944,0.0,1773273600000
tank_0946,3.0,1773273600000
tank_0952,6.0,1773273600000
tank_0958,0.0,1773273600000
tank_0962,1733.0,1773273600000
tank_0967,2.3450980392156864,1773273600000
tank_0975,0.0,1773273600000
tank_0978,0.0,1773273600000
tank_0990,0.0,1773273600000
tank_0991,852.9960784313726,1773273600000
tank_0998,0.0,1773273600000
tank_0999,0.1803921568627451,1773273600000
tank_1003,530.0,1773273600000
tank_1004,0.0,1773273600000
tank_1014,114.0,1773273600000
tank_1026,188.0,1773273600000
tank_1031,9.0,1773273600000
tank_1032,1.0,1773273600000
tank_1034,0.0,1773273600000
tank_1042,38.0,1773273600000
tank_1045,0.0,1773273600000
tank_1049,0.0,1773273600000
tank_1055,8.831372549019608,1773273600000
tank_1061,0.0,1773273600000
tank_1062,0.0,1773273600000
tank_1064,0.0,1773273600000
tank_1065,3.988235294117647,1773273600000
tank_1066,0.0,1773273600000
tank_1070,48.0,1773273600000
tank_1073,37.0,1773273600000
tank_1083,0.0,1773273600000
tank_1086,3.0,1773273600000
tank_1088,3.6392156862745098,1773273600000
tank_1089,18.0,1773273600000
tank_1090,169.86274509803923,1773273600000
tank_1091,0.0,1773273600000
tank_1094,1748.0,1773273600000
tank_1095,0.0,1773273600000
tank_1104,4.0,1773273600000
tank_1113,32.0,1773273600000
tank_1116,13.250980392156862,1773273600000
tank_1117,0.0,1773273600000
tank_1120,316.81960784313725,1773273600000
tank_1121,577.0,1773273600000
tank_1124,36.6078431372549,1773273600000
tank_1128,53.0,1773273600000
tank_1134,0.0,1773273600000
tank_1135,117.45882352941175,1773273600000
tank_1146,0.0,1773273600000
tank_1149,0.3411764705882353,1773273600000
tank_1156,1.0,1773273600000
tank_1157,4.219607843137254,1773273600000
tank_1159,395.0,1773273600000
tank_1160,679.0,1773273600000
tank_1166,0.0,1773273600000
tank_1170,10.04313725490196,1773273600000
tank_1175,0.0,1773273600000
tank_1177,2.0,1773273600000
tank_1179,11.580392156862747,1773273600000
tank_1181,60.89019607843137,1773273600000
tank_1186,234.0,1773273600000
tank_1187,32.58823529411765,1773273600000
tank_1190,2.0,1773273600000
tank_1192,0.0,1773273600000
tank_1196,0.0,1773273600000
tank_1197,1360.0,1773273600000
tank_1201,0.0,1773273600000
tank_1203,8.0,1773273600000
tank_1205,356.0,1773273600000
tank_1209,1185.5372549019608,1773273600000
tank_1217,2.1294117647058823,1773273600000
tank_1223,0.0,1773273600000
tank_1226,167.79215686274512,1773273600000
tank_1228,0.0,1773273600000
tank_1230,0.7999999999999999,1773273600000
tank_1237,0.0,1773273600000
tank_1239,619.0,1773273600000
tank_1245,0.0,1773273600000
tank_1246,2.0,1773273600000
tank_1250,0.0,1773273600000
tank_1254,1199.0,1773273600000
tank_1255,9.388235294117647,1773273600000
tank_1258,39.0,1773273600000
tank_1261,0.9176470588235294,1773273600000
tank_1262,0.0,1773273600000
tank_1263,12.0,1773273600000
tank_1265,0.0,1773273600000
tank_1270,23.066666666666666,1773273600000
tank_1272,11.0,1773273600000
tank_1275,0.5490196078431373,1773273600000
tank_1276,119.95294117647059,1773273600000
tank_1279,0.0,1773273600000
tank_1280,0.6235294117647059,1773273600000
tank_1284,0.0,1773273600000
tank_1285,0.0,1773273600000
tank_1286,55.0,1773273600000
tank_1290,4.0,1773273600000
tank_1291,0.0,1773273600000
tank_1293,32.0,1773273600000
tank_1295,0.0,1773273600000
tank_1297,44.0,1773273600000
tank_1301,119.0,1773273600000
tank_1302,4.0,1773273600000
tank_1304,0.0,1773273600000
tank_1305,0.0,1773273600000
tank_1313,1219.0,1773273600000
tank_1322,0.0,1773273600000
tank_1325,217.99607843137255,1773273600000
tank_1326,0.0,1773273600000
tank_1344,0.0,1773273600000
tank_1346,0.0,1773273600000
tank_1349,0.0,1773273600000
tank_1353,1187.0,1773273600000
tank_1358,0.0,1773273600000
tank_1359,0.0,1773273600000
tank_1361,1027.0,1773273600000
tank_1364,1630.0,1773273600000
tank_1365,26.0,1773273600000
tank_1372,65.68235294117648,1773273600000
tank_1374,155.0,1773273600000
tank_1378,526.0,1773273600000
tank_1380,9.0,1773273600000
tank_1386,562.9686274509804,1773273600000
tank_1391,9.0,1773273600000
tank_1393,0.0,1773273600000
tank_1396,72.0,1773273600000
tank_1397,0.0,1773273600000
tank_1403,0.0,1773273600000
tank_1409,8.0,1773273600000
tank_1412,0.0,1773273600000
tank_1415,0.0,1773273600000
tank_1416,0.0,1773273600000
tank_1421,415.9686274509804,1773273600000
tank_1422,0.4235294117647059,1773273600000
tank_1425,191.0,1773273600000
tank_1426,82.68627450980392,1773273600000
tank_1430,0.0,1773273600000
tank_1433,487.0,1773273600000
tank_1438,0.0,1773273600000
tank_1439,12.0,1773273600000
tank_1441,0.0,1773273600000
tank_1443,0.0,1773273600000
tank_1445,3.0,1773273600000
tank_1446,0.0,1773273600000
tank_1450,0.0,1773273600000
tank_1452,0.0,1773273600000
tank_1456,0.0,1773273600000
tank_1466,5.0,1773273600000
tank_1471,1.0,1773273600000
tank_1475,257.0,1773273600000
tank_1486,975.0,1773273600000
tank_1488,86.0,1773273600000
tank_1491,0.0,1773273600000
tank_1500,0.0,1773273600000
tank_1505,405.0,1773273600000
tank_1513,319.0,1773273600000
tank_1531,0.0,1773273600000
tank_1536,4.0,1773273600000
tank_1539,584.9254901960785,1773273600000
tank_1541,107.0,1773273600000
tank_1542,0.0,1773273600000
tank_1547,374.0,1773273600000
tank_1563,53.490196078431374,1773273600000
tank_1564,0.0,1773273600000
tank_1565,1368.0,1773273600000
tank_1567,0.0,1773273600000
tank_1568,20.0,1773273600000
tank_1573,184.0,1773273600000
tank_1583,0.0,1773273600000
tank_1587,647.0,1773273600000
tank_1588,0.0,1773273600000
tank_1592,0.0,1773273600000
tank_1594,0.0,1773273600000
tank_1595,0.0,1773273600000
tank_1597,32.0,1773273600000
tank_1598,20.149019607843137,1773273600000
tank_1600,14.71764705882353,1773273600000
tank_1604,0.0,1773273600000
tank_0002,3.6941176470588237,1774310400000
tank_0004,5.113725490196079,1774310400000
tank_0005,0.0,1774310400000
tank_0011,0.0,1774310400000
tank_0014,0.0,1774310400000
tank_0019,5.976470588235294,1774310400000
tank_0024,8.592156862745098,1774310400000
tank_0025,1.3137254901960784,1774310400000
tank_0026,0.054901960784313725,1774310400000
tank_0027,0.0,1774310400000
tank_0030,0.0,1774310400000
tank_0031,17.36862745098039,1774310400000
tank_0036,0.0,1774310400000
tank_0037,13.078431372549021,1774310400000
tank_0038,12.435294117647057,1774310400000
tank_0050,15.4078431372549,1774310400000
tank_0051,2.376470588235294,1774310400000
tank_0052,6.3843137254901965,1774310400000
tank_0053,46.86666666666667,1774310400000
tank_0055,0.5333333333333333,1774310400000
tank_0057,0.0,1774310400000
tank_0058,9.35686274509804,1774310400000
tank_0064,4.0,1774310400000
tank_0069,26.792156862745095,1774310400000
tank_0072,0.0,1774310400000
tank_0073,10.219607843137254,1774310400000
tank_0080,16.0,1774310400000
tank_0094,0.9176470588235294,1774310400000
tank_0107,4.603921568627451,1774310400000
tank_0110,12.298039215686273,1774310400000
tank_0113,28.396078431372548,1774310400000
tank_0115,0.0,1774310400000
tank_0116,0.4745098039215686,1774310400000
tank_0117,37.0,1774310400000
tank_0118,0.0,1774310400000
tank_0122,0.0,1774310400000
tank_0125,12.070588235294117,1774310400000
tank_0130,15.498039215686275,1774310400000
tank_0131,2.0,1774310400000
tank_0132,0.0,1774310400000
tank_0134,3.0,1774310400000
tank_0135,2.9372549019607845,1774310400000
tank_0142,24.564705882352936,1774310400000
tank_0143,0.0,1774310400000
tank_0144,0.0,1774310400000
tank_0148,0.0,1774310400000
tank_0153,19.0,1774310400000
tank_0156,65.9764705882353,1774310400000
tank_0159,2.364705882352941,1774310400000
tank_0165,6.184313725490195,1774310400000
tank_0171,0.0,1774310400000
tank_0172,0.0,1774310400000
tank_0174,12.082352941176472,1774310400000
tank_0176,4.364705882352942,1774310400000
tank_0184,0.0,1774310400000
tank_0187,5.309803921568627,1774310400000
tank_0190,4.6156862745098035,1774310400000
tank_0192,10.729411764705883,1774310400000
tank_0193,0.0,1774310400000
tank_0195,25.3843137254902,1774310400000
tank_0199,0.0,1774310400000
tank_0204,0.0,1774310400000
tank_0205,0.0,1774310400000
tank_0207,0.0,1774310400000
tank_0209,0.0,1774310400000
tank_0213,0.0,1774310400000
tank_0217,2.0,1774310400000
tank_0220,2.0,1774310400000
tank_0221,28.090196078431376,1774310400000
tank_0225,0.0,1774310400000
tank_0226,15.0,1774310400000
tank_0228,0.0,1774310400000
tank_0229,2.2,1774310400000
tank_0231,0.0,1774310400000
tank_0233,11.0,1774310400000
tank_0236,0.0,1774310400000
tank_0237,0.0,1774310400000
tank_0240,4.749019607843136,1774310400000
tank_0242,0.0,1774310400000
tank_0245,5.682352941176471,1774310400000
tank_0247,0.0,1774310400000
tank_0256,2.0,1774310400000
tank_0257,0.7764705882352941,1774310400000
tank_0260,0.592156862745098,1774310400000
tank_0261,0.0,1774310400000
tank_0264,0.0,1774310400000
tank_0273,110.0,1774310400000
tank_0276,8.0,1774310400000
tank_0278,5.0,1774310400000
tank_0280,0.0,1774310400000
tank_0291,0.0,1774310400000
tank_0292,12.305882352941175,1774310400000
tank_0296,0.0,1774310400000
tank_0297,7.0627450980392155,1774310400000
tank_0299,6.313725490196078,1774310400000
tank_0300,10.407843137254902,1774310400000
tank_0301,1.396078431372549,1774310400000
tank_0307,0.0,1774310400000
tank_0309,5.0,1774310400000
tank_0313,0.0,1774310400000
tank_0314,0.0,1774310400000
tank_0319,1.6941176470588235,1774310400000
tank_0321,0.0,1774310400000
tank_0327,0.0,1774310400000
tank_0337,0.0,1774310400000
tank_0338,14.635294117647058,1774310400000
tank_0339,55.266666666666666,1774310400000
tank_0342,38.70196078431373,1774310400000
tank_0345,1.0,1774310400000
tank_0346,1.0431372549019606,1774310400000
tank_0349,42.0,1774310400000
tank_0350,0.0,1774310400000
tank_0353,55.36470588235295,1774310400000
tank_0356,0.5764705882352941,1774310400000
tank_0360,0.0,1774310400000
tank_0361,5.0,1774310400000
tank_0362,0.047058823529411764,1774310400000
tank_0364,0.0,1774310400000
tank_0366,24.184313725490195,1774310400000
tank_0369,0.0,1774310400000
tank_0375,0.0,1774310400000
tank_0379,0.7490196078431373,1774310400000
tank_0381,0.0,1774310400000
tank_0386,5.0,1774310400000
tank_0390,9.0,1774310400000
tank_0397,0.0,1774310400000
tank_0399,1.0,1774310400000
tank_0404,26.858823529411765,1774310400000
tank_0409,0.0,1774310400000
tank_0420,1.2666666666666666,1774310400000
tank_0425,4.929411764705883,1774310400000
tank_0431,0.0,1774310400000
tank_0432,1.3411764705882354,1774310400000
tank_0435,0.0,1774310400000
tank_0436,0.0,1774310400000
tank_0438,0.0,1774310400000
tank_0443,0.0,1774310400000
tank_0444,1.0,1774310400000
tank_0447,109.22352941176472,1774310400000
tank_0448,0.0,1774310400000
tank_0449,1.4588235294117649,1774310400000
tank_0455,10.635294117647058,1774310400000
tank_0460,1.423529411764706,1774310400000
tank_0462,0.0,1774310400000
tank_0466,0.0,1774310400000
tank_0471,11.501960784313725,1774310400000
tank_0473,9.0,1774310400000
tank_0474,0.0,1774310400000
tank_0481,41.882352941176464,1774310400000
tank_0485,0.0,1774310400000
tank_0489,3.0,1774310400000
tank_0491,0.0,1774310400000
tank_0494,7.537254901960784,1774310400000
tank_0497,0.0,1774310400000
tank_0498,2.2901960784313724,1774310400000
tank_0502,0.0,1774310400000
tank_0505,15.60392156862745,1774310400000
tank_0509,5.803921568627451,1774310400000
tank_0512,169.0,1774310400000
tank_0514,0.0,1774310400000
tank_0515,4.035294117647059,1774310400000
tank_0521,0.0,1774310400000
tank_0524,0.0,1774310400000
tank_0526,11.0,1774310400000
tank_0533,21.32941176470588,1774310400000
tank_0534,0.0,1774310400000
tank_0536,0.0,1774310400000
tank_0537,0.0,1774310400000
tank_0541,10.560784313725492,1774310400000
tank_0547,0.0,1774310400000
tank_0552,10.992156862745098,1774310400000
tank_0555,0.0,1774310400000
tank_0556,0.0,1774310400000
tank_0557,0.0,1774310400000
tank_0560,2.0,1774310400000
tank_0561,0.0,1774310400000
tank_0566,0.0,1774310400000
tank_0567,4.0,1774310400000
tank_0568,0.4156862745098039,1774310400000
tank_0574,0.0,1774310400000
tank_0579,0.0,1774310400000
tank_0583,4.0,1774310400000
tank_0587,0.0,1774310400000
tank_0589,0.0,1774310400000
tank_0590,9.0,1774310400000
tank_0592,0.0,1774310400000
tank_0593,7.08235294117647,1774310400000
tank_0595,1.6980392156862745,1774310400000
tank_0600,11.819607843137256,1774310400000
tank_0604,2.9372549019607845,1774310400000
tank_0606,40.09803921568627,1774310400000
tank_0607,5.4980392156862745,1774310400000
tank_0608,0.0,1774310400000
tank_0610,0.0,1774310400000
tank_0611,0.0,1774310400000
tank_0612,6.847058823529412,1774310400000
tank_0613,2.0,1774310400000
tank_0619,0.0,1774310400000
tank_0626,0.0,1774310400000
tank_0627,0.0,1774310400000
tank_0628,0.0,1774310400000
tank_0632,6.0,1774310400000
tank_0633,0.0,1774310400000
tank_0639,6.988235294117647,1774310400000
tank_0640,0.0,1774310400000
tank_0641,1.4,1774310400000
tank_0643,14.0,1774310400000
tank_0646,1.9215686274509804,1774310400000
tank_0663,6.988235294117647,1774310400000
tank_0664,0.0,1774310400000
tank_0666,2.0,1774310400000
tank_0667,11.741176470588234,1774310400000
tank_0670,0.0,1774310400000
tank_0675,3.396078431372549,1774310400000
tank_0676,0.0,1774310400000
tank_0678,6.254901960784315,1774310400000
tank_0681,0.0,1774310400000
tank_0687,0.0,1774310400000
tank_0688,0.0,1774310400000
tank_0697,0.0,1774310400000
tank_0720,0.0,1774310400000
tank_0722,14.615686274509805,1774310400000
tank_0724,14.384313725490196,1774310400000
tank_0725,5.0,1774310400000
tank_0728,35.05882352941177,1774310400000
tank_0730,7.901960784313725,1774310400000
tank_0731,0.0,1774310400000
tank_0732,0.0,1774310400000
tank_0737,64.0,1774310400000
tank_0739,0.0,1774310400000
tank_0740,66.1450980392157,1774310400000
tank_0746,0.0,1774310400000
tank_0748,5.023529411764706,1774310400000
tank_0749,0.0,1774310400000
tank_0752,13.0,1774310400000
tank_0760,0.0,1774310400000
tank_0770,12.27450980392157,1774310400000
tank_0772,0.0,1774310400000
tank_0788,0.0,1774310400000
tank_0789,15.631372549019606,1774310400000
tank_0792,161.84705882352935,1774310400000
tank_0797,0.0,1774310400000
tank_0800,50.0,1774310400000
tank_0802,6.196078431372549,1774310400000
tank_0803,0.776470588235294,1774310400000
tank_0808,2.243137254901961,1774310400000
tank_0810,7.980392156862745,1774310400000
tank_0811,4.952941176470588,1774310400000
tank_0812,37.0,1774310400000
tank_0813,0.0,1774310400000
tank_0816,0.0,1774310400000
tank_0819,0.0,1774310400000
tank_0823,0.0,1774310400000
tank_0824,0.0,1774310400000
tank_0825,0.0,1774310400000
tank_0828,0.0,1774310400000
tank_0829,0.0,1774310400000
tank_0830,0.0,1774310400000
tank_0831,19.180392156862744,1774310400000
tank_0844,0.0,1774310400000
tank_0852,36.227450980392156,1774310400000
tank_0855,0.0,1774310400000
tank_0856,783.0,1774310400000
tank_0860,0.0,1774310400000
tank_0861,0.0,1774310400000
tank_0872,0.0,1774310400000
tank_0875,60.0,1774310400000
tank_0879,0.0,1774310400000
tank_0885,0.0,1774310400000
tank_0891,0.0,1774310400000
tank_0894,1411.0,1774310400000
tank_0898,515.0,1774310400000
tank_0900,15.894117647058824,1774310400000
tank_0901,0.0,1774310400000
tank_0902,213.0,1774310400000
tank_0914,0.0,1774310400000
tank_0917,540.0,1774310400000
tank_0919,0.0,1774310400000
tank_0920,5.0,1774310400000
tank_0922,225.0,1774310400000
tank_0923,9.145098039215686,1774310400000
tank_0924,2.682352941176471,1774310400000
tank_0926,1.2823529411764705,1774310400000
tank_0927,0.12549019607843137,1774310400000
tank_0928,0.0,1774310400000
tank_0930,0.0,1774310400000
tank_0931,0.0,1774310400000
tank_0933,0.0,1774310400000
tank_0934,1.0,1774310400000
tank_0937,0.0,1774310400000
tank_0938,0.0,1774310400000
tank_0939,0.0,1774310400000
tank_0944,0.0,1774310400000
tank_0946,0.0,1774310400000
tank_0952,11.0,1774310400000
tank_0958,0.25098039215686274,1774310400000
tank_0962,1696.0,1774310400000
tank_0967,0.9215686274509804,1774310400000
tank_0975,0.0,1774310400000
tank_0978,0.0,1774310400000
tank_0990,0.0,1774310400000
tank_0991,696.0,1774310400000
tank_0998,0.0,1774310400000
tank_0999,0.0,1774310400000
tank_1003,457.0,1774310400000
tank_1004,7.76470588235294,1774310400000
tank_1014,77.0,1774310400000
tank_1026,218.0,1774310400000
tank_1031,12.52156862745098,1774310400000
tank_1032,4.0,1774310400000
tank_1034,0.0,1774310400000
tank_1042,33.0,1774310400000
tank_1045,0.0,1774310400000
tank_1049,0.0,1774310400000
tank_1055,14.392156862745097,1774310400000
tank_1061,0.0,1774310400000
tank_1062,5.482352941176471,1774310400000
tank_1064,0.0,1774310400000
tank_1065,4.6117647058823525,1774310400000
tank_1066,7.658823529411764,1774310400000
tank_1070,27.0,1774310400000
tank_1073,31.0,1774310400000
tank_1083,0.0,1774310400000
tank_1086,2.0,1774310400000
tank_1088,17.20392156862745,1774310400000
tank_1089,18.0,1774310400000
tank_1090,177.8392156862745,1774310400000
tank_1091,0.0,1774310400000
tank_1094,1200.0,1774310400000
tank_1095,7.858823529411764,1774310400000
tank_1104,0.0,1774310400000
tank_1113,31.0,1774310400000
tank_1116,17.133333333333333,1774310400000
tank_1117,0.0,1774310400000
tank_1120,299.55686274509804,1774310400000
tank_1121,544.0,1774310400000
tank_1124,35.956862745098036,1774310400000
tank_1128,82.86274509803921,1774310400000
tank_1134,0.0,1774310400000
tank_1135,117.36078431372547,1774310400000
tank_1146,0.0,1774310400000
tank_1149,6.192156862745097,1774310400000
tank_1156,0.0,1774310400000
tank_1157,7.937254901960784,1774310400000
tank_1159,393.7019607843137,1774310400000
tank_1160,516.0,1774310400000
tank_1166,0.0,1774310400000
tank_1170,17.71764705882353,1774310400000
tank_1175,0.0,1774310400000
tank_1177,6.0,1774310400000
tank_1179,9.274509803921568,1774310400000
tank_1181,34.0,1774310400000
tank_1186,520.8549019607843,1774310400000
tank_1187,45.062745098039215,1774310400000
tank_1190,0.0,1774310400000
tank_1192,0.0,1774310400000
tank_1196,0.0,1774310400000
tank_1197,969.0,1774310400000
tank_1201,37.0,1774310400000
tank_1203,8.0,1774310400000
tank_1205,343.0,1774310400000
tank_1209,1087.0,1774310400000
tank_1217,0.0,1774310400000
tank_1223,0.0,1774310400000
tank_1226,184.39607843137256,1774310400000
tank_1228,342.0,1774310400000
tank_1230,0.0,1774310400000
tank_1237,0.0,1774310400000
tank_1239,617.0,1774310400000
tank_1245,0.0,1774310400000
tank_1246,0.0,1774310400000
tank_1250,0.0,1774310400000
tank_1254,1386.0,1774310400000
tank_1255,5.64313725490196,1774310400000
tank_1258,32.0,1774310400000
tank_1261,0.10980392156862745,1774310400000
tank_1262,1.6627450980392158,1774310400000
tank_1263,10.0,1774310400000
tank_1265,0.0,1774310400000
tank_1270,53.82745098039215,1774310400000
tank_1272,2.8705882352941177,1774310400000
tank_1275,4.094117647058823,1774310400000
tank_1276,105.95294117647059,1774310400000
tank_1279,37.4078431372549,1774310400000
tank_1280,0.0,1774310400000
tank_1284,0.0,1774310400000
tank_1285,0.0,1774310400000
tank_1286,103.0,1774310400000
tank_1290,18.0,1774310400000
tank_1291,2.0,1774310400000
tank_1293,36.0,1774310400000
tank_1295,0.0,1774310400000
tank_1297,42.188235294117646,1774310400000
tank_1301,88.0,1774310400000
tank_1302,0.0,1774310400000
tank_1304,0.0,1774310400000
tank_1305,0.0,1774310400000
tank_1313,1247.0,1774310400000
tank_1322,0.0,1774310400000
tank_1325,217.99607843137255,1774310400000
tank_1326,0.0,1774310400000
tank_1344,3.0,1774310400000
tank_1346,7.0,1774310400000
tank_1349,0.0,1774310400000
tank_1353,1297.0,1774310400000
tank_1358,0.0,1774310400000
tank_1359,0.0,1774310400000
tank_1361,999.0,1774310400000
tank_1364,1463.7529411764706,1774310400000
tank_1365,28.95294117647059,1774310400000
tank_1372,47.68235294117647,1774310400000
tank_1374,133.0,1774310400000
tank_1378,538.0,1774310400000
tank_1380,0.0,1774310400000
tank_1386,528.0,1774310400000
tank_1391,0.0,1774310400000
tank_1393,0.0,1774310400000
tank_1396,83.0,1774310400000
tank_1397,0.0,1774310400000
tank_1403,0.0,1774310400000
tank_1409,0.0,1774310400000
tank_1412,0.0,1774310400000
tank_1415,0.0,1774310400000
tank_1416,0.0,1774310400000
tank_1421,419.0,1774310400000
tank_1422,2.4235294117647057,1774310400000
tank_1425,199.0,1774310400000
tank_1426,136.69803921568626,1774310400000
tank_1430,0.0,1774310400000
tank_1433,506.0,1774310400000
tank_1438,0.0,1774310400000
tank_1439,9.0,1774310400000
tank_1441,0.0,1774310400000
tank_1443,0.0,1774310400000
tank_1445,0.0,1774310400000
tank_1446,14.0,1774310400000
tank_1450,0.0,1774310400000
tank_1452,0.0,1774310400000
tank_1456,0.0,1774310400000
tank_1466,0.0,1774310400000
tank_1471,0.0,1774310400000
tank_1475,185.0,1774310400000
tank_1486,726.0,1774310400000
tank_1488,82.10196078431373,1774310400000
tank_1491,0.0,1774310400000
tank_1500,0.0,1774310400000
tank_1505,366.0,1774310400000
tank_1513,267.0,1774310400000
tank_1531,0.0,1774310400000
tank_1536,0.0,1774310400000
tank_1539,438.0,1774310400000
tank_1541,97.69019607843137,1774310400000
tank_1542,0.0,1774310400000
tank_1547,396.0,1774310400000
tank_1563,40.93725490196079,1774310400000
tank_1564,0.0,1774310400000
tank_1565,1149.9372549019608,1774310400000
tank_1567,0.0,1774310400000
tank_1568,0.0,1774310400000
tank_1573,191.0,1774310400000
tank_1583,0.0,1774310400000
tank_1587,491.0,1774310400000
tank_1588,0.0,1774310400000
tank_1592,0.0,1774310400000
tank_1594,0.0,1774310400000
tank_1595,3.0,1774310400000
tank_1597,10.0,1774310400000
tank_1598,21.129411764705882,1774310400000
tank_1600,9.462745098039216,1774310400000
tank_1604,0.0,1774310400000
tank_0002,1.1137254901960785,1776384000000
tank_0004,0.0,1776384000000
tank_0005,0.0,1776384000000
tank_0011,0.0,1776384000000
tank_0014,9.0,1776384000000
tank_0019,0.0,1776384000000
tank_0024,3.1215686274509804,1776384000000
tank_0025,0.0,1776384000000
tank_0026,1.0,1776384000000
tank_0027,0.0,1776384000000
tank_0030,1.0,1776384000000
tank_0031,17.650980392156864,1776384000000
tank_0036,0.0,1776384000000
tank_0037,4.949019607843137,1776384000000
tank_0038,8.054901960784315,1776384000000
tank_0050,7.0,1776384000000
tank_0051,1.3607843137254902,1776384000000
tank_0052,0.0,1776384000000
tank_0053,80.33725490196078,1776384000000
tank_0055,0.0,1776384000000
tank_0057,4.0,1776384000000
tank_0058,0.0,1776384000000
tank_0064,0.0,1776384000000
tank_0069,12.0,1776384000000
tank_0072,0.0,1776384000000
tank_0073,1.0,1776384000000
tank_0080,11.0,1776384000000
tank_0094,0.0,1776384000000
tank_0107,6.0,1776384000000
tank_0110,17.0,1776384000000
tank_0113,44.45490196078431,1776384000000
tank_0115,0.8745098039215686,1776384000000
tank_0116,0.0,1776384000000
tank_0117,24.0,1776384000000
tank_0118,0.0,1776384000000
tank_0122,0.0,1776384000000
tank_0125,7.0,1776384000000
tank_0130,1.8588235294117648,1776384000000
tank_0131,5.035294117647059,1776384000000
tank_0132,0.0,1776384000000
tank_0134,0.0,1776384000000
tank_0135,2.0,1776384000000
tank_0142,0.0,1776384000000
tank_0143,0.0,1776384000000
tank_0144,0.0,1776384000000
tank_0148,0.6784313725490196,1776384000000
tank_0153,11.0,1776384000000
tank_0156,66.40000000000002,1776384000000
tank_0159,0.0,1776384000000
tank_0165,2.9725490196078432,1776384000000
tank_0171,0.0,1776384000000
tank_0172,0.0,1776384000000
tank_0174,14.850980392156863,1776384000000
tank_0176,15.886274509803922,1776384000000
tank_0184,0.0,1776384000000
tank_0187,0.0,1776384000000
tank_0190,2.850980392156863,1776384000000
tank_0192,0.0,1776384000000
tank_0193,0.0,1776384000000
tank_0195,10.380392156862746,1776384000000
tank_0199,0.0,1776384000000
tank_0204,0.0,1776384000000
tank_0205,0.0,1776384000000
tank_0207,0.0,1776384000000
tank_0209,0.0,1776384000000
tank_0213,0.0,1776384000000
tank_0217,2.0,1776384000000
tank_0220,0.4470588235294118,1776384000000
tank_0221,7.68235294117647,1776384000000
tank_0225,0.0,1776384000000
tank_0226,0.0,1776384000000
tank_0228,0.0,1776384000000
tank_0229,0.0,1776384000000
tank_0231,1.9215686274509802,1776384000000
tank_0233,4.0,1776384000000
tank_0236,0.0,1776384000000
tank_0237,0.0,1776384000000
tank_0240,4.2784313725490195,1776384000000
tank_0242,0.0,1776384000000
tank_0245,12.20392156862745,1776384000000
tank_0247,0.0,1776384000000
tank_0256,12.611764705882353,1776384000000
tank_0257,0.0,1776384000000
tank_0260,1.4980392156862745,1776384000000
tank_0261,0.0,1776384000000
tank_0264,0.0,1776384000000
tank_0273,33.0,1776384000000
tank_0276,0.0,1776384000000
tank_0278,0.0,1776384000000
tank_0280,0.0,1776384000000
tank_0291,0.0,1776384000000
tank_0292,19.80392156862745,1776384000000
tank_0296,0.0,1776384000000
tank_0297,4.0627450980392155,1776384000000
tank_0299,3.176470588235294,1776384000000
tank_0300,3.376470588235294,1776384000000
tank_0301,2.164705882352941,1776384000000
tank_0307,0.0,1776384000000
tank_0309,5.027450980392157,1776384000000
tank_0313,0.0,1776384000000
tank_0314,1.392156862745098,1776384000000
tank_0319,0.0,1776384000000
tank_0321,3.0,1776384000000
tank_0327,0.0,1776384000000
tank_0337,0.0,1776384000000
tank_0338,12.0,1776384000000
tank_0339,29.011764705882353,1776384000000
tank_0342,31.10196078431373,1776384000000
tank_0345,0.0,1776384000000
tank_0346,6.399999999999999,1776384000000
tank_0349,23.0,1776384000000
tank_0350,0.0,1776384000000
tank_0353,73.86274509803921,1776384000000
tank_0356,0.0,1776384000000
tank_0360,0.8745098039215686,1776384000000
tank_0361,16.364705882352943,1776384000000
tank_0362,2.325490196078431,1776384000000
tank_0364,0.0,1776384000000
tank_0366,25.68235294117647,1776384000000
tank_0369,0.0,1776384000000
tank_0375,7.019607843137255,1776384000000
tank_0379,3.3215686274509806,1776384000000
tank_0381,0.0,1776384000000
tank_0386,12.654901960784315,1776384000000
tank_0390,7.0,1776384000000
tank_0397,0.08627450980392157,1776384000000
tank_0399,0.0,1776384000000
tank_0404,8.0,1776384000000
tank_0409,0.0,1776384000000
tank_0420,0.0,1776384000000
tank_0425,0.0,1776384000000
tank_0431,0.0,1776384000000
tank_0432,0.0,1776384000000
tank_0435,0.0,1776384000000
tank_0436,0.0,1776384000000
tank_0438,0.0,1776384000000
tank_0443,2.6470588235294117,1776384000000
tank_0444,0.0,1776384000000
tank_0447,42.37647058823529,1776384000000
tank_0448,5.19607843137255,1776384000000
tank_0449,2.325490196078431,1776384000000
tank_0455,19.46666666666667,1776384000000
tank_0460,0.3568627450980392,1776384000000
tank_0462,0.0,1776384000000
tank_0466,0.0,1776384000000
tank_0471,0.0,1776384000000
tank_0473,1.7647058823529411,1776384000000
tank_0474,4.0,1776384000000
tank_0481,36.647058823529406,1776384000000
tank_0485,0.0,1776384000000
tank_0489,2.7294117647058824,1776384000000
tank_0491,0.0,1776384000000
tank_0494,4.329411764705882,1776384000000
tank_0497,0.0,1776384000000
tank_0498,0.2784313725490196,1776384000000
tank_0502,0.0,1776384000000
tank_0505,19.04313725490196,1776384000000
tank_0509,1.388235294117647,1776384000000
tank_0512,38.898039215686275,1776384000000
tank_0514,0.0,1776384000000
tank_0515,3.5254901960784313,1776384000000
tank_0521,0.0,1776384000000
tank_0524,7.874509803921569,1776384000000
tank_0526,7.0,1776384000000
tank_0533,3.0862745098039213,1776384000000
tank_0534,0.0,1776384000000
tank_0536,0.0,1776384000000
tank_0537,0.0,1776384000000
tank_0541,2.5176470588235293,1776384000000
tank_0547,0.0,1776384000000
tank_0552,5.0,1776384000000
tank_0555,0.0,1776384000000
tank_0556,0.0,1776384000000
tank_0557,0.0,1776384000000
tank_0560,5.254901960784314,1776384000000
tank_0561,1.4980392156862745,1776384000000
tank_0566,0.0,1776384000000
tank_0567,2.0,1776384000000
tank_0568,9.79607843137255,1776384000000
tank_0574,0.0,1776384000000
tank_0579,0.0,1776384000000
tank_0583,6.0,1776384000000
tank_0587,0.0,1776384000000
tank_0589,0.0,1776384000000
tank_0590,7.0,1776384000000
tank_0592,2.8941176470588235,1776384000000
tank_0593,2.3411764705882354,1776384000000
tank_0595,20.780392156862746,1776384000000
tank_0600,9.619607843137256,1776384000000
tank_0604,3.572549019607843,1776384000000
tank_0606,41.67843137254902,1776384000000
tank_0607,12.501960784313724,1776384000000
tank_0608,0.0,1776384000000
tank_0610,0.0,1776384000000
tank_0611,0.0,1776384000000
tank_0612,0.01568627450980392,1776384000000
tank_0613,0.0,1776384000000
tank_0619,0.0,1776384000000
tank_0626,0.0,1776384000000
tank_0627,0.0,1776384000000
tank_0628,0.0,1776384000000
tank_0632,0.0,1776384000000
tank_0633,0.0,1776384000000
tank_0639,6.0,1776384000000
tank_0640,0.0,1776384000000
tank_0641,0.0,1776384000000
tank_0643,5.454901960784314,1776384000000
tank_0646,1.5019607843137255,1776384000000
tank_0663,1.0,1776384000000
tank_0664,0.0,1776384000000
tank_0666,1.4980392156862745,1776384000000
tank_0667,3.6039215686274506,1776384000000
tank_0670,0.0,1776384000000
tank_0675,2.0,1776384000000
tank_0676,0.0,1776384000000
tank_0678,0.0,1776384000000
tank_0681,0.0,1776384000000
tank_0687,7.0,1776384000000
tank_0688,0.0,1776384000000
tank_0697,0.0,1776384000000
tank_0720,0.42745098039215684,1776384000000
tank_0722,10.827450980392156,1776384000000
tank_0724,16.023529411764706,1776384000000
tank_0725,2.0,1776384000000
tank_0728,7.490196078431372,1776384000000
tank_0730,0.0,1776384000000
tank_0731,0.0,1776384000000
tank_0732,0.37254901960784315,1776384000000
tank_0737,9.0,1776384000000
tank_0739,2.066666666666667,1776384000000
tank_0740,81.85490196078432,1776384000000
tank_0746,0.0,1776384000000
tank_0748,3.8745098039215686,1776384000000
tank_0749,0.0,1776384000000
tank_0752,7.0,1776384000000
tank_0760,0.0,1776384000000
tank_0770,2.4,1776384000000
tank_0772,0.0,1776384000000
tank_0788,0.0,1776384000000
tank_0789,5.129411764705883,1776384000000
tank_0792,104.38823529411765,1776384000000
tank_0797,0.0,1776384000000
tank_0800,37.0,1776384000000
tank_0802,10.619607843137256,1776384000000
tank_0803,0.0,1776384000000
tank_0808,0.0,1776384000000
tank_0810,0.0,1776384000000
tank_0811,3.0862745098039217,1776384000000
tank_0812,32.0,1776384000000
tank_0813,0.0,1776384000000
tank_0816,0.0,1776384000000
tank_0819,0.0,1776384000000
tank_0823,0.0,1776384000000
tank_0824,0.0,1776384000000
tank_0825,0.0,1776384000000
tank_0828,0.0,1776384000000
tank_0829,2.0,1776384000000
tank_0830,0.0,1776384000000
tank_0831,32.321568627450986,1776384000000
tank_0844,0.0,1776384000000
tank_0852,39.8078431372549,1776384000000
tank_0855,0.0,1776384000000
tank_0856,206.0,1776384000000
tank_0860,6.0,1776384000000
tank_0861,0.0,1776384000000
tank_0872,0.0,1776384000000
tank_0875,17.0,1776384000000
tank_0879,0.0,1776384000000
tank_0885,0.0,1776384000000
tank_0891,0.0,1776384000000
tank_0894,461.0,1776384000000
tank_0898,314.0,1776384000000
tank_0900,19.38823529411765,1776384000000
tank_0901,4.223529411764706,1776384000000
tank_0902,132.0,1776384000000
tank_0914,0.0,1776384000000
tank_0917,393.0,1776384000000
tank_0919,0.0,1776384000000
tank_0920,9.0,1776384000000
tank_0922,210.0,1776384000000
tank_0923,23.0,1776384000000
tank_0924,0.0,1776384000000
tank_0926,4.0,1776384000000
tank_0927,3.3490196078431373,1776384000000
tank_0928,1.0588235294117647,1776384000000
tank_0930,0.0,1776384000000
tank_0931,0.0,1776384000000
tank_0933,2.0,1776384000000
tank_0934,0.0,1776384000000
tank_0937,0.0,1776384000000
tank_0938,0.0,1776384000000
tank_0939,0.0,1776384000000
tank_0944,0.0,1776384000000
tank_0946,5.0,1776384000000
tank_0952,3.0,1776384000000
tank_0958,0.0,1776384000000
tank_0962,1623.0,1776384000000
tank_0967,2.3058823529411767,1776384000000
tank_0975,0.0,1776384000000
tank_0978,0.0,1776384000000
tank_0990,0.0,1776384000000
tank_0991,683.0,1776384000000
tank_0998,0.0,1776384000000
tank_0999,0.0,1776384000000
tank_1003,334.0,1776384000000
tank_1004,5.0,1776384000000
tank_1014,34.0,1776384000000
tank_1026,181.0,1776384000000
tank_1031,15.678431372549019,1776384000000
tank_1032,0.0,1776384000000
tank_1034,0.0,1776384000000
tank_1042,35.0,1776384000000
tank_1045,0.0,1776384000000
tank_1049,0.0,1776384000000
tank_1055,0.0,1776384000000
tank_1061,0.0,1776384000000
tank_1062,2.1098039215686275,1776384000000
tank_1064,0.0,1776384000000
tank_1065,0.0,1776384000000
tank_1066,4.250980392156863,1776384000000
tank_1070,15.0,1776384000000
tank_1073,0.0,1776384000000
tank_1083,0.0,1776384000000
tank_1086,0.0,1776384000000
tank_1088,13.388235294117647,1776384000000
tank_1089,9.0,1776384000000
tank_1090,174.98823529411766,1776384000000
tank_1091,0.0,1776384000000
tank_1094,1258.9803921568628,1776384000000
tank_1095,3.0,1776384000000
tank_1104,1.4980392156862745,1776384000000
tank_1113,26.0,1776384000000
tank_1116,3.545098039215686,1776384000000
tank_1117,0.0,1776384000000
tank_1120,146.0,1776384000000
tank_1121,496.0,1776384000000
tank_1124,35.568627450980394,1776384000000
tank_1128,77.6,1776384000000
tank_1134,0.0,1776384000000
tank_1135,121.78039215686272,1776384000000
tank_1146,0.0,1776384000000
tank_1149,3.3372549019607844,1776384000000
tank_1156,0.0,1776384000000
tank_1157,3.8078431372549018,1776384000000
tank_1159,220.0,1776384000000
tank_1160,607.0,1776384000000
tank_1166,0.0,1776384000000
tank_1170,11.827450980392157,1776384000000
tank_1175,0.0,1776384000000
tank_1177,0.0,1776384000000
tank_1179,10.941176470588234,1776384000000
tank_1181,12.0,1776384000000
tank_1186,257.0,1776384000000
tank_1187,34.760784313725495,1776384000000
tank_1190,0.0,1776384000000
tank_1192,1.0392156862745099,1776384000000
tank_1196,0.0,1776384000000
tank_1197,1199.0,1776384000000
tank_1201,46.0,1776384000000
tank_1203,22.698039215686276,1776384000000
tank_1205,308.0,1776384000000
tank_1209,1171.0,1776384000000
tank_1217,0.0,1776384000000
tank_1223,0.0,1776384000000
tank_1226,168.75686274509806,1776384000000
tank_1228,183.0,1776384000000
tank_1230,0.0,1776384000000
tank_1237,0.0,1776384000000
tank_1239,601.0,1776384000000
tank_1245,0.0,1776384000000
tank_1246,44.8235294117647,1776384000000
tank_1250,0.0,1776384000000
tank_1254,1308.0,1776384000000
tank_1255,15.968627450980394,1776384000000
tank_1258,13.0,1776384000000
tank_1261,0.10980392156862745,1776384000000
tank_1262,0.0,1776384000000
tank_1263,4.0,1776384000000
tank_1265,0.0,1776384000000
tank_1270,44.20784313725489,1776384000000
tank_1272,2.0,1776384000000
tank_1275,2.0,1776384000000
tank_1276,103.0,1776384000000
tank_1279,22.36862745098039,1776384000000
tank_1280,0.0,1776384000000
tank_1284,0.0,1776384000000
tank_1285,0.0,1776384000000
tank_1286,71.0,1776384000000
tank_1290,25.0,1776384000000
tank_1291,1.0,1776384000000
tank_1293,21.0,1776384000000
tank_1295,0.0,1776384000000
tank_1297,41.0,1776384000000
tank_1301,53.0,1776384000000
tank_1302,0.0,1776384000000
tank_1304,0.0,1776384000000
tank_1305,0.0,1776384000000
tank_1313,1167.0,1776384000000
tank_1322,0.0,1776384000000
tank_1325,151.0,1776384000000
tank_1326,0.0,1776384000000
tank_1344,0.0,1776384000000
tank_1346,0.0,1776384000000
tank_1349,0.0,1776384000000
tank_1353,1280.0,1776384000000
tank_1358,0.0,1776384000000
tank_1359,0.0,1776384000000
tank_1361,368.0,1776384000000
tank_1364,1439.0,1776384000000
tank_1365,3.0,1776384000000
tank_1372,22.0,1776384000000
tank_1374,90.0,1776384000000
tank_1378,531.0,1776384000000
tank_1380,7.0,1776384000000
tank_1386,423.0,1776384000000
tank_1391,0.0,1776384000000
tank_1393,0.0,1776384000000
tank_1396,70.0,1776384000000
tank_1397,0.0,1776384000000
tank_1403,0.0,1776384000000
tank_1409,0.0,1776384000000
tank_1412,0.0,1776384000000
tank_1415,0.0,1776384000000
tank_1416,0.0,1776384000000
tank_1421,409.0,1776384000000
tank_1422,1.8627450980392157,1776384000000
tank_1425,108.0,1776384000000
tank_1426,77.43529411764706,1776384000000
tank_1430,0.0,1776384000000
tank_1433,436.0,1776384000000
tank_1438,0.0,1776384000000
tank_1439,7.0,1776384000000
tank_1441,0.0,1776384000000
tank_1443,0.0,1776384000000
tank_1445,2.0,1776384000000
tank_1446,22.0,1776384000000
tank_1450,0.0,1776384000000
tank_1452,0.0,1776384000000
tank_1456,0.0,1776384000000
tank_1466,0.0,1776384000000
tank_1471,0.0,1776384000000
tank_1475,109.0,1776384000000
tank_1486,238.0,1776384000000
tank_1488,50.77647058823529,1776384000000
tank_1491,0.0,1776384000000
tank_1500,0.0,1776384000000
tank_1505,329.0,1776384000000
tank_1513,199.0,1776384000000
tank_1531,0.0,1776384000000
tank_1536,0.0,1776384000000
tank_1539,534.0,1776384000000
tank_1541,24.0,1776384000000
tank_1542,0.0,1776384000000
tank_1547,353.0,1776384000000
tank_1563,25.49019607843137,1776384000000
tank_1564,0.0,1776384000000
tank_1565,1092.7803921568627,1776384000000
tank_1567,0.0,1776384000000
tank_1568,0.0,1776384000000
tank_1573,168.0,1776384000000
tank_1583,0.0,1776384000000
tank_1587,393.0,1776384000000
tank_1588,0.0,1776384000000
tank_1592,0.0,1776384000000
tank_1594,0.0,1776384000000
tank_1595,3.0,1776384000000
tank_1597,0.0,1776384000000
tank_1598,10.294117647058822,1776384000000
tank_1600,0.11764705882352941,1776384000000
tank_1604,0.0196078431372549,1776384000000
tank_0002,0.0,1777420800000
tank_0004,0.0,1777420800000
tank_0005,0.0,1777420800000
tank_0011,0.0,1777420800000
tank_0014,0.0,1777420800000
tank_0019,0.0,1777420800000
tank_0024,0.0,1777420800000
tank_0025,0.0,1777420800000
tank_0026,0.0,1777420800000
tank_0027,0.0,1777420800000
tank_0030,0.0,1777420800000
tank_0031,0.0,1777420800000
tank_0036,0.0,1777420800000
tank_0037,0.0,1777420800000
tank_0038,0.0,1777420800000
tank_0050,0.0,1777420800000
tank_0051,0.0,1777420800000
tank_0052,0.0,1777420800000
tank_0053,1.0,1777420800000
tank_0055,0.0,1777420800000
tank_0057,0.0,1777420800000
tank_0058,2.313725490196078,1777420800000
tank_0064,0.0,1777420800000
tank_0069,2.0,1777420800000
tank_0072,0.0,1777420800000
tank_0073,0.0,1777420800000
tank_0080,7.0,1777420800000
tank_0094,0.0,1777420800000
tank_0107,0.0,1777420800000
tank_0110,7.0,1777420800000
tank_0113,9.862745098039216,1777420800000
tank_0115,0.0,1777420800000
tank_0116,0.0,1777420800000
tank_0117,0.0,1777420800000
tank_0118,0.0,1777420800000
tank_0122,0.0,1777420800000
tank_0125,0.0,1777420800000
tank_0130,0.0,1777420800000
tank_0131,0.0,1777420800000
tank_0132,0.0,1777420800000
tank_0134,0.0,1777420800000
tank_0135,0.0,1777420800000
tank_0142,0.0,1777420800000
tank_0143,0.0,1777420800000
tank_0144,0.0,1777420800000
tank_0148,0.0,1777420800000
tank_0153,0.0,1777420800000
tank_0156,4.0,1777420800000
tank_0159,0.0,1777420800000
tank_0165,0.0,1777420800000
tank_0171,0.0,1777420800000
tank_0172,0.0,1777420800000
tank_0174,1.2980392156862743,1777420800000
tank_0176,0.0,1777420800000
tank_0184,0.0,1777420800000
tank_0187,0.0,1777420800000
tank_0190,0.37254901960784315,1777420800000
tank_0192,0.0,1777420800000
tank_0193,0.0,1777420800000
tank_0195,0.0,1777420800000
tank_0199,0.0,1777420800000
tank_0204,0.0,1777420800000
tank_0205,0.0,1777420800000
tank_0207,0.0,1777420800000
tank_0209,0.0,1777420800000
tank_0213,0.0,1777420800000
tank_0217,0.0,1777420800000
tank_0220,0.0,1777420800000
tank_0221,5.0,1777420800000
tank_0225,0.0,1777420800000
tank_0226,0.0,1777420800000
tank_0228,0.0,1777420800000
tank_0229,0.0,1777420800000
tank_0231,0.0,1777420800000
tank_0233,0.0,1777420800000
tank_0236,0.0,1777420800000
tank_0237,0.0,1777420800000
tank_0240,0.6235294117647059,1777420800000
tank_0242,0.0,1777420800000
tank_0245,0.0,1777420800000
tank_0247,0.0,1777420800000
tank_0256,0.0,1777420800000
tank_0257,0.0,1777420800000
tank_0260,0.0,1777420800000
tank_0261,0.0,1777420800000
tank_0264,0.0,1777420800000
tank_0273,29.0,1777420800000
tank_0276,0.0,1777420800000
tank_0278,0.0,1777420800000
tank_0280,0.0,1777420800000
tank_0291,0.0,1777420800000
tank_0292,0.0,1777420800000
tank_0296,0.0,1777420800000
tank_0297,0.0,1777420800000
tank_0299,0.0,1777420800000
tank_0300,1.4980392156862745,1777420800000
tank_0301,0.0,1777420800000
tank_0307,0.0,1777420800000
tank_0309,0.0,1777420800000
tank_0313,0.0,1777420800000
tank_0314,0.0,1777420800000
tank_0319,0.0,1777420800000
tank_0321,0.0,1777420800000
tank_0327,0.0,1777420800000
tank_0337,0.0,1777420800000
tank_0338,0.0,1777420800000
tank_0339,1.0,1777420800000
tank_0342,0.0,1777420800000
tank_0345,0.0,1777420800000
tank_0346,0.0,1777420800000
tank_0349,5.0,1777420800000
tank_0350,0.0,1777420800000
tank_0353,11.0,1777420800000
tank_0356,0.0,1777420800000
tank_0360,0.0,1777420800000
tank_0361,0.0,1777420800000
tank_0362,0.0,1777420800000
tank_0364,0.0,1777420800000
tank_0366,4.023529411764706,1777420800000
tank_0369,0.0,1777420800000
tank_0375,0.0,1777420800000
tank_0379,0.0,1777420800000
tank_0381,0.0,1777420800000
tank_0386,0.0,1777420800000
tank_0390,18.0,1777420800000
tank_0397,0.0,1777420800000
tank_0399,0.0,1777420800000
tank_0404,1.0,1777420800000
tank_0409,0.0,1777420800000
tank_0420,0.0,1777420800000
tank_0425,0.0,1777420800000
tank_0431,0.0,1777420800000
tank_0432,1.2509803921568627,1777420800000
tank_0435,0.0,1777420800000
tank_0436,0.0,1777420800000
tank_0438,1.172549019607843,1777420800000
tank_0443,0.0,1777420800000
tank_0444,0.0,1777420800000
tank_0447,24.772549019607847,1777420800000
tank_0448,5.807843137254902,1777420800000
tank_0449,1.7607843137254902,1777420800000
tank_0455,13.647058823529411,1777420800000
tank_0460,0.1803921568627451,1777420800000
tank_0462,0.0,1777420800000
tank_0466,0.0,1777420800000
tank_0471,0.0,1777420800000
tank_0473,0.0,1777420800000
tank_0474,0.0,1777420800000
tank_0481,12.196078431372548,1777420800000
tank_0485,0.0,1777420800000
tank_0489,0.07058823529411765,1777420800000
tank_0491,0.0,1777420800000
tank_0494,1.4980392156862745,1777420800000
tank_0497,2.603921568627451,1777420800000
tank_0498,2.0,1777420800000
tank_0502,0.0,1777420800000
tank_0505,24.549019607843135,1777420800000
tank_0509,1.388235294117647,1777420800000
tank_0512,11.0,1777420800000
tank_0514,0.0,1777420800000
tank_0515,0.4745098039215686,1777420800000
tank_0521,0.0,1777420800000
tank_0524,0.0,1777420800000
tank_0526,6.0,1777420800000
tank_0533,4.0,1777420800000
tank_0534,0.0,1777420800000
tank_0536,0.0,1777420800000
tank_0537,0.0,1777420800000
tank_0541,12.83921568627451,1777420800000
tank_0547,1.3490196078431373,1777420800000
tank_0552,1.0,1777420800000
tank_0555,0.0,1777420800000
tank_0556,3.2784313725490195,1777420800000
tank_0557,0.0,1777420800000
tank_0560,4.164705882352941,1777420800000
tank_0561,7.262745098039216,1777420800000
tank_0566,0.0,1777420800000
tank_0567,0.0,1777420800000
tank_0568,8.313725490196077,1777420800000
tank_0574,0.0,1777420800000
tank_0579,0.0,1777420800000
tank_0583,4.0,1777420800000
tank_0587,0.0,1777420800000
tank_0589,0.0,1777420800000
tank_0590,10.0,1777420800000
tank_0592,0.0,1777420800000
tank_0593,1.8941176470588235,1777420800000
tank_0595,15.250980392156862,1777420800000
tank_0600,10.050980392156863,1777420800000
tank_0604,7.490196078431373,1777420800000
tank_0606,62.27843137254902,1777420800000
tank_0607,12.894117647058824,1777420800000
tank_0608,0.0,1777420800000
tank_0610,1.7490196078431373,1777420800000
tank_0611,0.0,1777420800000
tank_0612,2.0901960784313722,1777420800000
tank_0613,0.0,1777420800000
tank_0619,0.0,1777420800000
tank_0626,0.0,1777420800000
tank_0627,0.0,1777420800000
tank_0628,0.0,1777420800000
tank_0632,3.0,1777420800000
tank_0633,0.0,1777420800000
tank_0639,6.0,1777420800000
tank_0640,0.0,1777420800000
tank_0641,0.0,1777420800000
tank_0643,12.262745098039215,1777420800000
tank_0646,4.0,1777420800000
tank_0663,6.580392156862745,1777420800000
tank_0664,0.0,1777420800000
tank_0666,0.0,1777420800000
tank_0667,0.0,1777420800000
tank_0670,0.0,1777420800000
tank_0675,0.0,1777420800000
tank_0676,0.0,1777420800000
tank_0678,2.0862745098039213,1777420800000
tank_0681,1.0,1777420800000
tank_0687,0.0,1777420800000
tank_0688,0.0,1777420800000
tank_0697,0.0,1777420800000
tank_0720,0.33725490196078434,1777420800000
tank_0722,12.749019607843138,1777420800000
tank_0724,9.254901960784313,1777420800000
tank_0725,3.0,1777420800000
tank_0728,12.98823529411765,1777420800000
tank_0730,0.25098039215686274,1777420800000
tank_0731,0.0,1777420800000
tank_0732,0.37254901960784315,1777420800000
tank_0737,1.0,1777420800000
tank_0739,0.47843137254901963,1777420800000
tank_0740,74.86274509803924,1777420800000
tank_0746,0.0,1777420800000
tank_0748,0.0,1777420800000
tank_0749,1.0,1777420800000
tank_0752,11.709803921568625,1777420800000
tank_0760,0.0,1777420800000
tank_0770,5.6156862745098035,1777420800000
tank_0772,0.0,1777420800000
tank_0788,0.0,1777420800000
tank_0789,26.0,1777420800000
tank_0792,87.26274509803922,1777420800000
tank_0797,0.0,1777420800000
tank_0800,61.898039215686275,1777420800000
tank_0802,13.901960784313722,1777420800000
tank_0803,0.0,1777420800000
tank_0808,0.0,1777420800000
tank_0810,0.0,1777420800000
tank_0811,2.0,1777420800000
tank_0812,32.0,1777420800000
tank_0813,0.0,1777420800000
tank_0816,0.0,1777420800000
tank_0819,0.0,1777420800000
tank_0823,0.0,1777420800000
tank_0824,0.0,1777420800000
tank_0825,0.0,1777420800000
tank_0828,0.0,1777420800000
tank_0829,0.0,1777420800000
tank_0830,0.0,1777420800000
tank_0831,15.901960784313726,1777420800000
tank_0844,0.0,1777420800000
tank_0852,39.96862745098039,1777420800000
tank_0855,0.0,1777420800000
tank_0856,98.0,1777420800000
tank_0860,4.0,1777420800000
tank_0861,0.0,1777420800000
tank_0872,0.0,1777420800000
tank_0875,7.0,1777420800000
tank_0879,0.0,1777420800000
tank_0885,0.0,1777420800000
tank_0891,0.0,1777420800000
tank_0894,628.0,1777420800000
tank_0898,347.0,1777420800000
tank_0900,10.75294117647059,1777420800000
tank_0901,0.0,1777420800000
tank_0902,51.0,1777420800000
tank_0914,0.0,1777420800000
tank_0917,150.0,1777420800000
tank_0919,0.0,1777420800000
tank_0920,6.988235294117647,1777420800000
tank_0922,148.0,1777420800000
tank_0923,20.28235294117647,1777420800000
tank_0924,0.0,1777420800000
tank_0926,7.756862745098039,1777420800000
tank_0927,0.0,1777420800000
tank_0928,0.0,1777420800000
tank_0930,0.0,1777420800000
tank_0931,1.0,1777420800000
tank_0933,0.0,1777420800000
tank_0934,1.0,1777420800000
tank_0937,0.0,1777420800000
tank_0938,0.0,1777420800000
tank_0939,0.0,1777420800000
tank_0944,0.0,1777420800000
tank_0946,11.0,1777420800000
tank_0952,6.0,1777420800000
tank_0958,0.25098039215686274,1777420800000
tank_0962,1197.0,1777420800000
tank_0967,5.090196078431373,1777420800000
tank_0975,0.7490196078431373,1777420800000
tank_0978,10.498039215686275,1777420800000
tank_0990,0.0,1777420800000
tank_0991,286.0,1777420800000
tank_0998,0.0,1777420800000
tank_0999,0.0,1777420800000
tank_1003,82.0,1777420800000
tank_1004,19.0,1777420800000
tank_1014,3.0,1777420800000
tank_1026,156.0,1777420800000
tank_1031,9.929411764705883,1777420800000
tank_1032,1.3764705882352941,1777420800000
tank_1034,1.603921568627451,1777420800000
tank_1042,31.898039215686275,1777420800000
tank_1045,0.0,1777420800000
tank_1049,0.0,1777420800000
tank_1055,2.549019607843137,1777420800000
tank_1061,0.0,1777420800000
tank_1062,1.0392156862745099,1777420800000
tank_1064,0.0,1777420800000
tank_1065,0.0,1777420800000
tank_1066,13.75294117647059,1777420800000
tank_1070,0.0,1777420800000
tank_1073,0.0,1777420800000
tank_1083,0.0,1777420800000
tank_1086,0.0,1777420800000
tank_1088,2.0,1777420800000
tank_1089,14.0,1777420800000
tank_1090,127.83921568627451,1777420800000
tank_1091,0.0,1777420800000
tank_1094,697.0,1777420800000
tank_1095,0.0,1777420800000
tank_1104,0.0,1777420800000
tank_1113,23.0,1777420800000
tank_1116,9.125490196078431,1777420800000
tank_1117,0.0,1777420800000
tank_1120,115.0,1777420800000
tank_1121,236.0,1777420800000
tank_1124,31.941176470588236,1777420800000
tank_1128,68.0,1777420800000
tank_1134,0.0,1777420800000
tank_1135,124.50196078431371,1777420800000
tank_1146,0.0,1777420800000
tank_1149,0.0,1777420800000
tank_1156,0.0,1777420800000
tank_1157,0.4117647058823529,1777420800000
tank_1159,202.0,1777420800000
tank_1160,592.0,1777420800000
tank_1166,0.0,1777420800000
tank_1170,19.972549019607843,1777420800000
tank_1175,0.0,1777420800000
tank_1177,2.0,1777420800000
tank_1179,9.278431372549019,1777420800000
tank_1181,1.0,1777420800000
tank_1186,188.0,1777420800000
tank_1187,22.003921568627455,1777420800000
tank_1190,1.0,1777420800000
tank_1192,0.0,1777420800000
tank_1196,0.0,1777420800000
tank_1197,804.0,1777420800000
tank_1201,23.0,1777420800000
tank_1203,14.909803921568628,1777420800000
tank_1205,220.0,1777420800000
tank_1209,208.0,1777420800000
tank_1217,0.43137254901960786,1777420800000
tank_1223,0.0,1777420800000
tank_1226,138.0,1777420800000
tank_1228,56.0,1777420800000
tank_1230,0.0,1777420800000
tank_1237,0.0,1777420800000
tank_1239,299.0,1777420800000
tank_1245,0.0,1777420800000
tank_1246,21.0,1777420800000
tank_1250,0.0,1777420800000
tank_1254,610.0,1777420800000
tank_1255,26.74509803921569,1777420800000
tank_1258,4.0,1777420800000
tank_1261,0.5529411764705883,1777420800000
tank_1262,0.0,1777420800000
tank_1263,0.0,1777420800000
tank_1265,0.0,1777420800000
tank_1270,29.08627450980392,1777420800000
tank_1272,6.0,1777420800000
tank_1275,2.576470588235294,1777420800000
tank_1276,70.0,1777420800000
tank_1279,21.866666666666667,1777420800000
tank_1280,0.0,1777420800000
tank_1284,0.0,1777420800000
tank_1285,0.0,1777420800000
tank_1286,61.0,1777420800000
tank_1290,20.0,1777420800000
tank_1291,8.0,1777420800000
tank_1293,26.0,1777420800000
tank_1295,0.0,1777420800000
tank_1297,29.0,1777420800000
tank_1301,23.0,1777420800000
tank_1302,0.0,1777420800000
tank_1304,0.0,1777420800000
tank_1305,0.0,1777420800000
tank_1313,206.0,1777420800000
tank_1322,0.0,1777420800000
tank_1325,92.0,1777420800000
tank_1326,0.0,1777420800000
tank_1344,8.211764705882352,1777420800000
tank_1346,0.0,1777420800000
tank_1349,0.0,1777420800000
tank_1353,342.0,1777420800000
tank_1358,0.4470588235294118,1777420800000
tank_1359,0.0,1777420800000
tank_1361,84.0,1777420800000
tank_1364,462.0,1777420800000
tank_1365,0.0,1777420800000
tank_1372,8.0,1777420800000
tank_1374,74.0,1777420800000
tank_1378,231.0,1777420800000
tank_1380,2.0,1777420800000
tank_1386,241.0,1777420800000
tank_1391,0.0,1777420800000
tank_1393,0.0,1777420800000
tank_1396,30.0,1777420800000
tank_1397,0.0,1777420800000
tank_1403,0.0,1777420800000
tank_1409,0.0,1777420800000
tank_1412,0.0,1777420800000
tank_1415,0.0,1777420800000
tank_1416,0.0,1777420800000
tank_1421,115.0,1777420800000
tank_1422,6.2705882352941185,1777420800000
tank_1425,22.0,1777420800000
tank_1426,13.0,1777420800000
tank_1430,0.0,1777420800000
tank_1433,87.0,1777420800000
tank_1438,0.0,1777420800000
tank_1439,5.0,1777420800000
tank_1441,0.0,1777420800000
tank_1443,11.756862745098038,1777420800000
tank_1445,0.0,1777420800000
tank_1446,8.0,1777420800000
tank_1450,0.0,1777420800000
tank_1452,0.0,1777420800000
tank_1456,0.0,1777420800000
tank_1466,0.0,1777420800000
tank_1471,0.0,1777420800000
tank_1475,40.0,1777420800000
tank_1486,189.0,1777420800000
tank_1488,47.0,1777420800000
tank_1491,0.0,1777420800000
tank_1500,0.0,1777420800000
tank_1505,276.0,1777420800000
tank_1513,79.0,1777420800000
tank_1531,0.0,1777420800000
tank_1536,0.0,1777420800000
tank_1539,255.0,1777420800000
tank_1541,1.0,1777420800000
tank_1542,0.0,1777420800000
tank_1547,174.0,1777420800000
tank_1563,5.0,1777420800000
tank_1564,0.0,1777420800000
tank_1565,280.0,1777420800000
tank_1567,0.0,1777420800000
tank_1568,0.0,1777420800000
tank_1573,150.0,1777420800000
tank_1583,0.0,1777420800000
tank_1587,121.0,1777420800000
tank_1588,0.0,1777420800000
tank_1592,0.0,1777420800000
tank_1594,0.0,1777420800000
tank_1595,0.0,1777420800000
tank_1597,0.0,1777420800000
tank_1598,7.098039215686274,1777420800000
tank_1600,13.0,1777420800000
tank_1604,17.929411764705883,1777420800000
tank_0002,2.564705882352941,1778457600000
tank_0004,0.0,1778457600000
tank_0005,0.0,1778457600000
tank_0011,0.0,1778457600000
tank_0014,32.93333333333333,1778457600000
tank_0019,0.6196078431372549,1778457600000
tank_0024,6.184313725490195,1778457600000
tank_0025,0.0,1778457600000
tank_0026,8.0,1778457600000
tank_0027,0.0,1778457600000
tank_0030,3.0,1778457600000
tank_0031,26.47450980392157,1778457600000
tank_0036,0.0,1778457600000
tank_0037,0.0,1778457600000
tank_0038,6.91764705882353,1778457600000
tank_0050,3.486274509803922,1778457600000
tank_0051,7.105882352941177,1778457600000
tank_0052,0.0,1778457600000
tank_0053,102.31372549019608,1778457600000
tank_0055,1.4862745098039216,1778457600000
tank_0057,0.0,1778457600000
tank_0058,0.0,1778457600000
tank_0064,2.9215686274509802,1778457600000
tank_0069,12.07843137254902,1778457600000
tank_0072,0.0,1778457600000
tank_0073,0.0,1778457600000
tank_0080,13.0,1778457600000
tank_0094,0.0,1778457600000
tank_0107,1.7254901960784315,1778457600000
tank_0110,26.729411764705883,1778457600000
tank_0113,38.674509803921566,1778457600000
tank_0115,1.4470588235294117,1778457600000
tank_0116,0.0,1778457600000
tank_0117,25.0,1778457600000
tank_0118,0.0,1778457600000
tank_0122,0.0,1778457600000
tank_0125,6.0549019607843135,1778457600000
tank_0130,14.090196078431372,1778457600000
tank_0131,3.0980392156862746,1778457600000
tank_0132,0.0,1778457600000
tank_0134,0.0,1778457600000
tank_0135,0.0,1778457600000
tank_0142,3.7294117647058824,1778457600000
tank_0143,0.0,1778457600000
tank_0144,0.0,1778457600000
tank_0148,16.0,1778457600000
tank_0153,3.0,1778457600000
tank_0156,70.12941176470589,1778457600000
tank_0159,0.0,1778457600000
tank_0165,7.788235294117646,1778457600000
tank_0171,0.0,1778457600000
tank_0172,0.0,1778457600000
tank_0174,6.898039215686275,1778457600000
tank_0176,6.176470588235294,1778457600000
tank_0184,1.6745098039215687,1778457600000
tank_0187,0.0,1778457600000
tank_0190,2.0,1778457600000
tank_0192,0.0,1778457600000
tank_0193,0.0,1778457600000
tank_0195,28.435294117647054,1778457600000
tank_0199,0.0,1778457600000
tank_0204,0.0,1778457600000
tank_0205,0.0,1778457600000
tank_0207,0.0,1778457600000
tank_0209,0.0,1778457600000
tank_0213,0.0,1778457600000
tank_0217,0.0,1778457600000
tank_0220,0.0,1778457600000
tank_0221,1.8509803921568628,1778457600000
tank_0225,0.0,1778457600000
tank_0226,5.313725490196078,1778457600000
tank_0228,0.0,1778457600000
tank_0229,0.0,1778457600000
tank_0231,0.0,1778457600000
tank_0233,6.0,1778457600000
tank_0236,2.0,1778457600000
tank_0237,0.0,1778457600000
tank_0240,2.988235294117647,1778457600000
tank_0242,1.0,1778457600000
tank_0245,6.576470588235294,1778457600000
tank_0247,0.0,1778457600000
tank_0256,0.0,1778457600000
tank_0257,0.0,1778457600000
tank_0260,1.9764705882352942,1778457600000
tank_0261,0.0,1778457600000
tank_0264,0.0,1778457600000
tank_0273,45.0,1778457600000
tank_0276,4.4980392156862745,1778457600000
tank_0278,1.0,1778457600000
tank_0280,0.0,1778457600000
tank_0291,0.0,1778457600000
tank_0292,41.4078431372549,1778457600000
tank_0296,0.0,1778457600000
tank_0297,11.188235294117648,1778457600000
tank_0299,13.396078431372548,1778457600000
tank_0300,15.937254901960785,1778457600000
tank_0301,1.1411764705882352,1778457600000
tank_0307,0.0,1778457600000
tank_0309,7.0,1778457600000
tank_0313,10.0,1778457600000
tank_0314,8.337254901960783,1778457600000
tank_0319,0.0,1778457600000
tank_0321,0.0,1778457600000
tank_0327,0.0,1778457600000
tank_0337,0.0,1778457600000
tank_0338,8.254901960784313,1778457600000
tank_0339,28.84313725490196,1778457600000
tank_0342,29.015686274509804,1778457600000
tank_0345,8.858823529411765,1778457600000
tank_0346,5.713725490196079,1778457600000
tank_0349,20.0,1778457600000
tank_0350,0.0,1778457600000
tank_0353,21.945098039215686,1778457600000
tank_0356,0.0,1778457600000
tank_0360,0.0,1778457600000
tank_0361,16.466666666666665,1778457600000
tank_0362,2.0470588235294116,1778457600000
tank_0364,2.976470588235294,1778457600000
tank_0366,15.513725490196075,1778457600000
tank_0369,0.0,1778457600000
tank_0375,0.0,1778457600000
tank_0379,3.545098039215686,1778457600000
tank_0381,0.0,1778457600000
tank_0386,7.0,1778457600000
tank_0390,0.0,1778457600000
tank_0397,0.0,1778457600000
tank_0399,1.0,1778457600000
tank_0404,8.0,1778457600000
tank_0409,0.0,1778457600000
tank_0420,0.0,1778457600000
tank_0425,0.0,1778457600000
tank_0431,0.0,1778457600000
tank_0432,0.3764705882352941,1778457600000
tank_0435,0.0,1778457600000
tank_0436,3.0,1778457600000
tank_0438,0.0,1778457600000
tank_0443,0.0,1778457600000
tank_0444,0.0,1778457600000
tank_0447,53.670588235294126,1778457600000
tank_0448,0.0,1778457600000
tank_0449,1.0784313725490198,1778457600000
tank_0455,22.137254901960784,1778457600000
tank_0460,0.7490196078431373,1778457600000
tank_0462,0.0,1778457600000
tank_0466,0.0,1778457600000
tank_0471,0.0,1778457600000
tank_0473,3.0,1778457600000
tank_0474,8.870588235294118,1778457600000
tank_0481,39.70588235294117,1778457600000
tank_0485,0.0,1778457600000
tank_0489,0.08235294117647059,1778457600000
tank_0491,0.0,1778457600000
tank_0494,4.486274509803922,1778457600000
tank_0497,0.1568627450980392,1778457600000
tank_0498,0.2784313725490196,1778457600000
tank_0502,0.0,1778457600000
tank_0505,16.16470588235294,1778457600000
tank_0509,4.870588235294117,1778457600000
tank_0512,45.0,1778457600000
tank_0514,0.0,1778457600000
tank_0515,1.0,1778457600000
tank_0521,0.0,1778457600000
tank_0524,0.0,1778457600000
tank_0526,3.0,1778457600000
tank_0533,3.5019607843137255,1778457600000
tank_0534,0.0,1778457600000
tank_0536,0.0,1778457600000
tank_0537,0.0,1778457600000
tank_0541,4.0,1778457600000
tank_0547,0.5411764705882353,1778457600000
tank_0552,2.0313725490196077,1778457600000
tank_0555,0.0,1778457600000
tank_0556,2.850980392156863,1778457600000
tank_0557,0.0,1778457600000
tank_0560,13.95294117647059,1778457600000
tank_0561,0.0,1778457600000
tank_0566,0.0,1778457600000
tank_0567,1.9764705882352942,1778457600000
tank_0568,17.278431372549022,1778457600000
tank_0574,0.0,1778457600000
tank_0579,0.0,1778457600000
tank_0583,3.0,1778457600000
tank_0587,0.0,1778457600000
tank_0589,0.0,1778457600000
tank_0590,0.0,1778457600000
tank_0592,7.0,1778457600000
tank_0593,0.0,1778457600000
tank_0595,3.686274509803922,1778457600000
tank_0600,27.298039215686277,1778457600000
tank_0604,9.474509803921569,1778457600000
tank_0606,26.0,1778457600000
tank_0607,4.0,1778457600000
tank_0608,0.0,1778457600000
tank_0610,0.0,1778457600000
tank_0611,1.843137254901961,1778457600000
tank_0612,3.0705882352941174,1778457600000
tank_0613,0.0,1778457600000
tank_0619,0.0,1778457600000
tank_0626,0.0,1778457600000
tank_0627,0.0,1778457600000
tank_0628,0.0,1778457600000
tank_0632,2.0,1778457600000
tank_0633,0.0,1778457600000
tank_0639,3.0,1778457600000
tank_0640,0.0,1778457600000
tank_0641,0.0,1778457600000
tank_0643,6.635294117647058,1778457600000
tank_0646,2.984313725490196,1778457600000
tank_0663,8.294117647058824,1778457600000
tank_0664,0.0,1778457600000
tank_0666,0.0,1778457600000
tank_0667,2.388235294117647,1778457600000
tank_0670,0.0,1778457600000
tank_0675,0.0,1778457600000
tank_0676,0.0,1778457600000
tank_0678,5.9372549019607845,1778457600000
tank_0681,0.0,1778457600000
tank_0687,5.0,1778457600000
tank_0688,0.0,1778457600000
tank_0697,0.0,1778457600000
tank_0720,1.619607843137255,1778457600000
tank_0722,11.427450980392157,1778457600000
tank_0724,13.870588235294118,1778457600000
tank_0725,9.0,1778457600000
tank_0728,6.196078431372548,1778457600000
tank_0730,2.7529411764705882,1778457600000
tank_0731,0.0,1778457600000
tank_0732,0.0,1778457600000
tank_0737,57.0,1778457600000
tank_0739,0.06666666666666667,1778457600000
tank_0740,26.694117647058825,1778457600000
tank_0746,0.0,1778457600000
tank_0748,6.874509803921569,1778457600000
tank_0749,0.0,1778457600000
tank_0752,3.019607843137255,1778457600000
tank_0760,0.0,1778457600000
tank_0770,1.5254901960784313,1778457600000
tank_0772,3.325490196078431,1778457600000
tank_0788,0.0,1778457600000
tank_0789,18.0,1778457600000
tank_0792,101.49019607843135,1778457600000
tank_0797,0.0,1778457600000
tank_0800,42.76862745098039,1778457600000
tank_0802,15.02745098039216,1778457600000
tank_0803,0.0,1778457600000
tank_0808,1.7607843137254902,1778457600000
tank_0810,5.0,1778457600000
tank_0811,0.0,1778457600000
tank_0812,41.97254901960784,1778457600000
tank_0813,1.2,1778457600000
tank_0816,0.0,1778457600000
tank_0819,0.0,1778457600000
tank_0823,0.0,1778457600000
tank_0824,0.0,1778457600000
tank_0825,0.0,1778457600000
tank_0828,0.0,1778457600000
tank_0829,0.0,1778457600000
tank_0830,8.0,1778457600000
tank_0831,34.40392156862745,1778457600000
tank_0844,0.0,1778457600000
tank_0852,32.8156862745098,1778457600000
tank_0855,0.0,1778457600000
tank_0856,297.0,1778457600000
tank_0860,0.0,1778457600000
tank_0861,0.0,1778457600000
tank_0872,0.0,1778457600000
tank_0875,8.0,1778457600000
tank_0879,0.0,1778457600000
tank_0885,0.0,1778457600000
tank_0891,0.0,1778457600000
tank_0894,1143.0,1778457600000
tank_0898,441.0,1778457600000
tank_0900,3.0,1778457600000
tank_0901,0.0,1778457600000
tank_0902,24.0,1778457600000
tank_0914,0.0,1778457600000
tank_0917,271.0,1778457600000
tank_0919,0.0,1778457600000
tank_0920,7.0,1778457600000
tank_0922,170.0,1778457600000
tank_0923,16.0,1778457600000
tank_0924,2.0,1778457600000
tank_0926,2.0,1778457600000
tank_0927,0.40784313725490196,1778457600000
tank_0928,0.0,1778457600000
tank_0930,0.0,1778457600000
tank_0931,0.0,1778457600000
tank_0933,0.0,1778457600000
tank_0934,3.0,1778457600000
tank_0937,0.0,1778457600000
tank_0938,0.0,1778457600000
tank_0939,0.0,1778457600000
tank_0944,0.0,1778457600000
tank_0946,0.0,1778457600000
tank_0952,7.0,1778457600000
tank_0958,4.0,1778457600000
tank_0962,1532.0,1778457600000
tank_0967,3.2196078431372546,1778457600000
tank_0975,0.0,1778457600000
tank_0978,13.803921568627452,1778457600000
tank_0990,0.0,1778457600000
tank_0991,484.0,1778457600000
tank_0998,0.0,1778457600000
tank_0999,15.458823529411763,1778457600000
tank_1003,273.0,1778457600000
tank_1004,5.576470588235294,1778457600000
tank_1014,12.0,1778457600000
tank_1026,161.0,1778457600000
tank_1031,7.0,1778457600000
tank_1032,6.862745098039216,1778457600000
tank_1034,0.0,1778457600000
tank_1042,20.0,1778457600000
tank_1045,0.0,1778457600000
tank_1049,0.0,1778457600000
tank_1055,1.9215686274509804,1778457600000
tank_1061,0.0,1778457600000
tank_1062,10.250980392156862,1778457600000
tank_1064,0.0,1778457600000
tank_1065,0.0,1778457600000
tank_1066,17.71372549019608,1778457600000
tank_1070,6.0,1778457600000
tank_1073,0.0,1778457600000
tank_1083,0.0,1778457600000
tank_1086,3.0,1778457600000
tank_1088,0.0,1778457600000
tank_1089,13.0,1778457600000
tank_1090,139.98823529411766,1778457600000
tank_1091,0.0,1778457600000
tank_1094,703.0,1778457600000
tank_1095,0.0,1778457600000
tank_1104,0.0,1778457600000
tank_1113,20.0,1778457600000
tank_1116,0.0,1778457600000
tank_1117,0.0,1778457600000
tank_1120,132.0,1778457600000
tank_1121,439.0,1778457600000
tank_1124,24.776470588235295,1778457600000
tank_1128,49.705882352941174,1778457600000
tank_1134,0.0,1778457600000
tank_1135,115.8627450980392,1778457600000
tank_1146,3.0,1778457600000
tank_1149,5.87843137254902,1778457600000
tank_1156,1.7450980392156863,1778457600000
tank_1157,9.870588235294116,1778457600000
tank_1159,74.0,1778457600000
tank_1160,640.0,1778457600000
tank_1166,0.0,1778457600000
tank_1170,13.494117647058822,1778457600000
tank_1175,0.0,1778457600000
tank_1177,6.796078431372549,1778457600000
tank_1179,8.584313725490194,1778457600000
tank_1181,11.0,1778457600000
tank_1186,169.57647058823528,1778457600000
tank_1187,15.0,1778457600000
tank_1190,9.0,1778457600000
tank_1192,26.0,1778457600000
tank_1196,0.0,1778457600000
tank_1197,818.0,1778457600000
tank_1201,11.0,1778457600000
tank_1203,3.0,1778457600000
tank_1205,182.0,1778457600000
tank_1209,1193.0,1778457600000
tank_1217,5.0,1778457600000
tank_1223,0.0,1778457600000
tank_1226,176.34117647058824,1778457600000
tank_1228,46.0,1778457600000
tank_1230,0.4588235294117647,1778457600000
tank_1237,1.0,1778457600000
tank_1239,530.0,1778457600000
tank_1245,0.0,1778457600000
tank_1246,9.0,1778457600000
tank_1250,0.0,1778457600000
tank_1254,1588.0,1778457600000
tank_1255,18.694117647058825,1778457600000
tank_1258,5.0,1778457600000
tank_1261,3.0,1778457600000
tank_1262,3.5254901960784317,1778457600000
tank_1263,0.0,1778457600000
tank_1265,0.0,1778457600000
tank_1270,32.062745098039215,1778457600000
tank_1272,12.0,1778457600000
tank_1275,4.145098039215687,1778457600000
tank_1276,95.95294117647059,1778457600000
tank_1279,27.0,1778457600000
tank_1280,0.0,1778457600000
tank_1284,0.0,1778457600000
tank_1285,0.0,1778457600000
tank_1286,67.0,1778457600000
tank_1290,15.0,1778457600000
tank_1291,0.0,1778457600000
tank_1293,12.0,1778457600000
tank_1295,3.0,1778457600000
tank_1297,30.0,1778457600000
tank_1301,29.0,1778457600000
tank_1302,0.0,1778457600000
tank_1304,3.545098039215686,1778457600000
tank_1305,7.0,1778457600000
tank_1313,981.0,1778457600000
tank_1322,0.0,1778457600000
tank_1325,37.0,1778457600000
tank_1326,0.0,1778457600000
tank_1344,9.015686274509804,1778457600000
tank_1346,7.0,1778457600000
tank_1349,0.6705882352941177,1778457600000
tank_1353,942.0,1778457600000
tank_1358,0.0,1778457600000
tank_1359,0.0,1778457600000
tank_1361,593.0,1778457600000
tank_1364,1209.0,1778457600000
tank_1365,2.0,1778457600000
tank_1372,3.0,1778457600000
tank_1374,97.0,1778457600000
tank_1378,468.0,1778457600000
tank_1380,5.0,1778457600000
tank_1386,395.0,1778457600000
tank_1391,0.0,1778457600000
tank_1393,0.0,1778457600000
tank_1396,32.0,1778457600000
tank_1397,0.0,1778457600000
tank_1403,0.0,1778457600000
tank_1409,0.0,1778457600000
tank_1412,0.0,1778457600000
tank_1415,0.0,1778457600000
tank_1416,0.0,1778457600000
tank_1421,314.0,1778457600000
tank_1422,8.058823529411766,1778457600000
tank_1425,160.0,1778457600000
tank_1426,15.0,1778457600000
tank_1430,0.0,1778457600000
tank_1433,341.0,1778457600000
tank_1438,0.0,1778457600000
tank_1439,2.0,1778457600000
tank_1441,2.0,1778457600000
tank_1443,11.709803921568627,1778457600000
tank_1445,2.0,1778457600000
tank_1446,7.0,1778457600000
tank_1450,1.0,1778457600000
tank_1452,0.0,1778457600000
tank_1456,0.0,1778457600000
tank_1466,11.0,1778457600000
tank_1471,0.0,1778457600000
tank_1475,97.0,1778457600000
tank_1486,179.0,1778457600000
tank_1488,32.0,1778457600000
tank_1491,0.0,1778457600000
tank_1500,0.0,1778457600000
tank_1505,349.0,1778457600000
tank_1513,209.0,1778457600000
tank_1531,0.0,1778457600000
tank_1536,0.0,1778457600000
tank_1539,177.0,1778457600000
tank_1541,20.0,1778457600000
tank_1542,0.0,1778457600000
tank_1547,319.0,1778457600000
tank_1563,0.0,1778457600000
tank_1564,0.0,1778457600000
tank_1565,854.913725490196,1778457600000
tank_1567,0.0,1778457600000
tank_1568,0.0,1778457600000
tank_1573,98.0,1778457600000
tank_1583,0.0,1778457600000
tank_1587,166.0,1778457600000
tank_1588,0.0,1778457600000
tank_1592,1.0,1778457600000
tank_1594,0.0,1778457600000
tank_1595,1.0,1778457600000
tank_1597,0.0,1778457600000
tank_1598,7.2823529411764705,1778457600000
tank_1600,8.28627450980392,1778457600000
tank_1604,9.862745098039216,1778457600000
tank_0002,0.0,1779494400000
tank_0004,0.0,1779494400000
tank_0005,0.0,1779494400000
tank_0011,0.0,1779494400000
tank_0014,0.0,1779494400000
tank_0019,0.0,1779494400000
tank_0024,0.0,1779494400000
tank_0025,0.0,1779494400000
tank_0026,0.0,1779494400000
tank_0027,0.0,1779494400000
tank_0030,0.0,1779494400000
tank_0031,90.74117647058823,1779494400000
tank_0036,0.0,1779494400000
tank_0037,0.0,1779494400000
tank_0038,2.23921568627451,1779494400000
tank_0050,0.0,1779494400000
tank_0051,0.0,1779494400000
tank_0052,0.0,1779494400000
tank_0053,2.1137254901960785,1779494400000
tank_0055,0.0,1779494400000
tank_0057,0.0,1779494400000
tank_0058,0.0,1779494400000
tank_0064,0.0,1779494400000
tank_0069,0.0,1779494400000
tank_0072,0.0,1779494400000
tank_0073,0.0,1779494400000
tank_0080,13.0,1779494400000
tank_0094,0.0,1779494400000
tank_0107,0.0,1779494400000
tank_0110,0.0,1779494400000
tank_0113,15.580392156862745,1779494400000
tank_0115,0.0,1779494400000
tank_0116,0.0,1779494400000
tank_0117,0.0,1779494400000
tank_0118,0.0,1779494400000
tank_0122,0.0,1779494400000
tank_0125,0.0,1779494400000
tank_0130,0.0,1779494400000
tank_0131,0.0,1779494400000
tank_0132,0.0,1779494400000
tank_0134,0.0,1779494400000
tank_0135,0.0,1779494400000
tank_0142,0.0,1779494400000
tank_0143,0.0,1779494400000
tank_0144,0.0,1779494400000
tank_0148,0.0,1779494400000
tank_0153,0.0,1779494400000
tank_0156,22.16862745098039,1779494400000
tank_0159,0.0,1779494400000
tank_0165,0.0,1779494400000
tank_0171,0.0,1779494400000
tank_0172,0.0,1779494400000
tank_0174,0.0,1779494400000
tank_0176,0.0,1779494400000
tank_0184,0.0,1779494400000
tank_0187,0.0,1779494400000
tank_0190,0.0,1779494400000
tank_0192,0.0,1779494400000
tank_0193,0.0,1779494400000
tank_0195,0.0,1779494400000
tank_0199,0.0,1779494400000
tank_0204,0.0,1779494400000
tank_0205,0.0,1779494400000
tank_0207,0.0,1779494400000
tank_0209,0.0,1779494400000
tank_0213,0.0,1779494400000
tank_0217,0.0,1779494400000
tank_0220,0.0,1779494400000
tank_0221,0.0,1779494400000
tank_0225,0.0,1779494400000
tank_0226,0.0,1779494400000
tank_0228,0.0,1779494400000
tank_0229,0.0,1779494400000
tank_0231,0.0,1779494400000
tank_0233,0.0,1779494400000
tank_0236,0.0,1779494400000
tank_0237,0.0,1779494400000
tank_0240,0.0,1779494400000
tank_0242,0.0,1779494400000
tank_0245,0.0,1779494400000
tank_0247,0.0,1779494400000
tank_0256,0.0,1779494400000
tank_0257,0.0,1779494400000
tank_0260,0.0,1779494400000
tank_0261,0.0,1779494400000
tank_0264,0.0,1779494400000
tank_0273,0.0,1779494400000
tank_0276,0.0,1779494400000
tank_0278,0.0,1779494400000
tank_0280,0.0,1779494400000
tank_0291,0.0,1779494400000
tank_0292,2.207843137254902,1779494400000
tank_0296,0.0,1779494400000
tank_0297,5.0,1779494400000
tank_0299,2.0,1779494400000
tank_0300,0.7215686274509804,1779494400000
tank_0301,0.0,1779494400000
tank_0307,0.0,1779494400000
tank_0309,0.0,1779494400000
tank_0313,0.0,1779494400000
tank_0314,0.0,1779494400000
tank_0319,0.0,1779494400000
tank_0321,0.0,1779494400000
tank_0327,1.0,1779494400000
tank_0337,0.0,1779494400000
tank_0338,0.0,1779494400000
tank_0339,4.0,1779494400000
tank_0342,15.92156862745098,1779494400000
tank_0345,0.0,1779494400000
tank_0346,0.0,1779494400000
tank_0349,0.0,1779494400000
tank_0350,0.0,1779494400000
tank_0353,8.0,1779494400000
tank_0356,0.0,1779494400000
tank_0360,0.0,1779494400000
tank_0361,0.0,1779494400000
tank_0362,0.0,1779494400000
tank_0364,0.0,1779494400000
tank_0366,0.0,1779494400000
tank_0369,0.0,1779494400000
tank_0375,0.0,1779494400000
tank_0379,0.0,1779494400000
tank_0381,0.0,1779494400000
tank_0386,0.0,1779494400000
tank_0390,0.0,1779494400000
tank_0397,0.0,1779494400000
tank_0399,0.0,1779494400000
tank_0404,0.0,1779494400000
tank_0409,0.0,1779494400000
tank_0420,0.0,1779494400000
tank_0425,0.0,1779494400000
tank_0431,0.0,1779494400000
tank_0432,0.0,1779494400000
tank_0435,0.0,1779494400000
tank_0436,0.0,1779494400000
tank_0438,0.0,1779494400000
tank_0443,0.0,1779494400000
tank_0444,0.0,1779494400000
tank_0447,0.0,1779494400000
tank_0448,0.0,1779494400000
tank_0449,0.0,1779494400000
tank_0455,0.9764705882352942,1779494400000
tank_0460,0.0,1779494400000
tank_0462,0.0,1779494400000
tank_0466,0.0,1779494400000
tank_0471,0.0,1779494400000
tank_0473,0.0,1779494400000
tank_0474,0.0,1779494400000
tank_0481,21.690196078431374,1779494400000
tank_0485,0.0,1779494400000
tank_0489,0.0,1779494400000
tank_0491,0.0,1779494400000
tank_0494,0.0,1779494400000
tank_0497,0.0,1779494400000
tank_0498,0.2627450980392157,1779494400000
tank_0502,0.0,1779494400000
tank_0505,0.0,1779494400000
tank_0509,0.0,1779494400000
tank_0512,1.0,1779494400000
tank_0514,0.0,1779494400000
tank_0515,0.0,1779494400000
tank_0521,0.0,1779494400000
tank_0524,0.0,1779494400000
tank_0526,0.0,1779494400000
tank_0533,3.0,1779494400000
tank_0534,0.0,1779494400000
tank_0536,0.0,1779494400000
tank_0537,0.0,1779494400000
tank_0541,0.0,1779494400000
tank_0547,3.435294117647059,1779494400000
tank_0552,4.0,1779494400000
tank_0555,0.0,1779494400000
tank_0556,0.0,1779494400000
tank_0557,0.0,1779494400000
tank_0560,3.0,1779494400000
tank_0561,0.0,1779494400000
tank_0566,0.0,1779494400000
tank_0567,0.0,1779494400000
tank_0568,7.458823529411765,1779494400000
tank_0574,0.0,1779494400000
tank_0579,0.0,1779494400000
tank_0583,0.0,1779494400000
tank_0587,0.0,1779494400000
tank_0589,0.0,1779494400000
tank_0590,0.0,1779494400000
tank_0592,0.0,1779494400000
tank_0593,0.0,1779494400000
tank_0595,0.0,1779494400000
tank_0600,18.223529411764705,1779494400000
tank_0604,0.0,1779494400000
tank_0606,3.9058823529411764,1779494400000
tank_0607,0.0,1779494400000
tank_0608,0.0,1779494400000
tank_0610,0.0,1779494400000
tank_0611,0.0,1779494400000
tank_0612,3.176470588235294,1779494400000
tank_0613,0.0,1779494400000
tank_0619,0.0,1779494400000
tank_0626,0.0,1779494400000
tank_0627,0.0,1779494400000
tank_0628,0.0,1779494400000
tank_0632,0.0,1779494400000
tank_0633,0.0,1779494400000
tank_0639,0.0,1779494400000
tank_0640,0.2549019607843137,1779494400000
tank_0641,0.0,1779494400000
tank_0643,0.0,1779494400000
tank_0646,0.0,1779494400000
tank_0663,0.0,1779494400000
tank_0664,0.0,1779494400000
tank_0666,0.0,1779494400000
tank_0667,0.0,1779494400000
tank_0670,0.0,1779494400000
tank_0675,0.0,1779494400000
tank_0676,0.0,1779494400000
tank_0678,0.0,1779494400000
tank_0681,0.0,1779494400000
tank_0687,0.0,1779494400000
tank_0688,0.0,1779494400000
tank_0697,0.0,1779494400000
tank_0720,0.40784313725490196,1779494400000
tank_0722,0.8745098039215686,1779494400000
tank_0724,6.874509803921569,1779494400000
tank_0725,0.0,1779494400000
tank_0728,1.0,1779494400000
tank_0730,5.752941176470588,1779494400000
tank_0731,0.0,1779494400000
tank_0732,0.0,1779494400000
tank_0737,0.0,1779494400000
tank_0739,6.0,1779494400000
tank_0740,11.51372549019608,1779494400000
tank_0746,0.0,1779494400000
tank_0748,0.0,1779494400000
tank_0749,0.0,1779494400000
tank_0752,0.0,1779494400000
tank_0760,0.0,1779494400000
tank_0770,0.0,1779494400000
tank_0772,0.0,1779494400000
tank_0788,0.0,1779494400000
tank_0789,0.0,1779494400000
tank_0792,77.52549019607844,1779494400000
tank_0797,0.0,1779494400000
tank_0800,7.0,1779494400000
tank_0802,0.0,1779494400000
tank_0803,0.0,1779494400000
tank_0808,0.0,1779494400000
tank_0810,0.0,1779494400000
tank_0811,0.0,1779494400000
tank_0812,19.0,1779494400000
tank_0813,0.0,1779494400000
tank_0816,0.0,1779494400000
tank_0819,0.0,1779494400000
tank_0823,0.0,1779494400000
tank_0824,0.0,1779494400000
tank_0825,0.0,1779494400000
tank_0828,0.0,1779494400000
tank_0829,0.0,1779494400000
tank_0830,0.0,1779494400000
tank_0831,1.7490196078431373,1779494400000
tank_0844,0.0,1779494400000
tank_0852,0.0,1779494400000
tank_0855,0.0,1779494400000
tank_0856,0.0,1779494400000
tank_0860,0.0,1779494400000
tank_0861,0.0,1779494400000
tank_0872,0.0,1779494400000
tank_0875,0.0,1779494400000
tank_0879,0.0,1779494400000
tank_0885,0.0,1779494400000
tank_0891,0.0,1779494400000
tank_0894,0.0,1779494400000
tank_0898,2.0,1779494400000
tank_0900,1.0,1779494400000
tank_0901,0.0,1779494400000
tank_0902,0.0,1779494400000
tank_0914,0.0,1779494400000
tank_0917,8.0,1779494400000
tank_0919,0.0,1779494400000
tank_0920,0.0,1779494400000
tank_0922,34.0,1779494400000
tank_0923,0.0,1779494400000
tank_0924,0.0,1779494400000
tank_0926,0.0,1779494400000
tank_0927,0.0,1779494400000
tank_0928,0.0,1779494400000
tank_0930,0.0,1779494400000
tank_0931,0.0,1779494400000
tank_0933,0.0,1779494400000
tank_0934,0.0,1779494400000
tank_0937,0.0,1779494400000
tank_0938,0.0,1779494400000
tank_0939,2.0,1779494400000
tank_0944,0.0,1779494400000
tank_0946,0.0,1779494400000
tank_0952,0.0,1779494400000
tank_0958,0.0,1779494400000
tank_0962,220.0,1779494400000
tank_0967,0.0,1779494400000
tank_0975,0.0,1779494400000
tank_0978,0.0,1779494400000
tank_0990,0.0,1779494400000
tank_0991,44.0,1779494400000
tank_0998,0.0,1779494400000
tank_0999,0.0,1779494400000
tank_1003,11.0,1779494400000
tank_1004,1.0,1779494400000
tank_1014,0.0,1779494400000
tank_1026,99.0,1779494400000
tank_1031,0.0,1779494400000
tank_1032,6.0,1779494400000
tank_1034,5.768627450980392,1779494400000
tank_1042,39.898039215686275,1779494400000
tank_1045,0.0,1779494400000
tank_1049,0.0,1779494400000
tank_1055,0.0,1779494400000
tank_1061,0.0,1779494400000
tank_1062,1.792156862745098,1779494400000
tank_1064,0.0,1779494400000
tank_1065,0.0,1779494400000
tank_1066,0.0,1779494400000
tank_1070,0.0,1779494400000
tank_1073,0.0,1779494400000
tank_1083,0.0,1779494400000
tank_1086,0.0,1779494400000
tank_1088,0.0,1779494400000
tank_1089,8.0,1779494400000
tank_1090,53.0,1779494400000
tank_1091,0.0,1779494400000
tank_1094,92.0,1779494400000
tank_1095,0.0,1779494400000
tank_1104,0.0,1779494400000
tank_1113,14.0,1779494400000
tank_1116,0.0,1779494400000
tank_1117,0.0,1779494400000
tank_1120,119.0,1779494400000
tank_1121,110.0,1779494400000
tank_1124,21.666666666666668,1779494400000
tank_1128,47.0,1779494400000
tank_1134,0.0,1779494400000
tank_1135,89.6705882352941,1779494400000
tank_1146,0.0,1779494400000
tank_1149,0.3411764705882353,1779494400000
tank_1156,0.0,1779494400000
tank_1157,5.63921568627451,1779494400000
tank_1159,1.0,1779494400000
tank_1160,229.0,1779494400000
tank_1166,0.0,1779494400000
tank_1170,3.0,1779494400000
tank_1175,0.0,1779494400000
tank_1177,0.0,1779494400000
tank_1179,1.6980392156862745,1779494400000
tank_1181,7.0,1779494400000
tank_1186,36.0,1779494400000
tank_1187,15.71372549019608,1779494400000
tank_1190,0.0,1779494400000
tank_1192,2.0,1779494400000
tank_1196,0.0,1779494400000
tank_1197,229.0,1779494400000
tank_1201,2.0,1779494400000
tank_1203,0.0,1779494400000
tank_1205,87.0,1779494400000
tank_1209,61.0,1779494400000
tank_1217,0.0,1779494400000
tank_1223,0.0,1779494400000
tank_1226,121.85490196078432,1779494400000
tank_1228,8.0,1779494400000
tank_1230,0.0,1779494400000
tank_1237,0.0,1779494400000
tank_1239,87.0,1779494400000
tank_1245,0.0,1779494400000
tank_1246,0.0,1779494400000
tank_1250,0.0,1779494400000
tank_1254,12.0,1779494400000
tank_1255,0.0,1779494400000
tank_1258,0.0,1779494400000
tank_1261,0.0,1779494400000
tank_1262,0.0,1779494400000
tank_1263,0.0,1779494400000
tank_1265,0.0,1779494400000
tank_1270,0.0,1779494400000
tank_1272,0.0,1779494400000
tank_1275,0.0,1779494400000
tank_1276,18.0,1779494400000
tank_1279,8.0,1779494400000
tank_1280,0.0,1779494400000
tank_1284,0.0,1779494400000
tank_1285,0.0,1779494400000
tank_1286,16.0,1779494400000
tank_1290,1.0,1779494400000
tank_1291,0.0,1779494400000
tank_1293,5.0,1779494400000
tank_1295,0.0,1779494400000
tank_1297,3.0,1779494400000
tank_1301,0.0,1779494400000
tank_1302,0.0,1779494400000
tank_1304,0.0,1779494400000
tank_1305,0.0,1779494400000
tank_1313,205.0,1779494400000
tank_1322,0.0,1779494400000
tank_1325,1.0,1779494400000
tank_1326,0.0,1779494400000
tank_1344,0.0,1779494400000
tank_1346,7.901960784313726,1779494400000
tank_1349,0.0,1779494400000
tank_1353,92.0,1779494400000
tank_1358,0.0,1779494400000
tank_1359,0.0,1779494400000
tank_1361,229.0,1779494400000
tank_1364,737.0,1779494400000
tank_1365,0.0,1779494400000
tank_1372,0.0,1779494400000
tank_1374,108.0,1779494400000
tank_1378,404.0,1779494400000
tank_1380,14.0,1779494400000
tank_1386,64.0,1779494400000
tank_1391,0.0,1779494400000
tank_1393,0.0,1779494400000
tank_1396,2.0,1779494400000
tank_1397,0.0,1779494400000
tank_1403,0.0,1779494400000
tank_1409,0.0,1779494400000
tank_1412,0.0,1779494400000
tank_1415,0.0,1779494400000
tank_1416,0.0,1779494400000
tank_1421,300.0,1779494400000
tank_1422,0.0,1779494400000
tank_1425,74.0,1779494400000
tank_1426,1.0,1779494400000
tank_1430,0.0,1779494400000
tank_1433,355.0,1779494400000
tank_1438,0.0,1779494400000
tank_1439,4.0,1779494400000
tank_1441,0.4980392156862745,1779494400000
tank_1443,0.0,1779494400000
tank_1445,0.0,1779494400000
tank_1446,0.0,1779494400000
tank_1450,0.0,1779494400000
tank_1452,0.0,1779494400000
tank_1456,0.0,1779494400000
tank_1466,5.0,1779494400000
tank_1471,0.0,1779494400000
tank_1475,1.0,1779494400000
tank_1486,2.0,1779494400000
tank_1488,9.0,1779494400000
tank_1491,0.0,1779494400000
tank_1500,0.0,1779494400000
tank_1505,261.0,1779494400000
tank_1513,29.0,1779494400000
tank_1531,0.0,1779494400000
tank_1536,0.0,1779494400000
tank_1539,241.0,1779494400000
tank_1541,13.768627450980393,1779494400000
tank_1542,0.0,1779494400000
tank_1547,86.0,1779494400000
tank_1563,0.0,1779494400000
tank_1564,0.0,1779494400000
tank_1565,74.0,1779494400000
tank_1567,0.0,1779494400000
tank_1568,0.0,1779494400000
tank_1573,65.0,1779494400000
tank_1583,0.0,1779494400000
tank_1587,330.0,1779494400000
tank_1588,0.0,1779494400000
tank_1592,0.0,1779494400000
tank_1594,0.0,1779494400000
tank_1595,0.0,1779494400000
tank_1597,0.0,1779494400000
tank_1598,11.066666666666666,1779494400000
tank_1600,0.0,1779494400000
tank_1604,4.0,1779494400000
tank_0002,2.0,1780531200000
tank_0004,0.0,1780531200000
tank_0005,0.0,1780531200000
tank_0011,0.0,1780531200000
tank_0014,0.0,1780531200000
tank_0019,0.0,1780531200000
tank_0024,0.0,1780531200000
tank_0025,0.0,1780531200000
tank_0026,0.0,1780531200000
tank_0027,0.0,1780531200000
tank_0030,0.0,1780531200000
tank_0031,125.67450980392157,1780531200000
tank_0036,0.0,1780531200000
tank_0037,4.898039215686275,1780531200000
tank_0038,0.0,1780531200000
tank_0050,10.0,1780531200000
tank_0051,0.0,1780531200000
tank_0052,0.0,1780531200000
tank_0053,0.5098039215686274,1780531200000
tank_0055,0.0,1780531200000
tank_0057,0.0,1780531200000
tank_0058,1.3294117647058823,1780531200000
tank_0064,112.96862745098039,1780531200000
tank_0069,4.0,1780531200000
tank_0072,0.0,1780531200000
tank_0073,0.0,1780531200000
tank_0080,16.0,1780531200000
tank_0094,0.0,1780531200000
tank_0107,0.0,1780531200000
tank_0110,6.0,1780531200000
tank_0113,16.686274509803923,1780531200000
tank_0115,0.0,1780531200000
tank_0116,0.0,1780531200000
tank_0117,91.0,1780531200000
tank_0118,0.0,1780531200000
tank_0122,0.0,1780531200000
tank_0125,10.470588235294118,1780531200000
tank_0130,0.0,1780531200000
tank_0131,0.0,1780531200000
tank_0132,0.0,1780531200000
tank_0134,0.0,1780531200000
tank_0135,0.0,1780531200000
tank_0142,3.564705882352941,1780531200000
tank_0143,0.0,1780531200000
tank_0144,0.0,1780531200000
tank_0148,0.22745098039215686,1780531200000
tank_0153,23.0,1780531200000
tank_0156,23.125490196078427,1780531200000
tank_0159,2.023529411764706,1780531200000
tank_0165,0.0,1780531200000
tank_0171,0.0,1780531200000
tank_0172,0.0,1780531200000
tank_0174,2.0,1780531200000
tank_0176,0.0,1780531200000
tank_0184,0.0,1780531200000
tank_0187,7.427450980392157,1780531200000
tank_0190,4.6156862745098035,1780531200000
tank_0192,0.0,1780531200000
tank_0193,0.0,1780531200000
tank_0195,32.05882352941176,1780531200000
tank_0199,0.0,1780531200000
tank_0204,0.0,1780531200000
tank_0205,0.0,1780531200000
tank_0207,0.0,1780531200000
tank_0209,0.0,1780531200000
tank_0213,2.0,1780531200000
tank_0217,0.0,1780531200000
tank_0220,0.0,1780531200000
tank_0221,5.486274509803922,1780531200000
tank_0225,0.0,1780531200000
tank_0226,6.0,1780531200000
tank_0228,0.0,1780531200000
tank_0229,0.0,1780531200000
tank_0231,0.0,1780531200000
tank_0233,0.0,1780531200000
tank_0236,4.0,1780531200000
tank_0237,0.0,1780531200000
tank_0240,0.0,1780531200000
tank_0242,27.807843137254903,1780531200000
tank_0245,6.749019607843136,1780531200000
tank_0247,6.0,1780531200000
tank_0256,0.0,1780531200000
tank_0257,0.0,1780531200000
tank_0260,0.0,1780531200000
tank_0261,0.0,1780531200000
tank_0264,3.0,1780531200000
tank_0273,172.0,1780531200000
tank_0276,0.0,1780531200000
tank_0278,1.0,1780531200000
tank_0280,0.0,1780531200000
tank_0291,0.0,1780531200000
tank_0292,17.858823529411765,1780531200000
tank_0296,0.0,1780531200000
tank_0297,3.0,1780531200000
tank_0299,33.831372549019605,1780531200000
tank_0300,7.305882352941176,1780531200000
tank_0301,1.2,1780531200000
tank_0307,3.0,1780531200000
tank_0309,26.92549019607843,1780531200000
tank_0313,22.0,1780531200000
tank_0314,0.0,1780531200000
tank_0319,22.098039215686278,1780531200000
tank_0321,1.0,1780531200000
tank_0327,0.0,1780531200000
tank_0337,0.0,1780531200000
tank_0338,0.0,1780531200000
tank_0339,16.83137254901961,1780531200000
tank_0342,27.301960784313724,1780531200000
tank_0345,0.0,1780531200000
tank_0346,0.0,1780531200000
tank_0349,251.0,1780531200000
tank_0350,0.0,1780531200000
tank_0353,11.850980392156863,1780531200000
tank_0356,0.0,1780531200000
tank_0360,0.0,1780531200000
tank_0361,0.0,1780531200000
tank_0362,1.5843137254901962,1780531200000
tank_0364,0.0,1780531200000
tank_0366,0.0,1780531200000
tank_0369,0.0,1780531200000
tank_0375,0.0,1780531200000
tank_0379,2.0,1780531200000
tank_0381,0.0,1780531200000
tank_0386,76.11764705882352,1780531200000
tank_0390,12.0,1780531200000
tank_0397,0.0,1780531200000
tank_0399,0.0,1780531200000
tank_0404,28.0,1780531200000
tank_0409,0.0,1780531200000
tank_0420,0.0,1780531200000
tank_0425,0.0,1780531200000
tank_0431,0.0,1780531200000
tank_0432,2.7529411764705882,1780531200000
tank_0435,0.0,1780531200000
tank_0436,8.0,1780531200000
tank_0438,0.0,1780531200000
tank_0443,0.0,1780531200000
tank_0444,9.0,1780531200000
tank_0447,3.4784313725490197,1780531200000
tank_0448,0.0,1780531200000
tank_0449,0.0,1780531200000
tank_0455,54.55686274509804,1780531200000
tank_0460,9.003921568627451,1780531200000
tank_0462,38.0,1780531200000
tank_0466,0.0,1780531200000
tank_0471,0.0,1780531200000
tank_0473,5.0,1780531200000
tank_0474,0.0,1780531200000
tank_0481,15.862745098039216,1780531200000
tank_0485,0.0,1780531200000
tank_0489,0.0,1780531200000
tank_0491,0.0,1780531200000
tank_0494,0.0,1780531200000
tank_0497,0.0,1780531200000
tank_0498,11.058823529411764,1780531200000
tank_0502,0.0,1780531200000
tank_0505,0.0,1780531200000
tank_0509,0.0,1780531200000
tank_0512,24.0,1780531200000
tank_0514,0.0,1780531200000
tank_0515,0.7529411764705882,1780531200000
tank_0521,0.0,1780531200000
tank_0524,0.0,1780531200000
tank_0526,6.0,1780531200000
tank_0533,0.0,1780531200000
tank_0534,0.0,1780531200000
tank_0536,21.0,1780531200000
tank_0537,0.0,1780531200000
tank_0541,0.0,1780531200000
tank_0547,5.529411764705882,1780531200000
tank_0552,0.0,1780531200000
tank_0555,0.0,1780531200000
tank_0556,0.0,1780531200000
tank_0557,0.0,1780531200000
tank_0560,0.0,1780531200000
tank_0561,0.0,1780531200000
tank_0566,0.0,1780531200000
tank_0567,0.3803921568627451,1780531200000
tank_0568,12.894117647058822,1780531200000
tank_0574,0.0,1780531200000
tank_0579,0.0,1780531200000
tank_0583,32.0,1780531200000
tank_0587,0.0,1780531200000
tank_0589,0.0,1780531200000
tank_0590,0.0,1780531200000
tank_0592,0.0,1780531200000
tank_0593,0.0,1780531200000
tank_0595,0.0,1780531200000
tank_0600,1.0,1780531200000
tank_0604,0.0,1780531200000
tank_0606,1.0,1780531200000
tank_0607,0.0,1780531200000
tank_0608,0.0,1780531200000
tank_0610,0.0,1780531200000
tank_0611,0.0,1780531200000
tank_0612,0.0,1780531200000
tank_0613,0.0,1780531200000
tank_0619,0.0,1780531200000
tank_0626,0.0,1780531200000
tank_0627,0.0,1780531200000
tank_0628,0.0,1780531200000
tank_0632,0.0,1780531200000
tank_0633,0.0,1780531200000
tank_0639,6.1725490196078425,1780531200000
tank_0640,0.44313725490196076,1780531200000
tank_0641,0.12156862745098039,1780531200000
tank_0643,0.0,1780531200000
tank_0646,0.0,1780531200000
tank_0663,0.0,1780531200000
tank_0664,8.0,1780531200000
tank_0666,0.0,1780531200000
tank_0667,0.0,1780531200000
tank_0670,0.0,1780531200000
tank_0675,0.0,1780531200000
tank_0676,0.0,1780531200000
tank_0678,6.941176470588235,1780531200000
tank_0681,0.0,1780531200000
tank_0687,0.0,1780531200000
tank_0688,0.0,1780531200000
tank_0697,0.0,1780531200000
tank_0720,0.0,1780531200000
tank_0722,0.0,1780531200000
tank_0724,0.0,1780531200000
tank_0725,12.0,1780531200000
tank_0728,0.0,1780531200000
tank_0730,3.811764705882353,1780531200000
tank_0731,0.0,1780531200000
tank_0732,0.0,1780531200000
tank_0737,26.0,1780531200000
tank_0739,7.247058823529412,1780531200000
tank_0740,0.25098039215686274,1780531200000
tank_0746,1.223529411764706,1780531200000
tank_0748,2.0,1780531200000
tank_0749,0.0,1780531200000
tank_0752,0.0,1780531200000
tank_0760,0.0,1780531200000
tank_0770,0.0,1780531200000
tank_0772,0.0,1780531200000
tank_0788,0.0,1780531200000
tank_0789,0.0,1780531200000
tank_0792,26.313725490196077,1780531200000
tank_0797,95.0,1780531200000
tank_0800,6.0,1780531200000
tank_0802,0.0,1780531200000
tank_0803,0.4980392156862745,1780531200000
tank_0808,10.0,1780531200000
tank_0810,2.0,1780531200000
tank_0811,0.0,1780531200000
tank_0812,19.0,1780531200000
tank_0813,1.211764705882353,1780531200000
tank_0816,0.0,1780531200000
tank_0819,19.0,1780531200000
tank_0823,0.0,1780531200000
tank_0824,83.0,1780531200000
tank_0825,0.0,1780531200000
tank_0828,148.05882352941177,1780531200000
tank_0829,0.0,1780531200000
tank_0830,0.0,1780531200000
tank_0831,13.87843137254902,1780531200000
tank_0844,0.0,1780531200000
tank_0852,64.94117647058823,1780531200000
tank_0855,0.0,1780531200000
tank_0856,1.0,1780531200000
tank_0860,0.0,1780531200000
tank_0861,0.0,1780531200000
tank_0872,0.0,1780531200000
tank_0875,391.65490196078434,1780531200000
tank_0879,167.8392156862745,1780531200000
tank_0885,0.0,1780531200000
tank_0891,221.96078431372553,1780531200000
tank_0894,475.0,1780531200000
tank_0898,251.0,1780531200000
tank_0900,0.0,1780531200000
tank_0901,217.2549019607843,1780531200000
tank_0902,64.0,1780531200000
tank_0914,67.9843137254902,1780531200000
tank_0917,54.0,1780531200000
tank_0919,2.0,1780531200000
tank_0920,406.39215686274514,1780531200000
tank_0922,112.0,1780531200000
tank_0923,0.0,1780531200000
tank_0924,0.0,1780531200000
tank_0926,0.0,1780531200000
tank_0927,0.0,1780531200000
tank_0928,0.0,1780531200000
tank_0930,32.0,1780531200000
tank_0931,88.0,1780531200000
tank_0933,0.0,1780531200000
tank_0934,0.0,1780531200000
tank_0937,0.0,1780531200000
tank_0938,0.0,1780531200000
tank_0939,0.0,1780531200000
tank_0944,6.0,1780531200000
tank_0946,0.0,1780531200000
tank_0952,0.0,1780531200000
tank_0958,0.0,1780531200000
tank_0962,827.0,1780531200000
tank_0967,5.0,1780531200000
tank_0975,0.0,1780531200000
tank_0978,0.0,1780531200000
tank_0990,0.0,1780531200000
tank_0991,89.0,1780531200000
tank_0998,0.0,1780531200000
tank_0999,0.0,1780531200000
tank_1003,180.0,1780531200000
tank_1004,18.91372549019608,1780531200000
tank_1014,0.0,1780531200000
tank_1026,186.0,1780531200000
tank_1031,0.0,1780531200000
tank_1032,8.631372549019607,1780531200000
tank_1034,5.517647058823529,1780531200000
tank_1042,42.0,1780531200000
tank_1045,0.0,1780531200000
tank_1049,0.0,1780531200000
tank_1055,0.6235294117647059,1780531200000
tank_1061,0.0,1780531200000
tank_1062,0.0,1780531200000
tank_1064,0.0,1780531200000
tank_1065,5.0,1780531200000
tank_1066,2.980392156862745,1780531200000
tank_1070,1.0,1780531200000
tank_1073,0.0,1780531200000
tank_1083,0.0,1780531200000
tank_1086,0.0,1780531200000
tank_1088,22.901960784313726,1780531200000
tank_1089,20.0,1780531200000
tank_1090,137.13333333333333,1780531200000
tank_1091,0.0,1780531200000
tank_1094,201.0,1780531200000
tank_1095,8.0,1780531200000
tank_1104,6.0,1780531200000
tank_1113,19.0,1780531200000
tank_1116,0.0,1780531200000
tank_1117,0.0,1780531200000
tank_1120,127.0,1780531200000
tank_1121,323.0,1780531200000
tank_1124,33.88235294117647,1780531200000
tank_1128,40.705882352941174,1780531200000
tank_1134,0.0,1780531200000
tank_1135,102.01568627450979,1780531200000
tank_1146,0.0,1780531200000
tank_1149,0.3411764705882353,1780531200000
tank_1156,0.0,1780531200000
tank_1157,15.94901960784314,1780531200000
tank_1159,202.0,1780531200000
tank_1160,558.0,1780531200000
tank_1166,0.0,1780531200000
tank_1170,20.529411764705884,1780531200000
tank_1175,0.0,1780531200000
tank_1177,3.0,1780531200000
tank_1179,1.0,1780531200000
tank_1181,13.0,1780531200000
tank_1186,98.0,1780531200000
tank_1187,18.545098039215688,1780531200000
tank_1190,0.0,1780531200000
tank_1192,19.0,1780531200000
tank_1196,0.0,1780531200000
tank_1197,552.0,1780531200000
tank_1201,0.0,1780531200000
tank_1203,0.0,1780531200000
tank_1205,114.90980392156862,1780531200000
tank_1209,609.0,1780531200000
tank_1217,0.0,1780531200000
tank_1223,0.0,1780531200000
tank_1226,155.6235294117647,1780531200000
tank_1228,11.0,1780531200000
tank_1230,0.4980392156862745,1780531200000
tank_1237,0.0,1780531200000
tank_1239,437.0,1780531200000
tank_1245,0.0,1780531200000
tank_1246,0.0,1780531200000
tank_1250,0.0,1780531200000
tank_1254,496.0,1780531200000
tank_1255,0.0,1780531200000
tank_1258,0.0,1780531200000
tank_1261,2.4980392156862745,1780531200000
tank_1262,0.0,1780531200000
tank_1263,0.0,1780531200000
tank_1265,0.0,1780531200000
tank_1270,20.749019607843138,1780531200000
tank_1272,10.0,1780531200000
tank_1275,0.0,1780531200000
tank_1276,70.0,1780531200000
tank_1279,8.992156862745098,1780531200000
tank_1280,0.0,1780531200000
tank_1284,0.0,1780531200000
tank_1285,0.0,1780531200000
tank_1286,48.0,1780531200000
tank_1290,19.0,1780531200000
tank_1291,0.0,1780531200000
tank_1293,5.0,1780531200000
tank_1295,0.0,1780531200000
tank_1297,14.0,1780531200000
tank_1301,2.0,1780531200000
tank_1302,5.0,1780531200000
tank_1304,0.0,1780531200000
tank_1305,0.0,1780531200000
tank_1313,567.0,1780531200000
tank_1322,0.0,1780531200000
tank_1325,0.0,1780531200000
tank_1326,0.0,1780531200000
tank_1344,0.0,1780531200000
tank_1346,0.0,1780531200000
tank_1349,0.0,1780531200000
tank_1353,421.0,1780531200000
tank_1358,0.0,1780531200000
tank_1359,0.0,1780531200000
tank_1361,419.0,1780531200000
tank_1364,727.0,1780531200000
tank_1365,3.0,1780531200000
tank_1372,5.0,1780531200000
tank_1374,72.0,1780531200000
tank_1378,419.0,1780531200000
tank_1380,0.0,1780531200000
tank_1386,259.0,1780531200000
tank_1391,0.0,1780531200000
tank_1393,0.0,1780531200000
tank_1396,25.0,1780531200000
tank_1397,0.0,1780531200000
tank_1403,18.662745098039217,1780531200000
tank_1409,0.0,1780531200000
tank_1412,0.0,1780531200000
tank_1415,0.0,1780531200000
tank_1416,0.0,1780531200000
tank_1421,190.0,1780531200000
tank_1422,0.0,1780531200000
tank_1425,70.0,1780531200000
tank_1426,0.0,1780531200000
tank_1430,0.0,1780531200000
tank_1433,322.0,1780531200000
tank_1438,0.0,1780531200000
tank_1439,0.0,1780531200000
tank_1441,0.996078431372549,1780531200000
tank_1443,0.0,1780531200000
tank_1445,2.0,1780531200000
tank_1446,6.0,1780531200000
tank_1450,0.0,1780531200000
tank_1452,0.0,1780531200000
tank_1456,0.0,1780531200000
tank_1466,0.0,1780531200000
tank_1471,0.0,1780531200000
tank_1475,80.0,1780531200000
tank_1486,203.0,1780531200000
tank_1488,20.0,1780531200000
tank_1491,41.16470588235294,1780531200000
tank_1500,0.0,1780531200000
tank_1505,438.0,1780531200000
tank_1513,113.0,1780531200000
tank_1531,0.0,1780531200000
tank_1536,0.0,1780531200000
tank_1539,433.0,1780531200000
tank_1541,45.0,1780531200000
tank_1542,0.0,1780531200000
tank_1547,93.0,1780531200000
tank_1563,2.0,1780531200000
tank_1564,0.0,1780531200000
tank_1565,227.0,1780531200000
tank_1567,17.0,1780531200000
tank_1568,0.0,1780531200000
tank_1573,59.0,1780531200000
tank_1583,24.35294117647059,1780531200000
tank_1587,515.0,1780531200000
tank_1588,0.0,1780531200000
tank_1592,1.0,1780531200000
tank_1594,0.0,1780531200000
tank_1595,0.0,1780531200000
tank_1597,155.0,1780531200000
tank_1598,24.929411764705883,1780531200000
tank_1600,0.0,1780531200000
tank_1604,5.458823529411765,1780531200000
tank_0002,0.0,1781568000000
tank_0004,0.0,1781568000000
tank_0005,0.0,1781568000000
tank_0011,0.9176470588235294,1781568000000
tank_0014,0.0,1781568000000
tank_0019,0.0,1781568000000
tank_0024,0.0,1781568000000
tank_0025,0.0,1781568000000
tank_0026,0.0,1781568000000
tank_0027,0.0,1781568000000
tank_0030,1.2784313725490195,1781568000000
tank_0031,120.8,1781568000000
tank_0036,0.0,1781568000000
tank_0037,0.0,1781568000000
tank_0038,4.992156862745098,1781568000000
tank_0050,1.0,1781568000000
tank_0051,0.0,1781568000000
tank_0052,0.0,1781568000000
tank_0053,18.92156862745098,1781568000000
tank_0055,0.37254901960784315,1781568000000
tank_0057,0.0,1781568000000
tank_0058,0.0,1781568000000
tank_0064,86.94901960784314,1781568000000
tank_0069,5.0,1781568000000
tank_0072,0.0,1781568000000
tank_0073,0.0,1781568000000
tank_0080,10.0,1781568000000
tank_0094,0.0,1781568000000
tank_0107,0.0,1781568000000
tank_0110,3.0,1781568000000
tank_0113,7.184313725490196,1781568000000
tank_0115,0.0,1781568000000
tank_0116,0.8705882352941177,1781568000000
tank_0117,94.0,1781568000000
tank_0118,0.0,1781568000000
tank_0122,0.0,1781568000000
tank_0125,0.0,1781568000000
tank_0130,0.0,1781568000000
tank_0131,0.0,1781568000000
tank_0132,0.0,1781568000000
tank_0134,0.0,1781568000000
tank_0135,0.0,1781568000000
tank_0142,0.0,1781568000000
tank_0143,0.0,1781568000000
tank_0144,0.0,1781568000000
tank_0148,0.0,1781568000000
tank_0153,13.0,1781568000000
tank_0156,9.854901960784314,1781568000000
tank_0159,0.0,1781568000000
tank_0165,0.8745098039215686,1781568000000
tank_0171,0.0,1781568000000
tank_0172,0.0,1781568000000
tank_0174,0.6901960784313725,1781568000000
tank_0176,0.0,1781568000000
tank_0184,0.0,1781568000000
tank_0187,0.0,1781568000000
tank_0190,3.2666666666666666,1781568000000
tank_0192,0.0,1781568000000
tank_0193,0.0,1781568000000
tank_0195,9.027450980392157,1781568000000
tank_0199,0.0,1781568000000
tank_0204,0.0,1781568000000
tank_0205,0.0,1781568000000
tank_0207,0.0,1781568000000
tank_0209,0.0,1781568000000
tank_0213,6.0,1781568000000
tank_0217,0.0,1781568000000
tank_0220,0.0,1781568000000
tank_0221,3.0,1781568000000
tank_0225,0.0,1781568000000
tank_0226,0.0,1781568000000
tank_0228,0.0,1781568000000
tank_0229,4.701960784313726,1781568000000
tank_0231,1.0,1781568000000
tank_0233,0.0,1781568000000
tank_0236,0.8431372549019608,1781568000000
tank_0237,0.0,1781568000000
tank_0240,0.0,1781568000000
tank_0242,17.807843137254903,1781568000000
tank_0245,0.0,1781568000000
tank_0247,0.0,1781568000000
tank_0256,0.0,1781568000000
tank_0257,0.0,1781568000000
tank_0260,0.0,1781568000000
tank_0261,0.0,1781568000000
tank_0264,0.0,1781568000000
tank_0273,43.0,1781568000000
tank_0276,0.0,1781568000000
tank_0278,3.0,1781568000000
tank_0280,0.0,1781568000000
tank_0291,0.0,1781568000000
tank_0292,2.1294117647058823,1781568000000
tank_0296,0.0,1781568000000
tank_0297,0.0,1781568000000
tank_0299,0.0,1781568000000
tank_0300,3.1254901960784314,1781568000000
tank_0301,0.0,1781568000000
tank_0307,0.0,1781568000000
tank_0309,16.0,1781568000000
tank_0313,8.0,1781568000000
tank_0314,0.0,1781568000000
tank_0319,23.82745098039216,1781568000000
tank_0321,0.0,1781568000000
tank_0327,0.0,1781568000000
tank_0337,0.0,1781568000000
tank_0338,0.0,1781568000000
tank_0339,0.0,1781568000000
tank_0342,12.0,1781568000000
tank_0345,0.0,1781568000000
tank_0346,1.0,1781568000000
tank_0349,190.0,1781568000000
tank_0350,0.0,1781568000000
tank_0353,1.0196078431372548,1781568000000
tank_0356,0.0,1781568000000
tank_0360,0.0,1781568000000
tank_0361,0.0,1781568000000
tank_0362,0.0,1781568000000
tank_0364,0.0,1781568000000
tank_0366,2.0,1781568000000
tank_0369,0.0,1781568000000
tank_0375,0.0,1781568000000
tank_0379,0.0,1781568000000
tank_0381,0.0,1781568000000
tank_0386,49.17254901960784,1781568000000
tank_0390,8.0,1781568000000
tank_0397,0.0,1781568000000
tank_0399,0.0,1781568000000
tank_0404,36.0,1781568000000
tank_0409,0.0,1781568000000
tank_0420,0.0,1781568000000
tank_0425,0.0,1781568000000
tank_0431,0.0,1781568000000
tank_0432,3.83921568627451,1781568000000
tank_0435,0.0,1781568000000
tank_0436,0.0,1781568000000
tank_0438,0.0,1781568000000
tank_0443,2.623529411764706,1781568000000
tank_0444,0.0,1781568000000
tank_0447,0.0,1781568000000
tank_0448,0.0,1781568000000
tank_0449,1.4666666666666668,1781568000000
tank_0455,0.0,1781568000000
tank_0460,1.4784313725490197,1781568000000
tank_0462,5.0,1781568000000
tank_0466,0.0,1781568000000
tank_0471,0.0,1781568000000
tank_0473,3.886274509803922,1781568000000
tank_0474,0.0,1781568000000
tank_0481,3.4980392156862745,1781568000000
tank_0485,0.0,1781568000000
tank_0489,0.0,1781568000000
tank_0491,0.0,1781568000000
tank_0494,0.0,1781568000000
tank_0497,0.0,1781568000000
tank_0498,0.0,1781568000000
tank_0502,0.0,1781568000000
tank_0505,0.0,1781568000000
tank_0509,0.0,1781568000000
tank_0512,12.0,1781568000000
tank_0514,0.0,1781568000000
tank_0515,0.0,1781568000000
tank_0521,0.0,1781568000000
tank_0524,0.0,1781568000000
tank_0526,4.0,1781568000000
tank_0533,0.0,1781568000000
tank_0534,0.0,1781568000000
tank_0536,0.0,1781568000000
tank_0537,0.0,1781568000000
tank_0541,0.0,1781568000000
tank_0547,0.0,1781568000000
tank_0552,0.0,1781568000000
tank_0555,0.0,1781568000000
tank_0556,0.0,1781568000000
tank_0557,0.0,1781568000000
tank_0560,0.0,1781568000000
tank_0561,0.0,1781568000000
tank_0566,0.0,1781568000000
tank_0567,1.8745098039215686,1781568000000
tank_0568,0.0,1781568000000
tank_0574,0.0,1781568000000
tank_0579,1.0,1781568000000
tank_0583,44.0,1781568000000
tank_0587,0.0,1781568000000
tank_0589,0.0,1781568000000
tank_0590,0.0,1781568000000
tank_0592,0.0,1781568000000
tank_0593,0.0,1781568000000
tank_0595,0.0,1781568000000
tank_0600,0.0,1781568000000
tank_0604,0.0,1781568000000
tank_0606,0.0,1781568000000
tank_0607,0.0,1781568000000
tank_0608,0.0,1781568000000
tank_0610,1.0588235294117647,1781568000000
tank_0611,0.15294117647058825,1781568000000
tank_0612,0.0,1781568000000
tank_0613,0.0,1781568000000
tank_0619,0.0,1781568000000
tank_0626,0.0,1781568000000
tank_0627,0.0,1781568000000
tank_0628,0.0,1781568000000
tank_0632,0.0,1781568000000
tank_0633,0.0,1781568000000
tank_0639,7.517647058823529,1781568000000
tank_0640,1.1215686274509804,1781568000000
tank_0641,0.0,1781568000000
tank_0643,0.0,1781568000000
tank_0646,0.0,1781568000000
tank_0663,0.0,1781568000000
tank_0664,0.0,1781568000000
tank_0666,0.0,1781568000000
tank_0667,0.0,1781568000000
tank_0670,0.0,1781568000000
tank_0675,0.0,1781568000000
tank_0676,0.0,1781568000000
tank_0678,0.0,1781568000000
tank_0681,0.0,1781568000000
tank_0687,0.0,1781568000000
tank_0688,0.0,1781568000000
tank_0697,0.9019607843137255,1781568000000
tank_0720,0.0,1781568000000
tank_0722,0.0,1781568000000
tank_0724,0.07450980392156863,1781568000000
tank_0725,6.0,1781568000000
tank_0728,0.0,1781568000000
tank_0730,0.0,1781568000000
tank_0731,0.0,1781568000000
tank_0732,0.0,1781568000000
tank_0737,33.0,1781568000000
tank_0739,1.827450980392157,1781568000000
tank_0740,0.0,1781568000000
tank_0746,0.0,1781568000000
tank_0748,0.0,1781568000000
tank_0749,0.6823529411764706,1781568000000
tank_0752,0.6235294117647059,1781568000000
tank_0760,0.0,1781568000000
tank_0770,0.9647058823529412,1781568000000
tank_0772,0.0,1781568000000
tank_0788,0.0,1781568000000
tank_0789,0.0,1781568000000
tank_0792,107.58039215686277,1781568000000
tank_0797,69.56470588235294,1781568000000
tank_0800,0.0,1781568000000
tank_0802,0.0,1781568000000
tank_0803,2.0,1781568000000
tank_0808,5.0,1781568000000
tank_0810,3.0,1781568000000
tank_0811,4.407843137254902,1781568000000
tank_0812,15.0,1781568000000
tank_0813,3.031372549019608,1781568000000
tank_0816,2.9607843137254903,1781568000000
tank_0819,37.6,1781568000000
tank_0823,0.0,1781568000000
tank_0824,180.0,1781568000000
tank_0825,0.0,1781568000000
tank_0828,160.5686274509804,1781568000000
tank_0829,0.0,1781568000000
tank_0830,0.0,1781568000000
tank_0831,5.870588235294118,1781568000000
tank_0844,0.0,1781568000000
tank_0852,29.0,1781568000000
tank_0855,0.0,1781568000000
tank_0856,23.0,1781568000000
tank_0860,0.0,1781568000000
tank_0861,9.0,1781568000000
tank_0872,0.0,1781568000000
tank_0875,447.73333333333335,1781568000000
tank_0879,172.5372549019608,1781568000000
tank_0885,0.0,1781568000000
tank_0891,185.89019607843136,1781568000000
tank_0894,0.0,1781568000000
tank_0898,108.0,1781568000000
tank_0900,0.0,1781568000000
tank_0901,107.51372549019608,1781568000000
tank_0902,0.0,1781568000000
tank_0914,60.84313725490196,1781568000000
tank_0917,6.0,1781568000000
tank_0919,0.0,1781568000000
tank_0920,265.97254901960787,1781568000000
tank_0922,73.0,1781568000000
tank_0923,0.0,1781568000000
tank_0924,0.0,1781568000000
tank_0926,8.647058823529411,1781568000000
tank_0927,2.854901960784314,1781568000000
tank_0928,0.0,1781568000000
tank_0930,3.0,1781568000000
tank_0931,44.0,1781568000000
tank_0933,0.0,1781568000000
tank_0934,0.0,1781568000000
tank_0937,0.0,1781568000000
tank_0938,0.0,1781568000000
tank_0939,4.454901960784314,1781568000000
tank_0944,3.0,1781568000000
tank_0946,0.0,1781568000000
tank_0952,0.0,1781568000000
tank_0958,0.0,1781568000000
tank_0962,644.0,1781568000000
tank_0967,6.0,1781568000000
tank_0975,0.0,1781568000000
tank_0978,0.0,1781568000000
tank_0990,0.0,1781568000000
tank_0991,164.0,1781568000000
tank_0998,0.0,1781568000000
tank_0999,0.0,1781568000000
tank_1003,0.0,1781568000000
tank_1004,0.0,1781568000000
tank_1014,33.0,1781568000000
tank_1026,139.0,1781568000000
tank_1031,0.0,1781568000000
tank_1032,3.9058823529411764,1781568000000
tank_1034,2.756862745098039,1781568000000
tank_1042,37.0,1781568000000
tank_1045,0.0,1781568000000
tank_1049,0.0,1781568000000
tank_1055,3.0823529411764707,1781568000000
tank_1061,0.0,1781568000000
tank_1062,0.0,1781568000000
tank_1064,1.0,1781568000000
tank_1065,2.0,1781568000000
tank_1066,0.0,1781568000000
tank_1070,6.0,1781568000000
tank_1073,13.0,1781568000000
tank_1083,0.0,1781568000000
tank_1086,0.0,1781568000000
tank_1088,10.486274509803922,1781568000000
tank_1089,14.0,1781568000000
tank_1090,74.0,1781568000000
tank_1091,0.0,1781568000000
tank_1094,1396.0,1781568000000
tank_1095,0.0,1781568000000
tank_1104,1.0,1781568000000
tank_1113,32.0,1781568000000
tank_1116,0.0,1781568000000
tank_1117,0.0,1781568000000
tank_1120,89.0,1781568000000
tank_1121,112.0,1781568000000
tank_1124,34.12549019607843,1781568000000
tank_1128,40.0,1781568000000
tank_1134,0.0,1781568000000
tank_1135,96.97647058823529,1781568000000
tank_1146,3.0,1781568000000
tank_1149,0.0,1781568000000
tank_1156,0.0,1781568000000
tank_1157,12.611764705882354,1781568000000
tank_1159,78.0,1781568000000
tank_1160,308.0,1781568000000
tank_1166,0.0,1781568000000
tank_1170,17.094117647058823,1781568000000
tank_1175,0.0,1781568000000
tank_1177,4.0,1781568000000
tank_1179,10.050980392156863,1781568000000
tank_1181,8.0,1781568000000
tank_1186,172.0,1781568000000
tank_1187,15.588235294117647,1781568000000
tank_1190,0.0,1781568000000
tank_1192,19.0,1781568000000
tank_1196,0.0,1781568000000
tank_1197,1015.0,1781568000000
tank_1201,20.0,1781568000000
tank_1203,0.0,1781568000000
tank_1205,234.0,1781568000000
tank_1209,878.0,1781568000000
tank_1217,0.0,1781568000000
tank_1223,2.0,1781568000000
tank_1226,187.2509803921569,1781568000000
tank_1228,7.0,1781568000000
tank_1230,0.0,1781568000000
tank_1237,0.0,1781568000000
tank_1239,494.0,1781568000000
tank_1245,0.0,1781568000000
tank_1246,0.0,1781568000000
tank_1250,0.0,1781568000000
tank_1254,447.0,1781568000000
tank_1255,0.0,1781568000000
tank_1258,2.0,1781568000000
tank_1261,0.0,1781568000000
tank_1262,0.0,1781568000000
tank_1263,0.0,1781568000000
tank_1265,1.0,1781568000000
tank_1270,23.211764705882352,1781568000000
tank_1272,9.0,1781568000000
tank_1275,0.0,1781568000000
tank_1276,56.95294117647059,1781568000000
tank_1279,14.866666666666667,1781568000000
tank_1280,0.0,1781568000000
tank_1284,0.0,1781568000000
tank_1285,0.0,1781568000000
tank_1286,66.0,1781568000000
tank_1290,15.0,1781568000000
tank_1291,0.0,1781568000000
tank_1293,2.0,1781568000000
tank_1295,0.0,1781568000000
tank_1297,23.0,1781568000000
tank_1301,0.0,1781568000000
tank_1302,29.0,1781568000000
tank_1304,0.0,1781568000000
tank_1305,0.0,1781568000000
tank_1313,1074.0,1781568000000
tank_1322,0.0,1781568000000
tank_1325,0.0,1781568000000
tank_1326,0.0,1781568000000
tank_1344,0.0,1781568000000
tank_1346,9.823529411764707,1781568000000
tank_1349,0.0,1781568000000
tank_1353,685.0,1781568000000
tank_1358,0.0,1781568000000
tank_1359,0.0,1781568000000
tank_1361,559.0,1781568000000
tank_1364,865.0,1781568000000
tank_1365,30.0,1781568000000
tank_1372,3.0,1781568000000
tank_1374,56.0,1781568000000
tank_1378,227.0,1781568000000
tank_1380,0.0,1781568000000
tank_1386,119.0,1781568000000
tank_1391,0.0,1781568000000
tank_1393,0.0,1781568000000
tank_1396,60.0,1781568000000
tank_1397,0.0,1781568000000
tank_1403,12.0,1781568000000
tank_1409,0.0,1781568000000
tank_1412,0.0,1781568000000
tank_1415,0.0,1781568000000
tank_1416,0.0,1781568000000
tank_1421,268.0,1781568000000
tank_1422,0.0,1781568000000
tank_1425,137.0,1781568000000
tank_1426,1.0,1781568000000
tank_1430,0.0,1781568000000
tank_1433,356.0,1781568000000
tank_1438,0.0,1781568000000
tank_1439,0.0,1781568000000
tank_1441,0.0,1781568000000
tank_1443,0.0,1781568000000
tank_1445,19.0,1781568000000
tank_1446,0.0,1781568000000
tank_1450,0.0,1781568000000
tank_1452,0.0,1781568000000
tank_1456,0.0,1781568000000
tank_1466,0.0,1781568000000
tank_1471,0.0,1781568000000
tank_1475,85.0,1781568000000
tank_1486,0.0,1781568000000
tank_1488,11.0,1781568000000
tank_1491,32.0,1781568000000
tank_1500,15.0,1781568000000
tank_1505,425.0,1781568000000
tank_1513,2.0,1781568000000
tank_1531,0.0,1781568000000
tank_1536,0.0,1781568000000
tank_1539,416.0,1781568000000
tank_1541,42.69019607843137,1781568000000
tank_1542,0.0,1781568000000
tank_1547,99.0,1781568000000
tank_1563,3.623529411764706,1781568000000
tank_1564,0.0,1781568000000
tank_1565,128.0,1781568000000
tank_1567,0.0,1781568000000
tank_1568,0.0,1781568000000
tank_1573,85.0,1781568000000
tank_1583,4.0,1781568000000
tank_1587,482.0,1781568000000
tank_1588,0.0,1781568000000
tank_1592,0.0,1781568000000
tank_1594,0.0,1781568000000
tank_1595,0.0,1781568000000
tank_1597,154.0,1781568000000
tank_1598,17.73725490196078,1781568000000
tank_1600,0.0,1781568000000
tank_1604,0.0,1781568000000
tank_0002,0.0,1782604800000
tank_0004,0.0,1782604800000
tank_0005,0.0,1782604800000
tank_0011,0.0,1782604800000
tank_0014,0.0,1782604800000
tank_0019,0.0,1782604800000
tank_0024,0.0,1782604800000
tank_0025,0.0,1782604800000
tank_0026,0.0,1782604800000
tank_0027,0.0,1782604800000
tank_0030,0.047058823529411764,1782604800000
tank_0031,129.2549019607843,1782604800000
tank_0036,0.0,1782604800000
tank_0037,0.0,1782604800000
tank_0038,0.0,1782604800000
tank_0050,0.0,1782604800000
tank_0051,0.0,1782604800000
tank_0052,0.0,1782604800000
tank_0053,2.6156862745098044,1782604800000
tank_0055,0.0,1782604800000
tank_0057,0.0,1782604800000
tank_0058,0.0,1782604800000
tank_0064,66.0,1782604800000
tank_0069,0.0,1782604800000
tank_0072,0.0,1782604800000
tank_0073,0.0,1782604800000
tank_0080,13.0,1782604800000
tank_0094,1.3686274509803922,1782604800000
tank_0107,0.0,1782604800000
tank_0110,3.0431372549019606,1782604800000
tank_0113,4.686274509803922,1782604800000
tank_0115,0.0,1782604800000
tank_0116,0.0,1782604800000
tank_0117,132.0,1782604800000
tank_0118,0.0,1782604800000
tank_0122,0.0,1782604800000
tank_0125,3.1647058823529406,1782604800000
tank_0130,0.0,1782604800000
tank_0131,0.0,1782604800000
tank_0132,0.0,1782604800000
tank_0134,0.0,1782604800000
tank_0135,1.4980392156862745,1782604800000
tank_0142,0.0,1782604800000
tank_0143,0.0,1782604800000
tank_0144,0.0,1782604800000
tank_0148,0.0,1782604800000
tank_0153,6.0,1782604800000
tank_0156,33.74117647058823,1782604800000
tank_0159,0.0,1782604800000
tank_0165,0.0,1782604800000
tank_0171,0.0,1782604800000
tank_0172,0.0,1782604800000
tank_0174,7.9411764705882355,1782604800000
tank_0176,2.0,1782604800000
tank_0184,0.0,1782604800000
tank_0187,0.0,1782604800000
tank_0190,0.0,1782604800000
tank_0192,0.0,1782604800000
tank_0193,0.0,1782604800000
tank_0195,0.0,1782604800000
tank_0199,0.0,1782604800000
tank_0204,0.0,1782604800000
tank_0205,0.0,1782604800000
tank_0207,0.0,1782604800000
tank_0209,0.0,1782604800000
tank_0213,0.0,1782604800000
tank_0217,0.0,1782604800000
tank_0220,0.0,1782604800000
tank_0221,0.6235294117647059,1782604800000
tank_0225,0.0,1782604800000
tank_0226,0.0,1782604800000
tank_0228,0.0,1782604800000
tank_0229,0.0,1782604800000
tank_0231,0.0,1782604800000
tank_0233,0.0,1782604800000
tank_0236,2.0,1782604800000
tank_0237,0.0,1782604800000
tank_0240,0.0,1782604800000
tank_0242,13.0,1782604800000
tank_0245,0.0,1782604800000
tank_0247,2.0,1782604800000
tank_0256,0.0,1782604800000
tank_0257,0.0,1782604800000
tank_0260,0.0,1782604800000
tank_0261,0.0,1782604800000
tank_0264,0.0,1782604800000
tank_0273,174.0,1782604800000
tank_0276,0.0,1782604800000
tank_0278,0.7215686274509805,1782604800000
tank_0280,0.0,1782604800000
tank_0291,0.0,1782604800000
tank_0292,5.145098039215686,1782604800000
tank_0296,0.0,1782604800000
tank_0297,0.0,1782604800000
tank_0299,1.0,1782604800000
tank_0300,8.525490196078431,1782604800000
tank_0301,1.396078431372549,1782604800000
tank_0307,0.0,1782604800000
tank_0309,11.925490196078432,1782604800000
tank_0313,0.0,1782604800000
tank_0314,0.0,1782604800000
tank_0319,5.0,1782604800000
tank_0321,0.0,1782604800000
tank_0327,0.0,1782604800000
tank_0337,0.0,1782604800000
tank_0338,3.0,1782604800000
tank_0339,1.0,1782604800000
tank_0342,14.0,1782604800000
tank_0345,0.25098039215686274,1782604800000
tank_0346,0.0,1782604800000
tank_0349,242.0,1782604800000
tank_0350,0.0,1782604800000
tank_0353,7.0,1782604800000
tank_0356,0.0,1782604800000
tank_0360,0.0,1782604800000
tank_0361,0.0,1782604800000
tank_0362,0.0,1782604800000
tank_0364,0.0,1782604800000
tank_0366,20.827450980392154,1782604800000
tank_0369,0.0,1782604800000
tank_0375,0.0,1782604800000
tank_0379,2.996078431372549,1782604800000
tank_0381,0.0,1782604800000
tank_0386,41.92156862745098,1782604800000
tank_0390,0.0,1782604800000
tank_0397,0.0,1782604800000
tank_0399,0.0,1782604800000
tank_0404,16.0,1782604800000
tank_0409,0.0,1782604800000
tank_0420,0.0,1782604800000
tank_0425,1.0,1782604800000
tank_0431,0.0,1782604800000
tank_0432,0.0,1782604800000
tank_0435,0.0,1782604800000
tank_0436,0.0,1782604800000
tank_0438,0.0,1782604800000
tank_0443,0.0,1782604800000
tank_0444,0.0,1782604800000
tank_0447,2.8941176470588235,1782604800000
tank_0448,0.0,1782604800000
tank_0449,0.0,1782604800000
tank_0455,17.023529411764706,1782604800000
tank_0460,10.4078431372549,1782604800000
tank_0462,16.0,1782604800000
tank_0466,0.0,1782604800000
tank_0471,0.0,1782604800000
tank_0473,0.0,1782604800000
tank_0474,0.37254901960784315,1782604800000
tank_0481,3.803921568627451,1782604800000
tank_0485,0.0,1782604800000
tank_0489,0.0,1782604800000
tank_0491,0.0,1782604800000
tank_0494,0.0,1782604800000
tank_0497,0.0,1782604800000
tank_0498,0.4980392156862745,1782604800000
tank_0502,0.0,1782604800000
tank_0505,0.0,1782604800000
tank_0509,0.0,1782604800000
tank_0512,76.0,1782604800000
tank_0514,0.0,1782604800000
tank_0515,7.0,1782604800000
tank_0521,0.0,1782604800000
tank_0524,0.0,1782604800000
tank_0526,4.0,1782604800000
tank_0533,0.0,1782604800000
tank_0534,0.0,1782604800000
tank_0536,0.0,1782604800000
tank_0537,0.0,1782604800000
tank_0541,7.811764705882353,1782604800000
tank_0547,0.0,1782604800000
tank_0552,0.0,1782604800000
tank_0555,0.0,1782604800000
tank_0556,0.0,1782604800000
tank_0557,0.0,1782604800000
tank_0560,2.996078431372549,1782604800000
tank_0561,0.0,1782604800000
tank_0566,0.0,1782604800000
tank_0567,0.0,1782604800000
tank_0568,0.0,1782604800000
tank_0574,0.0,1782604800000
tank_0579,0.0,1782604800000
tank_0583,31.0,1782604800000
tank_0587,0.0,1782604800000
tank_0589,0.0,1782604800000
tank_0590,0.0,1782604800000
tank_0592,6.0,1782604800000
tank_0593,0.0,1782604800000
tank_0595,1.003921568627451,1782604800000
tank_0600,2.431372549019608,1782604800000
tank_0604,0.0,1782604800000
tank_0606,8.0,1782604800000
tank_0607,0.0,1782604800000
tank_0608,0.0,1782604800000
tank_0610,0.0,1782604800000
tank_0611,8.086274509803921,1782604800000
tank_0612,0.0,1782604800000
tank_0613,0.0,1782604800000
tank_0619,0.0,1782604800000
tank_0626,0.0,1782604800000
tank_0627,0.0,1782604800000
tank_0628,0.0,1782604800000
tank_0632,0.0,1782604800000
tank_0633,0.0,1782604800000
tank_0639,0.0,1782604800000
tank_0640,1.3725490196078431,1782604800000
tank_0641,0.0,1782604800000
tank_0643,0.0,1782604800000
tank_0646,0.0,1782604800000
tank_0663,2.011764705882353,1782604800000
tank_0664,0.0,1782604800000
tank_0666,0.0,1782604800000
tank_0667,2.2588235294117647,1782604800000
tank_0670,0.0,1782604800000
tank_0675,0.0,1782604800000
tank_0676,0.0,1782604800000
tank_0678,3.5019607843137255,1782604800000
tank_0681,0.5411764705882353,1782604800000
tank_0687,0.0,1782604800000
tank_0688,0.0,1782604800000
tank_0697,3.0,1782604800000
tank_0720,0.0,1782604800000
tank_0722,0.0,1782604800000
tank_0724,3.372549019607843,1782604800000
tank_0725,0.0,1782604800000
tank_0728,0.0,1782604800000
tank_0730,0.0,1782604800000
tank_0731,0.0,1782604800000
tank_0732,0.0,1782604800000
tank_0737,96.0,1782604800000
tank_0739,7.650980392156862,1782604800000
tank_0740,0.0,1782604800000
tank_0746,0.0,1782604800000
tank_0748,0.0,1782604800000
tank_0749,0.0,1782604800000
tank_0752,0.12549019607843137,1782604800000
tank_0760,0.0,1782604800000
tank_0770,1.996078431372549,1782604800000
tank_0772,0.0,1782604800000
tank_0788,0.0,1782604800000
tank_0789,0.0,1782604800000
tank_0792,56.04705882352941,1782604800000
tank_0797,73.84313725490196,1782604800000
tank_0800,0.0,1782604800000
tank_0802,0.0,1782604800000
tank_0803,0.0,1782604800000
tank_0808,8.929411764705883,1782604800000
tank_0810,4.0,1782604800000
tank_0811,14.20392156862745,1782604800000
tank_0812,23.0,1782604800000
tank_0813,1.4313725490196079,1782604800000
tank_0816,0.9529411764705882,1782604800000
tank_0819,36.0,1782604800000
tank_0823,0.0,1782604800000
tank_0824,215.0,1782604800000
tank_0825,0.0,1782604800000
tank_0828,143.8078431372549,1782604800000
tank_0829,0.0,1782604800000
tank_0830,0.0,1782604800000
tank_0831,28.34509803921569,1782604800000
tank_0844,0.0,1782604800000
tank_0852,31.694117647058825,1782604800000
tank_0855,0.0,1782604800000
tank_0856,98.0,1782604800000
tank_0860,0.0,1782604800000
tank_0861,0.0,1782604800000
tank_0872,0.0,1782604800000
tank_0875,410.16078431372546,1782604800000
tank_0879,154.47058823529412,1782604800000
tank_0885,0.0,1782604800000
tank_0891,203.0,1782604800000
tank_0894,193.0,1782604800000
tank_0898,273.0,1782604800000
tank_0900,0.0,1782604800000
tank_0901,101.0,1782604800000
tank_0902,6.0,1782604800000
tank_0914,68.84313725490196,1782604800000
tank_0917,18.0,1782604800000
tank_0919,0.0,1782604800000
tank_0920,270.0,1782604800000
tank_0922,71.0,1782604800000
tank_0923,0.0,1782604800000
tank_0924,2.0,1782604800000
tank_0926,0.0,1782604800000
tank_0927,0.0,1782604800000
tank_0928,0.0,1782604800000
tank_0930,6.0,1782604800000
tank_0931,29.0,1782604800000
tank_0933,0.0,1782604800000
tank_0934,0.0,1782604800000
tank_0937,0.0,1782604800000
tank_0938,0.0,1782604800000
tank_0939,3.772549019607843,1782604800000
tank_0944,2.0,1782604800000
tank_0946,0.0,1782604800000
tank_0952,0.0,1782604800000
tank_0958,0.0,1782604800000
tank_0962,1455.0,1782604800000
tank_0967,2.0,1782604800000
tank_0975,0.0,1782604800000
tank_0978,0.0,1782604800000
tank_0990,0.0,1782604800000
tank_0991,277.0,1782604800000
tank_0998,0.0,1782604800000
tank_0999,0.0,1782604800000
tank_1003,189.0,1782604800000
tank_1004,10.811764705882354,1782604800000
tank_1014,13.0,1782604800000
tank_1026,166.0,1782604800000
tank_1031,0.0,1782604800000
tank_1032,13.745098039215687,1782604800000
tank_1034,0.0,1782604800000
tank_1042,43.0,1782604800000
tank_1045,0.0,1782604800000
tank_1049,0.0,1782604800000
tank_1055,4.752941176470588,1782604800000
tank_1061,0.0,1782604800000
tank_1062,0.0,1782604800000
tank_1064,0.43137254901960786,1782604800000
tank_1065,10.984313725490196,1782604800000
tank_1066,5.898039215686275,1782604800000
tank_1070,1.0,1782604800000
tank_1073,0.0,1782604800000
tank_1083,0.0,1782604800000
tank_1086,2.0,1782604800000
tank_1088,1.9019607843137254,1782604800000
tank_1089,22.0,1782604800000
tank_1090,138.8470588235294,1782604800000
tank_1091,0.0,1782604800000
tank_1094,1577.0,1782604800000
tank_1095,4.0,1782604800000
tank_1104,1.4980392156862745,1782604800000
tank_1113,31.0,1782604800000
tank_1116,0.0,1782604800000
tank_1117,0.0,1782604800000
tank_1120,61.0,1782604800000
tank_1121,519.6470588235294,1782604800000
tank_1124,24.96470588235294,1782604800000
tank_1128,53.0,1782604800000
tank_1134,0.0,1782604800000
tank_1135,119.05098039215686,1782604800000
tank_1146,0.0,1782604800000
tank_1149,1.6941176470588237,1782604800000
tank_1156,0.0,1782604800000
tank_1157,10.83529411764706,1782604800000
tank_1159,9.0,1782604800000
tank_1160,591.0,1782604800000
tank_1166,0.0,1782604800000
tank_1170,11.968627450980392,1782604800000
tank_1175,0.0,1782604800000
tank_1177,3.0,1782604800000
tank_1179,3.850980392156863,1782604800000
tank_1181,10.0,1782604800000
tank_1186,179.0,1782604800000
tank_1187,25.901960784313726,1782604800000
tank_1190,0.0,1782604800000
tank_1192,12.0,1782604800000
tank_1196,0.0,1782604800000
tank_1197,343.0,1782604800000
tank_1201,12.0,1782604800000
tank_1203,0.0,1782604800000
tank_1205,205.90980392156862,1782604800000
tank_1209,799.0,1782604800000
tank_1217,0.0,1782604800000
tank_1223,3.9450980392156865,1782604800000
tank_1226,162.51372549019607,1782604800000
tank_1228,25.0,1782604800000
tank_1230,0.0,1782604800000
tank_1237,0.0,1782604800000
tank_1239,519.0,1782604800000
tank_1245,0.0,1782604800000
tank_1246,0.0,1782604800000
tank_1250,0.0,1782604800000
tank_1254,750.0,1782604800000
tank_1255,2.3568627450980393,1782604800000
tank_1258,10.0,1782604800000
tank_1261,0.7215686274509804,1782604800000
tank_1262,0.0,1782604800000
tank_1263,0.0,1782604800000
tank_1265,6.0,1782604800000
tank_1270,18.91372549019608,1782604800000
tank_1272,5.996078431372549,1782604800000
tank_1275,0.0,1782604800000
tank_1276,79.56470588235294,1782604800000
tank_1279,4.0,1782604800000
tank_1280,0.0,1782604800000
tank_1284,0.0,1782604800000
tank_1285,0.0,1782604800000
tank_1286,82.0,1782604800000
tank_1290,16.0,1782604800000
tank_1291,0.0,1782604800000
tank_1293,4.0,1782604800000
tank_1295,0.0,1782604800000
tank_1297,37.0,1782604800000
tank_1301,4.0,1782604800000
tank_1302,19.0,1782604800000
tank_1304,2.76078431372549,1782604800000
tank_1305,0.0,1782604800000
tank_1313,889.0,1782604800000
tank_1322,0.0,1782604800000
tank_1325,0.0,1782604800000
tank_1326,0.0,1782604800000
tank_1344,1.0,1782604800000
tank_1346,0.0,1782604800000
tank_1349,0.0,1782604800000
tank_1353,560.0,1782604800000
tank_1358,0.0,1782604800000
tank_1359,0.0,1782604800000
tank_1361,744.0,1782604800000
tank_1364,1467.0,1782604800000
tank_1365,4.0,1782604800000
tank_1372,8.0,1782604800000
tank_1374,115.0,1782604800000
tank_1378,316.0,1782604800000
tank_1380,0.0,1782604800000
tank_1386,316.0,1782604800000
tank_1391,0.0,1782604800000
tank_1393,0.0,1782604800000
tank_1396,41.0,1782604800000
tank_1397,0.0,1782604800000
tank_1403,8.0,1782604800000
tank_1409,0.0,1782604800000
tank_1412,0.0,1782604800000
tank_1415,0.0,1782604800000
tank_1416,0.0,1782604800000
tank_1421,224.0,1782604800000
tank_1422,0.0,1782604800000
tank_1425,151.0,1782604800000
tank_1426,0.0,1782604800000
tank_1430,0.0,1782604800000
tank_1433,283.0,1782604800000
tank_1438,0.0,1782604800000
tank_1439,0.0,1782604800000
tank_1441,0.0,1782604800000
tank_1443,4.145098039215686,1782604800000
tank_1445,2.0,1782604800000
tank_1446,0.0,1782604800000
tank_1450,0.0,1782604800000
tank_1452,0.0,1782604800000
tank_1456,0.0,1782604800000
tank_1466,0.0,1782604800000
tank_1471,0.0,1782604800000
tank_1475,32.0,1782604800000
tank_1486,0.0,1782604800000
tank_1488,12.0,1782604800000
tank_1491,33.0,1782604800000
tank_1500,14.0,1782604800000
tank_1505,345.0,1782604800000
tank_1513,0.0,1782604800000
tank_1531,0.0,1782604800000
tank_1536,0.0,1782604800000
tank_1539,429.0,1782604800000
tank_1541,44.69019607843137,1782604800000
tank_1542,0.0,1782604800000
tank_1547,167.0,1782604800000
tank_1563,4.0,1782604800000
tank_1564,0.0,1782604800000
tank_1565,224.99607843137255,1782604800000
tank_1567,0.0,1782604800000
tank_1568,0.0,1782604800000
tank_1573,68.0,1782604800000
tank_1583,2.0,1782604800000
tank_1587,460.0,1782604800000
tank_1588,0.0,1782604800000
tank_1592,0.0,1782604800000
tank_1594,0.0,1782604800000
tank_1595,0.0,1782604800000
tank_1597,85.0,1782604800000
tank_1598,20.431372549019603,1782604800000
tank_1600,0.0,1782604800000
tank_1604,18.776470588235295,1782604800000
tank_0002,0.0,1784246400000
tank_0004,0.0,1784246400000
tank_0005,0.0,1784246400000
tank_0011,0.0,1784246400000
tank_0014,0.0,1784246400000
tank_0019,0.0,1784246400000
tank_0024,2.8,1784246400000
tank_0025,0.0,1784246400000
tank_0026,0.0,1784246400000
tank_0027,0.0,1784246400000
tank_0030,5.047058823529412,1784246400000
tank_0031,85.0,1784246400000
tank_0036,3.0980392156862746,1784246400000
tank_0037,0.0,1784246400000
tank_0038,0.0,1784246400000
tank_0050,5.0,1784246400000
tank_0051,0.0,1784246400000
tank_0052,0.0,1784246400000
tank_0053,13.68235294117647,1784246400000
tank_0055,0.0,1784246400000
tank_0057,0.0,1784246400000
tank_0058,0.0,1784246400000
tank_0064,31.0,1784246400000
tank_0069,5.0,1784246400000
tank_0072,0.0,1784246400000
tank_0073,0.0,1784246400000
tank_0080,15.0,1784246400000
tank_0094,0.0,1784246400000
tank_0107,0.0,1784246400000
tank_0110,0.0,1784246400000
tank_0113,29.137254901960784,1784246400000
tank_0115,0.0,1784246400000
tank_0116,0.43529411764705883,1784246400000
tank_0117,68.0,1784246400000
tank_0118,0.0,1784246400000
tank_0122,0.0,1784246400000
tank_0125,2.9019607843137254,1784246400000
tank_0130,0.0,1784246400000
tank_0131,0.0,1784246400000
tank_0132,0.0,1784246400000
tank_0134,0.0,1784246400000
tank_0135,0.0,1784246400000
tank_0142,5.788235294117647,1784246400000
tank_0143,0.0,1784246400000
tank_0144,0.0,1784246400000
tank_0148,2.0,1784246400000
tank_0153,0.0,1784246400000
tank_0156,68.28235294117648,1784246400000
tank_0159,4.247058823529412,1784246400000
tank_0165,0.0,1784246400000
tank_0171,0.0,1784246400000
tank_0172,0.0,1784246400000
tank_0174,3.568627450980392,1784246400000
tank_0176,14.0,1784246400000
tank_0184,0.0,1784246400000
tank_0187,0.0,1784246400000
tank_0190,5.20392156862745,1784246400000
tank_0192,0.0,1784246400000
tank_0193,0.0,1784246400000
tank_0195,9.341176470588238,1784246400000
tank_0199,0.0,1784246400000
tank_0204,0.0,1784246400000
tank_0205,0.0,1784246400000
tank_0207,0.054901960784313725,1784246400000
tank_0209,0.0,1784246400000
tank_0213,0.0,1784246400000
tank_0217,0.0,1784246400000
tank_0220,0.0,1784246400000
tank_0221,5.470588235294118,1784246400000
tank_0225,0.0,1784246400000
tank_0226,0.0,1784246400000
tank_0228,0.0,1784246400000
tank_0229,11.321568627450981,1784246400000
tank_0231,0.0,1784246400000
tank_0233,0.0,1784246400000
tank_0236,0.0,1784246400000
tank_0237,0.0,1784246400000
tank_0240,0.0,1784246400000
tank_0242,0.0,1784246400000
tank_0245,0.0,1784246400000
tank_0247,0.0,1784246400000
tank_0256,1.0,1784246400000
tank_0257,2.0,1784246400000
tank_0260,0.6274509803921569,1784246400000
tank_0261,0.0,1784246400000
tank_0264,0.0,1784246400000
tank_0273,87.0,1784246400000
tank_0276,0.0,1784246400000
tank_0278,0.0,1784246400000
tank_0280,0.0,1784246400000
tank_0291,1.0,1784246400000
tank_0292,22.56470588235294,1784246400000
tank_0296,0.0,1784246400000
tank_0297,0.0,1784246400000
tank_0299,12.14509803921569,1784246400000
tank_0300,9.556862745098039,1784246400000
tank_0301,2.141176470588235,1784246400000
tank_0307,0.0,1784246400000
tank_0309,6.996078431372549,1784246400000
tank_0313,0.0,1784246400000
tank_0314,0.0,1784246400000
tank_0319,0.0,1784246400000
tank_0321,0.0,1784246400000
tank_0327,0.0,1784246400000
tank_0337,0.0,1784246400000
tank_0338,4.254901960784314,1784246400000
tank_0339,41.43529411764706,1784246400000
tank_0342,5.03921568627451,1784246400000
tank_0345,4.525490196078431,1784246400000
tank_0346,0.0,1784246400000
tank_0349,192.0,1784246400000
tank_0350,0.0,1784246400000
tank_0353,35.3843137254902,1784246400000
tank_0356,0.0,1784246400000
tank_0360,0.0,1784246400000
tank_0361,0.023529411764705882,1784246400000
tank_0362,0.0,1784246400000
tank_0364,0.0,1784246400000
tank_0366,21.76862745098039,1784246400000
tank_0369,0.0,1784246400000
tank_0375,3.0,1784246400000
tank_0379,13.054901960784314,1784246400000
tank_0381,0.0,1784246400000
tank_0386,4.0,1784246400000
tank_0390,1.0,1784246400000
tank_0397,0.0,1784246400000
tank_0399,0.0,1784246400000
tank_0404,8.0,1784246400000
tank_0409,0.0,1784246400000
tank_0420,0.0,1784246400000
tank_0425,0.0,1784246400000
tank_0431,0.0,1784246400000
tank_0432,4.0,1784246400000
tank_0435,0.0,1784246400000
tank_0436,0.0,1784246400000
tank_0438,0.0,1784246400000
tank_0443,5.149019607843137,1784246400000
tank_0444,0.0,1784246400000
tank_0447,17.650980392156864,1784246400000
tank_0448,0.0,1784246400000
tank_0449,1.9215686274509802,1784246400000
tank_0455,32.050980392156866,1784246400000
tank_0460,0.0,1784246400000
tank_0462,0.0,1784246400000
tank_0466,0.0,1784246400000
tank_0471,0.0,1784246400000
tank_0473,2.0,1784246400000
tank_0474,0.0,1784246400000
tank_0481,8.050980392156863,1784246400000
tank_0485,0.0,1784246400000
tank_0489,0.0,1784246400000
tank_0491,0.0,1784246400000
tank_0494,4.898039215686275,1784246400000
tank_0497,0.0,1784246400000
tank_0498,1.0274509803921568,1784246400000
tank_0502,0.0,1784246400000
tank_0505,5.2980392156862735,1784246400000
tank_0509,4.0,1784246400000
tank_0512,0.0,1784246400000
tank_0514,0.0,1784246400000
tank_0515,0.0,1784246400000
tank_0521,0.0,1784246400000
tank_0524,0.0,1784246400000
tank_0526,0.0,1784246400000
tank_0533,0.0,1784246400000
tank_0534,0.0,1784246400000
tank_0536,0.0,1784246400000
tank_0537,0.0,1784246400000
tank_0541,11.27450980392157,1784246400000
tank_0547,6.0,1784246400000
tank_0552,1.6274509803921569,1784246400000
tank_0555,0.0,1784246400000
tank_0556,0.0,1784246400000
tank_0557,0.0,1784246400000
tank_0560,7.396078431372549,1784246400000
tank_0561,3.0,1784246400000
tank_0566,0.0,1784246400000
tank_0567,0.0,1784246400000
tank_0568,0.0,1784246400000
tank_0574,0.0,1784246400000
tank_0579,0.0,1784246400000
tank_0583,0.0,1784246400000
tank_0587,0.0,1784246400000
tank_0589,0.0,1784246400000
tank_0590,2.0,1784246400000
tank_0592,0.0,1784246400000
tank_0593,0.0,1784246400000
tank_0595,8.388235294117647,1784246400000
tank_0600,13.803921568627452,1784246400000
tank_0604,0.0,1784246400000
tank_0606,7.0,1784246400000
tank_0607,0.0,1784246400000
tank_0608,0.0,1784246400000
tank_0610,0.0,1784246400000
tank_0611,0.0,1784246400000
tank_0612,0.7411764705882353,1784246400000
tank_0613,0.043137254901960784,1784246400000
tank_0619,0.0,1784246400000
tank_0626,0.0,1784246400000
tank_0627,0.0,1784246400000
tank_0628,0.0,1784246400000
tank_0632,0.0,1784246400000
tank_0633,0.0,1784246400000
tank_0639,0.0,1784246400000
tank_0640,0.0,1784246400000
tank_0641,0.0,1784246400000
tank_0643,0.0,1784246400000
tank_0646,1.7490196078431373,1784246400000
tank_0663,1.0,1784246400000
tank_0664,0.0,1784246400000
tank_0666,0.0,1784246400000
tank_0667,2.0,1784246400000
tank_0670,0.0,1784246400000
tank_0675,0.0,1784246400000
tank_0676,0.0,1784246400000
tank_0678,3.2549019607843133,1784246400000
tank_0681,0.0,1784246400000
tank_0687,0.0,1784246400000
tank_0688,0.0,1784246400000
tank_0697,0.0,1784246400000
tank_0720,0.42745098039215684,1784246400000
tank_0722,0.10980392156862745,1784246400000
tank_0724,14.16470588235294,1784246400000
tank_0725,0.0,1784246400000
tank_0728,1.0,1784246400000
tank_0730,0.0,1784246400000
tank_0731,0.0,1784246400000
tank_0732,0.0,1784246400000
tank_0737,5.0,1784246400000
tank_0739,7.392156862745098,1784246400000
tank_0740,0.0,1784246400000
tank_0746,0.0,1784246400000
tank_0748,1.6549019607843136,1784246400000
tank_0749,0.0,1784246400000
tank_0752,0.0,1784246400000
tank_0760,0.0,1784246400000
tank_0770,2.5137254901960784,1784246400000
tank_0772,2.0,1784246400000
tank_0788,0.0,1784246400000
tank_0789,0.0,1784246400000
tank_0792,32.93333333333334,1784246400000
tank_0797,75.95294117647059,1784246400000
tank_0800,46.0,1784246400000
tank_0802,0.0,1784246400000
tank_0803,4.772549019607843,1784246400000
tank_0808,9.811764705882354,1784246400000
tank_0810,3.0,1784246400000
tank_0811,8.0,1784246400000
tank_0812,24.0,1784246400000
tank_0813,14.290196078431373,1784246400000
tank_0816,0.0,1784246400000
tank_0819,23.0,1784246400000
tank_0823,0.0,1784246400000
tank_0824,45.0,1784246400000
tank_0825,0.0,1784246400000
tank_0828,85.94901960784314,1784246400000
tank_0829,0.0,1784246400000
tank_0830,0.0,1784246400000
tank_0831,24.631372549019613,1784246400000
tank_0844,0.0,1784246400000
tank_0852,48.90588235294118,1784246400000
tank_0855,0.0,1784246400000
tank_0856,11.0,1784246400000
tank_0860,0.0,1784246400000
tank_0861,0.0,1784246400000
tank_0872,0.0,1784246400000
tank_0875,274.7450980392157,1784246400000
tank_0879,48.99607843137255,1784246400000
tank_0885,0.0,1784246400000
tank_0891,193.0,1784246400000
tank_0894,0.0,1784246400000
tank_0898,17.0,1784246400000
tank_0900,5.988235294117647,1784246400000
tank_0901,77.76470588235294,1784246400000
tank_0902,0.0,1784246400000
tank_0914,45.0,1784246400000
tank_0917,8.0,1784246400000
tank_0919,0.0,1784246400000
tank_0920,139.0,1784246400000
tank_0922,27.0,1784246400000
tank_0923,0.0,1784246400000
tank_0924,0.0,1784246400000
tank_0926,0.17647058823529413,1784246400000
tank_0927,5.847058823529412,1784246400000
tank_0928,0.0,1784246400000
tank_0930,0.0,1784246400000
tank_0931,3.0,1784246400000
tank_0933,0.0,1784246400000
tank_0934,0.0,1784246400000
tank_0937,0.0,1784246400000
tank_0938,0.0,1784246400000
tank_0939,0.0,1784246400000
tank_0944,0.0,1784246400000
tank_0946,0.0,1784246400000
tank_0952,3.0,1784246400000
tank_0958,0.17647058823529413,1784246400000
tank_0962,92.0,1784246400000
tank_0967,4.011764705882353,1784246400000
tank_0975,0.0,1784246400000
tank_0978,6.572549019607844,1784246400000
tank_0990,0.0,1784246400000
tank_0991,21.0,1784246400000
tank_0998,0.0,1784246400000
tank_0999,0.0,1784246400000
tank_1003,42.0,1784246400000
tank_1004,2.8156862745098037,1784246400000
tank_1014,0.0,1784246400000
tank_1026,137.0,1784246400000
tank_1031,15.0,1784246400000
tank_1032,11.054901960784314,1784246400000
tank_1034,0.7215686274509805,1784246400000
tank_1042,28.898039215686275,1784246400000
tank_1045,0.0,1784246400000
tank_1049,0.0,1784246400000
tank_1055,10.462745098039214,1784246400000
tank_1061,0.0,1784246400000
tank_1062,0.0,1784246400000
tank_1064,3.976470588235294,1784246400000
tank_1065,8.0,1784246400000
tank_1066,22.57254901960784,1784246400000
tank_1070,0.0,1784246400000
tank_1073,0.0,1784246400000
tank_1083,0.0,1784246400000
tank_1086,2.0,1784246400000
tank_1088,10.494117647058824,1784246400000
tank_1089,19.0,1784246400000
tank_1090,81.0,1784246400000
tank_1091,0.0,1784246400000
tank_1094,506.0,1784246400000
tank_1095,4.0,1784246400000
tank_1104,0.0,1784246400000
tank_1113,28.0,1784246400000
tank_1116,4.925490196078432,1784246400000
tank_1117,0.0,1784246400000
tank_1120,80.0,1784246400000
tank_1121,72.0,1784246400000
tank_1124,22.874509803921566,1784246400000
tank_1128,31.0,1784246400000
tank_1134,0.0,1784246400000
tank_1135,94.57254901960783,1784246400000
tank_1146,2.0,1784246400000
tank_1149,4.301960784313726,1784246400000
tank_1156,0.0,1784246400000
tank_1157,15.219607843137256,1784246400000
tank_1159,0.0,1784246400000
tank_1160,515.0,1784246400000
tank_1166,2.6588235294117646,1784246400000
tank_1170,24.423529411764704,1784246400000
tank_1175,0.0,1784246400000
tank_1177,4.0,1784246400000
tank_1179,7.0,1784246400000
tank_1181,3.0,1784246400000
tank_1186,86.0,1784246400000
tank_1187,42.69411764705883,1784246400000
tank_1190,0.0,1784246400000
tank_1192,0.0,1784246400000
tank_1196,0.0,1784246400000
tank_1197,386.0,1784246400000
tank_1201,0.0,1784246400000
tank_1203,15.192156862745097,1784246400000
tank_1205,110.90980392156862,1784246400000
tank_1209,270.0,1784246400000
tank_1217,0.0,1784246400000
tank_1223,5.0,1784246400000
tank_1226,192.5647058823529,1784246400000
tank_1228,9.0,1784246400000
tank_1230,0.0,1784246400000
tank_1237,0.0,1784246400000
tank_1239,225.0,1784246400000
tank_1245,0.0,1784246400000
tank_1246,0.0,1784246400000
tank_1250,0.0,1784246400000
tank_1254,188.0,1784246400000
tank_1255,6.423529411764705,1784246400000
tank_1258,0.0,1784246400000
tank_1261,0.0,1784246400000
tank_1262,0.0,1784246400000
tank_1263,0.0,1784246400000
tank_1265,2.0,1784246400000
tank_1270,14.211764705882354,1784246400000
tank_1272,18.870588235294118,1784246400000
tank_1275,0.0,1784246400000
tank_1276,20.0,1784246400000
tank_1279,8.0,1784246400000
tank_1280,0.0,1784246400000
tank_1284,0.0,1784246400000
tank_1285,0.0,1784246400000
tank_1286,25.0,1784246400000
tank_1290,3.0,1784246400000
tank_1291,0.0,1784246400000
tank_1293,0.0,1784246400000
tank_1295,0.0,1784246400000
tank_1297,13.0,1784246400000
tank_1301,0.0,1784246400000
tank_1302,3.0,1784246400000
tank_1304,11.729411764705885,1784246400000
tank_1305,0.0,1784246400000
tank_1313,175.0,1784246400000
tank_1322,0.0,1784246400000
tank_1325,0.0,1784246400000
tank_1326,0.0,1784246400000
tank_1344,2.0,1784246400000
tank_1346,0.0,1784246400000
tank_1349,0.0,1784246400000
tank_1353,83.0,1784246400000
tank_1358,0.0,1784246400000
tank_1359,1.0,1784246400000
tank_1361,239.0,1784246400000
tank_1364,877.0,1784246400000
tank_1365,0.0,1784246400000
tank_1372,5.0,1784246400000
tank_1374,67.0,1784246400000
tank_1378,291.0,1784246400000
tank_1380,7.0,1784246400000
tank_1386,97.0,1784246400000
tank_1391,0.0,1784246400000
tank_1393,0.0,1784246400000
tank_1396,3.0,1784246400000
tank_1397,0.0,1784246400000
tank_1403,4.0,1784246400000
tank_1409,0.0,1784246400000
tank_1412,0.0,1784246400000
tank_1415,0.0,1784246400000
tank_1416,0.0,1784246400000
tank_1421,108.0,1784246400000
tank_1422,0.0,1784246400000
tank_1425,54.0,1784246400000
tank_1426,0.0,1784246400000
tank_1430,0.0,1784246400000
tank_1433,65.0,1784246400000
tank_1438,0.0,1784246400000
tank_1439,0.0,1784246400000
tank_1441,0.0,1784246400000
tank_1443,0.0,1784246400000
tank_1445,1.0,1784246400000
tank_1446,0.0,1784246400000
tank_1450,0.0,1784246400000
tank_1452,0.0,1784246400000
tank_1456,0.0,1784246400000
tank_1466,0.0,1784246400000
tank_1471,0.0,1784246400000
tank_1475,0.0,1784246400000
tank_1486,0.0,1784246400000
tank_1488,7.0,1784246400000
tank_1491,30.0,1784246400000
tank_1500,0.0,1784246400000
tank_1505,431.0,1784246400000
tank_1513,0.0,1784246400000
tank_1531,0.0,1784246400000
tank_1536,0.0,1784246400000
tank_1539,394.0,1784246400000
tank_1541,36.69019607843137,1784246400000
tank_1542,0.0,1784246400000
tank_1547,179.0,1784246400000
tank_1563,0.0,1784246400000
tank_1564,0.0,1784246400000
tank_1565,266.0,1784246400000
tank_1567,0.0,1784246400000
tank_1568,0.0,1784246400000
tank_1573,31.0,1784246400000
tank_1583,0.0,1784246400000
tank_1587,549.0,1784246400000
tank_1588,0.0,1784246400000
tank_1592,0.0,1784246400000
tank_1594,0.0,1784246400000
tank_1595,0.0,1784246400000
tank_1597,100.0,1784246400000
tank_1598,18.25098039215686,1784246400000
tank_1600,1.9843137254901961,1784246400000
tank_1604,38.64313725490196,1784246400000
tank_0002,0.0,1785283200000
tank_0004,0.0,1785283200000
tank_0005,0.0,1785283200000
tank_0011,0.0,1785283200000
tank_0014,0.0,1785283200000
tank_0019,0.0,1785283200000
tank_0024,0.0,1785283200000
tank_0025,0.0,1785283200000
tank_0026,2.0,1785283200000
tank_0027,0.0,1785283200000
tank_0030,3.0,1785283200000
tank_0031,81.6156862745098,1785283200000
tank_0036,3.8666666666666667,1785283200000
tank_0037,0.0,1785283200000
tank_0038,0.09019607843137255,1785283200000
tank_0050,0.0,1785283200000
tank_0051,0.0,1785283200000
tank_0052,0.0,1785283200000
tank_0053,3.545098039215686,1785283200000
tank_0055,0.0,1785283200000
tank_0057,0.0,1785283200000
tank_0058,0.0,1785283200000
tank_0064,13.0,1785283200000
tank_0069,6.749019607843138,1785283200000
tank_0072,0.0,1785283200000
tank_0073,0.0,1785283200000
tank_0080,13.0,1785283200000
tank_0094,0.45098039215686275,1785283200000
tank_0107,0.0,1785283200000
tank_0110,3.0,1785283200000
tank_0113,18.129411764705882,1785283200000
tank_0115,0.0,1785283200000
tank_0116,0.5019607843137255,1785283200000
tank_0117,70.0,1785283200000
tank_0118,0.0,1785283200000
tank_0122,0.0,1785283200000
tank_0125,6.019607843137255,1785283200000
tank_0130,0.0,1785283200000
tank_0131,0.054901960784313725,1785283200000
tank_0132,0.0,1785283200000
tank_0134,0.0,1785283200000
tank_0135,5.525490196078431,1785283200000
tank_0142,2.0352941176470587,1785283200000
tank_0143,0.0,1785283200000
tank_0144,0.0,1785283200000
tank_0148,0.0,1785283200000
tank_0153,0.0,1785283200000
tank_0156,61.941176470588246,1785283200000
tank_0159,0.0,1785283200000
tank_0165,0.0,1785283200000
tank_0171,0.0,1785283200000
tank_0172,0.0,1785283200000
tank_0174,8.211764705882352,1785283200000
tank_0176,15.0,1785283200000
tank_0184,1.6509803921568627,1785283200000
tank_0187,0.0,1785283200000
tank_0190,13.352941176470589,1785283200000
tank_0192,0.0,1785283200000
tank_0193,0.0,1785283200000
tank_0195,5.411764705882352,1785283200000
tank_0199,0.0,1785283200000
tank_0204,0.0,1785283200000
tank_0205,0.0,1785283200000
tank_0207,0.0,1785283200000
tank_0209,0.0,1785283200000
tank_0213,0.0,1785283200000
tank_0217,0.0,1785283200000
tank_0220,0.9450980392156862,1785283200000
tank_0221,7.070588235294117,1785283200000
tank_0225,0.0,1785283200000
tank_0226,0.0,1785283200000
tank_0228,0.0,1785283200000
tank_0229,1.768627450980392,1785283200000
tank_0231,1.203921568627451,1785283200000
tank_0233,0.047058823529411764,1785283200000
tank_0236,9.0,1785283200000
tank_0237,0.0,1785283200000
tank_0240,2.8196078431372547,1785283200000
tank_0242,0.0,1785283200000
tank_0245,0.0,1785283200000
tank_0247,0.0,1785283200000
tank_0256,0.0,1785283200000
tank_0257,0.0,1785283200000
tank_0260,0.0,1785283200000
tank_0261,0.0,1785283200000
tank_0264,0.0,1785283200000
tank_0273,16.0,1785283200000
tank_0276,0.0,1785283200000
tank_0278,0.0,1785283200000
tank_0280,0.0,1785283200000
tank_0291,0.0,1785283200000
tank_0292,23.04313725490196,1785283200000
tank_0296,0.0,1785283200000
tank_0297,0.0,1785283200000
tank_0299,15.556862745098043,1785283200000
tank_0300,8.619607843137254,1785283200000
tank_0301,3.345098039215686,1785283200000
tank_0307,0.0,1785283200000
tank_0309,0.0,1785283200000
tank_0313,0.0,1785283200000
tank_0314,0.0,1785283200000
tank_0319,0.0,1785283200000
tank_0321,2.9529411764705884,1785283200000
tank_0327,0.0,1785283200000
tank_0337,0.0,1785283200000
tank_0338,15.635294117647058,1785283200000
tank_0339,26.435294117647064,1785283200000
tank_0342,15.062745098039215,1785283200000
tank_0345,9.227450980392156,1785283200000
tank_0346,0.0,1785283200000
tank_0349,121.0,1785283200000
tank_0350,1.0,1785283200000
tank_0353,18.149019607843137,1785283200000
tank_0356,0.0,1785283200000
tank_0360,0.0,1785283200000
tank_0361,3.0,1785283200000
tank_0362,0.0,1785283200000
tank_0364,0.7450980392156863,1785283200000
tank_0366,22.482352941176472,1785283200000
tank_0369,0.0,1785283200000
tank_0375,0.0,1785283200000
tank_0379,1.0,1785283200000
tank_0381,0.0,1785283200000
tank_0386,4.0,1785283200000
tank_0390,7.0,1785283200000
tank_0397,0.0,1785283200000
tank_0399,0.0,1785283200000
tank_0404,13.0,1785283200000
tank_0409,0.0,1785283200000
tank_0420,0.0,1785283200000
tank_0425,0.0,1785283200000
tank_0431,0.0,1785283200000
tank_0432,1.0,1785283200000
tank_0435,0.0,1785283200000
tank_0436,1.0,1785283200000
tank_0438,0.23921568627450981,1785283200000
tank_0443,0.0,1785283200000
tank_0444,0.0,1785283200000
tank_0447,6.8,1785283200000
tank_0448,0.7490196078431373,1785283200000
tank_0449,2.0,1785283200000
tank_0455,8.635294117647058,1785283200000
tank_0460,0.27450980392156865,1785283200000
tank_0462,0.0,1785283200000
tank_0466,0.0,1785283200000
tank_0471,0.0,1785283200000
tank_0473,0.0,1785283200000
tank_0474,0.0,1785283200000
tank_0481,32.51372549019608,1785283200000
tank_0485,0.0,1785283200000
tank_0489,0.0,1785283200000
tank_0491,0.0,1785283200000
tank_0494,0.0,1785283200000
tank_0497,0.0,1785283200000
tank_0498,0.0,1785283200000
tank_0502,0.0,1785283200000
tank_0505,0.4980392156862745,1785283200000
tank_0509,0.0,1785283200000
tank_0512,2.0,1785283200000
tank_0514,0.0,1785283200000
tank_0515,0.5176470588235293,1785283200000
tank_0521,0.0,1785283200000
tank_0524,0.0,1785283200000
tank_0526,0.0,1785283200000
tank_0533,7.0,1785283200000
tank_0534,0.0,1785283200000
tank_0536,0.0,1785283200000
tank_0537,0.0,1785283200000
tank_0541,9.333333333333332,1785283200000
tank_0547,0.0,1785283200000
tank_0552,6.372549019607844,1785283200000
tank_0555,0.0,1785283200000
tank_0556,1.0,1785283200000
tank_0557,0.0,1785283200000
tank_0560,2.372549019607843,1785283200000
tank_0561,4.192156862745098,1785283200000
tank_0566,0.0,1785283200000
tank_0567,0.0,1785283200000
tank_0568,0.0,1785283200000
tank_0574,0.0,1785283200000
tank_0579,0.0,1785283200000
tank_0583,0.0,1785283200000
tank_0587,0.0,1785283200000
tank_0589,0.0,1785283200000
tank_0590,0.0,1785283200000
tank_0592,0.0,1785283200000
tank_0593,0.0,1785283200000
tank_0595,0.996078431372549,1785283200000
tank_0600,16.031372549019608,1785283200000
tank_0604,0.0,1785283200000
tank_0606,7.0,1785283200000
tank_0607,0.0,1785283200000
tank_0608,0.0,1785283200000
tank_0610,2.0,1785283200000
tank_0611,5.0588235294117645,1785283200000
tank_0612,6.596078431372549,1785283200000
tank_0613,0.0,1785283200000
tank_0619,0.0,1785283200000
tank_0626,0.0,1785283200000
tank_0627,0.0,1785283200000
tank_0628,0.0,1785283200000
tank_0632,0.0,1785283200000
tank_0633,0.0,1785283200000
tank_0639,7.917647058823529,1785283200000
tank_0640,2.1098039215686275,1785283200000
tank_0641,0.0,1785283200000
tank_0643,0.0,1785283200000
tank_0646,9.019607843137255,1785283200000
tank_0663,0.0,1785283200000
tank_0664,0.0,1785283200000
tank_0666,0.0,1785283200000
tank_0667,16.015686274509804,1785283200000
tank_0670,0.0,1785283200000
tank_0675,0.0,1785283200000
tank_0676,0.0,1785283200000
tank_0678,6.2823529411764705,1785283200000
tank_0681,0.0,1785283200000
tank_0687,0.7725490196078432,1785283200000
tank_0688,0.0,1785283200000
tank_0697,0.0,1785283200000
tank_0720,1.9372549019607843,1785283200000
tank_0722,0.10980392156862745,1785283200000
tank_0724,0.8431372549019608,1785283200000
tank_0725,2.0,1785283200000
tank_0728,0.0,1785283200000
tank_0730,0.0,1785283200000
tank_0731,0.0,1785283200000
tank_0732,0.0,1785283200000
tank_0737,0.0,1785283200000
tank_0739,3.0509803921568626,1785283200000
tank_0740,0.0,1785283200000
tank_0746,0.0,1785283200000
tank_0748,0.0,1785283200000
tank_0749,0.0,1785283200000
tank_0752,0.0,1785283200000
tank_0760,0.0,1785283200000
tank_0770,4.9411764705882355,1785283200000
tank_0772,5.666666666666667,1785283200000
tank_0788,0.0,1785283200000
tank_0789,0.0,1785283200000
tank_0792,37.9607843137255,1785283200000
tank_0797,48.0,1785283200000
tank_0800,50.39607843137255,1785283200000
tank_0802,0.0,1785283200000
tank_0803,0.5137254901960784,1785283200000
tank_0808,5.576470588235294,1785283200000
tank_0810,0.0,1785283200000
tank_0811,7.580392156862746,1785283200000
tank_0812,19.972549019607843,1785283200000
tank_0813,4.0,1785283200000
tank_0816,0.0,1785283200000
tank_0819,1.0,1785283200000
tank_0823,0.0,1785283200000
tank_0824,2.0,1785283200000
tank_0825,0.0,1785283200000
tank_0828,32.0,1785283200000
tank_0829,0.0,1785283200000
tank_0830,0.0,1785283200000
tank_0831,28.07843137254902,1785283200000
tank_0844,0.0,1785283200000
tank_0852,41.180392156862744,1785283200000
tank_0855,0.0,1785283200000
tank_0856,0.0,1785283200000
tank_0860,0.0,1785283200000
tank_0861,0.0,1785283200000
tank_0872,0.0,1785283200000
tank_0875,227.0,1785283200000
tank_0879,8.996078431372549,1785283200000
tank_0885,0.0,1785283200000
tank_0891,113.0,1785283200000
tank_0894,0.0,1785283200000
tank_0898,21.0,1785283200000
tank_0900,2.0,1785283200000
tank_0901,66.88235294117646,1785283200000
tank_0902,4.0,1785283200000
tank_0914,0.0,1785283200000
tank_0917,0.0,1785283200000
tank_0919,0.0,1785283200000
tank_0920,112.0,1785283200000
tank_0922,16.0,1785283200000
tank_0923,18.0,1785283200000
tank_0924,0.0,1785283200000
tank_0926,0.0,1785283200000
tank_0927,0.0,1785283200000
tank_0928,0.0,1785283200000
tank_0930,0.0,1785283200000
tank_0931,5.0,1785283200000
tank_0933,0.0,1785283200000
tank_0934,0.0,1785283200000
tank_0937,0.0,1785283200000
tank_0938,0.0,1785283200000
tank_0939,7.023529411764706,1785283200000
tank_0944,0.0,1785283200000
tank_0946,0.0,1785283200000
tank_0952,5.0,1785283200000
tank_0958,0.0,1785283200000
tank_0962,20.0,1785283200000
tank_0967,2.219607843137255,1785283200000
tank_0975,0.0,1785283200000
tank_0978,3.7333333333333334,1785283200000
tank_0990,0.0,1785283200000
tank_0991,0.0,1785283200000
tank_0998,0.0,1785283200000
tank_0999,1.8156862745098041,1785283200000
tank_1003,114.0,1785283200000
tank_1004,2.6549019607843136,1785283200000
tank_1014,0.0,1785283200000
tank_1026,62.0,1785283200000
tank_1031,11.0,1785283200000
tank_1032,7.2901960784313715,1785283200000
tank_1034,0.0,1785283200000
tank_1042,11.0,1785283200000
tank_1045,0.0,1785283200000
tank_1049,0.0,1785283200000
tank_1055,12.384313725490196,1785283200000
tank_1061,0.0,1785283200000
tank_1062,0.0,1785283200000
tank_1064,0.0,1785283200000
tank_1065,2.0,1785283200000
tank_1066,28.36862745098039,1785283200000
tank_1070,0.0,1785283200000
tank_1073,0.0,1785283200000
tank_1083,0.0,1785283200000
tank_1086,3.0,1785283200000
tank_1088,3.0,1785283200000
tank_1089,11.0,1785283200000
tank_1090,52.0,1785283200000
tank_1091,0.0,1785283200000
tank_1094,7.0,1785283200000
tank_1095,5.0,1785283200000
tank_1104,1.4431372549019608,1785283200000
tank_1113,14.0,1785283200000
tank_1116,2.4705882352941178,1785283200000
tank_1117,0.0,1785283200000
tank_1120,48.0,1785283200000
tank_1121,5.0,1785283200000
tank_1124,22.980392156862745,1785283200000
tank_1128,5.0,1785283200000
tank_1134,0.0,1785283200000
tank_1135,65.57254901960783,1785283200000
tank_1146,4.0,1785283200000
tank_1149,2.9411764705882355,1785283200000
tank_1156,0.0,1785283200000
tank_1157,13.764705882352944,1785283200000
tank_1159,0.0,1785283200000
tank_1160,337.0,1785283200000
tank_1166,0.0,1785283200000
tank_1170,18.85882352941176,1785283200000
tank_1175,0.0,1785283200000
tank_1177,6.0,1785283200000
tank_1179,11.788235294117646,1785283200000
tank_1181,2.0,1785283200000
tank_1186,43.576470588235296,1785283200000
tank_1187,35.90196078431372,1785283200000
tank_1190,8.0,1785283200000
tank_1192,0.0,1785283200000
tank_1196,0.0,1785283200000
tank_1197,422.0,1785283200000
tank_1201,0.0,1785283200000
tank_1203,4.749019607843137,1785283200000
tank_1205,15.0,1785283200000
tank_1209,28.0,1785283200000
tank_1217,0.0784313725490196,1785283200000
tank_1223,0.0,1785283200000
tank_1226,157.7019607843137,1785283200000
tank_1228,3.0,1785283200000
tank_1230,0.0,1785283200000
tank_1237,0.0,1785283200000
tank_1239,122.0,1785283200000
tank_1245,0.0,1785283200000
tank_1246,0.0,1785283200000
tank_1250,0.0,1785283200000
tank_1254,0.0,1785283200000
tank_1255,2.980392156862745,1785283200000
tank_1258,0.0,1785283200000
tank_1261,4.423529411764706,1785283200000
tank_1262,4.580392156862745,1785283200000
tank_1263,0.0,1785283200000
tank_1265,0.0,1785283200000
tank_1270,0.0,1785283200000
tank_1272,0.0,1785283200000
tank_1275,0.0,1785283200000
tank_1276,5.0,1785283200000
tank_1279,1.0,1785283200000
tank_1280,0.0,1785283200000
tank_1284,0.0,1785283200000
tank_1285,0.0,1785283200000
tank_1286,2.0,1785283200000
tank_1290,2.0,1785283200000
tank_1291,0.0,1785283200000
tank_1293,0.0,1785283200000
tank_1295,0.0,1785283200000
tank_1297,5.0,1785283200000
tank_1301,0.0,1785283200000
tank_1302,0.0,1785283200000
tank_1304,0.4980392156862745,1785283200000
tank_1305,0.0,1785283200000
tank_1313,105.0,1785283200000
tank_1322,0.0,1785283200000
tank_1325,0.0,1785283200000
tank_1326,1.0,1785283200000
tank_1344,14.666666666666668,1785283200000
tank_1346,0.0,1785283200000
tank_1349,0.0,1785283200000
tank_1353,8.0,1785283200000
tank_1358,0.0,1785283200000
tank_1359,8.031372549019608,1785283200000
tank_1361,79.0,1785283200000
tank_1364,35.0,1785283200000
tank_1365,0.0,1785283200000
tank_1372,0.7137254901960784,1785283200000
tank_1374,105.0,1785283200000
tank_1378,217.0,1785283200000
tank_1380,0.0,1785283200000
tank_1386,31.0,1785283200000
tank_1391,0.0,1785283200000
tank_1393,0.0,1785283200000
tank_1396,0.0,1785283200000
tank_1397,0.0,1785283200000
tank_1403,0.0,1785283200000
tank_1409,0.0,1785283200000
tank_1412,0.0,1785283200000
tank_1415,0.0,1785283200000
tank_1416,0.0,1785283200000
tank_1421,14.0,1785283200000
tank_1422,0.0,1785283200000
tank_1425,14.0,1785283200000
tank_1426,0.0,1785283200000
tank_1430,0.0,1785283200000
tank_1433,20.0,1785283200000
tank_1438,0.0,1785283200000
tank_1439,0.0,1785283200000
tank_1441,0.0,1785283200000
tank_1443,7.023529411764706,1785283200000
tank_1445,0.0,1785283200000
tank_1446,0.0,1785283200000
tank_1450,0.1411764705882353,1785283200000
tank_1452,0.0,1785283200000
tank_1456,0.0,1785283200000
tank_1466,6.0,1785283200000
tank_1471,0.0,1785283200000
tank_1475,0.0,1785283200000
tank_1486,0.0,1785283200000
tank_1488,0.0,1785283200000
tank_1491,26.0,1785283200000
tank_1500,0.0,1785283200000
tank_1505,230.0,1785283200000
tank_1513,0.0,1785283200000
tank_1531,0.0,1785283200000
tank_1536,0.0,1785283200000
tank_1539,124.0,1785283200000
tank_1541,28.768627450980393,1785283200000
tank_1542,0.0,1785283200000
tank_1547,90.0,1785283200000
tank_1563,0.0,1785283200000
tank_1564,0.0,1785283200000
tank_1565,2.0,1785283200000
tank_1567,0.0,1785283200000
tank_1568,0.0,1785283200000
tank_1573,0.0,1785283200000
tank_1583,0.0,1785283200000
tank_1587,263.0,1785283200000
tank_1588,0.0,1785283200000
tank_1592,0.0,1785283200000
tank_1594,0.0,1785283200000
tank_1595,11.0,1785283200000
tank_1597,28.0,1785283200000
tank_1598,16.066666666666666,1785283200000
tank_1600,0.0,1785283200000
tank_1604,29.69019607843137,1785283200000
tank_0002,0.0,1786320000000
tank_0004,0.0,1786320000000
tank_0005,12.498039215686275,1786320000000
tank_0011,0.0,1786320000000
tank_0014,0.0,1786320000000
tank_0019,0.0,1786320000000
tank_0024,1.0,1786320000000
tank_0025,0.35294117647058826,1786320000000
tank_0026,0.0,1786320000000
tank_0027,0.0,1786320000000
tank_0030,3.0,1786320000000
tank_0031,79.32549019607843,1786320000000
tank_0036,0.0,1786320000000
tank_0037,0.0,1786320000000
tank_0038,8.776470588235295,1786320000000
tank_0050,4.0,1786320000000
tank_0051,0.0,1786320000000
tank_0052,0.0,1786320000000
tank_0053,19.458823529411767,1786320000000
tank_0055,0.0,1786320000000
tank_0057,0.0,1786320000000
tank_0058,0.0,1786320000000
tank_0064,4.0,1786320000000
tank_0069,6.0,1786320000000
tank_0072,0.0,1786320000000
tank_0073,0.0,1786320000000
tank_0080,8.0,1786320000000
tank_0094,0.0,1786320000000
tank_0107,1.1137254901960785,1786320000000
tank_0110,0.0,1786320000000
tank_0113,32.76078431372549,1786320000000
tank_0115,7.2784313725490195,1786320000000
tank_0116,0.4117647058823529,1786320000000
tank_0117,61.0,1786320000000
tank_0118,0.0,1786320000000
tank_0122,0.0,1786320000000
tank_0125,3.3058823529411763,1786320000000
tank_0130,0.0,1786320000000
tank_0131,0.0,1786320000000
tank_0132,0.0,1786320000000
tank_0134,0.0,1786320000000
tank_0135,0.6509803921568628,1786320000000
tank_0142,0.0,1786320000000
tank_0143,0.0,1786320000000
tank_0144,0.0,1786320000000
tank_0148,0.0,1786320000000
tank_0153,0.0,1786320000000
tank_0156,31.862745098039213,1786320000000
tank_0159,0.0,1786320000000
tank_0165,2.650980392156863,1786320000000
tank_0171,0.0,1786320000000
tank_0172,0.0,1786320000000
tank_0174,3.270588235294118,1786320000000
tank_0176,6.694117647058824,1786320000000
tank_0184,1.0,1786320000000
tank_0187,0.0,1786320000000
tank_0190,9.572549019607843,1786320000000
tank_0192,0.0,1786320000000
tank_0193,0.0,1786320000000
tank_0195,0.0,1786320000000
tank_0199,0.0,1786320000000
tank_0204,0.0,1786320000000
tank_0205,0.0,1786320000000
tank_0207,0.0,1786320000000
tank_0209,0.0,1786320000000
tank_0213,0.0,1786320000000
tank_0217,0.0,1786320000000
tank_0220,0.0,1786320000000
tank_0221,14.505882352941175,1786320000000
tank_0225,0.0,1786320000000
tank_0226,0.0,1786320000000
tank_0228,0.0,1786320000000
tank_0229,5.698039215686275,1786320000000
tank_0231,4.988235294117647,1786320000000
tank_0233,0.0,1786320000000
tank_0236,4.0,1786320000000
tank_0237,0.0,1786320000000
tank_0240,2.4274509803921567,1786320000000
tank_0242,0.0,1786320000000
tank_0245,0.0,1786320000000
tank_0247,0.0,1786320000000
tank_0256,0.0,1786320000000
tank_0257,5.0,1786320000000
tank_0260,0.0,1786320000000
tank_0261,0.0,1786320000000
tank_0264,0.0,1786320000000
tank_0273,57.0,1786320000000
tank_0276,0.0,1786320000000
tank_0278,4.0,1786320000000
tank_0280,0.0,1786320000000
tank_0291,0.0,1786320000000
tank_0292,1.0,1786320000000
tank_0296,0.0,1786320000000
tank_0297,0.0,1786320000000
tank_0299,0.0,1786320000000
tank_0300,1.6901960784313725,1786320000000
tank_0301,2.0,1786320000000
tank_0307,0.0,1786320000000
tank_0309,0.0,1786320000000
tank_0313,4.0,1786320000000
tank_0314,0.0,1786320000000
tank_0319,4.0,1786320000000
tank_0321,0.0,1786320000000
tank_0327,0.0,1786320000000
tank_0337,0.0,1786320000000
tank_0338,5.705882352941177,1786320000000
tank_0339,0.6431372549019608,1786320000000
tank_0342,5.309803921568626,1786320000000
tank_0345,4.631372549019607,1786320000000
tank_0346,0.0,1786320000000
tank_0349,132.0,1786320000000
tank_0350,0.0,1786320000000
tank_0353,8.0,1786320000000
tank_0356,0.0,1786320000000
tank_0360,0.0,1786320000000
tank_0361,0.0,1786320000000
tank_0362,0.0,1786320000000
tank_0364,0.0,1786320000000
tank_0366,13.019607843137255,1786320000000
tank_0369,0.0,1786320000000
tank_0375,1.807843137254902,1786320000000
tank_0379,0.0,1786320000000
tank_0381,0.0,1786320000000
tank_0386,3.0,1786320000000
tank_0390,5.0,1786320000000
tank_0397,0.0,1786320000000
tank_0399,0.0,1786320000000
tank_0404,28.0,1786320000000
tank_0409,0.0,1786320000000
tank_0420,1.227450980392157,1786320000000
tank_0425,0.0,1786320000000
tank_0431,0.0,1786320000000
tank_0432,2.0,1786320000000
tank_0435,0.0,1786320000000
tank_0436,0.0,1786320000000
tank_0438,0.0,1786320000000
tank_0443,0.0,1786320000000
tank_0444,0.0,1786320000000
tank_0447,0.9725490196078432,1786320000000
tank_0448,5.31764705882353,1786320000000
tank_0449,4.145098039215686,1786320000000
tank_0455,4.32156862745098,1786320000000
tank_0460,4.282352941176471,1786320000000
tank_0462,0.0,1786320000000
tank_0466,0.0,1786320000000
tank_0471,0.0,1786320000000
tank_0473,0.0,1786320000000
tank_0474,0.0,1786320000000
tank_0481,9.474509803921569,1786320000000
tank_0485,0.0,1786320000000
tank_0489,0.0,1786320000000
tank_0491,1.2705882352941176,1786320000000
tank_0494,0.0,1786320000000
tank_0497,0.0,1786320000000
tank_0498,3.0,1786320000000
tank_0502,0.0,1786320000000
tank_0505,0.0,1786320000000
tank_0509,0.0,1786320000000
tank_0512,6.0,1786320000000
tank_0514,0.0,1786320000000
tank_0515,2.0823529411764703,1786320000000
tank_0521,0.0,1786320000000
tank_0524,0.0,1786320000000
tank_0526,0.0,1786320000000
tank_0533,0.0,1786320000000
tank_0534,0.0,1786320000000
tank_0536,0.0,1786320000000
tank_0537,0.0,1786320000000
tank_0541,10.494117647058824,1786320000000
tank_0547,0.0,1786320000000
tank_0552,19.96078431372549,1786320000000
tank_0555,0.0,1786320000000
tank_0556,0.0,1786320000000
tank_0557,0.0,1786320000000
tank_0560,7.898039215686275,1786320000000
tank_0561,9.290196078431372,1786320000000
tank_0566,0.0,1786320000000
tank_0567,0.14901960784313725,1786320000000
tank_0568,2.733333333333333,1786320000000
tank_0574,0.0,1786320000000
tank_0579,0.0,1786320000000
tank_0583,0.0,1786320000000
tank_0587,0.0,1786320000000
tank_0589,0.0,1786320000000
tank_0590,0.0,1786320000000
tank_0592,0.47843137254901963,1786320000000
tank_0593,0.0,1786320000000
tank_0595,7.780392156862745,1786320000000
tank_0600,12.050980392156863,1786320000000
tank_0604,0.0,1786320000000
tank_0606,0.0,1786320000000
tank_0607,0.0,1786320000000
tank_0608,0.0,1786320000000
tank_0610,2.0,1786320000000
tank_0611,6.568627450980392,1786320000000
tank_0612,3.015686274509804,1786320000000
tank_0613,0.0,1786320000000
tank_0619,0.0,1786320000000
tank_0626,0.0,1786320000000
tank_0627,0.0,1786320000000
tank_0628,0.0,1786320000000
tank_0632,0.0,1786320000000
tank_0633,0.0,1786320000000
tank_0639,3.988235294117647,1786320000000
tank_0640,0.0,1786320000000
tank_0641,0.0,1786320000000
tank_0643,0.0,1786320000000
tank_0646,3.0,1786320000000
tank_0663,2.007843137254902,1786320000000
tank_0664,0.0,1786320000000
tank_0666,0.0,1786320000000
tank_0667,2.0,1786320000000
tank_0670,0.0,1786320000000
tank_0675,0.0,1786320000000
tank_0676,0.0,1786320000000
tank_0678,13.51372549019608,1786320000000
tank_0681,0.4980392156862745,1786320000000
tank_0687,0.0,1786320000000
tank_0688,0.0,1786320000000
tank_0697,0.0,1786320000000
tank_0720,0.0,1786320000000
tank_0722,1.5607843137254902,1786320000000
tank_0724,8.133333333333333,1786320000000
tank_0725,11.0,1786320000000
tank_0728,0.0,1786320000000
tank_0730,0.0,1786320000000
tank_0731,0.0,1786320000000
tank_0732,0.0,1786320000000
tank_0737,5.0,1786320000000
tank_0739,2.9725490196078432,1786320000000
tank_0740,1.0,1786320000000
tank_0746,0.0,1786320000000
tank_0748,0.0,1786320000000
tank_0749,0.0,1786320000000
tank_0752,8.0,1786320000000
tank_0760,0.0,1786320000000
tank_0770,1.0,1786320000000
tank_0772,1.0,1786320000000
tank_0788,0.0,1786320000000
tank_0789,3.0,1786320000000
tank_0792,43.41960784313726,1786320000000
tank_0797,35.95294117647059,1786320000000
tank_0800,10.0,1786320000000
tank_0802,0.0,1786320000000
tank_0803,0.7607843137254902,1786320000000
tank_0808,21.886274509803922,1786320000000
tank_0810,0.0,1786320000000
tank_0811,0.0,1786320000000
tank_0812,31.0,1786320000000
tank_0813,1.0,1786320000000
tank_0816,0.0,1786320000000
tank_0819,0.0,1786320000000
tank_0823,0.0,1786320000000
tank_0824,115.0,1786320000000
tank_0825,0.0,1786320000000
tank_0828,69.0,1786320000000
tank_0829,0.0,1786320000000
tank_0830,0.0,1786320000000
tank_0831,36.26274509803921,1786320000000
tank_0844,0.0,1786320000000
tank_0852,38.8156862745098,1786320000000
tank_0855,0.0,1786320000000
tank_0856,2.0,1786320000000
tank_0860,0.0,1786320000000
tank_0861,0.0,1786320000000
tank_0872,0.0,1786320000000
tank_0875,197.0,1786320000000
tank_0879,33.0,1786320000000
tank_0885,0.0,1786320000000
tank_0891,142.0,1786320000000
tank_0894,172.0,1786320000000
tank_0898,31.0,1786320000000
tank_0900,0.0,1786320000000
tank_0901,83.0,1786320000000
tank_0902,0.0,1786320000000
tank_0914,2.0,1786320000000
tank_0917,0.0,1786320000000
tank_0919,0.0,1786320000000
tank_0920,189.0,1786320000000
tank_0922,74.0,1786320000000
tank_0923,0.0,1786320000000
tank_0924,0.0,1786320000000
tank_0926,0.0,1786320000000
tank_0927,2.0,1786320000000
tank_0928,0.0,1786320000000
tank_0930,0.0,1786320000000
tank_0931,0.0,1786320000000
tank_0933,0.0,1786320000000
tank_0934,0.0,1786320000000
tank_0937,0.0,1786320000000
tank_0938,0.0,1786320000000
tank_0939,4.294117647058823,1786320000000
tank_0944,0.0,1786320000000
tank_0946,0.0,1786320000000
tank_0952,2.0,1786320000000
tank_0958,0.0,1786320000000
tank_0962,85.0,1786320000000
tank_0967,2.3058823529411767,1786320000000
tank_0975,0.0,1786320000000
tank_0978,42.219607843137254,1786320000000
tank_0990,0.0,1786320000000
tank_0991,0.0,1786320000000
tank_0998,3.156862745098039,1786320000000
tank_0999,0.8941176470588236,1786320000000
tank_1003,91.0,1786320000000
tank_1004,8.32549019607843,1786320000000
tank_1014,0.0,1786320000000
tank_1026,118.0,1786320000000
tank_1031,11.258823529411766,1786320000000
tank_1032,10.384313725490196,1786320000000
tank_1034,2.552941176470588,1786320000000
tank_1042,24.0,1786320000000
tank_1045,0.0,1786320000000
tank_1049,0.0,1786320000000
tank_1055,28.239215686274516,1786320000000
tank_1061,0.0,1786320000000
tank_1062,0.0,1786320000000
tank_1064,0.9764705882352941,1786320000000
tank_1065,1.2784313725490195,1786320000000
tank_1066,43.392156862745104,1786320000000
tank_1070,0.0,1786320000000
tank_1073,0.0,1786320000000
tank_1083,0.0,1786320000000
tank_1086,0.0,1786320000000
tank_1088,8.450980392156863,1786320000000
tank_1089,8.0,1786320000000
tank_1090,20.850980392156863,1786320000000
tank_1091,0.0,1786320000000
tank_1094,359.0,1786320000000
tank_1095,1.0,1786320000000
tank_1104,0.0,1786320000000
tank_1113,0.0,1786320000000
tank_1116,0.4549019607843137,1786320000000
tank_1117,0.0,1786320000000
tank_1120,60.0,1786320000000
tank_1121,83.0,1786320000000
tank_1124,24.71372549019608,1786320000000
tank_1128,3.0,1786320000000
tank_1134,0.45098039215686275,1786320000000
tank_1135,80.2078431372549,1786320000000
tank_1146,4.0,1786320000000
tank_1149,2.3372549019607844,1786320000000
tank_1156,0.0,1786320000000
tank_1157,14.486274509803923,1786320000000
tank_1159,0.0,1786320000000
tank_1160,639.0,1786320000000
tank_1166,0.0,1786320000000
tank_1170,23.227450980392156,1786320000000
tank_1175,0.0,1786320000000
tank_1177,0.03529411764705882,1786320000000
tank_1179,5.756862745098038,1786320000000
tank_1181,3.0,1786320000000
tank_1186,53.0,1786320000000
tank_1187,28.82745098039216,1786320000000
tank_1190,3.0,1786320000000
tank_1192,0.0,1786320000000
tank_1196,0.0,1786320000000
tank_1197,594.0,1786320000000
tank_1201,0.0,1786320000000
tank_1203,23.79607843137255,1786320000000
tank_1205,125.0,1786320000000
tank_1209,236.0,1786320000000
tank_1217,0.0,1786320000000
tank_1223,0.0,1786320000000
tank_1226,177.50196078431372,1786320000000
tank_1228,4.0,1786320000000
tank_1230,0.0,1786320000000
tank_1237,0.0,1786320000000
tank_1239,262.0,1786320000000
tank_1245,0.0,1786320000000
tank_1246,0.0,1786320000000
tank_1250,0.0,1786320000000
tank_1254,525.0,1786320000000
tank_1255,6.474509803921569,1786320000000
tank_1258,0.0,1786320000000
tank_1261,0.9215686274509803,1786320000000
tank_1262,1.2549019607843137,1786320000000
tank_1263,0.0,1786320000000
tank_1265,0.0,1786320000000
tank_1270,0.0,1786320000000
tank_1272,6.0,1786320000000
tank_1275,0.2823529411764706,1786320000000
tank_1276,129.5254901960784,1786320000000
tank_1279,0.0,1786320000000
tank_1280,0.0,1786320000000
tank_1284,0.0,1786320000000
tank_1285,0.0,1786320000000
tank_1286,24.0,1786320000000
tank_1290,12.0,1786320000000
tank_1291,0.0,1786320000000
tank_1293,0.0,1786320000000
tank_1295,0.0,1786320000000
tank_1297,20.0,1786320000000
tank_1301,0.0,1786320000000
tank_1302,0.0,1786320000000
tank_1304,3.4745098039215683,1786320000000
tank_1305,0.0,1786320000000
tank_1313,965.0,1786320000000
tank_1322,0.0,1786320000000
tank_1325,0.0,1786320000000
tank_1326,0.0,1786320000000
tank_1344,6.0,1786320000000
tank_1346,8.0,1786320000000
tank_1349,6.1725490196078425,1786320000000
tank_1353,26.0,1786320000000
tank_1358,0.0,1786320000000
tank_1359,1.4196078431372547,1786320000000
tank_1361,276.0,1786320000000
tank_1364,202.0,1786320000000
tank_1365,0.0,1786320000000
tank_1372,0.0,1786320000000
tank_1374,48.0,1786320000000
tank_1378,319.0,1786320000000
tank_1380,4.0,1786320000000
tank_1386,35.0,1786320000000
tank_1391,0.0,1786320000000
tank_1393,0.0,1786320000000
tank_1396,0.0,1786320000000
tank_1397,0.0,1786320000000
tank_1403,0.0,1786320000000
tank_1409,0.0,1786320000000
tank_1412,0.0,1786320000000
tank_1415,0.0,1786320000000
tank_1416,0.0,1786320000000
tank_1421,15.0,1786320000000
tank_1422,0.0,1786320000000
tank_1425,59.0,1786320000000
tank_1426,0.0,1786320000000
tank_1430,0.0,1786320000000
tank_1433,49.0,1786320000000
tank_1438,0.0,1786320000000
tank_1439,0.0,1786320000000
tank_1441,0.0,1786320000000
tank_1443,16.650980392156864,1786320000000
tank_1445,7.87843137254902,1786320000000
tank_1446,0.0,1786320000000
tank_1450,0.0,1786320000000
tank_1452,0.0,1786320000000
tank_1456,0.0,1786320000000
tank_1466,0.0,1786320000000
tank_1471,0.0,1786320000000
tank_1475,0.0,1786320000000
tank_1486,0.0,1786320000000
tank_1488,2.0,1786320000000
tank_1491,15.0,1786320000000
tank_1500,0.0,1786320000000
tank_1505,388.0,1786320000000
tank_1513,0.0,1786320000000
tank_1531,0.0,1786320000000
tank_1536,0.0,1786320000000
tank_1539,308.0,1786320000000
tank_1541,17.0,1786320000000
tank_1542,0.0,1786320000000
tank_1547,79.0,1786320000000
tank_1563,0.0,1786320000000
tank_1564,0.0,1786320000000
tank_1565,8.0,1786320000000
tank_1567,0.0,1786320000000
tank_1568,0.0,1786320000000
tank_1573,0.0,1786320000000
tank_1583,3.0,1786320000000
tank_1587,511.0,1786320000000
tank_1588,0.0,1786320000000
tank_1592,0.0,1786320000000
tank_1594,0.0,1786320000000
tank_1595,23.5921568627451,1786320000000
tank_1597,36.0,1786320000000
tank_1598,14.239215686274509,1786320000000
tank_1600,0.0,1786320000000
tank_1604,48.61176470588235,1786320000000
tank_0002,0.0,1787356800000
tank_0004,0.0,1787356800000
tank_0005,6.0,1787356800000
tank_0011,0.0,1787356800000
tank_0014,0.0,1787356800000
tank_0019,0.0,1787356800000
tank_0024,0.6235294117647059,1787356800000
tank_0025,0.0,1787356800000
tank_0026,0.0,1787356800000
tank_0027,0.0,1787356800000
tank_0030,3.0,1787356800000
tank_0031,36.72156862745098,1787356800000
tank_0036,1.0,1787356800000
tank_0037,0.0,1787356800000
tank_0038,19.580392156862747,1787356800000
tank_0050,12.0,1787356800000
tank_0051,1.0,1787356800000
tank_0052,0.0,1787356800000
tank_0053,16.674509803921566,1787356800000
tank_0055,0.0,1787356800000
tank_0057,0.0,1787356800000
tank_0058,0.0,1787356800000
tank_0064,5.243137254901961,1787356800000
tank_0069,6.0,1787356800000
tank_0072,0.0,1787356800000
tank_0073,0.30980392156862746,1787356800000
tank_0080,11.0,1787356800000
tank_0094,0.45098039215686275,1787356800000
tank_0107,0.0,1787356800000
tank_0110,4.043137254901961,1787356800000
tank_0113,25.568627450980394,1787356800000
tank_0115,0.0,1787356800000
tank_0116,0.43529411764705883,1787356800000
tank_0117,94.0,1787356800000
tank_0118,0.0,1787356800000
tank_0122,0.0,1787356800000
tank_0125,1.4627450980392156,1787356800000
tank_0130,0.0,1787356800000
tank_0131,0.0,1787356800000
tank_0132,0.0,1787356800000
tank_0134,0.0,1787356800000
tank_0135,0.0,1787356800000
tank_0142,14.27450980392157,1787356800000
tank_0143,0.0,1787356800000
tank_0144,0.0,1787356800000
tank_0148,1.0,1787356800000
tank_0153,3.0,1787356800000
tank_0156,70.83529411764707,1787356800000
tank_0159,0.0,1787356800000
tank_0165,3.0274509803921568,1787356800000
tank_0171,0.0,1787356800000
tank_0172,0.0,1787356800000
tank_0174,3.929411764705882,1787356800000
tank_0176,3.0,1787356800000
tank_0184,0.0,1787356800000
tank_0187,0.0,1787356800000
tank_0190,7.674509803921568,1787356800000
tank_0192,0.0,1787356800000
tank_0193,0.0,1787356800000
tank_0195,0.0,1787356800000
tank_0199,0.0,1787356800000
tank_0204,0.0,1787356800000
tank_0205,0.0,1787356800000
tank_0207,0.0,1787356800000
tank_0209,0.0,1787356800000
tank_0213,0.0,1787356800000
tank_0217,0.0,1787356800000
tank_0220,0.4470588235294118,1787356800000
tank_0221,21.156862745098042,1787356800000
tank_0225,0.0,1787356800000
tank_0226,0.0,1787356800000
tank_0228,0.0,1787356800000
tank_0229,0.0,1787356800000
tank_0231,0.0,1787356800000
tank_0233,0.0,1787356800000
tank_0236,9.501960784313725,1787356800000
tank_0237,0.0,1787356800000
tank_0240,6.584313725490196,1787356800000
tank_0242,0.0,1787356800000
tank_0245,0.0,1787356800000
tank_0247,0.0,1787356800000
tank_0256,0.0,1787356800000
tank_0257,5.0,1787356800000
tank_0260,0.0,1787356800000
tank_0261,0.0,1787356800000
tank_0264,0.0,1787356800000
tank_0273,81.0,1787356800000
tank_0276,0.9686274509803922,1787356800000
tank_0278,7.0,1787356800000
tank_0280,0.0,1787356800000
tank_0291,0.0,1787356800000
tank_0292,10.447058823529412,1787356800000
tank_0296,0.0,1787356800000
tank_0297,0.0,1787356800000
tank_0299,0.4392156862745098,1787356800000
tank_0300,4.988235294117647,1787356800000
tank_0301,0.6470588235294118,1787356800000
tank_0307,0.0,1787356800000
tank_0309,0.0,1787356800000
tank_0313,0.0,1787356800000
tank_0314,1.0,1787356800000
tank_0319,0.0,1787356800000
tank_0321,0.0,1787356800000
tank_0327,0.0,1787356800000
tank_0337,0.0,1787356800000
tank_0338,4.701960784313725,1787356800000
tank_0339,22.36078431372549,1787356800000
tank_0342,10.423529411764704,1787356800000
tank_0345,4.458823529411765,1787356800000
tank_0346,0.0,1787356800000
tank_0349,137.05882352941177,1787356800000
tank_0350,2.996078431372549,1787356800000
tank_0353,23.007843137254902,1787356800000
tank_0356,0.0,1787356800000
tank_0360,0.0,1787356800000
tank_0361,0.0,1787356800000
tank_0362,5.141176470588235,1787356800000
tank_0364,3.8627450980392157,1787356800000
tank_0366,17.04705882352941,1787356800000
tank_0369,0.0,1787356800000
tank_0375,1.3215686274509804,1787356800000
tank_0379,8.501960784313725,1787356800000
tank_0381,0.0,1787356800000
tank_0386,0.0,1787356800000
tank_0390,12.0,1787356800000
tank_0397,0.0,1787356800000
tank_0399,0.0,1787356800000
tank_0404,7.0,1787356800000
tank_0409,0.0,1787356800000
tank_0420,0.0,1787356800000
tank_0425,0.0,1787356800000
tank_0431,0.0,1787356800000
tank_0432,7.784313725490196,1787356800000
tank_0435,0.0,1787356800000
tank_0436,4.0,1787356800000
tank_0438,0.25098039215686274,1787356800000
tank_0443,0.0,1787356800000
tank_0444,0.0,1787356800000
tank_0447,22.992156862745098,1787356800000
tank_0448,0.0,1787356800000
tank_0449,3.870588235294117,1787356800000
tank_0455,26.301960784313724,1787356800000
tank_0460,1.6588235294117646,1787356800000
tank_0462,0.0,1787356800000
tank_0466,0.0,1787356800000
tank_0471,0.0,1787356800000
tank_0473,0.0,1787356800000
tank_0474,0.0,1787356800000
tank_0481,24.278431372549015,1787356800000
tank_0485,0.0,1787356800000
tank_0489,0.0,1787356800000
tank_0491,2.0549019607843135,1787356800000
tank_0494,0.0,1787356800000
tank_0497,0.0,1787356800000
tank_0498,0.0,1787356800000
tank_0502,0.0,1787356800000
tank_0505,2.0,1787356800000
tank_0509,6.0,1787356800000
tank_0512,0.0,1787356800000
tank_0514,0.0,1787356800000
tank_0515,0.0,1787356800000
tank_0521,0.0,1787356800000
tank_0524,0.0,1787356800000
tank_0526,0.0,1787356800000
tank_0533,0.0,1787356800000
tank_0534,0.0,1787356800000
tank_0536,0.0,1787356800000
tank_0537,0.0,1787356800000
tank_0541,15.274509803921571,1787356800000
tank_0547,3.435294117647059,1787356800000
tank_0552,3.0274509803921568,1787356800000
tank_0555,0.0,1787356800000
tank_0556,0.0,1787356800000
tank_0557,0.0,1787356800000
tank_0560,5.0,1787356800000
tank_0561,9.713725490196078,1787356800000
tank_0566,0.0,1787356800000
tank_0567,0.0,1787356800000
tank_0568,0.0,1787356800000
tank_0574,0.0,1787356800000
tank_0579,0.0,1787356800000
tank_0583,1.0,1787356800000
tank_0587,0.0,1787356800000
tank_0589,0.0,1787356800000
tank_0590,0.0,1787356800000
tank_0592,0.0,1787356800000
tank_0593,0.0,1787356800000
tank_0595,4.113725490196078,1787356800000
tank_0600,29.584313725490198,1787356800000
tank_0604,0.0,1787356800000
tank_0606,15.0,1787356800000
tank_0607,0.0,1787356800000
tank_0608,0.0,1787356800000
tank_0610,0.0,1787356800000
tank_0611,6.741176470588234,1787356800000
tank_0612,10.054901960784314,1787356800000
tank_0613,0.0,1787356800000
tank_0619,0.0,1787356800000
tank_0626,0.0,1787356800000
tank_0627,0.0,1787356800000
tank_0628,0.0,1787356800000
tank_0632,0.0,1787356800000
tank_0633,0.0,1787356800000
tank_0639,0.0,1787356800000
tank_0640,0.0,1787356800000
tank_0641,0.0,1787356800000
tank_0643,2.0,1787356800000
tank_0646,2.227450980392157,1787356800000
tank_0663,0.0,1787356800000
tank_0664,0.0,1787356800000
tank_0666,0.0,1787356800000
tank_0667,0.3764705882352941,1787356800000
tank_0670,0.0,1787356800000
tank_0675,0.0,1787356800000
tank_0676,0.0,1787356800000
tank_0678,16.6,1787356800000
tank_0681,0.0,1787356800000
tank_0687,0.0,1787356800000
tank_0688,0.0,1787356800000
tank_0697,0.0,1787356800000
tank_0720,1.3372549019607844,1787356800000
tank_0722,0.0,1787356800000
tank_0724,4.854901960784314,1787356800000
tank_0725,5.0,1787356800000
tank_0728,0.0,1787356800000
tank_0730,0.0,1787356800000
tank_0731,0.0,1787356800000
tank_0732,0.0,1787356800000
tank_0737,0.0,1787356800000
tank_0739,6.015686274509804,1787356800000
tank_0740,0.0,1787356800000
tank_0746,0.0,1787356800000
tank_0748,0.0,1787356800000
tank_0749,0.0,1787356800000
tank_0752,6.870588235294117,1787356800000
tank_0760,0.0,1787356800000
tank_0770,9.513725490196078,1787356800000
tank_0772,0.0,1787356800000
tank_0788,0.0,1787356800000
tank_0789,3.1294117647058823,1787356800000
tank_0792,44.34117647058824,1787356800000
tank_0797,57.95294117647059,1787356800000
tank_0800,51.0,1787356800000
tank_0802,0.0,1787356800000
tank_0803,1.2745098039215685,1787356800000
tank_0808,14.698039215686274,1787356800000
tank_0810,0.0,1787356800000
tank_0811,1.0,1787356800000
tank_0812,29.0,1787356800000
tank_0813,2.7137254901960786,1787356800000
tank_0816,1.0,1787356800000
tank_0819,0.0,1787356800000
tank_0823,0.0,1787356800000
tank_0824,41.0,1787356800000
tank_0825,0.0,1787356800000
tank_0828,15.0,1787356800000
tank_0829,0.0,1787356800000
tank_0830,0.0,1787356800000
tank_0831,32.26274509803921,1787356800000
tank_0844,0.0,1787356800000
tank_0852,63.14901960784313,1787356800000
tank_0855,0.0,1787356800000
tank_0856,0.0,1787356800000
tank_0860,0.0,1787356800000
tank_0861,0.0,1787356800000
tank_0872,0.0,1787356800000
tank_0875,262.37254901960785,1787356800000
tank_0879,6.0,1787356800000
tank_0885,0.0,1787356800000
tank_0891,36.0,1787356800000
tank_0894,0.0,1787356800000
tank_0898,10.0,1787356800000
tank_0900,1.1176470588235294,1787356800000
tank_0901,65.64705882352942,1787356800000
tank_0902,1.0,1787356800000
tank_0914,0.0,1787356800000
tank_0917,0.0,1787356800000
tank_0919,0.0,1787356800000
tank_0920,55.62352941176471,1787356800000
tank_0922,48.0,1787356800000
tank_0923,0.0,1787356800000
tank_0924,0.0,1787356800000
tank_0926,1.0,1787356800000
tank_0927,0.0,1787356800000
tank_0928,0.0,1787356800000
tank_0930,0.0,1787356800000
tank_0931,0.0,1787356800000
tank_0933,0.0,1787356800000
tank_0934,0.0,1787356800000
tank_0937,0.0,1787356800000
tank_0938,0.0,1787356800000
tank_0939,0.0,1787356800000
tank_0944,0.0,1787356800000
tank_0946,0.0,1787356800000
tank_0952,1.6784313725490194,1787356800000
tank_0958,0.0,1787356800000
tank_0962,70.0,1787356800000
tank_0967,6.490196078431373,1787356800000
tank_0975,0.0,1787356800000
tank_0978,113.36470588235294,1787356800000
tank_0990,0.0,1787356800000
tank_0991,0.0,1787356800000
tank_0998,1.0,1787356800000
tank_0999,0.0,1787356800000
tank_1003,227.0,1787356800000
tank_1004,10.878431372549018,1787356800000
tank_1014,2.0,1787356800000
tank_1026,104.0,1787356800000
tank_1031,15.36078431372549,1787356800000
tank_1032,8.964705882352941,1787356800000
tank_1034,0.0,1787356800000
tank_1042,1.0,1787356800000
tank_1045,0.0,1787356800000
tank_1049,0.0,1787356800000
tank_1055,4.866666666666666,1787356800000
tank_1061,0.0,1787356800000
tank_1062,0.0,1787356800000
tank_1064,0.0,1787356800000
tank_1065,2.988235294117647,1787356800000
tank_1066,28.31764705882353,1787356800000
tank_1070,0.0,1787356800000
tank_1073,0.0,1787356800000
tank_1083,0.0,1787356800000
tank_1086,0.0,1787356800000
tank_1088,3.0,1787356800000
tank_1089,11.0,1787356800000
tank_1090,7.0,1787356800000
tank_1091,0.0,1787356800000
tank_1094,214.0,1787356800000
tank_1095,9.0,1787356800000
tank_1104,0.0,1787356800000
tank_1113,4.0,1787356800000
tank_1116,7.564705882352941,1787356800000
tank_1117,0.0,1787356800000
tank_1120,52.0,1787356800000
tank_1121,12.0,1787356800000
tank_1124,21.71372549019608,1787356800000
tank_1128,0.0,1787356800000
tank_1134,2.8862745098039215,1787356800000
tank_1135,66.50196078431372,1787356800000
tank_1146,0.0,1787356800000
tank_1149,1.9411764705882355,1787356800000
tank_1156,0.0,1787356800000
tank_1157,9.909803921568626,1787356800000
tank_1159,0.0,1787356800000
tank_1160,446.0,1787356800000
tank_1166,0.0,1787356800000
tank_1170,29.188235294117646,1787356800000
tank_1175,0.0,1787356800000
tank_1177,2.0,1787356800000
tank_1179,15.737254901960782,1787356800000
tank_1181,3.0,1787356800000
tank_1186,49.0,1787356800000
tank_1187,32.466666666666676,1787356800000
tank_1190,7.0,1787356800000
tank_1192,0.0,1787356800000
tank_1196,6.870588235294117,1787356800000
tank_1197,746.0,1787356800000
tank_1201,0.0,1787356800000
tank_1203,18.949019607843137,1787356800000
tank_1205,76.0,1787356800000
tank_1209,137.0,1787356800000
tank_1217,0.0,1787356800000
tank_1223,0.0,1787356800000
tank_1226,185.4078431372549,1787356800000
tank_1228,2.0,1787356800000
tank_1230,0.0,1787356800000
tank_1237,0.0,1787356800000
tank_1239,230.0,1787356800000
tank_1245,0.0,1787356800000
tank_1246,0.0,1787356800000
tank_1250,0.0,1787356800000
tank_1254,804.0,1787356800000
tank_1255,16.352941176470587,1787356800000
tank_1258,0.0,1787356800000
tank_1261,0.0,1787356800000
tank_1262,2.3372549019607844,1787356800000
tank_1263,0.0,1787356800000
tank_1265,0.0,1787356800000
tank_1270,6.086274509803921,1787356800000
tank_1272,20.870588235294118,1787356800000
tank_1275,0.0,1787356800000
tank_1276,47.95294117647059,1787356800000
tank_1279,0.0,1787356800000
tank_1280,5.0,1787356800000
tank_1284,0.0,1787356800000
tank_1285,0.0,1787356800000
tank_1286,51.0,1787356800000
tank_1290,4.0,1787356800000
tank_1291,0.0,1787356800000
tank_1293,0.0,1787356800000
tank_1295,0.0,1787356800000
tank_1297,13.0,1787356800000
tank_1301,0.0,1787356800000
tank_1302,0.0,1787356800000
tank_1304,5.541176470588235,1787356800000
tank_1305,0.0,1787356800000
tank_1313,424.0,1787356800000
tank_1322,0.0,1787356800000
tank_1325,0.0,1787356800000
tank_1326,0.0,1787356800000
tank_1344,8.898039215686275,1787356800000
tank_1346,0.0,1787356800000
tank_1349,5.627450980392156,1787356800000
tank_1353,0.0,1787356800000
tank_1358,0.0,1787356800000
tank_1359,0.0,1787356800000
tank_1361,151.0,1787356800000
tank_1364,326.0,1787356800000
tank_1365,0.0,1787356800000
tank_1372,0.0,1787356800000
tank_1374,53.0,1787356800000
tank_1378,446.0,1787356800000
tank_1380,13.0,1787356800000
tank_1386,32.0,1787356800000
tank_1391,0.0,1787356800000
tank_1393,0.0,1787356800000
tank_1396,0.0,1787356800000
tank_1397,0.0,1787356800000
tank_1403,0.0,1787356800000
tank_1409,0.0,1787356800000
tank_1412,0.0,1787356800000
tank_1415,4.0,1787356800000
tank_1416,0.0,1787356800000
tank_1421,0.0,1787356800000
tank_1422,0.0,1787356800000
tank_1425,22.0,1787356800000
tank_1426,0.0,1787356800000
tank_1430,0.0,1787356800000
tank_1433,58.0,1787356800000
tank_1438,0.0,1787356800000
tank_1439,0.0,1787356800000
tank_1441,0.0,1787356800000
tank_1443,23.67450980392157,1787356800000
tank_1445,14.411764705882353,1787356800000
tank_1446,0.0,1787356800000
tank_1450,0.0,1787356800000
tank_1452,0.0,1787356800000
tank_1456,7.96078431372549,1787356800000
tank_1466,0.0,1787356800000
tank_1471,0.0,1787356800000
tank_1475,0.0,1787356800000
tank_1486,0.0,1787356800000
tank_1488,0.0,1787356800000
tank_1491,8.0,1787356800000
tank_1500,0.0,1787356800000
tank_1505,411.0,1787356800000
tank_1513,0.0,1787356800000
tank_1531,0.0,1787356800000
tank_1536,0.0,1787356800000
tank_1539,318.0,1787356800000
tank_1541,13.0,1787356800000
tank_1542,0.0,1787356800000
tank_1547,151.0,1787356800000
tank_1563,0.0,1787356800000
tank_1564,0.0,1787356800000
tank_1565,118.0,1787356800000
tank_1567,0.0,1787356800000
tank_1568,0.0,1787356800000
tank_1573,0.0,1787356800000
tank_1583,0.0,1787356800000
tank_1587,451.0,1787356800000
tank_1588,0.0,1787356800000
tank_1592,0.0,1787356800000
tank_1594,0.0,1787356800000
tank_1595,21.737254901960785,1787356800000
tank_1597,26.0,1787356800000
tank_1598,17.53333333333333,1787356800000
tank_1600,9.513725490196078,1787356800000
tank_1604,55.53725490196078,1787356800000
