tank_id,sum,date_ms
tank_0002,0.0,1515110400000
tank_0004,0.0,1515110400000
tank_0005,0.0,1515110400000
tank_0011,0.0,1515110400000
tank_0014,0.0,1515110400000
tank_0019,0.0,1515110400000
tank_0024,12.996078431372549,1515110400000
tank_0025,0.0,1515110400000
tank_0026,1.9254901960784314,1515110400000
tank_0027,3.0,1515110400000
tank_0030,0.0,1515110400000
tank_0031,0.0,1515110400000
tank_0036,0.0,1515110400000
tank_0037,0.0,1515110400000
tank_0038,10.572549019607845,1515110400000
tank_0050,24.45098039215686,1515110400000
tank_0051,0.0,1515110400000
tank_0052,8.741176470588236,1515110400000
tank_0053,36.941176470588225,1515110400000
tank_0055,0.0,1515110400000
tank_0057,1.0,1515110400000
tank_0058,1.6745098039215685,1515110400000
tank_0064,108.5137254901961,1515110400000
tank_0069,10.501960784313725,1515110400000
tank_0072,0.0,1515110400000
tank_0073,0.0,1515110400000
tank_0080,38.79607843137255,1515110400000
tank_0094,0.0,1515110400000
tank_0107,0.0,1515110400000
tank_0110,23.0,1515110400000
tank_0113,27.26666666666667,1515110400000
tank_0115,1.4039215686274509,1515110400000
tank_0116,4.0,1515110400000
tank_0117,83.7607843137255,1515110400000
tank_0118,0.0,1515110400000
tank_0122,0.0,1515110400000
tank_0125,27.976470588235294,1515110400000
tank_0130,3.1333333333333333,1515110400000
tank_0131,0.0,1515110400000
tank_0132,0.0,1515110400000
tank_0134,0.0,1515110400000
tank_0135,4.243137254901961,1515110400000
tank_0142,0.0,1515110400000
tank_0143,0.0,1515110400000
tank_0144,0.0,1515110400000
tank_0148,8.0,1515110400000
tank_0153,2.0,1515110400000
tank_0156,61.71372549019609,1515110400000
tank_0159,0.7254901960784313,1515110400000
tank_0165,1.9019607843137254,1515110400000
tank_0171,0.0,1515110400000
tank_0172,0.0,1515110400000
tank_0174,6.5019607843137255,1515110400000
tank_0176,13.576470588235294,1515110400000
tank_0184,0.6901960784313725,1515110400000
tank_0187,2.847058823529412,1515110400000
tank_0190,7.890196078431372,1515110400000
tank_0192,0.0,1515110400000
tank_0193,0.1568627450980392,1515110400000
tank_0195,29.886274509803926,1515110400000
tank_0199,12.250980392156862,1515110400000
tank_0204,0.0,1515110400000
tank_0205,0.0,1515110400000
tank_0207,1.6470588235294117,1515110400000
tank_0209,3.976470588235294,1515110400000
tank_0213,7.0,1515110400000
tank_0217,0.0,1515110400000
tank_0220,0.0,1515110400000
tank_0221,17.24313725490196,1515110400000
tank_0225,0.0,1515110400000
tank_0226,8.0,1515110400000
tank_0228,0.0,1515110400000
tank_0229,0.0,1515110400000
tank_0231,0.984313725490196,1515110400000
tank_0233,4.1725490196078425,1515110400000
tank_0236,7.423529411764706,1515110400000
tank_0237,62.286274509803924,1515110400000
tank_0240,0.0,1515110400000
tank_0242,0.0,1515110400000
tank_0245,0.16470588235294117,1515110400000
tank_0247,1.0,1515110400000
tank_0256,0.0,1515110400000
tank_0257,1.0,1515110400000
tank_0260,3.0,1515110400000
tank_0261,0.0,1515110400000
tank_0264,0.0,1515110400000
tank_0273,80.0,1515110400000
tank_0276,0.0,1515110400000
tank_0278,9.2,1515110400000
tank_0280,0.0,1515110400000
tank_0291,2.0,1515110400000
tank_0292,19.439215686274512,1515110400000
tank_0296,0.0,1515110400000
tank_0297,8.372549019607844,1515110400000
tank_0299,0.0,1515110400000
tank_0300,2.113725490196078,1515110400000
tank_0301,1.4549019607843139,1515110400000
tank_0307,0.0,1515110400000
tank_0309,0.0,1515110400000
tank_0313,0.0,1515110400000
tank_0314,0.4470588235294118,1515110400000
tank_0319,6.568627450980392,1515110400000
tank_0321,5.286274509803922,1515110400000
tank_0327,0.0,1515110400000
tank_0337,0.0,1515110400000
tank_0338,1.223529411764706,1515110400000
tank_0339,24.392156862745097,1515110400000
tank_0342,11.0,1515110400000
tank_0345,4.0,1515110400000
tank_0346,0.0,1515110400000
tank_0349,97.0,1515110400000
tank_0350,2.6,1515110400000
tank_0353,59.49803921568628,1515110400000
tank_0356,0.0,1515110400000
tank_0360,0.6862745098039216,1515110400000
tank_0361,12.192156862745097,1515110400000
tank_0362,0.0,1515110400000
tank_0364,11.392156862745097,1515110400000
tank_0366,13.074509803921568,1515110400000
tank_0369,0.0,1515110400000
tank_0375,0.0,1515110400000
tank_0379,11.309803921568628,1515110400000
tank_0381,0.0,1515110400000
tank_0386,0.10588235294117647,1515110400000
tank_0390,6.0,1515110400000
tank_0397,0.0,1515110400000
tank_0399,0.4235294117647059,1515110400000
tank_0404,0.0,1515110400000
tank_0409,0.0,1515110400000
tank_0420,0.0,1515110400000
tank_0425,0.0,1515110400000
tank_0431,94.0,1515110400000
tank_0432,0.0,1515110400000
tank_0435,22.0,1515110400000
tank_0436,0.0,1515110400000
tank_0438,0.0,1515110400000
tank_0443,1.2941176470588234,1515110400000
tank_0444,136.0,1515110400000
tank_0447,24.650980392156864,1515110400000
tank_0448,0.0,1515110400000
tank_0449,0.8705882352941177,1515110400000
tank_0455,0.0,1515110400000
tank_0460,0.0,1515110400000
tank_0462,0.0,1515110400000
tank_0466,0.0,1515110400000
tank_0471,0.0,1515110400000
tank_0473,0.0,1515110400000
tank_0474,3.8784313725490196,1515110400000
tank_0481,20.34509803921569,1515110400000
tank_0485,0.0,1515110400000
tank_0489,0.0,1515110400000
tank_0491,0.0,1515110400000
tank_0494,6.6117647058823525,1515110400000
tank_0497,0.0,1515110400000
tank_0498,0.09803921568627451,1515110400000
tank_0502,0.0,1515110400000
tank_0505,3.227450980392157,1515110400000
tank_0509,0.0,1515110400000
tank_0512,62.0,1515110400000
tank_0514,0.0,1515110400000
tank_0515,0.0,1515110400000
tank_0521,18.0,1515110400000
tank_0524,0.0,1515110400000
tank_0526,41.0,1515110400000
tank_0533,0.0,1515110400000
tank_0534,4.0,1515110400000
tank_0536,0.0,1515110400000
tank_0537,0.0,1515110400000
tank_0541,4.0,1515110400000
tank_0547,0.0,1515110400000
tank_0552,0.0,1515110400000
tank_0555,20.0,1515110400000
tank_0556,0.0,1515110400000
tank_0557,0.0,1515110400000
tank_0560,2.0,1515110400000
tank_0561,0.0,1515110400000
tank_0566,0.0,1515110400000
tank_0567,0.0,1515110400000
tank_0568,2.4823529411764707,1515110400000
tank_0574,49.0,1515110400000
tank_0579,0.0,1515110400000
tank_0583,227.94509803921568,1515110400000
tank_0587,0.0,1515110400000
tank_0589,0.0,1515110400000
tank_0590,30.0,1515110400000
tank_0592,0.0,1515110400000
tank_0593,0.0,1515110400000
tank_0595,0.0,1515110400000
tank_0600,4.7333333333333325,1515110400000
tank_0604,7.780392156862746,1515110400000
tank_0606,0.0,1515110400000
tank_0607,0.0,1515110400000
tank_0608,150.0,1515110400000
tank_0610,0.0,1515110400000
tank_0611,2.796078431372549,1515110400000
tank_0612,4.0588235294117645,1515110400000
tank_0613,6.0,1515110400000
tank_0619,8.0,1515110400000
tank_0626,0.0,1515110400000
tank_0627,0.0,1515110400000
tank_0628,0.0,1515110400000
tank_0632,0.0,1515110400000
tank_0633,0.0,1515110400000
tank_0639,5.0,1515110400000
tank_0640,0.0,1515110400000
tank_0641,2.0,1515110400000
tank_0643,2.8901960784313725,1515110400000
tank_0646,0.0,1515110400000
tank_0663,0.0,1515110400000
tank_0664,4.0,1515110400000
tank_0666,0.0,1515110400000
tank_0667,0.0,1515110400000
tank_0670,0.0,1515110400000
tank_0675,0.0,1515110400000
tank_0676,529.0,1515110400000
tank_0678,1.9372549019607843,1515110400000
tank_0681,0.0,1515110400000
tank_0687,0.0,1515110400000
tank_0688,0.0,1515110400000
tank_0697,9.882352941176471,1515110400000
tank_0720,12.827450980392157,1515110400000
tank_0722,0.0,1515110400000
tank_0724,0.0,1515110400000
tank_0725,0.0,1515110400000
tank_0728,0.0,1515110400000
tank_0730,0.0,1515110400000
tank_0731,535.0,1515110400000
tank_0732,0.0,1515110400000
tank_0737,374.0,1515110400000
tank_0739,0.0,1515110400000
tank_0740,25.43529411764706,1515110400000
tank_0746,0.0,1515110400000
tank_0748,0.0,1515110400000
tank_0749,0.0,1515110400000
tank_0752,0.0,1515110400000
tank_0760,0.0,1515110400000
tank_0770,0.0,1515110400000
tank_0772,0.0,1515110400000
tank_0788,2.0,1515110400000
tank_0789,0.0,1515110400000
tank_0792,111.08235294117648,1515110400000
tank_0797,0.0,1515110400000
tank_0800,94.0,1515110400000
tank_0802,13.0,1515110400000
tank_0803,4.2745098039215685,1515110400000
tank_0808,23.215686274509807,1515110400000
tank_0810,0.0,1515110400000
tank_0811,0.0,1515110400000
tank_0812,0.0,1515110400000
tank_0813,1.5921568627450982,1515110400000
tank_0816,2.0,1515110400000
tank_0819,0.0,1515110400000
tank_0823,0.0,1515110400000
tank_0824,635.0,1515110400000
tank_0825,51.094117647058816,1515110400000
tank_0828,0.0,1515110400000
tank_0829,86.9843137254902,1515110400000
tank_0830,0.0,1515110400000
tank_0831,0.0,1515110400000
tank_0844,0.0,1515110400000
tank_0852,35.0,1515110400000
tank_0855,96.0,1515110400000
tank_0856,849.0,1515110400000
tank_0860,1.0,1515110400000
tank_0861,0.0,1515110400000
tank_0872,3.0,1515110400000
tank_0875,265.7450980392157,1515110400000
tank_0879,16.0,1515110400000
tank_0885,0.0,1515110400000
tank_0891,0.0,1515110400000
tank_0894,876.0,1515110400000
tank_0898,312.0,1515110400000
tank_0900,14.364705882352942,1515110400000
tank_0901,76.51372549019608,1515110400000
tank_0902,50.0,1515110400000
tank_0914,11.0,1515110400000
tank_0917,270.0,1515110400000
tank_0919,0.0,1515110400000
tank_0920,54.62352941176471,1515110400000
tank_0922,7.0,1515110400000
tank_0923,9.682352941176472,1515110400000
tank_0924,18.16078431372549,1515110400000
tank_0926,79.08235294117647,1515110400000
tank_0927,15.313725490196077,1515110400000
tank_0928,0.0,1515110400000
tank_0930,94.0,1515110400000
tank_0931,242.0,1515110400000
tank_0933,6.250980392156863,1515110400000
tank_0934,0.0,1515110400000
tank_0937,2.0,1515110400000
tank_0938,2.0,1515110400000
tank_0939,0.0,1515110400000
tank_0944,112.93333333333334,1515110400000
tank_0946,13.0,1515110400000
tank_0952,8.411764705882353,1515110400000
tank_0958,0.0,1515110400000
tank_0962,656.6196078431373,1515110400000
tank_0967,0.9176470588235295,1515110400000
tank_0975,0.0,1515110400000
tank_0978,46.94509803921568,1515110400000
tank_0990,0.0,1515110400000
tank_0991,227.0,1515110400000
tank_0998,0.0,1515110400000
tank_0999,0.0,1515110400000
tank_1003,1075.0,1515110400000
tank_1004,0.0,1515110400000
tank_1014,13.0,1515110400000
tank_1026,158.0,1515110400000
tank_1031,0.0,1515110400000
tank_1032,4.1568627450980395,1515110400000
tank_1034,0.0,1515110400000
tank_1042,16.0,1515110400000
tank_1045,3.0,1515110400000
tank_1049,116.0,1515110400000
tank_1055,1.5843137254901962,1515110400000
tank_1061,31.415686274509806,1515110400000
tank_1062,0.0,1515110400000
tank_1064,0.0,1515110400000
tank_1065,3.0,1515110400000
tank_1066,4.666666666666667,1515110400000
tank_1070,1.0,1515110400000
tank_1073,48.0,1515110400000
tank_1083,55.0,1515110400000
tank_1086,20.568627450980394,1515110400000
tank_1088,2.447058823529412,1515110400000
tank_1089,42.0,1515110400000
tank_1090,0.0,1515110400000
tank_1091,3.0,1515110400000
tank_1094,0.0,1515110400000
tank_1095,0.0,1515110400000
tank_1104,0.0,1515110400000
tank_1113,3.0,1515110400000
tank_1116,17.12549019607843,1515110400000
tank_1117,0.0,1515110400000
tank_1120,229.67843137254903,1515110400000
tank_1121,0.0,1515110400000
tank_1124,0.0,1515110400000
tank_1128,0.0,1515110400000
tank_1134,0.0,1515110400000
tank_1135,0.0,1515110400000
tank_1146,39.44313725490196,1515110400000
tank_1149,2.827450980392157,1515110400000
tank_1156,0.0,1515110400000
tank_1157,14.486274509803923,1515110400000
tank_1159,149.85882352941175,1515110400000
tank_1160,0.0,1515110400000
tank_1166,0.0,1515110400000
tank_1170,18.2078431372549,1515110400000
tank_1175,0.0,1515110400000
tank_1177,4.125490196078431,1515110400000
tank_1179,0.37254901960784315,1515110400000
tank_1181,163.73333333333335,1515110400000
tank_1186,0.0,1515110400000
tank_1187,11.992156862745098,1515110400000
tank_1190,3.0,1515110400000
tank_1192,0.0,1515110400000
tank_1196,0.0,1515110400000
tank_1197,978.8745098039216,1515110400000
tank_1201,40.0,1515110400000
tank_1203,22.92156862745098,1515110400000
tank_1205,71.0,1515110400000
tank_1209,629.0,1515110400000
tank_1217,0.0,1515110400000
tank_1223,2.0,1515110400000
tank_1226,0.0,1515110400000
tank_1228,65.0,1515110400000
tank_1230,0.0,1515110400000
tank_1237,0.0,1515110400000
tank_1239,0.0,1515110400000
tank_1245,228.5725490196078,1515110400000
tank_1246,10.0,1515110400000
tank_1250,4.356862745098039,1515110400000
tank_1254,2.0,1515110400000
tank_1255,2.4156862745098038,1515110400000
tank_1258,0.0,1515110400000
tank_1261,3.83921568627451,1515110400000
tank_1262,0.0,1515110400000
tank_1263,0.0,1515110400000
tank_1265,0.0,1515110400000
tank_1270,0.0,1515110400000
tank_1272,0.0,1515110400000
tank_1275,0.0,1515110400000
tank_1276,0.0,1515110400000
tank_1279,0.0,1515110400000
tank_1280,0.0,1515110400000
tank_1284,1.6313725490196078,1515110400000
tank_1285,0.0,1515110400000
tank_1286,38.0,1515110400000
tank_1290,0.0,1515110400000
tank_1291,0.0,1515110400000
tank_1293,0.0,1515110400000
tank_1295,5.752941176470588,1515110400000
tank_1297,54.0,1515110400000
tank_1301,0.0,1515110400000
tank_1302,0.0,1515110400000
tank_1304,1.231372549019608,1515110400000
tank_1305,4.0,1515110400000
tank_1313,0.0,1515110400000
tank_1322,0.0,1515110400000
tank_1325,0.0,1515110400000
tank_1326,0.0,1515110400000
tank_1344,0.0,1515110400000
tank_1346,0.0,1515110400000
tank_1349,0.0,1515110400000
tank_1353,177.2980392156863,1515110400000
tank_1358,0.0,1515110400000
tank_1359,0.0,1515110400000
tank_1361,43.0,1515110400000
tank_1364,379.0,1515110400000
tank_1365,0.0,1515110400000
tank_1372,4.0,1515110400000
tank_1374,428.51372549019607,1515110400000
tank_1378,150.0,1515110400000
tank_1380,0.0,1515110400000
tank_1386,0.0,1515110400000
tank_1391,0.0,1515110400000
tank_1393,23.215686274509803,1515110400000
tank_1396,27.0,1515110400000
tank_1397,0.0,1515110400000
tank_1403,0.0,1515110400000
tank_1409,144.0,1515110400000
tank_1412,0.0,1515110400000
tank_1415,0.0,1515110400000
tank_1416,0.0,1515110400000
tank_1421,112.0,1515110400000
tank_1422,0.0,1515110400000
tank_1425,293.0,1515110400000
tank_1426,0.0,1515110400000
tank_1430,0.0,1515110400000
tank_1433,235.0,1515110400000
tank_1438,3.0,1515110400000
tank_1439,0.0,1515110400000
tank_1441,0.0,1515110400000
tank_1443,14.050980392156864,1515110400000
tank_1445,26.71372549019608,1515110400000
tank_1446,0.0,1515110400000
tank_1450,0.0,1515110400000
tank_1452,0.0,1515110400000
tank_1456,0.0,1515110400000
tank_1466,0.0,1515110400000
tank_1471,0.0,1515110400000
tank_1475,0.0,1515110400000
tank_1486,327.0,1515110400000
tank_1488,0.0,1515110400000
tank_1491,0.0,1515110400000
tank_1500,32.490196078431374,1515110400000
tank_1505,0.0,1515110400000
tank_1513,285.0,1515110400000
tank_1531,62.0,1515110400000
tank_1536,0.0,1515110400000
tank_1539,0.0,1515110400000
tank_1541,0.0,1515110400000
tank_1542,0.0,1515110400000
tank_1547,0.0,1515110400000
tank_1563,0.0,1515110400000
tank_1564,0.0,1515110400000
tank_1565,0.0,1515110400000
tank_1567,0.0,1515110400000
tank_1568,1.0,1515110400000
tank_1573,0.0,1515110400000
tank_1583,7.0,1515110400000
tank_1587,0.0,1515110400000
tank_1588,0.0,1515110400000
tank_1592,0.0,1515110400000
tank_1594,0.0,1515110400000
tank_1595,0.0,1515110400000
tank_1597,0.0,1515110400000
tank_1598,0.0,1515110400000
tank_1600,3.6941176470588237,1515110400000
tank_1604,0.0,1515110400000
tank_0002,0.0,1516147200000
tank_0004,1.7450980392156863,1516147200000
tank_0005,0.0,1516147200000
tank_0011,0.0,1516147200000
tank_0014,0.0,1516147200000
tank_0019,0.0,1516147200000
tank_0024,4.858823529411765,1516147200000
tank_0025,0.0,1516147200000
tank_0026,2.411764705882353,1516147200000
tank_0027,9.470588235294118,1516147200000
tank_0030,4.890196078431372,1516147200000
tank_0031,2.0,1516147200000
tank_0036,0.0,1516147200000
tank_0037,0.0,1516147200000
tank_0038,26.235294117647065,1516147200000
tank_0050,25.294117647058822,1516147200000
tank_0051,0.0,1516147200000
tank_0052,10.074509803921568,1516147200000
tank_0053,57.50588235294117,1516147200000
tank_0055,0.0,1516147200000
tank_0057,16.0,1516147200000
tank_0058,0.0,1516147200000
tank_0064,146.7058823529412,1516147200000
tank_0069,3.5568627450980395,1516147200000
tank_0072,0.0,1516147200000
tank_0073,0.0,1516147200000
tank_0080,39.74901960784314,1516147200000
tank_0094,0.0,1516147200000
tank_0107,0.0,1516147200000
tank_0110,52.325490196078434,1516147200000
tank_0113,14.235294117647058,1516147200000
tank_0115,0.0,1516147200000
tank_0116,8.823529411764707,1516147200000
tank_0117,113.0,1516147200000
tank_0118,0.0,1516147200000
tank_0122,0.0,1516147200000
tank_0125,56.603921568627456,1516147200000
tank_0130,3.5215686274509803,1516147200000
tank_0131,3.843137254901961,1516147200000
tank_0132,0.0,1516147200000
tank_0134,0.0,1516147200000
tank_0135,3.6784313725490194,1516147200000
tank_0142,0.0,1516147200000
tank_0143,0.0,1516147200000
tank_0144,0.0,1516147200000
tank_0148,37.05098039215686,1516147200000
tank_0153,0.0,1516147200000
tank_0156,82.85490196078432,1516147200000
tank_0159,2.0,1516147200000
tank_0165,0.603921568627451,1516147200000
tank_0171,0.0,1516147200000
tank_0172,0.0,1516147200000
tank_0174,7.086274509803922,1516147200000
tank_0176,11.0,1516147200000
tank_0184,0.0,1516147200000
tank_0187,0.8235294117647058,1516147200000
tank_0190,19.937254901960785,1516147200000
tank_0192,0.0,1516147200000
tank_0193,2.2745098039215685,1516147200000
tank_0195,25.44705882352941,1516147200000
tank_0199,17.494117647058825,1516147200000
tank_0204,0.0,1516147200000
tank_0205,0.0,1516147200000
tank_0207,0.0,1516147200000
tank_0209,0.0,1516147200000
tank_0213,4.250980392156863,1516147200000
tank_0217,0.0,1516147200000
tank_0220,1.0,1516147200000
tank_0221,3.4745098039215687,1516147200000
tank_0225,0.0,1516147200000
tank_0226,7.0,1516147200000
tank_0228,0.0,1516147200000
tank_0229,0.0,1516147200000
tank_0231,1.8666666666666667,1516147200000
tank_0233,4.298039215686274,1516147200000
tank_0236,10.0,1516147200000
tank_0237,32.23137254901961,1516147200000
tank_0240,2.341176470588235,1516147200000
tank_0242,0.0,1516147200000
tank_0245,0.0,1516147200000
tank_0247,7.0,1516147200000
tank_0256,1.0,1516147200000
tank_0257,1.7058823529411764,1516147200000
tank_0260,0.0,1516147200000
tank_0261,0.0,1516147200000
tank_0264,0.0,1516147200000
tank_0273,65.0,1516147200000
tank_0276,0.0,1516147200000
tank_0278,7.52156862745098,1516147200000
tank_0280,0.0,1516147200000
tank_0291,0.0,1516147200000
tank_0292,29.749019607843138,1516147200000
tank_0296,0.0,1516147200000
tank_0297,12.513725490196078,1516147200000
tank_0299,0.0,1516147200000
tank_0300,2.5803921568627453,1516147200000
tank_0301,1.411764705882353,1516147200000
tank_0307,0.0,1516147200000
tank_0309,0.0,1516147200000
tank_0313,0.0,1516147200000
tank_0314,1.0,1516147200000
tank_0319,12.352941176470589,1516147200000
tank_0321,27.305882352941175,1516147200000
tank_0327,0.25098039215686274,1516147200000
tank_0337,0.0,1516147200000
tank_0338,0.0,1516147200000
tank_0339,32.168627450980395,1516147200000
tank_0342,16.219607843137254,1516147200000
tank_0345,2.9019607843137254,1516147200000
tank_0346,0.0,1516147200000
tank_0349,83.0,1516147200000
tank_0350,0.592156862745098,1516147200000
tank_0353,54.78431372549019,1516147200000
tank_0356,0.027450980392156862,1516147200000
tank_0360,0.0,1516147200000
tank_0361,0.0,1516147200000
tank_0362,0.0,1516147200000
tank_0364,0.0,1516147200000
tank_0366,19.59607843137255,1516147200000
tank_0369,0.0,1516147200000
tank_0375,0.0,1516147200000
tank_0379,18.403921568627453,1516147200000
tank_0381,0.0,1516147200000
tank_0386,0.0,1516147200000
tank_0390,13.0,1516147200000
tank_0397,0.0,1516147200000
tank_0399,0.0,1516147200000
tank_0404,0.0,1516147200000
tank_0409,0.0,1516147200000
tank_0420,0.0,1516147200000
tank_0425,0.5333333333333333,1516147200000
tank_0431,18.0,1516147200000
tank_0432,2.76078431372549,1516147200000
tank_0435,1.0,1516147200000
tank_0436,0.0,1516147200000
tank_0438,0.0,1516147200000
tank_0443,0.0,1516147200000
tank_0444,42.0,1516147200000
tank_0447,12.694117647058825,1516147200000
tank_0448,0.0,1516147200000
tank_0449,0.0,1516147200000
tank_0455,0.0,1516147200000
tank_0460,0.0,1516147200000
tank_0462,0.0,1516147200000
tank_0466,0.0,1516147200000
tank_0471,1.0,1516147200000
tank_0473,0.0,1516147200000
tank_0474,7.0,1516147200000
tank_0481,22.87450980392157,1516147200000
tank_0485,0.0,1516147200000
tank_0489,1.780392156862745,1516147200000
tank_0491,2.611764705882353,1516147200000
tank_0494,0.0,1516147200000
tank_0497,1.0,1516147200000
tank_0498,1.2941176470588236,1516147200000
tank_0502,0.0,1516147200000
tank_0505,2.0901960784313722,1516147200000
tank_0509,0.0,1516147200000
tank_0512,67.9843137254902,1516147200000
tank_0514,0.0,1516147200000
tank_0515,0.0,1516147200000
tank_0521,9.0,1516147200000
tank_0524,0.0,1516147200000
tank_0526,36.0,1516147200000
tank_0533,0.0,1516147200000
tank_0534,0.0,1516147200000
tank_0536,0.0,1516147200000
tank_0537,0.0,1516147200000
tank_0541,1.5529411764705883,1516147200000
tank_0547,4.0,1516147200000
tank_0552,1.0,1516147200000
tank_0555,12.0,1516147200000
tank_0556,0.0,1516147200000
tank_0557,2.2509803921568627,1516147200000
tank_0560,5.188235294117646,1516147200000
tank_0561,0.0,1516147200000
tank_0566,0.0,1516147200000
tank_0567,0.0,1516147200000
tank_0568,4.741176470588234,1516147200000
tank_0574,42.0,1516147200000
tank_0579,4.0,1516147200000
tank_0583,220.3607843137255,1516147200000
tank_0587,0.0,1516147200000
tank_0589,0.0,1516147200000
tank_0590,21.0,1516147200000
tank_0592,0.0,1516147200000
tank_0593,0.0,1516147200000
tank_0595,0.0,1516147200000
tank_0600,4.431372549019608,1516147200000
tank_0604,5.874509803921569,1516147200000
tank_0606,4.0,1516147200000
tank_0607,5.458823529411765,1516147200000
tank_0608,25.0,1516147200000
tank_0610,0.0,1516147200000
tank_0611,0.0,1516147200000
tank_0612,13.372549019607844,1516147200000
tank_0613,1.4431372549019608,1516147200000
tank_0619,2.0,1516147200000
tank_0626,0.0,1516147200000
tank_0627,0.0,1516147200000
tank_0628,0.0,1516147200000
tank_0632,4.0,1516147200000
tank_0633,0.34901960784313724,1516147200000
tank_0639,2.0,1516147200000
tank_0640,0.0,1516147200000
tank_0641,4.431372549019608,1516147200000
tank_0643,6.0,1516147200000
tank_0646,0.0,1516147200000
tank_0663,0.0,1516147200000
tank_0664,0.0,1516147200000
tank_0666,0.0,1516147200000
tank_0667,0.0,1516147200000
tank_0670,0.0,1516147200000
tank_0675,0.0,1516147200000
tank_0676,511.0,1516147200000
tank_0678,7.749019607843137,1516147200000
tank_0681,0.0,1516147200000
tank_0687,0.0,1516147200000
tank_0688,0.0,1516147200000
tank_0697,12.0,1516147200000
tank_0720,3.8078431372549018,1516147200000
tank_0722,0.0,1516147200000
tank_0724,2.831372549019608,1516147200000
tank_0725,0.0,1516147200000
tank_0728,2.0,1516147200000
tank_0730,0.0,1516147200000
tank_0731,387.0,1516147200000
tank_0732,0.0,1516147200000
tank_0737,362.0,1516147200000
tank_0739,0.0,1516147200000
tank_0740,7.454901960784314,1516147200000
tank_0746,0.0,1516147200000
tank_0748,0.0,1516147200000
tank_0749,0.0,1516147200000
tank_0752,0.0,1516147200000
tank_0760,0.0,1516147200000
tank_0770,0.0,1516147200000
tank_0772,0.0,1516147200000
tank_0788,0.0,1516147200000
tank_0789,0.0,1516147200000
tank_0792,92.33333333333334,1516147200000
tank_0797,0.0,1516147200000
tank_0800,99.0,1516147200000
tank_0802,12.0,1516147200000
tank_0803,9.27450980392157,1516147200000
tank_0808,3.6784313725490194,1516147200000
tank_0810,0.0,1516147200000
tank_0811,0.9686274509803922,1516147200000
tank_0812,0.0,1516147200000
tank_0813,2.3568627450980393,1516147200000
tank_0816,0.25098039215686274,1516147200000
tank_0819,0.0,1516147200000
tank_0823,0.0,1516147200000
tank_0824,527.0,1516147200000
tank_0825,50.97254901960784,1516147200000
tank_0828,0.0,1516147200000
tank_0829,71.9843137254902,1516147200000
tank_0830,0.0,1516147200000
tank_0831,4.694117647058824,1516147200000
tank_0844,0.0,1516147200000
tank_0852,52.16470588235294,1516147200000
tank_0855,87.0,1516147200000
tank_0856,884.0,1516147200000
tank_0860,1.3647058823529412,1516147200000
tank_0861,0.0,1516147200000
tank_0872,0.0,1516147200000
tank_0875,206.7450980392157,1516147200000
tank_0879,4.0,1516147200000
tank_0885,0.0,1516147200000
tank_0891,1.0,1516147200000
tank_0894,991.0,1516147200000
tank_0898,410.0,1516147200000
tank_0900,12.501960784313725,1516147200000
tank_0901,48.39607843137255,1516147200000
tank_0902,50.68235294117647,1516147200000
tank_0914,0.0,1516147200000
tank_0917,218.0,1516147200000
tank_0919,0.0,1516147200000
tank_0920,4.0,1516147200000
tank_0922,2.0,1516147200000
tank_0923,4.913725490196079,1516147200000
tank_0924,26.51764705882353,1516147200000
tank_0926,82.7686274509804,1516147200000
tank_0927,27.82745098039216,1516147200000
tank_0928,0.0,1516147200000
tank_0930,97.0,1516147200000
tank_0931,237.91764705882352,1516147200000
tank_0933,12.647058823529413,1516147200000
tank_0934,12.415686274509804,1516147200000
tank_0937,4.0,1516147200000
tank_0938,2.2470588235294118,1516147200000
tank_0939,0.0,1516147200000
tank_0944,114.9921568627451,1516147200000
tank_0946,72.65098039215684,1516147200000
tank_0952,5.0,1516147200000
tank_0958,0.0,1516147200000
tank_0962,794.1686274509804,1516147200000
tank_0967,2.1372549019607847,1516147200000
tank_0975,0.0,1516147200000
tank_0978,70.33333333333333,1516147200000
tank_0990,0.0,1516147200000
tank_0991,397.0,1516147200000
tank_0998,0.0,1516147200000
tank_0999,0.0,1516147200000
tank_1003,1048.9333333333334,1516147200000
tank_1004,2.2941176470588234,1516147200000
tank_1014,8.0,1516147200000
tank_1026,147.0,1516147200000
tank_1031,0.0,1516147200000
tank_1032,0.0,1516147200000
tank_1034,0.0,1516147200000
tank_1042,7.0,1516147200000
tank_1045,0.0,1516147200000
tank_1049,107.0,1516147200000
tank_1055,7.007843137254902,1516147200000
tank_1061,20.0,1516147200000
tank_1062,1.0,1516147200000
tank_1064,0.0,1516147200000
tank_1065,2.0,1516147200000
tank_1066,0.0,1516147200000
tank_1070,0.0,1516147200000
tank_1073,34.0,1516147200000
tank_1083,49.0,1516147200000
tank_1086,25.0,1516147200000
tank_1088,2.447058823529412,1516147200000
tank_1089,38.0,1516147200000
tank_1090,0.0,1516147200000
tank_1091,6.258823529411765,1516147200000
tank_1094,0.0,1516147200000
tank_1095,0.0,1516147200000
tank_1104,0.0,1516147200000
tank_1113,45.0,1516147200000
tank_1116,20.262745098039215,1516147200000
tank_1117,0.0,1516147200000
tank_1120,270.5647058823529,1516147200000
tank_1121,0.0,1516147200000
tank_1124,0.0,1516147200000
tank_1128,0.0,1516147200000
tank_1134,2.7058823529411766,1516147200000
tank_1135,0.0,1516147200000
tank_1146,45.78823529411765,1516147200000
tank_1149,6.666666666666666,1516147200000
tank_1156,0.0,1516147200000
tank_1157,10.207843137254903,1516147200000
tank_1159,184.20392156862744,1516147200000
tank_1160,0.0,1516147200000
tank_1166,0.06666666666666667,1516147200000
tank_1170,28.705882352941178,1516147200000
tank_1175,0.0,1516147200000
tank_1177,0.0,1516147200000
tank_1179,2.0,1516147200000
tank_1181,177.94117647058823,1516147200000
tank_1186,0.0,1516147200000
tank_1187,18.53333333333333,1516147200000
tank_1190,1.7490196078431373,1516147200000
tank_1192,0.0,1516147200000
tank_1196,0.0,1516147200000
tank_1197,1094.8745098039217,1516147200000
tank_1201,34.0,1516147200000
tank_1203,10.294117647058824,1516147200000
tank_1205,168.90980392156862,1516147200000
tank_1209,593.0,1516147200000
tank_1217,3.764705882352941,1516147200000
tank_1223,4.0,1516147200000
tank_1226,0.0,1516147200000
tank_1228,67.0,1516147200000
tank_1230,0.0,1516147200000
tank_1237,0.0,1516147200000
tank_1239,0.0,1516147200000
tank_1245,198.243137254902,1516147200000
tank_1246,0.0,1516147200000
tank_1250,13.494117647058824,1516147200000
tank_1254,0.0,1516147200000
tank_1255,5.0,1516147200000
tank_1258,0.0,1516147200000
tank_1261,0.0,1516147200000
tank_1262,0.0,1516147200000
tank_1263,0.0,1516147200000
tank_1265,0.0,1516147200000
tank_1270,0.0,1516147200000
tank_1272,0.0,1516147200000
tank_1275,0.0,1516147200000
tank_1276,0.0,1516147200000
tank_1279,0.0,1516147200000
tank_1280,0.8745098039215686,1516147200000
tank_1284,0.0,1516147200000
tank_1285,0.0,1516147200000
tank_1286,40.0,1516147200000
tank_1290,2.0,1516147200000
tank_1291,0.0,1516147200000
tank_1293,5.0,1516147200000
tank_1295,14.552941176470588,1516147200000
tank_1297,89.0,1516147200000
tank_1301,0.0,1516147200000
tank_1302,0.0,1516147200000
tank_1304,0.23529411764705882,1516147200000
tank_1305,0.0,1516147200000
tank_1313,0.0,1516147200000
tank_1322,0.0,1516147200000
tank_1325,19.0,1516147200000
tank_1326,0.0,1516147200000
tank_1344,0.0,1516147200000
tank_1346,0.6,1516147200000
tank_1349,0.0,1516147200000
tank_1353,177.92549019607844,1516147200000
tank_1358,0.0,1516147200000
tank_1359,4.0,1516147200000
tank_1361,109.0,1516147200000
tank_1364,358.0,1516147200000
tank_1365,0.0,1516147200000
tank_1372,173.1176470588235,1516147200000
tank_1374,408.7686274509804,1516147200000
tank_1378,447.0,1516147200000
tank_1380,0.0,1516147200000
tank_1386,4.0,1516147200000
tank_1391,0.0,1516147200000
tank_1393,15.0,1516147200000
tank_1396,18.0,1516147200000
tank_1397,0.0,1516147200000
tank_1403,0.0,1516147200000
tank_1409,181.0,1516147200000
tank_1412,0.0,1516147200000
tank_1415,0.0,1516147200000
tank_1416,0.0,1516147200000
tank_1421,82.0,1516147200000
tank_1422,2.8274509803921566,1516147200000
tank_1425,457.4588235294117,1516147200000
tank_1426,0.0,1516147200000
tank_1430,0.0,1516147200000
tank_1433,220.0,1516147200000
tank_1438,6.0,1516147200000
tank_1439,0.0,1516147200000
tank_1441,0.0,1516147200000
tank_1443,15.776470588235295,1516147200000
tank_1445,17.2,1516147200000
tank_1446,0.0,1516147200000
tank_1450,0.0,1516147200000
tank_1452,0.12549019607843137,1516147200000
tank_1456,0.0,1516147200000
tank_1466,0.0,1516147200000
tank_1471,0.0,1516147200000
tank_1475,0.0,1516147200000
tank_1486,664.0,1516147200000
tank_1488,0.0,1516147200000
tank_1491,0.0,1516147200000
tank_1500,27.623529411764707,1516147200000
tank_1505,0.0,1516147200000
tank_1513,567.0,1516147200000
tank_1531,67.0,1516147200000
tank_1536,36.74901960784314,1516147200000
tank_1539,6.0,1516147200000
tank_1541,15.0,1516147200000
tank_1542,12.250980392156862,1516147200000
tank_1547,0.0,1516147200000
tank_1563,0.0,1516147200000
tank_1564,0.0,1516147200000
tank_1565,0.0,1516147200000
tank_1567,0.0,1516147200000
tank_1568,4.0,1516147200000
tank_1573,0.0,1516147200000
tank_1583,11.615686274509804,1516147200000
tank_1587,0.0,1516147200000
tank_1588,22.0,1516147200000
tank_1592,0.0,1516147200000
tank_1594,0.0,1516147200000
tank_1595,0.0,1516147200000
tank_1597,0.0,1516147200000
tank_1598,0.0,1516147200000
tank_1600,0.0,1516147200000
tank_1604,0.0,1516147200000
tank_0002,0.0,1517184000000
tank_0004,0.0,1517184000000
tank_0005,0.0,1517184000000
tank_0011,0.0,1517184000000
tank_0014,0.0,1517184000000
tank_0019,2.0,1517184000000
tank_0024,17.235294117647058,1517184000000
tank_0025,0.0,1517184000000
tank_0026,0.0,1517184000000
tank_0027,0.0,1517184000000
tank_0030,1.0,1517184000000
tank_0031,0.0,1517184000000
tank_0036,0.0,1517184000000
tank_0037,0.0,1517184000000
tank_0038,28.01176470588236,1517184000000
tank_0050,12.105882352941176,1517184000000
tank_0051,0.0,1517184000000
tank_0052,2.0,1517184000000
tank_0053,46.949019607843134,1517184000000
tank_0055,0.0,1517184000000
tank_0057,14.0,1517184000000
tank_0058,0.0,1517184000000
tank_0064,139.5921568627451,1517184000000
tank_0069,7.2941176470588225,1517184000000
tank_0072,0.0,1517184000000
tank_0073,0.0,1517184000000
tank_0080,31.0,1517184000000
tank_0094,0.0,1517184000000
tank_0107,0.11372549019607843,1517184000000
tank_0110,34.28235294117647,1517184000000
tank_0113,12.686274509803923,1517184000000
tank_0115,0.0,1517184000000
tank_0116,0.0,1517184000000
tank_0117,99.0,1517184000000
tank_0118,0.0,1517184000000
tank_0122,0.0,1517184000000
tank_0125,52.79607843137255,1517184000000
tank_0130,6.552941176470588,1517184000000
tank_0131,0.0,1517184000000
tank_0132,0.0,1517184000000
tank_0134,8.419607843137255,1517184000000
tank_0135,4.886274509803922,1517184000000
tank_0142,0.0,1517184000000
tank_0143,0.0,1517184000000
tank_0144,0.0,1517184000000
tank_0148,17.109803921568627,1517184000000
tank_0153,0.0,1517184000000
tank_0156,71.7529411764706,1517184000000
tank_0159,0.8745098039215686,1517184000000
tank_0165,0.34509803921568627,1517184000000
tank_0171,0.0,1517184000000
tank_0172,0.0,1517184000000
tank_0174,9.752941176470587,1517184000000
tank_0176,1.0,1517184000000
tank_0184,0.0,1517184000000
tank_0187,1.6235294117647059,1517184000000
tank_0190,7.40392156862745,1517184000000
tank_0192,0.0,1517184000000
tank_0193,3.0,1517184000000
tank_0195,18.08627450980392,1517184000000
tank_0199,0.0,1517184000000
tank_0204,0.0,1517184000000
tank_0205,0.0,1517184000000
tank_0207,0.0,1517184000000
tank_0209,0.0,1517184000000
tank_0213,1.0,1517184000000
tank_0217,0.0,1517184000000
tank_0220,0.0,1517184000000
tank_0221,18.52941176470588,1517184000000
tank_0225,0.0,1517184000000
tank_0226,12.0,1517184000000
tank_0228,0.0,1517184000000
tank_0229,0.0,1517184000000
tank_0231,0.0,1517184000000
tank_0233,9.0,1517184000000
tank_0236,13.0,1517184000000
tank_0237,46.529411764705884,1517184000000
tank_0240,0.0,1517184000000
tank_0242,0.0,1517184000000
tank_0245,0.0,1517184000000
tank_0247,10.0,1517184000000
tank_0256,0.0,1517184000000
tank_0257,1.5686274509803921,1517184000000
tank_0260,1.996078431372549,1517184000000
tank_0261,0.0,1517184000000
tank_0264,0.0,1517184000000
tank_0273,56.0,1517184000000
tank_0276,0.0,1517184000000
tank_0278,3.9686274509803923,1517184000000
tank_0280,0.0,1517184000000
tank_0291,0.0,1517184000000
tank_0292,22.031372549019608,1517184000000
tank_0296,0.0,1517184000000
tank_0297,6.235294117647059,1517184000000
tank_0299,0.0,1517184000000
tank_0300,5.615686274509804,1517184000000
tank_0301,0.9098039215686275,1517184000000
tank_0307,0.0,1517184000000
tank_0309,0.0,1517184000000
tank_0313,0.0,1517184000000
tank_0314,0.0,1517184000000
tank_0319,7.768627450980392,1517184000000
tank_0321,18.647058823529413,1517184000000
tank_0327,0.0,1517184000000
tank_0337,0.0,1517184000000
tank_0338,0.0,1517184000000
tank_0339,30.219607843137258,1517184000000
tank_0342,7.654901960784314,1517184000000
tank_0345,0.25098039215686274,1517184000000
tank_0346,0.0,1517184000000
tank_0349,56.0,1517184000000
tank_0350,5.745098039215686,1517184000000
tank_0353,91.45490196078431,1517184000000
tank_0356,0.0,1517184000000
tank_0360,4.0,1517184000000
tank_0361,9.0,1517184000000
tank_0362,0.0,1517184000000
tank_0364,0.0,1517184000000
tank_0366,5.874509803921569,1517184000000
tank_0369,0.0,1517184000000
tank_0375,0.0,1517184000000
tank_0379,12.525490196078431,1517184000000
tank_0381,0.0,1517184000000
tank_0386,0.0,1517184000000
tank_0390,20.0,1517184000000
tank_0397,0.0,1517184000000
tank_0399,0.0,1517184000000
tank_0404,0.19215686274509805,1517184000000
tank_0409,0.0,1517184000000
tank_0420,0.0,1517184000000
tank_0425,0.0,1517184000000
tank_0431,0.0,1517184000000
tank_0432,2.168627450980392,1517184000000
tank_0435,0.0,1517184000000
tank_0436,0.0,1517184000000
tank_0438,0.0,1517184000000
tank_0443,0.0,1517184000000
tank_0444,30.0,1517184000000
tank_0447,42.09411764705883,1517184000000
tank_0448,0.0,1517184000000
tank_0449,1.0,1517184000000
tank_0455,0.0,1517184000000
tank_0460,0.0,1517184000000
tank_0462,0.0,1517184000000
tank_0466,0.9568627450980393,1517184000000
tank_0471,0.0,1517184000000
tank_0473,1.0,1517184000000
tank_0474,4.788235294117647,1517184000000
tank_0481,25.380392156862747,1517184000000
tank_0485,0.0,1517184000000
tank_0489,0.0,1517184000000
tank_0491,0.0,1517184000000
tank_0494,0.0,1517184000000
tank_0497,0.25098039215686274,1517184000000
tank_0498,1.0274509803921568,1517184000000
tank_0502,0.0,1517184000000
tank_0505,5.784313725490196,1517184000000
tank_0509,0.0,1517184000000
tank_0512,42.66274509803922,1517184000000
tank_0514,0.0,1517184000000
tank_0515,0.0,1517184000000
tank_0521,3.0,1517184000000
tank_0524,0.0,1517184000000
tank_0526,26.0,1517184000000
tank_0533,3.0,1517184000000
tank_0534,0.0,1517184000000
tank_0536,0.0,1517184000000
tank_0537,0.0,1517184000000
tank_0541,0.4980392156862745,1517184000000
tank_0547,0.0,1517184000000
tank_0552,4.0,1517184000000
tank_0555,11.0,1517184000000
tank_0556,0.0,1517184000000
tank_0557,0.0,1517184000000
tank_0560,7.827450980392157,1517184000000
tank_0561,0.0,1517184000000
tank_0566,0.0,1517184000000
tank_0567,0.0,1517184000000
tank_0568,6.76078431372549,1517184000000
tank_0574,39.0,1517184000000
tank_0579,0.0,1517184000000
tank_0583,237.0,1517184000000
tank_0587,0.0,1517184000000
tank_0589,2.0,1517184000000
tank_0590,21.0,1517184000000
tank_0592,0.0,1517184000000
tank_0593,0.0,1517184000000
tank_0595,0.0,1517184000000
tank_0600,0.0,1517184000000
tank_0604,4.309803921568627,1517184000000
tank_0606,6.0,1517184000000
tank_0607,2.0,1517184000000
tank_0608,179.0,1517184000000
tank_0610,0.0,1517184000000
tank_0611,0.0,1517184000000
tank_0612,7.952941176470588,1517184000000
tank_0613,1.0,1517184000000
tank_0619,7.0,1517184000000
tank_0626,0.0,1517184000000
tank_0627,0.0,1517184000000
tank_0628,2.0,1517184000000
tank_0632,0.0,1517184000000
tank_0633,0.0,1517184000000
tank_0639,0.0,1517184000000
tank_0640,0.0,1517184000000
tank_0641,0.0,1517184000000
tank_0643,24.164705882352944,1517184000000
tank_0646,0.0,1517184000000
tank_0663,0.0,1517184000000
tank_0664,0.0,1517184000000
tank_0666,0.0,1517184000000
tank_0667,0.0,1517184000000
tank_0670,0.0,1517184000000
tank_0675,0.0,1517184000000
tank_0676,509.0,1517184000000
tank_0678,0.0,1517184000000
tank_0681,0.0,1517184000000
tank_0687,0.0,1517184000000
tank_0688,0.0,1517184000000
tank_0697,2.756862745098039,1517184000000
tank_0720,0.0,1517184000000
tank_0722,0.0,1517184000000
tank_0724,0.0,1517184000000
tank_0725,0.0,1517184000000
tank_0728,0.0,1517184000000
tank_0730,0.0,1517184000000
tank_0731,313.0,1517184000000
tank_0732,0.0,1517184000000
tank_0737,365.0,1517184000000
tank_0739,0.0,1517184000000
tank_0740,24.12156862745098,1517184000000
tank_0746,0.0,1517184000000
tank_0748,0.0,1517184000000
tank_0749,3.0,1517184000000
tank_0752,0.0,1517184000000
tank_0760,0.0,1517184000000
tank_0770,3.396078431372549,1517184000000
tank_0772,0.0,1517184000000
tank_0788,0.0,1517184000000
tank_0789,0.0,1517184000000
tank_0792,133.4470588235294,1517184000000
tank_0797,0.0,1517184000000
tank_0800,77.0,1517184000000
tank_0802,7.866666666666667,1517184000000
tank_0803,4.3803921568627455,1517184000000
tank_0808,6.0,1517184000000
tank_0810,0.0,1517184000000
tank_0811,5.231372549019607,1517184000000
tank_0812,0.0,1517184000000
tank_0813,1.6509803921568627,1517184000000
tank_0816,0.0,1517184000000
tank_0819,0.0,1517184000000
tank_0823,0.0,1517184000000
tank_0824,525.0,1517184000000
tank_0825,47.67843137254902,1517184000000
tank_0828,0.0,1517184000000
tank_0829,77.21176470588236,1517184000000
tank_0830,0.0,1517184000000
tank_0831,5.772549019607843,1517184000000
tank_0844,0.0,1517184000000
tank_0852,35.83529411764706,1517184000000
tank_0855,83.0,1517184000000
tank_0856,788.0,1517184000000
tank_0860,12.0,1517184000000
tank_0861,0.0,1517184000000
tank_0872,0.0,1517184000000
tank_0875,163.37254901960785,1517184000000
tank_0879,2.0,1517184000000
tank_0885,0.0,1517184000000
tank_0891,0.0,1517184000000
tank_0894,981.8509803921569,1517184000000
tank_0898,445.99607843137255,1517184000000
tank_0900,17.450980392156865,1517184000000
tank_0901,31.0,1517184000000
tank_0902,34.0,1517184000000
tank_0914,0.0,1517184000000
tank_0917,187.0,1517184000000
tank_0919,0.0,1517184000000
tank_0920,0.0,1517184000000
tank_0922,11.0,1517184000000
tank_0923,2.0,1517184000000
tank_0924,35.43137254901961,1517184000000
tank_0926,98.2470588235294,1517184000000
tank_0927,20.050980392156855,1517184000000
tank_0928,0.0,1517184000000
tank_0930,83.0,1517184000000
tank_0931,217.0,1517184000000
tank_0933,2.0705882352941174,1517184000000
tank_0934,12.92156862745098,1517184000000
tank_0937,0.0,1517184000000
tank_0938,3.0,1517184000000
tank_0939,0.0,1517184000000
tank_0944,113.9921568627451,1517184000000
tank_0946,50.698039215686265,1517184000000
tank_0952,8.760784313725491,1517184000000
tank_0958,0.0,1517184000000
tank_0962,510.8156862745098,1517184000000
tank_0967,0.21568627450980393,1517184000000
tank_0975,0.0,1517184000000
tank_0978,61.01960784313727,1517184000000
tank_0990,0.0,1517184000000
tank_0991,590.0,1517184000000
tank_0998,0.0,1517184000000
tank_0999,0.0,1517184000000
tank_1003,1008.0,1517184000000
tank_1004,4.329411764705883,1517184000000
tank_1014,0.0,1517184000000
tank_1026,142.0,1517184000000
tank_1031,0.0,1517184000000
tank_1032,4.341176470588235,1517184000000
tank_1034,0.0,1517184000000
tank_1042,14.0,1517184000000
tank_1045,0.0,1517184000000
tank_1049,101.0,1517184000000
tank_1055,6.5843137254901976,1517184000000
tank_1061,17.0,1517184000000
tank_1062,0.01568627450980392,1517184000000
tank_1064,0.0,1517184000000
tank_1065,0.0,1517184000000
tank_1066,5.031372549019608,1517184000000
tank_1070,0.0,1517184000000
tank_1073,36.0,1517184000000
tank_1083,39.0,1517184000000
tank_1086,34.0,1517184000000
tank_1088,0.0,1517184000000
tank_1089,32.0,1517184000000
tank_1090,0.0,1517184000000
tank_1091,5.780392156862745,1517184000000
tank_1094,477.0,1517184000000
tank_1095,33.40392156862745,1517184000000
tank_1104,0.0,1517184000000
tank_1113,46.0,1517184000000
tank_1116,23.12549019607843,1517184000000
tank_1117,0.0,1517184000000
tank_1120,225.63529411764705,1517184000000
tank_1121,0.0,1517184000000
tank_1124,15.87843137254902,1517184000000
tank_1128,0.0,1517184000000
tank_1134,0.0,1517184000000
tank_1135,0.0,1517184000000
tank_1146,33.141176470588235,1517184000000
tank_1149,7.133333333333333,1517184000000
tank_1156,0.0,1517184000000
tank_1157,16.501960784313727,1517184000000
tank_1159,131.20392156862744,1517184000000
tank_1160,0.0,1517184000000
tank_1166,0.06666666666666667,1517184000000
tank_1170,18.12549019607843,1517184000000
tank_1175,0.0,1517184000000
tank_1177,1.0,1517184000000
tank_1179,2.145098039215686,1517184000000
tank_1181,169.2627450980392,1517184000000
tank_1186,0.0,1517184000000
tank_1187,53.59215686274511,1517184000000
tank_1190,0.0,1517184000000
tank_1192,0.0,1517184000000
tank_1196,0.0,1517184000000
tank_1197,1213.0,1517184000000
tank_1201,8.0,1517184000000
tank_1203,0.0,1517184000000
tank_1205,159.90980392156862,1517184000000
tank_1209,646.0,1517184000000
tank_1217,0.0,1517184000000
tank_1223,0.0,1517184000000
tank_1226,1.0,1517184000000
tank_1228,55.0,1517184000000
tank_1230,0.0,1517184000000
tank_1237,0.0,1517184000000
tank_1239,0.0,1517184000000
tank_1245,197.03137254901964,1517184000000
tank_1246,0.0,1517184000000
tank_1250,3.0,1517184000000
tank_1254,0.0,1517184000000
tank_1255,2.2509803921568627,1517184000000
tank_1258,0.0,1517184000000
tank_1261,1.8666666666666665,1517184000000
tank_1262,0.0,1517184000000
tank_1263,0.0,1517184000000
tank_1265,0.0,1517184000000
tank_1270,0.0,1517184000000
tank_1272,0.0,1517184000000
tank_1275,0.0,1517184000000
tank_1276,0.0,1517184000000
tank_1279,0.0,1517184000000
tank_1280,4.639215686274509,1517184000000
tank_1284,0.0,1517184000000
tank_1285,0.0,1517184000000
tank_1286,39.0,1517184000000
tank_1290,0.0,1517184000000
tank_1291,0.0,1517184000000
tank_1293,1.0,1517184000000
tank_1295,8.552941176470588,1517184000000
tank_1297,138.0,1517184000000
tank_1301,0.0,1517184000000
tank_1302,0.0,1517184000000
tank_1304,0.0,1517184000000
tank_1305,0.0,1517184000000
tank_1313,0.0,1517184000000
tank_1322,0.0,1517184000000
tank_1325,99.0,1517184000000
tank_1326,0.0,1517184000000
tank_1344,0.0,1517184000000
tank_1346,0.0,1517184000000
tank_1349,0.0,1517184000000
tank_1353,149.0,1517184000000
tank_1358,0.0,1517184000000
tank_1359,0.0,1517184000000
tank_1361,98.0,1517184000000
tank_1364,270.0,1517184000000
tank_1365,0.0,1517184000000
tank_1372,169.69411764705882,1517184000000
tank_1374,400.9529411764706,1517184000000
tank_1378,261.98823529411766,1517184000000
tank_1380,0.0,1517184000000
tank_1386,0.0,1517184000000
tank_1391,0.0,1517184000000
tank_1393,13.0,1517184000000
tank_1396,98.0,1517184000000
tank_1397,0.0,1517184000000
tank_1403,0.0,1517184000000
tank_1409,392.0,1517184000000
tank_1412,0.0,1517184000000
tank_1415,0.0,1517184000000
tank_1416,0.0,1517184000000
tank_1421,96.0,1517184000000
tank_1422,0.0,1517184000000
tank_1425,427.1137254901961,1517184000000
tank_1426,0.0,1517184000000
tank_1430,0.0,1517184000000
tank_1433,162.0,1517184000000
tank_1438,0.0,1517184000000
tank_1439,0.0,1517184000000
tank_1441,0.0,1517184000000
tank_1443,13.078431372549023,1517184000000
tank_1445,7.745098039215686,1517184000000
tank_1446,0.0,1517184000000
tank_1450,0.0,1517184000000
tank_1452,2.0,1517184000000
tank_1456,0.0,1517184000000
tank_1466,0.0,1517184000000
tank_1471,0.0,1517184000000
tank_1475,0.0,1517184000000
tank_1486,555.0,1517184000000
tank_1488,0.0,1517184000000
tank_1491,0.0,1517184000000
tank_1500,12.0,1517184000000
tank_1505,0.0,1517184000000
tank_1513,851.8705882352941,1517184000000
tank_1531,56.0,1517184000000
tank_1536,16.0,1517184000000
tank_1539,0.0,1517184000000
tank_1541,5.0,1517184000000
tank_1542,7.207843137254902,1517184000000
tank_1547,0.0,1517184000000
tank_1563,0.0,1517184000000
tank_1564,0.0,1517184000000
tank_1565,3.0,1517184000000
tank_1567,4.0,1517184000000
tank_1568,164.60392156862744,1517184000000
tank_1573,0.0,1517184000000
tank_1583,8.0,1517184000000
tank_1587,0.0,1517184000000
tank_1588,2.0,1517184000000
tank_1592,0.0,1517184000000
tank_1594,0.0,1517184000000
tank_1595,0.0,1517184000000
tank_1597,0.0,1517184000000
tank_1598,0.0,1517184000000
tank_1600,1.572549019607843,1517184000000
tank_1604,0.0,1517184000000
tank_0002,0.6235294117647059,1518220800000
tank_0004,0.0,1518220800000
tank_0005,0.0,1518220800000
tank_0011,0.0,1518220800000
tank_0014,0.0,1518220800000
tank_0019,0.0,1518220800000
tank_0024,34.12549019607843,1518220800000
tank_0025,0.0,1518220800000
tank_0026,10.780392156862746,1518220800000
tank_0027,0.0,1518220800000
tank_0030,10.0,1518220800000
tank_0031,2.0,1518220800000
tank_0036,1.2470588235294118,1518220800000
tank_0037,0.0,1518220800000
tank_0038,26.643137254901966,1518220800000
tank_0050,19.00392156862745,1518220800000
tank_0051,0.0,1518220800000
tank_0052,6.83921568627451,1518220800000
tank_0053,47.42745098039215,1518220800000
tank_0055,0.0,1518220800000
tank_0057,10.0,1518220800000
tank_0058,0.0,1518220800000
tank_0064,162.84705882352944,1518220800000
tank_0069,14.572549019607843,1518220800000
tank_0072,0.0,1518220800000
tank_0073,1.0,1518220800000
tank_0080,33.79607843137255,1518220800000
tank_0094,0.0,1518220800000
tank_0107,0.0784313725490196,1518220800000
tank_0110,41.615686274509805,1518220800000
tank_0113,20.760784313725487,1518220800000
tank_0115,0.6980392156862745,1518220800000
tank_0116,2.1843137254901963,1518220800000
tank_0117,126.0,1518220800000
tank_0118,0.0,1518220800000
tank_0122,0.0,1518220800000
tank_0125,47.10588235294117,1518220800000
tank_0130,7.4,1518220800000
tank_0131,1.0,1518220800000
tank_0132,0.0,1518220800000
tank_0134,0.0,1518220800000
tank_0135,0.5764705882352941,1518220800000
tank_0142,5.43921568627451,1518220800000
tank_0143,0.0,1518220800000
tank_0144,0.0,1518220800000
tank_0148,28.15686274509804,1518220800000
tank_0153,0.0,1518220800000
tank_0156,89.76470588235296,1518220800000
tank_0159,9.0,1518220800000
tank_0165,0.34509803921568627,1518220800000
tank_0171,0.0,1518220800000
tank_0172,0.0,1518220800000
tank_0174,3.015686274509804,1518220800000
tank_0176,1.576470588235294,1518220800000
tank_0184,4.0,1518220800000
tank_0187,0.0,1518220800000
tank_0190,10.305882352941177,1518220800000
tank_0192,0.0,1518220800000
tank_0193,9.819607843137256,1518220800000
tank_0195,19.666666666666664,1518220800000
tank_0199,14.035294117647059,1518220800000
tank_0204,0.0,1518220800000
tank_0205,0.0,1518220800000
tank_0207,1.0,1518220800000
tank_0209,0.0,1518220800000
tank_0213,9.0,1518220800000
tank_0217,0.0,1518220800000
tank_0220,0.0,1518220800000
tank_0221,21.09019607843137,1518220800000
tank_0225,0.0,1518220800000
tank_0226,29.400000000000002,1518220800000
tank_0228,0.0,1518220800000
tank_0229,0.0,1518220800000
tank_0231,4.92156862745098,1518220800000
tank_0233,6.188235294117647,1518220800000
tank_0236,19.0,1518220800000
tank_0237,55.00392156862745,1518220800000
tank_0240,1.035294117647059,1518220800000
tank_0242,0.0,1518220800000
tank_0245,0.0,1518220800000
tank_0247,15.0,1518220800000
tank_0256,5.0,1518220800000
tank_0257,0.0,1518220800000
tank_0260,4.031372549019608,1518220800000
tank_0261,0.0,1518220800000
tank_0264,0.0,1518220800000
tank_0273,48.588235294117645,1518220800000
tank_0276,0.0,1518220800000
tank_0278,11.937254901960785,1518220800000
tank_0280,1.4431372549019608,1518220800000
tank_0291,0.0,1518220800000
tank_0292,14.745098039215685,1518220800000
tank_0296,0.0,1518220800000
tank_0297,0.0,1518220800000
tank_0299,1.0,1518220800000
tank_0300,4.658823529411765,1518220800000
tank_0301,11.180392156862746,1518220800000
tank_0307,2.0,1518220800000
tank_0309,0.0,1518220800000
tank_0313,0.0,1518220800000
tank_0314,0.0,1518220800000
tank_0319,10.20392156862745,1518220800000
tank_0321,17.0,1518220800000
tank_0327,0.0,1518220800000
tank_0337,0.0,1518220800000
tank_0338,0.0,1518220800000
tank_0339,25.37254901960784,1518220800000
tank_0342,12.513725490196078,1518220800000
tank_0345,4.0,1518220800000
tank_0346,0.0,1518220800000
tank_0349,62.0,1518220800000
tank_0350,0.996078431372549,1518220800000
tank_0353,83.22745098039218,1518220800000
tank_0356,0.0,1518220800000
tank_0360,4.0,1518220800000
tank_0361,3.709803921568628,1518220800000
tank_0362,0.0,1518220800000
tank_0364,10.823529411764705,1518220800000
tank_0366,16.588235294117645,1518220800000
tank_0369,0.0,1518220800000
tank_0375,0.0,1518220800000
tank_0379,9.827450980392156,1518220800000
tank_0381,0.0,1518220800000
tank_0386,0.0,1518220800000
tank_0390,15.0,1518220800000
tank_0397,0.0,1518220800000
tank_0399,0.0,1518220800000
tank_0404,0.0,1518220800000
tank_0409,0.0,1518220800000
tank_0420,0.0,1518220800000
tank_0425,0.0,1518220800000
tank_0431,0.0,1518220800000
tank_0432,3.376470588235294,1518220800000
tank_0435,0.0,1518220800000
tank_0436,0.0,1518220800000
tank_0438,0.49411764705882355,1518220800000
tank_0443,5.647058823529411,1518220800000
tank_0444,22.0,1518220800000
tank_0447,31.945098039215686,1518220800000
tank_0448,0.0,1518220800000
tank_0449,0.7921568627450981,1518220800000
tank_0455,2.0,1518220800000
tank_0460,0.7294117647058823,1518220800000
tank_0462,0.0,1518220800000
tank_0466,0.0,1518220800000
tank_0471,2.0,1518220800000
tank_0473,3.2470588235294118,1518220800000
tank_0474,3.019607843137255,1518220800000
tank_0481,22.992156862745098,1518220800000
tank_0485,0.0,1518220800000
tank_0489,0.0,1518220800000
tank_0491,0.0,1518220800000
tank_0494,0.0,1518220800000
tank_0497,2.0,1518220800000
tank_0498,0.0,1518220800000
tank_0502,0.0,1518220800000
tank_0505,0.0,1518220800000
tank_0509,0.0,1518220800000
tank_0512,29.0,1518220800000
tank_0514,0.0,1518220800000
tank_0515,0.0,1518220800000
tank_0521,0.0,1518220800000
tank_0524,0.0,1518220800000
tank_0526,25.0,1518220800000
tank_0533,2.0,1518220800000
tank_0534,0.4980392156862745,1518220800000
tank_0536,0.0,1518220800000
tank_0537,0.0,1518220800000
tank_0541,0.0,1518220800000
tank_0547,0.0,1518220800000
tank_0552,2.0,1518220800000
tank_0555,13.0,1518220800000
tank_0556,0.10588235294117647,1518220800000
tank_0557,2.0,1518220800000
tank_0560,13.262745098039217,1518220800000
tank_0561,0.0,1518220800000
tank_0566,0.0,1518220800000
tank_0567,0.0,1518220800000
tank_0568,3.1215686274509804,1518220800000
tank_0574,26.0,1518220800000
tank_0579,0.0,1518220800000
tank_0583,157.0,1518220800000
tank_0587,0.0,1518220800000
tank_0589,0.0,1518220800000
tank_0590,7.0,1518220800000
tank_0592,3.8980392156862744,1518220800000
tank_0593,0.0,1518220800000
tank_0595,0.0,1518220800000
tank_0600,0.0,1518220800000
tank_0604,0.0,1518220800000
tank_0606,16.0,1518220800000
tank_0607,1.0,1518220800000
tank_0608,136.0,1518220800000
tank_0610,0.0,1518220800000
tank_0611,1.2509803921568627,1518220800000
tank_0612,5.0,1518220800000
tank_0613,0.0,1518220800000
tank_0619,2.0,1518220800000
tank_0626,0.0,1518220800000
tank_0627,0.611764705882353,1518220800000
tank_0628,0.0,1518220800000
tank_0632,0.0,1518220800000
tank_0633,0.0,1518220800000
tank_0639,0.0,1518220800000
tank_0640,0.0,1518220800000
tank_0641,1.0,1518220800000
tank_0643,7.635294117647058,1518220800000
tank_0646,0.0,1518220800000
tank_0663,0.0,1518220800000
tank_0664,0.0,1518220800000
tank_0666,0.0,1518220800000
tank_0667,0.0,1518220800000
tank_0670,0.0,1518220800000
tank_0675,0.0,1518220800000
tank_0676,489.0,1518220800000
tank_0678,4.262745098039216,1518220800000
tank_0681,0.0,1518220800000
tank_0687,0.0,1518220800000
tank_0688,0.0,1518220800000
tank_0697,5.737254901960784,1518220800000
tank_0720,0.0,1518220800000
tank_0722,0.0,1518220800000
tank_0724,2.0,1518220800000
tank_0725,0.0,1518220800000
tank_0728,0.0,1518220800000
tank_0730,0.0,1518220800000
tank_0731,92.0,1518220800000
tank_0732,0.0,1518220800000
tank_0737,329.0,1518220800000
tank_0739,0.0,1518220800000
tank_0740,6.737254901960784,1518220800000
tank_0746,0.0,1518220800000
tank_0748,0.0,1518220800000
tank_0749,0.0,1518220800000
tank_0752,0.0,1518220800000
tank_0760,0.0,1518220800000
tank_0770,0.0,1518220800000
tank_0772,0.0,1518220800000
tank_0788,0.0,1518220800000
tank_0789,0.0,1518220800000
tank_0792,134.7843137254902,1518220800000
tank_0797,0.0,1518220800000
tank_0800,74.0,1518220800000
tank_0802,6.0,1518220800000
tank_0803,5.513725490196078,1518220800000
tank_0808,9.003921568627451,1518220800000
tank_0810,0.0,1518220800000
tank_0811,2.0,1518220800000
tank_0812,0.0,1518220800000
tank_0813,0.37254901960784315,1518220800000
tank_0816,0.0,1518220800000
tank_0819,0.0,1518220800000
tank_0823,0.0,1518220800000
tank_0824,441.0,1518220800000
tank_0825,42.64313725490196,1518220800000
tank_0828,0.0,1518220800000
tank_0829,66.9843137254902,1518220800000
tank_0830,0.0,1518220800000
tank_0831,2.6470588235294117,1518220800000
tank_0844,0.0,1518220800000
tank_0852,52.498039215686276,1518220800000
tank_0855,80.98039215686275,1518220800000
tank_0856,910.7647058823529,1518220800000
tank_0860,9.0,1518220800000
tank_0861,0.0,1518220800000
tank_0872,0.0,1518220800000
tank_0875,100.74509803921569,1518220800000
tank_0879,0.0,1518220800000
tank_0885,0.0,1518220800000
tank_0891,0.0,1518220800000
tank_0894,826.0,1518220800000
tank_0898,422.0,1518220800000
tank_0900,48.40392156862745,1518220800000
tank_0901,12.0,1518220800000
tank_0902,43.0,1518220800000
tank_0914,0.0,1518220800000
tank_0917,175.0,1518220800000
tank_0919,0.0,1518220800000
tank_0920,0.0,1518220800000
tank_0922,40.0,1518220800000
tank_0923,2.0,1518220800000
tank_0924,27.56470588235294,1518220800000
tank_0926,105.27058823529411,1518220800000
tank_0927,22.364705882352936,1518220800000
tank_0928,0.0,1518220800000
tank_0930,76.0,1518220800000
tank_0931,180.98823529411766,1518220800000
tank_0933,9.63921568627451,1518220800000
tank_0934,8.0,1518220800000
tank_0937,19.47450980392157,1518220800000
tank_0938,1.4862745098039216,1518220800000
tank_0939,0.6196078431372549,1518220800000
tank_0944,102.9921568627451,1518220800000
tank_0946,81.0705882352941,1518220800000
tank_0952,2.1333333333333333,1518220800000
tank_0958,0.0,1518220800000
tank_0962,676.5490196078431,1518220800000
tank_0967,1.7490196078431373,1518220800000
tank_0975,0.0,1518220800000
tank_0978,22.168627450980395,1518220800000
tank_0990,0.0,1518220800000
tank_0991,790.3803921568627,1518220800000
tank_0998,0.0,1518220800000
tank_0999,0.0,1518220800000
tank_1003,942.0,1518220800000
tank_1004,5.176470588235294,1518220800000
tank_1014,0.0,1518220800000
tank_1026,112.0,1518220800000
tank_1031,0.0,1518220800000
tank_1032,0.6941176470588235,1518220800000
tank_1034,0.8941176470588237,1518220800000
tank_1042,16.95686274509804,1518220800000
tank_1045,0.0,1518220800000
tank_1049,92.0,1518220800000
tank_1055,1.0549019607843138,1518220800000
tank_1061,6.0,1518220800000
tank_1062,0.3764705882352941,1518220800000
tank_1064,0.0,1518220800000
tank_1065,3.611764705882353,1518220800000
tank_1066,4.0,1518220800000
tank_1070,1.0,1518220800000
tank_1073,33.0,1518220800000
tank_1083,34.0,1518220800000
tank_1086,29.729411764705883,1518220800000
tank_1088,4.0,1518220800000
tank_1089,36.98039215686275,1518220800000
tank_1090,0.0,1518220800000
tank_1091,10.866666666666667,1518220800000
tank_1094,735.0,1518220800000
tank_1095,5.0,1518220800000
tank_1104,0.0,1518220800000
tank_1113,47.0,1518220800000
tank_1116,32.01960784313725,1518220800000
tank_1117,0.0,1518220800000
tank_1120,198.0,1518220800000
tank_1121,0.0,1518220800000
tank_1124,29.027450980392157,1518220800000
tank_1128,0.0,1518220800000
tank_1134,3.992156862745098,1518220800000
tank_1135,0.0,1518220800000
tank_1146,24.662745098039217,1518220800000
tank_1149,3.3098039215686272,1518220800000
tank_1156,0.0,1518220800000
tank_1157,11.611764705882353,1518220800000
tank_1159,87.0,1518220800000
tank_1160,0.0,1518220800000
tank_1166,0.0,1518220800000
tank_1170,9.972549019607843,1518220800000
tank_1175,0.0,1518220800000
tank_1177,0.0,1518220800000
tank_1179,5.262745098039216,1518220800000
tank_1181,162.46666666666667,1518220800000
tank_1186,0.0,1518220800000
tank_1187,13.874509803921569,1518220800000
tank_1190,0.0,1518220800000
tank_1192,0.0,1518220800000
tank_1196,0.0,1518220800000
tank_1197,1143.0,1518220800000
tank_1201,4.0,1518220800000
tank_1203,0.0,1518220800000
tank_1205,290.6313725490196,1518220800000
tank_1209,640.0,1518220800000
tank_1217,2.0,1518220800000
tank_1223,4.0,1518220800000
tank_1226,0.0,1518220800000
tank_1228,82.0,1518220800000
tank_1230,0.0,1518220800000
tank_1237,0.4549019607843137,1518220800000
tank_1239,0.0,1518220800000
tank_1245,210.8666666666668,1518220800000
tank_1246,137.0,1518220800000
tank_1250,2.0,1518220800000
tank_1254,0.0,1518220800000
tank_1255,8.505882352941176,1518220800000
tank_1258,0.0,1518220800000
tank_1261,1.2784313725490195,1518220800000
tank_1262,0.7098039215686275,1518220800000
tank_1263,0.8745098039215686,1518220800000
tank_1265,24.0,1518220800000
tank_1270,25.929411764705883,1518220800000
tank_1272,0.0,1518220800000
tank_1275,0.0,1518220800000
tank_1276,0.0,1518220800000
tank_1279,34.396078431372544,1518220800000
tank_1280,6.094117647058823,1518220800000
tank_1284,0.0,1518220800000
tank_1285,0.0,1518220800000
tank_1286,41.0,1518220800000
tank_1290,0.0,1518220800000
tank_1291,0.0,1518220800000
tank_1293,0.0,1518220800000
tank_1295,8.211764705882352,1518220800000
tank_1297,138.0,1518220800000
tank_1301,0.0,1518220800000
tank_1302,0.0,1518220800000
tank_1304,2.9686274509803923,1518220800000
tank_1305,0.0,1518220800000
tank_1313,0.0,1518220800000
tank_1322,0.0,1518220800000
tank_1325,78.0,1518220800000
tank_1326,0.0,1518220800000
tank_1344,4.0,1518220800000
tank_1346,7.466666666666667,1518220800000
tank_1349,0.0,1518220800000
tank_1353,124.0,1518220800000
tank_1358,0.0,1518220800000
tank_1359,0.0,1518220800000
tank_1361,26.0,1518220800000
tank_1364,599.0,1518220800000
tank_1365,0.0,1518220800000
tank_1372,146.05098039215687,1518220800000
tank_1374,342.9529411764706,1518220800000
tank_1378,100.0,1518220800000
tank_1380,0.0,1518220800000
tank_1386,0.0,1518220800000
tank_1391,0.0,1518220800000
tank_1393,5.0,1518220800000
tank_1396,107.0,1518220800000
tank_1397,0.0,1518220800000
tank_1403,0.0,1518220800000
tank_1409,511.0,1518220800000
tank_1412,0.0,1518220800000
tank_1415,0.0,1518220800000
tank_1416,0.0,1518220800000
tank_1421,60.0,1518220800000
tank_1422,0.0,1518220800000
tank_1425,400.556862745098,1518220800000
tank_1426,0.0,1518220800000
tank_1430,0.0,1518220800000
tank_1433,88.0,1518220800000
tank_1438,0.0,1518220800000
tank_1439,0.0,1518220800000
tank_1441,0.0,1518220800000
tank_1443,16.737254901960785,1518220800000
tank_1445,24.160784313725493,1518220800000
tank_1446,2.0,1518220800000
tank_1450,0.0,1518220800000
tank_1452,3.8823529411764706,1518220800000
tank_1456,0.0,1518220800000
tank_1466,0.0,1518220800000
tank_1471,0.0,1518220800000
tank_1475,258.0,1518220800000
tank_1486,1419.0,1518220800000
tank_1488,0.0,1518220800000
tank_1491,0.0,1518220800000
tank_1500,14.0,1518220800000
tank_1505,2.0,1518220800000
tank_1513,1049.0745098039217,1518220800000
tank_1531,57.0,1518220800000
tank_1536,21.0,1518220800000
tank_1539,232.0,1518220800000
tank_1541,0.0,1518220800000
tank_1542,0.0,1518220800000
tank_1547,0.0,1518220800000
tank_1563,0.0,1518220800000
tank_1564,0.0,1518220800000
tank_1565,0.0,1518220800000
tank_1567,0.0,1518220800000
tank_1568,147.0,1518220800000
tank_1573,0.0,1518220800000
tank_1583,15.79607843137255,1518220800000
tank_1587,0.0,1518220800000
tank_1588,0.0,1518220800000
tank_1592,1.0,1518220800000
tank_1594,0.0,1518220800000
tank_1595,0.0,1518220800000
tank_1597,0.0,1518220800000
tank_1598,0.0,1518220800000
tank_1600,0.0,1518220800000
tank_1604,0.0,1518220800000
tank_0002,0.7450980392156863,1519257600000
tank_0004,1.7843137254901962,1519257600000
tank_0005,0.0,1519257600000
tank_0011,0.0,1519257600000
tank_0014,0.0,1519257600000
tank_0019,0.0,1519257600000
tank_0024,30.20392156862745,1519257600000
tank_0025,0.0,1519257600000
tank_0026,10.976470588235294,1519257600000
tank_0027,2.0,1519257600000
tank_0030,1.0,1519257600000
tank_0031,4.0,1519257600000
tank_0036,1.0,1519257600000
tank_0037,0.0,1519257600000
tank_0038,25.380392156862747,1519257600000
tank_0050,31.04313725490196,1519257600000
tank_0051,0.0,1519257600000
tank_0052,11.36078431372549,1519257600000
tank_0053,33.92549019607843,1519257600000
tank_0055,0.0,1519257600000
tank_0057,31.0,1519257600000
tank_0058,0.0,1519257600000
tank_0064,220.47058823529414,1519257600000
tank_0069,6.223529411764707,1519257600000
tank_0072,0.0,1519257600000
tank_0073,0.9686274509803922,1519257600000
tank_0080,28.0,1519257600000
tank_0094,0.0,1519257600000
tank_0107,0.9529411764705882,1519257600000
tank_0110,37.74901960784314,1519257600000
tank_0113,32.34117647058824,1519257600000
tank_0115,0.0,1519257600000
tank_0116,2.992156862745098,1519257600000
tank_0117,125.0,1519257600000
tank_0118,0.0,1519257600000
tank_0122,1.7058823529411766,1519257600000
tank_0125,50.88235294117647,1519257600000
tank_0130,7.952941176470588,1519257600000
tank_0131,0.0,1519257600000
tank_0132,0.0,1519257600000
tank_0134,0.0,1519257600000
tank_0135,2.4980392156862745,1519257600000
tank_0142,0.0,1519257600000
tank_0143,0.0,1519257600000
tank_0144,0.0,1519257600000
tank_0148,35.666666666666664,1519257600000
tank_0153,2.0,1519257600000
tank_0156,107.05882352941178,1519257600000
tank_0159,9.32156862745098,1519257600000
tank_0165,0.0,1519257600000
tank_0171,0.0,1519257600000
tank_0172,0.0,1519257600000
tank_0174,13.886274509803922,1519257600000
tank_0176,17.341176470588238,1519257600000
tank_0184,3.0,1519257600000
tank_0187,1.0,1519257600000
tank_0190,5.0,1519257600000
tank_0192,0.0,1519257600000
tank_0193,0.054901960784313725,1519257600000
tank_0195,42.83529411764707,1519257600000
tank_0199,17.03529411764706,1519257600000
tank_0204,0.0,1519257600000
tank_0205,0.0,1519257600000
tank_0207,0.0,1519257600000
tank_0209,0.0,1519257600000
tank_0213,0.0,1519257600000
tank_0217,0.0,1519257600000
tank_0220,2.0,1519257600000
tank_0221,13.454901960784314,1519257600000
tank_0225,0.0,1519257600000
tank_0226,10.380392156862744,1519257600000
tank_0228,0.0,1519257600000
tank_0229,0.0,1519257600000
tank_0231,9.537254901960786,1519257600000
tank_0233,3.1254901960784314,1519257600000
tank_0236,16.0,1519257600000
tank_0237,74.98039215686275,1519257600000
tank_0240,1.0,1519257600000
tank_0242,0.0,1519257600000
tank_0245,0.16078431372549018,1519257600000
tank_0247,18.0,1519257600000
tank_0256,11.56078431372549,1519257600000
tank_0257,0.0,1519257600000
tank_0260,1.4941176470588236,1519257600000
tank_0261,0.0,1519257600000
tank_0264,0.0,1519257600000
tank_0273,38.0,1519257600000
tank_0276,0.0,1519257600000
tank_0278,12.8,1519257600000
tank_0280,0.0,1519257600000
tank_0291,0.0,1519257600000
tank_0292,21.258823529411767,1519257600000
tank_0296,0.0,1519257600000
tank_0297,7.650980392156863,1519257600000
tank_0299,2.5843137254901962,1519257600000
tank_0300,3.0823529411764707,1519257600000
tank_0301,8.737254901960785,1519257600000
tank_0307,0.0,1519257600000
tank_0309,0.0,1519257600000
tank_0313,0.0,1519257600000
tank_0314,0.8705882352941177,1519257600000
tank_0319,3.0,1519257600000
tank_0321,7.772549019607843,1519257600000
tank_0327,0.0,1519257600000
tank_0337,0.0,1519257600000
tank_0338,0.0,1519257600000
tank_0339,34.82745098039216,1519257600000
tank_0342,7.933333333333333,1519257600000
tank_0345,0.7450980392156863,1519257600000
tank_0346,0.5254901960784314,1519257600000
tank_0349,59.0,1519257600000
tank_0350,0.4980392156862745,1519257600000
tank_0353,87.9843137254902,1519257600000
tank_0356,0.0,1519257600000
tank_0360,11.819607843137252,1519257600000
tank_0361,8.219607843137254,1519257600000
tank_0362,0.0,1519257600000
tank_0364,5.639215686274509,1519257600000
tank_0366,3.156862745098039,1519257600000
tank_0369,0.0,1519257600000
tank_0375,0.0,1519257600000
tank_0379,19.345098039215692,1519257600000
tank_0381,0.0,1519257600000
tank_0386,1.7490196078431373,1519257600000
tank_0390,11.0,1519257600000
tank_0397,0.0,1519257600000
tank_0399,0.0,1519257600000
tank_0404,0.0,1519257600000
tank_0409,0.0,1519257600000
tank_0420,0.0,1519257600000
tank_0425,0.0,1519257600000
tank_0431,0.0,1519257600000
tank_0432,0.3764705882352941,1519257600000
tank_0435,0.0,1519257600000
tank_0436,0.0,1519257600000
tank_0438,0.0,1519257600000
tank_0443,0.0,1519257600000
tank_0444,2.0,1519257600000
tank_0447,69.71372549019605,1519257600000
tank_0448,0.0,1519257600000
tank_0449,0.0,1519257600000
tank_0455,1.0,1519257600000
tank_0460,0.0,1519257600000
tank_0462,0.0,1519257600000
tank_0466,0.0,1519257600000
tank_0471,0.0,1519257600000
tank_0473,5.4980392156862745,1519257600000
tank_0474,5.2745098039215685,1519257600000
tank_0481,28.89803921568628,1519257600000
tank_0485,0.0,1519257600000
tank_0489,1.9294117647058824,1519257600000
tank_0491,0.0,1519257600000
tank_0494,0.043137254901960784,1519257600000
tank_0497,1.7176470588235295,1519257600000
tank_0498,0.0,1519257600000
tank_0502,0.0,1519257600000
tank_0505,0.0,1519257600000
tank_0509,3.0,1519257600000
tank_0512,22.0,1519257600000
tank_0514,0.0,1519257600000
tank_0515,0.0,1519257600000
tank_0521,0.0,1519257600000
tank_0524,0.0,1519257600000
tank_0526,21.0,1519257600000
tank_0533,0.0,1519257600000
tank_0534,8.0,1519257600000
tank_0536,0.0,1519257600000
tank_0537,0.0,1519257600000
tank_0541,5.0,1519257600000
tank_0547,0.0,1519257600000
tank_0552,4.792156862745098,1519257600000
tank_0555,10.0,1519257600000
tank_0556,0.10588235294117647,1519257600000
tank_0557,2.376470588235294,1519257600000
tank_0560,2.3294117647058825,1519257600000
tank_0561,0.0,1519257600000
tank_0566,0.0,1519257600000
tank_0567,4.784313725490196,1519257600000
tank_0568,9.84705882352941,1519257600000
tank_0574,30.0,1519257600000
tank_0579,0.0,1519257600000
tank_0583,154.0,1519257600000
tank_0587,0.0,1519257600000
tank_0589,0.3254901960784314,1519257600000
tank_0590,7.0,1519257600000
tank_0592,0.0,1519257600000
tank_0593,0.0,1519257600000
tank_0595,0.0,1519257600000
tank_0600,3.0,1519257600000
tank_0604,6.403921568627451,1519257600000
tank_0606,12.0,1519257600000
tank_0607,8.24705882352941,1519257600000
tank_0608,30.0,1519257600000
tank_0610,0.0,1519257600000
tank_0611,4.0,1519257600000
tank_0612,0.0,1519257600000
tank_0613,0.0,1519257600000
tank_0619,4.0,1519257600000
tank_0626,0.0,1519257600000
tank_0627,0.0,1519257600000
tank_0628,4.0,1519257600000
tank_0632,2.2588235294117647,1519257600000
tank_0633,0.0,1519257600000
tank_0639,0.0,1519257600000
tank_0640,0.0,1519257600000
tank_0641,1.4313725490196079,1519257600000
tank_0643,12.572549019607843,1519257600000
tank_0646,0.0,1519257600000
tank_0663,0.0,1519257600000
tank_0664,0.0,1519257600000
tank_0666,0.0,1519257600000
tank_0667,0.0,1519257600000
tank_0670,0.0,1519257600000
tank_0675,0.0,1519257600000
tank_0676,516.0,1519257600000
tank_0678,2.5019607843137255,1519257600000
tank_0681,0.0,1519257600000
tank_0687,0.0,1519257600000
tank_0688,0.0,1519257600000
tank_0697,0.3568627450980392,1519257600000
tank_0720,0.0,1519257600000
tank_0722,0.0,1519257600000
tank_0724,1.7960784313725489,1519257600000
tank_0725,0.0,1519257600000
tank_0728,0.0,1519257600000
tank_0730,0.0,1519257600000
tank_0731,0.0,1519257600000
tank_0732,0.0,1519257600000
tank_0737,170.0,1519257600000
tank_0739,0.0,1519257600000
tank_0740,22.705882352941178,1519257600000
tank_0746,0.0,1519257600000
tank_0748,3.631372549019608,1519257600000
tank_0749,0.0,1519257600000
tank_0752,0.0,1519257600000
tank_0760,0.0,1519257600000
tank_0770,3.156862745098039,1519257600000
tank_0772,0.0,1519257600000
tank_0788,0.0,1519257600000
tank_0789,0.0,1519257600000
tank_0792,149.94117647058823,1519257600000
tank_0797,0.0,1519257600000
tank_0800,74.14509803921568,1519257600000
tank_0802,0.39215686274509803,1519257600000
tank_0803,0.0,1519257600000
tank_0808,5.0,1519257600000
tank_0810,0.0,1519257600000
tank_0811,8.0,1519257600000
tank_0812,0.0,1519257600000
tank_0813,0.32941176470588235,1519257600000
tank_0816,2.0,1519257600000
tank_0819,0.0,1519257600000
tank_0823,0.0,1519257600000
tank_0824,322.0,1519257600000
tank_0825,38.05490196078431,1519257600000
tank_0828,0.0,1519257600000
tank_0829,56.984313725490196,1519257600000
tank_0830,0.0,1519257600000
tank_0831,11.486274509803922,1519257600000
tank_0844,0.0,1519257600000
tank_0852,43.16470588235294,1519257600000
tank_0855,81.0,1519257600000
tank_0856,832.9450980392157,1519257600000
tank_0860,14.615686274509804,1519257600000
tank_0861,0.0,1519257600000
tank_0872,0.0,1519257600000
tank_0875,25.0,1519257600000
tank_0879,0.0,1519257600000
tank_0885,0.0,1519257600000
tank_0891,0.0,1519257600000
tank_0894,847.8509803921569,1519257600000
tank_0898,169.0,1519257600000
tank_0900,44.5921568627451,1519257600000
tank_0901,0.0,1519257600000
tank_0902,33.0,1519257600000
tank_0914,0.0,1519257600000
tank_0917,75.0,1519257600000
tank_0919,0.0,1519257600000
tank_0920,0.0,1519257600000
tank_0922,36.0,1519257600000
tank_0923,2.0,1519257600000
tank_0924,48.584313725490205,1519257600000
tank_0926,102.19607843137256,1519257600000
tank_0927,20.37647058823529,1519257600000
tank_0928,0.0,1519257600000
tank_0930,53.0,1519257600000
tank_0931,112.0,1519257600000
tank_0933,9.894117647058824,1519257600000
tank_0934,18.423529411764704,1519257600000
tank_0937,8.411764705882353,1519257600000
tank_0938,11.494117647058824,1519257600000
tank_0939,1.0235294117647058,1519257600000
tank_0944,100.9921568627451,1519257600000
tank_0946,94.29411764705881,1519257600000
tank_0952,2.0,1519257600000
tank_0958,0.0,1519257600000
tank_0962,619.6196078431373,1519257600000
tank_0967,0.9215686274509804,1519257600000
tank_0975,0.0,1519257600000
tank_0978,41.74901960784314,1519257600000
tank_0990,0.0,1519257600000
tank_0991,665.0,1519257600000
tank_0998,0.0,1519257600000
tank_0999,0.0,1519257600000
tank_1003,762.0,1519257600000
tank_1004,10.0,1519257600000
tank_1014,0.0,1519257600000
tank_1026,113.0,1519257600000
tank_1031,0.0,1519257600000
tank_1032,4.87843137254902,1519257600000
tank_1034,0.0,1519257600000
tank_1042,16.0,1519257600000
tank_1045,0.0,1519257600000
tank_1049,87.0,1519257600000
tank_1055,1.6313725490196078,1519257600000
tank_1061,0.0,1519257600000
tank_1062,2.0,1519257600000
tank_1064,0.0,1519257600000
tank_1065,0.0,1519257600000
tank_1066,3.0,1519257600000
tank_1070,0.0,1519257600000
tank_1073,31.0,1519257600000
tank_1083,41.0,1519257600000
tank_1086,31.50588235294118,1519257600000
tank_1088,1.0,1519257600000
tank_1089,32.48235294117647,1519257600000
tank_1090,0.0,1519257600000
tank_1091,9.623529411764705,1519257600000
tank_1094,1194.3058823529414,1519257600000
tank_1095,9.0,1519257600000
tank_1104,0.0,1519257600000
tank_1113,51.984313725490196,1519257600000
tank_1116,16.76078431372549,1519257600000
tank_1117,0.0,1519257600000
tank_1120,181.0,1519257600000
tank_1121,0.0,1519257600000
tank_1124,36.68235294117647,1519257600000
tank_1128,0.0,1519257600000
tank_1134,0.0,1519257600000
tank_1135,0.0,1519257600000
tank_1146,32.0,1519257600000
tank_1149,11.058823529411764,1519257600000
tank_1156,0.0,1519257600000
tank_1157,8.650980392156862,1519257600000
tank_1159,101.0,1519257600000
tank_1160,0.0,1519257600000
tank_1166,0.0,1519257600000
tank_1170,18.454901960784312,1519257600000
tank_1175,0.0,1519257600000
tank_1177,0.0,1519257600000
tank_1179,1.0,1519257600000
tank_1181,124.47450980392158,1519257600000
tank_1186,0.0,1519257600000
tank_1187,1.7294117647058824,1519257600000
tank_1190,1.0,1519257600000
tank_1192,0.0,1519257600000
tank_1196,0.0,1519257600000
tank_1197,1162.992156862745,1519257600000
tank_1201,0.0,1519257600000
tank_1203,1.2235294117647058,1519257600000
tank_1205,378.5254901960784,1519257600000
tank_1209,396.0,1519257600000
tank_1217,4.0,1519257600000
tank_1223,0.0,1519257600000
tank_1226,2.32156862745098,1519257600000
tank_1228,135.0,1519257600000
tank_1230,0.0,1519257600000
tank_1237,0.0,1519257600000
tank_1239,0.0,1519257600000
tank_1245,272.30196078431374,1519257600000
tank_1246,84.0,1519257600000
tank_1250,14.996078431372549,1519257600000
tank_1254,0.0,1519257600000
tank_1255,1.9372549019607843,1519257600000
tank_1258,0.0,1519257600000
tank_1261,1.7294117647058824,1519257600000
tank_1262,0.0,1519257600000
tank_1263,0.0,1519257600000
tank_1265,11.0,1519257600000
tank_1270,33.92941176470588,1519257600000
tank_1272,4.0,1519257600000
tank_1275,0.0,1519257600000
tank_1276,0.0,1519257600000
tank_1279,47.64705882352941,1519257600000
tank_1280,0.19215686274509802,1519257600000
tank_1284,0.0,1519257600000
tank_1285,0.0,1519257600000
tank_1286,47.0,1519257600000
tank_1290,1.0,1519257600000
tank_1291,0.0,1519257600000
tank_1293,0.0,1519257600000
tank_1295,12.129411764705882,1519257600000
tank_1297,145.54901960784315,1519257600000
tank_1301,0.0,1519257600000
tank_1302,0.0,1519257600000
tank_1304,10.501960784313727,1519257600000
tank_1305,6.647058823529411,1519257600000
tank_1313,0.0,1519257600000
tank_1322,0.0,1519257600000
tank_1325,10.0,1519257600000
tank_1326,1.1529411764705881,1519257600000
tank_1344,4.0,1519257600000
tank_1346,0.34901960784313724,1519257600000
tank_1349,0.0,1519257600000
tank_1353,119.0,1519257600000
tank_1358,0.0,1519257600000
tank_1359,0.0,1519257600000
tank_1361,15.0,1519257600000
tank_1364,664.0,1519257600000
tank_1365,0.0,1519257600000
tank_1372,106.72156862745098,1519257600000
tank_1374,168.0,1519257600000
tank_1378,81.0,1519257600000
tank_1380,0.0,1519257600000
tank_1386,0.0,1519257600000
tank_1391,0.0,1519257600000
tank_1393,0.0,1519257600000
tank_1396,104.0,1519257600000
tank_1397,0.0,1519257600000
tank_1403,0.0,1519257600000
tank_1409,538.0,1519257600000
tank_1412,0.0,1519257600000
tank_1415,1.0,1519257600000
tank_1416,0.0,1519257600000
tank_1421,71.0,1519257600000
tank_1422,0.0,1519257600000
tank_1425,462.0039215686274,1519257600000
tank_1426,0.0,1519257600000
tank_1430,0.0,1519257600000
tank_1433,226.0,1519257600000
tank_1438,4.0,1519257600000
tank_1439,0.0,1519257600000
tank_1441,0.0,1519257600000
tank_1443,29.541176470588237,1519257600000
tank_1445,17.96470588235294,1519257600000
tank_1446,3.0,1519257600000
tank_1450,0.0,1519257600000
tank_1452,1.2509803921568627,1519257600000
tank_1456,0.0,1519257600000
tank_1466,0.0,1519257600000
tank_1471,0.0,1519257600000
tank_1475,306.0,1519257600000
tank_1486,1340.9333333333334,1519257600000
tank_1488,4.0,1519257600000
tank_1491,0.0,1519257600000
tank_1500,13.0,1519257600000
tank_1505,0.0,1519257600000
tank_1513,765.0,1519257600000
tank_1531,47.0,1519257600000
tank_1536,9.0,1519257600000
tank_1539,514.0,1519257600000
tank_1541,0.0,1519257600000
tank_1542,2.0,1519257600000
tank_1547,0.0,1519257600000
tank_1563,0.0,1519257600000
tank_1564,0.0,1519257600000
tank_1565,0.0,1519257600000
tank_1567,2.0,1519257600000
tank_1568,130.60392156862747,1519257600000
tank_1573,0.0,1519257600000
tank_1583,4.0,1519257600000
tank_1587,0.0,1519257600000
tank_1588,0.0,1519257600000
tank_1592,0.7176470588235294,1519257600000
tank_1594,0.0,1519257600000
tank_1595,0.0,1519257600000
tank_1597,2.0,1519257600000
tank_1598,0.0,1519257600000
tank_1600,5.0,1519257600000
tank_1604,0.0,1519257600000
tank_0002,0.596078431372549,1520294400000
tank_0004,1.3725490196078431,1520294400000
tank_0005,0.0,1520294400000
tank_0011,0.9176470588235294,1520294400000
tank_0014,0.0,1520294400000
tank_0019,1.0,1520294400000
tank_0024,43.97254901960785,1520294400000
tank_0025,0.0,1520294400000
tank_0026,9.501960784313727,1520294400000
tank_0027,0.0,1520294400000
tank_0030,0.0,1520294400000
tank_0031,0.0,1520294400000
tank_0036,0.8823529411764706,1520294400000
tank_0037,0.0,1520294400000
tank_0038,28.23529411764706,1520294400000
tank_0050,16.509803921568626,1520294400000
tank_0051,0.0,1520294400000
tank_0052,5.83921568627451,1520294400000
tank_0053,36.52941176470588,1520294400000
tank_0055,0.0,1520294400000
tank_0057,48.21176470588236,1520294400000
tank_0058,0.7490196078431373,1520294400000
tank_0064,225.40392156862745,1520294400000
tank_0069,8.682352941176472,1520294400000
tank_0072,0.0,1520294400000
tank_0073,0.14901960784313725,1520294400000
tank_0080,28.0,1520294400000
tank_0094,0.0,1520294400000
tank_0107,3.0784313725490193,1520294400000
tank_0110,30.0,1520294400000
tank_0113,11.619607843137254,1520294400000
tank_0115,0.0,1520294400000
tank_0116,3.8784313725490196,1520294400000
tank_0117,137.0,1520294400000
tank_0118,0.0,1520294400000
tank_0122,0.0,1520294400000
tank_0125,58.54901960784314,1520294400000
tank_0130,1.8941176470588235,1520294400000
tank_0131,0.0,1520294400000
tank_0132,0.0,1520294400000
tank_0134,4.964705882352941,1520294400000
tank_0135,7.694117647058823,1520294400000
tank_0142,0.0,1520294400000
tank_0143,0.0,1520294400000
tank_0144,0.0,1520294400000
tank_0148,32.95294117647059,1520294400000
tank_0153,0.0,1520294400000
tank_0156,106.5137254901961,1520294400000
tank_0159,27.160784313725493,1520294400000
tank_0165,0.0,1520294400000
tank_0171,0.0,1520294400000
tank_0172,0.0,1520294400000
tank_0174,6.431372549019608,1520294400000
tank_0176,14.576470588235294,1520294400000
tank_0184,0.0,1520294400000
tank_0187,0.0,1520294400000
tank_0190,8.494117647058824,1520294400000
tank_0192,0.0,1520294400000
tank_0193,2.6078431372549016,1520294400000
tank_0195,45.9607843137255,1520294400000
tank_0199,6.372549019607844,1520294400000
tank_0204,0.0,1520294400000
tank_0205,0.0,1520294400000
tank_0207,0.0,1520294400000
tank_0209,0.0,1520294400000
tank_0213,2.0,1520294400000
tank_0217,0.0,1520294400000
tank_0220,0.0,1520294400000
tank_0221,11.450980392156861,1520294400000
tank_0225,0.0,1520294400000
tank_0226,10.576470588235294,1520294400000
tank_0228,0.0,1520294400000
tank_0229,0.0,1520294400000
tank_0231,1.0627450980392157,1520294400000
tank_0233,5.0,1520294400000
tank_0236,8.0,1520294400000
tank_0237,67.53725490196078,1520294400000
tank_0240,0.0,1520294400000
tank_0242,0.0,1520294400000
tank_0245,0.16470588235294117,1520294400000
tank_0247,24.0,1520294400000
tank_0256,10.67843137254902,1520294400000
tank_0257,1.2980392156862746,1520294400000
tank_0260,0.996078431372549,1520294400000
tank_0261,2.0,1520294400000
tank_0264,0.0,1520294400000
tank_0273,21.0,1520294400000
tank_0276,0.0,1520294400000
tank_0278,1.0,1520294400000
tank_0280,0.0,1520294400000
tank_0291,0.0,1520294400000
tank_0292,43.40784313725491,1520294400000
tank_0296,0.0,1520294400000
tank_0297,4.352941176470589,1520294400000
tank_0299,4.0,1520294400000
tank_0300,5.7254901960784315,1520294400000
tank_0301,9.384313725490196,1520294400000
tank_0307,0.0,1520294400000
tank_0309,4.0,1520294400000
tank_0313,0.0,1520294400000
tank_0314,0.0,1520294400000
tank_0319,11.870588235294118,1520294400000
tank_0321,20.772549019607844,1520294400000
tank_0327,1.203921568627451,1520294400000
tank_0337,6.9411764705882355,1520294400000
tank_0338,0.0,1520294400000
tank_0339,54.82745098039216,1520294400000
tank_0342,12.478431372549018,1520294400000
tank_0345,0.3254901960784314,1520294400000
tank_0346,1.3294117647058823,1520294400000
tank_0349,45.0,1520294400000
tank_0350,0.4980392156862745,1520294400000
tank_0353,105.02745098039217,1520294400000
tank_0356,0.0,1520294400000
tank_0360,0.18823529411764706,1520294400000
tank_0361,7.552941176470588,1520294400000
tank_0362,0.0,1520294400000
tank_0364,0.0,1520294400000
tank_0366,4.0,1520294400000
tank_0369,0.0,1520294400000
tank_0375,0.0,1520294400000
tank_0379,20.058823529411768,1520294400000
tank_0381,10.0,1520294400000
tank_0386,5.0,1520294400000
tank_0390,12.0,1520294400000
tank_0397,0.0,1520294400000
tank_0399,0.0,1520294400000
tank_0404,1.5607843137254902,1520294400000
tank_0409,0.0,1520294400000
tank_0420,0.0,1520294400000
tank_0425,0.0,1520294400000
tank_0431,0.0,1520294400000
tank_0432,0.12549019607843137,1520294400000
tank_0435,0.0,1520294400000
tank_0436,0.0,1520294400000
tank_0438,0.0,1520294400000
tank_0443,0.0,1520294400000
tank_0444,0.0,1520294400000
tank_0447,26.15294117647059,1520294400000
tank_0448,0.0,1520294400000
tank_0449,0.0,1520294400000
tank_0455,0.25098039215686274,1520294400000
tank_0460,0.0,1520294400000
tank_0462,0.0,1520294400000
tank_0466,0.0,1520294400000
tank_0471,0.0,1520294400000
tank_0473,0.0,1520294400000
tank_0474,0.0,1520294400000
tank_0481,22.658823529411766,1520294400000
tank_0485,0.0,1520294400000
tank_0489,7.929411764705883,1520294400000
tank_0491,0.0,1520294400000
tank_0494,4.0,1520294400000
tank_0497,2.0,1520294400000
tank_0498,0.0,1520294400000
tank_0502,2.0,1520294400000
tank_0505,1.0,1520294400000
tank_0509,3.329411764705882,1520294400000
tank_0512,24.0,1520294400000
tank_0514,0.0,1520294400000
tank_0515,0.0,1520294400000
tank_0521,0.0,1520294400000
tank_0524,2.0,1520294400000
tank_0526,12.0,1520294400000
tank_0533,1.0,1520294400000
tank_0534,0.0,1520294400000
tank_0536,0.0,1520294400000
tank_0537,0.0,1520294400000
tank_0541,2.0,1520294400000
tank_0547,0.0,1520294400000
tank_0552,0.0,1520294400000
tank_0555,0.0,1520294400000
tank_0556,0.7882352941176471,1520294400000
tank_0557,0.396078431372549,1520294400000
tank_0560,4.752941176470588,1520294400000
tank_0561,0.0,1520294400000
tank_0566,0.0,1520294400000
tank_0567,2.0,1520294400000
tank_0568,10.384313725490196,1520294400000
tank_0574,11.0,1520294400000
tank_0579,0.0,1520294400000
tank_0583,166.0,1520294400000
tank_0587,0.0,1520294400000
tank_0589,1.8980392156862744,1520294400000
tank_0590,1.0,1520294400000
tank_0592,0.0,1520294400000
tank_0593,0.0,1520294400000
tank_0595,2.227450980392157,1520294400000
tank_0600,6.0,1520294400000
tank_0604,0.0,1520294400000
tank_0606,8.0,1520294400000
tank_0607,0.9607843137254902,1520294400000
tank_0608,151.0,1520294400000
tank_0610,0.0,1520294400000
tank_0611,4.0,1520294400000
tank_0612,6.0,1520294400000
tank_0613,0.0,1520294400000
tank_0619,1.0,1520294400000
tank_0626,0.0,1520294400000
tank_0627,0.0,1520294400000
tank_0628,0.0,1520294400000
tank_0632,2.0,1520294400000
tank_0633,0.0,1520294400000
tank_0639,0.0,1520294400000
tank_0640,0.0,1520294400000
tank_0641,0.0,1520294400000
tank_0643,24.27058823529412,1520294400000
tank_0646,0.0,1520294400000
tank_0663,2.0,1520294400000
tank_0664,0.0,1520294400000
tank_0666,0.0,1520294400000
tank_0667,0.0,1520294400000
tank_0670,0.0,1520294400000
tank_0675,0.0,1520294400000
tank_0676,495.0,1520294400000
tank_0678,0.0,1520294400000
tank_0681,0.0,1520294400000
tank_0687,0.0,1520294400000
tank_0688,0.0,1520294400000
tank_0697,0.3568627450980392,1520294400000
tank_0720,1.6313725490196078,1520294400000
tank_0722,0.0,1520294400000
tank_0724,0.0,1520294400000
tank_0725,0.0,1520294400000
tank_0728,0.0,1520294400000
tank_0730,2.2509803921568627,1520294400000
tank_0731,0.0,1520294400000
tank_0732,0.0,1520294400000
tank_0737,167.0,1520294400000
tank_0739,2.0,1520294400000
tank_0740,38.101960784313725,1520294400000
tank_0746,0.6509803921568628,1520294400000
tank_0748,0.0,1520294400000
tank_0749,0.0,1520294400000
tank_0752,0.0,1520294400000
tank_0760,0.0,1520294400000
tank_0770,0.0,1520294400000
tank_0772,0.0,1520294400000
tank_0788,1.0,1520294400000
tank_0789,0.0,1520294400000
tank_0792,123.26274509803923,1520294400000
tank_0797,0.0,1520294400000
tank_0800,46.023529411764706,1520294400000
tank_0802,1.0,1520294400000
tank_0803,0.0,1520294400000
tank_0808,2.996078431372549,1520294400000
tank_0810,0.0,1520294400000
tank_0811,4.796078431372549,1520294400000
tank_0812,0.0,1520294400000
tank_0813,0.0,1520294400000
tank_0816,0.0,1520294400000
tank_0819,0.0,1520294400000
tank_0823,0.0,1520294400000
tank_0824,221.0,1520294400000
tank_0825,34.25098039215686,1520294400000
tank_0828,0.0,1520294400000
tank_0829,52.984313725490196,1520294400000
tank_0830,0.0,1520294400000
tank_0831,6.113725490196078,1520294400000
tank_0844,0.0,1520294400000
tank_0852,54.12156862745098,1520294400000
tank_0855,75.0,1520294400000
tank_0856,584.8117647058824,1520294400000
tank_0860,0.0,1520294400000
tank_0861,0.0,1520294400000
tank_0872,0.0,1520294400000
tank_0875,0.0,1520294400000
tank_0879,0.0,1520294400000
tank_0885,0.0,1520294400000
tank_0891,0.0,1520294400000
tank_0894,945.0,1520294400000
tank_0898,396.0,1520294400000
tank_0900,37.66666666666667,1520294400000
tank_0901,0.0,1520294400000
tank_0902,55.0,1520294400000
tank_0914,0.0,1520294400000
tank_0917,136.0,1520294400000
tank_0919,0.0,1520294400000
tank_0920,0.9333333333333333,1520294400000
tank_0922,46.0,1520294400000
tank_0923,7.0,1520294400000
tank_0924,27.431372549019606,1520294400000
tank_0926,104.69411764705882,1520294400000
tank_0927,37.41176470588236,1520294400000
tank_0928,0.0,1520294400000
tank_0930,59.0,1520294400000
tank_0931,100.0,1520294400000
tank_0933,2.635294117647059,1520294400000
tank_0934,15.188235294117646,1520294400000
tank_0937,8.984313725490196,1520294400000
tank_0938,6.372549019607844,1520294400000
tank_0939,0.0,1520294400000
tank_0944,81.0,1520294400000
tank_0946,92.87450980392155,1520294400000
tank_0952,0.7411764705882353,1520294400000
tank_0958,0.0,1520294400000
tank_0962,568.0,1520294400000
tank_0967,0.0,1520294400000
tank_0975,0.0,1520294400000
tank_0978,0.0,1520294400000
tank_0990,0.0,1520294400000
tank_0991,727.1411764705882,1520294400000
tank_0998,0.0,1520294400000
tank_0999,0.0,1520294400000
tank_1003,781.0,1520294400000
tank_1004,4.047058823529412,1520294400000
tank_1014,0.0,1520294400000
tank_1026,94.0,1520294400000
tank_1031,0.0,1520294400000
tank_1032,5.788235294117647,1520294400000
tank_1034,0.0,1520294400000
tank_1042,19.0,1520294400000
tank_1045,0.0,1520294400000
tank_1049,78.0,1520294400000
tank_1055,8.568627450980392,1520294400000
tank_1061,2.0,1520294400000
tank_1062,8.074509803921568,1520294400000
tank_1064,0.0,1520294400000
tank_1065,0.0,1520294400000
tank_1066,0.40784313725490196,1520294400000
tank_1070,0.0,1520294400000
tank_1073,22.0,1520294400000
tank_1083,19.0,1520294400000
tank_1086,31.156862745098042,1520294400000
tank_1088,0.0,1520294400000
tank_1089,31.0,1520294400000
tank_1090,0.0,1520294400000
tank_1091,13.0,1520294400000
tank_1094,1117.9803921568628,1520294400000
tank_1095,11.0,1520294400000
tank_1104,1.0,1520294400000
tank_1113,47.0,1520294400000
tank_1116,18.0,1520294400000
tank_1117,0.0,1520294400000
tank_1120,222.0,1520294400000
tank_1121,0.0,1520294400000
tank_1124,33.90588235294118,1520294400000
tank_1128,0.0,1520294400000
tank_1134,0.0,1520294400000
tank_1135,0.0,1520294400000
tank_1146,43.10588235294117,1520294400000
tank_1149,9.870588235294118,1520294400000
tank_1156,0.0,1520294400000
tank_1157,13.600000000000001,1520294400000
tank_1159,34.0,1520294400000
tank_1160,0.0,1520294400000
tank_1166,0.49411764705882355,1520294400000
tank_1170,12.24313725490196,1520294400000
tank_1175,0.0,1520294400000
tank_1177,0.0,1520294400000
tank_1179,1.4078431372549018,1520294400000
tank_1181,181.94117647058823,1520294400000
tank_1186,9.0,1520294400000
tank_1187,0.0,1520294400000
tank_1190,6.0,1520294400000
tank_1192,0.0,1520294400000
tank_1196,0.047058823529411764,1520294400000
tank_1197,962.7411764705882,1520294400000
tank_1201,0.0,1520294400000
tank_1203,0.7686274509803921,1520294400000
tank_1205,309.5411764705882,1520294400000
tank_1209,638.0,1520294400000
tank_1217,0.0,1520294400000
tank_1223,0.0,1520294400000
tank_1226,0.0,1520294400000
tank_1228,72.0,1520294400000
tank_1230,0.0,1520294400000
tank_1237,0.0,1520294400000
tank_1239,0.0,1520294400000
tank_1245,207.36470588235304,1520294400000
tank_1246,40.77647058823529,1520294400000
tank_1250,11.184313725490197,1520294400000
tank_1254,0.0,1520294400000
tank_1255,9.086274509803923,1520294400000
tank_1258,0.0,1520294400000
tank_1261,3.368627450980392,1520294400000
tank_1262,0.3254901960784314,1520294400000
tank_1263,0.0,1520294400000
tank_1265,9.0,1520294400000
tank_1270,27.0,1520294400000
tank_1272,10.0,1520294400000
tank_1275,0.0,1520294400000
tank_1276,0.0,1520294400000
tank_1279,29.725490196078432,1520294400000
tank_1280,0.0,1520294400000
tank_1284,0.0,1520294400000
tank_1285,0.0,1520294400000
tank_1286,46.0,1520294400000
tank_1290,0.0,1520294400000
tank_1291,0.0,1520294400000
tank_1293,0.0,1520294400000
tank_1295,13.368627450980393,1520294400000
tank_1297,129.8,1520294400000
tank_1301,0.0,1520294400000
tank_1302,0.0,1520294400000
tank_1304,7.105882352941176,1520294400000
tank_1305,7.949019607843137,1520294400000
tank_1313,0.0,1520294400000
tank_1322,0.0,1520294400000
tank_1325,0.0,1520294400000
tank_1326,0.06666666666666667,1520294400000
tank_1344,4.0,1520294400000
tank_1346,0.0,1520294400000
tank_1349,0.0,1520294400000
tank_1353,139.0,1520294400000
tank_1358,0.0,1520294400000
tank_1359,0.0,1520294400000
tank_1361,11.0,1520294400000
tank_1364,853.0,1520294400000
tank_1365,0.0,1520294400000
tank_1372,83.0,1520294400000
tank_1374,218.0,1520294400000
tank_1378,39.0,1520294400000
tank_1380,2.0,1520294400000
tank_1386,0.0,1520294400000
tank_1391,0.0,1520294400000
tank_1393,0.0,1520294400000
tank_1396,74.0,1520294400000
tank_1397,2.337254901960784,1520294400000
tank_1403,0.0,1520294400000
tank_1409,466.0,1520294400000
tank_1412,0.0,1520294400000
tank_1415,4.827450980392157,1520294400000
tank_1416,0.0,1520294400000
tank_1421,79.0,1520294400000
tank_1422,0.0,1520294400000
tank_1425,408.75686274509803,1520294400000
tank_1426,0.0,1520294400000
tank_1430,0.0,1520294400000
tank_1433,211.65490196078431,1520294400000
tank_1438,0.0,1520294400000
tank_1439,0.0,1520294400000
tank_1441,0.0,1520294400000
tank_1443,14.27450980392157,1520294400000
tank_1445,17.450980392156865,1520294400000
tank_1446,0.0,1520294400000
tank_1450,0.0,1520294400000
tank_1452,0.0,1520294400000
tank_1456,0.0,1520294400000
tank_1466,0.0,1520294400000
tank_1471,0.0,1520294400000
tank_1475,287.0,1520294400000
tank_1486,1150.0,1520294400000
tank_1488,4.0,1520294400000
tank_1491,0.0,1520294400000
tank_1500,11.0,1520294400000
tank_1505,88.0,1520294400000
tank_1513,934.0,1520294400000
tank_1531,39.0,1520294400000
tank_1536,9.0,1520294400000
tank_1539,678.643137254902,1520294400000
tank_1541,0.0,1520294400000
tank_1542,2.388235294117647,1520294400000
tank_1547,0.0,1520294400000
tank_1563,0.0,1520294400000
tank_1564,0.0,1520294400000
tank_1565,0.0,1520294400000
tank_1567,0.0,1520294400000
tank_1568,119.0,1520294400000
tank_1573,0.0,1520294400000
tank_1583,6.749019607843137,1520294400000
tank_1587,0.0,1520294400000
tank_1588,1.0,1520294400000
tank_1592,3.0,1520294400000
tank_1594,0.0,1520294400000
tank_1595,0.0,1520294400000
tank_1597,0.0,1520294400000
tank_1598,0.0,1520294400000
tank_1600,0.37254901960784315,1520294400000
tank_1604,0.0,1520294400000
tank_0002,0.0,1521331200000
tank_0004,0.38823529411764707,1521331200000
tank_0005,0.0,1521331200000
tank_0011,4.658823529411764,1521331200000
tank_0014,1.0705882352941176,1521331200000
tank_0019,0.0,1521331200000
tank_0024,34.576470588235296,1521331200000
tank_0025,0.00784313725490196,1521331200000
tank_0026,15.368627450980393,1521331200000
tank_0027,3.129411764705882,1521331200000
tank_0030,0.7490196078431373,1521331200000
tank_0031,0.0,1521331200000
tank_0036,0.1568627450980392,1521331200000
tank_0037,0.0,1521331200000
tank_0038,38.69411764705883,1521331200000
tank_0050,45.247058823529414,1521331200000
tank_0051,1.0,1521331200000
tank_0052,8.219607843137254,1521331200000
tank_0053,123.81960784313726,1521331200000
tank_0055,6.08235294117647,1521331200000
tank_0057,0.0,1521331200000
tank_0058,0.7490196078431373,1521331200000
tank_0064,233.23921568627455,1521331200000
tank_0069,0.0,1521331200000
tank_0072,0.0,1521331200000
tank_0073,0.0,1521331200000
tank_0080,31.509803921568626,1521331200000
tank_0094,0.0,1521331200000
tank_0107,0.0,1521331200000
tank_0110,40.0,1521331200000
tank_0113,28.129411764705885,1521331200000
tank_0115,0.0,1521331200000
tank_0116,0.0,1521331200000
tank_0117,144.0,1521331200000
tank_0118,0.0,1521331200000
tank_0122,0.0,1521331200000
tank_0125,38.141176470588235,1521331200000
tank_0130,27.188235294117646,1521331200000
tank_0131,0.0,1521331200000
tank_0132,0.0,1521331200000
tank_0134,9.0,1521331200000
tank_0135,12.96078431372549,1521331200000
tank_0142,0.5058823529411764,1521331200000
tank_0143,0.0,1521331200000
tank_0144,0.0,1521331200000
tank_0148,0.0,1521331200000
tank_0153,1.0,1521331200000
tank_0156,97.3686274509804,1521331200000
tank_0159,0.0,1521331200000
tank_0165,6.435294117647059,1521331200000
tank_0171,0.0,1521331200000
tank_0172,0.0,1521331200000
tank_0174,5.066666666666667,1521331200000
tank_0176,25.623529411764707,1521331200000
tank_0184,4.968627450980393,1521331200000
tank_0187,0.058823529411764705,1521331200000
tank_0190,8.850980392156863,1521331200000
tank_0192,0.0,1521331200000
tank_0193,2.2509803921568627,1521331200000
tank_0195,43.65490196078431,1521331200000
tank_0199,0.0,1521331200000
tank_0204,0.0,1521331200000
tank_0205,0.0,1521331200000
tank_0207,4.5019607843137255,1521331200000
tank_0209,0.0,1521331200000
tank_0213,9.0,1521331200000
tank_0217,0.0,1521331200000
tank_0220,0.0,1521331200000
tank_0221,41.66274509803923,1521331200000
tank_0225,0.0,1521331200000
tank_0226,0.0,1521331200000
tank_0228,2.0,1521331200000
tank_0229,0.0,1521331200000
tank_0231,4.870588235294118,1521331200000
tank_0233,0.0,1521331200000
tank_0236,11.0,1521331200000
tank_0237,29.227450980392156,1521331200000
tank_0240,11.811764705882352,1521331200000
tank_0242,0.0,1521331200000
tank_0245,2.7490196078431373,1521331200000
tank_0247,12.0,1521331200000
tank_0256,0.0,1521331200000
tank_0257,6.552941176470587,1521331200000
tank_0260,0.0,1521331200000
tank_0261,0.0,1521331200000
tank_0264,0.0,1521331200000
tank_0273,16.0,1521331200000
tank_0276,3.0,1521331200000
tank_0278,21.929411764705883,1521331200000
tank_0280,0.0,1521331200000
tank_0291,0.0,1521331200000
tank_0292,37.58823529411766,1521331200000
tank_0296,0.0,1521331200000
tank_0297,2.3529411764705883,1521331200000
tank_0299,6.313725490196077,1521331200000
tank_0300,0.8784313725490196,1521331200000
tank_0301,0.0,1521331200000
tank_0307,0.0,1521331200000
tank_0309,0.0,1521331200000
tank_0313,0.0,1521331200000
tank_0314,0.0,1521331200000
tank_0319,7.031372549019608,1521331200000
tank_0321,1.9529411764705882,1521331200000
tank_0327,4.568627450980392,1521331200000
tank_0337,0.09411764705882353,1521331200000
tank_0338,2.9215686274509802,1521331200000
tank_0339,0.0,1521331200000
tank_0342,0.0,1521331200000
tank_0345,12.505882352941176,1521331200000
tank_0346,3.376470588235294,1521331200000
tank_0349,37.0,1521331200000
tank_0350,1.215686274509804,1521331200000
tank_0353,92.3372549019608,1521331200000
tank_0356,0.8705882352941177,1521331200000
tank_0360,0.0,1521331200000
tank_0361,5.8352941176470585,1521331200000
tank_0362,0.0,1521331200000
tank_0364,0.0,1521331200000
tank_0366,30.192156862745097,1521331200000
tank_0369,0.0,1521331200000
tank_0375,0.0,1521331200000
tank_0379,5.321568627450981,1521331200000
tank_0381,0.0,1521331200000
tank_0386,3.0,1521331200000
tank_0390,6.0,1521331200000
tank_0397,0.0,1521331200000
tank_0399,0.0,1521331200000
tank_0404,3.0,1521331200000
tank_0409,0.0,1521331200000
tank_0420,1.3176470588235294,1521331200000
tank_0425,0.0,1521331200000
tank_0431,0.0,1521331200000
tank_0432,1.0980392156862746,1521331200000
tank_0435,0.0,1521331200000
tank_0436,0.0,1521331200000
tank_0438,0.0,1521331200000
tank_0443,2.149019607843137,1521331200000
tank_0444,0.0,1521331200000
tank_0447,0.0,1521331200000
tank_0448,0.0,1521331200000
tank_0449,4.0,1521331200000
tank_0455,0.0,1521331200000
tank_0460,0.0,1521331200000
tank_0462,0.0,1521331200000
tank_0466,0.0,1521331200000
tank_0471,1.2470588235294118,1521331200000
tank_0473,0.0,1521331200000
tank_0474,0.0,1521331200000
tank_0481,0.0,1521331200000
tank_0485,0.0,1521331200000
tank_0489,17.23529411764706,1521331200000
tank_0491,0.0,1521331200000
tank_0494,0.0,1521331200000
tank_0497,3.2666666666666666,1521331200000
tank_0498,1.9647058823529413,1521331200000
tank_0502,0.0,1521331200000
tank_0505,28.109803921568627,1521331200000
tank_0509,8.219607843137254,1521331200000
tank_0512,20.0,1521331200000
tank_0514,0.0,1521331200000
tank_0515,0.11764705882352941,1521331200000
tank_0521,0.0,1521331200000
tank_0524,0.0,1521331200000
tank_0526,7.0,1521331200000
tank_0533,1.4980392156862745,1521331200000
tank_0534,0.0,1521331200000
tank_0536,0.0,1521331200000
tank_0537,0.0,1521331200000
tank_0541,12.521568627450982,1521331200000
tank_0547,1.0,1521331200000
tank_0552,0.0,1521331200000
tank_0555,0.0,1521331200000
tank_0556,1.231372549019608,1521331200000
tank_0557,0.0,1521331200000
tank_0560,22.254901960784316,1521331200000
tank_0561,1.0196078431372548,1521331200000
tank_0566,0.0,1521331200000
tank_0567,5.513725490196078,1521331200000
tank_0568,48.8078431372549,1521331200000
tank_0574,1.0,1521331200000
tank_0579,0.0,1521331200000
tank_0583,130.0,1521331200000
tank_0587,0.0,1521331200000
tank_0589,0.0,1521331200000
tank_0590,0.0,1521331200000
tank_0592,5.823529411764706,1521331200000
tank_0593,0.0,1521331200000
tank_0595,0.3333333333333333,1521331200000
tank_0600,15.180392156862746,1521331200000
tank_0604,31.56470588235294,1521331200000
tank_0606,1.3764705882352941,1521331200000
tank_0607,6.0,1521331200000
tank_0608,116.0,1521331200000
tank_0610,0.0,1521331200000
tank_0611,7.607843137254902,1521331200000
tank_0612,26.858823529411765,1521331200000
tank_0613,0.0,1521331200000
tank_0619,5.0,1521331200000
tank_0626,0.0,1521331200000
tank_0627,0.0,1521331200000
tank_0628,1.0,1521331200000
tank_0632,0.0,1521331200000
tank_0633,0.0,1521331200000
tank_0639,0.0,1521331200000
tank_0640,0.0,1521331200000
tank_0641,2.223529411764706,1521331200000
tank_0643,35.89803921568628,1521331200000
tank_0646,0.0,1521331200000
tank_0663,7.0,1521331200000
tank_0664,0.0,1521331200000
tank_0666,2.0,1521331200000
tank_0667,3.0,1521331200000
tank_0670,0.0,1521331200000
tank_0675,0.0,1521331200000
tank_0676,460.0,1521331200000
tank_0678,8.941176470588236,1521331200000
tank_0681,3.0,1521331200000
tank_0687,0.0,1521331200000
tank_0688,0.0,1521331200000
tank_0697,1.0,1521331200000
tank_0720,0.0,1521331200000
tank_0722,0.0,1521331200000
tank_0724,20.35294117647059,1521331200000
tank_0725,0.0,1521331200000
tank_0728,8.431372549019608,1521331200000
tank_0730,0.32941176470588235,1521331200000
tank_0731,0.0,1521331200000
tank_0732,0.0,1521331200000
tank_0737,37.0,1521331200000
tank_0739,0.0,1521331200000
tank_0740,109.06666666666669,1521331200000
tank_0746,7.780392156862744,1521331200000
tank_0748,2.8745098039215686,1521331200000
tank_0749,5.0,1521331200000
tank_0752,6.145098039215686,1521331200000
tank_0760,0.0,1521331200000
tank_0770,9.137254901960786,1521331200000
tank_0772,0.0,1521331200000
tank_0788,0.0,1521331200000
tank_0789,23.905882352941173,1521331200000
tank_0792,197.91372549019604,1521331200000
tank_0797,0.0,1521331200000
tank_0800,12.0,1521331200000
tank_0802,0.0,1521331200000
tank_0803,0.0,1521331200000
tank_0808,6.0,1521331200000
tank_0810,0.0,1521331200000
tank_0811,8.886274509803922,1521331200000
tank_0812,0.0,1521331200000
tank_0813,1.2431372549019608,1521331200000
tank_0816,0.0,1521331200000
tank_0819,0.0,1521331200000
tank_0823,0.0,1521331200000
tank_0824,114.0,1521331200000
tank_0825,17.0,1521331200000
tank_0828,0.0,1521331200000
tank_0829,54.82352941176471,1521331200000
tank_0830,0.0,1521331200000
tank_0831,35.29803921568627,1521331200000
tank_0844,0.0,1521331200000
tank_0852,29.050980392156863,1521331200000
tank_0855,64.0,1521331200000
tank_0856,446.0,1521331200000
tank_0860,0.0,1521331200000
tank_0861,0.0,1521331200000
tank_0872,0.0,1521331200000
tank_0875,0.0,1521331200000
tank_0879,0.0,1521331200000
tank_0885,0.0,1521331200000
tank_0891,0.0,1521331200000
tank_0894,326.0,1521331200000
tank_0898,340.0,1521331200000
tank_0900,0.0,1521331200000
tank_0901,0.0,1521331200000
tank_0902,53.0,1521331200000
tank_0914,0.0,1521331200000
tank_0917,121.0,1521331200000
tank_0919,0.0,1521331200000
tank_0920,0.0,1521331200000
tank_0922,29.0,1521331200000
tank_0923,0.0,1521331200000
tank_0924,31.1686274509804,1521331200000
tank_0926,110.23529411764706,1521331200000
tank_0927,4.0,1521331200000
tank_0928,0.0,1521331200000
tank_0930,44.0,1521331200000
tank_0931,46.0,1521331200000
tank_0933,15.572549019607843,1521331200000
tank_0934,33.48627450980393,1521331200000
tank_0937,5.349019607843137,1521331200000
tank_0938,8.0,1521331200000
tank_0939,0.0,1521331200000
tank_0944,87.0,1521331200000
tank_0946,57.55294117647059,1521331200000
tank_0952,0.0,1521331200000
tank_0958,0.0,1521331200000
tank_0962,376.34901960784316,1521331200000
tank_0967,0.0,1521331200000
tank_0975,0.0,1521331200000
tank_0978,0.0,1521331200000
tank_0990,0.0,1521331200000
tank_0991,268.0,1521331200000
tank_0998,0.0,1521331200000
tank_0999,0.0,1521331200000
tank_1003,694.0,1521331200000
tank_1004,24.282352941176473,1521331200000
tank_1014,0.0,1521331200000
tank_1026,88.0,1521331200000
tank_1031,0.0,1521331200000
tank_1032,23.0,1521331200000
tank_1034,0.0,1521331200000
tank_1042,14.0,1521331200000
tank_1045,0.0,1521331200000
tank_1049,76.0,1521331200000
tank_1055,4.792156862745098,1521331200000
tank_1061,0.0,1521331200000
tank_1062,14.058823529411764,1521331200000
tank_1064,0.0,1521331200000
tank_1065,0.0,1521331200000
tank_1066,0.0,1521331200000
tank_1070,0.0,1521331200000
tank_1073,22.0,1521331200000
tank_1083,19.0,1521331200000
tank_1086,18.0,1521331200000
tank_1088,0.7490196078431373,1521331200000
tank_1089,21.0,1521331200000
tank_1090,0.0,1521331200000
tank_1091,15.07843137254902,1521331200000
tank_1094,986.0,1521331200000
tank_1095,0.0,1521331200000
tank_1104,0.0,1521331200000
tank_1113,37.0,1521331200000
tank_1116,0.0,1521331200000
tank_1117,0.0,1521331200000
tank_1120,214.73333333333332,1521331200000
tank_1121,0.0,1521331200000
tank_1124,29.658823529411766,1521331200000
tank_1128,0.0,1521331200000
tank_1134,12.501960784313727,1521331200000
tank_1135,0.0,1521331200000
tank_1146,24.87450980392157,1521331200000
tank_1149,1.9411764705882355,1521331200000
tank_1156,0.0,1521331200000
tank_1157,19.294117647058826,1521331200000
tank_1159,2.0,1521331200000
tank_1160,0.0,1521331200000
tank_1166,0.8156862745098039,1521331200000
tank_1170,30.701960784313723,1521331200000
tank_1175,0.0,1521331200000
tank_1177,0.0,1521331200000
tank_1179,0.0,1521331200000
tank_1181,166.94117647058823,1521331200000
tank_1186,0.0,1521331200000
tank_1187,0.0,1521331200000
tank_1190,0.0,1521331200000
tank_1192,0.0,1521331200000
tank_1196,0.0,1521331200000
tank_1197,1218.5725490196078,1521331200000
tank_1201,0.0,1521331200000
tank_1203,18.317647058823532,1521331200000
tank_1205,286.0,1521331200000
tank_1209,632.0,1521331200000
tank_1217,0.0,1521331200000
tank_1223,0.08627450980392157,1521331200000
tank_1226,0.0,1521331200000
tank_1228,34.0,1521331200000
tank_1230,0.0,1521331200000
tank_1237,0.0,1521331200000
tank_1239,0.0,1521331200000
tank_1245,274.1607843137255,1521331200000
tank_1246,19.0,1521331200000
tank_1250,3.0,1521331200000
tank_1254,0.0,1521331200000
tank_1255,0.0,1521331200000
tank_1258,0.0,1521331200000
tank_1261,0.0,1521331200000
tank_1262,0.0,1521331200000
tank_1263,0.0,1521331200000
tank_1265,6.0,1521331200000
tank_1270,18.0,1521331200000
tank_1272,9.0,1521331200000
tank_1275,0.0,1521331200000
tank_1276,0.0,1521331200000
tank_1279,20.984313725490196,1521331200000
tank_1280,0.09803921568627451,1521331200000
tank_1284,0.0,1521331200000
tank_1285,0.0,1521331200000
tank_1286,36.0,1521331200000
tank_1290,0.0,1521331200000
tank_1291,0.0,1521331200000
tank_1293,0.0,1521331200000
tank_1295,0.8274509803921568,1521331200000
tank_1297,106.0,1521331200000
tank_1301,0.0,1521331200000
tank_1302,0.0,1521331200000
tank_1304,0.0,1521331200000
tank_1305,0.0,1521331200000
tank_1313,0.0,1521331200000
tank_1322,0.0,1521331200000
tank_1325,0.0,1521331200000
tank_1326,0.0,1521331200000
tank_1344,0.0,1521331200000
tank_1346,9.933333333333334,1521331200000
tank_1349,0.0,1521331200000
tank_1353,154.0,1521331200000
tank_1358,0.0,1521331200000
tank_1359,0.0,1521331200000
tank_1361,4.0,1521331200000
tank_1364,803.0,1521331200000
tank_1365,0.0,1521331200000
tank_1372,46.0,1521331200000
tank_1374,137.0,1521331200000
tank_1378,35.0,1521331200000
tank_1380,0.0,1521331200000
tank_1386,0.0,1521331200000
tank_1391,0.0,1521331200000
tank_1393,0.0,1521331200000
tank_1396,85.0,1521331200000
tank_1397,0.0,1521331200000
tank_1403,0.0,1521331200000
tank_1409,290.0,1521331200000
tank_1412,0.0,1521331200000
tank_1415,1.0,1521331200000
tank_1416,0.0,1521331200000
tank_1421,58.0,1521331200000
tank_1422,3.831372549019608,1521331200000
tank_1425,378.7882352941176,1521331200000
tank_1426,0.0,1521331200000
tank_1430,0.0,1521331200000
tank_1433,189.0,1521331200000
tank_1438,0.6196078431372549,1521331200000
tank_1439,0.0,1521331200000
tank_1441,0.0,1521331200000
tank_1443,12.662745098039217,1521331200000
tank_1445,7.529411764705882,1521331200000
tank_1446,0.0,1521331200000
tank_1450,0.0,1521331200000
tank_1452,0.3254901960784314,1521331200000
tank_1456,0.0,1521331200000
tank_1466,0.0,1521331200000
tank_1471,0.0,1521331200000
tank_1475,443.0,1521331200000
tank_1486,1238.0,1521331200000
tank_1488,0.0,1521331200000
tank_1491,0.0,1521331200000
tank_1500,3.0,1521331200000
tank_1505,14.0,1521331200000
tank_1513,675.0,1521331200000
tank_1531,34.0,1521331200000
tank_1536,3.0,1521331200000
tank_1539,651.7803921568627,1521331200000
tank_1541,0.0,1521331200000
tank_1542,0.0,1521331200000
tank_1547,0.0,1521331200000
tank_1563,0.0,1521331200000
tank_1564,0.0,1521331200000
tank_1565,0.0,1521331200000
tank_1567,2.0,1521331200000
tank_1568,95.0,1521331200000
tank_1573,0.0,1521331200000
tank_1583,1.0,1521331200000
tank_1587,0.0,1521331200000
tank_1588,0.0,1521331200000
tank_1592,0.0,1521331200000
tank_1594,0.0,1521331200000
tank_1595,0.0,1521331200000
tank_1597,0.0,1521331200000
tank_1598,0.0,1521331200000
tank_1600,0.0,1521331200000
tank_1604,0.0,1521331200000
tank_0002,0.0,1522368000000
tank_0004,0.0,1522368000000
tank_0005,0.0,1522368000000
tank_0011,0.0,1522368000000
tank_0014,0.0,1522368000000
tank_0019,0.0,1522368000000
tank_0024,16.850980392156863,1522368000000
tank_0025,0.6196078431372549,1522368000000
tank_0026,9.341176470588238,1522368000000
tank_0027,0.0,1522368000000
tank_0030,0.0,1522368000000
tank_0031,0.0,1522368000000
tank_0036,0.8745098039215686,1522368000000
tank_0037,0.0,1522368000000
tank_0038,34.20392156862746,1522368000000
tank_0050,29.094117647058827,1522368000000
tank_0051,0.0,1522368000000
tank_0052,6.91764705882353,1522368000000
tank_0053,63.960784313725505,1522368000000
tank_0055,0.0,1522368000000
tank_0057,0.0,1522368000000
tank_0058,0.0,1522368000000
tank_0064,205.32549019607848,1522368000000
tank_0069,0.0,1522368000000
tank_0072,0.0,1522368000000
tank_0073,0.0,1522368000000
tank_0080,27.0,1522368000000
tank_0094,0.0,1522368000000
tank_0107,1.392156862745098,1522368000000
tank_0110,43.28235294117647,1522368000000
tank_0113,38.75686274509804,1522368000000
tank_0115,0.0,1522368000000
tank_0116,1.1294117647058823,1522368000000
tank_0117,90.0,1522368000000
tank_0118,0.0,1522368000000
tank_0122,0.0,1522368000000
tank_0125,66.01960784313725,1522368000000
tank_0130,3.835294117647059,1522368000000
tank_0131,1.7098039215686276,1522368000000
tank_0132,0.0,1522368000000
tank_0134,3.4901960784313726,1522368000000
tank_0135,0.0,1522368000000
tank_0142,4.129411764705882,1522368000000
tank_0143,0.0,1522368000000
tank_0144,0.0,1522368000000
tank_0148,12.462745098039216,1522368000000
tank_0153,0.0,1522368000000
tank_0156,94.65098039215687,1522368000000
tank_0159,9.07843137254902,1522368000000
tank_0165,0.8745098039215686,1522368000000
tank_0171,0.0,1522368000000
tank_0172,0.0,1522368000000
tank_0174,8.352941176470587,1522368000000
tank_0176,25.596078431372547,1522368000000
tank_0184,2.6666666666666665,1522368000000
tank_0187,0.0,1522368000000
tank_0190,2.768627450980392,1522368000000
tank_0192,0.0,1522368000000
tank_0193,4.545098039215686,1522368000000
tank_0195,29.400000000000002,1522368000000
tank_0199,1.619607843137255,1522368000000
tank_0204,0.0,1522368000000
tank_0205,7.435294117647059,1522368000000
tank_0207,0.0,1522368000000
tank_0209,0.0,1522368000000
tank_0213,4.443137254901961,1522368000000
tank_0217,0.0,1522368000000
tank_0220,0.0,1522368000000
tank_0221,22.329411764705885,1522368000000
tank_0225,0.0,1522368000000
tank_0226,29.88235294117647,1522368000000
tank_0228,0.0,1522368000000
tank_0229,0.0,1522368000000
tank_0231,0.0,1522368000000
tank_0233,8.0,1522368000000
tank_0236,4.250980392156863,1522368000000
tank_0237,38.082352941176474,1522368000000
tank_0240,0.0,1522368000000
tank_0242,0.0,1522368000000
tank_0245,0.9960784313725489,1522368000000
tank_0247,13.0,1522368000000
tank_0256,2.0,1522368000000
tank_0257,0.0,1522368000000
tank_0260,2.4745098039215687,1522368000000
tank_0261,0.6627450980392158,1522368000000
tank_0264,0.0,1522368000000
tank_0273,3.0,1522368000000
tank_0276,0.0,1522368000000
tank_0278,7.2,1522368000000
tank_0280,0.0,1522368000000
tank_0291,0.0,1522368000000
tank_0292,46.58431372549019,1522368000000
tank_0296,0.0,1522368000000
tank_0297,6.6078431372549025,1522368000000
tank_0299,9.807843137254903,1522368000000
tank_0300,11.784313725490195,1522368000000
tank_0301,0.0,1522368000000
tank_0307,1.0,1522368000000
tank_0309,4.0,1522368000000
tank_0313,0.0,1522368000000
tank_0314,2.0,1522368000000
tank_0319,10.95686274509804,1522368000000
tank_0321,18.43137254901961,1522368000000
tank_0327,5.509803921568627,1522368000000
tank_0337,0.0,1522368000000
tank_0338,0.0,1522368000000
tank_0339,49.69019607843136,1522368000000
tank_0342,18.109803921568627,1522368000000
tank_0345,0.3411764705882353,1522368000000
tank_0346,0.0,1522368000000
tank_0349,3.0784313725490198,1522368000000
tank_0350,1.6,1522368000000
tank_0353,119.34117647058822,1522368000000
tank_0356,0.0,1522368000000
tank_0360,0.0,1522368000000
tank_0361,11.023529411764706,1522368000000
tank_0362,0.047058823529411764,1522368000000
tank_0364,0.0,1522368000000
tank_0366,12.874509803921569,1522368000000
tank_0369,0.0,1522368000000
tank_0375,0.0,1522368000000
tank_0379,8.270588235294117,1522368000000
tank_0381,2.1725490196078434,1522368000000
tank_0386,0.0,1522368000000
tank_0390,12.0,1522368000000
tank_0397,0.12549019607843137,1522368000000
tank_0399,0.0,1522368000000
tank_0404,0.5019607843137255,1522368000000
tank_0409,0.0,1522368000000
tank_0420,0.0,1522368000000
tank_0425,0.0,1522368000000
tank_0431,0.0,1522368000000
tank_0432,0.0,1522368000000
tank_0435,0.0,1522368000000
tank_0436,0.0,1522368000000
tank_0438,0.0,1522368000000
tank_0443,0.0,1522368000000
tank_0444,0.0,1522368000000
tank_0447,37.247058823529414,1522368000000
tank_0448,0.0,1522368000000
tank_0449,0.0,1522368000000
tank_0455,0.0,1522368000000
tank_0460,0.0,1522368000000
tank_0462,0.0,1522368000000
tank_0466,0.37254901960784315,1522368000000
tank_0471,0.7450980392156863,1522368000000
tank_0473,0.0,1522368000000
tank_0474,3.145098039215686,1522368000000
tank_0481,35.913725490196086,1522368000000
tank_0485,0.0,1522368000000
tank_0489,5.345098039215687,1522368000000
tank_0491,0.0,1522368000000
tank_0494,2.5254901960784313,1522368000000
tank_0497,0.0,1522368000000
tank_0498,3.4941176470588236,1522368000000
tank_0502,0.0,1522368000000
tank_0505,1.9490196078431372,1522368000000
tank_0509,3.549019607843137,1522368000000
tank_0512,6.0,1522368000000
tank_0514,0.0,1522368000000
tank_0515,0.0,1522368000000
tank_0521,0.0,1522368000000
tank_0524,0.0,1522368000000
tank_0526,0.0,1522368000000
tank_0533,1.9294117647058824,1522368000000
tank_0534,2.0,1522368000000
tank_0536,0.0,1522368000000
tank_0537,0.0,1522368000000
tank_0541,0.0,1522368000000
tank_0547,0.0,1522368000000
tank_0552,0.0,1522368000000
tank_0555,0.0,1522368000000
tank_0556,2.992156862745098,1522368000000
tank_0557,0.0,1522368000000
tank_0560,11.329411764705883,1522368000000
tank_0561,1.6901960784313725,1522368000000
tank_0566,0.0,1522368000000
tank_0567,0.0,1522368000000
tank_0568,14.019607843137257,1522368000000
tank_0574,0.0,1522368000000
tank_0579,0.0,1522368000000
tank_0583,112.0,1522368000000
tank_0587,0.0,1522368000000
tank_0589,3.4784313725490192,1522368000000
tank_0590,0.0,1522368000000
tank_0592,0.0,1522368000000
tank_0593,0.0,1522368000000
tank_0595,0.0,1522368000000
tank_0600,2.7411764705882353,1522368000000
tank_0604,12.298039215686273,1522368000000
tank_0606,1.0,1522368000000
tank_0607,4.341176470588234,1522368000000
tank_0608,32.0,1522368000000
tank_0610,0.0,1522368000000
tank_0611,0.15294117647058825,1522368000000
tank_0612,2.015686274509804,1522368000000
tank_0613,2.0,1522368000000
tank_0619,1.0,1522368000000
tank_0626,2.0,1522368000000
tank_0627,0.0,1522368000000
tank_0628,0.0,1522368000000
tank_0632,0.0,1522368000000
tank_0633,0.0,1522368000000
tank_0639,0.0,1522368000000
tank_0640,0.0,1522368000000
tank_0641,1.4313725490196079,1522368000000
tank_0643,9.227450980392156,1522368000000
tank_0646,0.0,1522368000000
tank_0663,9.0,1522368000000
tank_0664,0.0,1522368000000
tank_0666,0.0,1522368000000
tank_0667,0.0,1522368000000
tank_0670,0.0,1522368000000
tank_0675,0.0,1522368000000
tank_0676,90.0,1522368000000
tank_0678,13.16470588235294,1522368000000
tank_0681,0.0,1522368000000
tank_0687,0.0,1522368000000
tank_0688,0.0,1522368000000
tank_0697,0.0,1522368000000
tank_0720,0.0,1522368000000
tank_0722,0.0,1522368000000
tank_0724,0.9176470588235295,1522368000000
tank_0725,0.0,1522368000000
tank_0728,0.0,1522368000000
tank_0730,0.10588235294117647,1522368000000
tank_0731,0.0,1522368000000
tank_0732,0.0,1522368000000
tank_0737,0.0,1522368000000
tank_0739,0.0,1522368000000
tank_0740,48.37254901960785,1522368000000
tank_0746,1.0,1522368000000
tank_0748,2.0,1522368000000
tank_0749,1.7490196078431373,1522368000000
tank_0752,0.0,1522368000000
tank_0760,0.0,1522368000000
tank_0770,0.0,1522368000000
tank_0772,0.0,1522368000000
tank_0788,0.0,1522368000000
tank_0789,0.0,1522368000000
tank_0792,133.61568627450978,1522368000000
tank_0797,0.0,1522368000000
tank_0800,46.54901960784313,1522368000000
tank_0802,0.0,1522368000000
tank_0803,0.0,1522368000000
tank_0808,1.0901960784313725,1522368000000
tank_0810,0.0,1522368000000
tank_0811,9.364705882352942,1522368000000
tank_0812,0.0,1522368000000
tank_0813,0.0,1522368000000
tank_0816,0.0,1522368000000
tank_0819,0.0,1522368000000
tank_0823,0.0,1522368000000
tank_0824,28.0,1522368000000
tank_0825,0.0,1522368000000
tank_0828,0.0,1522368000000
tank_0829,24.741176470588236,1522368000000
tank_0830,0.0,1522368000000
tank_0831,24.09019607843138,1522368000000
tank_0844,0.0,1522368000000
tank_0852,32.94117647058823,1522368000000
tank_0855,38.0,1522368000000
tank_0856,0.0,1522368000000
tank_0860,5.894117647058823,1522368000000
tank_0861,0.0,1522368000000
tank_0872,0.0,1522368000000
tank_0875,0.0,1522368000000
tank_0879,0.0,1522368000000
tank_0885,0.0,1522368000000
tank_0891,0.0,1522368000000
tank_0894,1.0,1522368000000
tank_0898,40.0,1522368000000
tank_0900,7.639215686274509,1522368000000
tank_0901,0.0,1522368000000
tank_0902,0.0,1522368000000
tank_0914,0.0,1522368000000
tank_0917,3.0,1522368000000
tank_0919,0.0,1522368000000
tank_0920,2.0,1522368000000
tank_0922,3.0,1522368000000
tank_0923,0.29411764705882354,1522368000000
tank_0924,47.16470588235294,1522368000000
tank_0926,151.45490196078427,1522368000000
tank_0927,9.439215686274508,1522368000000
tank_0928,0.0,1522368000000
tank_0930,19.0,1522368000000
tank_0931,1.0,1522368000000
tank_0933,19.98823529411765,1522368000000
tank_0934,19.43529411764706,1522368000000
tank_0937,7.364705882352941,1522368000000
tank_0938,10.0,1522368000000
tank_0939,0.0,1522368000000
tank_0944,81.0,1522368000000
tank_0946,91.99607843137254,1522368000000
tank_0952,0.0,1522368000000
tank_0958,0.0,1522368000000
tank_0962,20.0,1522368000000
tank_0967,0.9215686274509804,1522368000000
tank_0975,0.0,1522368000000
tank_0978,4.0,1522368000000
tank_0990,0.0,1522368000000
tank_0991,0.0,1522368000000
tank_0998,0.0,1522368000000
tank_0999,0.0,1522368000000
tank_1003,48.0,1522368000000
tank_1004,10.811764705882354,1522368000000
tank_1014,0.0,1522368000000
tank_1026,67.0,1522368000000
tank_1031,0.0,1522368000000
tank_1032,0.9882352941176471,1522368000000
tank_1034,0.0,1522368000000
tank_1042,12.0,1522368000000
tank_1045,0.0,1522368000000
tank_1049,2.0,1522368000000
tank_1055,0.00784313725490196,1522368000000
tank_1061,0.0,1522368000000
tank_1062,4.247058823529412,1522368000000
tank_1064,0.0,1522368000000
tank_1065,0.0,1522368000000
tank_1066,5.08235294117647,1522368000000
tank_1070,1.0,1522368000000
tank_1073,9.0,1522368000000
tank_1083,11.0,1522368000000
tank_1086,31.0,1522368000000
tank_1088,0.0,1522368000000
tank_1089,17.0,1522368000000
tank_1090,0.0,1522368000000
tank_1091,17.12156862745098,1522368000000
tank_1094,58.0,1522368000000
tank_1095,0.0,1522368000000
tank_1104,0.0,1522368000000
tank_1113,52.694117647058825,1522368000000
tank_1116,14.937254901960785,1522368000000
tank_1117,0.0,1522368000000
tank_1120,118.0,1522368000000
tank_1121,0.0,1522368000000
tank_1124,21.941176470588236,1522368000000
tank_1128,0.0,1522368000000
tank_1134,0.0,1522368000000
tank_1135,0.0,1522368000000
tank_1146,18.0,1522368000000
tank_1149,3.062745098039216,1522368000000
tank_1156,0.0,1522368000000
tank_1157,10.090196078431372,1522368000000
tank_1159,0.0,1522368000000
tank_1160,0.0,1522368000000
tank_1166,0.0,1522368000000
tank_1170,14.24313725490196,1522368000000
tank_1175,0.0,1522368000000
tank_1177,3.5019607843137255,1522368000000
tank_1179,1.4392156862745098,1522368000000
tank_1181,131.2078431372549,1522368000000
tank_1186,0.0,1522368000000
tank_1187,0.0,1522368000000
tank_1190,0.0,1522368000000
tank_1192,0.0,1522368000000
tank_1196,0.0,1522368000000
tank_1197,507.0,1522368000000
tank_1201,0.0,1522368000000
tank_1203,19.313725490196077,1522368000000
tank_1205,154.0,1522368000000
tank_1209,101.0,1522368000000
tank_1217,0.0,1522368000000
tank_1223,0.0,1522368000000
tank_1226,4.474509803921569,1522368000000
tank_1228,8.0,1522368000000
tank_1230,0.0,1522368000000
tank_1237,0.0,1522368000000
tank_1239,0.0,1522368000000
tank_1245,293.90980392156865,1522368000000
tank_1246,1.4980392156862745,1522368000000
tank_1250,16.509803921568626,1522368000000
tank_1254,0.0,1522368000000
tank_1255,0.592156862745098,1522368000000
tank_1258,0.0,1522368000000
tank_1261,0.0,1522368000000
tank_1262,0.0,1522368000000
tank_1263,0.0,1522368000000
tank_1265,2.0,1522368000000
tank_1270,5.0,1522368000000
tank_1272,11.0,1522368000000
tank_1275,0.0,1522368000000
tank_1276,0.0,1522368000000
tank_1279,7.0,1522368000000
tank_1280,2.219607843137255,1522368000000
tank_1284,0.0,1522368000000
tank_1285,0.0,1522368000000
tank_1286,32.0,1522368000000
tank_1290,0.0,1522368000000
tank_1291,0.0,1522368000000
tank_1293,0.0,1522368000000
tank_1295,14.858823529411765,1522368000000
tank_1297,46.0,1522368000000
tank_1301,0.0,1522368000000
tank_1302,0.0,1522368000000
tank_1304,12.87450980392157,1522368000000
tank_1305,0.0,1522368000000
tank_1313,0.0,1522368000000
tank_1322,0.0,1522368000000
tank_1325,0.0,1522368000000
tank_1326,0.0,1522368000000
tank_1344,0.0,1522368000000
tank_1346,0.0,1522368000000
tank_1349,0.0,1522368000000
tank_1353,63.0,1522368000000
tank_1358,0.0,1522368000000
tank_1359,0.0,1522368000000
tank_1361,4.0,1522368000000
tank_1364,105.0,1522368000000
tank_1365,0.0,1522368000000
tank_1372,22.909803921568628,1522368000000
tank_1374,69.0,1522368000000
tank_1378,15.0,1522368000000
tank_1380,4.0,1522368000000
tank_1386,0.0,1522368000000
tank_1391,0.0,1522368000000
tank_1393,0.0,1522368000000
tank_1396,41.0,1522368000000
tank_1397,0.0,1522368000000
tank_1403,0.0,1522368000000
tank_1409,219.0,1522368000000
tank_1412,0.0,1522368000000
tank_1415,21.00392156862745,1522368000000
tank_1416,0.0,1522368000000
tank_1421,55.0,1522368000000
tank_1422,5.270588235294118,1522368000000
tank_1425,274.0,1522368000000
tank_1426,0.0,1522368000000
tank_1430,0.0,1522368000000
tank_1433,177.0,1522368000000
tank_1438,0.0,1522368000000
tank_1439,0.0,1522368000000
tank_1441,0.0,1522368000000
tank_1443,24.50980392156863,1522368000000
tank_1445,18.890196078431373,1522368000000
tank_1446,0.0,1522368000000
tank_1450,0.0,1522368000000
tank_1452,4.933333333333334,1522368000000
tank_1456,0.0,1522368000000
tank_1466,0.0,1522368000000
tank_1471,0.0,1522368000000
tank_1475,161.0,1522368000000
tank_1486,1124.0,1522368000000
tank_1488,0.0,1522368000000
tank_1491,0.0,1522368000000
tank_1500,0.0,1522368000000
tank_1505,6.0,1522368000000
tank_1513,728.0,1522368000000
tank_1531,24.0,1522368000000
tank_1536,0.0,1522368000000
tank_1539,654.9176470588236,1522368000000
tank_1541,0.0,1522368000000
tank_1542,0.0,1522368000000
tank_1547,0.0,1522368000000
tank_1563,0.0,1522368000000
tank_1564,0.0,1522368000000
tank_1565,0.0,1522368000000
tank_1567,5.0,1522368000000
tank_1568,9.0,1522368000000
tank_1573,0.0,1522368000000
tank_1583,4.0,1522368000000
tank_1587,0.0,1522368000000
tank_1588,0.0,1522368000000
tank_1592,0.0,1522368000000
tank_1594,0.0,1522368000000
tank_1595,0.0,1522368000000
tank_1597,0.0,1522368000000
tank_1598,0.0,1522368000000
tank_1600,0.9294117647058824,1522368000000
tank_1604,0.0,1522368000000
tank_0002,4.125490196078431,1523404800000
tank_0004,0.37254901960784315,1523404800000
tank_0005,0.0,1523404800000
tank_0011,3.0,1523404800000
tank_0014,3.0,1523404800000
tank_0019,0.0,1523404800000
tank_0024,23.23137254901961,1523404800000
tank_0025,0.0,1523404800000
tank_0026,1.8784313725490196,1523404800000
tank_0027,0.0,1523404800000
tank_0030,0.7490196078431373,1523404800000
tank_0031,0.0,1523404800000
tank_0036,0.6627450980392157,1523404800000
tank_0037,0.0,1523404800000
tank_0038,12.980392156862749,1523404800000
tank_0050,32.266666666666666,1523404800000
tank_0051,0.0,1523404800000
tank_0052,7.219607843137255,1523404800000
tank_0053,62.3921568627451,1523404800000
tank_0055,0.0,1523404800000
tank_0057,25.0,1523404800000
tank_0058,0.0,1523404800000
tank_0064,169.6627450980392,1523404800000
tank_0069,6.372549019607844,1523404800000
tank_0072,0.0,1523404800000
tank_0073,0.0,1523404800000
tank_0080,28.0,1523404800000
tank_0094,0.0,1523404800000
tank_0107,3.8274509803921566,1523404800000
tank_0110,37.0,1523404800000
tank_0113,13.011764705882353,1523404800000
tank_0115,0.0,1523404800000
tank_0116,0.0,1523404800000
tank_0117,103.0,1523404800000
tank_0118,0.0,1523404800000
tank_0122,0.0,1523404800000
tank_0125,65.81176470588235,1523404800000
tank_0130,7.913725490196078,1523404800000
tank_0131,0.0,1523404800000
tank_0132,0.0,1523404800000
tank_0134,0.0,1523404800000
tank_0135,3.83921568627451,1523404800000
tank_0142,0.25098039215686274,1523404800000
tank_0143,0.0,1523404800000
tank_0144,0.0,1523404800000
tank_0148,28.254901960784316,1523404800000
tank_0153,0.0,1523404800000
tank_0156,85.07450980392159,1523404800000
tank_0159,18.341176470588234,1523404800000
tank_0165,2.5176470588235293,1523404800000
tank_0171,0.0,1523404800000
tank_0172,0.0,1523404800000
tank_0174,10.650980392156862,1523404800000
tank_0176,23.0,1523404800000
tank_0184,0.0,1523404800000
tank_0187,0.0,1523404800000
tank_0190,7.266666666666667,1523404800000
tank_0192,0.0,1523404800000
tank_0193,3.541176470588235,1523404800000
tank_0195,51.415686274509824,1523404800000
tank_0199,5.4941176470588236,1523404800000
tank_0204,0.0,1523404800000
tank_0205,0.0,1523404800000
tank_0207,0.0,1523404800000
tank_0209,0.0,1523404800000
tank_0213,0.7607843137254902,1523404800000
tank_0217,0.0,1523404800000
tank_0220,0.0,1523404800000
tank_0221,21.63529411764706,1523404800000
tank_0225,0.0,1523404800000
tank_0226,19.325490196078434,1523404800000
tank_0228,0.26666666666666666,1523404800000
tank_0229,0.0,1523404800000
tank_0231,6.811764705882353,1523404800000
tank_0233,11.0,1523404800000
tank_0236,0.0,1523404800000
tank_0237,36.81960784313725,1523404800000
tank_0240,1.9098039215686275,1523404800000
tank_0242,0.0,1523404800000
tank_0245,0.16470588235294117,1523404800000
tank_0247,18.0,1523404800000
tank_0256,2.5843137254901962,1523404800000
tank_0257,0.0,1523404800000
tank_0260,4.803921568627452,1523404800000
tank_0261,0.0,1523404800000
tank_0264,0.0,1523404800000
tank_0273,5.0,1523404800000
tank_0276,0.0,1523404800000
tank_0278,6.2784313725490195,1523404800000
tank_0280,0.0,1523404800000
tank_0291,0.0,1523404800000
tank_0292,27.945098039215683,1523404800000
tank_0296,0.0,1523404800000
tank_0297,2.3529411764705883,1523404800000
tank_0299,9.294117647058824,1523404800000
tank_0300,7.086274509803922,1523404800000
tank_0301,0.0,1523404800000
tank_0307,0.0,1523404800000
tank_0309,2.0,1523404800000
tank_0313,0.0,1523404800000
tank_0314,4.678431372549019,1523404800000
tank_0319,8.91764705882353,1523404800000
tank_0321,10.772549019607844,1523404800000
tank_0327,5.8,1523404800000
tank_0337,5.976470588235294,1523404800000
tank_0338,0.0,1523404800000
tank_0339,19.69019607843137,1523404800000
tank_0342,6.498039215686274,1523404800000
tank_0345,0.0,1523404800000
tank_0346,0.0,1523404800000
tank_0349,19.0,1523404800000
tank_0350,0.0,1523404800000
tank_0353,103.67058823529412,1523404800000
tank_0356,0.0,1523404800000
tank_0360,10.074509803921567,1523404800000
tank_0361,6.086274509803921,1523404800000
tank_0362,0.0,1523404800000
tank_0364,0.0,1523404800000
tank_0366,15.0,1523404800000
tank_0369,0.0,1523404800000
tank_0375,0.0,1523404800000
tank_0379,11.80392156862745,1523404800000
tank_0381,5.0,1523404800000
tank_0386,13.0,1523404800000
tank_0390,13.0,1523404800000
tank_0397,0.0,1523404800000
tank_0399,0.0,1523404800000
tank_0404,2.3568627450980393,1523404800000
tank_0409,0.0,1523404800000
tank_0420,0.0,1523404800000
tank_0425,0.0,1523404800000
tank_0431,0.0,1523404800000
tank_0432,0.0,1523404800000
tank_0435,0.0,1523404800000
tank_0436,0.0,1523404800000
tank_0438,0.0,1523404800000
tank_0443,0.0,1523404800000
tank_0444,0.0,1523404800000
tank_0447,37.549019607843135,1523404800000
tank_0448,2.0,1523404800000
tank_0449,1.0509803921568628,1523404800000
tank_0455,6.0,1523404800000
tank_0460,0.0,1523404800000
tank_0462,0.0,1523404800000
tank_0466,4.662745098039216,1523404800000
tank_0471,0.0,1523404800000
tank_0473,6.184313725490195,1523404800000
tank_0474,7.349019607843137,1523404800000
tank_0481,24.58039215686275,1523404800000
tank_0485,0.0,1523404800000
tank_0489,5.282352941176471,1523404800000
tank_0491,0.0,1523404800000
tank_0494,2.0,1523404800000
tank_0497,0.0,1523404800000
tank_0498,1.0274509803921568,1523404800000
tank_0502,0.0,1523404800000
tank_0505,3.0,1523404800000
tank_0509,0.0,1523404800000
tank_0512,9.0,1523404800000
tank_0514,0.0,1523404800000
tank_0515,0.4901960784313726,1523404800000
tank_0521,0.0,1523404800000
tank_0524,1.392156862745098,1523404800000
tank_0526,0.0,1523404800000
tank_0533,0.0,1523404800000
tank_0534,1.4980392156862745,1523404800000
tank_0536,0.0,1523404800000
tank_0537,0.0,1523404800000
tank_0541,2.4980392156862745,1523404800000
tank_0547,0.0,1523404800000
tank_0552,0.0,1523404800000
tank_0555,0.0,1523404800000
tank_0556,2.8784313725490196,1523404800000
tank_0557,0.0,1523404800000
tank_0560,18.145098039215686,1523404800000
tank_0561,1.0,1523404800000
tank_0566,0.0,1523404800000
tank_0567,0.0,1523404800000
tank_0568,11.027450980392157,1523404800000
tank_0574,0.0,1523404800000
tank_0579,0.0,1523404800000
tank_0583,59.0,1523404800000
tank_0587,0.0,1523404800000
tank_0589,0.8823529411764706,1523404800000
tank_0590,2.0,1523404800000
tank_0592,3.2588235294117647,1523404800000
tank_0593,0.0,1523404800000
tank_0595,0.0,1523404800000
tank_0600,2.0,1523404800000
tank_0604,4.031372549019608,1523404800000
tank_0606,7.0,1523404800000
tank_0607,0.0,1523404800000
tank_0608,44.0,1523404800000
tank_0610,0.0,1523404800000
tank_0611,0.0,1523404800000
tank_0612,8.24313725490196,1523404800000
tank_0613,0.0,1523404800000
tank_0619,0.0,1523404800000
tank_0626,0.0,1523404800000
tank_0627,0.0,1523404800000
tank_0628,0.0,1523404800000
tank_0632,0.0,1523404800000
tank_0633,0.0,1523404800000
tank_0639,0.0,1523404800000
tank_0640,0.0,1523404800000
tank_0641,4.623529411764705,1523404800000
tank_0643,13.580392156862745,1523404800000
tank_0646,0.0,1523404800000
tank_0663,5.0,1523404800000
tank_0664,0.0,1523404800000
tank_0666,0.8745098039215686,1523404800000
tank_0667,1.2588235294117647,1523404800000
tank_0670,0.0,1523404800000
tank_0675,0.0,1523404800000
tank_0676,223.0,1523404800000
tank_0678,7.690196078431373,1523404800000
tank_0681,0.0,1523404800000
tank_0687,0.0,1523404800000
tank_0688,4.0,1523404800000
tank_0697,0.788235294117647,1523404800000
tank_0720,0.0,1523404800000
tank_0722,0.0,1523404800000
tank_0724,10.0,1523404800000
tank_0725,0.0,1523404800000
tank_0728,0.0,1523404800000
tank_0730,0.0,1523404800000
tank_0731,0.0,1523404800000
tank_0732,0.0,1523404800000
tank_0737,0.0,1523404800000
tank_0739,0.0,1523404800000
tank_0740,48.12156862745099,1523404800000
tank_0746,2.1254901960784314,1523404800000
tank_0748,1.2470588235294118,1523404800000
tank_0749,3.0,1523404800000
tank_0752,2.0,1523404800000
tank_0760,0.0,1523404800000
tank_0770,0.0,1523404800000
tank_0772,0.0,1523404800000
tank_0788,0.0,1523404800000
tank_0789,0.0,1523404800000
tank_0792,120.8,1523404800000
tank_0797,0.0,1523404800000
tank_0800,43.04705882352941,1523404800000
tank_0802,0.0,1523404800000
tank_0803,0.0,1523404800000
tank_0808,0.0,1523404800000
tank_0810,0.0,1523404800000
tank_0811,5.254901960784314,1523404800000
tank_0812,0.0,1523404800000
tank_0813,0.0,1523404800000
tank_0816,0.0,1523404800000
tank_0819,0.0,1523404800000
tank_0823,0.0,1523404800000
tank_0824,0.0,1523404800000
tank_0825,0.0,1523404800000
tank_0828,0.0,1523404800000
tank_0829,26.0,1523404800000
tank_0830,0.0,1523404800000
tank_0831,17.517647058823524,1523404800000
tank_0844,0.0,1523404800000
tank_0852,32.52156862745098,1523404800000
tank_0855,27.0,1523404800000
tank_0856,879.0,1523404800000
tank_0860,19.42745098039216,1523404800000
tank_0861,0.0,1523404800000
tank_0872,0.0,1523404800000
tank_0875,0.0,1523404800000
tank_0879,0.0,1523404800000
tank_0885,0.0,1523404800000
tank_0891,0.0,1523404800000
tank_0894,663.0,1523404800000
tank_0898,176.0,1523404800000
tank_0900,12.250980392156864,1523404800000
tank_0901,0.0,1523404800000
tank_0902,34.0,1523404800000
tank_0914,0.0,1523404800000
tank_0917,86.0,1523404800000
tank_0919,0.0,1523404800000
tank_0920,0.0,1523404800000
tank_0922,27.0,1523404800000
tank_0923,0.0,1523404800000
tank_0924,47.69019607843138,1523404800000
tank_0926,112.59607843137255,1523404800000
tank_0927,24.85490196078431,1523404800000
tank_0928,0.0,1523404800000
tank_0930,0.0,1523404800000
tank_0931,2.0,1523404800000
tank_0933,3.0,1523404800000
tank_0934,52.470588235294116,1523404800000
tank_0937,11.556862745098039,1523404800000
tank_0938,9.235294117647058,1523404800000
tank_0939,0.0,1523404800000
tank_0944,79.0,1523404800000
tank_0946,58.72549019607843,1523404800000
tank_0952,0.3137254901960784,1523404800000
tank_0958,0.0,1523404800000
tank_0962,546.0,1523404800000
tank_0967,0.38823529411764707,1523404800000
tank_0975,0.0,1523404800000
tank_0978,0.0,1523404800000
tank_0990,0.0,1523404800000
tank_0991,255.0,1523404800000
tank_0998,0.0,1523404800000
tank_0999,0.0,1523404800000
tank_1003,491.0,1523404800000
tank_1004,17.68235294117647,1523404800000
tank_1014,0.0,1523404800000
tank_1026,75.0,1523404800000
tank_1031,0.0,1523404800000
tank_1032,2.619607843137255,1523404800000
tank_1034,0.0,1523404800000
tank_1042,7.0,1523404800000
tank_1045,0.0,1523404800000
tank_1049,63.0,1523404800000
tank_1055,0.0,1523404800000
tank_1061,0.0,1523404800000
tank_1062,0.0,1523404800000
tank_1064,0.0,1523404800000
tank_1065,2.0,1523404800000
tank_1066,4.356862745098039,1523404800000
tank_1070,0.0,1523404800000
tank_1073,0.0,1523404800000
tank_1083,12.0,1523404800000
tank_1086,28.47843137254902,1523404800000
tank_1088,0.0,1523404800000
tank_1089,24.0,1523404800000
tank_1090,0.0,1523404800000
tank_1091,11.0,1523404800000
tank_1094,564.0,1523404800000
tank_1095,0.0,1523404800000
tank_1104,0.0,1523404800000
tank_1113,18.0,1523404800000
tank_1116,25.250980392156862,1523404800000
tank_1117,0.0,1523404800000
tank_1120,194.0,1523404800000
tank_1121,0.0,1523404800000
tank_1124,19.0,1523404800000
tank_1128,0.0,1523404800000
tank_1134,1.6274509803921569,1523404800000
tank_1135,0.0,1523404800000
tank_1146,9.874509803921569,1523404800000
tank_1149,4.909803921568628,1523404800000
tank_1156,0.0,1523404800000
tank_1157,12.611764705882354,1523404800000
tank_1159,0.0,1523404800000
tank_1160,0.0,1523404800000
tank_1166,0.0,1523404800000
tank_1170,9.24313725490196,1523404800000
tank_1175,0.0,1523404800000
tank_1177,0.0,1523404800000
tank_1179,1.4392156862745098,1523404800000
tank_1181,73.0,1523404800000
tank_1186,0.0,1523404800000
tank_1187,0.0,1523404800000
tank_1190,4.0,1523404800000
tank_1192,0.0,1523404800000
tank_1196,0.0,1523404800000
tank_1197,1109.0,1523404800000
tank_1201,0.0,1523404800000
tank_1203,9.996078431372549,1523404800000
tank_1205,190.90980392156862,1523404800000
tank_1209,583.0,1523404800000
tank_1217,0.0,1523404800000
tank_1223,0.0,1523404800000
tank_1226,2.0705882352941174,1523404800000
tank_1228,33.0,1523404800000
tank_1230,0.0,1523404800000
tank_1237,0.0,1523404800000
tank_1239,16.0,1523404800000
tank_1245,262.66274509803924,1523404800000
tank_1246,0.0,1523404800000
tank_1250,6.996078431372549,1523404800000
tank_1254,0.0,1523404800000
tank_1255,3.0901960784313727,1523404800000
tank_1258,2.0,1523404800000
tank_1261,5.094117647058824,1523404800000
tank_1262,0.0,1523404800000
tank_1263,1.7333333333333334,1523404800000
tank_1265,0.0,1523404800000
tank_1270,15.0,1523404800000
tank_1272,7.0,1523404800000
tank_1275,0.0,1523404800000
tank_1276,0.0,1523404800000
tank_1279,7.0,1523404800000
tank_1280,2.556862745098039,1523404800000
tank_1284,0.0,1523404800000
tank_1285,0.0,1523404800000
tank_1286,28.0,1523404800000
tank_1290,0.0,1523404800000
tank_1291,0.0,1523404800000
tank_1293,0.0,1523404800000
tank_1295,5.858823529411765,1523404800000
tank_1297,77.0,1523404800000
tank_1301,0.0,1523404800000
tank_1302,0.0,1523404800000
tank_1304,3.5960784313725487,1523404800000
tank_1305,0.0,1523404800000
tank_1313,0.0,1523404800000
tank_1322,6.0,1523404800000
tank_1325,0.0,1523404800000
tank_1326,2.0,1523404800000
tank_1344,4.0,1523404800000
tank_1346,0.0,1523404800000
tank_1349,1.0,1523404800000
tank_1353,126.0,1523404800000
tank_1358,0.0,1523404800000
tank_1359,0.0,1523404800000
tank_1361,2.0,1523404800000
tank_1364,651.0,1523404800000
tank_1365,0.0,1523404800000
tank_1372,24.0,1523404800000
tank_1374,101.0,1523404800000
tank_1378,19.0,1523404800000
tank_1380,0.0,1523404800000
tank_1386,0.0,1523404800000
tank_1391,0.0,1523404800000
tank_1393,0.0,1523404800000
tank_1396,41.0,1523404800000
tank_1397,0.0,1523404800000
tank_1403,0.0,1523404800000
tank_1409,315.0,1523404800000
tank_1412,0.0,1523404800000
tank_1415,11.066666666666666,1523404800000
tank_1416,0.0,1523404800000
tank_1421,50.0,1523404800000
tank_1422,0.8313725490196078,1523404800000
tank_1425,290.0,1523404800000
tank_1426,0.0,1523404800000
tank_1430,0.0,1523404800000
tank_1433,135.0,1523404800000
tank_1438,0.0,1523404800000
tank_1439,0.0,1523404800000
tank_1441,0.0,1523404800000
tank_1443,15.988235294117649,1523404800000
tank_1445,27.843137254901958,1523404800000
tank_1446,0.0,1523404800000
tank_1450,0.0,1523404800000
tank_1452,0.0,1523404800000
tank_1456,0.0,1523404800000
tank_1466,0.0,1523404800000
tank_1471,0.0,1523404800000
tank_1475,320.0,1523404800000
tank_1486,1319.0,1523404800000
tank_1488,0.0,1523404800000
tank_1491,0.0,1523404800000
tank_1500,0.0,1523404800000
tank_1505,0.0,1523404800000
tank_1513,886.0,1523404800000
tank_1531,15.0,1523404800000
tank_1536,0.0,1523404800000
tank_1539,559.9921568627451,1523404800000
tank_1541,0.0,1523404800000
tank_1542,0.0,1523404800000
tank_1547,0.0,1523404800000
tank_1563,0.0,1523404800000
tank_1564,4.0,1523404800000
tank_1565,0.0,1523404800000
tank_1567,0.0,1523404800000
tank_1568,26.0,1523404800000
tank_1573,0.0,1523404800000
tank_1583,0.0,1523404800000
tank_1587,478.0,1523404800000
tank_1588,0.0,1523404800000
tank_1592,2.0,1523404800000
tank_1594,0.0,1523404800000
tank_1595,0.0,1523404800000
tank_1597,2.0,1523404800000
tank_1598,0.0,1523404800000
tank_1600,0.0,1523404800000
tank_1604,0.0,1523404800000
tank_0002,0.0,1524441600000
tank_0004,0.0,1524441600000
tank_0005,0.0,1524441600000
tank_0011,0.0,1524441600000
tank_0014,0.0,1524441600000
tank_0019,0.0,1524441600000
tank_0024,0.0,1524441600000
tank_0025,0.0,1524441600000
tank_0026,0.0,1524441600000
tank_0027,0.0,1524441600000
tank_0030,0.0,1524441600000
tank_0031,0.0,1524441600000
tank_0036,0.0,1524441600000
tank_0037,0.0,1524441600000
tank_0038,0.0,1524441600000
tank_0050,11.8078431372549,1524441600000
tank_0051,0.0,1524441600000
tank_0052,0.0,1524441600000
tank_0053,2.4980392156862745,1524441600000
tank_0055,0.0,1524441600000
tank_0057,4.0,1524441600000
tank_0058,1.172549019607843,1524441600000
tank_0064,2.984313725490196,1524441600000
tank_0069,0.0,1524441600000
tank_0072,0.0,1524441600000
tank_0073,0.0,1524441600000
tank_0080,21.95294117647059,1524441600000
tank_0094,0.0,1524441600000
tank_0107,0.0,1524441600000
tank_0110,0.0,1524441600000
tank_0113,0.0,1524441600000
tank_0115,0.0,1524441600000
tank_0116,0.43529411764705883,1524441600000
tank_0117,0.0,1524441600000
tank_0118,0.0,1524441600000
tank_0122,0.0,1524441600000
tank_0125,8.0,1524441600000
tank_0130,0.0,1524441600000
tank_0131,0.0,1524441600000
tank_0132,0.0,1524441600000
tank_0134,0.0,1524441600000
tank_0135,4.0,1524441600000
tank_0142,0.0,1524441600000
tank_0143,0.0,1524441600000
tank_0144,0.0,1524441600000
tank_0148,22.89411764705882,1524441600000
tank_0153,0.0,1524441600000
tank_0156,5.156862745098039,1524441600000
tank_0159,14.435294117647059,1524441600000
tank_0165,0.0,1524441600000
tank_0171,0.0,1524441600000
tank_0172,0.0,1524441600000
tank_0174,2.0666666666666664,1524441600000
tank_0176,3.0,1524441600000
tank_0184,0.0,1524441600000
tank_0187,0.0,1524441600000
tank_0190,0.6235294117647059,1524441600000
tank_0192,0.0,1524441600000
tank_0193,0.0,1524441600000
tank_0195,0.0,1524441600000
tank_0199,0.0,1524441600000
tank_0204,0.0,1524441600000
tank_0205,0.19215686274509805,1524441600000
tank_0207,0.0,1524441600000
tank_0209,0.0,1524441600000
tank_0213,2.1176470588235294,1524441600000
tank_0217,0.0,1524441600000
tank_0220,0.0,1524441600000
tank_0221,0.0,1524441600000
tank_0225,0.0,1524441600000
tank_0226,15.0,1524441600000
tank_0228,0.0,1524441600000
tank_0229,0.0,1524441600000
tank_0231,9.203921568627452,1524441600000
tank_0233,9.250980392156862,1524441600000
tank_0236,17.0,1524441600000
tank_0237,0.0,1524441600000
tank_0240,0.0,1524441600000
tank_0242,0.0,1524441600000
tank_0245,0.0,1524441600000
tank_0247,0.0,1524441600000
tank_0256,7.917647058823529,1524441600000
tank_0257,0.0,1524441600000
tank_0260,2.6431372549019607,1524441600000
tank_0261,0.0,1524441600000
tank_0264,0.0,1524441600000
tank_0273,0.0,1524441600000
tank_0276,0.0,1524441600000
tank_0278,0.0,1524441600000
tank_0280,0.0,1524441600000
tank_0291,0.0,1524441600000
tank_0292,36.26274509803922,1524441600000
tank_0296,0.0,1524441600000
tank_0297,9.964705882352941,1524441600000
tank_0299,4.325490196078432,1524441600000
tank_0300,8.698039215686274,1524441600000
tank_0301,3.756862745098039,1524441600000
tank_0307,0.0,1524441600000
tank_0309,0.0,1524441600000
tank_0313,0.0,1524441600000
tank_0314,0.0,1524441600000
tank_0319,3.0,1524441600000
tank_0321,9.415686274509804,1524441600000
tank_0327,1.203921568627451,1524441600000
tank_0337,0.0,1524441600000
tank_0338,0.0,1524441600000
tank_0339,1.0,1524441600000
tank_0342,28.19607843137255,1524441600000
tank_0345,9.72156862745098,1524441600000
tank_0346,0.0,1524441600000
tank_0349,4.0,1524441600000
tank_0350,0.0,1524441600000
tank_0353,123.07058823529411,1524441600000
tank_0356,0.0,1524441600000
tank_0360,1.2,1524441600000
tank_0361,0.5843137254901961,1524441600000
tank_0362,0.047058823529411764,1524441600000
tank_0364,5.639215686274509,1524441600000
tank_0366,0.0,1524441600000
tank_0369,0.0,1524441600000
tank_0375,0.0,1524441600000
tank_0379,19.760784313725495,1524441600000
tank_0381,0.0,1524441600000
tank_0386,0.0,1524441600000
tank_0390,11.0,1524441600000
tank_0397,0.13725490196078433,1524441600000
tank_0399,0.0,1524441600000
tank_0404,1.0,1524441600000
tank_0409,0.0,1524441600000
tank_0420,0.0,1524441600000
tank_0425,0.0,1524441600000
tank_0431,0.0,1524441600000
tank_0432,0.0,1524441600000
tank_0435,0.0,1524441600000
tank_0436,0.0,1524441600000
tank_0438,0.0,1524441600000
tank_0443,4.341176470588235,1524441600000
tank_0444,0.0,1524441600000
tank_0447,29.701960784313727,1524441600000
tank_0448,15.0,1524441600000
tank_0449,0.0,1524441600000
tank_0455,5.572549019607843,1524441600000
tank_0460,0.0,1524441600000
tank_0462,0.0,1524441600000
tank_0466,0.0,1524441600000
tank_0471,0.0,1524441600000
tank_0473,3.7019607843137257,1524441600000
tank_0474,0.0,1524441600000
tank_0481,22.866666666666667,1524441600000
tank_0485,0.0,1524441600000
tank_0489,0.0,1524441600000
tank_0491,0.0,1524441600000
tank_0494,4.184313725490196,1524441600000
tank_0497,0.0,1524441600000
tank_0498,1.2509803921568627,1524441600000
tank_0502,0.0,1524441600000
tank_0505,11.219607843137254,1524441600000
tank_0509,0.0,1524441600000
tank_0512,0.0,1524441600000
tank_0514,0.0,1524441600000
tank_0515,0.44705882352941173,1524441600000
tank_0521,0.0,1524441600000
tank_0524,2.0,1524441600000
tank_0526,0.0,1524441600000
tank_0533,8.0,1524441600000
tank_0534,0.0,1524441600000
tank_0536,0.0,1524441600000
tank_0537,0.0,1524441600000
tank_0541,0.0,1524441600000
tank_0547,1.0,1524441600000
tank_0552,0.0,1524441600000
tank_0555,0.0,1524441600000
tank_0556,0.4470588235294118,1524441600000
tank_0557,1.1529411764705881,1524441600000
tank_0560,9.176470588235293,1524441600000
tank_0561,3.0,1524441600000
tank_0566,0.0,1524441600000
tank_0567,0.0,1524441600000
tank_0568,13.494117647058824,1524441600000
tank_0574,0.0,1524441600000
tank_0579,0.0,1524441600000
tank_0583,23.0,1524441600000
tank_0587,0.0,1524441600000
tank_0589,0.3254901960784314,1524441600000
tank_0590,0.0,1524441600000
tank_0592,0.0,1524441600000
tank_0593,0.0,1524441600000
tank_0595,0.0,1524441600000
tank_0600,7.8470588235294105,1524441600000
tank_0604,13.819607843137254,1524441600000
tank_0606,17.0,1524441600000
tank_0607,0.0,1524441600000
tank_0608,18.0,1524441600000
tank_0610,0.0,1524441600000
tank_0611,5.7294117647058815,1524441600000
tank_0612,0.3764705882352941,1524441600000
tank_0613,0.0,1524441600000
tank_0619,1.0,1524441600000
tank_0626,0.0,1524441600000
tank_0627,0.0,1524441600000
tank_0628,3.0352941176470587,1524441600000
tank_0632,0.0,1524441600000
tank_0633,0.0,1524441600000
tank_0639,0.0,1524441600000
tank_0640,0.0,1524441600000
tank_0641,0.0,1524441600000
tank_0643,9.019607843137255,1524441600000
tank_0646,0.6823529411764706,1524441600000
tank_0663,13.0,1524441600000
tank_0664,0.0,1524441600000
tank_0666,2.549019607843137,1524441600000
tank_0667,0.9372549019607843,1524441600000
tank_0670,0.0,1524441600000
tank_0675,0.0,1524441600000
tank_0676,6.0,1524441600000
tank_0678,10.505882352941175,1524441600000
tank_0681,0.0,1524441600000
tank_0687,0.0,1524441600000
tank_0688,2.0,1524441600000
tank_0697,2.788235294117647,1524441600000
tank_0720,2.003921568627451,1524441600000
tank_0722,0.0,1524441600000
tank_0724,14.239215686274509,1524441600000
tank_0725,0.0,1524441600000
tank_0728,1.0,1524441600000
tank_0730,0.0,1524441600000
tank_0731,0.0,1524441600000
tank_0732,0.0,1524441600000
tank_0737,0.0,1524441600000
tank_0739,1.4980392156862745,1524441600000
tank_0740,47.439215686274515,1524441600000
tank_0746,0.0,1524441600000
tank_0748,2.0,1524441600000
tank_0749,0.0,1524441600000
tank_0752,0.0,1524441600000
tank_0760,0.0,1524441600000
tank_0770,3.8980392156862744,1524441600000
tank_0772,3.325490196078431,1524441600000
tank_0788,0.0,1524441600000
tank_0789,6.764705882352942,1524441600000
tank_0792,166.70980392156864,1524441600000
tank_0797,0.0,1524441600000
tank_0800,0.0,1524441600000
tank_0802,0.0,1524441600000
tank_0803,0.4980392156862745,1524441600000
tank_0808,0.7372549019607844,1524441600000
tank_0810,0.0,1524441600000
tank_0811,3.2549019607843137,1524441600000
tank_0812,0.0,1524441600000
tank_0813,0.32941176470588235,1524441600000
tank_0816,0.0,1524441600000
tank_0819,0.0,1524441600000
tank_0823,0.0,1524441600000
tank_0824,0.0,1524441600000
tank_0825,0.0,1524441600000
tank_0828,0.0,1524441600000
tank_0829,13.0,1524441600000
tank_0830,0.0,1524441600000
tank_0831,13.576470588235294,1524441600000
tank_0844,0.0,1524441600000
tank_0852,24.0,1524441600000
tank_0855,0.0,1524441600000
tank_0856,823.0,1524441600000
tank_0860,0.0,1524441600000
tank_0861,0.0,1524441600000
tank_0872,0.0,1524441600000
tank_0875,0.0,1524441600000
tank_0879,0.0,1524441600000
tank_0885,0.0,1524441600000
tank_0891,0.0,1524441600000
tank_0894,154.0,1524441600000
tank_0898,164.0,1524441600000
tank_0900,0.0,1524441600000
tank_0901,0.0,1524441600000
tank_0902,25.0,1524441600000
tank_0914,0.0,1524441600000
tank_0917,69.0,1524441600000
tank_0919,0.0,1524441600000
tank_0920,3.0,1524441600000
tank_0922,10.0,1524441600000
tank_0923,0.0,1524441600000
tank_0924,31.564705882352946,1524441600000
tank_0926,62.7921568627451,1524441600000
tank_0927,0.0,1524441600000
tank_0928,0.0,1524441600000
tank_0930,0.0,1524441600000
tank_0931,0.0,1524441600000
tank_0933,0.0,1524441600000
tank_0934,23.192156862745097,1524441600000
tank_0937,2.0,1524441600000
tank_0938,3.2470588235294118,1524441600000
tank_0939,0.0,1524441600000
tank_0944,49.0,1524441600000
tank_0946,25.741176470588236,1524441600000
tank_0952,0.0,1524441600000
tank_0958,0.0,1524441600000
tank_0962,338.0,1524441600000
tank_0967,0.0,1524441600000
tank_0975,0.0,1524441600000
tank_0978,3.0,1524441600000
tank_0990,0.0,1524441600000
tank_0991,195.0,1524441600000
tank_0998,0.0,1524441600000
tank_0999,0.0,1524441600000
tank_1003,410.0,1524441600000
tank_1004,3.3372549019607844,1524441600000
tank_1014,0.0,1524441600000
tank_1026,57.0,1524441600000
tank_1031,0.0,1524441600000
tank_1032,1.0,1524441600000
tank_1034,0.0,1524441600000
tank_1042,2.0,1524441600000
tank_1045,0.0,1524441600000
tank_1049,31.0,1524441600000
tank_1055,0.0,1524441600000
tank_1061,0.0,1524441600000
tank_1062,0.0,1524441600000
tank_1064,0.0,1524441600000
tank_1065,0.0,1524441600000
tank_1066,7.533333333333333,1524441600000
tank_1070,0.0,1524441600000
tank_1073,0.0,1524441600000
tank_1083,2.0,1524441600000
tank_1086,22.607843137254903,1524441600000
tank_1088,0.0,1524441600000
tank_1089,7.0,1524441600000
tank_1090,0.0,1524441600000
tank_1091,0.0,1524441600000
tank_1094,616.0,1524441600000
tank_1095,0.0,1524441600000
tank_1104,0.0,1524441600000
tank_1113,31.0,1524441600000
tank_1116,4.576470588235294,1524441600000
tank_1117,0.0,1524441600000
tank_1120,110.0,1524441600000
tank_1121,0.0,1524441600000
tank_1124,2.0,1524441600000
tank_1128,0.0,1524441600000
tank_1134,0.0,1524441600000
tank_1135,0.0,1524441600000
tank_1146,4.0,1524441600000
tank_1149,1.6941176470588235,1524441600000
tank_1156,1.3725490196078431,1524441600000
tank_1157,7.737254901960785,1524441600000
tank_1159,0.0,1524441600000
tank_1160,0.0,1524441600000
tank_1166,8.258823529411764,1524441600000
tank_1170,16.49019607843137,1524441600000
tank_1175,0.0,1524441600000
tank_1177,0.0,1524441600000
tank_1179,9.470588235294118,1524441600000
tank_1181,39.0,1524441600000
tank_1186,0.0,1524441600000
tank_1187,0.0,1524441600000
tank_1190,2.0,1524441600000
tank_1192,0.0,1524441600000
tank_1196,0.0392156862745098,1524441600000
tank_1197,1096.7411764705882,1524441600000
tank_1201,0.0,1524441600000
tank_1203,6.639215686274509,1524441600000
tank_1205,127.0,1524441600000
tank_1209,562.0,1524441600000
tank_1217,3.0,1524441600000
tank_1223,0.0,1524441600000
tank_1226,2.32156862745098,1524441600000
tank_1228,22.0,1524441600000
tank_1230,0.0,1524441600000
tank_1237,0.0,1524441600000
tank_1239,54.0,1524441600000
tank_1245,216.34901960784313,1524441600000
tank_1246,0.0,1524441600000
tank_1250,0.0,1524441600000
tank_1254,0.0,1524441600000
tank_1255,7.376470588235293,1524441600000
tank_1258,0.0,1524441600000
tank_1261,0.0,1524441600000
tank_1262,0.0,1524441600000
tank_1263,0.0,1524441600000
tank_1265,0.0,1524441600000
tank_1270,7.0,1524441600000
tank_1272,0.0,1524441600000
tank_1275,0.0,1524441600000
tank_1276,0.0,1524441600000
tank_1279,6.0,1524441600000
tank_1280,0.0,1524441600000
tank_1284,0.0,1524441600000
tank_1285,0.0,1524441600000
tank_1286,25.0,1524441600000
tank_1290,0.0,1524441600000
tank_1291,0.0,1524441600000
tank_1293,0.0,1524441600000
tank_1295,1.6941176470588235,1524441600000
tank_1297,43.0,1524441600000
tank_1301,0.0,1524441600000
tank_1302,0.0,1524441600000
tank_1304,0.0,1524441600000
tank_1305,2.984313725490196,1524441600000
tank_1313,0.0,1524441600000
tank_1322,0.0,1524441600000
tank_1325,0.0,1524441600000
tank_1326,0.0,1524441600000
tank_1344,12.0,1524441600000
tank_1346,1.6588235294117648,1524441600000
tank_1349,7.0,1524441600000
tank_1353,125.0,1524441600000
tank_1358,0.0,1524441600000
tank_1359,0.0,1524441600000
tank_1361,0.0,1524441600000
tank_1364,592.0,1524441600000
tank_1365,0.0,1524441600000
tank_1372,18.0,1524441600000
tank_1374,48.0,1524441600000
tank_1378,1.0,1524441600000
tank_1380,0.0,1524441600000
tank_1386,0.0,1524441600000
tank_1391,0.0,1524441600000
tank_1393,0.0,1524441600000
tank_1396,21.0,1524441600000
tank_1397,0.0,1524441600000
tank_1403,0.0,1524441600000
tank_1409,215.0,1524441600000
tank_1412,0.0,1524441600000
tank_1415,0.0,1524441600000
tank_1416,0.0,1524441600000
tank_1421,50.0,1524441600000
tank_1422,0.0,1524441600000
tank_1425,248.0,1524441600000
tank_1426,0.0,1524441600000
tank_1430,0.0,1524441600000
tank_1433,82.0,1524441600000
tank_1438,0.0,1524441600000
tank_1439,0.0,1524441600000
tank_1441,0.0,1524441600000
tank_1443,14.364705882352942,1524441600000
tank_1445,37.73725490196078,1524441600000
tank_1446,0.0,1524441600000
tank_1450,0.0,1524441600000
tank_1452,0.0,1524441600000
tank_1456,0.0,1524441600000
tank_1466,7.007843137254902,1524441600000
tank_1471,6.0,1524441600000
tank_1475,158.0,1524441600000
tank_1486,1292.0,1524441600000
tank_1488,0.0,1524441600000
tank_1491,0.0,1524441600000
tank_1500,5.913725490196079,1524441600000
tank_1505,0.0,1524441600000
tank_1513,767.0,1524441600000
tank_1531,1.0,1524441600000
tank_1536,0.0,1524441600000
tank_1539,402.0,1524441600000
tank_1541,0.0,1524441600000
tank_1542,0.0,1524441600000
tank_1547,0.0,1524441600000
tank_1563,0.0,1524441600000
tank_1564,2.0,1524441600000
tank_1565,0.0,1524441600000
tank_1567,0.0,1524441600000
tank_1568,0.0,1524441600000
tank_1573,0.0,1524441600000
tank_1583,0.0,1524441600000
tank_1587,344.0,1524441600000
tank_1588,0.0,1524441600000
tank_1592,3.0,1524441600000
tank_1594,0.0,1524441600000
tank_1595,0.0,1524441600000
tank_1597,0.0,1524441600000
tank_1598,0.0,1524441600000
tank_1600,0.0,1524441600000
tank_1604,0.0,1524441600000
tank_0002,9.580392156862745,1525478400000
tank_0004,0.2901960784313726,1525478400000
tank_0005,0.0,1525478400000
tank_0011,1.0,1525478400000
tank_0014,0.0,1525478400000
tank_0019,15.474509803921569,1525478400000
tank_0024,52.91372549019608,1525478400000
tank_0025,1.3725490196078431,1525478400000
tank_0026,31.80392156862746,1525478400000
tank_0027,0.2901960784313726,1525478400000
tank_0030,30.168627450980395,1525478400000
tank_0031,7.0,1525478400000
tank_0036,9.501960784313725,1525478400000
tank_0037,0.0,1525478400000
tank_0038,20.321568627450983,1525478400000
tank_0050,47.890196078431366,1525478400000
tank_0051,5.0,1525478400000
tank_0052,22.8235294117647,1525478400000
tank_0053,118.0980392156863,1525478400000
tank_0055,3.7333333333333334,1525478400000
tank_0057,25.0,1525478400000
tank_0058,0.6078431372549019,1525478400000
tank_0064,267.15294117647073,1525478400000
tank_0069,10.63921568627451,1525478400000
tank_0072,0.0,1525478400000
tank_0073,0.14901960784313725,1525478400000
tank_0080,22.0,1525478400000
tank_0094,0.0,1525478400000
tank_0107,7.137254901960784,1525478400000
tank_0110,72.76078431372548,1525478400000
tank_0113,45.99215686274509,1525478400000
tank_0115,0.0,1525478400000
tank_0116,0.0,1525478400000
tank_0117,147.0,1525478400000
tank_0118,0.0,1525478400000
tank_0122,0.0,1525478400000
tank_0125,57.984313725490196,1525478400000
tank_0130,25.9764705882353,1525478400000
tank_0131,4.807843137254903,1525478400000
tank_0132,0.0,1525478400000
tank_0134,0.0196078431372549,1525478400000
tank_0135,3.152941176470588,1525478400000
tank_0142,14.925490196078432,1525478400000
tank_0143,0.0,1525478400000
tank_0144,0.0,1525478400000
tank_0148,12.12156862745098,1525478400000
tank_0153,0.0,1525478400000
tank_0156,98.28235294117647,1525478400000
tank_0159,14.749019607843138,1525478400000
tank_0165,1.6627450980392156,1525478400000
tank_0171,0.0,1525478400000
tank_0172,0.0,1525478400000
tank_0174,13.007843137254904,1525478400000
tank_0176,22.0,1525478400000
tank_0184,0.0,1525478400000
tank_0187,0.0,1525478400000
tank_0190,2.533333333333333,1525478400000
tank_0192,1.7999999999999998,1525478400000
tank_0193,29.054901960784314,1525478400000
tank_0195,34.023529411764706,1525478400000
tank_0199,9.623529411764707,1525478400000
tank_0204,0.0,1525478400000
tank_0205,1.6431372549019607,1525478400000
tank_0207,0.0,1525478400000
tank_0209,2.2666666666666666,1525478400000
tank_0213,1.1098039215686275,1525478400000
tank_0217,0.0,1525478400000
tank_0220,2.0,1525478400000
tank_0221,43.09019607843138,1525478400000
tank_0225,0.0,1525478400000
tank_0226,32.69803921568628,1525478400000
tank_0228,0.0,1525478400000
tank_0229,0.0,1525478400000
tank_0231,14.160784313725491,1525478400000
tank_0233,27.576470588235296,1525478400000
tank_0236,11.67843137254902,1525478400000
tank_0237,72.00784313725491,1525478400000
tank_0240,1.0,1525478400000
tank_0242,1.0,1525478400000
tank_0245,1.5333333333333334,1525478400000
tank_0247,33.0,1525478400000
tank_0256,3.4000000000000004,1525478400000
tank_0257,0.0,1525478400000
tank_0260,5.129411764705883,1525478400000
tank_0261,7.670588235294117,1525478400000
tank_0264,0.0,1525478400000
tank_0273,10.0,1525478400000
tank_0276,1.0,1525478400000
tank_0278,20.35686274509804,1525478400000
tank_0280,1.2901960784313726,1525478400000
tank_0291,0.0,1525478400000
tank_0292,33.69803921568627,1525478400000
tank_0296,0.0,1525478400000
tank_0297,7.525490196078431,1525478400000
tank_0299,36.64313725490196,1525478400000
tank_0300,6.9254901960784325,1525478400000
tank_0301,10.741176470588236,1525478400000
tank_0307,1.0,1525478400000
tank_0309,2.0,1525478400000
tank_0313,0.0,1525478400000
tank_0314,5.447058823529412,1525478400000
tank_0319,6.0,1525478400000
tank_0321,28.866666666666664,1525478400000
tank_0327,0.0,1525478400000
tank_0337,0.0,1525478400000
tank_0338,0.0,1525478400000
tank_0339,50.69019607843137,1525478400000
tank_0342,9.286274509803922,1525478400000
tank_0345,6.686274509803922,1525478400000
tank_0346,4.0,1525478400000
tank_0349,0.0,1525478400000
tank_0350,0.0,1525478400000
tank_0353,132.0941176470588,1525478400000
tank_0356,0.0,1525478400000
tank_0360,7.913725490196077,1525478400000
tank_0361,10.0,1525478400000
tank_0362,0.0,1525478400000
tank_0364,3.2,1525478400000
tank_0366,17.333333333333332,1525478400000
tank_0369,0.0,1525478400000
tank_0375,0.0,1525478400000
tank_0379,12.733333333333333,1525478400000
tank_0381,12.611764705882353,1525478400000
tank_0386,10.47843137254902,1525478400000
tank_0390,8.0,1525478400000
tank_0397,0.13725490196078433,1525478400000
tank_0399,0.03529411764705882,1525478400000
tank_0404,2.8823529411764706,1525478400000
tank_0409,0.0,1525478400000
tank_0420,0.0,1525478400000
tank_0425,2.0,1525478400000
tank_0431,0.0,1525478400000
tank_0432,2.627450980392157,1525478400000
tank_0435,0.0,1525478400000
tank_0436,0.0,1525478400000
tank_0438,0.0,1525478400000
tank_0443,0.0,1525478400000
tank_0444,0.0,1525478400000
tank_0447,35.01960784313726,1525478400000
tank_0448,8.011764705882353,1525478400000
tank_0449,0.0,1525478400000
tank_0455,4.0,1525478400000
tank_0460,0.0,1525478400000
tank_0462,0.0,1525478400000
tank_0466,0.0,1525478400000
tank_0471,0.9568627450980391,1525478400000
tank_0473,9.92941176470588,1525478400000
tank_0474,0.0,1525478400000
tank_0481,45.84313725490196,1525478400000
tank_0485,0.0,1525478400000
tank_0489,1.7333333333333334,1525478400000
tank_0491,0.0,1525478400000
tank_0494,3.51764705882353,1525478400000
tank_0497,0.0,1525478400000
tank_0498,0.0,1525478400000
tank_0502,0.0,1525478400000
tank_0505,11.984313725490196,1525478400000
tank_0509,1.0,1525478400000
tank_0512,8.0,1525478400000
tank_0514,0.0,1525478400000
tank_0515,0.0,1525478400000
tank_0521,0.0,1525478400000
tank_0524,3.0,1525478400000
tank_0526,0.0,1525478400000
tank_0533,4.0,1525478400000
tank_0534,1.4980392156862745,1525478400000
tank_0536,0.0,1525478400000
tank_0537,0.0,1525478400000
tank_0541,0.0,1525478400000
tank_0547,0.0,1525478400000
tank_0552,8.792156862745099,1525478400000
tank_0555,0.0,1525478400000
tank_0556,7.466666666666667,1525478400000
tank_0557,1.3764705882352941,1525478400000
tank_0560,9.75294117647059,1525478400000
tank_0561,0.0,1525478400000
tank_0566,0.0,1525478400000
tank_0567,10.0,1525478400000
tank_0568,17.258823529411764,1525478400000
tank_0574,0.0,1525478400000
tank_0579,0.0,1525478400000
tank_0583,44.0,1525478400000
tank_0587,0.0,1525478400000
tank_0589,0.3254901960784314,1525478400000
tank_0590,0.0,1525478400000
tank_0592,8.913725490196079,1525478400000
tank_0593,0.0,1525478400000
tank_0595,0.0,1525478400000
tank_0600,17.137254901960784,1525478400000
tank_0604,28.000000000000004,1525478400000
tank_0606,17.91764705882353,1525478400000
tank_0607,4.513725490196078,1525478400000
tank_0608,95.0,1525478400000
tank_0610,0.0,1525478400000
tank_0611,2.9333333333333336,1525478400000
tank_0612,12.305882352941177,1525478400000
tank_0613,0.18823529411764706,1525478400000
tank_0619,0.0,1525478400000
tank_0626,0.0,1525478400000
tank_0627,0.0,1525478400000
tank_0628,1.6470588235294117,1525478400000
tank_0632,0.0,1525478400000
tank_0633,0.0,1525478400000
tank_0639,1.0,1525478400000
tank_0640,0.2549019607843137,1525478400000
tank_0641,3.0,1525478400000
tank_0643,37.74117647058824,1525478400000
tank_0646,0.0,1525478400000
tank_0663,1.8705882352941177,1525478400000
tank_0664,0.0,1525478400000
tank_0666,18.050980392156863,1525478400000
tank_0667,0.0,1525478400000
tank_0670,0.0,1525478400000
tank_0675,0.0,1525478400000
tank_0676,159.0,1525478400000
tank_0678,13.031372549019606,1525478400000
tank_0681,0.0,1525478400000
tank_0687,0.0,1525478400000
tank_0688,0.0,1525478400000
tank_0697,21.066666666666666,1525478400000
tank_0720,0.42745098039215684,1525478400000
tank_0722,0.0,1525478400000
tank_0724,19.88235294117647,1525478400000
tank_0725,0.0,1525478400000
tank_0728,2.1882352941176473,1525478400000
tank_0730,0.0,1525478400000
tank_0731,0.0,1525478400000
tank_0732,0.0,1525478400000
tank_0737,0.0,1525478400000
tank_0739,0.3607843137254902,1525478400000
tank_0740,168.24313725490194,1525478400000
tank_0746,0.0,1525478400000
tank_0748,6.603921568627451,1525478400000
tank_0749,11.28627450980392,1525478400000
tank_0752,11.019607843137255,1525478400000
tank_0760,0.0,1525478400000
tank_0770,5.996078431372549,1525478400000
tank_0772,9.635294117647058,1525478400000
tank_0788,0.0,1525478400000
tank_0789,25.38431372549019,1525478400000
tank_0792,149.16078431372551,1525478400000
tank_0797,24.0,1525478400000
tank_0800,19.0,1525478400000
tank_0802,0.0,1525478400000
tank_0803,0.0,1525478400000
tank_0808,3.0,1525478400000
tank_0810,0.0,1525478400000
tank_0811,0.4980392156862745,1525478400000
tank_0812,0.0,1525478400000
tank_0813,0.0,1525478400000
tank_0816,0.0,1525478400000
tank_0819,6.0,1525478400000
tank_0823,0.0,1525478400000
tank_0824,24.0,1525478400000
tank_0825,0.0,1525478400000
tank_0828,0.0,1525478400000
tank_0829,15.984313725490196,1525478400000
tank_0830,0.0,1525478400000
tank_0831,1.0,1525478400000
tank_0844,0.0,1525478400000
tank_0852,30.231372549019607,1525478400000
tank_0855,0.0,1525478400000
tank_0856,908.0,1525478400000
tank_0860,0.0,1525478400000
tank_0861,0.0,1525478400000
tank_0872,0.0,1525478400000
tank_0875,0.0,1525478400000
tank_0879,3.0,1525478400000
tank_0885,0.0,1525478400000
tank_0891,0.0,1525478400000
tank_0894,502.0,1525478400000
tank_0898,118.0,1525478400000
tank_0900,1.4549019607843139,1525478400000
tank_0901,0.0,1525478400000
tank_0902,24.0,1525478400000
tank_0914,0.0,1525478400000
tank_0917,60.0,1525478400000
tank_0919,0.0,1525478400000
tank_0920,2.0,1525478400000
tank_0922,9.0,1525478400000
tank_0923,0.0,1525478400000
tank_0924,15.725490196078432,1525478400000
tank_0926,34.82745098039216,1525478400000
tank_0927,9.549019607843137,1525478400000
tank_0928,0.0,1525478400000
tank_0930,0.0,1525478400000
tank_0931,0.0,1525478400000
tank_0933,0.0,1525478400000
tank_0934,8.541176470588235,1525478400000
tank_0937,0.0,1525478400000
tank_0938,0.0,1525478400000
tank_0939,0.0,1525478400000
tank_0944,66.0,1525478400000
tank_0946,19.745098039215687,1525478400000
tank_0952,0.0,1525478400000
tank_0958,0.0,1525478400000
tank_0962,442.0,1525478400000
tank_0967,0.0,1525478400000
tank_0975,0.0,1525478400000
tank_0978,0.0,1525478400000
tank_0990,0.0,1525478400000
tank_0991,457.0,1525478400000
tank_0998,0.0,1525478400000
tank_0999,0.0,1525478400000
tank_1003,174.0,1525478400000
tank_1004,11.388235294117647,1525478400000
tank_1014,0.0,1525478400000
tank_1026,53.0,1525478400000
tank_1031,0.0,1525478400000
tank_1032,2.9058823529411764,1525478400000
tank_1034,0.0,1525478400000
tank_1042,0.0,1525478400000
tank_1045,0.0,1525478400000
tank_1049,68.0,1525478400000
tank_1055,7.192156862745098,1525478400000
tank_1061,0.0,1525478400000
tank_1062,4.0,1525478400000
tank_1064,0.0,1525478400000
tank_1065,0.0,1525478400000
tank_1066,50.9764705882353,1525478400000
tank_1070,0.0,1525478400000
tank_1073,0.0,1525478400000
tank_1083,3.0,1525478400000
tank_1086,27.87843137254902,1525478400000
tank_1088,0.0,1525478400000
tank_1089,22.0,1525478400000
tank_1090,0.0,1525478400000
tank_1091,16.0,1525478400000
tank_1094,647.0,1525478400000
tank_1095,0.0,1525478400000
tank_1104,2.0,1525478400000
tank_1113,27.0,1525478400000
tank_1116,8.0,1525478400000
tank_1117,0.0,1525478400000
tank_1120,167.0,1525478400000
tank_1121,0.0,1525478400000
tank_1124,0.0,1525478400000
tank_1128,0.0,1525478400000
tank_1134,3.415686274509804,1525478400000
tank_1135,0.0,1525478400000
tank_1146,4.0,1525478400000
tank_1149,0.9411764705882353,1525478400000
tank_1156,0.0,1525478400000
tank_1157,13.698039215686276,1525478400000
tank_1159,0.0,1525478400000
tank_1160,25.0,1525478400000
tank_1166,0.0,1525478400000
tank_1170,19.24313725490196,1525478400000
tank_1175,0.0,1525478400000
tank_1177,0.0,1525478400000
tank_1179,19.99607843137255,1525478400000
tank_1181,31.0,1525478400000
tank_1186,0.0,1525478400000
tank_1187,1.0,1525478400000
tank_1190,0.0,1525478400000
tank_1192,2.0,1525478400000
tank_1196,0.0,1525478400000
tank_1197,644.0,1525478400000
tank_1201,0.0,1525478400000
tank_1203,0.0,1525478400000
tank_1205,127.4078431372549,1525478400000
tank_1209,602.0,1525478400000
tank_1217,0.0,1525478400000
tank_1223,1.0,1525478400000
tank_1226,2.3411764705882354,1525478400000
tank_1228,26.0,1525478400000
tank_1230,0.0,1525478400000
tank_1237,0.0,1525478400000
tank_1239,96.0,1525478400000
tank_1245,189.8980392156864,1525478400000
tank_1246,4.0,1525478400000
tank_1250,3.0,1525478400000
tank_1254,0.0,1525478400000
tank_1255,20.376470588235293,1525478400000
tank_1258,0.0,1525478400000
tank_1261,0.0,1525478400000
tank_1262,5.2,1525478400000
tank_1263,0.0,1525478400000
tank_1265,0.0,1525478400000
tank_1270,8.0,1525478400000
tank_1272,21.490196078431374,1525478400000
tank_1275,0.0,1525478400000
tank_1276,0.0,1525478400000
tank_1279,2.0,1525478400000
tank_1280,5.701960784313725,1525478400000
tank_1284,0.0,1525478400000
tank_1285,0.0,1525478400000
tank_1286,18.0,1525478400000
tank_1290,0.0,1525478400000
tank_1291,0.0,1525478400000
tank_1293,0.0,1525478400000
tank_1295,0.0,1525478400000
tank_1297,29.0,1525478400000
tank_1301,0.0,1525478400000
tank_1302,0.0,1525478400000
tank_1304,0.0,1525478400000
tank_1305,0.0,1525478400000
tank_1313,0.0,1525478400000
tank_1322,0.0,1525478400000
tank_1325,0.0,1525478400000
tank_1326,0.0,1525478400000
tank_1344,0.0,1525478400000
tank_1346,0.0,1525478400000
tank_1349,0.0,1525478400000
tank_1353,136.0,1525478400000
tank_1358,1.6274509803921569,1525478400000
tank_1359,0.0,1525478400000
tank_1361,0.0,1525478400000
tank_1364,580.0,1525478400000
tank_1365,0.0,1525478400000
tank_1372,6.0,1525478400000
tank_1374,127.0,1525478400000
tank_1378,5.0,1525478400000
tank_1380,0.0,1525478400000
tank_1386,0.0,1525478400000
tank_1391,0.0,1525478400000
tank_1393,0.0,1525478400000
tank_1396,3.0,1525478400000
tank_1397,3.145098039215686,1525478400000
tank_1403,12.0,1525478400000
tank_1409,166.0,1525478400000
tank_1412,0.0,1525478400000
tank_1415,2.0,1525478400000
tank_1416,0.0,1525478400000
tank_1421,38.0,1525478400000
tank_1422,1.0,1525478400000
tank_1425,203.0,1525478400000
tank_1426,0.0,1525478400000
tank_1430,0.0,1525478400000
tank_1433,44.0,1525478400000
tank_1438,0.0,1525478400000
tank_1439,0.0,1525478400000
tank_1441,0.0,1525478400000
tank_1443,16.27058823529412,1525478400000
tank_1445,37.247058823529414,1525478400000
tank_1446,0.0,1525478400000
tank_1450,0.0,1525478400000
tank_1452,0.0,1525478400000
tank_1456,0.0,1525478400000
tank_1466,0.0,1525478400000
tank_1471,2.0,1525478400000
tank_1475,20.0,1525478400000
tank_1486,924.0,1525478400000
tank_1488,0.0,1525478400000
tank_1491,0.0,1525478400000
tank_1500,0.0,1525478400000
tank_1505,0.0,1525478400000
tank_1513,493.0,1525478400000
tank_1531,8.0,1525478400000
tank_1536,0.0,1525478400000
tank_1539,443.9921568627451,1525478400000
tank_1541,0.0,1525478400000
tank_1542,0.0,1525478400000
tank_1547,0.0,1525478400000
tank_1563,0.0,1525478400000
tank_1564,0.0,1525478400000
tank_1565,0.0,1525478400000
tank_1567,0.2627450980392157,1525478400000
tank_1568,0.0,1525478400000
tank_1573,0.0,1525478400000
tank_1583,0.0,1525478400000
tank_1587,231.0,1525478400000
tank_1588,0.0,1525478400000
tank_1592,0.16470588235294117,1525478400000
tank_1594,0.0,1525478400000
tank_1595,0.0,1525478400000
tank_1597,0.0,1525478400000
tank_1598,0.0,1525478400000
tank_1600,1.1098039215686275,1525478400000
tank_1604,0.0,1525478400000
tank_0002,1.9254901960784314,1526515200000
tank_0004,0.0,1526515200000
tank_0005,0.0,1526515200000
tank_0011,3.756862745098039,1526515200000
tank_0014,3.462745098039216,1526515200000
tank_0019,2.850980392156863,1526515200000
tank_0024,18.968627450980392,1526515200000
tank_0025,0.0,1526515200000
tank_0026,15.588235294117647,1526515200000
tank_0027,3.56078431372549,1526515200000
tank_0030,11.0,1526515200000
tank_0031,3.607843137254902,1526515200000
tank_0036,3.4705882352941178,1526515200000
tank_0037,0.0,1526515200000
tank_0038,30.01568627450981,1526515200000
tank_0050,25.49411764705882,1526515200000
tank_0051,3.1254901960784314,1526515200000
tank_0052,14.564705882352941,1526515200000
tank_0053,147.61960784313726,1526515200000
tank_0055,0.8745098039215686,1526515200000
tank_0057,23.0,1526515200000
tank_0058,2.8823529411764706,1526515200000
tank_0064,160.41176470588238,1526515200000
tank_0069,4.309803921568627,1526515200000
tank_0072,0.0,1526515200000
tank_0073,0.0,1526515200000
tank_0080,15.952941176470588,1526515200000
tank_0094,0.0,1526515200000
tank_0107,6.588235294117647,1526515200000
tank_0110,57.0,1526515200000
tank_0113,48.13333333333334,1526515200000
tank_0115,2.7019607843137257,1526515200000
tank_0116,8.0,1526515200000
tank_0117,59.0,1526515200000
tank_0118,0.0,1526515200000
tank_0122,0.0,1526515200000
tank_0125,42.84313725490196,1526515200000
tank_0130,12.313725490196079,1526515200000
tank_0131,1.3529411764705883,1526515200000
tank_0132,0.0,1526515200000
tank_0134,1.0,1526515200000
tank_0135,5.086274509803921,1526515200000
tank_0142,8.0,1526515200000
tank_0143,0.0,1526515200000
tank_0144,0.0,1526515200000
tank_0148,7.529411764705882,1526515200000
tank_0153,1.0,1526515200000
tank_0156,103.9607843137255,1526515200000
tank_0159,9.905882352941177,1526515200000
tank_0165,12.737254901960785,1526515200000
tank_0171,0.0,1526515200000
tank_0172,8.168627450980392,1526515200000
tank_0174,15.874509803921569,1526515200000
tank_0176,35.86274509803921,1526515200000
tank_0184,0.17254901960784313,1526515200000
tank_0187,3.0,1526515200000
tank_0190,6.090196078431373,1526515200000
tank_0192,0.0,1526515200000
tank_0193,35.92549019607843,1526515200000
tank_0195,43.2235294117647,1526515200000
tank_0199,5.749019607843138,1526515200000
tank_0204,0.0,1526515200000
tank_0205,0.25098039215686274,1526515200000
tank_0207,0.0,1526515200000
tank_0209,5.0,1526515200000
tank_0213,0.0,1526515200000
tank_0217,3.592156862745098,1526515200000
tank_0220,0.0,1526515200000
tank_0221,44.02352941176471,1526515200000
tank_0225,0.0,1526515200000
tank_0226,13.172549019607843,1526515200000
tank_0228,2.0,1526515200000
tank_0229,8.91764705882353,1526515200000
tank_0231,2.9372549019607845,1526515200000
tank_0233,3.0,1526515200000
tank_0236,10.95294117647059,1526515200000
tank_0237,40.68235294117647,1526515200000
tank_0240,10.843137254901961,1526515200000
tank_0242,0.0,1526515200000
tank_0245,4.007843137254902,1526515200000
tank_0247,28.0,1526515200000
tank_0256,4.352941176470589,1526515200000
tank_0257,0.3764705882352941,1526515200000
tank_0260,5.133333333333333,1526515200000
tank_0261,15.874509803921569,1526515200000
tank_0264,0.0,1526515200000
tank_0273,6.0,1526515200000
tank_0276,0.0,1526515200000
tank_0278,2.768627450980392,1526515200000
tank_0280,0.0,1526515200000
tank_0291,0.0,1526515200000
tank_0292,61.031372549019615,1526515200000
tank_0296,0.0,1526515200000
tank_0297,10.901960784313726,1526515200000
tank_0299,50.666666666666664,1526515200000
tank_0300,17.780392156862746,1526515200000
tank_0301,0.0,1526515200000
tank_0307,0.0,1526515200000
tank_0309,1.0,1526515200000
tank_0313,0.0,1526515200000
tank_0314,1.180392156862745,1526515200000
tank_0319,8.180392156862744,1526515200000
tank_0321,14.639215686274511,1526515200000
tank_0327,0.0,1526515200000
tank_0337,2.603921568627451,1526515200000
tank_0338,0.5019607843137255,1526515200000
tank_0339,79.7764705882353,1526515200000
tank_0342,27.580392156862743,1526515200000
tank_0345,14.262745098039217,1526515200000
tank_0346,0.0,1526515200000
tank_0349,1.8941176470588235,1526515200000
tank_0350,1.0,1526515200000
tank_0353,159.67058823529413,1526515200000
tank_0356,0.0,1526515200000
tank_0360,3.6627450980392156,1526515200000
tank_0361,6.184313725490196,1526515200000
tank_0362,4.113725490196078,1526515200000
tank_0364,5.027450980392157,1526515200000
tank_0366,25.133333333333336,1526515200000
tank_0369,0.0,1526515200000
tank_0375,3.7254901960784315,1526515200000
tank_0379,15.741176470588236,1526515200000
tank_0381,2.0,1526515200000
tank_0386,2.0,1526515200000
tank_0390,15.0,1526515200000
tank_0397,0.0,1526515200000
tank_0399,7.36078431372549,1526515200000
tank_0404,7.666666666666666,1526515200000
tank_0409,0.803921568627451,1526515200000
tank_0420,0.0,1526515200000
tank_0425,0.0,1526515200000
tank_0431,0.0,1526515200000
tank_0432,0.3058823529411765,1526515200000
tank_0435,0.0,1526515200000
tank_0436,0.0,1526515200000
tank_0438,0.6705882352941176,1526515200000
tank_0443,3.2470588235294118,1526515200000
tank_0444,0.0,1526515200000
tank_0447,60.439215686274515,1526515200000
tank_0448,12.0,1526515200000
tank_0449,0.0,1526515200000
tank_0455,12.427450980392157,1526515200000
tank_0460,0.0,1526515200000
tank_0462,0.0,1526515200000
tank_0466,4.376470588235295,1526515200000
tank_0471,0.8745098039215686,1526515200000
tank_0473,7.862745098039216,1526515200000
tank_0474,1.0,1526515200000
tank_0481,39.96862745098039,1526515200000
tank_0485,0.0,1526515200000
tank_0489,7.035294117647059,1526515200000
tank_0491,1.0,1526515200000
tank_0494,14.992156862745098,1526515200000
tank_0497,2.0313725490196077,1526515200000
tank_0498,3.235294117647059,1526515200000
tank_0502,0.0,1526515200000
tank_0505,12.549019607843139,1526515200000
tank_0509,0.3137254901960784,1526515200000
tank_0512,10.980392156862745,1526515200000
tank_0514,0.0,1526515200000
tank_0515,3.1176470588235294,1526515200000
tank_0521,0.0,1526515200000
tank_0524,6.909803921568628,1526515200000
tank_0526,0.0,1526515200000
tank_0533,9.972549019607843,1526515200000
tank_0534,1.996078431372549,1526515200000
tank_0536,0.0,1526515200000
tank_0537,0.0,1526515200000
tank_0541,2.635294117647059,1526515200000
tank_0547,2.0,1526515200000
tank_0552,7.129411764705882,1526515200000
tank_0555,0.0,1526515200000
tank_0556,3.466666666666667,1526515200000
tank_0557,0.0,1526515200000
tank_0560,21.141176470588242,1526515200000
tank_0561,6.4980392156862745,1526515200000
tank_0566,0.0,1526515200000
tank_0567,4.0,1526515200000
tank_0568,60.11372549019608,1526515200000
tank_0574,0.0,1526515200000
tank_0579,0.0,1526515200000
tank_0583,17.0,1526515200000
tank_0587,0.0,1526515200000
tank_0589,1.2078431372549019,1526515200000
tank_0590,0.0,1526515200000
tank_0592,6.988235294117647,1526515200000
tank_0593,0.0,1526515200000
tank_0595,0.0,1526515200000
tank_0600,21.59607843137255,1526515200000
tank_0604,26.831372549019612,1526515200000
tank_0606,31.462745098039214,1526515200000
tank_0607,0.7607843137254902,1526515200000
tank_0608,36.0,1526515200000
tank_0610,0.0,1526515200000
tank_0611,0.0,1526515200000
tank_0612,23.905882352941177,1526515200000
tank_0613,17.301960784313724,1526515200000
tank_0619,0.0,1526515200000
tank_0626,9.0,1526515200000
tank_0627,0.0,1526515200000
tank_0628,8.258823529411766,1526515200000
tank_0632,0.0,1526515200000
tank_0633,5.250980392156863,1526515200000
tank_0639,6.52156862745098,1526515200000
tank_0640,0.0,1526515200000
tank_0641,0.0,1526515200000
tank_0643,33.69803921568628,1526515200000
tank_0646,0.0,1526515200000
tank_0663,13.0,1526515200000
tank_0664,0.0,1526515200000
tank_0666,22.701960784313727,1526515200000
tank_0667,13.596078431372549,1526515200000
tank_0670,0.0,1526515200000
tank_0675,0.0,1526515200000
tank_0676,72.0,1526515200000
tank_0678,11.823529411764705,1526515200000
tank_0681,0.0,1526515200000
tank_0687,0.0,1526515200000
tank_0688,3.0,1526515200000
tank_0697,16.0,1526515200000
tank_0720,0.42745098039215684,1526515200000
tank_0722,0.0,1526515200000
tank_0724,10.84313725490196,1526515200000
tank_0725,0.0,1526515200000
tank_0728,7.870588235294117,1526515200000
tank_0730,0.0,1526515200000
tank_0731,0.0,1526515200000
tank_0732,0.0,1526515200000
tank_0737,0.0,1526515200000
tank_0739,1.3137254901960784,1526515200000
tank_0740,104.54117647058823,1526515200000
tank_0746,0.0,1526515200000
tank_0748,28.9921568627451,1526515200000
tank_0749,3.2549019607843137,1526515200000
tank_0752,18.113725490196078,1526515200000
tank_0760,1.1098039215686275,1526515200000
tank_0770,13.568627450980394,1526515200000
tank_0772,0.0,1526515200000
tank_0788,0.0,1526515200000
tank_0789,17.999999999999996,1526515200000
tank_0792,169.44313725490193,1526515200000
tank_0797,5.0,1526515200000
tank_0800,23.274509803921568,1526515200000
tank_0802,0.0,1526515200000
tank_0803,3.2745098039215685,1526515200000
tank_0808,14.615686274509804,1526515200000
tank_0810,0.0,1526515200000
tank_0811,14.384313725490195,1526515200000
tank_0812,0.0,1526515200000
tank_0813,0.8509803921568627,1526515200000
tank_0816,0.0,1526515200000
tank_0819,0.0,1526515200000
tank_0823,0.0,1526515200000
tank_0824,12.0,1526515200000
tank_0825,0.0,1526515200000
tank_0828,0.0,1526515200000
tank_0829,15.0,1526515200000
tank_0830,0.0,1526515200000
tank_0831,47.70196078431372,1526515200000
tank_0844,0.0,1526515200000
tank_0852,25.0,1526515200000
tank_0855,0.0,1526515200000
tank_0856,111.0,1526515200000
tank_0860,6.0,1526515200000
tank_0861,0.0,1526515200000
tank_0872,0.0,1526515200000
tank_0875,0.0,1526515200000
tank_0879,0.0,1526515200000
tank_0885,0.0,1526515200000
tank_0891,0.0,1526515200000
tank_0894,201.0,1526515200000
tank_0898,15.0,1526515200000
tank_0900,4.0,1526515200000
tank_0901,0.0,1526515200000
tank_0902,22.0,1526515200000
tank_0914,0.0,1526515200000
tank_0917,13.0,1526515200000
tank_0919,0.0,1526515200000
tank_0920,3.5803921568627453,1526515200000
tank_0922,12.0,1526515200000
tank_0923,1.5529411764705883,1526515200000
tank_0924,55.27058823529411,1526515200000
tank_0926,115.60784313725493,1526515200000
tank_0927,11.376470588235293,1526515200000
tank_0928,0.0,1526515200000
tank_0930,0.0,1526515200000
tank_0931,0.0,1526515200000
tank_0933,23.0,1526515200000
tank_0934,54.074509803921565,1526515200000
tank_0937,1.6588235294117646,1526515200000
tank_0938,9.0,1526515200000
tank_0939,0.0,1526515200000
tank_0944,44.0,1526515200000
tank_0946,84.27450980392156,1526515200000
tank_0952,0.0,1526515200000
tank_0958,4.196078431372549,1526515200000
tank_0962,244.0,1526515200000
tank_0967,0.0,1526515200000
tank_0975,0.0,1526515200000
tank_0978,0.0,1526515200000
tank_0990,0.0,1526515200000
tank_0991,73.0,1526515200000
tank_0998,0.023529411764705882,1526515200000
tank_0999,4.552941176470587,1526515200000
tank_1003,326.0,1526515200000
tank_1004,26.015686274509804,1526515200000
tank_1014,0.0,1526515200000
tank_1026,40.0,1526515200000
tank_1031,0.0,1526515200000
tank_1032,12.388235294117647,1526515200000
tank_1034,1.6313725490196078,1526515200000
tank_1042,0.0,1526515200000
tank_1045,0.0,1526515200000
tank_1049,60.0,1526515200000
tank_1055,8.094117647058823,1526515200000
tank_1061,0.0,1526515200000
tank_1062,2.1254901960784314,1526515200000
tank_1064,0.0,1526515200000
tank_1065,1.0,1526515200000
tank_1066,74.84313725490196,1526515200000
tank_1070,0.0,1526515200000
tank_1073,0.0,1526515200000
tank_1083,0.0,1526515200000
tank_1086,33.0,1526515200000
tank_1088,2.0,1526515200000
tank_1089,16.0,1526515200000
tank_1090,0.0,1526515200000
tank_1091,11.945098039215686,1526515200000
tank_1094,524.0,1526515200000
tank_1095,0.0,1526515200000
tank_1104,0.0,1526515200000
tank_1113,23.0,1526515200000
tank_1116,20.91372549019608,1526515200000
tank_1117,0.0,1526515200000
tank_1120,143.0,1526515200000
tank_1121,0.0,1526515200000
tank_1124,0.0,1526515200000
tank_1128,0.0,1526515200000
tank_1134,1.6274509803921569,1526515200000
tank_1135,0.0,1526515200000
tank_1146,1.0,1526515200000
tank_1149,7.458823529411765,1526515200000
tank_1156,0.0,1526515200000
tank_1157,14.91372549019608,1526515200000
tank_1159,0.0,1526515200000
tank_1160,28.0,1526515200000
tank_1166,0.0,1526515200000
tank_1170,15.494117647058822,1526515200000
tank_1175,0.0,1526515200000
tank_1177,0.0,1526515200000
tank_1179,14.466666666666667,1526515200000
tank_1181,22.0,1526515200000
tank_1186,0.0,1526515200000
tank_1187,21.498039215686276,1526515200000
tank_1190,9.427450980392157,1526515200000
tank_1192,0.6235294117647059,1526515200000
tank_1196,0.0,1526515200000
tank_1197,1097.0,1526515200000
tank_1201,0.0,1526515200000
tank_1203,36.5607843137255,1526515200000
tank_1205,92.0,1526515200000
tank_1209,358.0,1526515200000
tank_1217,2.792156862745098,1526515200000
tank_1223,2.0,1526515200000
tank_1226,0.4117647058823529,1526515200000
tank_1228,14.0,1526515200000
tank_1230,0.0,1526515200000
tank_1237,0.0,1526515200000
tank_1239,51.0,1526515200000
tank_1245,239.16862745098038,1526515200000
tank_1246,0.0,1526515200000
tank_1250,9.027450980392157,1526515200000
tank_1254,0.0,1526515200000
tank_1255,52.38431372549019,1526515200000
tank_1258,0.0,1526515200000
tank_1261,0.0,1526515200000
tank_1262,17.333333333333332,1526515200000
tank_1263,2.6627450980392156,1526515200000
tank_1265,0.0,1526515200000
tank_1270,0.0,1526515200000
tank_1272,15.0,1526515200000
tank_1275,5.6117647058823525,1526515200000
tank_1276,0.0,1526515200000
tank_1279,0.0,1526515200000
tank_1280,2.623529411764706,1526515200000
tank_1284,0.0,1526515200000
tank_1285,0.0,1526515200000
tank_1286,15.0,1526515200000
tank_1290,0.0,1526515200000
tank_1291,0.0,1526515200000
tank_1293,0.0,1526515200000
tank_1295,14.458823529411765,1526515200000
tank_1297,27.0,1526515200000
tank_1301,0.0,1526515200000
tank_1302,0.0,1526515200000
tank_1304,1.6509803921568627,1526515200000
tank_1305,0.0,1526515200000
tank_1313,0.0,1526515200000
tank_1322,0.0,1526515200000
tank_1325,0.0,1526515200000
tank_1326,0.0,1526515200000
tank_1344,3.564705882352941,1526515200000
tank_1346,0.0,1526515200000
tank_1349,8.0,1526515200000
tank_1353,128.0,1526515200000
tank_1358,0.9058823529411765,1526515200000
tank_1359,1.6823529411764706,1526515200000
tank_1361,0.0,1526515200000
tank_1364,530.0,1526515200000
tank_1365,0.0,1526515200000
tank_1372,9.0,1526515200000
tank_1374,223.0,1526515200000
tank_1378,8.0,1526515200000
tank_1380,0.0,1526515200000
tank_1386,0.0,1526515200000
tank_1391,0.0,1526515200000
tank_1393,0.0,1526515200000
tank_1396,10.0,1526515200000
tank_1397,3.2,1526515200000
tank_1403,7.0,1526515200000
tank_1409,110.0,1526515200000
tank_1412,0.0,1526515200000
tank_1415,28.066666666666663,1526515200000
tank_1416,0.0,1526515200000
tank_1421,44.0,1526515200000
tank_1422,2.43921568627451,1526515200000
tank_1425,146.0,1526515200000
tank_1426,0.0,1526515200000
tank_1430,0.0,1526515200000
tank_1433,26.0,1526515200000
tank_1438,3.564705882352941,1526515200000
tank_1439,3.0,1526515200000
tank_1441,0.0,1526515200000
tank_1443,10.207843137254903,1526515200000
tank_1445,30.058823529411764,1526515200000
tank_1446,0.0,1526515200000
tank_1450,0.0,1526515200000
tank_1452,2.619607843137255,1526515200000
tank_1456,0.0,1526515200000
tank_1466,4.247058823529412,1526515200000
tank_1471,0.0,1526515200000
tank_1475,221.0,1526515200000
tank_1486,1228.0,1526515200000
tank_1488,2.313725490196078,1526515200000
tank_1491,0.0,1526515200000
tank_1500,0.0,1526515200000
tank_1505,0.0,1526515200000
tank_1513,788.0,1526515200000
tank_1531,0.0,1526515200000
tank_1536,0.0,1526515200000
tank_1539,597.3294117647058,1526515200000
tank_1541,0.0,1526515200000
tank_1542,3.0,1526515200000
tank_1547,0.0,1526515200000
tank_1563,0.0,1526515200000
tank_1564,1.0705882352941176,1526515200000
tank_1565,0.0,1526515200000
tank_1567,0.2784313725490196,1526515200000
tank_1568,2.0,1526515200000
tank_1573,0.0,1526515200000
tank_1583,0.0,1526515200000
tank_1587,177.0,1526515200000
tank_1588,0.0,1526515200000
tank_1592,13.815686274509805,1526515200000
tank_1594,0.0,1526515200000
tank_1595,0.0,1526515200000
tank_1597,2.0,1526515200000
tank_1598,0.0,1526515200000
tank_1600,22.301960784313724,1526515200000
tank_1604,0.0,1526515200000
tank_0002,0.0,1527552000000
tank_0004,0.0,1527552000000
tank_0005,2.996078431372549,1527552000000
tank_0011,1.5333333333333332,1527552000000
tank_0014,0.0,1527552000000
tank_0019,4.0,1527552000000
tank_0024,24.670588235294115,1527552000000
tank_0025,0.0,1527552000000
tank_0026,3.1843137254901963,1527552000000
tank_0027,0.0,1527552000000
tank_0030,0.45098039215686275,1527552000000
tank_0031,4.0,1527552000000
tank_0036,0.5450980392156862,1527552000000
tank_0037,0.0,1527552000000
tank_0038,21.913725490196086,1527552000000
tank_0050,43.67450980392157,1527552000000
tank_0051,0.0,1527552000000
tank_0052,5.603921568627451,1527552000000
tank_0053,95.63921568627454,1527552000000
tank_0055,0.0,1527552000000
tank_0057,18.0,1527552000000
tank_0058,3.8549019607843142,1527552000000
tank_0064,102.72156862745098,1527552000000
tank_0069,1.3607843137254902,1527552000000
tank_0072,0.0,1527552000000
tank_0073,0.0,1527552000000
tank_0080,18.0,1527552000000
tank_0094,0.0,1527552000000
tank_0107,0.8745098039215686,1527552000000
tank_0110,11.0,1527552000000
tank_0113,4.396078431372549,1527552000000
tank_0115,2.2627450980392156,1527552000000
tank_0116,2.16078431372549,1527552000000
tank_0117,38.0,1527552000000
tank_0118,0.0,1527552000000
tank_0122,0.0,1527552000000
tank_0125,17.24313725490196,1527552000000
tank_0130,11.023529411764706,1527552000000
tank_0131,0.00784313725490196,1527552000000
tank_0132,0.0,1527552000000
tank_0134,3.3490196078431373,1527552000000
tank_0135,9.823529411764707,1527552000000
tank_0142,0.0,1527552000000
tank_0143,0.0,1527552000000
tank_0144,0.0,1527552000000
tank_0148,0.0,1527552000000
tank_0153,2.0,1527552000000
tank_0156,72.70196078431373,1527552000000
tank_0159,4.874509803921569,1527552000000
tank_0165,8.28627450980392,1527552000000
tank_0171,0.0,1527552000000
tank_0172,4.0,1527552000000
tank_0174,16.36078431372549,1527552000000
tank_0176,20.901960784313726,1527552000000
tank_0184,5.364705882352942,1527552000000
tank_0187,0.0,1527552000000
tank_0190,2.882352941176471,1527552000000
tank_0192,0.5647058823529412,1527552000000
tank_0193,8.462745098039216,1527552000000
tank_0195,1.0,1527552000000
tank_0199,0.0,1527552000000
tank_0204,0.0,1527552000000
tank_0205,0.09411764705882353,1527552000000
tank_0207,0.8549019607843137,1527552000000
tank_0209,1.2666666666666666,1527552000000
tank_0213,0.8862745098039215,1527552000000
tank_0217,0.0,1527552000000
tank_0220,0.0,1527552000000
tank_0221,24.466666666666672,1527552000000
tank_0225,0.0,1527552000000
tank_0226,15.988235294117647,1527552000000
tank_0228,2.588235294117647,1527552000000
tank_0229,16.850980392156863,1527552000000
tank_0231,0.0,1527552000000
tank_0233,1.0,1527552000000
tank_0236,0.0,1527552000000
tank_0237,25.6078431372549,1527552000000
tank_0240,7.607843137254902,1527552000000
tank_0242,0.0,1527552000000
tank_0245,6.054901960784313,1527552000000
tank_0247,24.0,1527552000000
tank_0256,13.898039215686271,1527552000000
tank_0257,0.5490196078431373,1527552000000
tank_0260,1.4941176470588236,1527552000000
tank_0261,0.0,1527552000000
tank_0264,0.0,1527552000000
tank_0273,5.0,1527552000000
tank_0276,3.0,1527552000000
tank_0278,13.019607843137257,1527552000000
tank_0280,0.0,1527552000000
tank_0291,0.0,1527552000000
tank_0292,9.117647058823529,1527552000000
tank_0296,0.0,1527552000000
tank_0297,13.917647058823531,1527552000000
tank_0299,2.0,1527552000000
tank_0300,18.16078431372549,1527552000000
tank_0301,2.0,1527552000000
tank_0307,1.0,1527552000000
tank_0309,0.0,1527552000000
tank_0313,0.0,1527552000000
tank_0314,1.6352941176470588,1527552000000
tank_0319,11.066666666666666,1527552000000
tank_0321,19.862745098039216,1527552000000
tank_0327,0.8745098039215686,1527552000000
tank_0337,11.996078431372549,1527552000000
tank_0338,4.0,1527552000000
tank_0339,64.74901960784312,1527552000000
tank_0342,6.709803921568628,1527552000000
tank_0345,8.968627450980392,1527552000000
tank_0346,4.752941176470588,1527552000000
tank_0349,1.1372549019607843,1527552000000
tank_0350,4.749019607843137,1527552000000
tank_0353,138.07843137254903,1527552000000
tank_0356,0.0,1527552000000
tank_0360,0.0,1527552000000
tank_0361,14.498039215686273,1527552000000
tank_0362,4.0,1527552000000
tank_0364,0.050980392156862744,1527552000000
tank_0366,24.294117647058826,1527552000000
tank_0369,0.0,1527552000000
tank_0375,0.0,1527552000000
tank_0379,23.227450980392163,1527552000000
tank_0381,2.0,1527552000000
tank_0386,0.0,1527552000000
tank_0390,2.0,1527552000000
tank_0397,2.4745098039215687,1527552000000
tank_0399,0.3568627450980392,1527552000000
tank_0404,3.4980392156862745,1527552000000
tank_0409,0.0,1527552000000
tank_0420,0.0,1527552000000
tank_0425,5.0,1527552000000
tank_0431,0.0,1527552000000
tank_0432,3.1254901960784314,1527552000000
tank_0435,0.0,1527552000000
tank_0436,0.0,1527552000000
tank_0438,1.3568627450980393,1527552000000
tank_0443,2.549019607843137,1527552000000
tank_0444,0.0,1527552000000
tank_0447,50.81960784313726,1527552000000
tank_0448,1.0,1527552000000
tank_0449,1.0,1527552000000
tank_0455,9.345098039215687,1527552000000
tank_0460,0.0,1527552000000
tank_0462,0.0,1527552000000
tank_0466,5.898039215686275,1527552000000
tank_0471,1.0,1527552000000
tank_0473,5.0,1527552000000
tank_0474,2.372549019607843,1527552000000
tank_0481,35.91764705882353,1527552000000
tank_0485,0.0,1527552000000
tank_0489,3.2862745098039214,1527552000000
tank_0491,0.0,1527552000000
tank_0494,5.627450980392157,1527552000000
tank_0497,10.698039215686276,1527552000000
tank_0498,0.4588235294117647,1527552000000
tank_0502,0.0,1527552000000
tank_0505,26.760784313725495,1527552000000
tank_0509,0.03529411764705882,1527552000000
tank_0512,2.0,1527552000000
tank_0514,0.0,1527552000000
tank_0515,0.0,1527552000000
tank_0521,0.0,1527552000000
tank_0524,2.1254901960784314,1527552000000
tank_0526,0.0,1527552000000
tank_0533,6.0,1527552000000
tank_0534,3.4980392156862745,1527552000000
tank_0536,0.0,1527552000000
tank_0537,0.0,1527552000000
tank_0541,1.0,1527552000000
tank_0547,1.0,1527552000000
tank_0552,1.0,1527552000000
tank_0555,0.0,1527552000000
tank_0556,15.843137254901961,1527552000000
tank_0557,0.0,1527552000000
tank_0560,18.415686274509802,1527552000000
tank_0561,1.0,1527552000000
tank_0566,0.0,1527552000000
tank_0567,0.0,1527552000000
tank_0568,27.96078431372549,1527552000000
tank_0574,0.0,1527552000000
tank_0579,0.0,1527552000000
tank_0583,6.0,1527552000000
tank_0587,1.9764705882352942,1527552000000
tank_0589,0.0,1527552000000
tank_0590,0.0,1527552000000
tank_0592,1.0,1527552000000
tank_0593,3.03921568627451,1527552000000
tank_0595,0.0,1527552000000
tank_0600,18.211764705882352,1527552000000
tank_0604,16.29019607843137,1527552000000
tank_0606,50.01960784313725,1527552000000
tank_0607,8.968627450980392,1527552000000
tank_0608,100.0,1527552000000
tank_0610,0.0,1527552000000
tank_0611,4.0,1527552000000
tank_0612,24.345098039215685,1527552000000
tank_0613,0.0,1527552000000
tank_0619,0.0,1527552000000
tank_0626,7.392156862745098,1527552000000
tank_0627,0.0,1527552000000
tank_0628,8.83921568627451,1527552000000
tank_0632,0.0,1527552000000
tank_0633,0.0,1527552000000
tank_0639,2.0,1527552000000
tank_0640,1.0980392156862746,1527552000000
tank_0641,0.0,1527552000000
tank_0643,22.51372549019608,1527552000000
tank_0646,0.0,1527552000000
tank_0663,8.352941176470587,1527552000000
tank_0664,0.0,1527552000000
tank_0666,34.05882352941176,1527552000000
tank_0667,0.0,1527552000000
tank_0670,0.0,1527552000000
tank_0675,0.0,1527552000000
tank_0676,17.0,1527552000000
tank_0678,19.941176470588232,1527552000000
tank_0681,9.972549019607841,1527552000000
tank_0687,1.0,1527552000000
tank_0688,0.0,1527552000000
tank_0697,0.6901960784313725,1527552000000
tank_0720,0.42745098039215684,1527552000000
tank_0722,19.0,1527552000000
tank_0724,24.270588235294117,1527552000000
tank_0725,16.0,1527552000000
tank_0728,5.2705882352941185,1527552000000
tank_0730,0.0,1527552000000
tank_0731,0.0,1527552000000
tank_0732,0.0,1527552000000
tank_0737,0.0,1527552000000
tank_0739,4.4980392156862745,1527552000000
tank_0740,86.42745098039215,1527552000000
tank_0746,0.0,1527552000000
tank_0748,0.0,1527552000000
tank_0749,6.623529411764705,1527552000000
tank_0752,6.007843137254902,1527552000000
tank_0760,5.901960784313726,1527552000000
tank_0770,2.0784313725490193,1527552000000
tank_0772,0.0,1527552000000
tank_0788,3.0,1527552000000
tank_0789,29.0156862745098,1527552000000
tank_0792,254.82745098039211,1527552000000
tank_0797,0.0,1527552000000
tank_0800,8.0,1527552000000
tank_0802,0.0,1527552000000
tank_0803,3.2745098039215685,1527552000000
tank_0808,7.0,1527552000000
tank_0810,0.0,1527552000000
tank_0811,2.0,1527552000000
tank_0812,0.0,1527552000000
tank_0813,1.803921568627451,1527552000000
tank_0816,1.0,1527552000000
tank_0819,0.0,1527552000000
tank_0823,0.0,1527552000000
tank_0824,0.0,1527552000000
tank_0825,1.9294117647058824,1527552000000
tank_0828,0.0,1527552000000
tank_0829,35.984313725490196,1527552000000
tank_0830,0.0,1527552000000
tank_0831,19.247058823529414,1527552000000
tank_0844,0.0,1527552000000
tank_0852,12.611764705882354,1527552000000
tank_0855,46.0,1527552000000
tank_0856,45.0,1527552000000
tank_0860,0.0,1527552000000
tank_0861,0.0,1527552000000
tank_0872,0.0,1527552000000
tank_0875,0.0,1527552000000
tank_0879,0.0,1527552000000
tank_0885,0.0,1527552000000
tank_0891,0.0,1527552000000
tank_0894,406.0,1527552000000
tank_0898,29.0,1527552000000
tank_0900,0.0,1527552000000
tank_0901,0.0,1527552000000
tank_0902,10.0,1527552000000
tank_0914,0.0,1527552000000
tank_0917,25.0,1527552000000
tank_0919,0.0,1527552000000
tank_0920,2.964705882352941,1527552000000
tank_0922,0.0,1527552000000
tank_0923,0.0,1527552000000
tank_0924,25.24313725490196,1527552000000
tank_0926,106.86666666666667,1527552000000
tank_0927,2.0,1527552000000
tank_0928,0.0,1527552000000
tank_0930,51.0,1527552000000
tank_0931,0.0,1527552000000
tank_0933,3.1137254901960785,1527552000000
tank_0934,41.156862745098046,1527552000000
tank_0937,0.3058823529411765,1527552000000
tank_0938,8.494117647058824,1527552000000
tank_0939,0.0,1527552000000
tank_0944,36.0,1527552000000
tank_0946,76.2078431372549,1527552000000
tank_0952,0.0,1527552000000
tank_0958,0.0,1527552000000
tank_0962,66.0,1527552000000
tank_0967,0.0,1527552000000
tank_0975,0.0,1527552000000
tank_0978,3.0,1527552000000
tank_0990,0.0,1527552000000
tank_0991,52.0,1527552000000
tank_0998,0.0,1527552000000
tank_0999,2.0,1527552000000
tank_1003,25.0,1527552000000
tank_1004,9.0,1527552000000
tank_1014,0.0,1527552000000
tank_1026,115.0,1527552000000
tank_1031,0.0,1527552000000
tank_1032,8.266666666666667,1527552000000
tank_1034,0.7490196078431373,1527552000000
tank_1042,9.0,1527552000000
tank_1045,0.0,1527552000000
tank_1049,34.0,1527552000000
tank_1055,4.666666666666666,1527552000000
tank_1061,0.0,1527552000000
tank_1062,6.9450980392156865,1527552000000
tank_1064,0.0,1527552000000
tank_1065,0.0,1527552000000
tank_1066,79.8235294117647,1527552000000
tank_1070,0.0,1527552000000
tank_1073,0.0,1527552000000
tank_1083,0.0,1527552000000
tank_1086,34.74901960784314,1527552000000
tank_1088,3.0,1527552000000
tank_1089,30.0,1527552000000
tank_1090,0.0,1527552000000
tank_1091,34.568627450980394,1527552000000
tank_1094,272.0,1527552000000
tank_1095,0.0,1527552000000
tank_1104,0.0,1527552000000
tank_1113,52.984313725490196,1527552000000
tank_1116,23.96078431372549,1527552000000
tank_1117,0.0,1527552000000
tank_1120,111.0,1527552000000
tank_1121,0.0,1527552000000
tank_1124,0.0,1527552000000
tank_1128,0.0,1527552000000
tank_1134,2.4156862745098038,1527552000000
tank_1135,0.0,1527552000000
tank_1146,0.0,1527552000000
tank_1149,11.290196078431373,1527552000000
tank_1156,1.0,1527552000000
tank_1157,18.02352941176471,1527552000000
tank_1159,0.0,1527552000000
tank_1160,36.0,1527552000000
tank_1166,0.0,1527552000000
tank_1170,18.721568627450978,1527552000000
tank_1175,0.0,1527552000000
tank_1177,1.8980392156862746,1527552000000
tank_1179,17.450980392156865,1527552000000
tank_1181,10.0,1527552000000
tank_1186,0.0,1527552000000
tank_1187,38.603921568627456,1527552000000
tank_1190,3.7490196078431373,1527552000000
tank_1192,1.0,1527552000000
tank_1196,0.0,1527552000000
tank_1197,698.0,1527552000000
tank_1201,0.0,1527552000000
tank_1203,10.396078431372551,1527552000000
tank_1205,36.0,1527552000000
tank_1209,148.0,1527552000000
tank_1217,0.0,1527552000000
tank_1223,1.0,1527552000000
tank_1226,0.6627450980392157,1527552000000
tank_1228,4.0,1527552000000
tank_1230,0.0,1527552000000
tank_1237,0.0,1527552000000
tank_1239,31.0,1527552000000
tank_1245,247.6627450980392,1527552000000
tank_1246,0.0,1527552000000
tank_1250,9.0,1527552000000
tank_1254,0.0,1527552000000
tank_1255,57.717647058823516,1527552000000
tank_1258,0.0,1527552000000
tank_1261,5.168627450980392,1527552000000
tank_1262,4.2,1527552000000
tank_1263,0.9019607843137255,1527552000000
tank_1265,0.0,1527552000000
tank_1270,0.0,1527552000000
tank_1272,6.866666666666667,1527552000000
tank_1275,0.0,1527552000000
tank_1276,0.0,1527552000000
tank_1279,0.0,1527552000000
tank_1280,0.0,1527552000000
tank_1284,0.0,1527552000000
tank_1285,0.0,1527552000000
tank_1286,10.0,1527552000000
tank_1290,0.0,1527552000000
tank_1291,0.0,1527552000000
tank_1293,0.0,1527552000000
tank_1295,6.0588235294117645,1527552000000
tank_1297,6.0,1527552000000
tank_1301,0.0,1527552000000
tank_1302,0.0,1527552000000
tank_1304,10.772549019607844,1527552000000
tank_1305,0.0,1527552000000
tank_1313,0.0,1527552000000
tank_1322,0.0,1527552000000
tank_1325,0.0,1527552000000
tank_1326,0.0,1527552000000
tank_1344,7.12156862745098,1527552000000
tank_1346,1.0,1527552000000
tank_1349,0.0,1527552000000
tank_1353,111.0,1527552000000
tank_1358,1.6274509803921569,1527552000000
tank_1359,0.5294117647058824,1527552000000
tank_1361,0.0,1527552000000
tank_1364,27.0,1527552000000
tank_1365,0.0,1527552000000
tank_1372,2.0,1527552000000
tank_1374,44.0,1527552000000
tank_1378,2.0,1527552000000
tank_1380,0.0,1527552000000
tank_1386,0.0,1527552000000
tank_1391,0.0,1527552000000
tank_1393,0.0,1527552000000
tank_1396,0.0,1527552000000
tank_1397,0.0,1527552000000
tank_1403,0.0,1527552000000
tank_1409,12.0,1527552000000
tank_1412,0.0,1527552000000
tank_1415,21.745098039215687,1527552000000
tank_1416,0.0,1527552000000
tank_1421,30.0,1527552000000
tank_1422,1.4862745098039216,1527552000000
tank_1425,67.0,1527552000000
tank_1426,0.0,1527552000000
tank_1430,0.0,1527552000000
tank_1433,10.0,1527552000000
tank_1438,1.411764705882353,1527552000000
tank_1439,0.0,1527552000000
tank_1441,2.0,1527552000000
tank_1443,19.49411764705882,1527552000000
tank_1445,44.63921568627452,1527552000000
tank_1446,0.0,1527552000000
tank_1450,0.6470588235294118,1527552000000
tank_1452,0.9058823529411765,1527552000000
tank_1456,0.0,1527552000000
tank_1466,0.0,1527552000000
tank_1471,1.7490196078431373,1527552000000
tank_1475,152.0,1527552000000
tank_1486,1026.0,1527552000000
tank_1488,0.0,1527552000000
tank_1491,0.0,1527552000000
tank_1500,0.0,1527552000000
tank_1505,0.0,1527552000000
tank_1513,719.0,1527552000000
tank_1531,1.0,1527552000000
tank_1536,0.0,1527552000000
tank_1539,303.0,1527552000000
tank_1541,0.0,1527552000000
tank_1542,0.0,1527552000000
tank_1547,0.0,1527552000000
tank_1563,0.0,1527552000000
tank_1564,3.701960784313725,1527552000000
tank_1565,0.0,1527552000000
tank_1567,5.0,1527552000000
tank_1568,0.0,1527552000000
tank_1573,0.0,1527552000000
tank_1583,2.0,1527552000000
tank_1587,17.0,1527552000000
tank_1588,1.0,1527552000000
tank_1592,11.0,1527552000000
tank_1594,0.0,1527552000000
tank_1595,0.0,1527552000000
tank_1597,1.0,1527552000000
tank_1598,0.0,1527552000000
tank_1600,7.349019607843137,1527552000000
tank_1604,0.0,1527552000000
tank_0002,0.0,1528588800000
tank_0004,0.0,1528588800000
tank_0005,0.0,1528588800000
tank_0011,0.0,1528588800000
tank_0014,0.0,1528588800000
tank_0019,0.0,1528588800000
tank_0024,41.52156862745098,1528588800000
tank_0025,0.0,1528588800000
tank_0026,0.0,1528588800000
tank_0027,4.435294117647058,1528588800000
tank_0030,2.0,1528588800000
tank_0031,2.0,1528588800000
tank_0036,0.0,1528588800000
tank_0037,0.0,1528588800000
tank_0038,1.6431372549019607,1528588800000
tank_0050,6.301960784313725,1528588800000
tank_0051,0.0,1528588800000
tank_0052,0.0,1528588800000
tank_0053,24.89803921568627,1528588800000
tank_0055,0.0,1528588800000
tank_0057,0.0,1528588800000
tank_0058,0.0,1528588800000
tank_0064,12.698039215686274,1528588800000
tank_0069,1.6235294117647059,1528588800000
tank_0072,0.0,1528588800000
tank_0073,0.0,1528588800000
tank_0080,18.0,1528588800000
tank_0094,0.0,1528588800000
tank_0107,0.7294117647058823,1528588800000
tank_0110,7.0,1528588800000
tank_0113,11.0,1528588800000
tank_0115,4.0,1528588800000
tank_0116,0.0,1528588800000
tank_0117,0.0,1528588800000
tank_0118,0.0,1528588800000
tank_0122,0.0,1528588800000
tank_0125,16.941176470588236,1528588800000
tank_0130,3.0,1528588800000
tank_0131,0.6235294117647059,1528588800000
tank_0132,0.0,1528588800000
tank_0134,10.137254901960784,1528588800000
tank_0135,2.996078431372549,1528588800000
tank_0142,0.0,1528588800000
tank_0143,0.0,1528588800000
tank_0144,0.0,1528588800000
tank_0148,0.0,1528588800000
tank_0153,0.0,1528588800000
tank_0156,58.33725490196078,1528588800000
tank_0159,13.898039215686275,1528588800000
tank_0165,2.23921568627451,1528588800000
tank_0171,0.0,1528588800000
tank_0172,0.0,1528588800000
tank_0174,0.6823529411764706,1528588800000
tank_0176,12.949019607843137,1528588800000
tank_0184,0.0,1528588800000
tank_0187,0.5568627450980392,1528588800000
tank_0190,1.0,1528588800000
tank_0192,0.0,1528588800000
tank_0193,7.0,1528588800000
tank_0195,5.949019607843137,1528588800000
tank_0199,0.0,1528588800000
tank_0204,0.0,1528588800000
tank_0205,0.0,1528588800000
tank_0207,0.0,1528588800000
tank_0209,1.0,1528588800000
tank_0213,0.0,1528588800000
tank_0217,0.0,1528588800000
tank_0220,0.0,1528588800000
tank_0221,1.0588235294117647,1528588800000
tank_0225,0.0,1528588800000
tank_0226,0.0,1528588800000
tank_0228,0.0,1528588800000
tank_0229,0.23921568627450981,1528588800000
tank_0231,3.537254901960784,1528588800000
tank_0233,0.0,1528588800000
tank_0236,2.0,1528588800000
tank_0237,0.0,1528588800000
tank_0240,0.0,1528588800000
tank_0242,0.0,1528588800000
tank_0245,4.2980392156862735,1528588800000
tank_0247,27.0,1528588800000
tank_0256,2.0,1528588800000
tank_0257,0.0,1528588800000
tank_0260,1.3372549019607844,1528588800000
tank_0261,0.0,1528588800000
tank_0264,0.0,1528588800000
tank_0273,0.0,1528588800000
tank_0276,0.0,1528588800000
tank_0278,10.529411764705882,1528588800000
tank_0280,0.8117647058823529,1528588800000
tank_0291,0.0,1528588800000
tank_0292,10.454901960784314,1528588800000
tank_0296,0.0,1528588800000
tank_0297,8.388235294117647,1528588800000
tank_0299,11.160784313725488,1528588800000
tank_0300,17.152941176470588,1528588800000
tank_0301,0.0,1528588800000
tank_0307,0.0,1528588800000
tank_0309,0.0,1528588800000
tank_0313,0.0,1528588800000
tank_0314,1.4039215686274509,1528588800000
tank_0319,5.662745098039216,1528588800000
tank_0321,3.7294117647058824,1528588800000
tank_0327,0.0,1528588800000
tank_0337,0.0,1528588800000
tank_0338,0.0,1528588800000
tank_0339,46.062745098039215,1528588800000
tank_0342,11.145098039215686,1528588800000
tank_0345,0.0,1528588800000
tank_0346,1.6588235294117646,1528588800000
tank_0349,0.0,1528588800000
tank_0350,0.4980392156862745,1528588800000
tank_0353,76.8078431372549,1528588800000
tank_0356,0.0,1528588800000
tank_0360,0.0,1528588800000
tank_0361,11.698039215686274,1528588800000
tank_0362,0.0,1528588800000
tank_0364,1.7176470588235295,1528588800000
tank_0366,13.807843137254903,1528588800000
tank_0369,0.0,1528588800000
tank_0375,0.0,1528588800000
tank_0379,4.996078431372549,1528588800000
tank_0381,0.0,1528588800000
tank_0386,0.0,1528588800000
tank_0390,0.0,1528588800000
tank_0397,0.0,1528588800000
tank_0399,0.0,1528588800000
tank_0404,3.0,1528588800000
tank_0409,1.0,1528588800000
tank_0420,0.0,1528588800000
tank_0425,0.0,1528588800000
tank_0431,0.0,1528588800000
tank_0432,0.0,1528588800000
tank_0435,0.0,1528588800000
tank_0436,0.0,1528588800000
tank_0438,0.4196078431372549,1528588800000
tank_0443,0.0,1528588800000
tank_0444,0.0,1528588800000
tank_0447,20.764705882352942,1528588800000
tank_0448,88.89411764705883,1528588800000
tank_0449,0.0,1528588800000
tank_0455,8.423529411764706,1528588800000
tank_0460,0.0,1528588800000
tank_0462,0.0,1528588800000
tank_0466,0.0,1528588800000
tank_0471,0.0,1528588800000
tank_0473,18.380392156862744,1528588800000
tank_0474,0.0,1528588800000
tank_0481,31.26274509803922,1528588800000
tank_0485,0.0,1528588800000
tank_0489,11.992156862745098,1528588800000
tank_0491,0.0,1528588800000
tank_0494,3.898039215686275,1528588800000
tank_0497,3.4980392156862745,1528588800000
tank_0498,0.17254901960784313,1528588800000
tank_0502,0.0,1528588800000
tank_0505,10.137254901960784,1528588800000
tank_0509,4.4941176470588236,1528588800000
tank_0512,2.0,1528588800000
tank_0514,0.0,1528588800000
tank_0515,5.301960784313725,1528588800000
tank_0521,0.0,1528588800000
tank_0524,0.8745098039215686,1528588800000
tank_0526,3.0,1528588800000
tank_0533,5.0,1528588800000
tank_0534,0.0,1528588800000
tank_0536,0.0,1528588800000
tank_0537,0.0,1528588800000
tank_0541,0.0,1528588800000
tank_0547,4.0,1528588800000
tank_0552,1.2470588235294118,1528588800000
tank_0555,0.0,1528588800000
tank_0556,4.984313725490196,1528588800000
tank_0557,0.0,1528588800000
tank_0560,15.1921568627451,1528588800000
tank_0561,0.0,1528588800000
tank_0566,0.0,1528588800000
tank_0567,0.0,1528588800000
tank_0568,31.419607843137253,1528588800000
tank_0574,0.0,1528588800000
tank_0579,0.0,1528588800000
tank_0583,0.0,1528588800000
tank_0587,4.6,1528588800000
tank_0589,0.0,1528588800000
tank_0590,0.0,1528588800000
tank_0592,5.0,1528588800000
tank_0593,0.0,1528588800000
tank_0595,0.0,1528588800000
tank_0600,0.8470588235294118,1528588800000
tank_0604,20.188235294117646,1528588800000
tank_0606,22.0,1528588800000
tank_0607,1.5568627450980392,1528588800000
tank_0608,2.0,1528588800000
tank_0610,0.0,1528588800000
tank_0611,3.0470588235294116,1528588800000
tank_0612,25.14901960784314,1528588800000
tank_0613,0.0,1528588800000
tank_0619,1.0,1528588800000
tank_0626,0.0,1528588800000
tank_0627,0.0,1528588800000
tank_0628,0.0,1528588800000
tank_0632,0.0,1528588800000
tank_0633,0.0,1528588800000
tank_0639,0.0,1528588800000
tank_0640,0.0,1528588800000
tank_0641,0.0,1528588800000
tank_0643,8.576470588235294,1528588800000
tank_0646,0.0,1528588800000
tank_0663,0.0,1528588800000
tank_0664,0.0,1528588800000
tank_0666,0.0,1528588800000
tank_0667,1.0,1528588800000
tank_0670,0.0,1528588800000
tank_0675,0.0,1528588800000
tank_0676,0.0,1528588800000
tank_0678,11.086274509803923,1528588800000
tank_0681,0.0,1528588800000
tank_0687,0.0,1528588800000
tank_0688,0.0,1528588800000
tank_0697,0.0,1528588800000
tank_0720,0.0,1528588800000
tank_0722,8.0,1528588800000
tank_0724,3.0,1528588800000
tank_0725,17.44705882352941,1528588800000
tank_0728,0.0,1528588800000
tank_0730,4.756862745098039,1528588800000
tank_0731,0.0,1528588800000
tank_0732,0.0,1528588800000
tank_0737,0.0,1528588800000
tank_0739,2.0,1528588800000
tank_0740,34.89019607843137,1528588800000
tank_0746,0.0,1528588800000
tank_0748,0.0,1528588800000
tank_0749,0.0,1528588800000
tank_0752,0.1843137254901961,1528588800000
tank_0760,0.48627450980392156,1528588800000
tank_0770,8.87843137254902,1528588800000
tank_0772,0.0,1528588800000
tank_0788,0.0,1528588800000
tank_0789,16.25490196078431,1528588800000
tank_0792,202.61960784313723,1528588800000
tank_0797,0.0,1528588800000
tank_0800,11.490196078431373,1528588800000
tank_0802,0.0,1528588800000
tank_0803,5.258823529411765,1528588800000
tank_0808,19.01176470588235,1528588800000
tank_0810,0.0,1528588800000
tank_0811,0.0,1528588800000
tank_0812,0.0,1528588800000
tank_0813,0.0,1528588800000
tank_0816,1.7294117647058824,1528588800000
tank_0819,0.0,1528588800000
tank_0823,0.0,1528588800000
tank_0824,0.0,1528588800000
tank_0825,0.0,1528588800000
tank_0828,0.0,1528588800000
tank_0829,22.0,1528588800000
tank_0830,0.0,1528588800000
tank_0831,12.254901960784315,1528588800000
tank_0844,0.0,1528588800000
tank_0852,0.9254901960784314,1528588800000
tank_0855,45.0,1528588800000
tank_0856,8.0,1528588800000
tank_0860,0.0,1528588800000
tank_0861,0.0,1528588800000
tank_0872,0.0,1528588800000
tank_0875,0.0,1528588800000
tank_0879,0.0,1528588800000
tank_0885,0.0,1528588800000
tank_0891,0.0,1528588800000
tank_0894,1.0,1528588800000
tank_0898,4.0,1528588800000
tank_0900,0.0,1528588800000
tank_0901,0.0,1528588800000
tank_0902,4.0,1528588800000
tank_0914,0.0,1528588800000
tank_0917,10.0,1528588800000
tank_0919,0.0,1528588800000
tank_0920,0.0,1528588800000
tank_0922,8.0,1528588800000
tank_0923,0.0,1528588800000
tank_0924,15.733333333333334,1528588800000
tank_0926,76.72156862745098,1528588800000
tank_0927,14.133333333333331,1528588800000
tank_0928,0.0,1528588800000
tank_0930,46.0,1528588800000
tank_0931,0.0,1528588800000
tank_0933,0.25098039215686274,1528588800000
tank_0934,4.0,1528588800000
tank_0937,1.3333333333333335,1528588800000
tank_0938,4.0,1528588800000
tank_0939,0.0,1528588800000
tank_0944,29.0,1528588800000
tank_0946,46.34117647058824,1528588800000
tank_0952,0.0,1528588800000
tank_0958,0.0,1528588800000
tank_0962,60.0,1528588800000
tank_0967,1.3882352941176472,1528588800000
tank_0975,0.0,1528588800000
tank_0978,0.0,1528588800000
tank_0990,0.0,1528588800000
tank_0991,1.0,1528588800000
tank_0998,0.0,1528588800000
tank_0999,6.0,1528588800000
tank_1003,17.0,1528588800000
tank_1004,0.8156862745098039,1528588800000
tank_1014,2.0,1528588800000
tank_1026,46.0,1528588800000
tank_1031,0.0,1528588800000
tank_1032,5.31764705882353,1528588800000
tank_1034,1.7529411764705882,1528588800000
tank_1042,4.0,1528588800000
tank_1045,0.0,1528588800000
tank_1049,9.0,1528588800000
tank_1055,4.803921568627452,1528588800000
tank_1061,0.0,1528588800000
tank_1062,0.0,1528588800000
tank_1064,0.0,1528588800000
tank_1065,0.5294117647058824,1528588800000
tank_1066,7.627450980392156,1528588800000
tank_1070,0.0,1528588800000
tank_1073,0.0,1528588800000
tank_1083,1.0,1528588800000
tank_1086,8.156862745098039,1528588800000
tank_1088,3.2549019607843137,1528588800000
tank_1089,27.0,1528588800000
tank_1090,0.0,1528588800000
tank_1091,8.0,1528588800000
tank_1094,50.0,1528588800000
tank_1095,3.0,1528588800000
tank_1104,0.0,1528588800000
tank_1113,39.0,1528588800000
tank_1116,22.274509803921568,1528588800000
tank_1117,0.0,1528588800000
tank_1120,70.0,1528588800000
tank_1121,0.0,1528588800000
tank_1124,2.0,1528588800000
tank_1128,0.0,1528588800000
tank_1134,0.0,1528588800000
tank_1135,0.0,1528588800000
tank_1146,24.0,1528588800000
tank_1149,5.266666666666667,1528588800000
tank_1156,5.564705882352941,1528588800000
tank_1157,13.117647058823533,1528588800000
tank_1159,0.0,1528588800000
tank_1160,29.0,1528588800000
tank_1166,0.18823529411764706,1528588800000
tank_1170,27.701960784313723,1528588800000
tank_1175,0.0,1528588800000
tank_1177,11.066666666666666,1528588800000
tank_1179,18.50980392156863,1528588800000
tank_1181,1.0,1528588800000
tank_1186,0.0,1528588800000
tank_1187,15.839215686274509,1528588800000
tank_1190,8.0,1528588800000
tank_1192,29.0,1528588800000
tank_1196,0.0,1528588800000
tank_1197,250.0,1528588800000
tank_1201,0.0,1528588800000
tank_1203,0.0,1528588800000
tank_1205,0.0,1528588800000
tank_1209,0.0,1528588800000
tank_1217,0.0,1528588800000
tank_1223,0.0,1528588800000
tank_1226,1.2941176470588236,1528588800000
tank_1228,9.0,1528588800000
tank_1230,0.0,1528588800000
tank_1237,0.0,1528588800000
tank_1239,7.0,1528588800000
tank_1245,170.88235294117655,1528588800000
tank_1246,2.580392156862745,1528588800000
tank_1250,7.0,1528588800000
tank_1254,0.0,1528588800000
tank_1255,19.49411764705882,1528588800000
tank_1258,0.0,1528588800000
tank_1261,2.0,1528588800000
tank_1262,0.6627450980392158,1528588800000
tank_1263,0.0,1528588800000
tank_1265,0.0,1528588800000
tank_1270,0.0,1528588800000
tank_1272,13.0,1528588800000
tank_1275,0.37254901960784315,1528588800000
tank_1276,0.0,1528588800000
tank_1279,0.0,1528588800000
tank_1280,1.0,1528588800000
tank_1284,0.3411764705882353,1528588800000
tank_1285,1.0,1528588800000
tank_1286,15.0,1528588800000
tank_1290,0.0,1528588800000
tank_1291,0.0,1528588800000
tank_1293,0.0,1528588800000
tank_1295,5.0,1528588800000
tank_1297,0.0,1528588800000
tank_1301,0.0,1528588800000
tank_1302,4.0,1528588800000
tank_1304,0.23529411764705882,1528588800000
tank_1305,0.0,1528588800000
tank_1313,0.0,1528588800000
tank_1322,0.0,1528588800000
tank_1325,0.0,1528588800000
tank_1326,0.0,1528588800000
tank_1344,0.0,1528588800000
tank_1346,0.0,1528588800000
tank_1349,0.0,1528588800000
tank_1353,9.0,1528588800000
tank_1358,0.0,1528588800000
tank_1359,0.0,1528588800000
tank_1361,0.0,1528588800000
tank_1364,23.0,1528588800000
tank_1365,0.0,1528588800000
tank_1372,0.0,1528588800000
tank_1374,103.0,1528588800000
tank_1378,0.0,1528588800000
tank_1380,0.0,1528588800000
tank_1386,0.0,1528588800000
tank_1391,14.0,1528588800000
tank_1393,0.0,1528588800000
tank_1396,0.0,1528588800000
tank_1397,0.0,1528588800000
tank_1403,10.0,1528588800000
tank_1409,0.0,1528588800000
tank_1412,0.0,1528588800000
tank_1415,5.0,1528588800000
tank_1416,9.980392156862745,1528588800000
tank_1421,50.0,1528588800000
tank_1422,0.0,1528588800000
tank_1425,18.0,1528588800000
tank_1426,0.0,1528588800000
tank_1430,11.0,1528588800000
tank_1433,25.0,1528588800000
tank_1438,0.0,1528588800000
tank_1439,66.69411764705882,1528588800000
tank_1441,5.0,1528588800000
tank_1443,27.486274509803923,1528588800000
tank_1445,11.431372549019608,1528588800000
tank_1446,0.0,1528588800000
tank_1450,0.0,1528588800000
tank_1452,3.8823529411764706,1528588800000
tank_1456,0.0,1528588800000
tank_1466,0.0,1528588800000
tank_1471,0.0,1528588800000
tank_1475,0.0,1528588800000
tank_1486,90.0,1528588800000
tank_1488,18.0,1528588800000
tank_1491,0.0,1528588800000
tank_1500,0.0,1528588800000
tank_1505,3.0,1528588800000
tank_1513,16.0,1528588800000
tank_1531,16.0,1528588800000
tank_1536,0.0,1528588800000
tank_1539,221.0,1528588800000
tank_1541,0.0,1528588800000
tank_1542,0.0,1528588800000
tank_1547,0.0,1528588800000
tank_1563,0.0,1528588800000
tank_1564,0.0,1528588800000
tank_1565,0.0,1528588800000
tank_1567,23.0,1528588800000
tank_1568,0.0,1528588800000
tank_1573,0.0,1528588800000
tank_1583,53.49019607843138,1528588800000
tank_1587,83.0,1528588800000
tank_1588,2.0,1528588800000
tank_1592,21.168627450980395,1528588800000
tank_1594,0.0,1528588800000
tank_1595,0.0,1528588800000
tank_1597,0.0,1528588800000
tank_1598,0.0,1528588800000
tank_1600,14.058823529411764,1528588800000
tank_1604,0.0,1528588800000
tank_0002,0.0,1529625600000
tank_0004,0.0,1529625600000
tank_0005,0.0,1529625600000
tank_0011,0.0,1529625600000
tank_0014,0.0,1529625600000
tank_0019,0.0,1529625600000
tank_0024,24.301960784313728,1529625600000
tank_0025,6.976470588235294,1529625600000
tank_0026,0.0,1529625600000
tank_0027,0.0,1529625600000
tank_0030,3.0,1529625600000
tank_0031,0.0,1529625600000
tank_0036,0.0,1529625600000
tank_0037,0.0,1529625600000
tank_0038,0.054901960784313725,1529625600000
tank_0050,11.592156862745096,1529625600000
tank_0051,0.0,1529625600000
tank_0052,12.0,1529625600000
tank_0053,61.674509803921566,1529625600000
tank_0055,0.37254901960784315,1529625600000
tank_0057,26.0,1529625600000
tank_0058,0.0,1529625600000
tank_0064,24.06274509803921,1529625600000
tank_0069,4.870588235294118,1529625600000
tank_0072,0.0,1529625600000
tank_0073,0.0,1529625600000
tank_0080,16.0,1529625600000
tank_0094,0.0,1529625600000
tank_0107,0.0,1529625600000
tank_0110,54.92549019607843,1529625600000
tank_0113,54.75294117647059,1529625600000
tank_0115,0.0,1529625600000
tank_0116,1.3215686274509804,1529625600000
tank_0117,19.0,1529625600000
tank_0118,0.0,1529625600000
tank_0122,0.0,1529625600000
tank_0125,74.05882352941175,1529625600000
tank_0130,22.290196078431375,1529625600000
tank_0131,0.0,1529625600000
tank_0132,0.0,1529625600000
tank_0134,1.0,1529625600000
tank_0135,18.584313725490198,1529625600000
tank_0142,1.5058823529411764,1529625600000
tank_0143,0.0,1529625600000
tank_0144,0.0,1529625600000
tank_0148,2.152941176470588,1529625600000
tank_0153,0.0,1529625600000
tank_0156,48.40392156862745,1529625600000
tank_0159,5.623529411764705,1529625600000
tank_0165,0.0,1529625600000
tank_0171,0.0,1529625600000
tank_0172,0.0,1529625600000
tank_0174,10.533333333333331,1529625600000
tank_0176,2.0,1529625600000
tank_0184,2.7137254901960786,1529625600000
tank_0187,8.784313725490197,1529625600000
tank_0190,5.764705882352941,1529625600000
tank_0192,6.6,1529625600000
tank_0193,8.588235294117647,1529625600000
tank_0195,21.341176470588238,1529625600000
tank_0199,0.0,1529625600000
tank_0204,0.0,1529625600000
tank_0205,0.0,1529625600000
tank_0207,0.0,1529625600000
tank_0209,0.0,1529625600000
tank_0213,0.0,1529625600000
tank_0217,0.0,1529625600000
tank_0220,1.0,1529625600000
tank_0221,24.26274509803922,1529625600000
tank_0225,0.0,1529625600000
tank_0226,14.996078431372547,1529625600000
tank_0228,0.0,1529625600000
tank_0229,0.0,1529625600000
tank_0231,0.0,1529625600000
tank_0233,2.0,1529625600000
tank_0236,0.0,1529625600000
tank_0237,20.4078431372549,1529625600000
tank_0240,0.0,1529625600000
tank_0242,0.0,1529625600000
tank_0245,2.623529411764706,1529625600000
tank_0247,24.0,1529625600000
tank_0256,1.0,1529625600000
tank_0257,0.0,1529625600000
tank_0260,0.1607843137254902,1529625600000
tank_0261,0.0,1529625600000
tank_0264,0.0,1529625600000
tank_0273,2.0,1529625600000
tank_0276,1.0431372549019609,1529625600000
tank_0278,8.0,1529625600000
tank_0280,0.7764705882352941,1529625600000
tank_0291,0.0,1529625600000
tank_0292,20.929411764705883,1529625600000
tank_0296,0.0,1529625600000
tank_0297,6.0627450980392155,1529625600000
tank_0299,23.192156862745094,1529625600000
tank_0300,12.580392156862745,1529625600000
tank_0301,0.0,1529625600000
tank_0307,0.0,1529625600000
tank_0309,0.0,1529625600000
tank_0313,0.0,1529625600000
tank_0314,2.023529411764706,1529625600000
tank_0319,13.313725490196079,1529625600000
tank_0321,22.501960784313724,1529625600000
tank_0327,2.0,1529625600000
tank_0337,3.9019607843137254,1529625600000
tank_0338,0.0,1529625600000
tank_0339,58.133333333333326,1529625600000
tank_0342,13.83529411764706,1529625600000
tank_0345,0.25098039215686274,1529625600000
tank_0346,0.0,1529625600000
tank_0349,1.1764705882352942,1529625600000
tank_0350,5.258823529411764,1529625600000
tank_0353,93.88235294117648,1529625600000
tank_0356,0.0,1529625600000
tank_0360,0.0,1529625600000
tank_0361,8.415686274509804,1529625600000
tank_0362,0.0,1529625600000
tank_0364,0.0,1529625600000
tank_0366,14.882352941176471,1529625600000
tank_0369,0.0,1529625600000
tank_0375,0.0,1529625600000
tank_0379,18.325490196078434,1529625600000
tank_0381,1.0,1529625600000
tank_0386,0.0,1529625600000
tank_0390,5.0,1529625600000
tank_0397,0.0,1529625600000
tank_0399,0.0,1529625600000
tank_0404,0.0,1529625600000
tank_0409,0.0,1529625600000
tank_0420,0.0,1529625600000
tank_0425,0.0,1529625600000
tank_0431,0.0,1529625600000
tank_0432,0.0,1529625600000
tank_0435,0.0,1529625600000
tank_0436,0.0,1529625600000
tank_0438,0.0,1529625600000
tank_0443,0.0,1529625600000
tank_0444,0.0,1529625600000
tank_0447,29.349019607843136,1529625600000
tank_0448,64.48235294117647,1529625600000
tank_0449,0.0,1529625600000
tank_0455,1.0745098039215686,1529625600000
tank_0460,0.0,1529625600000
tank_0462,0.0,1529625600000
tank_0466,0.6745098039215687,1529625600000
tank_0471,0.0,1529625600000
tank_0473,2.7450980392156863,1529625600000
tank_0474,7.517647058823529,1529625600000
tank_0481,18.698039215686272,1529625600000
tank_0485,0.0,1529625600000
tank_0489,13.129411764705882,1529625600000
tank_0491,0.0,1529625600000
tank_0494,1.811764705882353,1529625600000
tank_0497,0.0,1529625600000
tank_0498,2.9647058823529413,1529625600000
tank_0502,0.0,1529625600000
tank_0505,15.713725490196081,1529625600000
tank_0509,0.0,1529625600000
tank_0512,0.0,1529625600000
tank_0514,0.0,1529625600000
tank_0515,3.7058823529411766,1529625600000
tank_0521,0.0,1529625600000
tank_0524,0.13333333333333333,1529625600000
tank_0526,6.0,1529625600000
tank_0533,0.0,1529625600000
tank_0534,3.0,1529625600000
tank_0536,0.0,1529625600000
tank_0537,0.0,1529625600000
tank_0541,0.4980392156862745,1529625600000
tank_0547,1.7960784313725489,1529625600000
tank_0552,2.2470588235294118,1529625600000
tank_0555,0.0,1529625600000
tank_0556,1.5372549019607844,1529625600000
tank_0557,4.0,1529625600000
tank_0560,14.250980392156862,1529625600000
tank_0561,4.0,1529625600000
tank_0566,0.0,1529625600000
tank_0567,0.0,1529625600000
tank_0568,16.541176470588233,1529625600000
tank_0574,0.0,1529625600000
tank_0579,0.0,1529625600000
tank_0583,11.0,1529625600000
tank_0587,0.0,1529625600000
tank_0589,0.0,1529625600000
tank_0590,2.0,1529625600000
tank_0592,0.0,1529625600000
tank_0593,0.0,1529625600000
tank_0595,0.4980392156862745,1529625600000
tank_0600,21.32941176470588,1529625600000
tank_0604,0.7450980392156863,1529625600000
tank_0606,4.0,1529625600000
tank_0607,8.654901960784315,1529625600000
tank_0608,8.0,1529625600000
tank_0610,0.0,1529625600000
tank_0611,8.0,1529625600000
tank_0612,10.054901960784314,1529625600000
tank_0613,0.0,1529625600000
tank_0619,0.0,1529625600000
tank_0626,0.0,1529625600000
tank_0627,0.0,1529625600000
tank_0628,0.0,1529625600000
tank_0632,0.0,1529625600000
tank_0633,0.0,1529625600000
tank_0639,0.0,1529625600000
tank_0640,0.0,1529625600000
tank_0641,3.0901960784313722,1529625600000
tank_0643,9.0,1529625600000
tank_0646,0.0,1529625600000
tank_0663,0.0,1529625600000
tank_0664,0.0,1529625600000
tank_0666,0.0,1529625600000
tank_0667,0.1607843137254902,1529625600000
tank_0670,0.0,1529625600000
tank_0675,0.0,1529625600000
tank_0676,0.0,1529625600000
tank_0678,1.9411764705882353,1529625600000
tank_0681,0.0,1529625600000
tank_0687,0.0,1529625600000
tank_0688,0.0,1529625600000
tank_0697,0.0,1529625600000
tank_0720,0.0,1529625600000
tank_0722,0.0,1529625600000
tank_0724,3.325490196078431,1529625600000
tank_0725,18.0,1529625600000
tank_0728,0.0,1529625600000
tank_0730,2.2509803921568627,1529625600000
tank_0731,0.0,1529625600000
tank_0732,0.0,1529625600000
tank_0737,5.666666666666666,1529625600000
tank_0739,0.9725490196078432,1529625600000
tank_0740,40.54117647058824,1529625600000
tank_0746,0.0,1529625600000
tank_0748,0.0,1529625600000
tank_0749,1.7411764705882353,1529625600000
tank_0752,1.9686274509803923,1529625600000
tank_0760,0.0,1529625600000
tank_0770,1.0,1529625600000
tank_0772,0.0,1529625600000
tank_0788,0.0,1529625600000
tank_0789,0.7529411764705882,1529625600000
tank_0792,170.35686274509803,1529625600000
tank_0797,0.0,1529625600000
tank_0800,16.576470588235296,1529625600000
tank_0802,0.5019607843137255,1529625600000
tank_0803,6.0,1529625600000
tank_0808,1.0980392156862744,1529625600000
tank_0810,0.0,1529625600000
tank_0811,9.780392156862744,1529625600000
tank_0812,0.0,1529625600000
tank_0813,1.1647058823529413,1529625600000
tank_0816,0.0,1529625600000
tank_0819,0.0,1529625600000
tank_0823,0.0,1529625600000
tank_0824,0.0,1529625600000
tank_0825,1.0,1529625600000
tank_0828,0.0,1529625600000
tank_0829,36.984313725490196,1529625600000
tank_0830,0.0,1529625600000
tank_0831,19.478431372549025,1529625600000
tank_0844,0.0,1529625600000
tank_0852,0.0,1529625600000
tank_0855,22.0,1529625600000
tank_0856,0.0,1529625600000
tank_0860,2.0,1529625600000
tank_0861,0.0,1529625600000
tank_0872,0.0,1529625600000
tank_0875,0.0,1529625600000
tank_0879,0.0,1529625600000
tank_0885,0.0,1529625600000
tank_0891,0.0,1529625600000
tank_0894,0.0,1529625600000
tank_0898,0.0,1529625600000
tank_0900,16.337254901960787,1529625600000
tank_0901,0.0,1529625600000
tank_0902,2.0,1529625600000
tank_0914,0.0,1529625600000
tank_0917,4.0,1529625600000
tank_0919,0.0,1529625600000
tank_0920,5.584313725490196,1529625600000
tank_0922,7.0,1529625600000
tank_0923,7.0,1529625600000
tank_0924,24.890196078431376,1529625600000
tank_0926,64.36470588235295,1529625600000
tank_0927,22.584313725490194,1529625600000
tank_0928,0.0,1529625600000
tank_0930,43.0,1529625600000
tank_0931,0.0,1529625600000
tank_0933,2.2823529411764705,1529625600000
tank_0934,2.0,1529625600000
tank_0937,2.0,1529625600000
tank_0938,6.87843137254902,1529625600000
tank_0939,1.4980392156862745,1529625600000
tank_0944,9.0,1529625600000
tank_0946,30.75686274509804,1529625600000
tank_0952,1.780392156862745,1529625600000
tank_0958,0.0,1529625600000
tank_0962,15.0,1529625600000
tank_0967,0.0,1529625600000
tank_0975,0.0,1529625600000
tank_0978,14.854901960784314,1529625600000
tank_0990,0.0,1529625600000
tank_0991,0.0,1529625600000
tank_0998,2.0,1529625600000
tank_0999,0.0,1529625600000
tank_1003,0.0,1529625600000
tank_1004,5.87843137254902,1529625600000
tank_1014,0.0,1529625600000
tank_1026,58.0,1529625600000
tank_1031,0.0,1529625600000
tank_1032,4.184313725490196,1529625600000
tank_1034,0.3686274509803922,1529625600000
tank_1042,12.0,1529625600000
tank_1045,0.0,1529625600000
tank_1049,1.0,1529625600000
tank_1055,7.262745098039215,1529625600000
tank_1061,0.0,1529625600000
tank_1062,0.0,1529625600000
tank_1064,1.0,1529625600000
tank_1065,2.0,1529625600000
tank_1066,96.55686274509804,1529625600000
tank_1070,0.0,1529625600000
tank_1073,0.0,1529625600000
tank_1083,0.0,1529625600000
tank_1086,16.0,1529625600000
tank_1088,0.7647058823529411,1529625600000
tank_1089,32.0,1529625600000
tank_1090,0.0,1529625600000
tank_1091,3.0,1529625600000
tank_1094,0.0,1529625600000
tank_1095,0.0,1529625600000
tank_1104,1.8745098039215686,1529625600000
tank_1113,8.0,1529625600000
tank_1116,25.709803921568625,1529625600000
tank_1117,0.0,1529625600000
tank_1120,18.0,1529625600000
tank_1121,0.0,1529625600000
tank_1124,1.0,1529625600000
tank_1128,0.0,1529625600000
tank_1134,1.2078431372549019,1529625600000
tank_1135,0.0,1529625600000
tank_1146,7.0,1529625600000
tank_1149,21.466666666666665,1529625600000
tank_1156,0.0,1529625600000
tank_1157,14.611764705882354,1529625600000
tank_1159,0.0,1529625600000
tank_1160,43.0,1529625600000
tank_1166,0.0,1529625600000
tank_1170,13.72156862745098,1529625600000
tank_1175,0.0,1529625600000
tank_1177,0.0,1529625600000
tank_1179,7.803921568627451,1529625600000
tank_1181,0.0,1529625600000
tank_1186,0.0,1529625600000
tank_1187,24.647058823529413,1529625600000
tank_1190,0.0,1529625600000
tank_1192,13.0,1529625600000
tank_1196,0.0,1529625600000
tank_1197,165.0,1529625600000
tank_1201,0.0,1529625600000
tank_1203,3.3450980392156864,1529625600000
tank_1205,14.0,1529625600000
tank_1209,5.0,1529625600000
tank_1217,0.0,1529625600000
tank_1223,1.0,1529625600000
tank_1226,1.0705882352941176,1529625600000
tank_1228,0.0,1529625600000
tank_1230,0.1607843137254902,1529625600000
tank_1237,0.0,1529625600000
tank_1239,4.0,1529625600000
tank_1245,131.0705882352942,1529625600000
tank_1246,3.0,1529625600000
tank_1250,0.0,1529625600000
tank_1254,0.0,1529625600000
tank_1255,10.0,1529625600000
tank_1258,0.0,1529625600000
tank_1261,0.0,1529625600000
tank_1262,0.0,1529625600000
tank_1263,0.0,1529625600000
tank_1265,0.0,1529625600000
tank_1270,0.0,1529625600000
tank_1272,14.0,1529625600000
tank_1275,0.0,1529625600000
tank_1276,0.0,1529625600000
tank_1279,0.0,1529625600000
tank_1280,2.843137254901961,1529625600000
tank_1284,1.7490196078431373,1529625600000
tank_1285,0.0,1529625600000
tank_1286,0.0,1529625600000
tank_1290,0.0,1529625600000
tank_1291,0.0,1529625600000
tank_1293,0.0,1529625600000
tank_1295,3.0588235294117645,1529625600000
tank_1297,2.0,1529625600000
tank_1301,0.0,1529625600000
tank_1302,0.0,1529625600000
tank_1304,5.368627450980393,1529625600000
tank_1305,0.7725490196078431,1529625600000
tank_1313,0.0,1529625600000
tank_1322,0.0,1529625600000
tank_1325,0.0,1529625600000
tank_1326,0.0,1529625600000
tank_1344,7.0,1529625600000
tank_1346,0.0,1529625600000
tank_1349,0.0,1529625600000
tank_1353,25.0,1529625600000
tank_1358,0.0,1529625600000
tank_1359,0.0,1529625600000
tank_1361,0.0,1529625600000
tank_1364,15.0,1529625600000
tank_1365,0.0,1529625600000
tank_1372,0.0,1529625600000
tank_1374,2.0,1529625600000
tank_1378,0.0,1529625600000
tank_1380,0.0,1529625600000
tank_1386,0.0,1529625600000
tank_1391,0.0,1529625600000
tank_1393,0.0,1529625600000
tank_1396,0.0,1529625600000
tank_1397,2.145098039215686,1529625600000
tank_1403,0.0,1529625600000
tank_1409,0.0,1529625600000
tank_1412,0.0,1529625600000
tank_1415,0.0,1529625600000
tank_1416,0.9803921568627451,1529625600000
tank_1421,1.0,1529625600000
tank_1422,0.0,1529625600000
tank_1425,31.0,1529625600000
tank_1426,0.0,1529625600000
tank_1430,0.0,1529625600000
tank_1433,16.0,1529625600000
tank_1438,5.286274509803921,1529625600000
tank_1439,1.4980392156862745,1529625600000
tank_1441,0.0,1529625600000
tank_1443,22.45098039215687,1529625600000
tank_1445,21.87843137254902,1529625600000
tank_1446,0.0,1529625600000
tank_1450,0.0,1529625600000
tank_1452,0.0,1529625600000
tank_1456,4.03921568627451,1529625600000
tank_1466,0.0,1529625600000
tank_1471,0.0,1529625600000
tank_1475,0.0,1529625600000
tank_1486,224.0,1529625600000
tank_1488,5.0,1529625600000
tank_1491,0.0,1529625600000
tank_1500,0.0,1529625600000
tank_1505,0.0,1529625600000
tank_1513,86.0,1529625600000
tank_1531,13.0,1529625600000
tank_1536,0.0,1529625600000
tank_1539,151.0,1529625600000
tank_1541,0.0,1529625600000
tank_1542,0.0,1529625600000
tank_1547,0.0,1529625600000
tank_1563,0.0,1529625600000
tank_1564,0.0,1529625600000
tank_1565,2.0,1529625600000
tank_1567,2.0,1529625600000
tank_1568,0.0,1529625600000
tank_1573,0.0,1529625600000
tank_1583,37.811764705882354,1529625600000
tank_1587,27.0,1529625600000
tank_1588,0.0,1529625600000
tank_1592,0.0,1529625600000
tank_1594,0.0,1529625600000
tank_1595,0.0,1529625600000
tank_1597,0.0,1529625600000
tank_1598,0.0,1529625600000
tank_1600,14.4078431372549,1529625600000
tank_1604,0.0,1529625600000
tank_0002,0.0,1530662400000
tank_0004,4.372549019607844,1530662400000
tank_0005,0.0,1530662400000
tank_0011,0.0,1530662400000
tank_0014,0.0,1530662400000
tank_0019,1.0,1530662400000
tank_0024,40.003921568627455,1530662400000
tank_0025,0.0,1530662400000
tank_0026,6.207843137254902,1530662400000
tank_0027,1.607843137254902,1530662400000
tank_0030,0.0,1530662400000
tank_0031,0.0,1530662400000
tank_0036,16.184313725490195,1530662400000
tank_0037,0.0,1530662400000
tank_0038,15.32549019607843,1530662400000
tank_0050,4.423529411764706,1530662400000
tank_0051,0.0,1530662400000
tank_0052,11.239215686274509,1530662400000
tank_0053,80.5058823529412,1530662400000
tank_0055,4.176470588235294,1530662400000
tank_0057,42.0,1530662400000
tank_0058,0.972549019607843,1530662400000
tank_0064,41.647058823529406,1530662400000
tank_0069,12.803921568627453,1530662400000
tank_0072,0.0,1530662400000
tank_0073,0.0,1530662400000
tank_0080,19.95294117647059,1530662400000
tank_0094,1.7411764705882353,1530662400000
tank_0107,0.0,1530662400000
tank_0110,42.0,1530662400000
tank_0113,37.76862745098039,1530662400000
tank_0115,0.0,1530662400000
tank_0116,4.517647058823529,1530662400000
tank_0117,59.0,1530662400000
tank_0118,0.0,1530662400000
tank_0122,0.0,1530662400000
tank_0125,50.97647058823529,1530662400000
tank_0130,12.309803921568628,1530662400000
tank_0131,0.0,1530662400000
tank_0132,0.0,1530662400000
tank_0134,15.0,1530662400000
tank_0135,5.745098039215686,1530662400000
tank_0142,10.564705882352941,1530662400000
tank_0143,0.0,1530662400000
tank_0144,0.0,1530662400000
tank_0148,2.0,1530662400000
tank_0153,0.0,1530662400000
tank_0156,58.772549019607844,1530662400000
tank_0159,0.0,1530662400000
tank_0165,0.0,1530662400000
tank_0171,0.0,1530662400000
tank_0172,0.0,1530662400000
tank_0174,2.6274509803921564,1530662400000
tank_0176,9.952941176470588,1530662400000
tank_0184,2.0,1530662400000
tank_0187,0.30196078431372547,1530662400000
tank_0190,7.262745098039216,1530662400000
tank_0192,6.976470588235293,1530662400000
tank_0193,27.980392156862745,1530662400000
tank_0195,34.14901960784313,1530662400000
tank_0199,0.16470588235294117,1530662400000
tank_0204,0.0,1530662400000
tank_0205,0.0,1530662400000
tank_0207,0.0,1530662400000
tank_0209,0.0,1530662400000
tank_0213,0.0,1530662400000
tank_0217,2.0,1530662400000
tank_0220,0.0,1530662400000
tank_0221,14.109803921568627,1530662400000
tank_0225,0.0,1530662400000
tank_0226,0.27058823529411763,1530662400000
tank_0228,0.0,1530662400000
tank_0229,3.9411764705882355,1530662400000
tank_0231,4.411764705882353,1530662400000
tank_0233,15.847058823529414,1530662400000
tank_0236,19.67843137254902,1530662400000
tank_0237,30.36470588235294,1530662400000
tank_0240,4.035294117647059,1530662400000
tank_0242,2.0,1530662400000
tank_0245,2.0745098039215684,1530662400000
tank_0247,30.901960784313726,1530662400000
tank_0256,8.52156862745098,1530662400000
tank_0257,0.0,1530662400000
tank_0260,3.549019607843137,1530662400000
tank_0261,0.0,1530662400000
tank_0264,0.0,1530662400000
tank_0273,3.0,1530662400000
tank_0276,0.6627450980392156,1530662400000
tank_0278,3.2,1530662400000
tank_0280,2.1019607843137256,1530662400000
tank_0291,0.0,1530662400000
tank_0292,18.658823529411762,1530662400000
tank_0296,0.0,1530662400000
tank_0297,9.91764705882353,1530662400000
tank_0299,13.262745098039215,1530662400000
tank_0300,6.788235294117647,1530662400000
tank_0301,0.24705882352941178,1530662400000
tank_0307,0.0,1530662400000
tank_0309,0.0,1530662400000
tank_0313,0.09411764705882353,1530662400000
tank_0314,3.003921568627451,1530662400000
tank_0319,4.0,1530662400000
tank_0321,8.0,1530662400000
tank_0327,8.250980392156862,1530662400000
tank_0337,8.074509803921568,1530662400000
tank_0338,0.0,1530662400000
tank_0339,50.06274509803922,1530662400000
tank_0342,11.631372549019607,1530662400000
tank_0345,0.0,1530662400000
tank_0346,0.0,1530662400000
tank_0349,6.078431372549019,1530662400000
tank_0350,3.592156862745098,1530662400000
tank_0353,111.09019607843135,1530662400000
tank_0356,0.0,1530662400000
tank_0360,2.427450980392157,1530662400000
tank_0361,12.16470588235294,1530662400000
tank_0362,0.047058823529411764,1530662400000
tank_0364,2.9607843137254903,1530662400000
tank_0366,27.30980392156863,1530662400000
tank_0369,0.0,1530662400000
tank_0375,0.0,1530662400000
tank_0379,8.529411764705882,1530662400000
tank_0381,0.0,1530662400000
tank_0386,3.2627450980392156,1530662400000
tank_0390,5.0,1530662400000
tank_0397,0.0,1530662400000
tank_0399,0.0,1530662400000
tank_0404,8.0,1530662400000
tank_0409,0.0,1530662400000
tank_0420,0.0,1530662400000
tank_0425,0.0,1530662400000
tank_0431,0.0,1530662400000
tank_0432,0.3568627450980392,1530662400000
tank_0435,0.0,1530662400000
tank_0436,0.0,1530662400000
tank_0438,0.07450980392156863,1530662400000
tank_0443,0.8588235294117647,1530662400000
tank_0444,0.0,1530662400000
tank_0447,52.498039215686276,1530662400000
tank_0448,65.77254901960785,1530662400000
tank_0449,4.0,1530662400000
tank_0455,12.309803921568626,1530662400000
tank_0460,0.0,1530662400000
tank_0462,0.0,1530662400000
tank_0466,1.0,1530662400000
tank_0471,0.0,1530662400000
tank_0473,1.2470588235294118,1530662400000
tank_0474,0.0,1530662400000
tank_0481,34.67843137254903,1530662400000
tank_0485,0.0,1530662400000
tank_0489,6.145098039215686,1530662400000
tank_0491,0.0,1530662400000
tank_0494,0.0,1530662400000
tank_0497,1.0,1530662400000
tank_0498,0.18823529411764706,1530662400000
tank_0502,0.0,1530662400000
tank_0505,45.999999999999986,1530662400000
tank_0509,1.843137254901961,1530662400000
tank_0512,0.0,1530662400000
tank_0514,0.0,1530662400000
tank_0515,0.0,1530662400000
tank_0521,0.0,1530662400000
tank_0524,3.929411764705882,1530662400000
tank_0526,8.0,1530662400000
tank_0533,5.0,1530662400000
tank_0534,0.996078431372549,1530662400000
tank_0536,0.0,1530662400000
tank_0537,0.0,1530662400000
tank_0541,0.0,1530662400000
tank_0547,1.0,1530662400000
tank_0552,6.0,1530662400000
tank_0555,0.0,1530662400000
tank_0556,1.8784313725490196,1530662400000
tank_0557,0.25098039215686274,1530662400000
tank_0560,30.176470588235293,1530662400000
tank_0561,5.0,1530662400000
tank_0566,0.0,1530662400000
tank_0567,0.0,1530662400000
tank_0568,44.90980392156863,1530662400000
tank_0574,0.0,1530662400000
tank_0579,0.0,1530662400000
tank_0583,17.0,1530662400000
tank_0587,0.0,1530662400000
tank_0589,0.0,1530662400000
tank_0590,2.0,1530662400000
tank_0592,0.0,1530662400000
tank_0593,0.0,1530662400000
tank_0595,0.0,1530662400000
tank_0600,3.211764705882353,1530662400000
tank_0604,8.67450980392157,1530662400000
tank_0606,11.0,1530662400000
tank_0607,0.0,1530662400000
tank_0608,67.0,1530662400000
tank_0610,0.0,1530662400000
tank_0611,0.0,1530662400000
tank_0612,1.4901960784313728,1530662400000
tank_0613,11.352941176470589,1530662400000
tank_0619,1.0,1530662400000
tank_0626,11.372549019607844,1530662400000
tank_0627,0.0,1530662400000
tank_0628,0.615686274509804,1530662400000
tank_0632,0.0,1530662400000
tank_0633,0.0,1530662400000
tank_0639,0.0,1530662400000
tank_0640,0.0,1530662400000
tank_0641,4.0,1530662400000
tank_0643,1.8745098039215689,1530662400000
tank_0646,0.5019607843137255,1530662400000
tank_0663,4.0,1530662400000
tank_0664,0.0,1530662400000
tank_0666,1.0,1530662400000
tank_0667,0.0,1530662400000
tank_0670,0.0,1530662400000
tank_0675,0.0,1530662400000
tank_0676,0.0,1530662400000
tank_0678,0.0,1530662400000
tank_0681,0.0,1530662400000
tank_0687,2.0,1530662400000
tank_0688,0.0,1530662400000
tank_0697,0.0,1530662400000
tank_0720,0.0,1530662400000
tank_0722,9.0,1530662400000
tank_0724,4.545098039215686,1530662400000
tank_0725,6.0,1530662400000
tank_0728,0.9176470588235294,1530662400000
tank_0730,2.156862745098039,1530662400000
tank_0731,0.0,1530662400000
tank_0732,0.0,1530662400000
tank_0737,0.0,1530662400000
tank_0739,0.0,1530662400000
tank_0740,30.027450980392157,1530662400000
tank_0746,0.0,1530662400000
tank_0748,0.0,1530662400000
tank_0749,14.039215686274511,1530662400000
tank_0752,3.325490196078431,1530662400000
tank_0760,3.8509803921568633,1530662400000
tank_0770,2.992156862745098,1530662400000
tank_0772,1.6666666666666665,1530662400000
tank_0788,0.0,1530662400000
tank_0789,7.51764705882353,1530662400000
tank_0792,141.8627450980392,1530662400000
tank_0797,0.0,1530662400000
tank_0800,22.0,1530662400000
tank_0802,3.0,1530662400000
tank_0803,1.2745098039215685,1530662400000
tank_0808,10.384313725490196,1530662400000
tank_0810,0.0,1530662400000
tank_0811,12.282352941176471,1530662400000
tank_0812,0.0,1530662400000
tank_0813,0.0,1530662400000
tank_0816,0.0,1530662400000
tank_0819,0.0,1530662400000
tank_0823,0.0,1530662400000
tank_0824,0.0,1530662400000
tank_0825,7.0,1530662400000
tank_0828,0.0,1530662400000
tank_0829,33.984313725490196,1530662400000
tank_0830,0.0,1530662400000
tank_0831,27.901960784313722,1530662400000
tank_0844,0.0,1530662400000
tank_0852,1.1254901960784314,1530662400000
tank_0855,0.0,1530662400000
tank_0856,82.0,1530662400000
tank_0860,8.690196078431374,1530662400000
tank_0861,0.0,1530662400000
tank_0872,0.0,1530662400000
tank_0875,0.0,1530662400000
tank_0879,0.0,1530662400000
tank_0885,0.0,1530662400000
tank_0891,0.0,1530662400000
tank_0894,23.0,1530662400000
tank_0898,3.0,1530662400000
tank_0900,21.745098039215687,1530662400000
tank_0901,0.0,1530662400000
tank_0902,11.0,1530662400000
tank_0914,0.0,1530662400000
tank_0917,15.0,1530662400000
tank_0919,0.0,1530662400000
tank_0920,3.231372549019608,1530662400000
tank_0922,1.0,1530662400000
tank_0923,3.7058823529411766,1530662400000
tank_0924,51.29411764705882,1530662400000
tank_0926,60.46666666666666,1530662400000
tank_0927,9.223529411764705,1530662400000
tank_0928,0.0,1530662400000
tank_0930,49.0,1530662400000
tank_0931,0.0,1530662400000
tank_0933,5.1764705882352935,1530662400000
tank_0934,19.823529411764707,1530662400000
tank_0937,0.0,1530662400000
tank_0938,3.0,1530662400000
tank_0939,0.0,1530662400000
tank_0944,25.0,1530662400000
tank_0946,32.529411764705884,1530662400000
tank_0952,1.7019607843137254,1530662400000
tank_0958,0.0,1530662400000
tank_0962,79.0,1530662400000
tank_0967,0.0,1530662400000
tank_0975,0.0,1530662400000
tank_0978,0.0,1530662400000
tank_0990,0.0,1530662400000
tank_0991,51.0,1530662400000
tank_0998,0.0,1530662400000
tank_0999,0.0,1530662400000
tank_1003,17.0,1530662400000
tank_1004,0.8784313725490196,1530662400000
tank_1014,4.0,1530662400000
tank_1026,66.0,1530662400000
tank_1031,0.0,1530662400000
tank_1032,1.4352941176470588,1530662400000
tank_1034,0.0,1530662400000
tank_1042,10.0,1530662400000
tank_1045,0.0,1530662400000
tank_1049,37.0,1530662400000
tank_1055,15.513725490196078,1530662400000
tank_1061,0.0,1530662400000
tank_1062,1.0,1530662400000
tank_1064,0.0,1530662400000
tank_1065,1.0,1530662400000
tank_1066,52.13725490196081,1530662400000
tank_1070,2.0,1530662400000
tank_1073,0.0,1530662400000
tank_1083,0.0,1530662400000
tank_1086,24.0,1530662400000
tank_1088,1.0,1530662400000
tank_1089,32.8,1530662400000
tank_1090,0.0,1530662400000
tank_1091,4.0,1530662400000
tank_1094,169.0,1530662400000
tank_1095,0.0,1530662400000
tank_1104,1.5019607843137255,1530662400000
tank_1113,0.0,1530662400000
tank_1116,20.247058823529414,1530662400000
tank_1117,0.0,1530662400000
tank_1120,66.0,1530662400000
tank_1121,0.0,1530662400000
tank_1124,0.0,1530662400000
tank_1128,0.0,1530662400000
tank_1134,3.627450980392157,1530662400000
tank_1135,0.0,1530662400000
tank_1146,3.0,1530662400000
tank_1149,18.007843137254905,1530662400000
tank_1156,0.0,1530662400000
tank_1157,15.486274509803923,1530662400000
tank_1159,0.0,1530662400000
tank_1160,44.0,1530662400000
tank_1166,0.20784313725490194,1530662400000
tank_1170,21.60392156862745,1530662400000
tank_1175,0.0,1530662400000
tank_1177,0.0,1530662400000
tank_1179,9.643137254901962,1530662400000
tank_1181,0.0,1530662400000
tank_1186,0.0,1530662400000
tank_1187,18.094117647058823,1530662400000
tank_1190,4.0,1530662400000
tank_1192,8.0,1530662400000
tank_1196,0.0,1530662400000
tank_1197,362.0,1530662400000
tank_1201,0.0,1530662400000
tank_1203,3.211764705882353,1530662400000
tank_1205,14.0,1530662400000
tank_1209,270.0,1530662400000
tank_1217,0.0,1530662400000
tank_1223,0.0,1530662400000
tank_1226,2.0705882352941174,1530662400000
tank_1228,0.0,1530662400000
tank_1230,0.0,1530662400000
tank_1237,0.0,1530662400000
tank_1239,10.0,1530662400000
tank_1245,84.65098039215684,1530662400000
tank_1246,0.0,1530662400000
tank_1250,16.498039215686273,1530662400000
tank_1254,4.0,1530662400000
tank_1255,7.666666666666667,1530662400000
tank_1258,1.0,1530662400000
tank_1261,0.12549019607843137,1530662400000
tank_1262,1.3725490196078431,1530662400000
tank_1263,0.0,1530662400000
tank_1265,0.0,1530662400000
tank_1270,0.0,1530662400000
tank_1272,15.0,1530662400000
tank_1275,0.0,1530662400000
tank_1276,0.0,1530662400000
tank_1279,0.0,1530662400000
tank_1280,0.0,1530662400000
tank_1284,1.7490196078431373,1530662400000
tank_1285,0.0,1530662400000
tank_1286,2.0,1530662400000
tank_1290,0.0,1530662400000
tank_1291,0.0,1530662400000
tank_1293,0.0,1530662400000
tank_1295,3.0,1530662400000
tank_1297,3.0,1530662400000
tank_1301,0.0,1530662400000
tank_1302,0.0,1530662400000
tank_1304,0.0,1530662400000
tank_1305,1.0,1530662400000
tank_1313,0.0,1530662400000
tank_1322,0.0,1530662400000
tank_1325,0.0,1530662400000
tank_1326,1.5921568627450982,1530662400000
tank_1344,4.686274509803922,1530662400000
tank_1346,0.0,1530662400000
tank_1349,1.0,1530662400000
tank_1353,48.0,1530662400000
tank_1358,0.0,1530662400000
tank_1359,0.0,1530662400000
tank_1361,0.0,1530662400000
tank_1364,190.0,1530662400000
tank_1365,0.0,1530662400000
tank_1372,0.0,1530662400000
tank_1374,100.0,1530662400000
tank_1378,0.0,1530662400000
tank_1380,0.0,1530662400000
tank_1386,0.0,1530662400000
tank_1391,0.0,1530662400000
tank_1393,0.0,1530662400000
tank_1396,0.0,1530662400000
tank_1397,0.0,1530662400000
tank_1403,10.0,1530662400000
tank_1409,0.0,1530662400000
tank_1412,0.0,1530662400000
tank_1415,0.0,1530662400000
tank_1416,8.0,1530662400000
tank_1421,65.0,1530662400000
tank_1422,0.0,1530662400000
tank_1425,24.0,1530662400000
tank_1426,0.0,1530662400000
tank_1430,0.0,1530662400000
tank_1433,36.0,1530662400000
tank_1438,9.419607843137255,1530662400000
tank_1439,6.913725490196079,1530662400000
tank_1441,0.0,1530662400000
tank_1443,30.09019607843138,1530662400000
tank_1445,9.627450980392156,1530662400000
tank_1446,0.0,1530662400000
tank_1450,0.0,1530662400000
tank_1452,0.615686274509804,1530662400000
tank_1456,0.0,1530662400000
tank_1466,0.0,1530662400000
tank_1471,0.0,1530662400000
tank_1475,10.0,1530662400000
tank_1486,1061.0,1530662400000
tank_1488,46.0,1530662400000
tank_1491,0.0,1530662400000
tank_1500,0.0,1530662400000
tank_1505,2.0,1530662400000
tank_1513,581.0,1530662400000
tank_1531,12.0,1530662400000
tank_1536,0.0,1530662400000
tank_1539,528.0,1530662400000
tank_1541,0.0,1530662400000
tank_1542,0.0,1530662400000
tank_1547,0.0,1530662400000
tank_1563,0.0,1530662400000
tank_1564,0.0,1530662400000
tank_1565,0.0,1530662400000
tank_1567,0.0,1530662400000
tank_1568,0.0,1530662400000
tank_1573,0.0,1530662400000
tank_1583,36.63137254901961,1530662400000
tank_1587,144.0,1530662400000
tank_1588,3.0,1530662400000
tank_1592,0.0,1530662400000
tank_1594,0.0,1530662400000
tank_1595,0.0,1530662400000
tank_1597,0.0,1530662400000
tank_1598,0.0,1530662400000
tank_1600,0.0,1530662400000
tank_1604,0.0,1530662400000
tank_0002,0.0,1531699200000
tank_0004,0.0,1531699200000
tank_0005,0.0,1531699200000
tank_0011,0.0,1531699200000
tank_0014,0.0,1531699200000
tank_0019,0.0,1531699200000
tank_0024,15.658823529411764,1531699200000
tank_0025,0.0,1531699200000
tank_0026,1.0,1531699200000
tank_0027,0.0,1531699200000
tank_0030,6.0,1531699200000
tank_0031,0.0,1531699200000
tank_0036,0.3254901960784314,1531699200000
tank_0037,0.0,1531699200000
tank_0038,24.49803921568628,1531699200000
tank_0050,2.0,1531699200000
tank_0051,0.0,1531699200000
tank_0052,13.36078431372549,1531699200000
tank_0053,97.69019607843137,1531699200000
tank_0055,0.0,1531699200000
tank_0057,0.0,1531699200000
tank_0058,0.0,1531699200000
tank_0064,14.501960784313727,1531699200000
tank_0069,2.5098039215686274,1531699200000
tank_0072,0.0,1531699200000
tank_0073,0.0,1531699200000
tank_0080,18.827450980392157,1531699200000
tank_0094,0.0,1531699200000
tank_0107,3.32156862745098,1531699200000
tank_0110,12.04313725490196,1531699200000
tank_0113,22.83137254901961,1531699200000
tank_0115,0.0,1531699200000
tank_0116,3.631372549019608,1531699200000
tank_0117,15.0,1531699200000
tank_0118,0.0,1531699200000
tank_0122,0.0,1531699200000
tank_0125,32.44313725490196,1531699200000
tank_0130,17.6,1531699200000
tank_0131,0.0,1531699200000
tank_0132,0.0,1531699200000
tank_0134,12.270588235294118,1531699200000
tank_0135,6.0,1531699200000
tank_0142,0.0,1531699200000
tank_0143,0.0,1531699200000
tank_0144,0.0,1531699200000
tank_0148,0.0,1531699200000
tank_0153,0.0,1531699200000
tank_0156,30.701960784313727,1531699200000
tank_0159,0.0,1531699200000
tank_0165,0.8745098039215686,1531699200000
tank_0171,0.0,1531699200000
tank_0172,0.0,1531699200000
tank_0174,11.627450980392156,1531699200000
tank_0176,1.1098039215686275,1531699200000
tank_0184,5.0,1531699200000
tank_0187,0.0,1531699200000
tank_0190,3.329411764705882,1531699200000
tank_0192,1.988235294117647,1531699200000
tank_0193,1.4470588235294117,1531699200000
tank_0195,0.0,1531699200000
tank_0199,0.0,1531699200000
tank_0204,0.0,1531699200000
tank_0205,0.0,1531699200000
tank_0207,0.0,1531699200000
tank_0209,0.0,1531699200000
tank_0213,0.0,1531699200000
tank_0217,0.0,1531699200000
tank_0220,0.0,1531699200000
tank_0221,6.5019607843137255,1531699200000
tank_0225,0.0,1531699200000
tank_0226,0.0,1531699200000
tank_0228,0.0,1531699200000
tank_0229,1.7215686274509805,1531699200000
tank_0231,1.384313725490196,1531699200000
tank_0233,0.0,1531699200000
tank_0236,14.384313725490196,1531699200000
tank_0237,8.074509803921568,1531699200000
tank_0240,2.9215686274509807,1531699200000
tank_0242,0.0,1531699200000
tank_0245,0.0,1531699200000
tank_0247,13.0,1531699200000
tank_0256,0.0,1531699200000
tank_0257,0.0,1531699200000
tank_0260,0.0,1531699200000
tank_0261,0.0,1531699200000
tank_0264,0.0,1531699200000
tank_0273,0.0,1531699200000
tank_0276,2.0431372549019606,1531699200000
tank_0278,1.7999999999999998,1531699200000
tank_0280,0.0,1531699200000
tank_0291,0.0,1531699200000
tank_0292,3.0901960784313727,1531699200000
tank_0296,0.0,1531699200000
tank_0297,0.0,1531699200000
tank_0299,14.43529411764706,1531699200000
tank_0300,2.0,1531699200000
tank_0301,0.8745098039215686,1531699200000
tank_0307,0.0,1531699200000
tank_0309,0.0,1531699200000
tank_0313,0.0,1531699200000
tank_0314,0.0,1531699200000
tank_0319,2.0,1531699200000
tank_0321,1.384313725490196,1531699200000
tank_0327,0.0,1531699200000
tank_0337,1.0,1531699200000
tank_0338,0.0,1531699200000
tank_0339,6.76078431372549,1531699200000
tank_0342,10.95686274509804,1531699200000
tank_0345,0.0,1531699200000
tank_0346,1.0823529411764707,1531699200000
tank_0349,2.0,1531699200000
tank_0350,6.768627450980392,1531699200000
tank_0353,15.4078431372549,1531699200000
tank_0356,0.0,1531699200000
tank_0360,0.0,1531699200000
tank_0361,9.023529411764706,1531699200000
tank_0362,0.0,1531699200000
tank_0364,0.12549019607843137,1531699200000
tank_0366,17.274509803921568,1531699200000
tank_0369,0.0,1531699200000
tank_0375,0.0,1531699200000
tank_0379,16.31764705882353,1531699200000
tank_0381,0.0,1531699200000
tank_0386,0.0,1531699200000
tank_0390,7.0,1531699200000
tank_0397,0.0,1531699200000
tank_0399,0.0,1531699200000
tank_0404,0.0,1531699200000
tank_0409,0.0,1531699200000
tank_0420,0.0,1531699200000
tank_0425,0.0,1531699200000
tank_0431,0.0,1531699200000
tank_0432,3.2509803921568627,1531699200000
tank_0435,0.0,1531699200000
tank_0436,0.0,1531699200000
tank_0438,0.0,1531699200000
tank_0443,0.6235294117647059,1531699200000
tank_0444,0.0,1531699200000
tank_0447,4.5058823529411764,1531699200000
tank_0448,27.482352941176472,1531699200000
tank_0449,0.0,1531699200000
tank_0455,14.24705882352941,1531699200000
tank_0460,0.0,1531699200000
tank_0462,0.0,1531699200000
tank_0466,0.0,1531699200000
tank_0471,0.0,1531699200000
tank_0473,0.0,1531699200000
tank_0474,0.0,1531699200000
tank_0481,24.92549019607843,1531699200000
tank_0485,0.0,1531699200000
tank_0489,2.635294117647059,1531699200000
tank_0491,0.0,1531699200000
tank_0494,4.68235294117647,1531699200000
tank_0497,0.0,1531699200000
tank_0498,0.3607843137254902,1531699200000
tank_0502,0.0,1531699200000
tank_0505,8.141176470588237,1531699200000
tank_0509,1.4941176470588236,1531699200000
tank_0512,0.0,1531699200000
tank_0514,0.0,1531699200000
tank_0515,1.7058823529411764,1531699200000
tank_0521,0.0,1531699200000
tank_0524,2.3607843137254902,1531699200000
tank_0526,4.0,1531699200000
tank_0533,5.0,1531699200000
tank_0534,0.0,1531699200000
tank_0536,0.0,1531699200000
tank_0537,0.0,1531699200000
tank_0541,0.0,1531699200000
tank_0547,0.8352941176470589,1531699200000
tank_0552,6.294117647058823,1531699200000
tank_0555,0.0,1531699200000
tank_0556,0.0,1531699200000
tank_0557,0.396078431372549,1531699200000
tank_0560,9.996078431372549,1531699200000
tank_0561,2.0,1531699200000
tank_0566,0.0,1531699200000
tank_0567,4.623529411764705,1531699200000
tank_0568,21.41960784313726,1531699200000
tank_0574,0.0,1531699200000
tank_0579,0.0,1531699200000
tank_0583,0.0,1531699200000
tank_0587,0.0,1531699200000
tank_0589,0.0,1531699200000
tank_0590,0.0,1531699200000
tank_0592,1.2470588235294118,1531699200000
tank_0593,0.03137254901960784,1531699200000
tank_0595,0.0,1531699200000
tank_0600,2.023529411764706,1531699200000
tank_0604,2.4745098039215687,1531699200000
tank_0606,5.0,1531699200000
tank_0607,5.0,1531699200000
tank_0608,0.0,1531699200000
tank_0610,0.0,1531699200000
tank_0611,8.0,1531699200000
tank_0612,5.631372549019607,1531699200000
tank_0613,3.8862745098039215,1531699200000
tank_0619,0.0,1531699200000
tank_0626,12.0,1531699200000
tank_0627,0.0,1531699200000
tank_0628,0.0,1531699200000
tank_0632,0.0,1531699200000
tank_0633,0.0,1531699200000
tank_0639,0.0,1531699200000
tank_0640,0.0,1531699200000
tank_0641,0.0,1531699200000
tank_0643,1.4549019607843137,1531699200000
tank_0646,1.427450980392157,1531699200000
tank_0663,7.0,1531699200000
tank_0664,0.0,1531699200000
tank_0666,4.0,1531699200000
tank_0667,6.0,1531699200000
tank_0670,0.0,1531699200000
tank_0675,0.03137254901960784,1531699200000
tank_0676,0.0,1531699200000
tank_0678,0.19215686274509805,1531699200000
tank_0681,0.7294117647058824,1531699200000
tank_0687,0.0,1531699200000
tank_0688,3.0,1531699200000
tank_0697,0.0,1531699200000
tank_0720,0.42745098039215684,1531699200000
tank_0722,1.3725490196078431,1531699200000
tank_0724,13.027450980392157,1531699200000
tank_0725,2.0,1531699200000
tank_0728,0.0,1531699200000
tank_0730,0.0,1531699200000
tank_0731,0.0,1531699200000
tank_0732,0.0,1531699200000
tank_0737,0.0,1531699200000
tank_0739,0.0,1531699200000
tank_0740,33.80392156862746,1531699200000
tank_0746,0.7568627450980392,1531699200000
tank_0748,0.0,1531699200000
tank_0749,6.352941176470589,1531699200000
tank_0752,3.2470588235294118,1531699200000
tank_0760,15.729411764705882,1531699200000
tank_0770,3.545098039215686,1531699200000
tank_0772,0.0,1531699200000
tank_0788,0.0,1531699200000
tank_0789,29.0156862745098,1531699200000
tank_0792,158.71372549019608,1531699200000
tank_0797,0.0,1531699200000
tank_0800,12.541176470588235,1531699200000
tank_0802,3.0,1531699200000
tank_0803,7.0,1531699200000
tank_0808,5.909803921568627,1531699200000
tank_0810,0.0,1531699200000
tank_0811,12.192156862745097,1531699200000
tank_0812,0.0,1531699200000
tank_0813,3.0000000000000004,1531699200000
tank_0816,0.0,1531699200000
tank_0819,0.0,1531699200000
tank_0823,0.0,1531699200000
tank_0824,0.0,1531699200000
tank_0825,7.0,1531699200000
tank_0828,0.0,1531699200000
tank_0829,15.984313725490196,1531699200000
tank_0830,0.0,1531699200000
tank_0831,25.22352941176471,1531699200000
tank_0844,0.0,1531699200000
tank_0852,3.0,1531699200000
tank_0855,0.0,1531699200000
tank_0856,0.0,1531699200000
tank_0860,0.0,1531699200000
tank_0861,0.0,1531699200000
tank_0872,0.0,1531699200000
tank_0875,0.0,1531699200000
tank_0879,0.0,1531699200000
tank_0885,0.0,1531699200000
tank_0891,0.0,1531699200000
tank_0894,0.0,1531699200000
tank_0898,0.0,1531699200000
tank_0900,0.0,1531699200000
tank_0901,0.0,1531699200000
tank_0902,0.0,1531699200000
tank_0914,0.0,1531699200000
tank_0917,0.0,1531699200000
tank_0919,3.0,1531699200000
tank_0920,0.0,1531699200000
tank_0922,0.0,1531699200000
tank_0923,0.0,1531699200000
tank_0924,16.721568627450978,1531699200000
tank_0926,30.890196078431373,1531699200000
tank_0927,14.274509803921568,1531699200000
tank_0928,0.0,1531699200000
tank_0930,13.0,1531699200000
tank_0931,0.0,1531699200000
tank_0933,0.0,1531699200000
tank_0934,19.16470588235294,1531699200000
tank_0937,0.0,1531699200000
tank_0938,0.0,1531699200000
tank_0939,1.0,1531699200000
tank_0944,2.0,1531699200000
tank_0946,10.0,1531699200000
tank_0952,1.4549019607843137,1531699200000
tank_0958,0.0,1531699200000
tank_0962,0.0,1531699200000
tank_0967,1.8117647058823532,1531699200000
tank_0975,0.0,1531699200000
tank_0978,11.368627450980394,1531699200000
tank_0990,0.0,1531699200000
tank_0991,0.0,1531699200000
tank_0998,0.0,1531699200000
tank_0999,0.0,1531699200000
tank_1003,0.0,1531699200000
tank_1004,4.9372549019607845,1531699200000
tank_1014,0.0,1531699200000
tank_1026,0.0,1531699200000
tank_1031,0.0,1531699200000
tank_1032,2.0313725490196077,1531699200000
tank_1034,0.0,1531699200000
tank_1042,0.0,1531699200000
tank_1045,0.0,1531699200000
tank_1049,3.0,1531699200000
tank_1055,4.0,1531699200000
tank_1061,0.0,1531699200000
tank_1062,4.309803921568627,1531699200000
tank_1064,0.0,1531699200000
tank_1065,4.874509803921569,1531699200000
tank_1066,40.09411764705882,1531699200000
tank_1070,0.0,1531699200000
tank_1073,0.0,1531699200000
tank_1083,0.0,1531699200000
tank_1086,16.0,1531699200000
tank_1088,0.0,1531699200000
tank_1089,24.0,1531699200000
tank_1090,0.0,1531699200000
tank_1091,0.0,1531699200000
tank_1094,13.0,1531699200000
tank_1095,0.0,1531699200000
tank_1104,0.0,1531699200000
tank_1113,0.0,1531699200000
tank_1116,16.250980392156862,1531699200000
tank_1117,0.0,1531699200000
tank_1120,11.0,1531699200000
tank_1121,0.0,1531699200000
tank_1124,0.0,1531699200000
tank_1128,0.0,1531699200000
tank_1134,1.2823529411764705,1531699200000
tank_1135,0.0,1531699200000
tank_1146,2.0,1531699200000
tank_1149,7.270588235294118,1531699200000
tank_1156,0.0,1531699200000
tank_1157,14.47058823529412,1531699200000
tank_1159,0.0,1531699200000
tank_1160,6.0,1531699200000
tank_1166,0.0,1531699200000
tank_1170,19.721568627450978,1531699200000
tank_1175,0.0,1531699200000
tank_1177,0.0,1531699200000
tank_1179,0.9921568627450981,1531699200000
tank_1181,0.0,1531699200000
tank_1186,0.0,1531699200000
tank_1187,6.247058823529411,1531699200000
tank_1190,6.0,1531699200000
tank_1192,0.0,1531699200000
tank_1196,0.0,1531699200000
tank_1197,5.0,1531699200000
tank_1201,0.0,1531699200000
tank_1203,14.831372549019608,1531699200000
tank_1205,5.0,1531699200000
tank_1209,0.0,1531699200000
tank_1217,0.0,1531699200000
tank_1223,0.0,1531699200000
tank_1226,0.4117647058823529,1531699200000
tank_1228,0.0,1531699200000
tank_1230,0.0,1531699200000
tank_1237,0.0,1531699200000
tank_1239,0.0,1531699200000
tank_1245,79.98823529411764,1531699200000
tank_1246,2.0,1531699200000
tank_1250,2.0,1531699200000
tank_1254,0.0,1531699200000
tank_1255,11.313725490196079,1531699200000
tank_1258,0.0,1531699200000
tank_1261,0.0,1531699200000
tank_1262,0.0,1531699200000
tank_1263,0.0,1531699200000
tank_1265,0.0,1531699200000
tank_1270,0.0,1531699200000
tank_1272,20.36862745098039,1531699200000
tank_1275,0.0,1531699200000
tank_1276,0.0,1531699200000
tank_1279,0.0,1531699200000
tank_1280,0.0,1531699200000
tank_1284,0.0,1531699200000
tank_1285,0.0,1531699200000
tank_1286,0.0,1531699200000
tank_1290,0.0,1531699200000
tank_1291,0.0,1531699200000
tank_1293,0.0,1531699200000
tank_1295,4.341176470588236,1531699200000
tank_1297,0.0,1531699200000
tank_1301,0.0,1531699200000
tank_1302,0.0,1531699200000
tank_1304,5.2627450980392165,1531699200000
tank_1305,5.8,1531699200000
tank_1313,0.0,1531699200000
tank_1322,0.0,1531699200000
tank_1325,0.0,1531699200000
tank_1326,1.0666666666666667,1531699200000
tank_1344,0.0,1531699200000
tank_1346,0.0,1531699200000
tank_1349,0.0,1531699200000
tank_1353,4.0,1531699200000
tank_1358,2.627450980392157,1531699200000
tank_1359,0.0,1531699200000
tank_1361,0.0,1531699200000
tank_1364,0.0,1531699200000
tank_1365,0.0,1531699200000
tank_1372,0.0,1531699200000
tank_1374,11.0,1531699200000
tank_1378,0.0,1531699200000
tank_1380,0.0,1531699200000
tank_1386,0.0,1531699200000
tank_1391,0.0,1531699200000
tank_1393,0.0,1531699200000
tank_1396,0.0,1531699200000
tank_1397,0.0,1531699200000
tank_1403,2.0,1531699200000
tank_1409,0.0,1531699200000
tank_1412,0.0,1531699200000
tank_1415,0.0,1531699200000
tank_1416,0.0,1531699200000
tank_1421,0.0,1531699200000
tank_1422,0.0,1531699200000
tank_1425,7.0,1531699200000
tank_1426,0.0,1531699200000
tank_1430,0.0,1531699200000
tank_1433,0.0,1531699200000
tank_1438,2.0,1531699200000
tank_1439,6.674509803921568,1531699200000
tank_1441,0.0,1531699200000
tank_1443,23.274509803921568,1531699200000
tank_1445,6.364705882352942,1531699200000
tank_1446,0.0,1531699200000
tank_1450,0.0,1531699200000
tank_1452,1.0,1531699200000
tank_1456,0.0,1531699200000
tank_1466,3.0,1531699200000
tank_1471,0.0,1531699200000
tank_1475,5.0,1531699200000
tank_1486,165.0,1531699200000
tank_1488,0.0,1531699200000
tank_1491,0.0,1531699200000
tank_1500,0.0,1531699200000
tank_1505,0.0,1531699200000
tank_1513,14.0,1531699200000
tank_1531,4.0,1531699200000
tank_1536,0.0,1531699200000
tank_1539,28.0,1531699200000
tank_1541,0.0,1531699200000
tank_1542,0.0,1531699200000
tank_1547,0.0,1531699200000
tank_1563,0.0,1531699200000
tank_1564,0.0,1531699200000
tank_1565,0.0,1531699200000
tank_1567,0.0,1531699200000
tank_1568,0.0,1531699200000
tank_1573,0.0,1531699200000
tank_1583,13.24705882352941,1531699200000
tank_1587,6.0,1531699200000
tank_1588,3.992156862745098,1531699200000
tank_1592,0.0,1531699200000
tank_1594,0.0,1531699200000
tank_1595,0.0,1531699200000
tank_1597,0.0,1531699200000
tank_1598,0.0,1531699200000
tank_1600,0.1411764705882353,1531699200000
tank_1604,0.0,1531699200000
tank_0002,0.0,1532736000000
tank_0004,0.0,1532736000000
tank_0005,0.0,1532736000000
tank_0011,0.0,1532736000000
tank_0014,0.0,1532736000000
tank_0019,4.0,1532736000000
tank_0024,23.788235294117648,1532736000000
tank_0025,0.0,1532736000000
tank_0026,6.635294117647058,1532736000000
tank_0027,0.0,1532736000000
tank_0030,2.4901960784313726,1532736000000
tank_0031,2.0,1532736000000
tank_0036,4.031372549019608,1532736000000
tank_0037,0.0,1532736000000
tank_0038,19.26666666666667,1532736000000
tank_0050,12.129411764705882,1532736000000
tank_0051,3.2352941176470584,1532736000000
tank_0052,4.333333333333334,1532736000000
tank_0053,83.45882352941179,1532736000000
tank_0055,2.592156862745098,1532736000000
tank_0057,23.0,1532736000000
tank_0058,0.0,1532736000000
tank_0064,50.42745098039215,1532736000000
tank_0069,10.403921568627453,1532736000000
tank_0072,0.0,1532736000000
tank_0073,0.0,1532736000000
tank_0080,13.0,1532736000000
tank_0094,0.0,1532736000000
tank_0107,1.3372549019607844,1532736000000
tank_0110,5.043137254901961,1532736000000
tank_0113,6.0,1532736000000
tank_0115,0.0,1532736000000
tank_0116,0.9215686274509803,1532736000000
tank_0117,44.0,1532736000000
tank_0118,0.0,1532736000000
tank_0122,6.0,1532736000000
tank_0125,62.627450980392155,1532736000000
tank_0130,13.337254901960785,1532736000000
tank_0131,3.223529411764706,1532736000000
tank_0132,0.0,1532736000000
tank_0134,0.0,1532736000000
tank_0135,11.027450980392157,1532736000000
tank_0142,0.12941176470588237,1532736000000
tank_0143,0.0,1532736000000
tank_0144,0.0,1532736000000
tank_0148,13.0,1532736000000
tank_0153,2.0,1532736000000
tank_0156,32.34509803921568,1532736000000
tank_0159,0.0,1532736000000
tank_0165,0.10588235294117647,1532736000000
tank_0171,0.0,1532736000000
tank_0172,0.5607843137254902,1532736000000
tank_0174,19.27843137254902,1532736000000
tank_0176,3.1372549019607843,1532736000000
tank_0184,8.0,1532736000000
tank_0187,2.0,1532736000000
tank_0190,2.8901960784313725,1532736000000
tank_0192,0.0,1532736000000
tank_0193,3.7411764705882353,1532736000000
tank_0195,17.878431372549024,1532736000000
tank_0199,14.647058823529411,1532736000000
tank_0204,0.0,1532736000000
tank_0205,0.0,1532736000000
tank_0207,0.0,1532736000000
tank_0209,0.0,1532736000000
tank_0213,0.0,1532736000000
tank_0217,0.0,1532736000000
tank_0220,0.0,1532736000000
tank_0221,17.623529411764704,1532736000000
tank_0225,0.0,1532736000000
tank_0226,3.0,1532736000000
tank_0228,0.0,1532736000000
tank_0229,2.0,1532736000000
tank_0231,0.25882352941176473,1532736000000
tank_0233,5.0,1532736000000
tank_0236,3.0,1532736000000
tank_0237,38.2078431372549,1532736000000
tank_0240,0.0,1532736000000
tank_0242,0.0,1532736000000
tank_0245,1.1490196078431372,1532736000000
tank_0247,16.0,1532736000000
tank_0256,13.12156862745098,1532736000000
tank_0257,3.611764705882353,1532736000000
tank_0260,0.4980392156862745,1532736000000
tank_0261,0.0,1532736000000
tank_0264,0.0,1532736000000
tank_0273,3.0,1532736000000
tank_0276,2.392156862745098,1532736000000
tank_0278,12.458823529411765,1532736000000
tank_0280,1.9137254901960783,1532736000000
tank_0291,0.0,1532736000000
tank_0292,14.396078431372551,1532736000000
tank_0296,0.0,1532736000000
tank_0297,10.0,1532736000000
tank_0299,7.141176470588236,1532736000000
tank_0300,8.858823529411765,1532736000000
tank_0301,0.0,1532736000000
tank_0307,0.0,1532736000000
tank_0309,0.0,1532736000000
tank_0313,0.0,1532736000000
tank_0314,11.08235294117647,1532736000000
tank_0319,9.48235294117647,1532736000000
tank_0321,3.0,1532736000000
tank_0327,1.0,1532736000000
tank_0337,6.0,1532736000000
tank_0338,0.0,1532736000000
tank_0339,34.556862745098044,1532736000000
tank_0342,16.792156862745095,1532736000000
tank_0345,1.0,1532736000000
tank_0346,1.196078431372549,1532736000000
tank_0349,5.0,1532736000000
tank_0350,0.592156862745098,1532736000000
tank_0353,102.1843137254902,1532736000000
tank_0356,0.0,1532736000000
tank_0360,0.0,1532736000000
tank_0361,9.819607843137256,1532736000000
tank_0362,0.0,1532736000000
tank_0364,1.6392156862745098,1532736000000
tank_0366,41.51372549019608,1532736000000
tank_0369,0.0,1532736000000
tank_0375,0.0,1532736000000
tank_0379,7.819607843137255,1532736000000
tank_0381,0.0,1532736000000
tank_0386,9.623529411764705,1532736000000
tank_0390,10.0,1532736000000
tank_0397,0.0,1532736000000
tank_0399,2.8823529411764706,1532736000000
tank_0404,5.0,1532736000000
tank_0409,0.0,1532736000000
tank_0420,0.0,1532736000000
tank_0425,0.0,1532736000000
tank_0431,0.0,1532736000000
tank_0432,0.1803921568627451,1532736000000
tank_0435,0.0,1532736000000
tank_0436,0.0,1532736000000
tank_0438,0.6705882352941176,1532736000000
tank_0443,0.9176470588235294,1532736000000
tank_0444,0.0,1532736000000
tank_0447,18.77647058823529,1532736000000
tank_0448,34.772549019607844,1532736000000
tank_0449,0.0,1532736000000
tank_0455,1.0,1532736000000
tank_0460,0.0,1532736000000
tank_0462,0.0,1532736000000
tank_0466,0.0,1532736000000
tank_0471,0.0,1532736000000
tank_0473,0.0,1532736000000
tank_0474,2.0,1532736000000
tank_0481,39.090196078431376,1532736000000
tank_0485,0.0,1532736000000
tank_0489,0.0,1532736000000
tank_0491,0.0,1532736000000
tank_0494,15.92156862745098,1532736000000
tank_0497,0.0,1532736000000
tank_0498,0.0,1532736000000
tank_0502,0.0,1532736000000
tank_0505,20.75294117647059,1532736000000
tank_0509,0.12156862745098039,1532736000000
tank_0512,0.0,1532736000000
tank_0514,0.0,1532736000000
tank_0515,1.1176470588235294,1532736000000
tank_0521,0.0,1532736000000
tank_0524,0.0,1532736000000
tank_0526,5.0,1532736000000
tank_0533,0.0,1532736000000
tank_0534,1.996078431372549,1532736000000
tank_0536,0.0,1532736000000
tank_0537,0.0,1532736000000
tank_0541,0.0,1532736000000
tank_0547,0.0,1532736000000
tank_0552,2.996078431372549,1532736000000
tank_0555,0.0,1532736000000
tank_0556,5.231372549019607,1532736000000
tank_0557,3.0,1532736000000
tank_0560,12.690196078431372,1532736000000
tank_0561,6.0,1532736000000
tank_0566,0.0,1532736000000
tank_0567,0.0,1532736000000
tank_0568,54.482352941176465,1532736000000
tank_0574,0.0,1532736000000
tank_0579,0.0,1532736000000
tank_0583,0.0,1532736000000
tank_0587,0.0,1532736000000
tank_0589,2.0,1532736000000
tank_0590,0.0,1532736000000
tank_0592,1.0,1532736000000
tank_0593,0.0,1532736000000
tank_0595,0.0,1532736000000
tank_0600,6.815686274509804,1532736000000
tank_0604,4.0,1532736000000
tank_0606,10.0,1532736000000
tank_0607,7.207843137254902,1532736000000
tank_0608,113.0,1532736000000
tank_0610,0.0,1532736000000
tank_0611,8.152941176470588,1532736000000
tank_0612,3.447058823529412,1532736000000
tank_0613,0.0,1532736000000
tank_0619,7.882352941176471,1532736000000
tank_0626,0.0,1532736000000
tank_0627,0.0,1532736000000
tank_0628,0.0,1532736000000
tank_0632,0.0,1532736000000
tank_0633,0.0,1532736000000
tank_0639,0.0,1532736000000
tank_0640,0.0,1532736000000
tank_0641,0.0,1532736000000
tank_0643,0.0,1532736000000
tank_0646,1.3019607843137255,1532736000000
tank_0663,4.0,1532736000000
tank_0664,0.0,1532736000000
tank_0666,6.823529411764706,1532736000000
tank_0667,2.0,1532736000000
tank_0670,0.0,1532736000000
tank_0675,0.43137254901960786,1532736000000
tank_0676,0.0,1532736000000
tank_0678,2.0,1532736000000
tank_0681,3.5215686274509803,1532736000000
tank_0687,0.0,1532736000000
tank_0688,4.0,1532736000000
tank_0697,2.0,1532736000000
tank_0720,1.6313725490196078,1532736000000
tank_0722,0.0,1532736000000
tank_0724,10.658823529411764,1532736000000
tank_0725,0.0,1532736000000
tank_0728,0.0,1532736000000
tank_0730,0.0,1532736000000
tank_0731,0.0,1532736000000
tank_0732,0.0,1532736000000
tank_0737,0.0,1532736000000
tank_0739,0.0,1532736000000
tank_0740,46.352941176470594,1532736000000
tank_0746,0.0,1532736000000
tank_0748,4.0,1532736000000
tank_0749,13.858823529411765,1532736000000
tank_0752,3.6,1532736000000
tank_0760,1.0,1532736000000
tank_0770,0.0,1532736000000
tank_0772,0.0,1532736000000
tank_0788,0.0,1532736000000
tank_0789,9.0,1532736000000
tank_0792,119.52156862745097,1532736000000
tank_0797,0.0,1532736000000
tank_0800,35.682352941176475,1532736000000
tank_0802,17.109803921568627,1532736000000
tank_0803,8.772549019607842,1532736000000
tank_0808,6.286274509803921,1532736000000
tank_0810,0.0,1532736000000
tank_0811,8.56078431372549,1532736000000
tank_0812,0.0,1532736000000
tank_0813,6.8431372549019605,1532736000000
tank_0816,0.0,1532736000000
tank_0819,0.0,1532736000000
tank_0823,0.0,1532736000000
tank_0824,0.0,1532736000000
tank_0825,0.0,1532736000000
tank_0828,0.0,1532736000000
tank_0829,38.984313725490196,1532736000000
tank_0830,0.0,1532736000000
tank_0831,49.67058823529411,1532736000000
tank_0844,0.0,1532736000000
tank_0852,10.0,1532736000000
tank_0855,0.0,1532736000000
tank_0856,195.0,1532736000000
tank_0860,6.0,1532736000000
tank_0861,0.0,1532736000000
tank_0872,0.0,1532736000000
tank_0875,0.0,1532736000000
tank_0879,0.0,1532736000000
tank_0885,0.0,1532736000000
tank_0891,0.0,1532736000000
tank_0894,31.0,1532736000000
tank_0898,5.0,1532736000000
tank_0900,24.63529411764706,1532736000000
tank_0901,0.0,1532736000000
tank_0902,38.0,1532736000000
tank_0914,0.0,1532736000000
tank_0917,4.0,1532736000000
tank_0919,4.847058823529412,1532736000000
tank_0920,1.3176470588235294,1532736000000
tank_0922,16.0,1532736000000
tank_0923,0.0,1532736000000
tank_0924,34.92156862745098,1532736000000
tank_0926,84.82352941176472,1532736000000
tank_0927,27.27058823529412,1532736000000
tank_0928,0.0,1532736000000
tank_0930,22.0,1532736000000
tank_0931,0.0,1532736000000
tank_0933,0.0,1532736000000
tank_0934,9.945098039215686,1532736000000
tank_0937,0.0,1532736000000
tank_0938,0.0,1532736000000
tank_0939,0.0,1532736000000
tank_0944,21.0,1532736000000
tank_0946,7.0,1532736000000
tank_0952,2.0,1532736000000
tank_0958,0.0,1532736000000
tank_0962,50.0,1532736000000
tank_0967,1.9215686274509804,1532736000000
tank_0975,0.0,1532736000000
tank_0978,46.713725490196076,1532736000000
tank_0990,0.0,1532736000000
tank_0991,44.0,1532736000000
tank_0998,4.52549019607843,1532736000000
tank_0999,0.0,1532736000000
tank_1003,0.0,1532736000000
tank_1004,0.0,1532736000000
tank_1014,2.0,1532736000000
tank_1026,93.0,1532736000000
tank_1031,0.0,1532736000000
tank_1032,6.019607843137255,1532736000000
tank_1034,3.0,1532736000000
tank_1042,4.0,1532736000000
tank_1045,0.0,1532736000000
tank_1049,24.0,1532736000000
tank_1055,5.066666666666666,1532736000000
tank_1061,0.0,1532736000000
tank_1062,0.0,1532736000000
tank_1064,0.0,1532736000000
tank_1065,3.0,1532736000000
tank_1066,72.53725490196078,1532736000000
tank_1070,0.0,1532736000000
tank_1073,0.0,1532736000000
tank_1083,0.0,1532736000000
tank_1086,20.811764705882357,1532736000000
tank_1088,0.0,1532736000000
tank_1089,20.0,1532736000000
tank_1090,0.0,1532736000000
tank_1091,0.0,1532736000000
tank_1094,117.0,1532736000000
tank_1095,0.0,1532736000000
tank_1104,0.0,1532736000000
tank_1113,0.0,1532736000000
tank_1116,21.145098039215686,1532736000000
tank_1117,0.0,1532736000000
tank_1120,35.0,1532736000000
tank_1121,0.0,1532736000000
tank_1124,0.0,1532736000000
tank_1128,0.0,1532736000000
tank_1134,0.0,1532736000000
tank_1135,0.0,1532736000000
tank_1146,0.0,1532736000000
tank_1149,8.345098039215685,1532736000000
tank_1156,0.0,1532736000000
tank_1157,8.784313725490197,1532736000000
tank_1159,0.0,1532736000000
tank_1160,65.0,1532736000000
tank_1166,0.06666666666666667,1532736000000
tank_1170,16.721568627450978,1532736000000
tank_1175,0.0,1532736000000
tank_1177,0.0,1532736000000
tank_1179,9.537254901960782,1532736000000
tank_1181,0.0,1532736000000
tank_1186,0.0,1532736000000
tank_1187,2.996078431372549,1532736000000
tank_1190,0.0,1532736000000
tank_1192,0.0,1532736000000
tank_1196,2.1137254901960785,1532736000000
tank_1197,230.0,1532736000000
tank_1201,0.0,1532736000000
tank_1203,50.29803921568629,1532736000000
tank_1205,6.0,1532736000000
tank_1209,370.0,1532736000000
tank_1217,0.0,1532736000000
tank_1223,4.0,1532736000000
tank_1226,0.0,1532736000000
tank_1228,0.0,1532736000000
tank_1230,0.0,1532736000000
tank_1237,0.0,1532736000000
tank_1239,22.0,1532736000000
tank_1245,27.41176470588235,1532736000000
tank_1246,0.0,1532736000000
tank_1250,5.4980392156862745,1532736000000
tank_1254,0.0,1532736000000
tank_1255,15.435294117647059,1532736000000
tank_1258,0.0,1532736000000
tank_1261,0.0,1532736000000
tank_1262,0.0,1532736000000
tank_1263,1.7607843137254902,1532736000000
tank_1265,0.0,1532736000000
tank_1270,0.0,1532736000000
tank_1272,13.745098039215687,1532736000000
tank_1275,0.0,1532736000000
tank_1276,0.0,1532736000000
tank_1279,0.0,1532736000000
tank_1280,6.921568627450981,1532736000000
tank_1284,0.0,1532736000000
tank_1285,0.0,1532736000000
tank_1286,0.0,1532736000000
tank_1290,0.0,1532736000000
tank_1291,0.0,1532736000000
tank_1293,0.0,1532736000000
tank_1295,4.0,1532736000000
tank_1297,0.0,1532736000000
tank_1301,0.0,1532736000000
tank_1302,0.0,1532736000000
tank_1304,2.980392156862745,1532736000000
tank_1305,6.109803921568627,1532736000000
tank_1313,0.0,1532736000000
tank_1322,0.0,1532736000000
tank_1325,0.0,1532736000000
tank_1326,1.1647058823529413,1532736000000
tank_1344,5.0,1532736000000
tank_1346,2.0,1532736000000
tank_1349,0.0,1532736000000
tank_1353,12.0,1532736000000
tank_1358,0.4745098039215686,1532736000000
tank_1359,0.0,1532736000000
tank_1361,0.0,1532736000000
tank_1364,142.0,1532736000000
tank_1365,0.0,1532736000000
tank_1372,0.0,1532736000000
tank_1374,30.0,1532736000000
tank_1378,0.0,1532736000000
tank_1380,1.0,1532736000000
tank_1386,0.0,1532736000000
tank_1391,0.0,1532736000000
tank_1393,0.0,1532736000000
tank_1396,0.0,1532736000000
tank_1397,1.5137254901960784,1532736000000
tank_1403,0.0,1532736000000
tank_1409,0.0,1532736000000
tank_1412,0.0,1532736000000
tank_1415,0.0,1532736000000
tank_1416,9.980392156862745,1532736000000
tank_1421,53.0,1532736000000
tank_1422,0.0,1532736000000
tank_1425,38.0,1532736000000
tank_1426,0.0,1532736000000
tank_1430,0.0,1532736000000
tank_1433,35.0,1532736000000
tank_1438,0.0,1532736000000
tank_1439,10.913725490196079,1532736000000
tank_1441,0.0,1532736000000
tank_1443,24.294117647058826,1532736000000
tank_1445,26.180392156862744,1532736000000
tank_1446,0.0,1532736000000
tank_1450,0.0,1532736000000
tank_1452,5.462745098039216,1532736000000
tank_1456,0.0,1532736000000
tank_1466,0.0,1532736000000
tank_1471,0.0,1532736000000
tank_1475,0.0,1532736000000
tank_1486,666.0,1532736000000
tank_1488,29.0,1532736000000
tank_1491,0.0,1532736000000
tank_1500,0.0,1532736000000
tank_1505,0.0,1532736000000
tank_1513,299.0,1532736000000
tank_1531,0.0,1532736000000
tank_1536,0.0,1532736000000
tank_1539,486.0,1532736000000
tank_1541,0.0,1532736000000
tank_1542,0.0,1532736000000
tank_1547,0.0,1532736000000
tank_1563,0.0,1532736000000
tank_1564,0.0,1532736000000
tank_1565,0.0,1532736000000
tank_1567,0.0,1532736000000
tank_1568,0.0,1532736000000
tank_1573,0.0,1532736000000
tank_1583,15.498039215686275,1532736000000
tank_1587,135.0,1532736000000
tank_1588,0.0,1532736000000
tank_1592,0.0,1532736000000
tank_1594,0.0,1532736000000
tank_1595,0.0,1532736000000
tank_1597,0.0,1532736000000
tank_1598,0.0,1532736000000
tank_1600,0.1411764705882353,1532736000000
tank_1604,0.0,1532736000000
tank_0002,3.164705882352941,1533772800000
tank_0004,0.0,1533772800000
tank_0005,0.0,1533772800000
tank_0011,2.776470588235294,1533772800000
tank_0014,0.0,1533772800000
tank_0019,14.313725490196077,1533772800000
tank_0024,16.36470588235294,1533772800000
tank_0025,0.0,1533772800000
tank_0026,4.690196078431372,1533772800000
tank_0027,0.0,1533772800000
tank_0030,0.7411764705882353,1533772800000
tank_0031,1.0,1533772800000
tank_0036,5.184313725490196,1533772800000
tank_0037,0.0,1533772800000
tank_0038,22.172549019607846,1533772800000
tank_0050,8.960784313725489,1533772800000
tank_0051,0.5333333333333333,1533772800000
tank_0052,12.450980392156863,1533772800000
tank_0053,105.50980392156865,1533772800000
tank_0055,0.8313725490196079,1533772800000
tank_0057,28.0,1533772800000
tank_0058,0.0,1533772800000
tank_0064,38.58431372549019,1533772800000
tank_0069,14.180392156862748,1533772800000
tank_0072,0.0,1533772800000
tank_0073,0.0,1533772800000
tank_0080,20.0,1533772800000
tank_0094,0.0,1533772800000
tank_0107,6.913725490196078,1533772800000
tank_0110,11.0,1533772800000
tank_0113,31.662745098039217,1533772800000
tank_0115,0.0,1533772800000
tank_0116,5.854901960784313,1533772800000
tank_0117,23.0,1533772800000
tank_0118,0.0,1533772800000
tank_0122,0.0,1533772800000
tank_0125,69.26274509803922,1533772800000
tank_0130,31.274509803921568,1533772800000
tank_0131,1.0,1533772800000
tank_0132,0.0,1533772800000
tank_0134,1.0,1533772800000
tank_0135,8.647058823529411,1533772800000
tank_0142,2.564705882352941,1533772800000
tank_0143,0.24313725490196078,1533772800000
tank_0144,0.0,1533772800000
tank_0148,8.513725490196078,1533772800000
tank_0153,0.0,1533772800000
tank_0156,48.71764705882354,1533772800000
tank_0159,0.0,1533772800000
tank_0165,1.0,1533772800000
tank_0171,0.0,1533772800000
tank_0172,0.0,1533772800000
tank_0174,31.407843137254897,1533772800000
tank_0176,20.0,1533772800000
tank_0184,6.835294117647059,1533772800000
tank_0187,0.0,1533772800000
tank_0190,7.588235294117647,1533772800000
tank_0192,0.0,1533772800000
tank_0193,23.04313725490196,1533772800000
tank_0195,31.274509803921568,1533772800000
tank_0199,5.125490196078431,1533772800000
tank_0204,0.0,1533772800000
tank_0205,1.0,1533772800000
tank_0207,6.211764705882354,1533772800000
tank_0209,0.0,1533772800000
tank_0213,3.76078431372549,1533772800000
tank_0217,1.0,1533772800000
tank_0220,0.0,1533772800000
tank_0221,22.211764705882356,1533772800000
tank_0225,0.0,1533772800000
tank_0226,6.3803921568627455,1533772800000
tank_0228,0.0,1533772800000
tank_0229,19.658823529411762,1533772800000
tank_0231,0.0,1533772800000
tank_0233,14.552941176470588,1533772800000
tank_0236,9.0,1533772800000
tank_0237,14.55294117647059,1533772800000
tank_0240,2.1254901960784314,1533772800000
tank_0242,0.0,1533772800000
tank_0245,4.219607843137254,1533772800000
tank_0247,38.188235294117646,1533772800000
tank_0256,2.1137254901960785,1533772800000
tank_0257,5.207843137254902,1533772800000
tank_0260,3.6588235294117646,1533772800000
tank_0261,2.7490196078431373,1533772800000
tank_0264,0.0,1533772800000
tank_0273,2.0,1533772800000
tank_0276,4.294117647058823,1533772800000
tank_0278,14.972549019607843,1533772800000
tank_0280,0.0,1533772800000
tank_0291,0.0,1533772800000
tank_0292,2.992156862745098,1533772800000
tank_0296,0.0,1533772800000
tank_0297,18.0,1533772800000
tank_0299,28.866666666666664,1533772800000
tank_0300,5.329411764705883,1533772800000
tank_0301,3.635294117647059,1533772800000
tank_0307,0.0,1533772800000
tank_0309,1.0,1533772800000
tank_0313,0.0,1533772800000
tank_0314,0.8705882352941177,1533772800000
tank_0319,0.0,1533772800000
tank_0321,16.054901960784314,1533772800000
tank_0327,0.0,1533772800000
tank_0337,16.345098039215685,1533772800000
tank_0338,0.0,1533772800000
tank_0339,39.30196078431372,1533772800000
tank_0342,9.478431372549018,1533772800000
tank_0345,4.16078431372549,1533772800000
tank_0346,1.580392156862745,1533772800000
tank_0349,9.572549019607843,1533772800000
tank_0350,5.588235294117647,1533772800000
tank_0353,131.4666666666667,1533772800000
tank_0356,0.0,1533772800000
tank_0360,4.56078431372549,1533772800000
tank_0361,25.890196078431373,1533772800000
tank_0362,0.0,1533772800000
tank_0364,10.305882352941175,1533772800000
tank_0366,32.16470588235294,1533772800000
tank_0369,0.0,1533772800000
tank_0375,0.0,1533772800000
tank_0379,15.552941176470588,1533772800000
tank_0381,0.0,1533772800000
tank_0386,2.623529411764706,1533772800000
tank_0390,10.0,1533772800000
tank_0397,0.0,1533772800000
tank_0399,0.9803921568627452,1533772800000
tank_0404,8.0,1533772800000
tank_0409,0.0,1533772800000
tank_0420,0.3568627450980392,1533772800000
tank_0425,0.0,1533772800000
tank_0431,0.0,1533772800000
tank_0432,7.764705882352941,1533772800000
tank_0435,0.0,1533772800000
tank_0436,2.0,1533772800000
tank_0438,0.0,1533772800000
tank_0443,0.0,1533772800000
tank_0444,0.0,1533772800000
tank_0447,49.937254901960785,1533772800000
tank_0448,40.91764705882353,1533772800000
tank_0449,0.13725490196078433,1533772800000
tank_0455,6.6117647058823525,1533772800000
tank_0460,0.0,1533772800000
tank_0462,0.0,1533772800000
tank_0466,0.0,1533772800000
tank_0471,0.0,1533772800000
tank_0473,5.0,1533772800000
tank_0474,0.996078431372549,1533772800000
tank_0481,32.78431372549019,1533772800000
tank_0485,0.0,1533772800000
tank_0489,0.0,1533772800000
tank_0491,0.0,1533772800000
tank_0494,17.03137254901961,1533772800000
tank_0497,5.533333333333333,1533772800000
tank_0498,0.5450980392156863,1533772800000
tank_0502,0.6235294117647059,1533772800000
tank_0505,26.42745098039216,1533772800000
tank_0509,2.8431372549019605,1533772800000
tank_0512,0.0,1533772800000
tank_0514,0.0,1533772800000
tank_0515,0.0,1533772800000
tank_0521,0.0,1533772800000
tank_0524,0.0,1533772800000
tank_0526,2.0,1533772800000
tank_0533,7.890196078431373,1533772800000
tank_0534,4.462745098039216,1533772800000
tank_0536,0.0,1533772800000
tank_0537,0.0,1533772800000
tank_0541,6.741176470588235,1533772800000
tank_0547,2.2509803921568627,1533772800000
tank_0552,0.0,1533772800000
tank_0555,2.0,1533772800000
tank_0556,0.0,1533772800000
tank_0557,2.1254901960784314,1533772800000
tank_0560,17.176470588235293,1533772800000
tank_0561,18.0,1533772800000
tank_0566,0.0,1533772800000
tank_0567,15.0,1533772800000
tank_0568,55.08235294117647,1533772800000
tank_0574,0.0,1533772800000
tank_0579,0.0,1533772800000
tank_0583,2.0,1533772800000
tank_0587,0.0,1533772800000
tank_0589,3.850980392156863,1533772800000
tank_0590,1.0,1533772800000
tank_0592,0.0,1533772800000
tank_0593,5.643137254901961,1533772800000
tank_0595,2.0,1533772800000
tank_0600,6.9411764705882355,1533772800000
tank_0604,6.0,1533772800000
tank_0606,9.0,1533772800000
tank_0607,8.423529411764704,1533772800000
tank_0608,87.0,1533772800000
tank_0610,0.0,1533772800000
tank_0611,7.607843137254902,1533772800000
tank_0612,22.49411764705882,1533772800000
tank_0613,3.807843137254902,1533772800000
tank_0619,8.0,1533772800000
tank_0626,14.494117647058824,1533772800000
tank_0627,0.0,1533772800000
tank_0628,0.0,1533772800000
tank_0632,0.0,1533772800000
tank_0633,0.0,1533772800000
tank_0639,5.0,1533772800000
tank_0640,0.0,1533772800000
tank_0641,1.4313725490196079,1533772800000
tank_0643,12.952941176470588,1533772800000
tank_0646,3.9176470588235297,1533772800000
tank_0663,8.71372549019608,1533772800000
tank_0664,0.0,1533772800000
tank_0666,11.211764705882352,1533772800000
tank_0667,14.145098039215688,1533772800000
tank_0670,0.0,1533772800000
tank_0675,0.6274509803921569,1533772800000
tank_0676,0.0,1533772800000
tank_0678,10.188235294117646,1533772800000
tank_0681,7.870588235294117,1533772800000
tank_0687,0.0,1533772800000
tank_0688,10.0,1533772800000
tank_0697,0.0,1533772800000
tank_0720,0.0,1533772800000
tank_0722,0.0,1533772800000
tank_0724,11.996078431372549,1533772800000
tank_0725,0.0,1533772800000
tank_0728,2.1921568627450982,1533772800000
tank_0730,4.976470588235294,1533772800000
tank_0731,0.0,1533772800000
tank_0732,0.0,1533772800000
tank_0737,0.0,1533772800000
tank_0739,1.6862745098039216,1533772800000
tank_0740,84.28627450980393,1533772800000
tank_0746,0.0,1533772800000
tank_0748,14.968627450980392,1533772800000
tank_0749,19.541176470588233,1533772800000
tank_0752,11.61176470588235,1533772800000
tank_0760,16.937254901960785,1533772800000
tank_0770,2.5176470588235293,1533772800000
tank_0772,15.431372549019606,1533772800000
tank_0788,0.0,1533772800000
tank_0789,18.50588235294117,1533772800000
tank_0792,248.356862745098,1533772800000
tank_0797,0.0,1533772800000
tank_0800,41.89411764705882,1533772800000
tank_0802,7.780392156862746,1533772800000
tank_0803,4.0,1533772800000
tank_0808,12.36470588235294,1533772800000
tank_0810,0.0,1533772800000
tank_0811,12.662745098039215,1533772800000
tank_0812,0.0,1533772800000
tank_0813,5.611764705882352,1533772800000
tank_0816,2.0,1533772800000
tank_0819,0.0,1533772800000
tank_0823,0.0,1533772800000
tank_0824,0.0,1533772800000
tank_0825,1.0,1533772800000
tank_0828,0.0,1533772800000
tank_0829,30.0,1533772800000
tank_0830,0.0,1533772800000
tank_0831,54.619607843137246,1533772800000
tank_0844,0.0,1533772800000
tank_0852,18.749019607843138,1533772800000
tank_0855,0.0,1533772800000
tank_0856,0.0,1533772800000
tank_0860,16.905882352941177,1533772800000
tank_0861,0.5254901960784314,1533772800000
tank_0872,0.0,1533772800000
tank_0875,0.0,1533772800000
tank_0879,0.0,1533772800000
tank_0885,0.0,1533772800000
tank_0891,0.0,1533772800000
tank_0894,4.0,1533772800000
tank_0898,2.0,1533772800000
tank_0900,31.74901960784314,1533772800000
tank_0901,0.0,1533772800000
tank_0902,0.0,1533772800000
tank_0914,0.0,1533772800000
tank_0917,0.0,1533772800000
tank_0919,8.474509803921569,1533772800000
tank_0920,4.466666666666667,1533772800000
tank_0922,0.0,1533772800000
tank_0923,0.0,1533772800000
tank_0924,30.611764705882354,1533772800000
tank_0926,63.870588235294115,1533772800000
tank_0927,28.164705882352933,1533772800000
tank_0928,0.0,1533772800000
tank_0930,7.0,1533772800000
tank_0931,0.0,1533772800000
tank_0933,5.250980392156863,1533772800000
tank_0934,17.03921568627451,1533772800000
tank_0937,3.0,1533772800000
tank_0938,0.0,1533772800000
tank_0939,0.0,1533772800000
tank_0944,1.0,1533772800000
tank_0946,33.25490196078431,1533772800000
tank_0952,1.188235294117647,1533772800000
tank_0958,0.0,1533772800000
tank_0962,4.0,1533772800000
tank_0967,1.6705882352941177,1533772800000
tank_0975,0.0,1533772800000
tank_0978,65.71372549019608,1533772800000
tank_0990,0.0,1533772800000
tank_0991,7.0,1533772800000
tank_0998,1.192156862745098,1533772800000
tank_0999,0.0,1533772800000
tank_1003,4.0,1533772800000
tank_1004,5.807843137254903,1533772800000
tank_1014,0.0,1533772800000
tank_1026,26.0,1533772800000
tank_1031,0.0,1533772800000
tank_1032,3.313725490196078,1533772800000
tank_1034,0.0,1533772800000
tank_1042,0.0,1533772800000
tank_1045,0.0,1533772800000
tank_1049,7.0,1533772800000
tank_1055,3.4039215686274513,1533772800000
tank_1061,0.0,1533772800000
tank_1062,0.0,1533772800000
tank_1064,0.0,1533772800000
tank_1065,0.0,1533772800000
tank_1066,50.647058823529406,1533772800000
tank_1070,2.0,1533772800000
tank_1073,0.0,1533772800000
tank_1083,0.0,1533772800000
tank_1086,19.0,1533772800000
tank_1088,0.0,1533772800000
tank_1089,14.0,1533772800000
tank_1090,0.0,1533772800000
tank_1091,1.8156862745098041,1533772800000
tank_1094,6.0,1533772800000
tank_1095,0.0,1533772800000
tank_1104,0.0,1533772800000
tank_1113,0.0,1533772800000
tank_1116,24.20392156862745,1533772800000
tank_1117,0.0,1533772800000
tank_1120,58.0,1533772800000
tank_1121,0.0,1533772800000
tank_1124,0.0,1533772800000
tank_1128,0.0,1533772800000
tank_1134,0.0,1533772800000
tank_1135,0.0,1533772800000
tank_1146,0.0,1533772800000
tank_1149,18.619607843137253,1533772800000
tank_1156,0.0,1533772800000
tank_1157,8.890196078431373,1533772800000
tank_1159,0.0,1533772800000
tank_1160,5.0,1533772800000
tank_1166,0.0,1533772800000
tank_1170,25.729411764705883,1533772800000
tank_1175,0.0,1533772800000
tank_1177,11.262745098039215,1533772800000
tank_1179,14.988235294117647,1533772800000
tank_1181,0.0,1533772800000
tank_1186,0.0,1533772800000
tank_1187,26.247058823529414,1533772800000
tank_1190,9.427450980392157,1533772800000
tank_1192,0.0,1533772800000
tank_1196,9.572549019607845,1533772800000
tank_1197,347.0,1533772800000
tank_1201,0.0,1533772800000
tank_1203,57.56470588235296,1533772800000
tank_1205,0.0,1533772800000
tank_1209,34.0,1533772800000
tank_1217,0.0,1533772800000
tank_1223,0.0,1533772800000
tank_1226,0.0,1533772800000
tank_1228,0.0,1533772800000
tank_1230,0.0,1533772800000
tank_1237,0.0,1533772800000
tank_1239,15.0,1533772800000
tank_1245,49.431372549019606,1533772800000
tank_1246,9.0,1533772800000
tank_1250,7.172549019607843,1533772800000
tank_1254,0.0,1533772800000
tank_1255,3.2862745098039214,1533772800000
tank_1258,0.0,1533772800000
tank_1261,2.1803921568627453,1533772800000
tank_1262,0.0,1533772800000
tank_1263,0.0,1533772800000
tank_1265,0.0,1533772800000
tank_1270,0.0,1533772800000
tank_1272,23.811764705882354,1533772800000
tank_1275,0.0,1533772800000
tank_1276,0.0,1533772800000
tank_1279,0.0,1533772800000
tank_1280,1.4196078431372547,1533772800000
tank_1284,0.0,1533772800000
tank_1285,0.0,1533772800000
tank_1286,0.0,1533772800000
tank_1290,0.0,1533772800000
tank_1291,0.0,1533772800000
tank_1293,0.0,1533772800000
tank_1295,7.113725490196078,1533772800000
tank_1297,0.0,1533772800000
tank_1301,0.0,1533772800000
tank_1302,0.0,1533772800000
tank_1304,5.274509803921568,1533772800000
tank_1305,0.0,1533772800000
tank_1313,0.0,1533772800000
tank_1322,0.0,1533772800000
tank_1325,0.0,1533772800000
tank_1326,2.0,1533772800000
tank_1344,0.0,1533772800000
tank_1346,5.8313725490196076,1533772800000
tank_1349,0.0,1533772800000
tank_1353,20.0,1533772800000
tank_1358,0.0,1533772800000
tank_1359,5.576470588235294,1533772800000
tank_1361,0.0,1533772800000
tank_1364,38.0,1533772800000
tank_1365,0.0,1533772800000
tank_1372,0.0,1533772800000
tank_1374,28.0,1533772800000
tank_1378,0.0,1533772800000
tank_1380,0.0,1533772800000
tank_1386,0.0,1533772800000
tank_1391,0.0,1533772800000
tank_1393,0.0,1533772800000
tank_1396,0.0,1533772800000
tank_1397,0.0,1533772800000
tank_1403,0.0,1533772800000
tank_1409,0.0,1533772800000
tank_1412,0.0,1533772800000
tank_1415,0.0,1533772800000
tank_1416,0.0,1533772800000
tank_1421,43.0,1533772800000
tank_1422,0.0,1533772800000
tank_1425,15.0,1533772800000
tank_1426,0.0,1533772800000
tank_1430,0.0,1533772800000
tank_1433,18.0,1533772800000
tank_1438,0.0,1533772800000
tank_1439,5.913725490196079,1533772800000
tank_1441,0.0,1533772800000
tank_1443,21.996078431372556,1533772800000
tank_1445,14.215686274509805,1533772800000
tank_1446,0.0,1533772800000
tank_1450,0.0,1533772800000
tank_1452,3.0,1533772800000
tank_1456,5.741176470588236,1533772800000
tank_1466,3.0,1533772800000
tank_1471,0.0,1533772800000
tank_1475,25.0,1533772800000
tank_1486,756.0,1533772800000
tank_1488,7.0,1533772800000
tank_1491,0.0,1533772800000
tank_1500,0.0,1533772800000
tank_1505,0.0,1533772800000
tank_1513,377.0,1533772800000
tank_1531,0.0,1533772800000
tank_1536,0.0,1533772800000
tank_1539,346.6862745098039,1533772800000
tank_1541,0.0,1533772800000
tank_1542,0.0,1533772800000
tank_1547,0.0,1533772800000
tank_1563,0.0,1533772800000
tank_1564,0.0,1533772800000
tank_1565,0.0,1533772800000
tank_1567,6.0,1533772800000
tank_1568,0.0,1533772800000
tank_1573,0.0,1533772800000
tank_1583,0.0,1533772800000
tank_1587,30.0,1533772800000
tank_1588,0.0,1533772800000
tank_1592,2.0,1533772800000
tank_1594,0.0,1533772800000
tank_1595,0.0,1533772800000
tank_1597,0.0,1533772800000
tank_1598,0.0,1533772800000
tank_1600,11.278431372549019,1533772800000
tank_1604,0.0,1533772800000
tank_0002,0.0,1534809600000
tank_0004,0.0,1534809600000
tank_0005,0.0,1534809600000
tank_0011,3.0,1534809600000
tank_0014,0.0,1534809600000
tank_0019,0.0,1534809600000
tank_0024,0.0,1534809600000
tank_0025,0.0,1534809600000
tank_0026,4.0,1534809600000
tank_0027,0.0,1534809600000
tank_0030,1.7450980392156863,1534809600000
tank_0031,0.0,1534809600000
tank_0036,0.0,1534809600000
tank_0037,0.0,1534809600000
tank_0038,6.733333333333333,1534809600000
tank_0050,1.7058823529411764,1534809600000
tank_0051,0.0,1534809600000
tank_0052,11.454901960784312,1534809600000
tank_0053,54.831372549019605,1534809600000
tank_0055,0.0,1534809600000
tank_0057,0.0,1534809600000
tank_0058,0.0,1534809600000
tank_0064,2.4745098039215687,1534809600000
tank_0069,0.37254901960784315,1534809600000
tank_0072,0.0,1534809600000
tank_0073,0.0,1534809600000
tank_0080,15.0,1534809600000
tank_0094,0.45098039215686275,1534809600000
tank_0107,7.811764705882352,1534809600000
tank_0110,2.0,1534809600000
tank_0113,3.4156862745098038,1534809600000
tank_0115,0.0,1534809600000
tank_0116,1.4666666666666668,1534809600000
tank_0117,14.0,1534809600000
tank_0118,0.0,1534809600000
tank_0122,0.0,1534809600000
tank_0125,29.188235294117646,1534809600000
tank_0130,12.24705882352941,1534809600000
tank_0131,0.0,1534809600000
tank_0132,0.0,1534809600000
tank_0134,1.0,1534809600000
tank_0135,0.0,1534809600000
tank_0142,0.0,1534809600000
tank_0143,0.0,1534809600000
tank_0144,0.0,1534809600000
tank_0148,0.0,1534809600000
tank_0153,0.0,1534809600000
tank_0156,52.44313725490197,1534809600000
tank_0159,0.0,1534809600000
tank_0165,2.5254901960784313,1534809600000
tank_0171,0.0,1534809600000
tank_0172,3.1843137254901963,1534809600000
tank_0174,19.73725490196079,1534809600000
tank_0176,1.9529411764705882,1534809600000
tank_0184,0.0,1534809600000
tank_0187,0.0,1534809600000
tank_0190,3.996078431372549,1534809600000
tank_0192,0.0,1534809600000
tank_0193,6.556862745098039,1534809600000
tank_0195,40.17254901960784,1534809600000
tank_0199,7.760784313725491,1534809600000
tank_0204,0.0,1534809600000
tank_0205,0.0,1534809600000
tank_0207,0.0,1534809600000
tank_0209,0.0,1534809600000
tank_0213,2.3411764705882354,1534809600000
tank_0217,0.0,1534809600000
tank_0220,0.0,1534809600000
tank_0221,21.15294117647059,1534809600000
tank_0225,0.0,1534809600000
tank_0226,0.0,1534809600000
tank_0228,0.0,1534809600000
tank_0229,0.0,1534809600000
tank_0231,0.0,1534809600000
tank_0233,13.0,1534809600000
tank_0236,2.0,1534809600000
tank_0237,32.160784313725486,1534809600000
tank_0240,5.172549019607843,1534809600000
tank_0242,0.0,1534809600000
tank_0245,0.03529411764705882,1534809600000
tank_0247,25.0,1534809600000
tank_0256,0.11372549019607843,1534809600000
tank_0257,2.0,1534809600000
tank_0260,0.996078431372549,1534809600000
tank_0261,1.0,1534809600000
tank_0264,0.0,1534809600000
tank_0273,0.0,1534809600000
tank_0276,0.10196078431372549,1534809600000
tank_0278,3.2784313725490195,1534809600000
tank_0280,0.0,1534809600000
tank_0291,0.0,1534809600000
tank_0292,30.07450980392157,1534809600000
tank_0296,0.0,1534809600000
tank_0297,3.2901960784313724,1534809600000
tank_0299,18.16470588235294,1534809600000
tank_0300,5.403921568627451,1534809600000
tank_0301,0.0,1534809600000
tank_0307,0.0,1534809600000
tank_0309,0.0,1534809600000
tank_0313,0.0,1534809600000
tank_0314,1.0,1534809600000
tank_0319,11.133333333333333,1534809600000
tank_0321,8.0,1534809600000
tank_0327,0.0,1534809600000
tank_0337,0.0,1534809600000
tank_0338,0.0,1534809600000
tank_0339,14.780392156862744,1534809600000
tank_0342,10.0,1534809600000
tank_0345,3.9490196078431374,1534809600000
tank_0346,0.0,1534809600000
tank_0349,0.0,1534809600000
tank_0350,0.0,1534809600000
tank_0353,141.63921568627453,1534809600000
tank_0356,0.0,1534809600000
tank_0360,3.3215686274509806,1534809600000
tank_0361,12.662745098039217,1534809600000
tank_0362,0.0,1534809600000
tank_0364,0.0,1534809600000
tank_0366,4.0627450980392155,1534809600000
tank_0369,0.0,1534809600000
tank_0375,0.0,1534809600000
tank_0379,17.827450980392165,1534809600000
tank_0381,0.0,1534809600000
tank_0386,7.098039215686274,1534809600000
tank_0390,12.0,1534809600000
tank_0397,0.0,1534809600000
tank_0399,0.0,1534809600000
tank_0404,3.0,1534809600000
tank_0409,0.0,1534809600000
tank_0420,0.0,1534809600000
tank_0425,0.0,1534809600000
tank_0431,0.0,1534809600000
tank_0432,0.1803921568627451,1534809600000
tank_0435,0.0,1534809600000
tank_0436,0.0,1534809600000
tank_0438,0.25098039215686274,1534809600000
tank_0443,3.6470588235294117,1534809600000
tank_0444,0.0,1534809600000
tank_0447,49.11372549019608,1534809600000
tank_0448,33.0,1534809600000
tank_0449,0.22745098039215686,1534809600000
tank_0455,7.572549019607843,1534809600000
tank_0460,0.0,1534809600000
tank_0462,0.0,1534809600000
tank_0466,0.0,1534809600000
tank_0471,1.0,1534809600000
tank_0473,0.0,1534809600000
tank_0474,0.0,1534809600000
tank_0481,24.607843137254903,1534809600000
tank_0485,0.0,1534809600000
tank_0489,6.0,1534809600000
tank_0491,0.0,1534809600000
tank_0494,13.0,1534809600000
tank_0497,7.3921568627450975,1534809600000
tank_0498,0.0,1534809600000
tank_0502,3.764705882352941,1534809600000
tank_0505,12.580392156862747,1534809600000
tank_0509,3.541176470588235,1534809600000
tank_0512,0.0,1534809600000
tank_0514,0.0,1534809600000
tank_0515,0.0,1534809600000
tank_0521,0.0,1534809600000
tank_0524,1.8235294117647058,1534809600000
tank_0526,0.0,1534809600000
tank_0533,0.0,1534809600000
tank_0534,0.0,1534809600000
tank_0536,0.0,1534809600000
tank_0537,0.0,1534809600000
tank_0541,3.631372549019608,1534809600000
tank_0547,0.0,1534809600000
tank_0552,4.188235294117646,1534809600000
tank_0555,1.0,1534809600000
tank_0556,0.0,1534809600000
tank_0557,0.0,1534809600000
tank_0560,20.772549019607844,1534809600000
tank_0561,7.0,1534809600000
tank_0566,0.0,1534809600000
tank_0567,0.0,1534809600000
tank_0568,15.137254901960786,1534809600000
tank_0574,0.0,1534809600000
tank_0579,0.0,1534809600000
tank_0583,0.0,1534809600000
tank_0587,0.0,1534809600000
tank_0589,0.0,1534809600000
tank_0590,3.0,1534809600000
tank_0592,1.0,1534809600000
tank_0593,0.0,1534809600000
tank_0595,0.0,1534809600000
tank_0600,13.980392156862745,1534809600000
tank_0604,7.784313725490196,1534809600000
tank_0606,13.0,1534809600000
tank_0607,4.0,1534809600000
tank_0608,73.0,1534809600000
tank_0610,0.0,1534809600000
tank_0611,1.1254901960784314,1534809600000
tank_0612,15.466666666666669,1534809600000
tank_0613,0.8156862745098039,1534809600000
tank_0619,3.0,1534809600000
tank_0626,2.8156862745098037,1534809600000
tank_0627,0.0,1534809600000
tank_0628,0.9058823529411765,1534809600000
tank_0632,0.0,1534809600000
tank_0633,0.0,1534809600000
tank_0639,0.0,1534809600000
tank_0640,0.0,1534809600000
tank_0641,2.4,1534809600000
tank_0643,0.0,1534809600000
tank_0646,0.0,1534809600000
tank_0663,7.0,1534809600000
tank_0664,0.0,1534809600000
tank_0666,2.8745098039215686,1534809600000
tank_0667,10.682352941176472,1534809600000
tank_0670,0.0,1534809600000
tank_0675,0.0,1534809600000
tank_0676,0.0,1534809600000
tank_0678,9.435294117647059,1534809600000
tank_0681,0.6039215686274509,1534809600000
tank_0687,0.0,1534809600000
tank_0688,3.0,1534809600000
tank_0697,0.5843137254901961,1534809600000
tank_0720,0.0,1534809600000
tank_0722,1.0,1534809600000
tank_0724,6.329411764705881,1534809600000
tank_0725,0.0,1534809600000
tank_0728,0.5411764705882353,1534809600000
tank_0730,0.0,1534809600000
tank_0731,0.0,1534809600000
tank_0732,0.0,1534809600000
tank_0737,0.0,1534809600000
tank_0739,0.0,1534809600000
tank_0740,37.67058823529411,1534809600000
tank_0746,1.0,1534809600000
tank_0748,0.0,1534809600000
tank_0749,1.380392156862745,1534809600000
tank_0752,1.0,1534809600000
tank_0760,6.286274509803921,1534809600000
tank_0770,2.6980392156862747,1534809600000
tank_0772,0.0,1534809600000
tank_0788,1.0,1534809600000
tank_0789,42.01960784313725,1534809600000
tank_0792,166.6549019607843,1534809600000
tank_0797,0.0,1534809600000
tank_0800,29.066666666666666,1534809600000
tank_0802,39.003921568627455,1534809600000
tank_0803,5.2745098039215685,1534809600000
tank_0808,15.737254901960783,1534809600000
tank_0810,0.0,1534809600000
tank_0811,11.854901960784314,1534809600000
tank_0812,0.0,1534809600000
tank_0813,1.2313725490196077,1534809600000
tank_0816,0.5843137254901961,1534809600000
tank_0819,0.0,1534809600000
tank_0823,0.0,1534809600000
tank_0824,0.0,1534809600000
tank_0825,0.0,1534809600000
tank_0828,0.0,1534809600000
tank_0829,23.984313725490196,1534809600000
tank_0830,0.0,1534809600000
tank_0831,32.082352941176474,1534809600000
tank_0844,0.0,1534809600000
tank_0852,6.43921568627451,1534809600000
tank_0855,0.0,1534809600000
tank_0856,0.0,1534809600000
tank_0860,7.0,1534809600000
tank_0861,0.0,1534809600000
tank_0872,0.0,1534809600000
tank_0875,0.0,1534809600000
tank_0879,0.0,1534809600000
tank_0885,0.0,1534809600000
tank_0891,0.0,1534809600000
tank_0894,0.0,1534809600000
tank_0898,0.0,1534809600000
tank_0900,15.545098039215688,1534809600000
tank_0901,0.0,1534809600000
tank_0902,0.0,1534809600000
tank_0914,0.0,1534809600000
tank_0917,0.0,1534809600000
tank_0919,2.0,1534809600000
tank_0920,14.0,1534809600000
tank_0922,0.0,1534809600000
tank_0923,0.0,1534809600000
tank_0924,18.807843137254903,1534809600000
tank_0926,35.27843137254903,1534809600000
tank_0927,23.35686274509804,1534809600000
tank_0928,0.0,1534809600000
tank_0930,0.0,1534809600000
tank_0931,0.0,1534809600000
tank_0933,0.0,1534809600000
tank_0934,15.623529411764705,1534809600000
tank_0937,1.4784313725490197,1534809600000
tank_0938,0.0,1534809600000
tank_0939,0.0,1534809600000
tank_0944,0.0,1534809600000
tank_0946,12.91764705882353,1534809600000
tank_0952,1.0,1534809600000
tank_0958,0.0,1534809600000
tank_0962,0.0,1534809600000
tank_0967,0.4980392156862745,1534809600000
tank_0975,0.0,1534809600000
tank_0978,93.85098039215687,1534809600000
tank_0990,0.0,1534809600000
tank_0991,0.0,1534809600000
tank_0998,0.0,1534809600000
tank_0999,0.0,1534809600000
tank_1003,0.0,1534809600000
tank_1004,3.6392156862745098,1534809600000
tank_1014,0.0,1534809600000
tank_1026,20.0,1534809600000
tank_1031,0.0,1534809600000
tank_1032,3.0,1534809600000
tank_1034,1.0,1534809600000
tank_1042,0.0,1534809600000
tank_1045,0.0,1534809600000
tank_1049,3.0,1534809600000
tank_1055,3.215686274509804,1534809600000
tank_1061,0.0,1534809600000
tank_1062,0.0,1534809600000
tank_1064,0.0,1534809600000
tank_1065,0.0,1534809600000
tank_1066,22.396078431372548,1534809600000
tank_1070,0.0,1534809600000
tank_1073,0.0,1534809600000
tank_1083,0.0,1534809600000
tank_1086,24.0,1534809600000
tank_1088,0.0,1534809600000
tank_1089,14.0,1534809600000
tank_1090,0.0,1534809600000
tank_1091,0.0,1534809600000
tank_1094,1.0,1534809600000
tank_1095,0.0,1534809600000
tank_1104,0.0,1534809600000
tank_1113,0.0,1534809600000
tank_1116,14.0,1534809600000
tank_1117,0.0,1534809600000
tank_1120,24.0,1534809600000
tank_1121,0.0,1534809600000
tank_1124,0.0,1534809600000
tank_1128,0.0,1534809600000
tank_1134,0.0,1534809600000
tank_1135,2.552941176470588,1534809600000
tank_1146,0.0,1534809600000
tank_1149,17.26666666666667,1534809600000
tank_1156,2.0,1534809600000
tank_1157,0.0,1534809600000
tank_1159,0.0,1534809600000
tank_1160,3.0,1534809600000
tank_1166,0.0,1534809600000
tank_1170,14.858823529411765,1534809600000
tank_1175,0.0,1534809600000
tank_1177,1.2509803921568627,1534809600000
tank_1179,4.741176470588235,1534809600000
tank_1181,0.0,1534809600000
tank_1186,0.0,1534809600000
tank_1187,21.831372549019612,1534809600000
tank_1190,3.0,1534809600000
tank_1192,0.0,1534809600000
tank_1196,1.0,1534809600000
tank_1197,59.0,1534809600000
tank_1201,0.0,1534809600000
tank_1203,31.796078431372553,1534809600000
tank_1205,1.0,1534809600000
tank_1209,29.0,1534809600000
tank_1217,0.0,1534809600000
tank_1223,1.0,1534809600000
tank_1226,0.0,1534809600000
tank_1228,0.0,1534809600000
tank_1230,0.0,1534809600000
tank_1237,0.0,1534809600000
tank_1239,0.0,1534809600000
tank_1245,60.121568627450976,1534809600000
tank_1246,12.749019607843138,1534809600000
tank_1250,0.0,1534809600000
tank_1254,0.0,1534809600000
tank_1255,7.376470588235294,1534809600000
tank_1258,0.0,1534809600000
tank_1261,2.227450980392157,1534809600000
tank_1262,0.0,1534809600000
tank_1263,0.0,1534809600000
tank_1265,0.0,1534809600000
tank_1270,0.0,1534809600000
tank_1272,19.823529411764707,1534809600000
tank_1275,0.0,1534809600000
tank_1276,0.0,1534809600000
tank_1279,0.0,1534809600000
tank_1280,4.4,1534809600000
tank_1284,0.0,1534809600000
tank_1285,0.0,1534809600000
tank_1286,0.0,1534809600000
tank_1290,0.0,1534809600000
tank_1291,0.0,1534809600000
tank_1293,0.0,1534809600000
tank_1295,5.152941176470589,1534809600000
tank_1297,0.0,1534809600000
tank_1301,0.0,1534809600000
tank_1302,0.0,1534809600000
tank_1304,10.819607843137256,1534809600000
tank_1305,4.647058823529411,1534809600000
tank_1313,0.0,1534809600000
tank_1322,0.0,1534809600000
tank_1325,0.0,1534809600000
tank_1326,0.0,1534809600000
tank_1344,7.898039215686275,1534809600000
tank_1346,8.639215686274511,1534809600000
tank_1349,1.0,1534809600000
tank_1353,0.0,1534809600000
tank_1358,0.0,1534809600000
tank_1359,0.0,1534809600000
tank_1361,0.0,1534809600000
tank_1364,21.0,1534809600000
tank_1365,0.0,1534809600000
tank_1372,0.0,1534809600000
tank_1374,0.0,1534809600000
tank_1378,0.0,1534809600000
tank_1380,0.0,1534809600000
tank_1386,0.0,1534809600000
tank_1391,0.0,1534809600000
tank_1393,2.0,1534809600000
tank_1396,0.0,1534809600000
tank_1397,0.0,1534809600000
tank_1403,0.0,1534809600000
tank_1409,0.0,1534809600000
tank_1412,0.0,1534809600000
tank_1415,0.0,1534809600000
tank_1416,0.0,1534809600000
tank_1421,5.0,1534809600000
tank_1422,0.0,1534809600000
tank_1425,0.0,1534809600000
tank_1426,0.0,1534809600000
tank_1430,0.0,1534809600000
tank_1433,4.0,1534809600000
tank_1438,1.1333333333333333,1534809600000
tank_1439,0.0,1534809600000
tank_1441,0.0,1534809600000
tank_1443,18.384313725490195,1534809600000
tank_1445,31.698039215686272,1534809600000
tank_1446,0.0,1534809600000
tank_1450,0.0,1534809600000
tank_1452,2.7490196078431373,1534809600000
tank_1456,12.427450980392159,1534809600000
tank_1466,0.0,1534809600000
tank_1471,0.0,1534809600000
tank_1475,0.0,1534809600000
tank_1486,315.0,1534809600000
tank_1488,0.0,1534809600000
tank_1491,0.0,1534809600000
tank_1500,0.0,1534809600000
tank_1505,0.0,1534809600000
tank_1513,4.0,1534809600000
tank_1531,0.0,1534809600000
tank_1536,0.0,1534809600000
tank_1539,126.0,1534809600000
tank_1541,0.0,1534809600000
tank_1542,0.0,1534809600000
tank_1547,0.0,1534809600000
tank_1563,0.0,1534809600000
tank_1564,0.0,1534809600000
tank_1565,0.0,1534809600000
tank_1567,0.0,1534809600000
tank_1568,0.0,1534809600000
tank_1573,0.0,1534809600000
tank_1583,9.576470588235294,1534809600000
tank_1587,9.0,1534809600000
tank_1588,0.0,1534809600000
tank_1592,7.207843137254902,1534809600000
tank_1594,0.0,1534809600000
tank_1595,0.0,1534809600000
tank_1597,0.0,1534809600000
tank_1598,0.0,1534809600000
tank_1600,18.141176470588235,1534809600000
tank_1604,0.0,1534809600000
tank_0002,0.0,1535846400000
tank_0004,0.0,1535846400000
tank_0005,0.0,1535846400000
tank_0011,0.0,1535846400000
tank_0014,0.0,1535846400000
tank_0019,3.4705882352941178,1535846400000
tank_0024,6.800000000000001,1535846400000
tank_0025,0.0,1535846400000
tank_0026,3.0,1535846400000
tank_0027,12.0,1535846400000
tank_0030,0.0,1535846400000
tank_0031,0.0,1535846400000
tank_0036,0.0,1535846400000
tank_0037,0.0,1535846400000
tank_0038,19.43529411764706,1535846400000
tank_0050,12.4,1535846400000
tank_0051,0.0,1535846400000
tank_0052,14.12156862745098,1535846400000
tank_0053,32.92156862745098,1535846400000
tank_0055,0.0,1535846400000
tank_0057,9.0,1535846400000
tank_0058,0.0,1535846400000
tank_0064,16.941176470588236,1535846400000
tank_0069,2.5803921568627453,1535846400000
tank_0072,0.0,1535846400000
tank_0073,1.0,1535846400000
tank_0080,16.0,1535846400000
tank_0094,0.0,1535846400000
tank_0107,0.0,1535846400000
tank_0110,19.0,1535846400000
tank_0113,9.780392156862746,1535846400000
tank_0115,0.0,1535846400000
tank_0116,9.898039215686275,1535846400000
tank_0117,30.0,1535846400000
tank_0118,0.0,1535846400000
tank_0122,0.0,1535846400000
tank_0125,68.0078431372549,1535846400000
tank_0130,17.86274509803922,1535846400000
tank_0131,0.0,1535846400000
tank_0132,0.0,1535846400000
tank_0134,6.0,1535846400000
tank_0135,10.105882352941176,1535846400000
tank_0142,8.388235294117647,1535846400000
tank_0143,0.0,1535846400000
tank_0144,0.0,1535846400000
tank_0148,1.0,1535846400000
tank_0153,0.0,1535846400000
tank_0156,31.76470588235294,1535846400000
tank_0159,0.0,1535846400000
tank_0165,1.2392156862745098,1535846400000
tank_0171,0.0,1535846400000
tank_0172,0.0,1535846400000
tank_0174,31.39215686274509,1535846400000
tank_0176,10.345098039215687,1535846400000
tank_0184,0.0,1535846400000
tank_0187,0.0,1535846400000
tank_0190,1.0,1535846400000
tank_0192,0.0,1535846400000
tank_0193,8.003921568627451,1535846400000
tank_0195,45.63529411764706,1535846400000
tank_0199,16.133333333333333,1535846400000
tank_0204,0.0,1535846400000
tank_0205,2.0313725490196077,1535846400000
tank_0207,1.3725490196078431,1535846400000
tank_0209,0.0,1535846400000
tank_0213,0.603921568627451,1535846400000
tank_0217,0.0,1535846400000
tank_0220,0.0,1535846400000
tank_0221,12.694117647058825,1535846400000
tank_0225,0.0,1535846400000
tank_0226,5.0,1535846400000
tank_0228,0.0,1535846400000
tank_0229,1.0,1535846400000
tank_0231,0.30980392156862746,1535846400000
tank_0233,2.1764705882352944,1535846400000
tank_0236,1.0,1535846400000
tank_0237,27.92156862745098,1535846400000
tank_0240,2.670588235294117,1535846400000
tank_0242,0.0,1535846400000
tank_0245,2.0705882352941174,1535846400000
tank_0247,5.0,1535846400000
tank_0256,13.015686274509806,1535846400000
tank_0257,5.2,1535846400000
tank_0260,1.1294117647058823,1535846400000
tank_0261,3.619607843137255,1535846400000
tank_0264,0.0,1535846400000
tank_0273,2.0,1535846400000
tank_0276,1.1450980392156864,1535846400000
tank_0278,3.7176470588235295,1535846400000
tank_0280,0.0,1535846400000
tank_0291,0.0,1535846400000
tank_0292,3.2705882352941176,1535846400000
tank_0296,0.0,1535846400000
tank_0297,10.458823529411765,1535846400000
tank_0299,6.101960784313726,1535846400000
tank_0300,3.8156862745098037,1535846400000
tank_0301,2.313725490196078,1535846400000
tank_0307,0.0,1535846400000
tank_0309,2.0,1535846400000
tank_0313,0.0,1535846400000
tank_0314,5.349019607843138,1535846400000
tank_0319,12.48235294117647,1535846400000
tank_0321,9.768627450980393,1535846400000
tank_0327,0.0,1535846400000
tank_0337,0.0,1535846400000
tank_0338,0.0,1535846400000
tank_0339,35.23137254901961,1535846400000
tank_0342,12.952941176470588,1535846400000
tank_0345,0.0,1535846400000
tank_0346,1.4823529411764707,1535846400000
tank_0349,5.0,1535846400000
tank_0350,0.0,1535846400000
tank_0353,87.20392156862745,1535846400000
tank_0356,0.0,1535846400000
tank_0360,0.9058823529411765,1535846400000
tank_0361,8.584313725490196,1535846400000
tank_0362,4.0,1535846400000
tank_0364,2.5725490196078433,1535846400000
tank_0366,10.858823529411765,1535846400000
tank_0369,0.0,1535846400000
tank_0375,0.0,1535846400000
tank_0379,14.572549019607843,1535846400000
tank_0381,0.3843137254901961,1535846400000
tank_0386,9.129411764705882,1535846400000
tank_0390,1.0,1535846400000
tank_0397,0.0,1535846400000
tank_0399,0.0,1535846400000
tank_0404,0.0,1535846400000
tank_0409,0.0,1535846400000
tank_0420,0.0,1535846400000
tank_0425,0.0,1535846400000
tank_0431,0.0,1535846400000
tank_0432,0.0,1535846400000
tank_0435,2.0,1535846400000
tank_0436,0.0,1535846400000
tank_0438,0.0,1535846400000
tank_0443,0.0,1535846400000
tank_0444,0.0,1535846400000
tank_0447,40.894117647058835,1535846400000
tank_0448,26.498039215686276,1535846400000
tank_0449,5.0,1535846400000
tank_0455,7.572549019607843,1535846400000
tank_0460,0.0,1535846400000
tank_0462,0.0,1535846400000
tank_0466,0.0,1535846400000
tank_0471,0.0,1535846400000
tank_0473,4.019607843137255,1535846400000
tank_0474,0.0,1535846400000
tank_0481,35.17254901960784,1535846400000
tank_0485,0.0,1535846400000
tank_0489,2.0,1535846400000
tank_0491,0.0,1535846400000
tank_0494,8.827450980392157,1535846400000
tank_0497,3.596078431372549,1535846400000
tank_0498,0.0,1535846400000
tank_0502,0.0,1535846400000
tank_0505,25.203921568627454,1535846400000
tank_0509,1.5607843137254902,1535846400000
tank_0512,0.0,1535846400000
tank_0514,0.0,1535846400000
tank_0515,0.0,1535846400000
tank_0521,0.0,1535846400000
tank_0524,0.0,1535846400000
tank_0526,0.0,1535846400000
tank_0533,0.0,1535846400000
tank_0534,5.56078431372549,1535846400000
tank_0536,0.0,1535846400000
tank_0537,0.0,1535846400000
tank_0541,3.603921568627451,1535846400000
tank_0547,0.0,1535846400000
tank_0552,3.5098039215686274,1535846400000
tank_0555,0.0,1535846400000
tank_0556,5.019607843137256,1535846400000
tank_0557,0.0,1535846400000
tank_0560,12.67843137254902,1535846400000
tank_0561,10.0,1535846400000
tank_0566,0.0,1535846400000
tank_0567,0.0,1535846400000
tank_0568,31.63529411764706,1535846400000
tank_0574,0.0,1535846400000
tank_0579,0.0,1535846400000
tank_0583,3.1921568627450982,1535846400000
tank_0587,0.0,1535846400000
tank_0589,3.4784313725490192,1535846400000
tank_0590,9.0,1535846400000
tank_0592,0.0,1535846400000
tank_0593,0.26666666666666666,1535846400000
tank_0595,0.0,1535846400000
tank_0600,0.7686274509803922,1535846400000
tank_0604,3.0,1535846400000
tank_0606,11.858823529411765,1535846400000
tank_0607,0.0,1535846400000
tank_0608,0.0,1535846400000
tank_0610,0.0,1535846400000
tank_0611,1.0,1535846400000
tank_0612,4.325490196078432,1535846400000
tank_0613,3.5372549019607846,1535846400000
tank_0619,5.0,1535846400000
tank_0626,0.0,1535846400000
tank_0627,0.0,1535846400000
tank_0628,1.0,1535846400000
tank_0632,0.0,1535846400000
tank_0633,0.0,1535846400000
tank_0639,0.0,1535846400000
tank_0640,0.0,1535846400000
tank_0641,4.0,1535846400000
tank_0643,0.0,1535846400000
tank_0646,0.0,1535846400000
tank_0663,5.0,1535846400000
tank_0664,0.0,1535846400000
tank_0666,0.0,1535846400000
tank_0667,0.0,1535846400000
tank_0670,0.0,1535846400000
tank_0675,0.0,1535846400000
tank_0676,0.0,1535846400000
tank_0678,8.141176470588235,1535846400000
tank_0681,2.0,1535846400000
tank_0687,0.0,1535846400000
tank_0688,0.0,1535846400000
tank_0697,2.0,1535846400000
tank_0720,0.0,1535846400000
tank_0722,0.0,1535846400000
tank_0724,12.835294117647058,1535846400000
tank_0725,0.0,1535846400000
tank_0728,14.32549019607843,1535846400000
tank_0730,0.0,1535846400000
tank_0731,0.0,1535846400000
tank_0732,0.0,1535846400000
tank_0737,0.0,1535846400000
tank_0739,0.0,1535846400000
tank_0740,38.992156862745105,1535846400000
tank_0746,2.4980392156862745,1535846400000
tank_0748,0.0,1535846400000
tank_0749,16.6,1535846400000
tank_0752,3.1176470588235294,1535846400000
tank_0760,19.541176470588233,1535846400000
tank_0770,6.968627450980391,1535846400000
tank_0772,8.80392156862745,1535846400000
tank_0788,13.388235294117647,1535846400000
tank_0789,35.3921568627451,1535846400000
tank_0792,138.67843137254903,1535846400000
tank_0797,0.0,1535846400000
tank_0800,73.27058823529411,1535846400000
tank_0802,33.949019607843134,1535846400000
tank_0803,1.2627450980392156,1535846400000
tank_0808,15.886274509803922,1535846400000
tank_0810,0.0,1535846400000
tank_0811,22.250980392156862,1535846400000
tank_0812,0.0,1535846400000
tank_0813,0.0,1535846400000
tank_0816,1.0,1535846400000
tank_0819,3.0,1535846400000
tank_0823,0.0,1535846400000
tank_0824,1.0,1535846400000
tank_0825,6.0,1535846400000
tank_0828,0.0,1535846400000
tank_0829,13.0,1535846400000
tank_0830,0.0,1535846400000
tank_0831,48.29411764705881,1535846400000
tank_0844,0.0,1535846400000
tank_0852,19.47450980392157,1535846400000
tank_0855,0.0,1535846400000
tank_0856,14.0,1535846400000
tank_0860,10.815686274509805,1535846400000
tank_0861,0.0,1535846400000
tank_0872,0.0,1535846400000
tank_0875,0.0,1535846400000
tank_0879,0.0,1535846400000
tank_0885,0.0,1535846400000
tank_0891,0.0,1535846400000
tank_0894,0.0,1535846400000
tank_0898,4.0,1535846400000
tank_0900,43.16470588235294,1535846400000
tank_0901,0.0,1535846400000
tank_0902,2.0,1535846400000
tank_0914,0.0,1535846400000
tank_0917,0.0,1535846400000
tank_0919,0.0,1535846400000
tank_0920,0.0,1535846400000
tank_0922,0.0,1535846400000
tank_0923,8.0,1535846400000
tank_0924,12.317647058823528,1535846400000
tank_0926,63.39607843137255,1535846400000
tank_0927,25.062745098039215,1535846400000
tank_0928,0.0,1535846400000
tank_0930,0.0,1535846400000
tank_0931,0.0,1535846400000
tank_0933,5.12156862745098,1535846400000
tank_0934,30.294117647058826,1535846400000
tank_0937,5.0,1535846400000
tank_0938,3.0,1535846400000
tank_0939,0.0,1535846400000
tank_0944,0.0,1535846400000
tank_0946,9.498039215686275,1535846400000
tank_0952,1.0,1535846400000
tank_0958,0.0,1535846400000
tank_0962,9.0,1535846400000
tank_0967,3.392156862745098,1535846400000
tank_0975,0.0,1535846400000
tank_0978,26.847058823529412,1535846400000
tank_0990,0.0,1535846400000
tank_0991,0.0,1535846400000
tank_0998,0.0,1535846400000
tank_0999,0.0,1535846400000
tank_1003,0.0,1535846400000
tank_1004,3.2941176470588234,1535846400000
tank_1014,3.0,1535846400000
tank_1026,31.0,1535846400000
tank_1031,0.0,1535846400000
tank_1032,0.0,1535846400000
tank_1034,0.0,1535846400000
tank_1042,20.0,1535846400000
tank_1045,0.0,1535846400000
tank_1049,0.0,1535846400000
tank_1055,4.882352941176469,1535846400000
tank_1061,0.0,1535846400000
tank_1062,0.0,1535846400000
tank_1064,0.0,1535846400000
tank_1065,0.0,1535846400000
tank_1066,37.498039215686276,1535846400000
tank_1070,0.0,1535846400000
tank_1073,0.0,1535846400000
tank_1083,0.0,1535846400000
tank_1086,43.752941176470586,1535846400000
tank_1088,0.0,1535846400000
tank_1089,14.0,1535846400000
tank_1090,0.0,1535846400000
tank_1091,8.0,1535846400000
tank_1094,0.0,1535846400000
tank_1095,0.0,1535846400000
tank_1104,0.0,1535846400000
tank_1113,0.0,1535846400000
tank_1116,7.4980392156862745,1535846400000
tank_1117,0.0,1535846400000
tank_1120,3.0,1535846400000
tank_1121,0.0,1535846400000
tank_1124,0.0,1535846400000
tank_1128,0.0,1535846400000
tank_1134,3.6784313725490194,1535846400000
tank_1135,0.0,1535846400000
tank_1146,0.0,1535846400000
tank_1149,11.764705882352942,1535846400000
tank_1156,0.0,1535846400000
tank_1157,4.207843137254901,1535846400000
tank_1159,0.0,1535846400000
tank_1160,0.0,1535846400000
tank_1166,0.0,1535846400000
tank_1170,15.24313725490196,1535846400000
tank_1175,0.0,1535846400000
tank_1177,0.0,1535846400000
tank_1179,4.76078431372549,1535846400000
tank_1181,0.0,1535846400000
tank_1186,0.0,1535846400000
tank_1187,77.75686274509805,1535846400000
tank_1190,4.0,1535846400000
tank_1192,3.227450980392157,1535846400000
tank_1196,0.0,1535846400000
tank_1197,149.0,1535846400000
tank_1201,0.0,1535846400000
tank_1203,15.690196078431375,1535846400000
tank_1205,0.0,1535846400000
tank_1209,17.0,1535846400000
tank_1217,3.3215686274509806,1535846400000
tank_1223,0.0,1535846400000
tank_1226,0.0,1535846400000
tank_1228,0.0,1535846400000
tank_1230,1.843137254901961,1535846400000
tank_1237,0.0,1535846400000
tank_1239,1.0,1535846400000
tank_1245,24.894117647058824,1535846400000
tank_1246,2.0,1535846400000
tank_1250,17.854901960784314,1535846400000
tank_1254,0.0,1535846400000
tank_1255,7.4980392156862745,1535846400000
tank_1258,0.0,1535846400000
tank_1261,1.596078431372549,1535846400000
tank_1262,1.2078431372549019,1535846400000
tank_1263,3.36078431372549,1535846400000
tank_1265,0.0,1535846400000
tank_1270,0.0,1535846400000
tank_1272,23.49411764705882,1535846400000
tank_1275,3.8117647058823527,1535846400000
tank_1276,0.0,1535846400000
tank_1279,0.0,1535846400000
tank_1280,0.09411764705882353,1535846400000
tank_1284,0.15294117647058825,1535846400000
tank_1285,0.0,1535846400000
tank_1286,0.0,1535846400000
tank_1290,0.0,1535846400000
tank_1291,0.0,1535846400000
tank_1293,0.0,1535846400000
tank_1295,2.317647058823529,1535846400000
tank_1297,0.0,1535846400000
tank_1301,0.0,1535846400000
tank_1302,0.0,1535846400000
tank_1304,15.376470588235296,1535846400000
tank_1305,0.23529411764705882,1535846400000
tank_1313,0.0,1535846400000
tank_1322,0.0,1535846400000
tank_1325,0.0,1535846400000
tank_1326,0.0,1535846400000
tank_1344,7.0,1535846400000
tank_1346,6.654901960784313,1535846400000
tank_1349,0.0,1535846400000
tank_1353,135.0,1535846400000
tank_1358,0.0,1535846400000
tank_1359,0.0,1535846400000
tank_1361,0.0,1535846400000
tank_1364,10.0,1535846400000
tank_1365,0.0,1535846400000
tank_1372,0.0,1535846400000
tank_1374,0.0,1535846400000
tank_1378,0.0,1535846400000
tank_1380,0.0,1535846400000
tank_1386,0.0,1535846400000
tank_1391,0.0,1535846400000
tank_1393,0.0,1535846400000
tank_1396,0.0,1535846400000
tank_1397,0.0,1535846400000
tank_1403,0.0,1535846400000
tank_1409,0.0,1535846400000
tank_1412,0.0,1535846400000
tank_1415,0.0,1535846400000
tank_1416,0.0,1535846400000
tank_1421,56.0,1535846400000
tank_1422,1.4745098039215687,1535846400000
tank_1425,225.0,1535846400000
tank_1426,0.0,1535846400000
tank_1430,0.0,1535846400000
tank_1433,26.0,1535846400000
tank_1438,3.0,1535846400000
tank_1439,0.0,1535846400000
tank_1441,0.0,1535846400000
tank_1443,21.560784313725495,1535846400000
tank_1445,45.75686274509803,1535846400000
tank_1446,0.0,1535846400000
tank_1450,0.0,1535846400000
tank_1452,0.0,1535846400000
tank_1456,14.545098039215684,1535846400000
tank_1466,4.996078431372549,1535846400000
tank_1471,0.0,1535846400000
tank_1475,42.0,1535846400000
tank_1486,668.0,1535846400000
tank_1488,0.0,1535846400000
tank_1491,0.0,1535846400000
tank_1500,0.0,1535846400000
tank_1505,0.0,1535846400000
tank_1513,266.0,1535846400000
tank_1531,2.0,1535846400000
tank_1536,0.0,1535846400000
tank_1539,436.0,1535846400000
tank_1541,0.0,1535846400000
tank_1542,0.0,1535846400000
tank_1547,0.0,1535846400000
tank_1563,0.0,1535846400000
tank_1564,0.0,1535846400000
tank_1565,0.0,1535846400000
tank_1567,0.0,1535846400000
tank_1568,0.0,1535846400000
tank_1573,0.0,1535846400000
tank_1583,2.1529411764705886,1535846400000
tank_1587,49.0,1535846400000
tank_1588,1.0,1535846400000
tank_1592,16.04313725490196,1535846400000
tank_1594,0.0,1535846400000
tank_1595,0.0,1535846400000
tank_1597,0.0,1535846400000
tank_1598,0.0,1535846400000
tank_1600,9.109803921568627,1535846400000
tank_1604,0.0,1535846400000
tank_0002,0.0,1536883200000
tank_0004,0.0,1536883200000
tank_0005,0.0,1536883200000
tank_0011,0.0,1536883200000
tank_0014,0.0,1536883200000
tank_0019,0.0,1536883200000
tank_0024,0.7098039215686275,1536883200000
tank_0025,0.0,1536883200000
tank_0026,0.0,1536883200000
tank_0027,0.0,1536883200000
tank_0030,0.0,1536883200000
tank_0031,0.0,1536883200000
tank_0036,4.4,1536883200000
tank_0037,0.0,1536883200000
tank_0038,13.06666666666667,1536883200000
tank_0050,3.0,1536883200000
tank_0051,0.0,1536883200000
tank_0052,17.0,1536883200000
tank_0053,40.69019607843137,1536883200000
tank_0055,0.0,1536883200000
tank_0057,1.0,1536883200000
tank_0058,0.0,1536883200000
tank_0064,6.47843137254902,1536883200000
tank_0069,0.0,1536883200000
tank_0072,0.0,1536883200000
tank_0073,0.0,1536883200000
tank_0080,12.0,1536883200000
tank_0094,0.0,1536883200000
tank_0107,0.0,1536883200000
tank_0110,5.0,1536883200000
tank_0113,9.686274509803923,1536883200000
tank_0115,0.0,1536883200000
tank_0116,2.1843137254901963,1536883200000
tank_0117,11.0,1536883200000
tank_0118,0.0,1536883200000
tank_0122,0.0,1536883200000
tank_0125,62.67058823529412,1536883200000
tank_0130,9.882352941176471,1536883200000
tank_0131,0.0,1536883200000
tank_0132,0.0,1536883200000
tank_0134,0.0,1536883200000
tank_0135,3.2470588235294118,1536883200000
tank_0142,9.250980392156862,1536883200000
tank_0143,0.0,1536883200000
tank_0144,0.0,1536883200000
tank_0148,0.0,1536883200000
tank_0153,0.0,1536883200000
tank_0156,22.16470588235294,1536883200000
tank_0159,0.0,1536883200000
tank_0165,0.0,1536883200000
tank_0171,0.0,1536883200000
tank_0172,0.0,1536883200000
tank_0174,13.0,1536883200000
tank_0176,1.8392156862745097,1536883200000
tank_0184,1.0,1536883200000
tank_0187,0.0,1536883200000
tank_0190,2.2666666666666666,1536883200000
tank_0192,0.0,1536883200000
tank_0193,0.0,1536883200000
tank_0195,46.67843137254901,1536883200000
tank_0199,11.286274509803922,1536883200000
tank_0204,0.0,1536883200000
tank_0205,3.6862745098039214,1536883200000
tank_0207,0.0,1536883200000
tank_0209,1.576470588235294,1536883200000
tank_0213,0.0,1536883200000
tank_0217,0.0,1536883200000
tank_0220,0.0,1536883200000
tank_0221,16.29019607843137,1536883200000
tank_0225,0.0,1536883200000
tank_0226,5.0,1536883200000
tank_0228,0.0,1536883200000
tank_0229,0.0,1536883200000
tank_0231,0.0,1536883200000
tank_0233,15.0,1536883200000
tank_0236,5.0,1536883200000
tank_0237,0.0,1536883200000
tank_0240,4.0,1536883200000
tank_0242,1.0,1536883200000
tank_0245,3.0705882352941174,1536883200000
tank_0247,11.901960784313726,1536883200000
tank_0256,8.556862745098037,1536883200000
tank_0257,0.0,1536883200000
tank_0260,0.0,1536883200000
tank_0261,0.0,1536883200000
tank_0264,0.0,1536883200000
tank_0273,0.0,1536883200000
tank_0276,8.145098039215686,1536883200000
tank_0278,9.945098039215686,1536883200000
tank_0280,0.0,1536883200000
tank_0291,0.0,1536883200000
tank_0292,5.313725490196079,1536883200000
tank_0296,0.0,1536883200000
tank_0297,12.725490196078432,1536883200000
tank_0299,18.12549019607843,1536883200000
tank_0300,6.023529411764706,1536883200000
tank_0301,0.0,1536883200000
tank_0307,0.0,1536883200000
tank_0309,0.0,1536883200000
tank_0313,0.0,1536883200000
tank_0314,3.0392156862745097,1536883200000
tank_0319,8.52156862745098,1536883200000
tank_0321,11.28627450980392,1536883200000
tank_0327,0.0,1536883200000
tank_0337,5.694117647058823,1536883200000
tank_0338,0.0,1536883200000
tank_0339,23.392156862745097,1536883200000
tank_0342,22.815686274509808,1536883200000
tank_0345,1.0,1536883200000
tank_0346,0.0,1536883200000
tank_0349,0.0,1536883200000
tank_0350,0.0,1536883200000
tank_0353,175.22745098039218,1536883200000
tank_0356,0.0,1536883200000
tank_0360,4.301960784313725,1536883200000
tank_0361,11.062745098039215,1536883200000
tank_0362,0.0,1536883200000
tank_0364,0.0,1536883200000
tank_0366,1.5333333333333332,1536883200000
tank_0369,0.0,1536883200000
tank_0375,0.0,1536883200000
tank_0379,22.988235294117658,1536883200000
tank_0381,1.792156862745098,1536883200000
tank_0386,2.854901960784314,1536883200000
tank_0390,1.0,1536883200000
tank_0397,0.10196078431372549,1536883200000
tank_0399,0.0,1536883200000
tank_0404,0.0,1536883200000
tank_0409,0.0,1536883200000
tank_0420,0.0,1536883200000
tank_0425,0.0,1536883200000
tank_0431,0.0,1536883200000
tank_0432,0.0,1536883200000
tank_0435,0.0,1536883200000
tank_0436,0.0,1536883200000
tank_0438,0.0,1536883200000
tank_0443,5.7254901960784315,1536883200000
tank_0444,0.0,1536883200000
tank_0447,31.588235294117645,1536883200000
tank_0448,1.0,1536883200000
tank_0449,0.0,1536883200000
tank_0455,0.0,1536883200000
tank_0460,0.0,1536883200000
tank_0462,0.0,1536883200000
tank_0466,0.0,1536883200000
tank_0471,0.0,1536883200000
tank_0473,0.0,1536883200000
tank_0474,3.341176470588235,1536883200000
tank_0481,28.996078431372553,1536883200000
tank_0485,0.0,1536883200000
tank_0489,0.0,1536883200000
tank_0491,0.0,1536883200000
tank_0494,9.925490196078432,1536883200000
tank_0497,5.2823529411764705,1536883200000
tank_0498,0.0,1536883200000
tank_0502,0.0,1536883200000
tank_0505,21.52941176470588,1536883200000
tank_0509,1.6313725490196078,1536883200000
tank_0512,0.0,1536883200000
tank_0514,0.0,1536883200000
tank_0515,1.0,1536883200000
tank_0521,0.0,1536883200000
tank_0524,0.0,1536883200000
tank_0526,4.0,1536883200000
tank_0533,0.0,1536883200000
tank_0534,0.5607843137254902,1536883200000
tank_0536,0.0,1536883200000
tank_0537,0.0,1536883200000
tank_0541,1.5647058823529412,1536883200000
tank_0547,1.7960784313725489,1536883200000
tank_0552,4.0,1536883200000
tank_0555,0.0,1536883200000
tank_0556,0.0,1536883200000
tank_0557,0.0,1536883200000
tank_0560,7.75686274509804,1536883200000
tank_0561,0.0,1536883200000
tank_0566,0.0,1536883200000
tank_0567,0.0,1536883200000
tank_0568,4.556862745098039,1536883200000
tank_0574,0.0,1536883200000
tank_0579,0.0,1536883200000
tank_0583,0.0,1536883200000
tank_0587,0.0,1536883200000
tank_0589,0.0,1536883200000
tank_0590,4.0,1536883200000
tank_0592,0.0,1536883200000
tank_0593,0.3254901960784314,1536883200000
tank_0595,0.0,1536883200000
tank_0600,0.17647058823529413,1536883200000
tank_0604,7.580392156862746,1536883200000
tank_0606,3.0,1536883200000
tank_0607,0.0,1536883200000
tank_0608,0.0,1536883200000
tank_0610,0.0,1536883200000
tank_0611,0.0,1536883200000
tank_0612,10.015686274509804,1536883200000
tank_0613,0.0,1536883200000
tank_0619,0.0,1536883200000
tank_0626,0.0,1536883200000
tank_0627,0.0,1536883200000
tank_0628,0.0,1536883200000
tank_0632,0.0,1536883200000
tank_0633,1.4509803921568627,1536883200000
tank_0639,0.0,1536883200000
tank_0640,0.0,1536883200000
tank_0641,0.0,1536883200000
tank_0643,0.0,1536883200000
tank_0646,0.0,1536883200000
tank_0663,0.0,1536883200000
tank_0664,0.0,1536883200000
tank_0666,0.0,1536883200000
tank_0667,0.0,1536883200000
tank_0670,0.0,1536883200000
tank_0675,0.0,1536883200000
tank_0676,0.0,1536883200000
tank_0678,0.0,1536883200000
tank_0681,0.0,1536883200000
tank_0687,0.0,1536883200000
tank_0688,0.0,1536883200000
tank_0697,0.0,1536883200000
tank_0720,0.0,1536883200000
tank_0722,0.0,1536883200000
tank_0724,1.0,1536883200000
tank_0725,0.0,1536883200000
tank_0728,4.580392156862745,1536883200000
tank_0730,0.0,1536883200000
tank_0731,0.0,1536883200000
tank_0732,0.0,1536883200000
tank_0737,0.0,1536883200000
tank_0739,0.0,1536883200000
tank_0740,10.149019607843137,1536883200000
tank_0746,1.0470588235294116,1536883200000
tank_0748,0.0,1536883200000
tank_0749,3.623529411764706,1536883200000
tank_0752,0.9411764705882353,1536883200000
tank_0760,0.0,1536883200000
tank_0770,4.364705882352942,1536883200000
tank_0772,0.0,1536883200000
tank_0788,6.0,1536883200000
tank_0789,4.0,1536883200000
tank_0792,115.27843137254901,1536883200000
tank_0797,0.0,1536883200000
tank_0800,5.435294117647059,1536883200000
tank_0802,0.0,1536883200000
tank_0803,6.258823529411765,1536883200000
tank_0808,21.5921568627451,1536883200000
tank_0810,0.0,1536883200000
tank_0811,15.321568627450981,1536883200000
tank_0812,0.0,1536883200000
tank_0813,2.9294117647058826,1536883200000
tank_0816,3.9137254901960783,1536883200000
tank_0819,0.0,1536883200000
tank_0823,0.0,1536883200000
tank_0824,0.0,1536883200000
tank_0825,0.0,1536883200000
tank_0828,0.0,1536883200000
tank_0829,22.984313725490196,1536883200000
tank_0830,0.0,1536883200000
tank_0831,5.992156862745098,1536883200000
tank_0844,0.0,1536883200000
tank_0852,0.0,1536883200000
tank_0855,0.0,1536883200000
tank_0856,425.0,1536883200000
tank_0860,1.3647058823529412,1536883200000
tank_0861,0.0,1536883200000
tank_0872,0.0,1536883200000
tank_0875,0.0,1536883200000
tank_0879,0.0,1536883200000
tank_0885,0.0,1536883200000
tank_0891,0.0,1536883200000
tank_0894,200.0,1536883200000
tank_0898,120.0,1536883200000
tank_0900,0.0,1536883200000
tank_0901,0.0,1536883200000
tank_0902,41.68235294117647,1536883200000
tank_0914,0.0,1536883200000
tank_0917,0.0,1536883200000
tank_0919,0.0,1536883200000
tank_0920,0.0,1536883200000
tank_0922,8.0,1536883200000
tank_0923,0.0,1536883200000
tank_0924,4.690196078431373,1536883200000
tank_0926,2.0,1536883200000
tank_0927,0.0,1536883200000
tank_0928,0.0,1536883200000
tank_0930,86.0,1536883200000
tank_0931,0.0,1536883200000
tank_0933,0.0,1536883200000
tank_0934,5.749019607843137,1536883200000
tank_0937,0.0,1536883200000
tank_0938,0.0,1536883200000
tank_0939,0.0,1536883200000
tank_0944,0.0,1536883200000
tank_0946,0.0,1536883200000
tank_0952,0.0,1536883200000
tank_0958,0.0,1536883200000
tank_0962,392.0,1536883200000
tank_0967,0.0,1536883200000
tank_0975,0.0,1536883200000
tank_0978,0.0,1536883200000
tank_0990,0.0,1536883200000
tank_0991,8.0,1536883200000
tank_0998,0.0,1536883200000
tank_0999,0.0,1536883200000
tank_1003,34.0,1536883200000
tank_1004,5.0,1536883200000
tank_1014,0.0,1536883200000
tank_1026,66.0,1536883200000
tank_1031,0.0,1536883200000
tank_1032,0.0,1536883200000
tank_1034,3.0,1536883200000
tank_1042,18.0,1536883200000
tank_1045,0.0,1536883200000
tank_1049,10.0,1536883200000
tank_1055,4.698039215686275,1536883200000
tank_1061,0.0,1536883200000
tank_1062,0.0,1536883200000
tank_1064,0.9764705882352941,1536883200000
tank_1065,1.0,1536883200000
tank_1066,3.6588235294117646,1536883200000
tank_1070,5.0,1536883200000
tank_1073,0.0,1536883200000
tank_1083,0.0,1536883200000
tank_1086,8.0,1536883200000
tank_1088,7.0,1536883200000
tank_1089,19.0,1536883200000
tank_1090,0.0,1536883200000
tank_1091,0.0,1536883200000
tank_1094,14.0,1536883200000
tank_1095,42.239215686274505,1536883200000
tank_1104,0.0,1536883200000
tank_1113,0.0,1536883200000
tank_1116,9.737254901960785,1536883200000
tank_1117,0.0,1536883200000
tank_1120,370.89803921568625,1536883200000
tank_1121,8.0,1536883200000
tank_1124,0.0,1536883200000
tank_1128,0.0,1536883200000
tank_1134,4.568627450980392,1536883200000
tank_1135,0.0,1536883200000
tank_1146,29.662745098039217,1536883200000
tank_1149,20.803921568627455,1536883200000
tank_1156,0.0,1536883200000
tank_1157,7.207843137254901,1536883200000
tank_1159,169.2,1536883200000
tank_1160,0.0,1536883200000
tank_1166,0.0,1536883200000
tank_1170,21.24313725490196,1536883200000
tank_1175,0.0,1536883200000
tank_1177,0.0,1536883200000
tank_1179,10.792156862745099,1536883200000
tank_1181,0.0,1536883200000
tank_1186,0.0,1536883200000
tank_1187,67.24313725490197,1536883200000
tank_1190,8.0,1536883200000
tank_1192,33.733333333333334,1536883200000
tank_1196,0.0,1536883200000
tank_1197,1189.0,1536883200000
tank_1201,0.0,1536883200000
tank_1203,0.0,1536883200000
tank_1205,0.0,1536883200000
tank_1209,661.0,1536883200000
tank_1217,0.0,1536883200000
tank_1223,0.0,1536883200000
tank_1226,0.0,1536883200000
tank_1228,23.0,1536883200000
tank_1230,0.0,1536883200000
tank_1237,0.0,1536883200000
tank_1239,1.0,1536883200000
tank_1245,23.215686274509803,1536883200000
tank_1246,41.0,1536883200000
tank_1250,7.247058823529412,1536883200000
tank_1254,0.0,1536883200000
tank_1255,0.0,1536883200000
tank_1258,0.0,1536883200000
tank_1261,0.0,1536883200000
tank_1262,0.0,1536883200000
tank_1263,0.0,1536883200000
tank_1265,0.0,1536883200000
tank_1270,0.0,1536883200000
tank_1272,0.0,1536883200000
tank_1275,0.0,1536883200000
tank_1276,0.0,1536883200000
tank_1279,0.0,1536883200000
tank_1280,0.0,1536883200000
tank_1284,0.0,1536883200000
tank_1285,0.0,1536883200000
tank_1286,0.0,1536883200000
tank_1290,0.0,1536883200000
tank_1291,0.0,1536883200000
tank_1293,0.0,1536883200000
tank_1295,0.0,1536883200000
tank_1297,0.0,1536883200000
tank_1301,0.0,1536883200000
tank_1302,0.0,1536883200000
tank_1304,0.7450980392156863,1536883200000
tank_1305,0.0,1536883200000
tank_1313,0.0,1536883200000
tank_1322,0.0,1536883200000
tank_1325,0.0,1536883200000
tank_1326,0.0,1536883200000
tank_1344,9.0,1536883200000
tank_1346,15.172549019607843,1536883200000
tank_1349,2.4,1536883200000
tank_1353,319.0,1536883200000
tank_1358,0.0,1536883200000
tank_1359,0.0,1536883200000
tank_1361,67.0,1536883200000
tank_1364,91.0,1536883200000
tank_1365,0.0,1536883200000
tank_1372,0.0,1536883200000
tank_1374,0.0,1536883200000
tank_1378,0.0,1536883200000
tank_1380,0.0,1536883200000
tank_1386,0.0,1536883200000
tank_1391,0.0,1536883200000
tank_1393,0.0,1536883200000
tank_1396,0.0,1536883200000
tank_1397,0.0,1536883200000
tank_1403,0.0,1536883200000
tank_1409,0.0,1536883200000
tank_1412,0.0,1536883200000
tank_1415,0.0,1536883200000
tank_1416,0.0,1536883200000
tank_1421,65.0,1536883200000
tank_1422,4.0,1536883200000
tank_1425,385.9725490196078,1536883200000
tank_1426,0.0,1536883200000
tank_1430,0.0,1536883200000
tank_1433,19.0,1536883200000
tank_1438,0.0,1536883200000
tank_1439,0.0,1536883200000
tank_1441,0.0,1536883200000
tank_1443,36.1843137254902,1536883200000
tank_1445,13.823529411764705,1536883200000
tank_1446,0.0,1536883200000
tank_1450,0.0,1536883200000
tank_1452,0.0,1536883200000
tank_1456,0.0,1536883200000
tank_1466,0.0,1536883200000
tank_1471,0.0,1536883200000
tank_1475,28.0,1536883200000
tank_1486,970.0,1536883200000
tank_1488,0.0,1536883200000
tank_1491,0.0,1536883200000
tank_1500,0.0,1536883200000
tank_1505,0.0,1536883200000
tank_1513,490.0,1536883200000
tank_1531,0.0,1536883200000
tank_1536,0.0,1536883200000
tank_1539,429.0,1536883200000
tank_1541,0.0,1536883200000
tank_1542,0.0,1536883200000
tank_1547,0.0,1536883200000
tank_1563,0.0,1536883200000
tank_1564,0.0,1536883200000
tank_1565,0.0,1536883200000
tank_1567,2.0,1536883200000
tank_1568,0.0,1536883200000
tank_1573,0.0,1536883200000
tank_1583,9.749019607843138,1536883200000
tank_1587,0.0,1536883200000
tank_1588,0.0,1536883200000
tank_1592,7.0,1536883200000
tank_1594,0.0,1536883200000
tank_1595,0.0,1536883200000
tank_1597,0.0,1536883200000
tank_1598,0.0,1536883200000
tank_1600,24.04313725490196,1536883200000
tank_1604,0.0,1536883200000
tank_0002,0.0,1537920000000
tank_0004,0.0,1537920000000
tank_0005,0.0,1537920000000
tank_0011,0.0,1537920000000
tank_0014,0.0,1537920000000
tank_0019,0.0,1537920000000
tank_0024,4.0,1537920000000
tank_0025,0.0,1537920000000
tank_0026,0.0,1537920000000
tank_0027,0.0,1537920000000
tank_0030,0.0,1537920000000
tank_0031,15.0,1537920000000
tank_0036,0.0,1537920000000
tank_0037,0.0,1537920000000
tank_0038,1.0,1537920000000
tank_0050,0.0,1537920000000
tank_0051,0.0,1537920000000
tank_0052,0.0,1537920000000
tank_0053,0.0,1537920000000
tank_0055,0.0,1537920000000
tank_0057,0.0,1537920000000
tank_0058,0.0,1537920000000
tank_0064,9.541176470588235,1537920000000
tank_0069,0.0,1537920000000
tank_0072,0.0,1537920000000
tank_0073,0.0,1537920000000
tank_0080,12.0,1537920000000
tank_0094,0.0,1537920000000
tank_0107,0.0,1537920000000
tank_0110,0.0,1537920000000
tank_0113,0.0,1537920000000
tank_0115,0.0,1537920000000
tank_0116,0.0,1537920000000
tank_0117,0.0,1537920000000
tank_0118,0.0,1537920000000
tank_0122,0.0,1537920000000
tank_0125,26.125490196078434,1537920000000
tank_0130,0.0,1537920000000
tank_0131,0.0,1537920000000
tank_0132,0.0,1537920000000
tank_0134,0.0,1537920000000
tank_0135,0.0,1537920000000
tank_0142,0.0,1537920000000
tank_0143,0.0,1537920000000
tank_0144,0.0,1537920000000
tank_0148,0.0,1537920000000
tank_0153,0.0,1537920000000
tank_0156,0.5450980392156863,1537920000000
tank_0159,0.0,1537920000000
tank_0165,0.0,1537920000000
tank_0171,0.0,1537920000000
tank_0172,0.0,1537920000000
tank_0174,2.0,1537920000000
tank_0176,0.0,1537920000000
tank_0184,0.0,1537920000000
tank_0187,1.0,1537920000000
tank_0190,1.0,1537920000000
tank_0192,0.0,1537920000000
tank_0193,0.0,1537920000000
tank_0195,0.0,1537920000000
tank_0199,0.0,1537920000000
tank_0204,0.0,1537920000000
tank_0205,0.0,1537920000000
tank_0207,0.0,1537920000000
tank_0209,0.0,1537920000000
tank_0213,11.0,1537920000000
tank_0217,0.0,1537920000000
tank_0220,0.0,1537920000000
tank_0221,0.0,1537920000000
tank_0225,0.0,1537920000000
tank_0226,0.0,1537920000000
tank_0228,0.0,1537920000000
tank_0229,0.0,1537920000000
tank_0231,0.0,1537920000000
tank_0233,0.0,1537920000000
tank_0236,0.0,1537920000000
tank_0237,0.0,1537920000000
tank_0240,2.0980392156862746,1537920000000
tank_0242,0.0,1537920000000
tank_0245,0.0,1537920000000
tank_0247,0.0,1537920000000
tank_0256,0.0,1537920000000
tank_0257,0.0,1537920000000
tank_0260,0.0,1537920000000
tank_0261,0.0,1537920000000
tank_0264,0.0,1537920000000
tank_0273,0.0,1537920000000
tank_0276,0.0,1537920000000
tank_0278,0.0,1537920000000
tank_0280,0.0,1537920000000
tank_0291,0.0,1537920000000
tank_0292,6.705882352941177,1537920000000
tank_0296,0.0,1537920000000
tank_0297,0.0,1537920000000
tank_0299,0.0,1537920000000
tank_0300,0.0,1537920000000
tank_0301,0.0,1537920000000
tank_0307,0.0,1537920000000
tank_0309,0.0,1537920000000
tank_0313,0.0,1537920000000
tank_0314,0.0,1537920000000
tank_0319,0.0,1537920000000
tank_0321,0.0,1537920000000
tank_0327,0.0,1537920000000
tank_0337,0.0,1537920000000
tank_0338,0.0,1537920000000
tank_0339,0.0,1537920000000
tank_0342,0.0,1537920000000
tank_0345,0.0,1537920000000
tank_0346,0.0,1537920000000
tank_0349,0.0,1537920000000
tank_0350,0.0,1537920000000
tank_0353,2.0,1537920000000
tank_0356,0.0,1537920000000
tank_0360,0.0,1537920000000
tank_0361,0.0,1537920000000
tank_0362,0.0,1537920000000
tank_0364,0.0,1537920000000
tank_0366,0.0,1537920000000
tank_0369,0.0,1537920000000
tank_0375,0.0,1537920000000
tank_0379,0.0,1537920000000
tank_0381,0.0,1537920000000
tank_0386,19.75686274509804,1537920000000
tank_0390,4.0,1537920000000
tank_0397,0.0,1537920000000
tank_0399,0.0,1537920000000
tank_0404,0.0,1537920000000
tank_0409,0.0,1537920000000
tank_0420,0.0,1537920000000
tank_0425,0.0,1537920000000
tank_0431,0.0,1537920000000
tank_0432,0.0,1537920000000
tank_0435,0.0,1537920000000
tank_0436,0.0,1537920000000
tank_0438,0.6705882352941176,1537920000000
tank_0443,0.0,1537920000000
tank_0444,0.0,1537920000000
tank_0447,0.0,1537920000000
tank_0448,0.0,1537920000000
tank_0449,0.1411764705882353,1537920000000
tank_0455,0.0,1537920000000
tank_0460,0.0,1537920000000
tank_0462,0.0,1537920000000
tank_0466,0.0,1537920000000
tank_0471,0.0,1537920000000
tank_0473,0.0,1537920000000
tank_0474,0.0,1537920000000
tank_0481,0.0,1537920000000
tank_0485,0.0,1537920000000
tank_0489,0.0,1537920000000
tank_0491,0.0,1537920000000
tank_0494,0.0,1537920000000
tank_0497,0.0,1537920000000
tank_0498,0.0,1537920000000
tank_0502,0.0,1537920000000
tank_0505,0.0,1537920000000
tank_0509,0.0,1537920000000
tank_0512,0.0,1537920000000
tank_0514,0.0,1537920000000
tank_0515,0.0,1537920000000
tank_0521,0.0,1537920000000
tank_0524,0.0,1537920000000
tank_0526,11.0,1537920000000
tank_0533,0.0,1537920000000
tank_0534,0.0,1537920000000
tank_0536,0.0,1537920000000
tank_0537,0.0,1537920000000
tank_0541,0.0,1537920000000
tank_0547,0.0,1537920000000
tank_0552,1.2470588235294118,1537920000000
tank_0555,0.0,1537920000000
tank_0556,0.0,1537920000000
tank_0557,0.0,1537920000000
tank_0560,0.0,1537920000000
tank_0561,0.0,1537920000000
tank_0566,0.0,1537920000000
tank_0567,0.0,1537920000000
tank_0568,0.2901960784313726,1537920000000
tank_0574,0.0,1537920000000
tank_0579,0.0,1537920000000
tank_0583,0.0,1537920000000
tank_0587,0.0,1537920000000
tank_0589,0.0,1537920000000
tank_0590,0.0,1537920000000
tank_0592,0.0,1537920000000
tank_0593,0.0,1537920000000
tank_0595,0.0,1537920000000
tank_0600,0.0,1537920000000
tank_0604,0.0,1537920000000
tank_0606,0.0,1537920000000
tank_0607,0.0,1537920000000
tank_0608,0.0,1537920000000
tank_0610,0.0,1537920000000
tank_0611,0.0,1537920000000
tank_0612,0.0,1537920000000
tank_0613,0.3568627450980392,1537920000000
tank_0619,0.0,1537920000000
tank_0626,0.0,1537920000000
tank_0627,0.0,1537920000000
tank_0628,0.0,1537920000000
tank_0632,0.0,1537920000000
tank_0633,0.0,1537920000000
tank_0639,3.0,1537920000000
tank_0640,0.0,1537920000000
tank_0641,1.0,1537920000000
tank_0643,0.0,1537920000000
tank_0646,0.0,1537920000000
tank_0663,0.0,1537920000000
tank_0664,0.0,1537920000000
tank_0666,0.0,1537920000000
tank_0667,0.0,1537920000000
tank_0670,0.0,1537920000000
tank_0675,0.0,1537920000000
tank_0676,0.0,1537920000000
tank_0678,0.0,1537920000000
tank_0681,0.0,1537920000000
tank_0687,0.0,1537920000000
tank_0688,0.0,1537920000000
tank_0697,0.0,1537920000000
tank_0720,0.0,1537920000000
tank_0722,0.0,1537920000000
tank_0724,3.0,1537920000000
tank_0725,0.0,1537920000000
tank_0728,1.5411764705882351,1537920000000
tank_0730,0.0,1537920000000
tank_0731,0.0,1537920000000
tank_0732,0.0,1537920000000
tank_0737,0.0,1537920000000
tank_0739,0.0,1537920000000
tank_0740,18.956862745098036,1537920000000
tank_0746,0.0,1537920000000
tank_0748,0.0,1537920000000
tank_0749,2.0,1537920000000
tank_0752,1.0,1537920000000
tank_0760,0.0,1537920000000
tank_0770,0.0,1537920000000
tank_0772,0.0,1537920000000
tank_0788,0.0,1537920000000
tank_0789,0.0,1537920000000
tank_0792,15.309803921568628,1537920000000
tank_0797,0.0,1537920000000
tank_0800,0.0,1537920000000
tank_0802,0.0,1537920000000
tank_0803,0.0,1537920000000
tank_0808,0.0,1537920000000
tank_0810,0.0,1537920000000
tank_0811,0.0,1537920000000
tank_0812,0.0,1537920000000
tank_0813,2.67843137254902,1537920000000
tank_0816,0.0,1537920000000
tank_0819,0.0,1537920000000
tank_0823,0.0,1537920000000
tank_0824,0.0,1537920000000
tank_0825,0.0,1537920000000
tank_0828,0.0,1537920000000
tank_0829,23.0,1537920000000
tank_0830,0.0,1537920000000
tank_0831,1.4980392156862745,1537920000000
tank_0844,0.0,1537920000000
tank_0852,7.0,1537920000000
tank_0855,0.0,1537920000000
tank_0856,21.0,1537920000000
tank_0860,0.0,1537920000000
tank_0861,0.0,1537920000000
tank_0872,0.0,1537920000000
tank_0875,0.0,1537920000000
tank_0879,0.0,1537920000000
tank_0885,0.0,1537920000000
tank_0891,0.0,1537920000000
tank_0894,71.0,1537920000000
tank_0898,43.0,1537920000000
tank_0900,0.0,1537920000000
tank_0901,0.0,1537920000000
tank_0902,0.0,1537920000000
tank_0914,0.0,1537920000000
tank_0917,21.0,1537920000000
tank_0919,0.0,1537920000000
tank_0920,0.0,1537920000000
tank_0922,42.0,1537920000000
tank_0923,0.0,1537920000000
tank_0924,0.0,1537920000000
tank_0926,0.0,1537920000000
tank_0927,0.0,1537920000000
tank_0928,0.0,1537920000000
tank_0930,52.0,1537920000000
tank_0931,0.0,1537920000000
tank_0933,0.0,1537920000000
tank_0934,0.0,1537920000000
tank_0937,0.0,1537920000000
tank_0938,0.0,1537920000000
tank_0939,0.0,1537920000000
tank_0944,0.0,1537920000000
tank_0946,0.0,1537920000000
tank_0952,0.0,1537920000000
tank_0958,0.0,1537920000000
tank_0962,179.0,1537920000000
tank_0967,0.0,1537920000000
tank_0975,0.0,1537920000000
tank_0978,3.847058823529412,1537920000000
tank_0990,0.0,1537920000000
tank_0991,19.0,1537920000000
tank_0998,0.0,1537920000000
tank_0999,0.0,1537920000000
tank_1003,0.0,1537920000000
tank_1004,4.0,1537920000000
tank_1014,0.0,1537920000000
tank_1026,28.0,1537920000000
tank_1031,0.0,1537920000000
tank_1032,0.0,1537920000000
tank_1034,0.0,1537920000000
tank_1042,20.0,1537920000000
tank_1045,0.0,1537920000000
tank_1049,1.0,1537920000000
tank_1055,0.6549019607843137,1537920000000
tank_1061,0.0,1537920000000
tank_1062,0.0,1537920000000
tank_1064,0.0,1537920000000
tank_1065,0.0,1537920000000
tank_1066,0.0,1537920000000
tank_1070,0.0,1537920000000
tank_1073,0.0,1537920000000
tank_1083,0.0,1537920000000
tank_1086,8.0,1537920000000
tank_1088,0.0,1537920000000
tank_1089,0.0,1537920000000
tank_1090,0.0,1537920000000
tank_1091,5.0,1537920000000
tank_1094,38.0,1537920000000
tank_1095,34.41960784313726,1537920000000
tank_1104,0.0,1537920000000
tank_1113,0.0,1537920000000
tank_1116,5.0,1537920000000
tank_1117,0.0,1537920000000
tank_1120,123.74117647058823,1537920000000
tank_1121,0.0,1537920000000
tank_1124,14.0,1537920000000
tank_1128,0.0,1537920000000
tank_1134,1.4039215686274509,1537920000000
tank_1135,2.0,1537920000000
tank_1146,25.54901960784314,1537920000000
tank_1149,10.015686274509806,1537920000000
tank_1156,0.0,1537920000000
tank_1157,11.015686274509806,1537920000000
tank_1159,6.0,1537920000000
tank_1160,0.0,1537920000000
tank_1166,1.2470588235294118,1537920000000
tank_1170,19.49411764705882,1537920000000
tank_1175,0.0,1537920000000
tank_1177,0.0,1537920000000
tank_1179,2.0,1537920000000
tank_1181,5.0,1537920000000
tank_1186,0.0,1537920000000
tank_1187,34.87450980392157,1537920000000
tank_1190,0.0,1537920000000
tank_1192,24.0,1537920000000
tank_1196,0.0,1537920000000
tank_1197,745.8235294117648,1537920000000
tank_1201,15.0,1537920000000
tank_1203,0.0,1537920000000
tank_1205,31.0,1537920000000
tank_1209,12.0,1537920000000
tank_1217,0.0,1537920000000
tank_1223,1.0,1537920000000
tank_1226,0.0,1537920000000
tank_1228,6.0,1537920000000
tank_1230,0.0,1537920000000
tank_1237,0.0,1537920000000
tank_1239,5.0,1537920000000
tank_1245,18.376470588235296,1537920000000
tank_1246,15.0,1537920000000
tank_1250,1.0,1537920000000
tank_1254,0.0,1537920000000
tank_1255,0.0,1537920000000
tank_1258,0.0,1537920000000
tank_1261,0.0,1537920000000
tank_1262,0.0,1537920000000
tank_1263,4.0,1537920000000
tank_1265,0.0,1537920000000
tank_1270,0.0,1537920000000
tank_1272,0.0,1537920000000
tank_1275,0.0,1537920000000
tank_1276,0.0,1537920000000
tank_1279,0.0,1537920000000
tank_1280,0.0,1537920000000
tank_1284,2.8666666666666667,1537920000000
tank_1285,0.0,1537920000000
tank_1286,14.0,1537920000000
tank_1290,0.0,1537920000000
tank_1291,0.0,1537920000000
tank_1293,51.91764705882353,1537920000000
tank_1295,0.8274509803921568,1537920000000
tank_1297,55.0,1537920000000
tank_1301,0.0,1537920000000
tank_1302,0.0,1537920000000
tank_1304,0.0,1537920000000
tank_1305,5.0,1537920000000
tank_1313,0.0,1537920000000
tank_1322,0.0,1537920000000
tank_1325,51.0,1537920000000
tank_1326,0.0,1537920000000
tank_1344,0.0,1537920000000
tank_1346,8.399999999999999,1537920000000
tank_1349,0.0,1537920000000
tank_1353,127.90196078431373,1537920000000
tank_1358,0.0,1537920000000
tank_1359,0.0,1537920000000
tank_1361,61.0,1537920000000
tank_1364,6.0,1537920000000
tank_1365,0.0,1537920000000
tank_1372,91.0392156862745,1537920000000
tank_1374,378.1450980392157,1537920000000
tank_1378,379.0,1537920000000
tank_1380,0.0,1537920000000
tank_1386,0.0,1537920000000
tank_1391,0.0,1537920000000
tank_1393,21.0,1537920000000
tank_1396,40.0,1537920000000
tank_1397,14.545098039215686,1537920000000
tank_1403,3.0,1537920000000
tank_1409,55.0,1537920000000
tank_1412,0.0,1537920000000
tank_1415,0.0,1537920000000
tank_1416,0.0,1537920000000
tank_1421,47.0,1537920000000
tank_1422,0.0,1537920000000
tank_1425,371.67058823529413,1537920000000
tank_1426,0.0,1537920000000
tank_1430,0.0,1537920000000
tank_1433,38.0,1537920000000
tank_1438,29.4,1537920000000
tank_1439,0.0,1537920000000
tank_1441,0.0,1537920000000
tank_1443,16.180392156862744,1537920000000
tank_1445,208.73333333333335,1537920000000
tank_1446,0.0,1537920000000
tank_1450,8.39607843137255,1537920000000
tank_1452,0.0,1537920000000
tank_1456,0.0,1537920000000
tank_1466,0.0,1537920000000
tank_1471,0.0,1537920000000
tank_1475,4.0,1537920000000
tank_1486,897.0,1537920000000
tank_1488,0.0,1537920000000
tank_1491,0.0,1537920000000
tank_1500,27.490196078431374,1537920000000
tank_1505,0.0,1537920000000
tank_1513,374.0,1537920000000
tank_1531,0.0,1537920000000
tank_1536,15.0,1537920000000
tank_1539,447.0,1537920000000
tank_1541,0.0,1537920000000
tank_1542,45.564705882352946,1537920000000
tank_1547,0.0,1537920000000
tank_1563,0.0,1537920000000
tank_1564,0.0,1537920000000
tank_1565,0.0,1537920000000
tank_1567,0.0,1537920000000
tank_1568,25.0,1537920000000
tank_1573,0.0,1537920000000
tank_1583,4.0,1537920000000
tank_1587,291.0,1537920000000
tank_1588,59.599999999999994,1537920000000
tank_1592,0.0,1537920000000
tank_1594,0.0,1537920000000
tank_1595,0.0,1537920000000
tank_1597,0.0,1537920000000
tank_1598,0.0,1537920000000
tank_1600,0.0,1537920000000
tank_1604,0.0,1537920000000
tank_0002,0.0,1538956800000
tank_0004,0.0,1538956800000
tank_0005,0.0,1538956800000
tank_0011,0.0,1538956800000
tank_0014,0.0,1538956800000
tank_0019,0.0,1538956800000
tank_0024,4.0,1538956800000
tank_0025,0.0,1538956800000
tank_0026,0.0,1538956800000
tank_0027,0.0,1538956800000
tank_0030,0.0,1538956800000
tank_0031,4.0,1538956800000
tank_0036,0.0,1538956800000
tank_0037,0.0,1538956800000
tank_0038,5.505882352941177,1538956800000
tank_0050,1.0,1538956800000
tank_0051,0.0,1538956800000
tank_0052,0.0,1538956800000
tank_0053,2.2,1538956800000
tank_0055,0.0,1538956800000
tank_0057,8.0,1538956800000
tank_0058,0.0,1538956800000
tank_0064,19.662745098039213,1538956800000
tank_0069,0.0,1538956800000
tank_0072,0.0,1538956800000
tank_0073,0.0,1538956800000
tank_0080,14.0,1538956800000
tank_0094,0.0,1538956800000
tank_0107,0.0,1538956800000
tank_0110,0.0,1538956800000
tank_0113,0.5254901960784313,1538956800000
tank_0115,0.0,1538956800000
tank_0116,0.0,1538956800000
tank_0117,10.0,1538956800000
tank_0118,0.0,1538956800000
tank_0122,0.0,1538956800000
tank_0125,22.827450980392157,1538956800000
tank_0130,2.231372549019608,1538956800000
tank_0131,0.0,1538956800000
tank_0132,0.0,1538956800000
tank_0134,0.0,1538956800000
tank_0135,5.67843137254902,1538956800000
tank_0142,0.0,1538956800000
tank_0143,0.0,1538956800000
tank_0144,0.0,1538956800000
tank_0148,0.0,1538956800000
tank_0153,0.0,1538956800000
tank_0156,1.9803921568627452,1538956800000
tank_0159,0.0,1538956800000
tank_0165,0.0,1538956800000
tank_0171,0.0,1538956800000
tank_0172,0.0,1538956800000
tank_0174,0.3607843137254902,1538956800000
tank_0176,0.0,1538956800000
tank_0184,0.0,1538956800000
tank_0187,0.0,1538956800000
tank_0190,0.0,1538956800000
tank_0192,0.0,1538956800000
tank_0193,0.0,1538956800000
tank_0195,5.309803921568627,1538956800000
tank_0199,0.0,1538956800000
tank_0204,0.0,1538956800000
tank_0205,0.0,1538956800000
tank_0207,0.0,1538956800000
tank_0209,0.0,1538956800000
tank_0213,3.0,1538956800000
tank_0217,0.0,1538956800000
tank_0220,0.0,1538956800000
tank_0221,4.0,1538956800000
tank_0225,0.0,1538956800000
tank_0226,0.0,1538956800000
tank_0228,0.0,1538956800000
tank_0229,0.0,1538956800000
tank_0231,0.0,1538956800000
tank_0233,0.0,1538956800000
tank_0236,0.0,1538956800000
tank_0237,3.0,1538956800000
tank_0240,2.0,1538956800000
tank_0242,0.0,1538956800000
tank_0245,0.0,1538956800000
tank_0247,0.0,1538956800000
tank_0256,0.0,1538956800000
tank_0257,0.0,1538956800000
tank_0260,0.0,1538956800000
tank_0261,0.0,1538956800000
tank_0264,0.0,1538956800000
tank_0273,0.0,1538956800000
tank_0276,0.0,1538956800000
tank_0278,0.0,1538956800000
tank_0280,3.0,1538956800000
tank_0291,0.0,1538956800000
tank_0292,3.219607843137255,1538956800000
tank_0296,0.0,1538956800000
tank_0297,4.0,1538956800000
tank_0299,0.0,1538956800000
tank_0300,0.7490196078431373,1538956800000
tank_0301,0.0,1538956800000
tank_0307,0.0,1538956800000
tank_0309,4.0,1538956800000
tank_0313,0.0,1538956800000
tank_0314,0.0,1538956800000
tank_0319,0.0,1538956800000
tank_0321,0.0,1538956800000
tank_0327,0.0,1538956800000
tank_0337,0.0,1538956800000
tank_0338,0.0,1538956800000
tank_0339,51.435294117647054,1538956800000
tank_0342,0.0,1538956800000
tank_0345,0.0,1538956800000
tank_0346,0.0,1538956800000
tank_0349,0.0,1538956800000
tank_0350,0.0,1538956800000
tank_0353,12.0,1538956800000
tank_0356,0.0,1538956800000
tank_0360,0.0,1538956800000
tank_0361,14.823529411764705,1538956800000
tank_0362,0.0,1538956800000
tank_0364,0.6235294117647059,1538956800000
tank_0366,12.211764705882354,1538956800000
tank_0369,0.0,1538956800000
tank_0375,0.0,1538956800000
tank_0379,2.996078431372549,1538956800000
tank_0381,0.0,1538956800000
tank_0386,0.0,1538956800000
tank_0390,0.0,1538956800000
tank_0397,2.376470588235294,1538956800000
tank_0399,0.0,1538956800000
tank_0404,3.0,1538956800000
tank_0409,0.0,1538956800000
tank_0420,0.0,1538956800000
tank_0425,1.0,1538956800000
tank_0431,0.0,1538956800000
tank_0432,0.0,1538956800000
tank_0435,0.0,1538956800000
tank_0436,0.0,1538956800000
tank_0438,0.0,1538956800000
tank_0443,0.0,1538956800000
tank_0444,0.0,1538956800000
tank_0447,5.0,1538956800000
tank_0448,0.0,1538956800000
tank_0449,0.0,1538956800000
tank_0455,0.0,1538956800000
tank_0460,0.0,1538956800000
tank_0462,0.0,1538956800000
tank_0466,0.0,1538956800000
tank_0471,1.0,1538956800000
tank_0473,0.0,1538956800000
tank_0474,0.0,1538956800000
tank_0481,16.12549019607843,1538956800000
tank_0485,0.0,1538956800000
tank_0489,0.0,1538956800000
tank_0491,0.0,1538956800000
tank_0494,5.0,1538956800000
tank_0497,0.0,1538956800000
tank_0498,0.0,1538956800000
tank_0502,0.0,1538956800000
tank_0505,0.37254901960784315,1538956800000
tank_0509,3.76078431372549,1538956800000
tank_0512,0.0,1538956800000
tank_0514,0.0,1538956800000
tank_0515,2.0,1538956800000
tank_0521,0.0,1538956800000
tank_0524,0.0,1538956800000
tank_0526,6.0,1538956800000
tank_0533,0.0,1538956800000
tank_0534,0.0,1538956800000
tank_0536,0.0,1538956800000
tank_0537,0.0,1538956800000
tank_0541,0.0,1538956800000
tank_0547,0.0,1538956800000
tank_0552,0.0,1538956800000
tank_0555,0.0,1538956800000
tank_0556,0.0,1538956800000
tank_0557,0.0,1538956800000
tank_0560,0.0,1538956800000
tank_0561,0.0,1538956800000
tank_0566,0.0,1538956800000
tank_0567,0.0,1538956800000
tank_0568,7.870588235294117,1538956800000
tank_0574,0.0,1538956800000
tank_0579,0.0,1538956800000
tank_0583,0.0,1538956800000
tank_0587,0.0,1538956800000
tank_0589,0.0,1538956800000
tank_0590,0.0,1538956800000
tank_0592,0.0,1538956800000
tank_0593,0.0,1538956800000
tank_0595,0.0,1538956800000
tank_0600,0.0,1538956800000
tank_0604,0.0,1538956800000
tank_0606,0.0,1538956800000
tank_0607,0.0,1538956800000
tank_0608,0.0,1538956800000
tank_0610,0.0,1538956800000
tank_0611,0.0,1538956800000
tank_0612,4.035294117647059,1538956800000
tank_0613,0.0,1538956800000
tank_0619,0.0,1538956800000
tank_0626,5.0,1538956800000
tank_0627,0.0,1538956800000
tank_0628,0.0,1538956800000
tank_0632,0.0,1538956800000
tank_0633,0.0,1538956800000
tank_0639,0.0,1538956800000
tank_0640,0.0,1538956800000
tank_0641,3.0,1538956800000
tank_0643,0.0,1538956800000
tank_0646,0.0,1538956800000
tank_0663,0.0,1538956800000
tank_0664,0.0,1538956800000
tank_0666,0.0,1538956800000
tank_0667,0.0,1538956800000
tank_0670,0.0,1538956800000
tank_0675,0.0,1538956800000
tank_0676,0.0,1538956800000
tank_0678,2.9058823529411764,1538956800000
tank_0681,0.0,1538956800000
tank_0687,0.0,1538956800000
tank_0688,0.0,1538956800000
tank_0697,0.0,1538956800000
tank_0720,0.0,1538956800000
tank_0722,0.0,1538956800000
tank_0724,0.0,1538956800000
tank_0725,0.0,1538956800000
tank_0728,2.0,1538956800000
tank_0730,0.25098039215686274,1538956800000
tank_0731,0.0,1538956800000
tank_0732,0.0,1538956800000
tank_0737,0.0,1538956800000
tank_0739,2.9058823529411764,1538956800000
tank_0740,15.988235294117647,1538956800000
tank_0746,0.0,1538956800000
tank_0748,0.0,1538956800000
tank_0749,0.0,1538956800000
tank_0752,0.0,1538956800000
tank_0760,0.0,1538956800000
tank_0770,2.0,1538956800000
tank_0772,0.0,1538956800000
tank_0788,0.0,1538956800000
tank_0789,0.7529411764705882,1538956800000
tank_0792,113.53333333333332,1538956800000
tank_0797,0.0,1538956800000
tank_0800,6.0,1538956800000
tank_0802,0.0,1538956800000
tank_0803,1.2588235294117647,1538956800000
tank_0808,2.1137254901960785,1538956800000
tank_0810,0.0,1538956800000
tank_0811,4.0,1538956800000
tank_0812,0.0,1538956800000
tank_0813,2.2,1538956800000
tank_0816,4.0,1538956800000
tank_0819,0.0,1538956800000
tank_0823,0.0,1538956800000
tank_0824,0.0,1538956800000
tank_0825,0.0,1538956800000
tank_0828,0.0,1538956800000
tank_0829,19.0,1538956800000
tank_0830,0.0,1538956800000
tank_0831,0.0,1538956800000
tank_0844,0.0,1538956800000
tank_0852,7.0,1538956800000
tank_0855,0.0,1538956800000
tank_0856,777.0,1538956800000
tank_0860,0.0,1538956800000
tank_0861,0.0,1538956800000
tank_0872,0.0,1538956800000
tank_0875,0.0,1538956800000
tank_0879,0.0,1538956800000
tank_0885,0.0,1538956800000
tank_0891,0.0,1538956800000
tank_0894,902.0,1538956800000
tank_0898,487.0,1538956800000
tank_0900,2.0,1538956800000
tank_0901,0.0,1538956800000
tank_0902,100.0,1538956800000
tank_0914,0.0,1538956800000
tank_0917,358.0,1538956800000
tank_0919,0.0,1538956800000
tank_0920,0.0,1538956800000
tank_0922,34.0,1538956800000
tank_0923,0.0,1538956800000
tank_0924,0.0,1538956800000
tank_0926,0.0,1538956800000
tank_0927,1.2941176470588236,1538956800000
tank_0928,0.0,1538956800000
tank_0930,65.0,1538956800000
tank_0931,0.0,1538956800000
tank_0933,0.0,1538956800000
tank_0934,2.0,1538956800000
tank_0937,0.0,1538956800000
tank_0938,0.0,1538956800000
tank_0939,0.7725490196078432,1538956800000
tank_0944,5.0,1538956800000
tank_0946,0.0,1538956800000
tank_0952,0.0,1538956800000
tank_0958,0.0,1538956800000
tank_0962,763.0,1538956800000
tank_0967,0.7490196078431373,1538956800000
tank_0975,0.0,1538956800000
tank_0978,0.0,1538956800000
tank_0990,0.0,1538956800000
tank_0991,816.0,1538956800000
tank_0998,0.0,1538956800000
tank_0999,0.0,1538956800000
tank_1003,0.0,1538956800000
tank_1004,0.0,1538956800000
tank_1014,0.0,1538956800000
tank_1026,60.0,1538956800000
tank_1031,0.0,1538956800000
tank_1032,2.788235294117647,1538956800000
tank_1034,0.0,1538956800000
tank_1042,30.0,1538956800000
tank_1045,0.0,1538956800000
tank_1049,0.0,1538956800000
tank_1055,4.254901960784314,1538956800000
tank_1061,0.0,1538956800000
tank_1062,0.0,1538956800000
tank_1064,0.0,1538956800000
tank_1065,4.0,1538956800000
tank_1066,0.0,1538956800000
tank_1070,0.0,1538956800000
tank_1073,0.0,1538956800000
tank_1083,0.0,1538956800000
tank_1086,11.0,1538956800000
tank_1088,3.215686274509804,1538956800000
tank_1089,11.0,1538956800000
tank_1090,0.0,1538956800000
tank_1091,0.0,1538956800000
tank_1094,280.0,1538956800000
tank_1095,9.0,1538956800000
tank_1104,0.0,1538956800000
tank_1113,0.0,1538956800000
tank_1116,4.4980392156862745,1538956800000
tank_1117,0.0,1538956800000
tank_1120,288.11764705882354,1538956800000
tank_1121,0.0,1538956800000
tank_1124,7.0,1538956800000
tank_1128,0.0,1538956800000
tank_1134,0.0,1538956800000
tank_1135,1.0,1538956800000
tank_1146,36.91764705882353,1538956800000
tank_1149,2.3450980392156864,1538956800000
tank_1156,0.0,1538956800000
tank_1157,13.611764705882354,1538956800000
tank_1159,96.0,1538956800000
tank_1160,0.0,1538956800000
tank_1166,0.06666666666666667,1538956800000
tank_1170,19.721568627450978,1538956800000
tank_1175,0.0,1538956800000
tank_1177,0.0,1538956800000
tank_1179,12.799999999999999,1538956800000
tank_1181,181.34901960784313,1538956800000
tank_1186,0.0,1538956800000
tank_1187,0.0,1538956800000
tank_1190,14.827450980392161,1538956800000
tank_1192,29.91372549019608,1538956800000
tank_1196,0.0,1538956800000
tank_1197,1299.0,1538956800000
tank_1201,3.0,1538956800000
tank_1203,5.0,1538956800000
tank_1205,40.0,1538956800000
tank_1209,715.0,1538956800000
tank_1217,0.0,1538956800000
tank_1223,0.0,1538956800000
tank_1226,0.0,1538956800000
tank_1228,21.0,1538956800000
tank_1230,0.0,1538956800000
tank_1237,0.0,1538956800000
tank_1239,4.0,1538956800000
tank_1245,9.64313725490196,1538956800000
tank_1246,24.0,1538956800000
tank_1250,3.996078431372549,1538956800000
tank_1254,0.0,1538956800000
tank_1255,17.250980392156862,1538956800000
tank_1258,0.0,1538956800000
tank_1261,0.0,1538956800000
tank_1262,0.0,1538956800000
tank_1263,0.0,1538956800000
tank_1265,0.0,1538956800000
tank_1270,16.0,1538956800000
tank_1272,0.0,1538956800000
tank_1275,0.0,1538956800000
tank_1276,0.0,1538956800000
tank_1279,18.909803921568628,1538956800000
tank_1280,0.0,1538956800000
tank_1284,0.0,1538956800000
tank_1285,0.0,1538956800000
tank_1286,36.0,1538956800000
tank_1290,0.0,1538956800000
tank_1291,0.0,1538956800000
tank_1293,63.89019607843137,1538956800000
tank_1295,0.0,1538956800000
tank_1297,110.0,1538956800000
tank_1301,0.0,1538956800000
tank_1302,0.0,1538956800000
tank_1304,0.0,1538956800000
tank_1305,0.0,1538956800000
tank_1313,0.0,1538956800000
tank_1322,0.0,1538956800000
tank_1325,246.99607843137255,1538956800000
tank_1326,0.0,1538956800000
tank_1344,0.0,1538956800000
tank_1346,1.0,1538956800000
tank_1349,0.0,1538956800000
tank_1353,234.0,1538956800000
tank_1358,0.0,1538956800000
tank_1359,0.0,1538956800000
tank_1361,156.0,1538956800000
tank_1364,149.0,1538956800000
tank_1365,0.0,1538956800000
tank_1372,134.24313725490197,1538956800000
tank_1374,317.0,1538956800000
tank_1378,433.0,1538956800000
tank_1380,0.0,1538956800000
tank_1386,2.0,1538956800000
tank_1391,0.0,1538956800000
tank_1393,36.882352941176464,1538956800000
tank_1396,333.0,1538956800000
tank_1397,4.0,1538956800000
tank_1403,2.0,1538956800000
tank_1409,594.0,1538956800000
tank_1412,0.0,1538956800000
tank_1415,0.0,1538956800000
tank_1416,0.0,1538956800000
tank_1421,95.0,1538956800000
tank_1422,3.8274509803921566,1538956800000
tank_1425,399.0,1538956800000
tank_1426,0.0,1538956800000
tank_1430,0.0,1538956800000
tank_1433,74.0,1538956800000
tank_1438,29.701960784313727,1538956800000
tank_1439,0.0,1538956800000
tank_1441,0.0,1538956800000
tank_1443,4.415686274509804,1538956800000
tank_1445,237.54509803921567,1538956800000
tank_1446,0.0,1538956800000
tank_1450,0.0,1538956800000
tank_1452,0.0,1538956800000
tank_1456,0.0,1538956800000
tank_1466,0.0,1538956800000
tank_1471,0.0,1538956800000
tank_1475,19.0,1538956800000
tank_1486,1353.0,1538956800000
tank_1488,0.0,1538956800000
tank_1491,0.0,1538956800000
tank_1500,67.14901960784314,1538956800000
tank_1505,0.0,1538956800000
tank_1513,899.0,1538956800000
tank_1531,0.0,1538956800000
tank_1536,27.0,1538956800000
tank_1539,468.0,1538956800000
tank_1541,0.0,1538956800000
tank_1542,29.14509803921569,1538956800000
tank_1547,0.0,1538956800000
tank_1563,0.0,1538956800000
tank_1564,0.0,1538956800000
tank_1565,0.0,1538956800000
tank_1567,0.0,1538956800000
tank_1568,83.0,1538956800000
tank_1573,0.0,1538956800000
tank_1583,10.498039215686275,1538956800000
tank_1587,724.0,1538956800000
tank_1588,63.56078431372547,1538956800000
tank_1592,0.0,1538956800000
tank_1594,0.0,1538956800000
tank_1595,0.0,1538956800000
tank_1597,0.0,1538956800000
tank_1598,0.0,1538956800000
tank_1600,0.0,1538956800000
tank_1604,0.0,1538956800000
tank_0002,0.0,1539993600000
tank_0004,0.0,1539993600000
tank_0005,0.0,1539993600000
tank_0011,0.0,1539993600000
tank_0014,0.0,1539993600000
tank_0019,0.0,1539993600000
tank_0024,6.0,1539993600000
tank_0025,0.0,1539993600000
tank_0026,0.0,1539993600000
tank_0027,0.0,1539993600000
tank_0030,0.0,1539993600000
tank_0031,0.0,1539993600000
tank_0036,0.0,1539993600000
tank_0037,0.0,1539993600000
tank_0038,0.0,1539993600000
tank_0050,0.0,1539993600000
tank_0051,0.0,1539993600000
tank_0052,0.0,1539993600000
tank_0053,0.0,1539993600000
tank_0055,0.0,1539993600000
tank_0057,0.0,1539993600000
tank_0058,0.0,1539993600000
tank_0064,0.0,1539993600000
tank_0069,0.0,1539993600000
tank_0072,0.0,1539993600000
tank_0073,0.0,1539993600000
tank_0080,14.0,1539993600000
tank_0094,0.0,1539993600000
tank_0107,0.0,1539993600000
tank_0110,1.0,1539993600000
tank_0113,0.0,1539993600000
tank_0115,0.0,1539993600000
tank_0116,0.0,1539993600000
tank_0117,0.0,1539993600000
tank_0118,0.0,1539993600000
tank_0122,0.0,1539993600000
tank_0125,4.901960784313726,1539993600000
tank_0130,0.0,1539993600000
tank_0131,0.0,1539993600000
tank_0132,0.0,1539993600000
tank_0134,2.0,1539993600000
tank_0135,0.0,1539993600000
tank_0142,0.0,1539993600000
tank_0143,0.0,1539993600000
tank_0144,0.0,1539993600000
tank_0148,0.0,1539993600000
tank_0153,0.0,1539993600000
tank_0156,0.0,1539993600000
tank_0159,0.0,1539993600000
tank_0165,0.0,1539993600000
tank_0171,0.0,1539993600000
tank_0172,0.0,1539993600000
tank_0174,0.0,1539993600000
tank_0176,0.0,1539993600000
tank_0184,0.0,1539993600000
tank_0187,0.0,1539993600000
tank_0190,0.30196078431372547,1539993600000
tank_0192,0.0,1539993600000
tank_0193,0.0,1539993600000
tank_0195,0.0,1539993600000
tank_0199,0.0,1539993600000
tank_0204,0.0,1539993600000
tank_0205,0.0,1539993600000
tank_0207,0.0,1539993600000
tank_0209,0.0,1539993600000
tank_0213,18.0,1539993600000
tank_0217,0.0,1539993600000
tank_0220,0.0,1539993600000
tank_0221,0.0,1539993600000
tank_0225,0.0,1539993600000
tank_0226,0.0,1539993600000
tank_0228,0.0,1539993600000
tank_0229,0.0,1539993600000
tank_0231,1.6784313725490196,1539993600000
tank_0233,0.0,1539993600000
tank_0236,0.0,1539993600000
tank_0237,0.0,1539993600000
tank_0240,0.0,1539993600000
tank_0242,0.0,1539993600000
tank_0245,0.0,1539993600000
tank_0247,0.0,1539993600000
tank_0256,0.0,1539993600000
tank_0257,0.0,1539993600000
tank_0260,0.0,1539993600000
tank_0261,0.0,1539993600000
tank_0264,0.0,1539993600000
tank_0273,0.0,1539993600000
tank_0276,0.0,1539993600000
tank_0278,0.0,1539993600000
tank_0280,0.0,1539993600000
tank_0291,0.0,1539993600000
tank_0292,7.258823529411765,1539993600000
tank_0296,0.0,1539993600000
tank_0297,0.0,1539993600000
tank_0299,0.0,1539993600000
tank_0300,0.7215686274509804,1539993600000
tank_0301,0.0,1539993600000
tank_0307,0.0,1539993600000
tank_0309,0.0,1539993600000
tank_0313,0.0,1539993600000
tank_0314,0.0,1539993600000
tank_0319,1.0,1539993600000
tank_0321,0.0,1539993600000
tank_0327,0.0,1539993600000
tank_0337,0.0,1539993600000
tank_0338,0.0,1539993600000
tank_0339,0.0,1539993600000
tank_0342,0.0,1539993600000
tank_0345,0.0,1539993600000
tank_0346,0.0,1539993600000
tank_0349,0.0,1539993600000
tank_0350,0.0,1539993600000
tank_0353,12.0,1539993600000
tank_0356,0.0,1539993600000
tank_0360,0.0,1539993600000
tank_0361,2.0,1539993600000
tank_0362,0.0,1539993600000
tank_0364,0.0,1539993600000
tank_0366,16.098039215686278,1539993600000
tank_0369,0.0,1539993600000
tank_0375,0.0,1539993600000
tank_0379,0.0,1539993600000
tank_0381,0.0,1539993600000
tank_0386,0.0,1539993600000
tank_0390,0.0,1539993600000
tank_0397,0.0,1539993600000
tank_0399,0.0,1539993600000
tank_0404,5.0,1539993600000
tank_0409,0.0,1539993600000
tank_0420,0.047058823529411764,1539993600000
tank_0425,0.0,1539993600000
tank_0431,0.0,1539993600000
tank_0432,5.8431372549019605,1539993600000
tank_0435,0.0,1539993600000
tank_0436,0.0,1539993600000
tank_0438,0.0,1539993600000
tank_0443,0.0,1539993600000
tank_0444,0.0,1539993600000
tank_0447,0.0,1539993600000
tank_0448,0.0,1539993600000
tank_0449,0.0,1539993600000
tank_0455,0.0,1539993600000
tank_0460,0.0,1539993600000
tank_0462,0.0,1539993600000
tank_0466,0.0,1539993600000
tank_0471,0.0,1539993600000
tank_0473,0.0,1539993600000
tank_0474,0.0,1539993600000
tank_0481,0.0,1539993600000
tank_0485,0.0,1539993600000
tank_0489,0.0,1539993600000
tank_0491,0.0,1539993600000
tank_0494,0.0,1539993600000
tank_0497,0.0,1539993600000
tank_0498,0.0,1539993600000
tank_0502,0.0,1539993600000
tank_0505,0.0,1539993600000
tank_0509,0.0,1539993600000
tank_0512,5.0,1539993600000
tank_0514,0.0,1539993600000
tank_0515,0.0,1539993600000
tank_0521,0.0,1539993600000
tank_0524,0.0,1539993600000
tank_0526,42.59607843137255,1539993600000
tank_0533,0.0,1539993600000
tank_0534,0.0,1539993600000
tank_0536,0.0,1539993600000
tank_0537,0.0,1539993600000
tank_0541,0.0,1539993600000
tank_0547,0.0,1539993600000
tank_0552,8.415686274509804,1539993600000
tank_0555,0.0,1539993600000
tank_0556,0.0,1539993600000
tank_0557,0.0,1539993600000
tank_0560,0.0,1539993600000
tank_0561,3.0,1539993600000
tank_0566,0.0,1539993600000
tank_0567,0.0,1539993600000
tank_0568,0.0,1539993600000
tank_0574,0.0,1539993600000
tank_0579,0.0,1539993600000
tank_0583,0.0,1539993600000
tank_0587,0.0,1539993600000
tank_0589,0.0,1539993600000
tank_0590,3.0,1539993600000
tank_0592,0.0,1539993600000
tank_0593,0.0,1539993600000
tank_0595,0.0,1539993600000
tank_0600,0.0,1539993600000
tank_0604,0.0,1539993600000
tank_0606,0.0,1539993600000
tank_0607,0.0,1539993600000
tank_0608,0.0,1539993600000
tank_0610,0.0,1539993600000
tank_0611,3.603921568627451,1539993600000
tank_0612,0.0,1539993600000
tank_0613,0.0,1539993600000
tank_0619,0.0,1539993600000
tank_0626,0.0,1539993600000
tank_0627,0.0,1539993600000
tank_0628,0.0,1539993600000
tank_0632,0.0,1539993600000
tank_0633,0.0,1539993600000
tank_0639,0.0,1539993600000
tank_0640,0.0,1539993600000
tank_0641,0.0,1539993600000
tank_0643,0.0,1539993600000
tank_0646,0.0,1539993600000
tank_0663,0.47058823529411764,1539993600000
tank_0664,0.0,1539993600000
tank_0666,0.0,1539993600000
tank_0667,0.6235294117647059,1539993600000
tank_0670,0.0,1539993600000
tank_0675,0.0,1539993600000
tank_0676,0.0,1539993600000
tank_0678,4.592156862745098,1539993600000
tank_0681,0.0,1539993600000
tank_0687,0.0,1539993600000
tank_0688,0.0,1539993600000
tank_0697,2.0,1539993600000
tank_0720,0.0,1539993600000
tank_0722,0.0,1539993600000
tank_0724,0.6235294117647059,1539993600000
tank_0725,0.0,1539993600000
tank_0728,5.9372549019607845,1539993600000
tank_0730,2.0,1539993600000
tank_0731,0.0,1539993600000
tank_0732,0.0,1539993600000
tank_0737,299.0,1539993600000
tank_0739,0.0,1539993600000
tank_0740,32.48627450980392,1539993600000
tank_0746,0.0,1539993600000
tank_0748,0.0,1539993600000
tank_0749,4.88235294117647,1539993600000
tank_0752,0.0,1539993600000
tank_0760,0.0,1539993600000
tank_0770,7.584313725490197,1539993600000
tank_0772,2.0,1539993600000
tank_0788,0.0,1539993600000
tank_0789,0.0,1539993600000
tank_0792,123.6470588235294,1539993600000
tank_0797,0.0,1539993600000
tank_0800,0.0,1539993600000
tank_0802,0.0,1539993600000
tank_0803,4.0,1539993600000
tank_0808,6.647058823529412,1539993600000
tank_0810,0.0,1539993600000
tank_0811,22.576470588235292,1539993600000
tank_0812,0.0,1539993600000
tank_0813,6.450980392156862,1539993600000
tank_0816,10.909803921568628,1539993600000
tank_0819,0.0,1539993600000
tank_0823,0.0,1539993600000
tank_0824,0.0,1539993600000
tank_0825,0.0,1539993600000
tank_0828,0.0,1539993600000
tank_0829,18.984313725490196,1539993600000
tank_0830,0.0,1539993600000
tank_0831,7.8509803921568615,1539993600000
tank_0844,0.0,1539993600000
tank_0852,0.0,1539993600000
tank_0855,0.0,1539993600000
tank_0856,886.0,1539993600000
tank_0860,0.0,1539993600000
tank_0861,0.0,1539993600000
tank_0872,0.0,1539993600000
tank_0875,0.0,1539993600000
tank_0879,0.0,1539993600000
tank_0885,0.0,1539993600000
tank_0891,0.0,1539993600000
tank_0894,1008.0,1539993600000
tank_0898,425.0,1539993600000
tank_0900,0.0,1539993600000
tank_0901,0.0,1539993600000
tank_0902,58.0,1539993600000
tank_0914,0.0,1539993600000
tank_0917,681.0901960784314,1539993600000
tank_0919,0.0,1539993600000
tank_0920,0.0,1539993600000
tank_0922,37.0,1539993600000
tank_0923,0.0,1539993600000
tank_0924,0.0,1539993600000
tank_0926,1.0,1539993600000
tank_0927,0.0,1539993600000
tank_0928,0.0,1539993600000
tank_0930,51.0,1539993600000
tank_0931,0.0,1539993600000
tank_0933,0.0,1539993600000
tank_0934,0.0,1539993600000
tank_0937,0.0,1539993600000
tank_0938,0.0,1539993600000
tank_0939,2.0,1539993600000
tank_0944,0.0,1539993600000
tank_0946,0.0,1539993600000
tank_0952,0.0,1539993600000
tank_0958,0.0,1539993600000
tank_0962,878.0,1539993600000
tank_0967,0.0,1539993600000
tank_0975,0.0,1539993600000
tank_0978,5.0,1539993600000
tank_0990,0.0,1539993600000
tank_0991,827.0,1539993600000
tank_0998,0.0,1539993600000
tank_0999,0.0,1539993600000
tank_1003,0.0,1539993600000
tank_1004,0.0,1539993600000
tank_1014,0.0,1539993600000
tank_1026,48.0,1539993600000
tank_1031,0.0,1539993600000
tank_1032,5.729411764705882,1539993600000
tank_1034,2.686274509803922,1539993600000
tank_1042,18.0,1539993600000
tank_1045,0.0,1539993600000
tank_1049,0.0,1539993600000
tank_1055,8.227450980392156,1539993600000
tank_1061,0.0,1539993600000
tank_1062,0.0,1539993600000
tank_1064,0.0,1539993600000
tank_1065,2.0,1539993600000
tank_1066,0.0,1539993600000
tank_1070,0.0,1539993600000
tank_1073,0.0,1539993600000
tank_1083,0.0,1539993600000
tank_1086,10.0,1539993600000
tank_1088,2.0,1539993600000
tank_1089,10.0,1539993600000
tank_1090,0.0,1539993600000
tank_1091,0.0,1539993600000
tank_1094,394.0,1539993600000
tank_1095,5.0,1539993600000
tank_1104,1.9647058823529409,1539993600000
tank_1113,28.0,1539993600000
tank_1116,0.0,1539993600000
tank_1117,0.0,1539993600000
tank_1120,238.24705882352941,1539993600000
tank_1121,10.0,1539993600000
tank_1124,1.0,1539993600000
tank_1128,0.0,1539993600000
tank_1134,0.0,1539993600000
tank_1135,0.0,1539993600000
tank_1146,25.71764705882353,1539993600000
tank_1149,2.3372549019607844,1539993600000
tank_1156,0.0,1539993600000
tank_1157,12.964705882352943,1539993600000
tank_1159,83.0,1539993600000
tank_1160,0.0,1539993600000
tank_1166,0.25098039215686274,1539993600000
tank_1170,26.04313725490196,1539993600000
tank_1175,0.0,1539993600000
tank_1177,1.0,1539993600000
tank_1179,3.3019607843137253,1539993600000
tank_1181,140.28627450980392,1539993600000
tank_1186,0.0,1539993600000
tank_1187,0.0,1539993600000
tank_1190,0.0,1539993600000
tank_1192,20.0,1539993600000
tank_1196,0.0,1539993600000
tank_1197,1339.7411764705882,1539993600000
tank_1201,0.0,1539993600000
tank_1203,3.0,1539993600000
tank_1205,19.0,1539993600000
tank_1209,737.0,1539993600000
tank_1217,0.0,1539993600000
tank_1223,0.0,1539993600000
tank_1226,0.0,1539993600000
tank_1228,17.0,1539993600000
tank_1230,0.0,1539993600000
tank_1237,0.0,1539993600000
tank_1239,0.0,1539993600000
tank_1245,17.380392156862744,1539993600000
tank_1246,1.0,1539993600000
tank_1250,0.0,1539993600000
tank_1254,0.0,1539993600000
tank_1255,6.0,1539993600000
tank_1258,0.0,1539993600000
tank_1261,1.1372549019607843,1539993600000
tank_1262,0.0,1539993600000
tank_1263,0.0,1539993600000
tank_1265,0.0,1539993600000
tank_1270,15.0,1539993600000
tank_1272,0.0,1539993600000
tank_1275,0.0,1539993600000
tank_1276,0.0,1539993600000
tank_1279,8.0,1539993600000
tank_1280,0.0,1539993600000
tank_1284,0.0,1539993600000
tank_1285,0.0,1539993600000
tank_1286,34.0,1539993600000
tank_1290,0.0,1539993600000
tank_1291,0.0,1539993600000
tank_1293,49.0,1539993600000
tank_1295,3.4588235294117644,1539993600000
tank_1297,73.0,1539993600000
tank_1301,0.0,1539993600000
tank_1302,0.0,1539993600000
tank_1304,0.607843137254902,1539993600000
tank_1305,0.0,1539993600000
tank_1313,0.0,1539993600000
tank_1322,0.0,1539993600000
tank_1325,207.1529411764706,1539993600000
tank_1326,0.0,1539993600000
tank_1344,0.0,1539993600000
tank_1346,0.0,1539993600000
tank_1349,0.0,1539993600000
tank_1353,283.8156862745098,1539993600000
tank_1358,0.0,1539993600000
tank_1359,0.0,1539993600000
tank_1361,245.0,1539993600000
tank_1364,195.0,1539993600000
tank_1365,0.0,1539993600000
tank_1372,103.75686274509803,1539993600000
tank_1374,458.61176470588236,1539993600000
tank_1378,478.0,1539993600000
tank_1380,0.0,1539993600000
tank_1386,0.0,1539993600000
tank_1391,0.0,1539993600000
tank_1393,31.619607843137256,1539993600000
tank_1396,310.7607843137255,1539993600000
tank_1397,5.0,1539993600000
tank_1403,0.0,1539993600000
tank_1409,360.0,1539993600000
tank_1412,0.0,1539993600000
tank_1415,0.0,1539993600000
tank_1416,0.0,1539993600000
tank_1421,91.0,1539993600000
tank_1422,2.0,1539993600000
tank_1425,365.0,1539993600000
tank_1426,0.0,1539993600000
tank_1430,0.0,1539993600000
tank_1433,38.0,1539993600000
tank_1438,7.9411764705882355,1539993600000
tank_1439,0.0,1539993600000
tank_1441,0.0,1539993600000
tank_1443,0.8745098039215686,1539993600000
tank_1445,201.8,1539993600000
tank_1446,0.0,1539993600000
tank_1450,0.0,1539993600000
tank_1452,0.0,1539993600000
tank_1456,0.0,1539993600000
tank_1466,0.0,1539993600000
tank_1471,0.0,1539993600000
tank_1475,24.0,1539993600000
tank_1486,1280.0,1539993600000
tank_1488,0.0,1539993600000
tank_1491,0.0,1539993600000
tank_1500,51.772549019607844,1539993600000
tank_1505,0.0,1539993600000
tank_1513,846.0,1539993600000
tank_1531,0.0,1539993600000
tank_1536,27.0,1539993600000
tank_1539,432.0,1539993600000
tank_1541,0.0,1539993600000
tank_1542,20.462745098039214,1539993600000
tank_1547,0.0,1539993600000
tank_1563,0.0,1539993600000
tank_1564,0.0,1539993600000
tank_1565,0.0,1539993600000
tank_1567,0.0,1539993600000
tank_1568,60.0,1539993600000
tank_1573,0.0,1539993600000
tank_1583,4.0,1539993600000
tank_1587,725.0,1539993600000
tank_1588,35.062745098039215,1539993600000
tank_1592,0.0,1539993600000
tank_1594,0.0,1539993600000
tank_1595,0.0,1539993600000
tank_1597,0.0,1539993600000
tank_1598,0.0,1539993600000
tank_1600,0.0,1539993600000
tank_1604,0.0,1539993600000
tank_0002,0.0,1541030400000
tank_0004,0.0,1541030400000
tank_0005,0.0,1541030400000
tank_0011,0.0,1541030400000
tank_0014,0.0,1541030400000
tank_0019,0.0,1541030400000
tank_0024,4.862745098039216,1541030400000
tank_0025,0.0,1541030400000
tank_0026,0.0,1541030400000
tank_0027,0.0,1541030400000
tank_0030,0.0,1541030400000
tank_0031,0.0,1541030400000
tank_0036,0.0,1541030400000
tank_0037,0.0,1541030400000
tank_0038,0.0,1541030400000
tank_0050,9.686274509803923,1541030400000
tank_0051,0.0,1541030400000
tank_0052,4.152941176470588,1541030400000
tank_0053,1.0588235294117647,1541030400000
tank_0055,0.0,1541030400000
tank_0057,0.0,1541030400000
tank_0058,0.0,1541030400000
tank_0064,11.498039215686275,1541030400000
tank_0069,4.984313725490196,1541030400000
tank_0072,0.0,1541030400000
tank_0073,0.0,1541030400000
tank_0080,14.0,1541030400000
tank_0094,0.0,1541030400000
tank_0107,0.0,1541030400000
tank_0110,19.0,1541030400000
tank_0113,6.572549019607843,1541030400000
tank_0115,0.0,1541030400000
tank_0116,3.380392156862745,1541030400000
tank_0117,9.0,1541030400000
tank_0118,0.0,1541030400000
tank_0122,0.0,1541030400000
tank_0125,21.062745098039215,1541030400000
tank_0130,21.8,1541030400000
tank_0131,0.0,1541030400000
tank_0132,0.0,1541030400000
tank_0134,0.0,1541030400000
tank_0135,5.4980392156862745,1541030400000
tank_0142,0.0,1541030400000
tank_0143,0.0,1541030400000
tank_0144,0.0,1541030400000
tank_0148,0.0,1541030400000
tank_0153,1.0,1541030400000
tank_0156,5.474509803921569,1541030400000
tank_0159,0.0,1541030400000
tank_0165,0.0,1541030400000
tank_0171,0.0,1541030400000
tank_0172,2.156862745098039,1541030400000
tank_0174,0.8549019607843138,1541030400000
tank_0176,0.0,1541030400000
tank_0184,0.0,1541030400000
tank_0187,1.0,1541030400000
tank_0190,8.909803921568628,1541030400000
tank_0192,0.0,1541030400000
tank_0193,0.0,1541030400000
tank_0195,0.0,1541030400000
tank_0199,0.0,1541030400000
tank_0204,0.0,1541030400000
tank_0205,0.0,1541030400000
tank_0207,1.0,1541030400000
tank_0209,0.0,1541030400000
tank_0213,14.0,1541030400000
tank_0217,0.0,1541030400000
tank_0220,0.0,1541030400000
tank_0221,0.0,1541030400000
tank_0225,0.0,1541030400000
tank_0226,0.0,1541030400000
tank_0228,0.0,1541030400000
tank_0229,0.0,1541030400000
tank_0231,0.3843137254901961,1541030400000
tank_0233,0.0,1541030400000
tank_0236,0.0,1541030400000
tank_0237,0.0,1541030400000
tank_0240,0.0,1541030400000
tank_0242,0.0,1541030400000
tank_0245,0.0,1541030400000
tank_0247,1.0,1541030400000
tank_0256,0.0,1541030400000
tank_0257,0.0,1541030400000
tank_0260,0.0,1541030400000
tank_0261,0.0,1541030400000
tank_0264,0.0,1541030400000
tank_0273,0.0,1541030400000
tank_0276,2.0,1541030400000
tank_0278,7.0,1541030400000
tank_0280,0.0,1541030400000
tank_0291,0.0,1541030400000
tank_0292,0.14901960784313725,1541030400000
tank_0296,0.0,1541030400000
tank_0297,2.0,1541030400000
tank_0299,0.0,1541030400000
tank_0300,0.7215686274509804,1541030400000
tank_0301,0.0,1541030400000
tank_0307,0.0,1541030400000
tank_0309,0.0,1541030400000
tank_0313,0.0,1541030400000
tank_0314,0.0,1541030400000
tank_0319,2.0,1541030400000
tank_0321,0.0,1541030400000
tank_0327,0.0,1541030400000
tank_0337,0.0,1541030400000
tank_0338,0.0,1541030400000
tank_0339,24.76078431372549,1541030400000
tank_0342,14.51764705882353,1541030400000
tank_0345,0.0,1541030400000
tank_0346,0.0,1541030400000
tank_0349,0.0,1541030400000
tank_0350,3.3490196078431373,1541030400000
tank_0353,1.0,1541030400000
tank_0356,0.0,1541030400000
tank_0360,0.0,1541030400000
tank_0361,7.9607843137254894,1541030400000
tank_0362,0.0,1541030400000
tank_0364,0.6392156862745098,1541030400000
tank_0366,16.75294117647059,1541030400000
tank_0369,0.0,1541030400000
tank_0375,0.0,1541030400000
tank_0379,3.4980392156862745,1541030400000
tank_0381,0.0,1541030400000
tank_0386,0.0,1541030400000
tank_0390,1.0,1541030400000
tank_0397,0.0,1541030400000
tank_0399,0.0,1541030400000
tank_0404,0.0,1541030400000
tank_0409,0.0,1541030400000
tank_0420,0.0,1541030400000
tank_0425,0.0,1541030400000
tank_0431,0.0,1541030400000
tank_0432,0.0,1541030400000
tank_0435,0.0,1541030400000
tank_0436,0.0,1541030400000
tank_0438,1.0705882352941176,1541030400000
tank_0443,0.0,1541030400000
tank_0444,1.0,1541030400000
tank_0447,3.388235294117647,1541030400000
tank_0448,3.0,1541030400000
tank_0449,0.0,1541030400000
tank_0455,0.0,1541030400000
tank_0460,0.0,1541030400000
tank_0462,0.0,1541030400000
tank_0466,0.0,1541030400000
tank_0471,0.0,1541030400000
tank_0473,0.0,1541030400000
tank_0474,2.4980392156862745,1541030400000
tank_0481,8.847058823529412,1541030400000
tank_0485,0.0,1541030400000
tank_0489,0.0,1541030400000
tank_0491,0.0,1541030400000
tank_0494,18.666666666666664,1541030400000
tank_0497,0.8196078431372549,1541030400000
tank_0498,0.0,1541030400000
tank_0502,0.0,1541030400000
tank_0505,0.0,1541030400000
tank_0509,0.12549019607843137,1541030400000
tank_0512,6.0,1541030400000
tank_0514,0.0,1541030400000
tank_0515,0.0,1541030400000
tank_0521,0.0,1541030400000
tank_0524,0.0,1541030400000
tank_0526,34.0,1541030400000
tank_0533,0.0,1541030400000
tank_0534,0.0,1541030400000
tank_0536,0.0,1541030400000
tank_0537,0.0,1541030400000
tank_0541,0.0,1541030400000
tank_0547,0.0,1541030400000
tank_0552,1.0,1541030400000
tank_0555,0.0,1541030400000
tank_0556,0.0,1541030400000
tank_0557,0.0,1541030400000
tank_0560,0.0,1541030400000
tank_0561,0.0,1541030400000
tank_0566,0.0,1541030400000
tank_0567,0.0,1541030400000
tank_0568,8.925490196078432,1541030400000
tank_0574,0.0,1541030400000
tank_0579,0.0,1541030400000
tank_0583,0.0,1541030400000
tank_0587,0.0,1541030400000
tank_0589,0.0,1541030400000
tank_0590,0.0,1541030400000
tank_0592,0.0,1541030400000
tank_0593,0.0,1541030400000
tank_0595,0.0,1541030400000
tank_0600,0.0,1541030400000
tank_0604,4.925490196078432,1541030400000
tank_0606,3.0,1541030400000
tank_0607,0.0,1541030400000
tank_0608,0.0,1541030400000
tank_0610,0.0,1541030400000
tank_0611,0.0,1541030400000
tank_0612,6.8313725490196076,1541030400000
tank_0613,0.0,1541030400000
tank_0619,1.0,1541030400000
tank_0626,1.5450980392156861,1541030400000
tank_0627,0.0,1541030400000
tank_0628,0.0,1541030400000
tank_0632,0.0,1541030400000
tank_0633,0.0,1541030400000
tank_0639,0.0,1541030400000
tank_0640,0.0,1541030400000
tank_0641,0.0,1541030400000
tank_0643,2.7529411764705882,1541030400000
tank_0646,0.0,1541030400000
tank_0663,3.0,1541030400000
tank_0664,0.0,1541030400000
tank_0666,0.0,1541030400000
tank_0667,0.0,1541030400000
tank_0670,0.0,1541030400000
tank_0675,0.0,1541030400000
tank_0676,0.0,1541030400000
tank_0678,14.623529411764705,1541030400000
tank_0681,0.0,1541030400000
tank_0687,0.0,1541030400000
tank_0688,0.0,1541030400000
tank_0697,0.0,1541030400000
tank_0720,0.0,1541030400000
tank_0722,0.0,1541030400000
tank_0724,2.0431372549019606,1541030400000
tank_0725,0.0,1541030400000
tank_0728,0.5411764705882353,1541030400000
tank_0730,2.2509803921568627,1541030400000
tank_0731,0.0,1541030400000
tank_0732,0.0,1541030400000
tank_0737,289.0,1541030400000
tank_0739,0.0,1541030400000
tank_0740,36.9607843137255,1541030400000
tank_0746,0.0,1541030400000
tank_0748,0.0,1541030400000
tank_0749,3.623529411764706,1541030400000
tank_0752,0.0,1541030400000
tank_0760,2.0,1541030400000
tank_0770,1.3333333333333333,1541030400000
tank_0772,0.0,1541030400000
tank_0788,0.0,1541030400000
tank_0789,3.0,1541030400000
tank_0792,98.94901960784314,1541030400000
tank_0797,0.0,1541030400000
tank_0800,1.0,1541030400000
tank_0802,2.0,1541030400000
tank_0803,6.772549019607843,1541030400000
tank_0808,0.0,1541030400000
tank_0810,0.0,1541030400000
tank_0811,18.254901960784313,1541030400000
tank_0812,0.0,1541030400000
tank_0813,4.0,1541030400000
tank_0816,17.14509803921569,1541030400000
tank_0819,0.0,1541030400000
tank_0823,0.0,1541030400000
tank_0824,0.0,1541030400000
tank_0825,0.0,1541030400000
tank_0828,0.0,1541030400000
tank_0829,13.984313725490196,1541030400000
tank_0830,0.0,1541030400000
tank_0831,13.92941176470588,1541030400000
tank_0844,0.0,1541030400000
tank_0852,0.0,1541030400000
tank_0855,0.0,1541030400000
tank_0856,532.0,1541030400000
tank_0860,4.490196078431373,1541030400000
tank_0861,0.0,1541030400000
tank_0872,0.0,1541030400000
tank_0875,0.0,1541030400000
tank_0879,0.0,1541030400000
tank_0885,0.0,1541030400000
tank_0891,0.0,1541030400000
tank_0894,201.0,1541030400000
tank_0898,424.0,1541030400000
tank_0900,10.811764705882354,1541030400000
tank_0901,0.0,1541030400000
tank_0902,94.0,1541030400000
tank_0914,0.0,1541030400000
tank_0917,548.0,1541030400000
tank_0919,0.0,1541030400000
tank_0920,0.0,1541030400000
tank_0922,32.0,1541030400000
tank_0923,0.0,1541030400000
tank_0924,2.0901960784313727,1541030400000
tank_0926,7.4980392156862745,1541030400000
tank_0927,3.1843137254901963,1541030400000
tank_0928,0.0,1541030400000
tank_0930,29.0,1541030400000
tank_0931,0.0,1541030400000
tank_0933,0.0,1541030400000
tank_0934,0.0,1541030400000
tank_0937,0.0,1541030400000
tank_0938,0.0,1541030400000
tank_0939,3.0,1541030400000
tank_0944,0.0,1541030400000
tank_0946,0.0,1541030400000
tank_0952,0.0,1541030400000
tank_0958,0.0,1541030400000
tank_0962,738.0,1541030400000
tank_0967,0.0,1541030400000
tank_0975,0.0,1541030400000
tank_0978,31.0,1541030400000
tank_0990,0.0,1541030400000
tank_0991,359.0,1541030400000
tank_0998,0.0,1541030400000
tank_0999,0.0,1541030400000
tank_1003,0.0,1541030400000
tank_1004,2.0,1541030400000
tank_1014,0.0,1541030400000
tank_1026,38.0,1541030400000
tank_1031,0.0,1541030400000
tank_1032,2.5254901960784313,1541030400000
tank_1034,0.0,1541030400000
tank_1042,30.0,1541030400000
tank_1045,0.0,1541030400000
tank_1049,0.0,1541030400000
tank_1055,1.8,1541030400000
tank_1061,0.0,1541030400000
tank_1062,0.0,1541030400000
tank_1064,0.0,1541030400000
tank_1065,0.0,1541030400000
tank_1066,0.0,1541030400000
tank_1070,0.0,1541030400000
tank_1073,0.0,1541030400000
tank_1083,18.0,1541030400000
tank_1086,80.01960784313725,1541030400000
tank_1088,0.0,1541030400000
tank_1089,12.0,1541030400000
tank_1090,0.0,1541030400000
tank_1091,0.0,1541030400000
tank_1094,558.0,1541030400000
tank_1095,0.0,1541030400000
tank_1104,3.4352941176470586,1541030400000
tank_1113,42.65098039215686,1541030400000
tank_1116,9.921568627450979,1541030400000
tank_1117,0.0,1541030400000
tank_1120,200.6235294117647,1541030400000
tank_1121,45.0,1541030400000
tank_1124,0.0,1541030400000
tank_1128,0.0,1541030400000
tank_1134,0.0,1541030400000
tank_1135,2.0,1541030400000
tank_1146,19.0,1541030400000
tank_1149,13.31764705882353,1541030400000
tank_1156,0.0,1541030400000
tank_1157,13.737254901960785,1541030400000
tank_1159,15.0,1541030400000
tank_1160,0.0,1541030400000
tank_1166,0.0,1541030400000
tank_1170,17.97254901960784,1541030400000
tank_1175,0.0,1541030400000
tank_1177,0.0,1541030400000
tank_1179,3.16078431372549,1541030400000
tank_1181,92.85098039215686,1541030400000
tank_1186,0.0,1541030400000
tank_1187,0.0,1541030400000
tank_1190,2.0,1541030400000
tank_1192,12.0,1541030400000
tank_1196,0.0,1541030400000
tank_1197,1274.0,1541030400000
tank_1201,0.0,1541030400000
tank_1203,6.850980392156862,1541030400000
tank_1205,8.0,1541030400000
tank_1209,709.0,1541030400000
tank_1217,0.0,1541030400000
tank_1223,0.0,1541030400000
tank_1226,0.0,1541030400000
tank_1228,13.0,1541030400000
tank_1230,0.0,1541030400000
tank_1237,0.0,1541030400000
tank_1239,0.0,1541030400000
tank_1245,16.2078431372549,1541030400000
tank_1246,0.0,1541030400000
tank_1250,11.674509803921568,1541030400000
tank_1254,0.0,1541030400000
tank_1255,5.988235294117647,1541030400000
tank_1258,0.0,1541030400000
tank_1261,0.25098039215686274,1541030400000
tank_1262,1.2235294117647058,1541030400000
tank_1263,0.0,1541030400000
tank_1265,0.0,1541030400000
tank_1270,0.0,1541030400000
tank_1272,0.0,1541030400000
tank_1275,0.0,1541030400000
tank_1276,0.0,1541030400000
tank_1279,0.0,1541030400000
tank_1280,0.0,1541030400000
tank_1284,0.0,1541030400000
tank_1285,0.0,1541030400000
tank_1286,32.0,1541030400000
tank_1290,0.0,1541030400000
tank_1291,0.0,1541030400000
tank_1293,45.0,1541030400000
tank_1295,0.8274509803921568,1541030400000
tank_1297,55.0,1541030400000
tank_1301,0.0,1541030400000
tank_1302,0.0,1541030400000
tank_1304,1.2627450980392156,1541030400000
tank_1305,0.0,1541030400000
tank_1313,0.0,1541030400000
tank_1322,0.0,1541030400000
tank_1325,181.99607843137255,1541030400000
tank_1326,0.0,1541030400000
tank_1344,0.0,1541030400000
tank_1346,4.807843137254902,1541030400000
tank_1349,0.0,1541030400000
tank_1353,308.07450980392156,1541030400000
tank_1358,0.0,1541030400000
tank_1359,0.0,1541030400000
tank_1361,219.0,1541030400000
tank_1364,232.0,1541030400000
tank_1365,0.0,1541030400000
tank_1372,76.71764705882353,1541030400000
tank_1374,420.93333333333334,1541030400000
tank_1378,502.0,1541030400000
tank_1380,0.0,1541030400000
tank_1386,0.0,1541030400000
tank_1391,0.0,1541030400000
tank_1393,21.0,1541030400000
tank_1396,295.0,1541030400000
tank_1397,0.0,1541030400000
tank_1403,0.0,1541030400000
tank_1409,533.0,1541030400000
tank_1412,0.0,1541030400000
tank_1415,0.0,1541030400000
tank_1416,0.0,1541030400000
tank_1421,102.0,1541030400000
tank_1422,0.4980392156862745,1541030400000
tank_1425,393.0,1541030400000
tank_1426,0.0,1541030400000
tank_1430,0.0,1541030400000
tank_1433,121.0,1541030400000
tank_1438,11.0,1541030400000
tank_1439,0.0,1541030400000
tank_1441,0.0,1541030400000
tank_1443,11.149019607843137,1541030400000
tank_1445,159.8862745098039,1541030400000
tank_1446,0.0,1541030400000
tank_1450,0.0,1541030400000
tank_1452,0.0,1541030400000
tank_1456,0.0,1541030400000
tank_1466,0.0,1541030400000
tank_1471,0.0,1541030400000
tank_1475,21.0,1541030400000
tank_1486,1229.0,1541030400000
tank_1488,0.0,1541030400000
tank_1491,0.0,1541030400000
tank_1500,50.85490196078431,1541030400000
tank_1505,0.0,1541030400000
tank_1513,781.0,1541030400000
tank_1531,0.0,1541030400000
tank_1536,18.0,1541030400000
tank_1539,407.0,1541030400000
tank_1541,0.0,1541030400000
tank_1542,9.0,1541030400000
tank_1547,0.0,1541030400000
tank_1563,0.0,1541030400000
tank_1564,0.0,1541030400000
tank_1565,0.0,1541030400000
tank_1567,0.0,1541030400000
tank_1568,30.0,1541030400000
tank_1573,0.0,1541030400000
tank_1583,10.498039215686275,1541030400000
tank_1587,762.0,1541030400000
tank_1588,24.0,1541030400000
tank_1592,3.0,1541030400000
tank_1594,0.0,1541030400000
tank_1595,0.0,1541030400000
tank_1597,0.0,1541030400000
tank_1598,0.0,1541030400000
tank_1600,0.16862745098039217,1541030400000
tank_1604,0.0,1541030400000
tank_0002,0.0,1544140800000
tank_0004,0.0,1544140800000
tank_0005,4.0,1544140800000
tank_0011,2.568627450980392,1544140800000
tank_0014,0.0,1544140800000
tank_0019,0.0,1544140800000
tank_0024,24.568627450980394,1544140800000
tank_0025,0.0,1544140800000
tank_0026,0.0,1544140800000
tank_0027,13.0,1544140800000
tank_0030,0.0,1544140800000
tank_0031,0.0,1544140800000
tank_0036,1.3137254901960784,1544140800000
tank_0037,0.0,1544140800000
tank_0038,7.749019607843137,1544140800000
tank_0050,30.070588235294117,1544140800000
tank_0051,0.0,1544140800000
tank_0052,9.772549019607842,1544140800000
tank_0053,20.219607843137254,1544140800000
tank_0055,0.0,1544140800000
tank_0057,2.0,1544140800000
tank_0058,1.4313725490196076,1544140800000
tank_0064,115.03529411764707,1544140800000
tank_0069,1.0,1544140800000
tank_0072,0.0,1544140800000
tank_0073,0.0,1544140800000
tank_0080,11.0,1544140800000
tank_0094,0.0,1544140800000
tank_0107,4.0,1544140800000
tank_0110,41.0,1544140800000
tank_0113,33.32156862745098,1544140800000
tank_0115,0.0,1544140800000
tank_0116,0.6627450980392157,1544140800000
tank_0117,77.0,1544140800000
tank_0118,0.0,1544140800000
tank_0122,0.0,1544140800000
tank_0125,22.933333333333334,1544140800000
tank_0130,12.941176470588236,1544140800000
tank_0131,0.0,1544140800000
tank_0132,0.0,1544140800000
tank_0134,2.0,1544140800000
tank_0135,0.0,1544140800000
tank_0142,1.2862745098039214,1544140800000
tank_0143,0.0,1544140800000
tank_0144,0.0,1544140800000
tank_0148,0.0,1544140800000
tank_0153,0.0,1544140800000
tank_0156,70.37254901960786,1544140800000
tank_0159,0.0,1544140800000
tank_0165,0.0,1544140800000
tank_0171,0.0,1544140800000
tank_0172,0.0,1544140800000
tank_0174,7.525490196078432,1544140800000
tank_0176,0.0,1544140800000
tank_0184,3.0,1544140800000
tank_0187,0.0,1544140800000
tank_0190,5.91764705882353,1544140800000
tank_0192,0.0,1544140800000
tank_0193,0.0,1544140800000
tank_0195,16.619607843137253,1544140800000
tank_0199,0.0,1544140800000
tank_0204,0.0,1544140800000
tank_0205,0.0,1544140800000
tank_0207,2.6980392156862747,1544140800000
tank_0209,0.0,1544140800000
tank_0213,0.0,1544140800000
tank_0217,0.0,1544140800000
tank_0220,4.0,1544140800000
tank_0221,24.75294117647059,1544140800000
tank_0225,0.0,1544140800000
tank_0226,2.2509803921568627,1544140800000
tank_0228,0.0,1544140800000
tank_0229,0.0,1544140800000
tank_0231,3.043137254901961,1544140800000
tank_0233,0.0,1544140800000
tank_0236,0.0,1544140800000
tank_0237,9.050980392156863,1544140800000
tank_0240,0.45882352941176474,1544140800000
tank_0242,2.0,1544140800000
tank_0245,0.0,1544140800000
tank_0247,15.0,1544140800000
tank_0256,0.0,1544140800000
tank_0257,0.0,1544140800000
tank_0260,1.9764705882352942,1544140800000
tank_0261,0.0,1544140800000
tank_0264,0.0,1544140800000
tank_0273,0.0,1544140800000
tank_0276,0.0,1544140800000
tank_0278,12.662745098039217,1544140800000
tank_0280,6.262745098039216,1544140800000
tank_0291,0.0,1544140800000
tank_0292,23.337254901960783,1544140800000
tank_0296,0.0,1544140800000
tank_0297,1.0,1544140800000
tank_0299,1.0,1544140800000
tank_0300,2.682352941176471,1544140800000
tank_0301,3.317647058823529,1544140800000
tank_0307,0.0,1544140800000
tank_0309,0.0,1544140800000
tank_0313,1.0,1544140800000
tank_0314,1.0,1544140800000
tank_0319,7.858823529411764,1544140800000
tank_0321,2.0,1544140800000
tank_0327,0.0,1544140800000
tank_0337,2.0,1544140800000
tank_0338,0.0,1544140800000
tank_0339,26.800000000000004,1544140800000
tank_0342,0.0,1544140800000
tank_0345,0.0,1544140800000
tank_0346,1.5490196078431373,1544140800000
tank_0349,15.807843137254903,1544140800000
tank_0350,2.364705882352941,1544140800000
tank_0353,100.7450980392157,1544140800000
tank_0356,0.0,1544140800000
tank_0360,0.0,1544140800000
tank_0361,11.117647058823527,1544140800000
tank_0362,0.0,1544140800000
tank_0364,3.6392156862745098,1544140800000
tank_0366,17.87843137254902,1544140800000
tank_0369,0.0,1544140800000
tank_0375,0.0,1544140800000
tank_0379,18.584313725490205,1544140800000
tank_0381,0.0,1544140800000
tank_0386,2.0,1544140800000
tank_0390,6.843137254901961,1544140800000
tank_0397,0.0,1544140800000
tank_0399,0.0,1544140800000
tank_0404,1.8196078431372549,1544140800000
tank_0409,0.0,1544140800000
tank_0420,0.0,1544140800000
tank_0425,0.0,1544140800000
tank_0431,0.0,1544140800000
tank_0432,0.0,1544140800000
tank_0435,0.0,1544140800000
tank_0436,0.0,1544140800000
tank_0438,1.0705882352941176,1544140800000
tank_0443,1.0,1544140800000
tank_0444,0.0,1544140800000
tank_0447,14.490196078431373,1544140800000
tank_0448,14.0,1544140800000
tank_0449,0.0,1544140800000
tank_0455,0.0,1544140800000
tank_0460,0.0,1544140800000
tank_0462,0.0,1544140800000
tank_0466,0.0,1544140800000
tank_0471,0.0,1544140800000
tank_0473,0.0,1544140800000
tank_0474,15.39607843137255,1544140800000
tank_0481,26.176470588235293,1544140800000
tank_0485,0.0,1544140800000
tank_0489,3.4,1544140800000
tank_0491,0.0,1544140800000
tank_0494,0.0,1544140800000
tank_0497,0.3803921568627451,1544140800000
tank_0498,0.7490196078431373,1544140800000
tank_0502,0.0,1544140800000
tank_0505,0.0,1544140800000
tank_0509,0.5176470588235293,1544140800000
tank_0512,33.0,1544140800000
tank_0514,0.0,1544140800000
tank_0515,0.0,1544140800000
tank_0521,0.0,1544140800000
tank_0524,0.0,1544140800000
tank_0526,23.0,1544140800000
tank_0533,0.0,1544140800000
tank_0534,0.0,1544140800000
tank_0536,0.0,1544140800000
tank_0537,0.0,1544140800000
tank_0541,2.0,1544140800000
tank_0547,0.0,1544140800000
tank_0552,7.133333333333333,1544140800000
tank_0555,0.0,1544140800000
tank_0556,0.0,1544140800000
tank_0557,0.25098039215686274,1544140800000
tank_0560,2.0,1544140800000
tank_0561,4.525490196078431,1544140800000
tank_0566,0.0,1544140800000
tank_0567,8.60392156862745,1544140800000
tank_0568,16.839215686274514,1544140800000
tank_0574,0.0,1544140800000
tank_0579,0.0,1544140800000
tank_0583,0.0,1544140800000
tank_0587,0.0,1544140800000
tank_0589,0.0,1544140800000
tank_0590,5.0,1544140800000
tank_0592,2.0,1544140800000
tank_0593,1.4627450980392158,1544140800000
tank_0595,0.0,1544140800000
tank_0600,0.0,1544140800000
tank_0604,3.0,1544140800000
tank_0606,21.63529411764706,1544140800000
tank_0607,12.172549019607843,1544140800000
tank_0608,0.0,1544140800000
tank_0610,0.0,1544140800000
tank_0611,0.0,1544140800000
tank_0612,7.772549019607843,1544140800000
tank_0613,1.835294117647059,1544140800000
tank_0619,6.882352941176471,1544140800000
tank_0626,9.79607843137255,1544140800000
tank_0627,0.0,1544140800000
tank_0628,0.43137254901960786,1544140800000
tank_0632,0.0,1544140800000
tank_0633,0.8980392156862744,1544140800000
tank_0639,0.0,1544140800000
tank_0640,0.0,1544140800000
tank_0641,0.0,1544140800000
tank_0643,25.070588235294117,1544140800000
tank_0646,0.0,1544140800000
tank_0663,20.0,1544140800000
tank_0664,0.0,1544140800000
tank_0666,0.0,1544140800000
tank_0667,2.2470588235294118,1544140800000
tank_0670,0.0,1544140800000
tank_0675,2.2627450980392156,1544140800000
tank_0676,0.0,1544140800000
tank_0678,0.18823529411764706,1544140800000
tank_0681,1.0,1544140800000
tank_0687,0.0,1544140800000
tank_0688,9.0,1544140800000
tank_0697,11.549019607843137,1544140800000
tank_0720,0.0,1544140800000
tank_0722,0.0,1544140800000
tank_0724,0.9411764705882353,1544140800000
tank_0725,0.0,1544140800000
tank_0728,1.4549019607843139,1544140800000
tank_0730,1.0,1544140800000
tank_0731,0.0,1544140800000
tank_0732,0.0,1544140800000
tank_0737,129.0,1544140800000
tank_0739,3.388235294117647,1544140800000
tank_0740,43.64705882352941,1544140800000
tank_0746,0.0,1544140800000
tank_0748,0.0,1544140800000
tank_0749,2.854901960784314,1544140800000
tank_0752,6.0,1544140800000
tank_0760,0.0,1544140800000
tank_0770,3.4235294117647057,1544140800000
tank_0772,1.6431372549019607,1544140800000
tank_0788,0.0,1544140800000
tank_0789,2.0,1544140800000
tank_0792,172.68235294117645,1544140800000
tank_0797,0.0,1544140800000
tank_0800,26.094117647058823,1544140800000
tank_0802,5.0,1544140800000
tank_0803,12.27450980392157,1544140800000
tank_0808,9.066666666666666,1544140800000
tank_0810,0.0,1544140800000
tank_0811,19.662745098039217,1544140800000
tank_0812,0.0,1544140800000
tank_0813,0.5058823529411764,1544140800000
tank_0816,6.0,1544140800000
tank_0819,0.0,1544140800000
tank_0823,0.0,1544140800000
tank_0824,0.0,1544140800000
tank_0825,0.0,1544140800000
tank_0828,0.0,1544140800000
tank_0829,1.0,1544140800000
tank_0830,0.0,1544140800000
tank_0831,36.08235294117646,1544140800000
tank_0844,0.0,1544140800000
tank_0852,14.0,1544140800000
tank_0855,0.0,1544140800000
tank_0856,658.0,1544140800000
tank_0860,27.541176470588233,1544140800000
tank_0861,0.0,1544140800000
tank_0872,0.0,1544140800000
tank_0875,0.0,1544140800000
tank_0879,0.0,1544140800000
tank_0885,0.0,1544140800000
tank_0891,0.0,1544140800000
tank_0894,503.0,1544140800000
tank_0898,271.0,1544140800000
tank_0900,26.43137254901961,1544140800000
tank_0901,0.0,1544140800000
tank_0902,76.0,1544140800000
tank_0914,0.0,1544140800000
tank_0917,386.0,1544140800000
tank_0919,1.0,1544140800000
tank_0920,8.0,1544140800000
tank_0922,20.0,1544140800000
tank_0923,4.2823529411764705,1544140800000
tank_0924,25.666666666666664,1544140800000
tank_0926,75.20784313725491,1544140800000
tank_0927,28.556862745098037,1544140800000
tank_0928,0.0,1544140800000
tank_0930,0.0,1544140800000
tank_0931,0.0,1544140800000
tank_0933,1.0,1544140800000
tank_0934,26.313725490196077,1544140800000
tank_0937,9.0,1544140800000
tank_0938,10.870588235294118,1544140800000
tank_0939,0.0,1544140800000
tank_0944,0.0,1544140800000
tank_0946,13.0,1544140800000
tank_0952,0.0,1544140800000
tank_0958,0.0,1544140800000
tank_0962,713.0,1544140800000
tank_0967,2.1372549019607847,1544140800000
tank_0975,0.0,1544140800000
tank_0978,23.91764705882353,1544140800000
tank_0990,0.0,1544140800000
tank_0991,491.0,1544140800000
tank_0998,0.0,1544140800000
tank_0999,0.0,1544140800000
tank_1003,3.0,1544140800000
tank_1004,2.8784313725490196,1544140800000
tank_1014,0.0,1544140800000
tank_1026,22.0,1544140800000
tank_1031,0.0,1544140800000
tank_1032,0.0,1544140800000
tank_1034,0.25098039215686274,1544140800000
tank_1042,13.894117647058824,1544140800000
tank_1045,0.0,1544140800000
tank_1049,0.0,1544140800000
tank_1055,6.996078431372549,1544140800000
tank_1061,0.0,1544140800000
tank_1062,0.0,1544140800000
tank_1064,0.0,1544140800000
tank_1065,1.0,1544140800000
tank_1066,2.0,1544140800000
tank_1070,0.0,1544140800000
tank_1073,0.0,1544140800000
tank_1083,158.0,1544140800000
tank_1086,58.67843137254902,1544140800000
tank_1088,3.0,1544140800000
tank_1089,0.0,1544140800000
tank_1090,0.0,1544140800000
tank_1091,0.0,1544140800000
tank_1094,161.0,1544140800000
tank_1095,0.0,1544140800000
tank_1104,0.0,1544140800000
tank_1113,47.0,1544140800000
tank_1116,14.305882352941175,1544140800000
tank_1117,0.0,1544140800000
tank_1120,142.0,1544140800000
tank_1121,60.0,1544140800000
tank_1124,0.0,1544140800000
tank_1128,0.0,1544140800000
tank_1134,0.0,1544140800000
tank_1135,0.0,1544140800000
tank_1146,0.0,1544140800000
tank_1149,17.035294117647062,1544140800000
tank_1156,0.0,1544140800000
tank_1157,9.333333333333332,1544140800000
tank_1159,0.0,1544140800000
tank_1160,454.0,1544140800000
tank_1166,0.12941176470588237,1544140800000
tank_1170,35.92549019607843,1544140800000
tank_1175,0.0,1544140800000
tank_1177,0.03529411764705882,1544140800000
tank_1179,7.188235294117647,1544140800000
tank_1181,49.94901960784314,1544140800000
tank_1186,0.0,1544140800000
tank_1187,0.0,1544140800000
tank_1190,3.9019607843137254,1544140800000
tank_1192,0.2549019607843137,1544140800000
tank_1196,0.0,1544140800000
tank_1197,1191.0,1544140800000
tank_1201,0.0,1544140800000
tank_1203,0.25882352941176473,1544140800000
tank_1205,0.0,1544140800000
tank_1209,695.0,1544140800000
tank_1217,0.0,1544140800000
tank_1223,0.0,1544140800000
tank_1226,1.0705882352941176,1544140800000
tank_1228,0.0,1544140800000
tank_1230,0.0,1544140800000
tank_1237,0.0,1544140800000
tank_1239,375.0,1544140800000
tank_1245,39.43137254901961,1544140800000
tank_1246,6.996078431372549,1544140800000
tank_1250,12.231372549019609,1544140800000
tank_1254,805.0,1544140800000
tank_1255,23.15686274509804,1544140800000
tank_1258,0.0,1544140800000
tank_1261,0.0,1544140800000
tank_1262,2.3960784313725494,1544140800000
tank_1263,0.0,1544140800000
tank_1265,0.0,1544140800000
tank_1270,0.0,1544140800000
tank_1272,11.0,1544140800000
tank_1275,0.0,1544140800000
tank_1276,0.0,1544140800000
tank_1279,0.0,1544140800000
tank_1280,0.1411764705882353,1544140800000
tank_1284,0.0,1544140800000
tank_1285,0.0,1544140800000
tank_1286,26.0,1544140800000
tank_1290,0.0,1544140800000
tank_1291,0.0,1544140800000
tank_1293,6.0,1544140800000
tank_1295,5.211764705882353,1544140800000
tank_1297,20.0,1544140800000
tank_1301,0.0,1544140800000
tank_1302,0.0,1544140800000
tank_1304,4.08235294117647,1544140800000
tank_1305,1.2627450980392156,1544140800000
tank_1313,0.0,1544140800000
tank_1322,0.0,1544140800000
tank_1325,164.7372549019608,1544140800000
tank_1326,0.0,1544140800000
tank_1344,0.0,1544140800000
tank_1346,12.105882352941178,1544140800000
tank_1349,0.0,1544140800000
tank_1353,271.8156862745098,1544140800000
tank_1358,0.0,1544140800000
tank_1359,0.0,1544140800000
tank_1361,127.0,1544140800000
tank_1364,692.0,1544140800000
tank_1365,0.0,1544140800000
tank_1372,44.0,1544140800000
tank_1374,333.0,1544140800000
tank_1378,435.0,1544140800000
tank_1380,2.0,1544140800000
tank_1386,0.0,1544140800000
tank_1391,0.0,1544140800000
tank_1393,10.0,1544140800000
tank_1396,183.0,1544140800000
tank_1397,0.0,1544140800000
tank_1403,0.0,1544140800000
tank_1409,401.0,1544140800000
tank_1412,0.0,1544140800000
tank_1415,4.0,1544140800000
tank_1416,0.0,1544140800000
tank_1421,81.0,1544140800000
tank_1422,0.0,1544140800000
tank_1425,382.0,1544140800000
tank_1426,0.0,1544140800000
tank_1430,0.0,1544140800000
tank_1433,109.0,1544140800000
tank_1438,0.0,1544140800000
tank_1439,0.0,1544140800000
tank_1441,0.0,1544140800000
tank_1443,28.94901960784314,1544140800000
tank_1445,85.4078431372549,1544140800000
tank_1446,0.0,1544140800000
tank_1450,0.0,1544140800000
tank_1452,11.411764705882353,1544140800000
tank_1456,0.0,1544140800000
tank_1466,0.0,1544140800000
tank_1471,0.0,1544140800000
tank_1475,7.0,1544140800000
tank_1486,634.0,1544140800000
tank_1488,4.0,1544140800000
tank_1491,0.0,1544140800000
tank_1500,30.623529411764707,1544140800000
tank_1505,0.0,1544140800000
tank_1513,602.0,1544140800000
tank_1531,0.0,1544140800000
tank_1536,8.0,1544140800000
tank_1539,366.0,1544140800000
tank_1541,0.0,1544140800000
tank_1542,0.0,1544140800000
tank_1547,0.0,1544140800000
tank_1563,0.0,1544140800000
tank_1564,0.0,1544140800000
tank_1565,0.0,1544140800000
tank_1567,2.2627450980392156,1544140800000
tank_1568,8.0,1544140800000
tank_1573,0.0,1544140800000
tank_1583,7.333333333333334,1544140800000
tank_1587,758.0,1544140800000
tank_1588,0.0,1544140800000
tank_1592,15.0,1544140800000
tank_1594,0.0,1544140800000
tank_1595,0.0,1544140800000
tank_1597,0.0,1544140800000
tank_1598,0.0,1544140800000
tank_1600,2.066666666666667,1544140800000
tank_1604,0.0,1544140800000
tank_0002,0.0,1546214400000
tank_0004,0.37254901960784315,1546214400000
tank_0005,0.0,1546214400000
tank_0011,0.0,1546214400000
tank_0014,0.0,1546214400000
tank_0019,10.572549019607843,1546214400000
tank_0024,35.490196078431374,1546214400000
tank_0025,0.0,1546214400000
tank_0026,0.4980392156862745,1546214400000
tank_0027,8.0,1546214400000
tank_0030,0.0,1546214400000
tank_0031,1.2509803921568627,1546214400000
tank_0036,0.0,1546214400000
tank_0037,0.0,1546214400000
tank_0038,28.59607843137255,1546214400000
tank_0050,21.55686274509804,1546214400000
tank_0051,0.0,1546214400000
tank_0052,1.9607843137254903,1546214400000
tank_0053,55.60392156862745,1546214400000
tank_0055,0.7333333333333333,1546214400000
tank_0057,23.0,1546214400000
tank_0058,0.0,1546214400000
tank_0064,134.54901960784312,1546214400000
tank_0069,18.105882352941176,1546214400000
tank_0072,0.0,1546214400000
tank_0073,0.0,1546214400000
tank_0080,12.0,1546214400000
tank_0094,0.0,1546214400000
tank_0107,7.0,1546214400000
tank_0110,58.7921568627451,1546214400000
tank_0113,37.00392156862745,1546214400000
tank_0115,0.0,1546214400000
tank_0116,0.0,1546214400000
tank_0117,100.90588235294118,1546214400000
tank_0118,0.0,1546214400000
tank_0122,0.0,1546214400000
tank_0125,44.51372549019608,1546214400000
tank_0130,11.823529411764707,1546214400000
tank_0131,0.0,1546214400000
tank_0132,0.0,1546214400000
tank_0134,1.0,1546214400000
tank_0135,4.419607843137255,1546214400000
tank_0142,7.0,1546214400000
tank_0143,0.0,1546214400000
tank_0144,0.0,1546214400000
tank_0148,2.0,1546214400000
tank_0153,0.0,1546214400000
tank_0156,107.86274509803921,1546214400000
tank_0159,9.07843137254902,1546214400000
tank_0165,2.3490196078431373,1546214400000
tank_0171,0.0,1546214400000
tank_0172,0.0,1546214400000
tank_0174,7.498039215686275,1546214400000
tank_0176,18.462745098039218,1546214400000
tank_0184,3.364705882352941,1546214400000
tank_0187,0.0,1546214400000
tank_0190,13.552941176470588,1546214400000
tank_0192,0.5647058823529412,1546214400000
tank_0193,0.0,1546214400000
tank_0195,42.466666666666654,1546214400000
tank_0199,11.964705882352941,1546214400000
tank_0204,0.0,1546214400000
tank_0205,1.7411764705882353,1546214400000
tank_0207,0.0,1546214400000
tank_0209,0.0,1546214400000
tank_0213,0.0,1546214400000
tank_0217,0.0,1546214400000
tank_0220,0.0,1546214400000
tank_0221,21.866666666666667,1546214400000
tank_0225,0.0,1546214400000
tank_0226,18.53333333333333,1546214400000
tank_0228,0.0,1546214400000
tank_0229,0.0,1546214400000
tank_0231,2.0627450980392155,1546214400000
tank_0233,9.250980392156862,1546214400000
tank_0236,0.0,1546214400000
tank_0237,16.7921568627451,1546214400000
tank_0240,2.0,1546214400000
tank_0242,3.0,1546214400000
tank_0245,3.2352941176470584,1546214400000
tank_0247,23.0,1546214400000
tank_0256,6.815686274509804,1546214400000
tank_0257,5.188235294117647,1546214400000
tank_0260,0.4980392156862745,1546214400000
tank_0261,0.0,1546214400000
tank_0264,0.0,1546214400000
tank_0273,0.0,1546214400000
tank_0276,2.0,1546214400000
tank_0278,10.52156862745098,1546214400000
tank_0280,0.0,1546214400000
tank_0291,0.0,1546214400000
tank_0292,31.7764705882353,1546214400000
tank_0296,0.0,1546214400000
tank_0297,9.062745098039215,1546214400000
tank_0299,6.552941176470587,1546214400000
tank_0300,7.243137254901962,1546214400000
tank_0301,1.7490196078431373,1546214400000
tank_0307,0.0,1546214400000
tank_0309,0.0,1546214400000
tank_0313,0.0,1546214400000
tank_0314,2.196078431372549,1546214400000
tank_0319,11.047058823529412,1546214400000
tank_0321,1.0627450980392157,1546214400000
tank_0327,0.0,1546214400000
tank_0337,4.5019607843137255,1546214400000
tank_0338,0.0,1546214400000
tank_0339,40.30196078431373,1546214400000
tank_0342,14.95686274509804,1546214400000
tank_0345,0.28627450980392155,1546214400000
tank_0346,0.4235294117647059,1546214400000
tank_0349,34.172549019607835,1546214400000
tank_0350,0.592156862745098,1546214400000
tank_0353,152.48627450980393,1546214400000
tank_0356,0.0,1546214400000
tank_0360,10.968627450980392,1546214400000
tank_0361,25.03921568627451,1546214400000
tank_0362,2.8941176470588235,1546214400000
tank_0364,2.2509803921568627,1546214400000
tank_0366,28.301960784313728,1546214400000
tank_0369,0.0,1546214400000
tank_0375,0.0,1546214400000
tank_0379,22.603921568627456,1546214400000
tank_0381,0.0,1546214400000
tank_0386,0.0,1546214400000
tank_0390,10.231372549019607,1546214400000
tank_0397,0.0,1546214400000
tank_0399,0.0,1546214400000
tank_0404,0.39215686274509803,1546214400000
tank_0409,0.0,1546214400000
tank_0420,0.0,1546214400000
tank_0425,0.0,1546214400000
tank_0431,0.0,1546214400000
tank_0432,0.0,1546214400000
tank_0435,3.0,1546214400000
tank_0436,0.0,1546214400000
tank_0438,0.0,1546214400000
tank_0443,0.0,1546214400000
tank_0444,2.0,1546214400000
tank_0447,21.815686274509805,1546214400000
tank_0448,10.0,1546214400000
tank_0449,0.0,1546214400000
tank_0455,0.0,1546214400000
tank_0460,0.0,1546214400000
tank_0462,0.0,1546214400000
tank_0466,5.047058823529412,1546214400000
tank_0471,0.0,1546214400000
tank_0473,4.0,1546214400000
tank_0474,20.423529411764704,1546214400000
tank_0481,28.490196078431374,1546214400000
tank_0485,0.0,1546214400000
tank_0489,4.0,1546214400000
tank_0491,0.0,1546214400000
tank_0494,0.0,1546214400000
tank_0497,7.0,1546214400000
tank_0498,0.9647058823529412,1546214400000
tank_0502,0.0,1546214400000
tank_0505,0.0,1546214400000
tank_0509,6.266666666666667,1546214400000
tank_0512,18.0,1546214400000
tank_0514,0.0,1546214400000
tank_0515,0.3607843137254902,1546214400000
tank_0521,0.0,1546214400000
tank_0524,0.0,1546214400000
tank_0526,19.0,1546214400000
tank_0533,2.0941176470588236,1546214400000
tank_0534,0.0,1546214400000
tank_0536,0.0,1546214400000
tank_0537,0.0,1546214400000
tank_0541,4.0,1546214400000
tank_0547,0.0,1546214400000
tank_0552,8.058823529411764,1546214400000
tank_0555,0.0,1546214400000
tank_0556,0.0,1546214400000
tank_0557,3.5019607843137255,1546214400000
tank_0560,0.0,1546214400000
tank_0561,13.64313725490196,1546214400000
tank_0566,0.0,1546214400000
tank_0567,2.0,1546214400000
tank_0568,22.545098039215688,1546214400000
tank_0574,0.0,1546214400000
tank_0579,0.0,1546214400000
tank_0583,0.0,1546214400000
tank_0587,0.0,1546214400000
tank_0589,3.9607843137254903,1546214400000
tank_0590,4.0,1546214400000
tank_0592,3.0,1546214400000
tank_0593,3.1411764705882352,1546214400000
tank_0595,0.0,1546214400000
tank_0600,0.0,1546214400000
tank_0604,9.341176470588234,1546214400000
tank_0606,15.874509803921569,1546214400000
tank_0607,7.011764705882352,1546214400000
tank_0608,0.0,1546214400000
tank_0610,0.0,1546214400000
tank_0611,0.0,1546214400000
tank_0612,8.662745098039217,1546214400000
tank_0613,2.0,1546214400000
tank_0619,10.662745098039217,1546214400000
tank_0626,2.0,1546214400000
tank_0627,0.0,1546214400000
tank_0628,1.0,1546214400000
tank_0632,0.0,1546214400000
tank_0633,0.0,1546214400000
tank_0639,0.0,1546214400000
tank_0640,0.0,1546214400000
tank_0641,2.623529411764706,1546214400000
tank_0643,20.635294117647057,1546214400000
tank_0646,0.0,1546214400000
tank_0663,14.0,1546214400000
tank_0664,0.0,1546214400000
tank_0666,0.0,1546214400000
tank_0667,9.0,1546214400000
tank_0670,0.0,1546214400000
tank_0675,0.0,1546214400000
tank_0676,0.0,1546214400000
tank_0678,18.345098039215685,1546214400000
tank_0681,0.0,1546214400000
tank_0687,0.0,1546214400000
tank_0688,3.0,1546214400000
tank_0697,0.0,1546214400000
tank_0720,0.1568627450980392,1546214400000
tank_0722,0.0,1546214400000
tank_0724,18.07843137254902,1546214400000
tank_0725,0.0,1546214400000
tank_0728,7.309803921568628,1546214400000
tank_0730,0.23529411764705882,1546214400000
tank_0731,0.0,1546214400000
tank_0732,0.0,1546214400000
tank_0737,72.0,1546214400000
tank_0739,3.8784313725490196,1546214400000
tank_0740,31.682352941176468,1546214400000
tank_0746,2.0,1546214400000
tank_0748,5.0,1546214400000
tank_0749,11.67843137254902,1546214400000
tank_0752,0.0,1546214400000
tank_0760,0.0,1546214400000
tank_0770,2.96078431372549,1546214400000
tank_0772,0.0,1546214400000
tank_0788,0.0,1546214400000
tank_0789,8.133333333333333,1546214400000
tank_0792,215.08627450980387,1546214400000
tank_0797,4.0,1546214400000
tank_0800,86.2156862745098,1546214400000
tank_0802,4.215686274509804,1546214400000
tank_0803,4.0,1546214400000
tank_0808,3.1843137254901963,1546214400000
tank_0810,0.0,1546214400000
tank_0811,20.129411764705885,1546214400000
tank_0812,0.0,1546214400000
tank_0813,1.2,1546214400000
tank_0816,0.0,1546214400000
tank_0819,1.0,1546214400000
tank_0823,0.0,1546214400000
tank_0824,0.0,1546214400000
tank_0825,0.0,1546214400000
tank_0828,0.0,1546214400000
tank_0829,0.0,1546214400000
tank_0830,0.0,1546214400000
tank_0831,36.141176470588235,1546214400000
tank_0844,0.0,1546214400000
tank_0852,18.345098039215685,1546214400000
tank_0855,0.0,1546214400000
tank_0856,340.0,1546214400000
tank_0860,35.1921568627451,1546214400000
tank_0861,0.0,1546214400000
tank_0872,0.0,1546214400000
tank_0875,0.0,1546214400000
tank_0879,0.0,1546214400000
tank_0885,0.0,1546214400000
tank_0891,0.0,1546214400000
tank_0894,361.0,1546214400000
tank_0898,231.0,1546214400000
tank_0900,56.992156862745105,1546214400000
tank_0901,0.0,1546214400000
tank_0902,104.0,1546214400000
tank_0914,0.0,1546214400000
tank_0917,281.0,1546214400000
tank_0919,0.0,1546214400000
tank_0920,3.0,1546214400000
tank_0922,18.0,1546214400000
tank_0923,10.411764705882353,1546214400000
tank_0924,36.84705882352941,1546214400000
tank_0926,126.21176470588235,1546214400000
tank_0927,31.560784313725485,1546214400000
tank_0928,0.0,1546214400000
tank_0930,0.0,1546214400000
tank_0931,0.0,1546214400000
tank_0933,0.0,1546214400000
tank_0934,29.04313725490196,1546214400000
tank_0937,11.886274509803922,1546214400000
tank_0938,7.870588235294118,1546214400000
tank_0939,0.0,1546214400000
tank_0944,0.0,1546214400000
tank_0946,48.49411764705883,1546214400000
tank_0952,9.0,1546214400000
tank_0958,3.7490196078431373,1546214400000
tank_0962,380.0,1546214400000
tank_0967,2.1372549019607847,1546214400000
tank_0975,0.0,1546214400000
tank_0978,12.054901960784314,1546214400000
tank_0990,0.0,1546214400000
tank_0991,170.0,1546214400000
tank_0998,0.0,1546214400000
tank_0999,0.0,1546214400000
tank_1003,8.0,1546214400000
tank_1004,7.682352941176471,1546214400000
tank_1014,3.0,1546214400000
tank_1026,17.0,1546214400000
tank_1031,0.0,1546214400000
tank_1032,2.0,1546214400000
tank_1034,0.0,1546214400000
tank_1042,11.0,1546214400000
tank_1045,0.0,1546214400000
tank_1049,0.0,1546214400000
tank_1055,3.0588235294117645,1546214400000
tank_1061,0.0,1546214400000
tank_1062,8.407843137254902,1546214400000
tank_1064,0.0,1546214400000
tank_1065,0.0,1546214400000
tank_1066,21.12549019607843,1546214400000
tank_1070,1.0,1546214400000
tank_1073,0.0,1546214400000
tank_1083,149.70980392156864,1546214400000
tank_1086,31.50588235294118,1546214400000
tank_1088,0.0,1546214400000
tank_1089,0.0,1546214400000
tank_1090,0.0,1546214400000
tank_1091,0.592156862745098,1546214400000
tank_1094,5.0,1546214400000
tank_1095,0.0,1546214400000
tank_1104,1.0,1546214400000
tank_1113,47.0,1546214400000
tank_1116,3.9529411764705884,1546214400000
tank_1117,0.0,1546214400000
tank_1120,106.0,1546214400000
tank_1121,159.60392156862747,1546214400000
tank_1124,0.0,1546214400000
tank_1128,0.0,1546214400000
tank_1134,0.0,1546214400000
tank_1135,0.0,1546214400000
tank_1146,0.0,1546214400000
tank_1149,15.847058823529412,1546214400000
tank_1156,0.0,1546214400000
tank_1157,10.486274509803922,1546214400000
tank_1159,66.0,1546214400000
tank_1160,424.0,1546214400000
tank_1166,0.0,1546214400000
tank_1170,24.701960784313723,1546214400000
tank_1175,0.0,1546214400000
tank_1177,0.0,1546214400000
tank_1179,12.788235294117646,1546214400000
tank_1181,73.0,1546214400000
tank_1186,0.0,1546214400000
tank_1187,5.035294117647059,1546214400000
tank_1190,0.0,1546214400000
tank_1192,0.0,1546214400000
tank_1196,0.0,1546214400000
tank_1197,1165.0,1546214400000
tank_1201,0.0,1546214400000
tank_1203,2.964705882352941,1546214400000
tank_1205,0.0,1546214400000
tank_1209,654.9607843137255,1546214400000
tank_1217,0.0,1546214400000
tank_1223,1.9450980392156862,1546214400000
tank_1226,1.035294117647059,1546214400000
tank_1228,0.0,1546214400000
tank_1230,0.0,1546214400000
tank_1237,0.0,1546214400000
tank_1239,203.0,1546214400000
tank_1245,30.921568627450977,1546214400000
tank_1246,6.0,1546214400000
tank_1250,11.549019607843137,1546214400000
tank_1254,668.0,1546214400000
tank_1255,25.552941176470583,1546214400000
tank_1258,3.0,1546214400000
tank_1261,0.10980392156862745,1546214400000
tank_1262,8.870588235294115,1546214400000
tank_1263,0.0,1546214400000
tank_1265,0.0,1546214400000
tank_1270,0.0,1546214400000
tank_1272,4.509803921568627,1546214400000
tank_1275,0.0,1546214400000
tank_1276,0.0,1546214400000
tank_1279,0.0,1546214400000
tank_1280,3.0549019607843135,1546214400000
tank_1284,0.0,1546214400000
tank_1285,0.0,1546214400000
tank_1286,11.0,1546214400000
tank_1290,0.0,1546214400000
tank_1291,0.0,1546214400000
tank_1293,0.0,1546214400000
tank_1295,16.03921568627451,1546214400000
tank_1297,17.0,1546214400000
tank_1301,0.0,1546214400000
tank_1302,0.0,1546214400000
tank_1304,11.43529411764706,1546214400000
tank_1305,1.5372549019607842,1546214400000
tank_1313,0.0,1546214400000
tank_1322,0.0,1546214400000
tank_1325,140.89803921568628,1546214400000
tank_1326,0.16470588235294117,1546214400000
tank_1344,2.0,1546214400000
tank_1346,0.6509803921568627,1546214400000
tank_1349,0.0,1546214400000
tank_1353,259.0,1546214400000
tank_1358,0.0,1546214400000
tank_1359,0.0,1546214400000
tank_1361,99.0,1546214400000
tank_1364,610.0,1546214400000
tank_1365,0.0,1546214400000
tank_1372,17.0,1546214400000
tank_1374,237.0,1546214400000
tank_1378,403.0,1546214400000
tank_1380,9.0,1546214400000
tank_1386,0.0,1546214400000
tank_1391,0.0,1546214400000
tank_1393,0.0,1546214400000
tank_1396,175.0,1546214400000
tank_1397,0.0,1546214400000
tank_1403,0.0,1546214400000
tank_1409,304.0,1546214400000
tank_1412,0.0,1546214400000
tank_1415,0.0,1546214400000
tank_1416,0.0,1546214400000
tank_1421,84.0,1546214400000
tank_1422,0.8627450980392157,1546214400000
tank_1425,342.0,1546214400000
tank_1426,0.0,1546214400000
tank_1430,0.0,1546214400000
tank_1433,92.0,1546214400000
tank_1438,0.0,1546214400000
tank_1439,0.0,1546214400000
tank_1441,0.6549019607843137,1546214400000
tank_1443,31.22352941176471,1546214400000
tank_1445,56.372549019607845,1546214400000
tank_1446,0.0,1546214400000
tank_1450,0.0,1546214400000
tank_1452,4.780392156862745,1546214400000
tank_1456,0.0,1546214400000
tank_1466,0.0,1546214400000
tank_1471,0.0,1546214400000
tank_1475,0.0,1546214400000
tank_1486,212.0,1546214400000
tank_1488,4.0,1546214400000
tank_1491,0.0,1546214400000
tank_1500,20.0,1546214400000
tank_1505,0.0,1546214400000
tank_1513,394.0,1546214400000
tank_1531,0.0,1546214400000
tank_1536,0.0,1546214400000
tank_1539,332.0,1546214400000
tank_1541,0.0,1546214400000
tank_1542,0.0,1546214400000
tank_1547,0.0,1546214400000
tank_1563,0.0,1546214400000
tank_1564,7.541176470588235,1546214400000
tank_1565,0.0,1546214400000
tank_1567,7.541176470588235,1546214400000
tank_1568,0.0,1546214400000
tank_1573,0.0,1546214400000
tank_1583,7.176470588235294,1546214400000
tank_1587,544.0,1546214400000
tank_1588,0.0,1546214400000
tank_1592,9.0,1546214400000
tank_1594,0.0,1546214400000
tank_1595,0.0,1546214400000
tank_1597,5.0,1546214400000
tank_1598,0.0,1546214400000
tank_1600,4.223529411764706,1546214400000
tank_1604,0.0,1546214400000
