tank_id,sum,date_ms
tank_0002,0.0,1735948800000
tank_0004,0.0,1735948800000
tank_0005,0.0,1735948800000
tank_0011,0.0,1735948800000
tank_0014,0.0,1735948800000
tank_0019,0.0,1735948800000
tank_0024,0.0,1735948800000
tank_0025,0.0,1735948800000
tank_0026,0.0,1735948800000
tank_0027,0.0,1735948800000
tank_0030,0.0,1735948800000
tank_0031,128.94117647058823,1735948800000
tank_0036,0.0,1735948800000
tank_0037,0.0,1735948800000
tank_0038,0.0,1735948800000
tank_0050,5.976470588235294,1735948800000
tank_0051,0.0,1735948800000
tank_0052,0.0,1735948800000
tank_0053,1.0745098039215686,1735948800000
tank_0055,0.0,1735948800000
tank_0057,0.0,1735948800000
tank_0058,0.0,1735948800000
tank_0064,46.05490196078431,1735948800000
tank_0069,102.0,1735948800000
tank_0072,0.0,1735948800000
tank_0073,0.0,1735948800000
tank_0080,28.92156862745098,1735948800000
tank_0094,0.0,1735948800000
tank_0107,0.0,1735948800000
tank_0110,6.325490196078431,1735948800000
tank_0113,0.0,1735948800000
tank_0115,0.0,1735948800000
tank_0116,1.7568627450980392,1735948800000
tank_0117,94.0,1735948800000
tank_0118,0.0,1735948800000
tank_0122,0.0,1735948800000
tank_0125,10.937254901960785,1735948800000
tank_0130,0.0,1735948800000
tank_0131,0.0,1735948800000
tank_0132,0.0,1735948800000
tank_0134,0.0,1735948800000
tank_0135,1.3725490196078431,1735948800000
tank_0142,0.0,1735948800000
tank_0143,0.0,1735948800000
tank_0144,0.0,1735948800000
tank_0148,0.0,1735948800000
tank_0153,19.0,1735948800000
tank_0156,5.486274509803921,1735948800000
tank_0159,0.0,1735948800000
tank_0165,3.776470588235294,1735948800000
tank_0171,0.0,1735948800000
tank_0172,0.0,1735948800000
tank_0174,7.7254901960784315,1735948800000
tank_0176,0.0,1735948800000
tank_0184,0.0,1735948800000
tank_0187,0.0,1735948800000
tank_0190,5.074509803921568,1735948800000
tank_0192,0.0,1735948800000
tank_0193,0.0,1735948800000
tank_0195,4.0,1735948800000
tank_0199,0.0,1735948800000
tank_0204,2.0,1735948800000
tank_0205,0.0,1735948800000
tank_0207,0.054901960784313725,1735948800000
tank_0209,1.5372549019607842,1735948800000
tank_0213,4.0,1735948800000
tank_0217,0.0,1735948800000
tank_0220,2.0,1735948800000
tank_0221,0.0,1735948800000
tank_0225,0.0,1735948800000
tank_0226,0.0,1735948800000
tank_0228,0.0,1735948800000
tank_0229,4.666666666666667,1735948800000
tank_0231,0.0,1735948800000
tank_0233,0.0,1735948800000
tank_0236,0.0,1735948800000
tank_0237,0.0,1735948800000
tank_0240,0.0,1735948800000
tank_0242,19.807843137254903,1735948800000
tank_0245,0.0,1735948800000
tank_0247,184.0,1735948800000
tank_0256,0.0,1735948800000
tank_0257,0.0,1735948800000
tank_0260,0.0,1735948800000
tank_0261,0.0,1735948800000
tank_0264,0.0,1735948800000
tank_0273,374.0,1735948800000
tank_0276,0.0,1735948800000
tank_0278,4.0,1735948800000
tank_0280,0.0,1735948800000
tank_0291,4.0,1735948800000
tank_0292,0.9607843137254902,1735948800000
tank_0296,0.0,1735948800000
tank_0297,10.0,1735948800000
tank_0299,0.0,1735948800000
tank_0300,8.572549019607843,1735948800000
tank_0301,0.0,1735948800000
tank_0307,16.0,1735948800000
tank_0309,23.92549019607843,1735948800000
tank_0313,0.0,1735948800000
tank_0314,0.0,1735948800000
tank_0319,7.0,1735948800000
tank_0321,0.0,1735948800000
tank_0327,0.0,1735948800000
tank_0337,0.0,1735948800000
tank_0338,0.5490196078431373,1735948800000
tank_0339,0.0,1735948800000
tank_0342,12.498039215686275,1735948800000
tank_0345,0.0,1735948800000
tank_0346,0.0,1735948800000
tank_0349,235.9921568627451,1735948800000
tank_0350,4.313725490196078,1735948800000
tank_0353,3.4941176470588236,1735948800000
tank_0356,0.0,1735948800000
tank_0360,0.0,1735948800000
tank_0361,3.1529411764705886,1735948800000
tank_0362,0.0,1735948800000
tank_0364,0.0,1735948800000
tank_0366,2.9686274509803923,1735948800000
tank_0369,0.0,1735948800000
tank_0375,0.0,1735948800000
tank_0379,0.0,1735948800000
tank_0381,0.0,1735948800000
tank_0386,22.0,1735948800000
tank_0390,17.866666666666667,1735948800000
tank_0397,0.0,1735948800000
tank_0399,0.0,1735948800000
tank_0404,118.54509803921569,1735948800000
tank_0409,0.0,1735948800000
tank_0420,0.7764705882352941,1735948800000
tank_0425,0.0,1735948800000
tank_0431,0.0,1735948800000
tank_0432,0.0,1735948800000
tank_0435,0.0,1735948800000
tank_0436,0.0,1735948800000
tank_0438,8.0,1735948800000
tank_0443,0.0,1735948800000
tank_0444,0.0,1735948800000
tank_0447,16.0,1735948800000
tank_0448,0.0,1735948800000
tank_0449,0.1568627450980392,1735948800000
tank_0455,0.0,1735948800000
tank_0460,0.0,1735948800000
tank_0462,213.0,1735948800000
tank_0466,0.0,1735948800000
tank_0471,0.0,1735948800000
tank_0473,15.772549019607844,1735948800000
tank_0474,0.0,1735948800000
tank_0481,4.831372549019608,1735948800000
tank_0485,0.0,1735948800000
tank_0489,0.0,1735948800000
tank_0491,0.0,1735948800000
tank_0494,0.0,1735948800000
tank_0497,0.0,1735948800000
tank_0498,0.9647058823529412,1735948800000
tank_0502,0.0,1735948800000
tank_0505,0.0,1735948800000
tank_0509,0.0,1735948800000
tank_0512,217.58039215686273,1735948800000
tank_0514,0.0,1735948800000
tank_0515,0.0,1735948800000
tank_0521,23.0,1735948800000
tank_0524,0.0,1735948800000
tank_0526,41.0,1735948800000
tank_0533,0.0,1735948800000
tank_0534,0.0,1735948800000
tank_0536,0.0,1735948800000
tank_0537,0.0,1735948800000
tank_0541,0.0,1735948800000
tank_0547,0.0,1735948800000
tank_0552,0.0,1735948800000
tank_0555,0.0,1735948800000
tank_0556,0.0,1735948800000
tank_0557,0.0,1735948800000
tank_0560,0.0,1735948800000
tank_0561,0.0,1735948800000
tank_0566,0.0,1735948800000
tank_0567,0.0,1735948800000
tank_0568,0.0,1735948800000
tank_0574,50.0,1735948800000
tank_0579,163.0,1735948800000
tank_0583,177.0,1735948800000
tank_0587,0.0,1735948800000
tank_0589,0.0,1735948800000
tank_0590,107.0,1735948800000
tank_0592,0.0,1735948800000
tank_0593,0.0,1735948800000
tank_0595,0.0,1735948800000
tank_0600,0.0,1735948800000
tank_0604,0.0,1735948800000
tank_0606,0.0,1735948800000
tank_0607,10.745098039215687,1735948800000
tank_0608,790.0,1735948800000
tank_0610,2.8901960784313725,1735948800000
tank_0611,0.0,1735948800000
tank_0612,0.0,1735948800000
tank_0613,1.0,1735948800000
tank_0619,0.0,1735948800000
tank_0626,0.0,1735948800000
tank_0627,0.0,1735948800000
tank_0628,0.0,1735948800000
tank_0632,5.0,1735948800000
tank_0633,0.0,1735948800000
tank_0639,0.0,1735948800000
tank_0640,0.0,1735948800000
tank_0641,0.0,1735948800000
tank_0643,11.0,1735948800000
tank_0646,0.0,1735948800000
tank_0663,0.0,1735948800000
tank_0664,0.0,1735948800000
tank_0666,0.0,1735948800000
tank_0667,0.0,1735948800000
tank_0670,20.858823529411765,1735948800000
tank_0675,0.0,1735948800000
tank_0676,650.0,1735948800000
tank_0678,0.0,1735948800000
tank_0681,0.0,1735948800000
tank_0687,2.0,1735948800000
tank_0688,306.0,1735948800000
tank_0697,0.0,1735948800000
tank_0720,11.0,1735948800000
tank_0722,0.0,1735948800000
tank_0724,0.0,1735948800000
tank_0725,27.0,1735948800000
tank_0728,0.0,1735948800000
tank_0730,0.0,1735948800000
tank_0731,970.0,1735948800000
tank_0732,0.0,1735948800000
tank_0737,492.0,1735948800000
tank_0739,0.0,1735948800000
tank_0740,0.0,1735948800000
tank_0746,0.0,1735948800000
tank_0748,0.0,1735948800000
tank_0749,0.0,1735948800000
tank_0752,5.0,1735948800000
tank_0760,0.0,1735948800000
tank_0770,0.0,1735948800000
tank_0772,0.0,1735948800000
tank_0788,0.0,1735948800000
tank_0789,0.0,1735948800000
tank_0792,48.458823529411774,1735948800000
tank_0797,5.0,1735948800000
tank_0800,482.9372549019608,1735948800000
tank_0802,13.870588235294118,1735948800000
tank_0803,4.776470588235294,1735948800000
tank_0808,32.882352941176464,1735948800000
tank_0810,9.0,1735948800000
tank_0811,1.0,1735948800000
tank_0812,52.0,1735948800000
tank_0813,13.741176470588236,1735948800000
tank_0816,4.552941176470588,1735948800000
tank_0819,0.0,1735948800000
tank_0823,0.0,1735948800000
tank_0824,315.0,1735948800000
tank_0825,7.929411764705883,1735948800000
tank_0828,38.0,1735948800000
tank_0829,70.74117647058824,1735948800000
tank_0830,68.49803921568628,1735948800000
tank_0831,0.0,1735948800000
tank_0844,0.0,1735948800000
tank_0852,71.0,1735948800000
tank_0855,81.0,1735948800000
tank_0856,755.4862745098039,1735948800000
tank_0860,0.0,1735948800000
tank_0861,0.0,1735948800000
tank_0872,29.7921568627451,1735948800000
tank_0875,418.3294117647059,1735948800000
tank_0879,165.47058823529412,1735948800000
tank_0885,0.0,1735948800000
tank_0891,26.0,1735948800000
tank_0894,1154.0,1735948800000
tank_0898,479.0,1735948800000
tank_0900,57.258823529411764,1735948800000
tank_0901,126.80392156862746,1735948800000
tank_0902,204.0,1735948800000
tank_0914,49.0,1735948800000
tank_0917,438.0,1735948800000
tank_0919,105.0,1735948800000
tank_0920,237.0,1735948800000
tank_0922,211.0,1735948800000
tank_0923,63.0,1735948800000
tank_0924,0.0,1735948800000
tank_0926,4.0,1735948800000
tank_0927,0.0,1735948800000
tank_0928,62.0,1735948800000
tank_0930,130.0,1735948800000
tank_0931,257.0,1735948800000
tank_0933,0.0,1735948800000
tank_0934,0.9058823529411765,1735948800000
tank_0937,0.0,1735948800000
tank_0938,0.0,1735948800000
tank_0939,3.0,1735948800000
tank_0944,128.9921568627451,1735948800000
tank_0946,2.0,1735948800000
tank_0952,42.0,1735948800000
tank_0958,0.0,1735948800000
tank_0962,1624.0,1735948800000
tank_0967,48.0,1735948800000
tank_0975,0.0,1735948800000
tank_0978,0.0,1735948800000
tank_0990,0.0,1735948800000
tank_0991,666.0,1735948800000
tank_0998,0.0,1735948800000
tank_0999,0.0,1735948800000
tank_1003,1259.0,1735948800000
tank_1004,0.0,1735948800000
tank_1014,528.0,1735948800000
tank_1026,260.6470588235294,1735948800000
tank_1031,58.0,1735948800000
tank_1032,16.403921568627453,1735948800000
tank_1034,12.713725490196076,1735948800000
tank_1042,39.0,1735948800000
tank_1045,22.0,1735948800000
tank_1049,113.0,1735948800000
tank_1055,62.29019607843138,1735948800000
tank_1061,43.01960784313725,1735948800000
tank_1062,0.0,1735948800000
tank_1064,0.0,1735948800000
tank_1065,9.9921568627451,1735948800000
tank_1066,0.0,1735948800000
tank_1070,162.0,1735948800000
tank_1073,53.0,1735948800000
tank_1083,0.0,1735948800000
tank_1086,8.0,1735948800000
tank_1088,43.54117647058823,1735948800000
tank_1089,27.0,1735948800000
tank_1090,190.86274509803923,1735948800000
tank_1091,0.0,1735948800000
tank_1094,1701.0,1735948800000
tank_1095,9.0,1735948800000
tank_1104,1.4980392156862745,1735948800000
tank_1113,38.0,1735948800000
tank_1116,0.0,1735948800000
tank_1117,0.0,1735948800000
tank_1120,323.0,1735948800000
tank_1121,545.0,1735948800000
tank_1124,32.48627450980392,1735948800000
tank_1128,62.0,1735948800000
tank_1134,2.0705882352941174,1735948800000
tank_1135,89.18039215686272,1735948800000
tank_1146,2.0,1735948800000
tank_1149,0.0,1735948800000
tank_1156,0.0,1735948800000
tank_1157,26.211764705882356,1735948800000
tank_1159,394.0,1735948800000
tank_1160,634.0,1735948800000
tank_1166,3.5137254901960784,1735948800000
tank_1170,33.227450980392156,1735948800000
tank_1175,0.0,1735948800000
tank_1177,1.9098039215686273,1735948800000
tank_1179,3.0,1735948800000
tank_1181,146.94117647058823,1735948800000
tank_1186,0.0,1735948800000
tank_1187,12.588235294117647,1735948800000
tank_1190,0.0,1735948800000
tank_1192,21.0,1735948800000
tank_1196,0.0,1735948800000
tank_1197,1477.0,1735948800000
tank_1201,0.0,1735948800000
tank_1203,0.0,1735948800000
tank_1205,3.0,1735948800000
tank_1209,1147.0,1735948800000
tank_1217,0.0,1735948800000
tank_1223,14.749019607843138,1735948800000
tank_1226,179.45882352941175,1735948800000
tank_1228,842.0,1735948800000
tank_1230,0.0,1735948800000
tank_1237,32.0,1735948800000
tank_1239,738.0,1735948800000
tank_1245,0.0,1735948800000
tank_1246,163.0,1735948800000
tank_1250,2.6549019607843136,1735948800000
tank_1254,350.0,1735948800000
tank_1255,4.0,1735948800000
tank_1258,229.0,1735948800000
tank_1261,0.0,1735948800000
tank_1262,0.0,1735948800000
tank_1263,54.0,1735948800000
tank_1265,92.58039215686274,1735948800000
tank_1270,0.0,1735948800000
tank_1272,17.870588235294118,1735948800000
tank_1275,0.0,1735948800000
tank_1276,135.95294117647057,1735948800000
tank_1279,0.0,1735948800000
tank_1280,0.0,1735948800000
tank_1284,0.0,1735948800000
tank_1285,6.192156862745098,1735948800000
tank_1286,160.05882352941177,1735948800000
tank_1290,32.886274509803926,1735948800000
tank_1291,3.0,1735948800000
tank_1293,0.0,1735948800000
tank_1295,0.0,1735948800000
tank_1297,0.0,1735948800000
tank_1301,170.0,1735948800000
tank_1302,74.4078431372549,1735948800000
tank_1304,0.0,1735948800000
tank_1305,123.22745098039215,1735948800000
tank_1313,1224.0,1735948800000
tank_1322,0.0,1735948800000
tank_1325,6.0,1735948800000
tank_1326,0.0,1735948800000
tank_1344,0.0,1735948800000
tank_1346,0.0,1735948800000
tank_1349,0.0,1735948800000
tank_1353,849.0,1735948800000
tank_1358,0.0,1735948800000
tank_1359,0.0,1735948800000
tank_1361,826.9019607843137,1735948800000
tank_1364,1479.0,1735948800000
tank_1365,40.94901960784314,1735948800000
tank_1372,0.0,1735948800000
tank_1374,128.0,1735948800000
tank_1378,508.0,1735948800000
tank_1380,71.0,1735948800000
tank_1386,476.9843137254902,1735948800000
tank_1391,22.0,1735948800000
tank_1393,0.0,1735948800000
tank_1396,0.0,1735948800000
tank_1397,0.0,1735948800000
tank_1403,2.0,1735948800000
tank_1409,0.0,1735948800000
tank_1412,20.568627450980394,1735948800000
tank_1415,0.0,1735948800000
tank_1416,49.305882352941175,1735948800000
tank_1421,393.0,1735948800000
tank_1422,0.0,1735948800000
tank_1425,213.0,1735948800000
tank_1426,134.73333333333335,1735948800000
tank_1430,0.0,1735948800000
tank_1433,470.0,1735948800000
tank_1438,0.0,1735948800000
tank_1439,16.91372549019608,1735948800000
tank_1441,0.0,1735948800000
tank_1443,24.886274509803922,1735948800000
tank_1445,0.0,1735948800000
tank_1446,0.0,1735948800000
tank_1450,0.0,1735948800000
tank_1452,0.0,1735948800000
tank_1456,0.0,1735948800000
tank_1466,0.0,1735948800000
tank_1471,0.0,1735948800000
tank_1475,529.6549019607843,1735948800000
tank_1486,383.0,1735948800000
tank_1488,159.0,1735948800000
tank_1491,0.0,1735948800000
tank_1500,0.0,1735948800000
tank_1505,538.0,1735948800000
tank_1513,159.0,1735948800000
tank_1531,0.0,1735948800000
tank_1536,0.0,1735948800000
tank_1539,110.0,1735948800000
tank_1541,126.0,1735948800000
tank_1542,0.0,1735948800000
tank_1547,399.6627450980392,1735948800000
tank_1563,25.890196078431373,1735948800000
tank_1564,0.0,1735948800000
tank_1565,1708.0,1735948800000
tank_1567,3.0,1735948800000
tank_1568,0.0,1735948800000
tank_1573,255.0235294117647,1735948800000
tank_1583,0.0,1735948800000
tank_1587,699.0,1735948800000
tank_1588,0.0,1735948800000
tank_1592,0.0,1735948800000
tank_1594,73.0,1735948800000
tank_1595,0.0,1735948800000
tank_1597,0.0,1735948800000
tank_1598,39.10588235294119,1735948800000
tank_1600,0.0,1735948800000
tank_1604,0.0,1735948800000
tank_0002,0.0,1736985600000
tank_0004,0.0,1736985600000
tank_0005,0.0,1736985600000
tank_0011,0.0,1736985600000
tank_0014,0.0,1736985600000
tank_0019,0.0,1736985600000
tank_0024,0.30196078431372547,1736985600000
tank_0025,2.0,1736985600000
tank_0026,0.0,1736985600000
tank_0027,11.0,1736985600000
tank_0030,0.0,1736985600000
tank_0031,126.11372549019607,1736985600000
tank_0036,0.0,1736985600000
tank_0037,1.0,1736985600000
tank_0038,0.0,1736985600000
tank_0050,0.0,1736985600000
tank_0051,0.0,1736985600000
tank_0052,2.2,1736985600000
tank_0053,7.890196078431372,1736985600000
tank_0055,0.0,1736985600000
tank_0057,0.0,1736985600000
tank_0058,0.0,1736985600000
tank_0064,54.0,1736985600000
tank_0069,107.18039215686275,1736985600000
tank_0072,0.0,1736985600000
tank_0073,0.0,1736985600000
tank_0080,27.0,1736985600000
tank_0094,0.0,1736985600000
tank_0107,0.0,1736985600000
tank_0110,4.043137254901961,1736985600000
tank_0113,1.5333333333333332,1736985600000
tank_0115,0.0,1736985600000
tank_0116,1.9764705882352942,1736985600000
tank_0117,102.0,1736985600000
tank_0118,0.0,1736985600000
tank_0122,0.0,1736985600000
tank_0125,6.0392156862745106,1736985600000
tank_0130,0.0,1736985600000
tank_0131,0.0,1736985600000
tank_0132,0.0,1736985600000
tank_0134,3.0,1736985600000
tank_0135,3.0,1736985600000
tank_0142,2.0,1736985600000
tank_0143,0.0,1736985600000
tank_0144,0.0,1736985600000
tank_0148,0.0,1736985600000
tank_0153,23.0,1736985600000
tank_0156,10.607843137254902,1736985600000
tank_0159,0.0,1736985600000
tank_0165,0.0,1736985600000
tank_0171,0.0,1736985600000
tank_0172,0.0,1736985600000
tank_0174,25.227450980392153,1736985600000
tank_0176,0.0,1736985600000
tank_0184,0.0,1736985600000
tank_0187,0.0,1736985600000
tank_0190,2.615686274509804,1736985600000
tank_0192,0.0,1736985600000
tank_0193,0.0,1736985600000
tank_0195,10.64313725490196,1736985600000
tank_0199,0.0,1736985600000
tank_0204,4.0,1736985600000
tank_0205,0.0,1736985600000
tank_0207,0.0,1736985600000
tank_0209,0.0,1736985600000
tank_0213,0.0,1736985600000
tank_0217,0.0,1736985600000
tank_0220,0.4470588235294118,1736985600000
tank_0221,7.031372549019608,1736985600000
tank_0225,0.0,1736985600000
tank_0226,0.0,1736985600000
tank_0228,0.0,1736985600000
tank_0229,0.0,1736985600000
tank_0231,3.6313725490196074,1736985600000
tank_0233,0.0,1736985600000
tank_0236,0.0,1736985600000
tank_0237,0.0,1736985600000
tank_0240,0.0,1736985600000
tank_0242,17.807843137254903,1736985600000
tank_0245,0.0,1736985600000
tank_0247,165.0,1736985600000
tank_0256,0.0,1736985600000
tank_0257,0.0,1736985600000
tank_0260,0.996078431372549,1736985600000
tank_0261,0.0,1736985600000
tank_0264,0.0,1736985600000
tank_0273,341.0,1736985600000
tank_0276,0.0,1736985600000
tank_0278,2.0,1736985600000
tank_0280,1.0,1736985600000
tank_0291,1.0,1736985600000
tank_0292,0.0,1736985600000
tank_0296,0.0,1736985600000
tank_0297,14.0,1736985600000
tank_0299,0.0,1736985600000
tank_0300,2.7176470588235295,1736985600000
tank_0301,0.0,1736985600000
tank_0307,12.0,1736985600000
tank_0309,20.92549019607843,1736985600000
tank_0313,0.0,1736985600000
tank_0314,0.0,1736985600000
tank_0319,8.0,1736985600000
tank_0321,0.0,1736985600000
tank_0327,0.0,1736985600000
tank_0337,4.0,1736985600000
tank_0338,14.43921568627451,1736985600000
tank_0339,1.0,1736985600000
tank_0342,31.654901960784315,1736985600000
tank_0345,2.631372549019608,1736985600000
tank_0346,0.0,1736985600000
tank_0349,237.0,1736985600000
tank_0350,7.0,1736985600000
tank_0353,6.0,1736985600000
tank_0356,0.0,1736985600000
tank_0360,0.0,1736985600000
tank_0361,0.8156862745098039,1736985600000
tank_0362,0.0,1736985600000
tank_0364,0.0,1736985600000
tank_0366,12.854901960784314,1736985600000
tank_0369,0.0,1736985600000
tank_0375,0.0,1736985600000
tank_0379,4.4941176470588236,1736985600000
tank_0381,0.0,1736985600000
tank_0386,13.0,1736985600000
tank_0390,2.0,1736985600000
tank_0397,0.0,1736985600000
tank_0399,0.0,1736985600000
tank_0404,99.0,1736985600000
tank_0409,0.0,1736985600000
tank_0420,0.0,1736985600000
tank_0425,1.0784313725490196,1736985600000
tank_0431,0.0,1736985600000
tank_0432,1.9843137254901961,1736985600000
tank_0435,0.0,1736985600000
tank_0436,0.0,1736985600000
tank_0438,13.0,1736985600000
tank_0443,0.0,1736985600000
tank_0444,0.0,1736985600000
tank_0447,38.72549019607843,1736985600000
tank_0448,0.0,1736985600000
tank_0449,15.768627450980393,1736985600000
tank_0455,6.933333333333334,1736985600000
tank_0460,3.074509803921569,1736985600000
tank_0462,183.0,1736985600000
tank_0466,0.0,1736985600000
tank_0471,0.0,1736985600000
tank_0473,13.55294117647059,1736985600000
tank_0474,0.0,1736985600000
tank_0481,9.015686274509804,1736985600000
tank_0485,0.0,1736985600000
tank_0489,0.0,1736985600000
tank_0491,0.0,1736985600000
tank_0494,0.0,1736985600000
tank_0497,0.0,1736985600000
tank_0498,2.7960784313725493,1736985600000
tank_0502,0.0,1736985600000
tank_0505,0.0,1736985600000
tank_0509,1.611764705882353,1736985600000
tank_0512,314.7098039215686,1736985600000
tank_0514,0.0,1736985600000
tank_0515,0.0,1736985600000
tank_0521,18.0,1736985600000
tank_0524,0.0,1736985600000
tank_0526,39.74901960784314,1736985600000
tank_0533,0.0,1736985600000
tank_0534,0.0,1736985600000
tank_0536,0.0,1736985600000
tank_0537,0.0,1736985600000
tank_0541,0.0,1736985600000
tank_0547,0.596078431372549,1736985600000
tank_0552,0.0,1736985600000
tank_0555,0.0,1736985600000
tank_0556,0.0,1736985600000
tank_0557,0.0,1736985600000
tank_0560,0.0,1736985600000
tank_0561,0.0,1736985600000
tank_0566,0.0,1736985600000
tank_0567,0.0,1736985600000
tank_0568,0.0,1736985600000
tank_0574,52.0,1736985600000
tank_0579,167.0,1736985600000
tank_0583,158.0,1736985600000
tank_0587,0.0,1736985600000
tank_0589,0.0,1736985600000
tank_0590,103.0,1736985600000
tank_0592,0.0,1736985600000
tank_0593,0.0,1736985600000
tank_0595,0.0,1736985600000
tank_0600,0.0,1736985600000
tank_0604,0.0,1736985600000
tank_0606,0.0,1736985600000
tank_0607,11.498039215686275,1736985600000
tank_0608,683.0,1736985600000
tank_0610,0.0,1736985600000
tank_0611,0.0,1736985600000
tank_0612,0.0,1736985600000
tank_0613,0.0,1736985600000
tank_0619,0.0,1736985600000
tank_0626,0.0,1736985600000
tank_0627,0.0,1736985600000
tank_0628,0.0,1736985600000
tank_0632,2.756862745098039,1736985600000
tank_0633,0.0,1736985600000
tank_0639,0.0,1736985600000
tank_0640,0.0,1736985600000
tank_0641,1.2078431372549019,1736985600000
tank_0643,18.32156862745098,1736985600000
tank_0646,0.0,1736985600000
tank_0663,0.0,1736985600000
tank_0664,0.0,1736985600000
tank_0666,0.0,1736985600000
tank_0667,3.007843137254902,1736985600000
tank_0670,14.0,1736985600000
tank_0675,0.0,1736985600000
tank_0676,551.0,1736985600000
tank_0678,0.0,1736985600000
tank_0681,0.0,1736985600000
tank_0687,0.0,1736985600000
tank_0688,307.0,1736985600000
tank_0697,3.0,1736985600000
tank_0720,12.0,1736985600000
tank_0722,0.0,1736985600000
tank_0724,0.0,1736985600000
tank_0725,12.0,1736985600000
tank_0728,0.0,1736985600000
tank_0730,0.0,1736985600000
tank_0731,835.0,1736985600000
tank_0732,1.0588235294117647,1736985600000
tank_0737,623.0,1736985600000
tank_0739,0.0,1736985600000
tank_0740,0.0,1736985600000
tank_0746,0.0,1736985600000
tank_0748,0.0,1736985600000
tank_0749,0.0,1736985600000
tank_0752,1.0,1736985600000
tank_0760,0.0,1736985600000
tank_0770,1.9137254901960783,1736985600000
tank_0772,0.0,1736985600000
tank_0788,0.0,1736985600000
tank_0789,0.0,1736985600000
tank_0792,90.52941176470588,1736985600000
tank_0797,3.0,1736985600000
tank_0800,483.956862745098,1736985600000
tank_0802,19.67843137254902,1736985600000
tank_0803,0.7607843137254902,1736985600000
tank_0808,16.070588235294117,1736985600000
tank_0810,10.0,1736985600000
tank_0811,5.447058823529412,1736985600000
tank_0812,59.97254901960784,1736985600000
tank_0813,11.007843137254902,1736985600000
tank_0816,5.996078431372549,1736985600000
tank_0819,0.0,1736985600000
tank_0823,0.0,1736985600000
tank_0824,241.0,1736985600000
tank_0825,3.5294117647058822,1736985600000
tank_0828,45.0,1736985600000
tank_0829,71.85882352941177,1736985600000
tank_0830,36.0,1736985600000
tank_0831,0.0,1736985600000
tank_0844,0.0,1736985600000
tank_0852,51.12549019607843,1736985600000
tank_0855,88.0,1736985600000
tank_0856,613.0,1736985600000
tank_0860,0.0,1736985600000
tank_0861,0.0,1736985600000
tank_0872,30.96078431372549,1736985600000
tank_0875,395.1921568627451,1736985600000
tank_0879,151.83921568627449,1736985600000
tank_0885,0.0,1736985600000
tank_0891,3.0,1736985600000
tank_0894,706.0,1736985600000
tank_0898,415.0,1736985600000
tank_0900,57.20392156862745,1736985600000
tank_0901,128.38039215686274,1736985600000
tank_0902,213.0,1736985600000
tank_0914,47.52549019607844,1736985600000
tank_0917,339.0,1736985600000
tank_0919,76.0,1736985600000
tank_0920,200.0,1736985600000
tank_0922,194.9921568627451,1736985600000
tank_0923,65.0,1736985600000
tank_0924,0.0,1736985600000
tank_0926,0.17647058823529413,1736985600000
tank_0927,0.0,1736985600000
tank_0928,66.4078431372549,1736985600000
tank_0930,133.0,1736985600000
tank_0931,146.0,1736985600000
tank_0933,0.0,1736985600000
tank_0934,0.0,1736985600000
tank_0937,0.0,1736985600000
tank_0938,0.0,1736985600000
tank_0939,2.2784313725490195,1736985600000
tank_0944,129.37254901960785,1736985600000
tank_0946,1.6549019607843136,1736985600000
tank_0952,29.0,1736985600000
tank_0958,0.0,1736985600000
tank_0962,1492.0,1736985600000
tank_0967,21.0,1736985600000
tank_0975,0.0,1736985600000
tank_0978,0.0,1736985600000
tank_0990,0.0,1736985600000
tank_0991,678.0,1736985600000
tank_0998,0.0,1736985600000
tank_0999,0.0,1736985600000
tank_1003,1234.9529411764706,1736985600000
tank_1004,5.0,1736985600000
tank_1014,430.0,1736985600000
tank_1026,248.86274509803923,1736985600000
tank_1031,45.0,1736985600000
tank_1032,15.24313725490196,1736985600000
tank_1034,12.470588235294116,1736985600000
tank_1042,46.0,1736985600000
tank_1045,18.0,1736985600000
tank_1049,111.99607843137255,1736985600000
tank_1055,37.46666666666667,1736985600000
tank_1061,42.37647058823529,1736985600000
tank_1062,0.0,1736985600000
tank_1064,0.0,1736985600000
tank_1065,26.952941176470585,1736985600000
tank_1066,2.0,1736985600000
tank_1070,175.0,1736985600000
tank_1073,54.0,1736985600000
tank_1083,0.0,1736985600000
tank_1086,4.0,1736985600000
tank_1088,45.29019607843137,1736985600000
tank_1089,22.0,1736985600000
tank_1090,198.5843137254902,1736985600000
tank_1091,0.0,1736985600000
tank_1094,1670.0,1736985600000
tank_1095,11.0,1736985600000
tank_1104,1.584313725490196,1736985600000
tank_1113,40.0,1736985600000
tank_1116,1.6392156862745098,1736985600000
tank_1117,0.0,1736985600000
tank_1120,291.0,1736985600000
tank_1121,344.0,1736985600000
tank_1124,23.96470588235294,1736985600000
tank_1128,52.0,1736985600000
tank_1134,0.0,1736985600000
tank_1135,89.0627450980392,1736985600000
tank_1146,1.0,1736985600000
tank_1149,3.588235294117647,1736985600000
tank_1156,0.0,1736985600000
tank_1157,30.07450980392157,1736985600000
tank_1159,406.9529411764706,1736985600000
tank_1160,642.0,1736985600000
tank_1166,2.0,1736985600000
tank_1170,34.70196078431373,1736985600000
tank_1175,0.0,1736985600000
tank_1177,0.20784313725490194,1736985600000
tank_1179,4.0,1736985600000
tank_1181,133.8470588235294,1736985600000
tank_1186,0.0,1736985600000
tank_1187,17.0,1736985600000
tank_1190,0.0,1736985600000
tank_1192,23.0,1736985600000
tank_1196,0.0,1736985600000
tank_1197,1491.0,1736985600000
tank_1201,0.0,1736985600000
tank_1203,2.9058823529411764,1736985600000
tank_1205,0.0,1736985600000
tank_1209,1200.0,1736985600000
tank_1217,0.0,1736985600000
tank_1223,10.945098039215686,1736985600000
tank_1226,183.33725490196085,1736985600000
tank_1228,799.0,1736985600000
tank_1230,0.0,1736985600000
tank_1237,40.95294117647059,1736985600000
tank_1239,703.9176470588236,1736985600000
tank_1245,0.0,1736985600000
tank_1246,142.0,1736985600000
tank_1250,2.0,1736985600000
tank_1254,325.0,1736985600000
tank_1255,11.003921568627447,1736985600000
tank_1258,241.87450980392157,1736985600000
tank_1261,0.10980392156862745,1736985600000
tank_1262,0.0,1736985600000
tank_1263,55.0,1736985600000
tank_1265,92.0,1736985600000
tank_1270,0.0,1736985600000
tank_1272,11.870588235294118,1736985600000
tank_1275,0.0,1736985600000
tank_1276,138.95294117647057,1736985600000
tank_1279,3.0,1736985600000
tank_1280,0.7764705882352941,1736985600000
tank_1284,0.0,1736985600000
tank_1285,15.36470588235294,1736985600000
tank_1286,161.65882352941176,1736985600000
tank_1290,25.0,1736985600000
tank_1291,1.0,1736985600000
tank_1293,57.0,1736985600000
tank_1295,6.9411764705882355,1736985600000
tank_1297,25.0,1736985600000
tank_1301,160.0,1736985600000
tank_1302,63.49411764705882,1736985600000
tank_1304,0.0,1736985600000
tank_1305,131.8941176470588,1736985600000
tank_1313,999.0,1736985600000
tank_1322,0.0,1736985600000
tank_1325,109.99607843137255,1736985600000
tank_1326,0.0,1736985600000
tank_1344,0.0,1736985600000
tank_1346,13.450980392156863,1736985600000
tank_1349,0.09411764705882353,1736985600000
tank_1353,1155.0,1736985600000
tank_1358,0.0,1736985600000
tank_1359,0.0,1736985600000
tank_1361,969.0,1736985600000
tank_1364,1333.0,1736985600000
tank_1365,13.0,1736985600000
tank_1372,39.0,1736985600000
tank_1374,132.0,1736985600000
tank_1378,527.0,1736985600000
tank_1380,33.0,1736985600000
tank_1386,366.0,1736985600000
tank_1391,21.0,1736985600000
tank_1393,0.0,1736985600000
tank_1396,80.0,1736985600000
tank_1397,0.0,1736985600000
tank_1403,0.0,1736985600000
tank_1409,0.0,1736985600000
tank_1412,13.007843137254902,1736985600000
tank_1415,0.0,1736985600000
tank_1416,46.30980392156863,1736985600000
tank_1421,455.0,1736985600000
tank_1422,0.0,1736985600000
tank_1425,227.0,1736985600000
tank_1426,126.52941176470588,1736985600000
tank_1430,0.0,1736985600000
tank_1433,533.0,1736985600000
tank_1438,0.0,1736985600000
tank_1439,15.913725490196079,1736985600000
tank_1441,1.7137254901960786,1736985600000
tank_1443,0.0,1736985600000
tank_1445,2.0,1736985600000
tank_1446,0.0,1736985600000
tank_1450,0.0,1736985600000
tank_1452,0.0,1736985600000
tank_1456,0.0,1736985600000
tank_1466,0.0,1736985600000
tank_1471,0.0,1736985600000
tank_1475,588.9490196078432,1736985600000
tank_1486,1428.0,1736985600000
tank_1488,163.0,1736985600000
tank_1491,0.0,1736985600000
tank_1500,0.0,1736985600000
tank_1505,564.0,1736985600000
tank_1513,394.0,1736985600000
tank_1531,0.0,1736985600000
tank_1536,0.0,1736985600000
tank_1539,148.0,1736985600000
tank_1541,127.0,1736985600000
tank_1542,0.0,1736985600000
tank_1547,353.0,1736985600000
tank_1563,26.6156862745098,1736985600000
tank_1564,0.0,1736985600000
tank_1565,835.0,1736985600000
tank_1567,4.0,1736985600000
tank_1568,0.0,1736985600000
tank_1573,268.8078431372549,1736985600000
tank_1583,0.0,1736985600000
tank_1587,603.0,1736985600000
tank_1588,2.0,1736985600000
tank_1592,0.0,1736985600000
tank_1594,75.0,1736985600000
tank_1595,0.0,1736985600000
tank_1597,0.0,1736985600000
tank_1598,33.21960784313726,1736985600000
tank_1600,4.0,1736985600000
tank_1604,0.0,1736985600000
tank_0002,0.4980392156862745,1738022400000
tank_0004,0.0,1738022400000
tank_0005,0.0,1738022400000
tank_0011,1.5686274509803921,1738022400000
tank_0014,16.490196078431374,1738022400000
tank_0019,0.0,1738022400000
tank_0024,0.26666666666666666,1738022400000
tank_0025,0.0,1738022400000
tank_0026,0.0,1738022400000
tank_0027,4.890196078431373,1738022400000
tank_0030,0.0,1738022400000
tank_0031,113.94117647058823,1738022400000
tank_0036,0.0,1738022400000
tank_0037,4.0,1738022400000
tank_0038,8.050980392156863,1738022400000
tank_0050,2.7019607843137257,1738022400000
tank_0051,0.0,1738022400000
tank_0052,6.952941176470588,1738022400000
tank_0053,15.752941176470587,1738022400000
tank_0055,0.0,1738022400000
tank_0057,0.0,1738022400000
tank_0058,0.6078431372549019,1738022400000
tank_0064,55.74901960784314,1738022400000
tank_0069,130.18039215686275,1738022400000
tank_0072,0.0,1738022400000
tank_0073,1.0,1738022400000
tank_0080,24.0,1738022400000
tank_0094,0.0,1738022400000
tank_0107,2.43921568627451,1738022400000
tank_0110,19.44705882352941,1738022400000
tank_0113,8.031372549019608,1738022400000
tank_0115,0.0,1738022400000
tank_0116,3.0,1738022400000
tank_0117,90.0,1738022400000
tank_0118,0.0,1738022400000
tank_0122,4.0,1738022400000
tank_0125,5.262745098039216,1738022400000
tank_0130,0.0,1738022400000
tank_0131,0.0,1738022400000
tank_0132,0.0,1738022400000
tank_0134,0.49019607843137253,1738022400000
tank_0135,9.0,1738022400000
tank_0142,0.0,1738022400000
tank_0143,0.0,1738022400000
tank_0144,0.0,1738022400000
tank_0148,0.0,1738022400000
tank_0153,35.0,1738022400000
tank_0156,42.37254901960784,1738022400000
tank_0159,0.0,1738022400000
tank_0165,7.666666666666666,1738022400000
tank_0171,0.0,1738022400000
tank_0172,2.0,1738022400000
tank_0174,12.223529411764707,1738022400000
tank_0176,0.0,1738022400000
tank_0184,1.0,1738022400000
tank_0187,1.992156862745098,1738022400000
tank_0190,6.3882352941176475,1738022400000
tank_0192,0.0,1738022400000
tank_0193,0.0,1738022400000
tank_0195,29.411764705882348,1738022400000
tank_0199,0.0,1738022400000
tank_0204,0.0,1738022400000
tank_0205,0.0,1738022400000
tank_0207,5.458823529411765,1738022400000
tank_0209,0.0,1738022400000
tank_0213,0.0,1738022400000
tank_0217,0.0,1738022400000
tank_0220,0.0,1738022400000
tank_0221,16.031372549019608,1738022400000
tank_0225,0.0,1738022400000
tank_0226,0.0,1738022400000
tank_0228,0.0,1738022400000
tank_0229,0.0,1738022400000
tank_0231,0.6941176470588235,1738022400000
tank_0233,1.0,1738022400000
tank_0236,0.0,1738022400000
tank_0237,0.0,1738022400000
tank_0240,0.0,1738022400000
tank_0242,16.0,1738022400000
tank_0245,1.1647058823529413,1738022400000
tank_0247,162.0,1738022400000
tank_0256,0.0,1738022400000
tank_0257,1.1372549019607843,1738022400000
tank_0260,2.1254901960784314,1738022400000
tank_0261,0.0,1738022400000
tank_0264,0.0,1738022400000
tank_0273,367.0,1738022400000
tank_0276,0.0,1738022400000
tank_0278,4.2784313725490195,1738022400000
tank_0280,0.0,1738022400000
tank_0291,1.0,1738022400000
tank_0292,19.0,1738022400000
tank_0296,0.0,1738022400000
tank_0297,11.062745098039215,1738022400000
tank_0299,0.0784313725490196,1738022400000
tank_0300,13.129411764705884,1738022400000
tank_0301,1.4980392156862745,1738022400000
tank_0307,9.0,1738022400000
tank_0309,17.92549019607843,1738022400000
tank_0313,1.0,1738022400000
tank_0314,0.0,1738022400000
tank_0319,4.0,1738022400000
tank_0321,0.0,1738022400000
tank_0327,0.0,1738022400000
tank_0337,5.101960784313725,1738022400000
tank_0338,0.0,1738022400000
tank_0339,12.137254901960786,1738022400000
tank_0342,31.34901960784314,1738022400000
tank_0345,0.3607843137254902,1738022400000
tank_0346,0.5490196078431373,1738022400000
tank_0349,239.0,1738022400000
tank_0350,3.8627450980392157,1738022400000
tank_0353,26.749019607843138,1738022400000
tank_0356,0.0,1738022400000
tank_0360,0.0,1738022400000
tank_0361,0.0,1738022400000
tank_0362,0.0,1738022400000
tank_0364,2.8627450980392157,1738022400000
tank_0366,12.533333333333333,1738022400000
tank_0369,2.0,1738022400000
tank_0375,0.0,1738022400000
tank_0379,4.996078431372549,1738022400000
tank_0381,0.968627450980392,1738022400000
tank_0386,9.0,1738022400000
tank_0390,0.0,1738022400000
tank_0397,0.0,1738022400000
tank_0399,4.917647058823529,1738022400000
tank_0404,56.99607843137255,1738022400000
tank_0409,0.0,1738022400000
tank_0420,0.0,1738022400000
tank_0425,0.0,1738022400000
tank_0431,0.0,1738022400000
tank_0432,0.0,1738022400000
tank_0435,0.0,1738022400000
tank_0436,0.0,1738022400000
tank_0438,11.0,1738022400000
tank_0443,0.10196078431372549,1738022400000
tank_0444,0.0,1738022400000
tank_0447,55.71764705882354,1738022400000
tank_0448,0.0,1738022400000
tank_0449,0.0,1738022400000
tank_0455,20.964705882352945,1738022400000
tank_0460,1.7294117647058824,1738022400000
tank_0462,151.0,1738022400000
tank_0466,0.0,1738022400000
tank_0471,0.0,1738022400000
tank_0473,9.666666666666666,1738022400000
tank_0474,0.4980392156862745,1738022400000
tank_0481,5.239215686274511,1738022400000
tank_0485,0.0,1738022400000
tank_0489,0.0,1738022400000
tank_0491,0.0,1738022400000
tank_0494,0.0,1738022400000
tank_0497,0.0,1738022400000
tank_0498,0.596078431372549,1738022400000
tank_0502,0.0,1738022400000
tank_0505,0.0,1738022400000
tank_0509,0.0,1738022400000
tank_0512,323.3686274509804,1738022400000
tank_0514,0.0,1738022400000
tank_0515,0.0,1738022400000
tank_0521,21.0,1738022400000
tank_0524,0.0,1738022400000
tank_0526,44.0,1738022400000
tank_0533,0.0,1738022400000
tank_0534,0.0,1738022400000
tank_0536,0.0,1738022400000
tank_0537,0.0,1738022400000
tank_0541,1.5568627450980392,1738022400000
tank_0547,0.0,1738022400000
tank_0552,2.0,1738022400000
tank_0555,0.0,1738022400000
tank_0556,2.627450980392157,1738022400000
tank_0557,0.0,1738022400000
tank_0560,0.0,1738022400000
tank_0561,0.0,1738022400000
tank_0566,0.0,1738022400000
tank_0567,0.0,1738022400000
tank_0568,1.0,1738022400000
tank_0574,50.0,1738022400000
tank_0579,175.0,1738022400000
tank_0583,110.0,1738022400000
tank_0587,0.0,1738022400000
tank_0589,1.9490196078431372,1738022400000
tank_0590,77.0,1738022400000
tank_0592,0.0,1738022400000
tank_0593,0.0,1738022400000
tank_0595,0.0,1738022400000
tank_0600,15.1921568627451,1738022400000
tank_0604,0.0,1738022400000
tank_0606,22.733333333333334,1738022400000
tank_0607,5.580392156862746,1738022400000
tank_0608,762.0,1738022400000
tank_0610,2.0,1738022400000
tank_0611,0.0,1738022400000
tank_0612,4.0549019607843135,1738022400000
tank_0613,0.3686274509803922,1738022400000
tank_0619,0.0,1738022400000
tank_0626,0.0,1738022400000
tank_0627,0.0,1738022400000
tank_0628,0.0,1738022400000
tank_0632,0.0,1738022400000
tank_0633,0.0,1738022400000
tank_0639,2.0,1738022400000
tank_0640,0.0,1738022400000
tank_0641,0.0,1738022400000
tank_0643,30.498039215686276,1738022400000
tank_0646,0.0,1738022400000
tank_0663,0.0,1738022400000
tank_0664,0.0,1738022400000
tank_0666,0.0,1738022400000
tank_0667,0.0,1738022400000
tank_0670,9.0,1738022400000
tank_0675,0.0,1738022400000
tank_0676,587.0,1738022400000
tank_0678,3.0,1738022400000
tank_0681,0.0,1738022400000
tank_0687,0.0,1738022400000
tank_0688,241.0,1738022400000
tank_0697,0.0,1738022400000
tank_0720,10.862745098039216,1738022400000
tank_0722,0.0,1738022400000
tank_0724,0.6352941176470588,1738022400000
tank_0725,13.0,1738022400000
tank_0728,0.0,1738022400000
tank_0730,0.0,1738022400000
tank_0731,550.0,1738022400000
tank_0732,0.0,1738022400000
tank_0737,604.0,1738022400000
tank_0739,5.0,1738022400000
tank_0740,4.807843137254903,1738022400000
tank_0746,0.0,1738022400000
tank_0748,0.011764705882352941,1738022400000
tank_0749,3.0,1738022400000
tank_0752,1.0,1738022400000
tank_0760,0.0,1738022400000
tank_0770,6.8274509803921575,1738022400000
tank_0772,0.0,1738022400000
tank_0788,0.0,1738022400000
tank_0789,3.0,1738022400000
tank_0792,184.2823529411764,1738022400000
tank_0797,0.0,1738022400000
tank_0800,468.0,1738022400000
tank_0802,17.98039215686275,1738022400000
tank_0803,0.2627450980392157,1738022400000
tank_0808,0.12549019607843137,1738022400000
tank_0810,2.0,1738022400000
tank_0811,6.894117647058824,1738022400000
tank_0812,59.0,1738022400000
tank_0813,2.784313725490196,1738022400000
tank_0816,6.996078431372549,1738022400000
tank_0819,0.0,1738022400000
tank_0823,0.0,1738022400000
tank_0824,243.0,1738022400000
tank_0825,1.9294117647058824,1738022400000
tank_0828,38.97254901960784,1738022400000
tank_0829,70.9843137254902,1738022400000
tank_0830,22.0,1738022400000
tank_0831,1.0,1738022400000
tank_0844,0.0,1738022400000
tank_0852,53.305882352941175,1738022400000
tank_0855,71.0,1738022400000
tank_0856,742.0,1738022400000
tank_0860,7.0,1738022400000
tank_0861,0.0,1738022400000
tank_0872,29.0,1738022400000
tank_0875,424.4745098039216,1738022400000
tank_0879,147.99607843137255,1738022400000
tank_0885,0.0,1738022400000
tank_0891,4.0,1738022400000
tank_0894,1256.0,1738022400000
tank_0898,336.0,1738022400000
tank_0900,54.956862745098036,1738022400000
tank_0901,105.51372549019608,1738022400000
tank_0902,208.0,1738022400000
tank_0914,34.0,1738022400000
tank_0917,239.0,1738022400000
tank_0919,76.0,1738022400000
tank_0920,158.0,1738022400000
tank_0922,214.0,1738022400000
tank_0923,52.811764705882354,1738022400000
tank_0924,4.0,1738022400000
tank_0926,1.0,1738022400000
tank_0927,3.227450980392157,1738022400000
tank_0928,75.0,1738022400000
tank_0930,120.0,1738022400000
tank_0931,212.0,1738022400000
tank_0933,0.0,1738022400000
tank_0934,0.0,1738022400000
tank_0937,0.0,1738022400000
tank_0938,0.0,1738022400000
tank_0939,0.4549019607843137,1738022400000
tank_0944,106.9921568627451,1738022400000
tank_0946,2.0,1738022400000
tank_0952,18.0,1738022400000
tank_0958,0.0,1738022400000
tank_0962,1635.0,1738022400000
tank_0967,18.0,1738022400000
tank_0975,0.0,1738022400000
tank_0978,0.0,1738022400000
tank_0990,0.0,1738022400000
tank_0991,698.0,1738022400000
tank_0998,0.0,1738022400000
tank_0999,0.0,1738022400000
tank_1003,1123.9529411764706,1738022400000
tank_1004,9.980392156862745,1738022400000
tank_1014,384.0,1738022400000
tank_1026,227.0,1738022400000
tank_1031,32.0,1738022400000
tank_1032,18.44705882352941,1738022400000
tank_1034,0.0,1738022400000
tank_1042,40.956862745098036,1738022400000
tank_1045,17.0,1738022400000
tank_1049,107.0,1738022400000
tank_1055,4.176470588235294,1738022400000
tank_1061,26.976470588235294,1738022400000
tank_1062,4.294117647058823,1738022400000
tank_1064,1.0,1738022400000
tank_1065,12.647058823529411,1738022400000
tank_1066,2.0,1738022400000
tank_1070,129.0,1738022400000
tank_1073,48.0,1738022400000
tank_1083,0.0,1738022400000
tank_1086,0.0,1738022400000
tank_1088,12.35686274509804,1738022400000
tank_1089,25.8,1738022400000
tank_1090,194.17254901960786,1738022400000
tank_1091,0.0,1738022400000
tank_1094,1664.0,1738022400000
tank_1095,6.0,1738022400000
tank_1104,0.0,1738022400000
tank_1113,20.0,1738022400000
tank_1116,0.0,1738022400000
tank_1117,0.0,1738022400000
tank_1120,157.0,1738022400000
tank_1121,432.0,1738022400000
tank_1124,34.84313725490196,1738022400000
tank_1128,52.0,1738022400000
tank_1134,1.5529411764705883,1738022400000
tank_1135,72.0627450980392,1738022400000
tank_1146,4.0,1738022400000
tank_1149,4.207843137254902,1738022400000
tank_1156,0.0,1738022400000
tank_1157,14.486274509803923,1738022400000
tank_1159,353.0,1738022400000
tank_1160,568.0,1738022400000
tank_1166,0.0,1738022400000
tank_1170,21.12549019607843,1738022400000
tank_1175,0.0,1738022400000
tank_1177,1.5019607843137255,1738022400000
tank_1179,12.623529411764705,1738022400000
tank_1181,174.75294117647059,1738022400000
tank_1186,0.0,1738022400000
tank_1187,18.654901960784315,1738022400000
tank_1190,0.0,1738022400000
tank_1192,18.0,1738022400000
tank_1196,13.423529411764704,1738022400000
tank_1197,1382.0,1738022400000
tank_1201,0.0,1738022400000
tank_1203,7.509803921568627,1738022400000
tank_1205,166.0,1738022400000
tank_1209,870.0,1738022400000
tank_1217,0.0,1738022400000
tank_1223,1.0,1738022400000
tank_1226,177.28235294117647,1738022400000
tank_1228,760.0,1738022400000
tank_1230,0.0,1738022400000
tank_1237,41.0,1738022400000
tank_1239,639.0,1738022400000
tank_1245,0.0,1738022400000
tank_1246,141.0,1738022400000
tank_1250,0.0,1738022400000
tank_1254,244.0,1738022400000
tank_1255,21.003921568627447,1738022400000
tank_1258,226.0,1738022400000
tank_1261,0.0,1738022400000
tank_1262,0.0,1738022400000
tank_1263,34.0,1738022400000
tank_1265,73.0,1738022400000
tank_1270,26.854901960784314,1738022400000
tank_1272,15.870588235294118,1738022400000
tank_1275,0.0,1738022400000
tank_1276,147.0,1738022400000
tank_1279,28.658823529411766,1738022400000
tank_1280,1.1333333333333333,1738022400000
tank_1284,0.0,1738022400000
tank_1285,14.721568627450981,1738022400000
tank_1286,174.04705882352943,1738022400000
tank_1290,24.0,1738022400000
tank_1291,0.0,1738022400000
tank_1293,67.0,1738022400000
tank_1295,2.0,1738022400000
tank_1297,48.0,1738022400000
tank_1301,128.0,1738022400000
tank_1302,60.0,1738022400000
tank_1304,1.8,1738022400000
tank_1305,129.52941176470586,1738022400000
tank_1313,1275.0,1738022400000
tank_1322,0.0,1738022400000
tank_1325,212.99607843137255,1738022400000
tank_1326,0.0,1738022400000
tank_1344,0.0,1738022400000
tank_1346,7.325490196078432,1738022400000
tank_1349,0.0,1738022400000
tank_1353,1087.0,1738022400000
tank_1358,0.0,1738022400000
tank_1359,0.0,1738022400000
tank_1361,927.0,1738022400000
tank_1364,1337.0,1738022400000
tank_1365,0.0,1738022400000
tank_1372,147.13725490196077,1738022400000
tank_1374,121.0,1738022400000
tank_1378,491.8666666666667,1738022400000
tank_1380,27.0,1738022400000
tank_1386,505.0,1738022400000
tank_1391,25.0,1738022400000
tank_1393,0.0,1738022400000
tank_1396,124.0,1738022400000
tank_1397,0.0,1738022400000
tank_1403,0.0,1738022400000
tank_1409,122.0,1738022400000
tank_1412,18.537254901960786,1738022400000
tank_1415,0.0,1738022400000
tank_1416,39.30980392156863,1738022400000
tank_1421,445.0,1738022400000
tank_1422,0.0,1738022400000
tank_1425,247.0,1738022400000
tank_1426,101.63137254901962,1738022400000
tank_1430,0.0,1738022400000
tank_1433,435.0,1738022400000
tank_1438,0.0,1738022400000
tank_1439,13.0,1738022400000
tank_1441,0.0,1738022400000
tank_1443,0.0,1738022400000
tank_1445,7.0,1738022400000
tank_1446,22.92156862745098,1738022400000
tank_1450,0.0,1738022400000
tank_1452,0.0,1738022400000
tank_1456,0.0,1738022400000
tank_1466,2.0,1738022400000
tank_1471,0.0,1738022400000
tank_1475,467.0,1738022400000
tank_1486,1049.0,1738022400000
tank_1488,154.0,1738022400000
tank_1491,0.0,1738022400000
tank_1500,5.0,1738022400000
tank_1505,530.0,1738022400000
tank_1513,143.0,1738022400000
tank_1531,0.0,1738022400000
tank_1536,0.0,1738022400000
tank_1539,86.0,1738022400000
tank_1541,112.26666666666667,1738022400000
tank_1542,0.0,1738022400000
tank_1547,418.0,1738022400000
tank_1563,14.24705882352941,1738022400000
tank_1564,0.0,1738022400000
tank_1565,1364.0,1738022400000
tank_1567,2.0,1738022400000
tank_1568,0.0,1738022400000
tank_1573,257.0235294117647,1738022400000
tank_1583,0.0,1738022400000
tank_1587,542.0,1738022400000
tank_1588,2.0,1738022400000
tank_1592,0.0,1738022400000
tank_1594,69.0,1738022400000
tank_1595,0.0,1738022400000
tank_1597,0.0,1738022400000
tank_1598,26.32156862745098,1738022400000
tank_1600,6.643137254901961,1738022400000
tank_1604,0.0,1738022400000
tank_0002,0.054901960784313725,1739059200000
tank_0004,0.0,1739059200000
tank_0005,0.0,1739059200000
tank_0011,0.0,1739059200000
tank_0014,12.0,1739059200000
tank_0019,0.0,1739059200000
tank_0024,3.407843137254902,1739059200000
tank_0025,0.6039215686274509,1739059200000
tank_0026,0.0,1739059200000
tank_0027,1.0,1739059200000
tank_0030,3.019607843137255,1739059200000
tank_0031,102.2392156862745,1739059200000
tank_0036,9.470588235294118,1739059200000
tank_0037,12.721568627450981,1739059200000
tank_0038,20.188235294117646,1739059200000
tank_0050,1.9294117647058824,1739059200000
tank_0051,1.0,1739059200000
tank_0052,0.2,1739059200000
tank_0053,29.858823529411758,1739059200000
tank_0055,0.0,1739059200000
tank_0057,0.0,1739059200000
tank_0058,0.0,1739059200000
tank_0064,54.0,1739059200000
tank_0069,136.82745098039214,1739059200000
tank_0072,0.0,1739059200000
tank_0073,0.0,1739059200000
tank_0080,23.0,1739059200000
tank_0094,0.0,1739059200000
tank_0107,0.0784313725490196,1739059200000
tank_0110,20.54901960784314,1739059200000
tank_0113,5.258823529411765,1739059200000
tank_0115,0.0,1739059200000
tank_0116,1.2666666666666666,1739059200000
tank_0117,117.0,1739059200000
tank_0118,0.0,1739059200000
tank_0122,1.0,1739059200000
tank_0125,14.172549019607843,1739059200000
tank_0130,0.0,1739059200000
tank_0131,0.0,1739059200000
tank_0132,0.0,1739059200000
tank_0134,5.129411764705882,1739059200000
tank_0135,0.2196078431372549,1739059200000
tank_0142,5.294117647058823,1739059200000
tank_0143,0.0,1739059200000
tank_0144,0.0,1739059200000
tank_0148,6.9411764705882355,1739059200000
tank_0153,26.0,1739059200000
tank_0156,53.254901960784316,1739059200000
tank_0159,0.0,1739059200000
tank_0165,6.407843137254902,1739059200000
tank_0171,0.0,1739059200000
tank_0172,2.0,1739059200000
tank_0174,36.72941176470588,1739059200000
tank_0176,3.0,1739059200000
tank_0184,0.6235294117647059,1739059200000
tank_0187,2.0,1739059200000
tank_0190,11.50980392156863,1739059200000
tank_0192,0.0,1739059200000
tank_0193,0.0,1739059200000
tank_0195,57.59607843137255,1739059200000
tank_0199,5.027450980392157,1739059200000
tank_0204,3.0,1739059200000
tank_0205,0.0,1739059200000
tank_0207,0.0,1739059200000
tank_0209,0.0,1739059200000
tank_0213,0.0,1739059200000
tank_0217,1.4980392156862745,1739059200000
tank_0220,0.0,1739059200000
tank_0221,24.92156862745098,1739059200000
tank_0225,0.0,1739059200000
tank_0226,6.0,1739059200000
tank_0228,0.0,1739059200000
tank_0229,0.0,1739059200000
tank_0231,0.0,1739059200000
tank_0233,9.0,1739059200000
tank_0236,0.0,1739059200000
tank_0237,0.0,1739059200000
tank_0240,0.0,1739059200000
tank_0242,13.807843137254903,1739059200000
tank_0245,4.207843137254902,1739059200000
tank_0247,173.0,1739059200000
tank_0256,0.9490196078431372,1739059200000
tank_0257,3.8666666666666667,1739059200000
tank_0260,2.3019607843137253,1739059200000
tank_0261,0.0,1739059200000
tank_0264,0.0,1739059200000
tank_0273,348.0,1739059200000
tank_0276,0.0,1739059200000
tank_0278,7.192156862745098,1739059200000
tank_0280,0.0,1739059200000
tank_0291,0.0,1739059200000
tank_0292,3.231372549019608,1739059200000
tank_0296,0.0,1739059200000
tank_0297,6.0,1739059200000
tank_0299,3.411764705882353,1739059200000
tank_0300,15.749019607843136,1739059200000
tank_0301,5.964705882352941,1739059200000
tank_0307,12.0,1739059200000
tank_0309,7.925490196078432,1739059200000
tank_0313,0.0,1739059200000
tank_0314,0.0,1739059200000
tank_0319,2.0,1739059200000
tank_0321,2.0,1739059200000
tank_0327,0.0,1739059200000
tank_0337,8.015686274509804,1739059200000
tank_0338,10.0,1739059200000
tank_0339,30.44705882352941,1739059200000
tank_0342,19.75686274509804,1739059200000
tank_0345,1.0,1739059200000
tank_0346,0.0,1739059200000
tank_0349,232.0,1739059200000
tank_0350,0.0,1739059200000
tank_0353,26.145098039215686,1739059200000
tank_0356,0.0,1739059200000
tank_0360,0.0,1739059200000
tank_0361,11.215686274509803,1739059200000
tank_0362,0.0,1739059200000
tank_0364,0.0,1739059200000
tank_0366,12.47843137254902,1739059200000
tank_0369,0.0,1739059200000
tank_0375,0.0,1739059200000
tank_0379,14.56078431372549,1739059200000
tank_0381,0.0,1739059200000
tank_0386,3.0,1739059200000
tank_0390,6.0,1739059200000
tank_0397,3.4470588235294115,1739059200000
tank_0399,0.0,1739059200000
tank_0404,47.0,1739059200000
tank_0409,3.203921568627451,1739059200000
tank_0420,0.0,1739059200000
tank_0425,0.0,1739059200000
tank_0431,0.0,1739059200000
tank_0432,0.0,1739059200000
tank_0435,0.0,1739059200000
tank_0436,0.0,1739059200000
tank_0438,7.0,1739059200000
tank_0443,0.0,1739059200000
tank_0444,0.0,1739059200000
tank_0447,92.8941176470588,1739059200000
tank_0448,0.0,1739059200000
tank_0449,1.619607843137255,1739059200000
tank_0455,5.196078431372548,1739059200000
tank_0460,5.694117647058823,1739059200000
tank_0462,135.0,1739059200000
tank_0466,0.0,1739059200000
tank_0471,1.1254901960784314,1739059200000
tank_0473,17.690196078431374,1739059200000
tank_0474,0.0,1739059200000
tank_0481,19.215686274509803,1739059200000
tank_0485,0.0,1739059200000
tank_0489,0.0,1739059200000
tank_0491,0.0,1739059200000
tank_0494,0.0,1739059200000
tank_0497,1.6549019607843136,1739059200000
tank_0498,2.329411764705882,1739059200000
tank_0502,0.0,1739059200000
tank_0505,0.0,1739059200000
tank_0509,0.0,1739059200000
tank_0512,331.7098039215686,1739059200000
tank_0514,0.0,1739059200000
tank_0515,1.7529411764705882,1739059200000
tank_0521,15.0,1739059200000
tank_0524,0.0,1739059200000
tank_0526,37.0,1739059200000
tank_0533,2.9176470588235293,1739059200000
tank_0534,0.0,1739059200000
tank_0536,0.0,1739059200000
tank_0537,0.0,1739059200000
tank_0541,7.392156862745098,1739059200000
tank_0547,0.0,1739059200000
tank_0552,1.0,1739059200000
tank_0555,0.0,1739059200000
tank_0556,2.6392156862745098,1739059200000
tank_0557,0.0,1739059200000
tank_0560,3.7529411764705882,1739059200000
tank_0561,5.0,1739059200000
tank_0566,0.0,1739059200000
tank_0567,0.0,1739059200000
tank_0568,6.435294117647058,1739059200000
tank_0574,46.0,1739059200000
tank_0579,188.0,1739059200000
tank_0583,138.0,1739059200000
tank_0587,0.0,1739059200000
tank_0589,0.8862745098039215,1739059200000
tank_0590,31.0,1739059200000
tank_0592,0.0,1739059200000
tank_0593,0.0,1739059200000
tank_0595,0.0,1739059200000
tank_0600,6.192156862745098,1739059200000
tank_0604,0.0,1739059200000
tank_0606,18.858823529411765,1739059200000
tank_0607,1.7490196078431373,1739059200000
tank_0608,717.0,1739059200000
tank_0610,0.0,1739059200000
tank_0611,0.0,1739059200000
tank_0612,3.011764705882353,1739059200000
tank_0613,1.384313725490196,1739059200000
tank_0619,0.0,1739059200000
tank_0626,0.0,1739059200000
tank_0627,0.0,1739059200000
tank_0628,0.0,1739059200000
tank_0632,0.0,1739059200000
tank_0633,0.0,1739059200000
tank_0639,4.988235294117647,1739059200000
tank_0640,0.0,1739059200000
tank_0641,0.0,1739059200000
tank_0643,21.01960784313726,1739059200000
tank_0646,0.0,1739059200000
tank_0663,0.050980392156862744,1739059200000
tank_0664,0.0,1739059200000
tank_0666,0.0,1739059200000
tank_0667,0.0,1739059200000
tank_0670,5.0,1739059200000
tank_0675,0.0,1739059200000
tank_0676,616.0,1739059200000
tank_0678,4.0,1739059200000
tank_0681,0.0,1739059200000
tank_0687,0.0,1739059200000
tank_0688,321.0,1739059200000
tank_0697,0.0,1739059200000
tank_0720,8.0,1739059200000
tank_0722,10.623529411764705,1739059200000
tank_0724,5.0,1739059200000
tank_0725,8.0,1739059200000
tank_0728,0.0,1739059200000
tank_0730,0.0,1739059200000
tank_0731,861.0,1739059200000
tank_0732,1.0588235294117647,1739059200000
tank_0737,574.0,1739059200000
tank_0739,0.0,1739059200000
tank_0740,8.36078431372549,1739059200000
tank_0746,0.0,1739059200000
tank_0748,0.0,1739059200000
tank_0749,30.95294117647059,1739059200000
tank_0752,4.870588235294118,1739059200000
tank_0760,0.0,1739059200000
tank_0770,12.35686274509804,1739059200000
tank_0772,0.0,1739059200000
tank_0788,0.0,1739059200000
tank_0789,8.0,1739059200000
tank_0792,174.49019607843135,1739059200000
tank_0797,0.0,1739059200000
tank_0800,469.0,1739059200000
tank_0802,14.86274509803922,1739059200000
tank_0803,1.0,1739059200000
tank_0808,0.0,1739059200000
tank_0810,7.0,1739059200000
tank_0811,13.305882352941175,1739059200000
tank_0812,51.0,1739059200000
tank_0813,2.0,1739059200000
tank_0816,0.0,1739059200000
tank_0819,1.0,1739059200000
tank_0823,0.0,1739059200000
tank_0824,259.0,1739059200000
tank_0825,3.9294117647058826,1739059200000
tank_0828,33.0,1739059200000
tank_0829,64.9843137254902,1739059200000
tank_0830,11.0,1739059200000
tank_0831,11.95686274509804,1739059200000
tank_0844,0.0,1739059200000
tank_0852,55.58039215686274,1739059200000
tank_0855,71.0,1739059200000
tank_0856,593.0,1739059200000
tank_0860,7.0,1739059200000
tank_0861,0.0,1739059200000
tank_0872,30.0,1739059200000
tank_0875,400.4627450980392,1739059200000
tank_0879,66.78039215686275,1739059200000
tank_0885,0.0,1739059200000
tank_0891,2.0,1739059200000
tank_0894,1271.0,1739059200000
tank_0898,331.0,1739059200000
tank_0900,47.529411764705884,1739059200000
tank_0901,94.82745098039216,1739059200000
tank_0902,192.0,1739059200000
tank_0914,27.0,1739059200000
tank_0917,301.0,1739059200000
tank_0919,66.0,1739059200000
tank_0920,106.59607843137255,1739059200000
tank_0922,185.0,1739059200000
tank_0923,51.43921568627451,1739059200000
tank_0924,0.7254901960784313,1739059200000
tank_0926,1.9333333333333333,1739059200000
tank_0927,1.8549019607843138,1739059200000
tank_0928,76.40392156862745,1739059200000
tank_0930,114.0,1739059200000
tank_0931,183.0,1739059200000
tank_0933,0.0,1739059200000
tank_0934,0.0,1739059200000
tank_0937,0.0,1739059200000
tank_0938,0.0,1739059200000
tank_0939,0.0,1739059200000
tank_0944,69.9921568627451,1739059200000
tank_0946,6.0,1739059200000
tank_0952,13.0,1739059200000
tank_0958,0.0,1739059200000
tank_0962,1507.0,1739059200000
tank_0967,11.0,1739059200000
tank_0975,0.0,1739059200000
tank_0978,7.682352941176471,1739059200000
tank_0990,0.0,1739059200000
tank_0991,619.0,1739059200000
tank_0998,0.0,1739059200000
tank_0999,0.0,1739059200000
tank_1003,898.0,1739059200000
tank_1004,8.0,1739059200000
tank_1014,379.0,1739059200000
tank_1026,219.0,1739059200000
tank_1031,26.0,1739059200000
tank_1032,17.643137254901962,1739059200000
tank_1034,1.0,1739059200000
tank_1042,48.0,1739059200000
tank_1045,8.0,1739059200000
tank_1049,100.0,1739059200000
tank_1055,8.019607843137255,1739059200000
tank_1061,29.54901960784314,1739059200000
tank_1062,2.0,1739059200000
tank_1064,0.0,1739059200000
tank_1065,5.827450980392157,1739059200000
tank_1066,0.0,1739059200000
tank_1070,138.0,1739059200000
tank_1073,47.0,1739059200000
tank_1083,0.0,1739059200000
tank_1086,4.0,1739059200000
tank_1088,3.1176470588235294,1739059200000
tank_1089,21.0,1739059200000
tank_1090,182.61176470588236,1739059200000
tank_1091,0.0,1739059200000
tank_1094,1709.9803921568628,1739059200000
tank_1095,3.0,1739059200000
tank_1104,1.4588235294117646,1739059200000
tank_1113,33.0,1739059200000
tank_1116,0.8274509803921568,1739059200000
tank_1117,0.0,1739059200000
tank_1120,141.0,1739059200000
tank_1121,351.0,1739059200000
tank_1124,35.72941176470588,1739059200000
tank_1128,38.0,1739059200000
tank_1134,1.1764705882352942,1739059200000
tank_1135,79.8156862745098,1739059200000
tank_1146,4.0,1739059200000
tank_1149,5.654901960784314,1739059200000
tank_1156,0.0,1739059200000
tank_1157,14.486274509803923,1739059200000
tank_1159,335.0,1739059200000
tank_1160,592.0,1739059200000
tank_1166,0.25098039215686274,1739059200000
tank_1170,20.454901960784312,1739059200000
tank_1175,0.0,1739059200000
tank_1177,1.0,1739059200000
tank_1179,7.0,1739059200000
tank_1181,156.82745098039214,1739059200000
tank_1186,0.0,1739059200000
tank_1187,23.43137254901961,1739059200000
tank_1190,1.231372549019608,1739059200000
tank_1192,14.0,1739059200000
tank_1196,6.231372549019608,1739059200000
tank_1197,994.0,1739059200000
tank_1201,0.0,1739059200000
tank_1203,8.905882352941177,1739059200000
tank_1205,335.0,1739059200000
tank_1209,870.0,1739059200000
tank_1217,0.0,1739059200000
tank_1223,7.9450980392156865,1739059200000
tank_1226,199.29411764705887,1739059200000
tank_1228,871.0,1739059200000
tank_1230,0.0,1739059200000
tank_1237,40.95294117647059,1739059200000
tank_1239,711.7764705882353,1739059200000
tank_1245,0.0,1739059200000
tank_1246,163.0,1739059200000
tank_1250,0.0,1739059200000
tank_1254,146.0,1739059200000
tank_1255,13.03921568627451,1739059200000
tank_1258,220.0,1739059200000
tank_1261,0.0,1739059200000
tank_1262,0.0,1739059200000
tank_1263,29.0,1739059200000
tank_1265,66.0,1739059200000
tank_1270,54.17254901960784,1739059200000
tank_1272,9.996078431372549,1739059200000
tank_1275,0.0,1739059200000
tank_1276,126.95294117647059,1739059200000
tank_1279,30.741176470588236,1739059200000
tank_1280,2.0509803921568626,1739059200000
tank_1284,0.0,1739059200000
tank_1285,9.231372549019607,1739059200000
tank_1286,235.20784313725488,1739059200000
tank_1290,52.91372549019608,1739059200000
tank_1291,0.0,1739059200000
tank_1293,53.0,1739059200000
tank_1295,0.0,1739059200000
tank_1297,50.0,1739059200000
tank_1301,107.0,1739059200000
tank_1302,50.498039215686276,1739059200000
tank_1304,1.7450980392156863,1739059200000
tank_1305,110.87450980392157,1739059200000
tank_1313,1276.0,1739059200000
tank_1322,0.0,1739059200000
tank_1325,192.99607843137255,1739059200000
tank_1326,0.0,1739059200000
tank_1344,0.0,1739059200000
tank_1346,14.760784313725491,1739059200000
tank_1349,1.0,1739059200000
tank_1353,1232.0,1739059200000
tank_1358,0.0,1739059200000
tank_1359,0.0,1739059200000
tank_1361,934.0,1739059200000
tank_1364,1474.9098039215687,1739059200000
tank_1365,0.0,1739059200000
tank_1372,178.69019607843137,1739059200000
tank_1374,119.0,1739059200000
tank_1378,523.0,1739059200000
tank_1380,21.0,1739059200000
tank_1386,525.9843137254902,1739059200000
tank_1391,16.0,1739059200000
tank_1393,0.0,1739059200000
tank_1396,104.0,1739059200000
tank_1397,0.0,1739059200000
tank_1403,0.0,1739059200000
tank_1409,49.0,1739059200000
tank_1412,4.0,1739059200000
tank_1415,0.0,1739059200000
tank_1416,43.635294117647064,1739059200000
tank_1421,414.9686274509804,1739059200000
tank_1422,0.0,1739059200000
tank_1425,194.0,1739059200000
tank_1426,93.25490196078431,1739059200000
tank_1430,0.0,1739059200000
tank_1433,461.0,1739059200000
tank_1438,0.0,1739059200000
tank_1439,14.0,1739059200000
tank_1441,0.0,1739059200000
tank_1443,0.0,1739059200000
tank_1445,0.0,1739059200000
tank_1446,17.0,1739059200000
tank_1450,0.0,1739059200000
tank_1452,0.0,1739059200000
tank_1456,0.0,1739059200000
tank_1466,1.0,1739059200000
tank_1471,0.0,1739059200000
tank_1475,201.0,1739059200000
tank_1486,492.0,1739059200000
tank_1488,141.0,1739059200000
tank_1491,0.0,1739059200000
tank_1500,0.0,1739059200000
tank_1505,437.0,1739059200000
tank_1513,23.0,1739059200000
tank_1531,0.0,1739059200000
tank_1536,96.01176470588236,1739059200000
tank_1539,187.0,1739059200000
tank_1541,107.0,1739059200000
tank_1542,0.0,1739059200000
tank_1547,386.4588235294118,1739059200000
tank_1563,6.0,1739059200000
tank_1564,1.4666666666666666,1739059200000
tank_1565,1714.0,1739059200000
tank_1567,0.0,1739059200000
tank_1568,22.0,1739059200000
tank_1573,218.71372549019608,1739059200000
tank_1583,0.0,1739059200000
tank_1587,535.0,1739059200000
tank_1588,0.0,1739059200000
tank_1592,0.0,1739059200000
tank_1594,65.0,1739059200000
tank_1595,0.0,1739059200000
tank_1597,0.0,1739059200000
tank_1598,39.043137254901964,1739059200000
tank_1600,10.909803921568628,1739059200000
tank_1604,0.0,1739059200000
tank_0002,0.0,1740096000000
tank_0004,0.0,1740096000000
tank_0005,0.0,1740096000000
tank_0011,0.0,1740096000000
tank_0014,11.56078431372549,1740096000000
tank_0019,0.0,1740096000000
tank_0024,1.2627450980392156,1740096000000
tank_0025,2.6470588235294117,1740096000000
tank_0026,4.0,1740096000000
tank_0027,0.0,1740096000000
tank_0030,4.670588235294118,1740096000000
tank_0031,86.38039215686274,1740096000000
tank_0036,1.8509803921568628,1740096000000
tank_0037,4.898039215686275,1740096000000
tank_0038,17.04313725490196,1740096000000
tank_0050,2.0,1740096000000
tank_0051,0.0,1740096000000
tank_0052,3.0,1740096000000
tank_0053,32.117647058823536,1740096000000
tank_0055,0.0,1740096000000
tank_0057,0.0,1740096000000
tank_0058,0.0,1740096000000
tank_0064,49.0,1740096000000
tank_0069,128.25098039215686,1740096000000
tank_0072,0.0,1740096000000
tank_0073,0.0,1740096000000
tank_0080,20.0,1740096000000
tank_0094,0.0,1740096000000
tank_0107,2.7529411764705882,1740096000000
tank_0110,24.38823529411765,1740096000000
tank_0113,6.525490196078431,1740096000000
tank_0115,0.0,1740096000000
tank_0116,0.0,1740096000000
tank_0117,117.0,1740096000000
tank_0118,0.0,1740096000000
tank_0122,0.0,1740096000000
tank_0125,4.513725490196078,1740096000000
tank_0130,0.0,1740096000000
tank_0131,0.0,1740096000000
tank_0132,0.0,1740096000000
tank_0134,0.0,1740096000000
tank_0135,3.0,1740096000000
tank_0142,26.811764705882357,1740096000000
tank_0143,0.0,1740096000000
tank_0144,0.0,1740096000000
tank_0148,12.639215686274511,1740096000000
tank_0153,18.0,1740096000000
tank_0156,48.27450980392157,1740096000000
tank_0159,0.0,1740096000000
tank_0165,3.0941176470588236,1740096000000
tank_0171,0.0,1740096000000
tank_0172,5.0,1740096000000
tank_0174,22.949019607843134,1740096000000
tank_0176,2.0,1740096000000
tank_0184,1.0,1740096000000
tank_0187,0.0,1740096000000
tank_0190,7.6156862745098035,1740096000000
tank_0192,0.0,1740096000000
tank_0193,0.0,1740096000000
tank_0195,60.29019607843138,1740096000000
tank_0199,0.0,1740096000000
tank_0204,1.0,1740096000000
tank_0205,0.0,1740096000000
tank_0207,0.0,1740096000000
tank_0209,0.0,1740096000000
tank_0213,0.0,1740096000000
tank_0217,5.0,1740096000000
tank_0220,0.0,1740096000000
tank_0221,31.490196078431374,1740096000000
tank_0225,0.0,1740096000000
tank_0226,5.0,1740096000000
tank_0228,0.0,1740096000000
tank_0229,0.0,1740096000000
tank_0231,1.2588235294117647,1740096000000
tank_0233,10.0,1740096000000
tank_0236,0.0,1740096000000
tank_0237,0.0,1740096000000
tank_0240,0.0,1740096000000
tank_0242,0.0,1740096000000
tank_0245,2.4980392156862745,1740096000000
tank_0247,96.0,1740096000000
tank_0256,4.247058823529412,1740096000000
tank_0257,7.074509803921569,1740096000000
tank_0260,1.7490196078431373,1740096000000
tank_0261,0.0,1740096000000
tank_0264,0.0,1740096000000
tank_0273,328.0,1740096000000
tank_0276,0.0,1740096000000
tank_0278,3.0,1740096000000
tank_0280,0.0,1740096000000
tank_0291,0.0,1740096000000
tank_0292,2.0,1740096000000
tank_0296,0.0,1740096000000
tank_0297,4.0627450980392155,1740096000000
tank_0299,3.23921568627451,1740096000000
tank_0300,15.831372549019608,1740096000000
tank_0301,5.145098039215687,1740096000000
tank_0307,5.0,1740096000000
tank_0309,5.0,1740096000000
tank_0313,0.0,1740096000000
tank_0314,0.0,1740096000000
tank_0319,3.0,1740096000000
tank_0321,0.0,1740096000000
tank_0327,0.0,1740096000000
tank_0337,3.0823529411764707,1740096000000
tank_0338,14.619607843137254,1740096000000
tank_0339,26.86274509803922,1740096000000
tank_0342,14.32549019607843,1740096000000
tank_0345,2.0,1740096000000
tank_0346,0.0,1740096000000
tank_0349,211.0,1740096000000
tank_0350,0.0,1740096000000
tank_0353,28.92156862745098,1740096000000
tank_0356,0.0,1740096000000
tank_0360,0.0,1740096000000
tank_0361,16.4078431372549,1740096000000
tank_0362,0.0,1740096000000
tank_0364,0.6392156862745098,1740096000000
tank_0366,3.0,1740096000000
tank_0369,0.0,1740096000000
tank_0375,0.0,1740096000000
tank_0379,0.4980392156862745,1740096000000
tank_0381,1.5647058823529412,1740096000000
tank_0386,0.0,1740096000000
tank_0390,0.0,1740096000000
tank_0397,1.1490196078431372,1740096000000
tank_0399,0.0,1740096000000
tank_0404,89.87450980392157,1740096000000
tank_0409,2.0,1740096000000
tank_0420,0.12549019607843137,1740096000000
tank_0425,0.6431372549019608,1740096000000
tank_0431,0.0,1740096000000
tank_0432,2.2509803921568627,1740096000000
tank_0435,0.0,1740096000000
tank_0436,0.0,1740096000000
tank_0438,9.0,1740096000000
tank_0443,0.0,1740096000000
tank_0444,0.0,1740096000000
tank_0447,70.16470588235295,1740096000000
tank_0448,0.0,1740096000000
tank_0449,0.0,1740096000000
tank_0455,9.321568627450981,1740096000000
tank_0460,4.96470588235294,1740096000000
tank_0462,142.0,1740096000000
tank_0466,0.0,1740096000000
tank_0471,0.0,1740096000000
tank_0473,11.047058823529412,1740096000000
tank_0474,0.0,1740096000000
tank_0481,16.352941176470587,1740096000000
tank_0485,0.0,1740096000000
tank_0489,0.0,1740096000000
tank_0491,0.0,1740096000000
tank_0494,0.0,1740096000000
tank_0497,0.0,1740096000000
tank_0498,0.4588235294117647,1740096000000
tank_0502,0.0,1740096000000
tank_0505,0.0,1740096000000
tank_0509,0.0,1740096000000
tank_0512,296.0,1740096000000
tank_0514,0.0,1740096000000
tank_0515,5.137254901960784,1740096000000
tank_0521,0.0,1740096000000
tank_0524,0.0,1740096000000
tank_0526,30.0,1740096000000
tank_0533,4.262745098039216,1740096000000
tank_0534,0.0,1740096000000
tank_0536,0.0,1740096000000
tank_0537,0.0,1740096000000
tank_0541,5.0,1740096000000
tank_0547,0.0,1740096000000
tank_0552,2.0,1740096000000
tank_0555,0.0,1740096000000
tank_0556,3.152941176470588,1740096000000
tank_0557,0.0,1740096000000
tank_0560,4.992156862745098,1740096000000
tank_0561,0.0,1740096000000
tank_0566,0.0,1740096000000
tank_0567,0.0,1740096000000
tank_0568,5.439215686274509,1740096000000
tank_0574,40.0,1740096000000
tank_0579,171.0,1740096000000
tank_0583,121.0,1740096000000
tank_0587,0.0,1740096000000
tank_0589,0.0,1740096000000
tank_0590,10.0,1740096000000
tank_0592,0.0,1740096000000
tank_0593,0.0,1740096000000
tank_0595,0.0,1740096000000
tank_0600,14.67843137254902,1740096000000
tank_0604,0.0,1740096000000
tank_0606,42.19607843137255,1740096000000
tank_0607,4.682352941176471,1740096000000
tank_0608,708.0,1740096000000
tank_0610,5.776470588235294,1740096000000
tank_0611,0.0,1740096000000
tank_0612,3.5921568627450977,1740096000000
tank_0613,2.180392156862745,1740096000000
tank_0619,0.0,1740096000000
tank_0626,0.0,1740096000000
tank_0627,0.0,1740096000000
tank_0628,0.0,1740096000000
tank_0632,0.0,1740096000000
tank_0633,0.0,1740096000000
tank_0639,3.988235294117647,1740096000000
tank_0640,0.0,1740096000000
tank_0641,0.0,1740096000000
tank_0643,29.67450980392157,1740096000000
tank_0646,0.0,1740096000000
tank_0663,3.552941176470588,1740096000000
tank_0664,0.0,1740096000000
tank_0666,0.0,1740096000000
tank_0667,0.0,1740096000000
tank_0670,7.0,1740096000000
tank_0675,0.0,1740096000000
tank_0676,593.0,1740096000000
tank_0678,0.0,1740096000000
tank_0681,0.0,1740096000000
tank_0687,0.0,1740096000000
tank_0688,323.0,1740096000000
tank_0697,0.0,1740096000000
tank_0720,10.0,1740096000000
tank_0722,0.0,1740096000000
tank_0724,1.0,1740096000000
tank_0725,4.0,1740096000000
tank_0728,0.0,1740096000000
tank_0730,0.0,1740096000000
tank_0731,848.0,1740096000000
tank_0732,0.2901960784313726,1740096000000
tank_0737,556.0,1740096000000
tank_0739,0.6980392156862745,1740096000000
tank_0740,2.5058823529411764,1740096000000
tank_0746,0.2,1740096000000
tank_0748,0.0,1740096000000
tank_0749,33.62352941176471,1740096000000
tank_0752,4.007843137254902,1740096000000
tank_0760,0.0,1740096000000
tank_0770,19.43529411764706,1740096000000
tank_0772,0.0,1740096000000
tank_0788,0.0,1740096000000
tank_0789,2.0,1740096000000
tank_0792,139.95294117647057,1740096000000
tank_0797,0.0,1740096000000
tank_0800,309.0,1740096000000
tank_0802,2.0,1740096000000
tank_0803,1.996078431372549,1740096000000
tank_0808,5.03921568627451,1740096000000
tank_0810,4.0,1740096000000
tank_0811,14.43529411764706,1740096000000
tank_0812,53.0,1740096000000
tank_0813,2.0,1740096000000
tank_0816,0.0,1740096000000
tank_0819,3.0,1740096000000
tank_0823,0.0,1740096000000
tank_0824,179.0,1740096000000
tank_0825,0.0,1740096000000
tank_0828,22.0,1740096000000
tank_0829,61.984313725490196,1740096000000
tank_0830,0.0,1740096000000
tank_0831,2.6666666666666665,1740096000000
tank_0844,0.0,1740096000000
tank_0852,49.529411764705884,1740096000000
tank_0855,61.0,1740096000000
tank_0856,751.0,1740096000000
tank_0860,3.23921568627451,1740096000000
tank_0861,0.0,1740096000000
tank_0872,30.0,1740096000000
tank_0875,399.4117647058824,1740096000000
tank_0879,26.784313725490197,1740096000000
tank_0885,0.0,1740096000000
tank_0891,0.0,1740096000000
tank_0894,1365.0,1740096000000
tank_0898,492.0,1740096000000
tank_0900,57.88627450980392,1740096000000
tank_0901,76.51372549019608,1740096000000
tank_0902,222.0,1740096000000
tank_0914,16.0,1740096000000
tank_0917,357.0,1740096000000
tank_0919,68.0,1740096000000
tank_0920,67.96470588235293,1740096000000
tank_0922,228.0,1740096000000
tank_0923,22.862745098039216,1740096000000
tank_0924,0.0,1740096000000
tank_0926,14.650980392156862,1740096000000
tank_0927,1.8549019607843138,1740096000000
tank_0928,70.4078431372549,1740096000000
tank_0930,97.0,1740096000000
tank_0931,110.0,1740096000000
tank_0933,0.0,1740096000000
tank_0934,0.0,1740096000000
tank_0937,0.0,1740096000000
tank_0938,1.0,1740096000000
tank_0939,0.0,1740096000000
tank_0944,113.9921568627451,1740096000000
tank_0946,5.709803921568628,1740096000000
tank_0952,4.0,1740096000000
tank_0958,0.0,1740096000000
tank_0962,1618.0,1740096000000
tank_0967,11.345098039215687,1740096000000
tank_0975,0.0,1740096000000
tank_0978,39.01568627450981,1740096000000
tank_0990,0.0,1740096000000
tank_0991,894.0,1740096000000
tank_0998,0.0,1740096000000
tank_0999,0.0,1740096000000
tank_1003,1042.0,1740096000000
tank_1004,9.968627450980392,1740096000000
tank_1014,274.0,1740096000000
tank_1026,221.0,1740096000000
tank_1031,0.0,1740096000000
tank_1032,15.196078431372548,1740096000000
tank_1034,0.0,1740096000000
tank_1042,48.0,1740096000000
tank_1045,3.0,1740096000000
tank_1049,102.0,1740096000000
tank_1055,1.9098039215686273,1740096000000
tank_1061,19.976470588235294,1740096000000
tank_1062,0.0,1740096000000
tank_1064,0.0,1740096000000
tank_1065,8.474509803921569,1740096000000
tank_1066,0.0,1740096000000
tank_1070,131.0,1740096000000
tank_1073,32.0,1740096000000
tank_1083,0.0,1740096000000
tank_1086,4.0,1740096000000
tank_1088,4.0,1740096000000
tank_1089,23.0,1740096000000
tank_1090,193.98823529411766,1740096000000
tank_1091,3.0,1740096000000
tank_1094,1626.9803921568628,1740096000000
tank_1095,6.3803921568627455,1740096000000
tank_1104,1.4980392156862745,1740096000000
tank_1113,41.0,1740096000000
tank_1116,0.0,1740096000000
tank_1117,0.0,1740096000000
tank_1120,438.2470588235294,1740096000000
tank_1121,591.8549019607843,1740096000000
tank_1124,39.26274509803921,1740096000000
tank_1128,52.0,1740096000000
tank_1134,0.047058823529411764,1740096000000
tank_1135,81.62745098039214,1740096000000
tank_1146,2.0,1740096000000
tank_1149,5.301960784313726,1740096000000
tank_1156,0.0,1740096000000
tank_1157,11.090196078431372,1740096000000
tank_1159,354.9529411764706,1740096000000
tank_1160,786.0,1740096000000
tank_1166,0.0196078431372549,1740096000000
tank_1170,6.066666666666666,1740096000000
tank_1175,0.0,1740096000000
tank_1177,0.0,1740096000000
tank_1179,9.0,1740096000000
tank_1181,139.89019607843136,1740096000000
tank_1186,96.0,1740096000000
tank_1187,42.85098039215686,1740096000000
tank_1190,0.0,1740096000000
tank_1192,5.0,1740096000000
tank_1196,0.0,1740096000000
tank_1197,1278.0,1740096000000
tank_1201,0.0,1740096000000
tank_1203,13.984313725490198,1740096000000
tank_1205,345.0,1740096000000
tank_1209,1171.0,1740096000000
tank_1217,0.0,1740096000000
tank_1223,8.0,1740096000000
tank_1226,176.97254901960787,1740096000000
tank_1228,813.0,1740096000000
tank_1230,0.0,1740096000000
tank_1237,37.45098039215686,1740096000000
tank_1239,620.0,1740096000000
tank_1245,0.0,1740096000000
tank_1246,138.0,1740096000000
tank_1250,0.0,1740096000000
tank_1254,432.0,1740096000000
tank_1255,26.50588235294118,1740096000000
tank_1258,184.0,1740096000000
tank_1261,0.0,1740096000000
tank_1262,0.0,1740096000000
tank_1263,18.0,1740096000000
tank_1265,60.0,1740096000000
tank_1270,66.5529411764706,1740096000000
tank_1272,6.996078431372549,1740096000000
tank_1275,0.0,1740096000000
tank_1276,136.95294117647057,1740096000000
tank_1279,26.682352941176468,1740096000000
tank_1280,0.8627450980392157,1740096000000
tank_1284,0.0,1740096000000
tank_1285,6.729411764705882,1740096000000
tank_1286,172.39607843137253,1740096000000
tank_1290,42.31764705882353,1740096000000
tank_1291,0.0,1740096000000
tank_1293,44.0,1740096000000
tank_1295,0.0,1740096000000
tank_1297,55.0,1740096000000
tank_1301,82.0,1740096000000
tank_1302,39.498039215686276,1740096000000
tank_1304,0.0,1740096000000
tank_1305,85.0,1740096000000
tank_1313,1212.0,1740096000000
tank_1322,0.0,1740096000000
tank_1325,222.99607843137255,1740096000000
tank_1326,0.0,1740096000000
tank_1344,0.0,1740096000000
tank_1346,13.60392156862745,1740096000000
tank_1349,0.0,1740096000000
tank_1353,1244.0,1740096000000
tank_1358,0.0,1740096000000
tank_1359,0.0,1740096000000
tank_1361,801.0,1740096000000
tank_1364,1128.0,1740096000000
tank_1365,0.0,1740096000000
tank_1372,102.0,1740096000000
tank_1374,98.0,1740096000000
tank_1378,499.0,1740096000000
tank_1380,12.0,1740096000000
tank_1386,450.9843137254902,1740096000000
tank_1391,18.0,1740096000000
tank_1393,0.0,1740096000000
tank_1396,92.0,1740096000000
tank_1397,0.0,1740096000000
tank_1403,0.0,1740096000000
tank_1409,63.0,1740096000000
tank_1412,3.0,1740096000000
tank_1415,0.0,1740096000000
tank_1416,38.35294117647059,1740096000000
tank_1421,423.0,1740096000000
tank_1422,0.0,1740096000000
tank_1425,197.0,1740096000000
tank_1426,61.91372549019608,1740096000000
tank_1430,0.0,1740096000000
tank_1433,417.0,1740096000000
tank_1438,1.0,1740096000000
tank_1439,13.0,1740096000000
tank_1441,0.0,1740096000000
tank_1443,0.0,1740096000000
tank_1445,2.1058823529411765,1740096000000
tank_1446,31.0,1740096000000
tank_1450,0.0,1740096000000
tank_1452,0.0,1740096000000
tank_1456,0.0,1740096000000
tank_1466,0.0,1740096000000
tank_1471,0.0,1740096000000
tank_1475,482.0,1740096000000
tank_1486,1003.0,1740096000000
tank_1488,132.9686274509804,1740096000000
tank_1491,0.0,1740096000000
tank_1500,0.0,1740096000000
tank_1505,509.0,1740096000000
tank_1513,91.0,1740096000000
tank_1531,0.0,1740096000000
tank_1536,90.67058823529412,1740096000000
tank_1539,198.0,1740096000000
tank_1541,110.0,1740096000000
tank_1542,0.0,1740096000000
tank_1547,336.0,1740096000000
tank_1563,4.0,1740096000000
tank_1564,0.0,1740096000000
tank_1565,1240.0,1740096000000
tank_1567,1.0,1740096000000
tank_1568,12.0,1740096000000
tank_1573,156.0,1740096000000
tank_1583,0.0,1740096000000
tank_1587,512.0,1740096000000
tank_1588,0.4980392156862745,1740096000000
tank_1592,0.0,1740096000000
tank_1594,52.0,1740096000000
tank_1595,0.0,1740096000000
tank_1597,0.0,1740096000000
tank_1598,25.717647058823527,1740096000000
tank_1600,7.7176470588235295,1740096000000
tank_1604,1.0,1740096000000
tank_0002,0.0,1741132800000
tank_0004,0.0,1741132800000
tank_0005,0.0,1741132800000
tank_0011,1.7098039215686274,1741132800000
tank_0014,25.435294117647057,1741132800000
tank_0019,0.0,1741132800000
tank_0024,7.298039215686274,1741132800000
tank_0025,1.6470588235294117,1741132800000
tank_0026,4.0,1741132800000
tank_0027,1.5215686274509803,1741132800000
tank_0030,2.8117647058823527,1741132800000
tank_0031,68.0,1741132800000
tank_0036,0.3254901960784314,1741132800000
tank_0037,3.0,1741132800000
tank_0038,25.360784313725496,1741132800000
tank_0050,4.831372549019607,1741132800000
tank_0051,0.0,1741132800000
tank_0052,19.498039215686276,1741132800000
tank_0053,39.98431372549019,1741132800000
tank_0055,0.0,1741132800000
tank_0057,0.0,1741132800000
tank_0058,1.0,1741132800000
tank_0064,48.180392156862744,1741132800000
tank_0069,122.33725490196079,1741132800000
tank_0072,0.0,1741132800000
tank_0073,0.0,1741132800000
tank_0080,18.0,1741132800000
tank_0094,0.0,1741132800000
tank_0107,12.317647058823528,1741132800000
tank_0110,35.19607843137255,1741132800000
tank_0113,0.8901960784313725,1741132800000
tank_0115,0.0,1741132800000
tank_0116,3.0,1741132800000
tank_0117,111.0,1741132800000
tank_0118,0.0,1741132800000
tank_0122,0.0,1741132800000
tank_0125,7.96470588235294,1741132800000
tank_0130,0.0,1741132800000
tank_0131,0.0,1741132800000
tank_0132,0.0,1741132800000
tank_0134,0.0,1741132800000
tank_0135,4.0,1741132800000
tank_0142,20.701960784313727,1741132800000
tank_0143,0.0,1741132800000
tank_0144,0.0,1741132800000
tank_0148,0.0,1741132800000
tank_0153,20.0,1741132800000
tank_0156,44.94901960784314,1741132800000
tank_0159,0.0,1741132800000
tank_0165,15.51764705882353,1741132800000
tank_0171,0.0,1741132800000
tank_0172,0.0,1741132800000
tank_0174,20.419607843137253,1741132800000
tank_0176,12.0,1741132800000
tank_0184,2.0,1741132800000
tank_0187,2.2509803921568627,1741132800000
tank_0190,6.80392156862745,1741132800000
tank_0192,4.0,1741132800000
tank_0193,0.0,1741132800000
tank_0195,63.35686274509805,1741132800000
tank_0199,0.8274509803921568,1741132800000
tank_0204,0.0,1741132800000
tank_0205,0.0,1741132800000
tank_0207,0.0,1741132800000
tank_0209,0.0,1741132800000
tank_0213,0.3568627450980392,1741132800000
tank_0217,5.0,1741132800000
tank_0220,2.0,1741132800000
tank_0221,28.01960784313726,1741132800000
tank_0225,0.0,1741132800000
tank_0226,3.0,1741132800000
tank_0228,0.0,1741132800000
tank_0229,0.0,1741132800000
tank_0231,0.0,1741132800000
tank_0233,6.0,1741132800000
tank_0236,0.0,1741132800000
tank_0237,0.0,1741132800000
tank_0240,0.0,1741132800000
tank_0242,0.0,1741132800000
tank_0245,6.7333333333333325,1741132800000
tank_0247,46.0,1741132800000
tank_0256,0.9490196078431372,1741132800000
tank_0257,6.439215686274509,1741132800000
tank_0260,2.0705882352941174,1741132800000
tank_0261,0.0,1741132800000
tank_0264,0.0,1741132800000
tank_0273,292.0,1741132800000
tank_0276,0.0,1741132800000
tank_0278,12.0,1741132800000
tank_0280,0.0,1741132800000
tank_0291,0.0,1741132800000
tank_0292,24.24313725490196,1741132800000
tank_0296,0.0,1741132800000
tank_0297,9.337254901960783,1741132800000
tank_0299,2.2588235294117647,1741132800000
tank_0300,21.145098039215686,1741132800000
tank_0301,3.6549019607843136,1741132800000
tank_0307,6.0,1741132800000
tank_0309,4.925490196078432,1741132800000
tank_0313,0.0,1741132800000
tank_0314,0.0,1741132800000
tank_0319,2.0,1741132800000
tank_0321,0.0,1741132800000
tank_0327,0.0,1741132800000
tank_0337,7.0,1741132800000
tank_0338,7.0,1741132800000
tank_0339,26.250980392156862,1741132800000
tank_0342,34.79607843137255,1741132800000
tank_0345,3.0,1741132800000
tank_0346,1.4980392156862745,1741132800000
tank_0349,228.0,1741132800000
tank_0350,0.0,1741132800000
tank_0353,48.6,1741132800000
tank_0356,0.0,1741132800000
tank_0360,0.0,1741132800000
tank_0361,10.498039215686275,1741132800000
tank_0362,0.0,1741132800000
tank_0364,0.0,1741132800000
tank_0366,18.082352941176474,1741132800000
tank_0369,1.0,1741132800000
tank_0375,0.0,1741132800000
tank_0379,3.4901960784313726,1741132800000
tank_0381,1.0823529411764705,1741132800000
tank_0386,4.0,1741132800000
tank_0390,0.0,1741132800000
tank_0397,0.14901960784313725,1741132800000
tank_0399,0.0,1741132800000
tank_0404,46.70980392156863,1741132800000
tank_0409,2.764705882352941,1741132800000
tank_0420,0.12549019607843137,1741132800000
tank_0425,0.0,1741132800000
tank_0431,0.0,1741132800000
tank_0432,0.0,1741132800000
tank_0435,0.0,1741132800000
tank_0436,0.0,1741132800000
tank_0438,9.494117647058824,1741132800000
tank_0443,0.0,1741132800000
tank_0444,0.0,1741132800000
tank_0447,84.99215686274509,1741132800000
tank_0448,0.0,1741132800000
tank_0449,0.9529411764705882,1741132800000
tank_0455,4.207843137254901,1741132800000
tank_0460,2.1019607843137256,1741132800000
tank_0462,108.0,1741132800000
tank_0466,0.0,1741132800000
tank_0471,6.0,1741132800000
tank_0473,8.168627450980392,1741132800000
tank_0474,0.0,1741132800000
tank_0481,25.76862745098039,1741132800000
tank_0485,0.0,1741132800000
tank_0489,0.0,1741132800000
tank_0491,1.0,1741132800000
tank_0494,0.5647058823529412,1741132800000
tank_0497,5.156862745098039,1741132800000
tank_0498,1.035294117647059,1741132800000
tank_0502,0.0,1741132800000
tank_0505,1.0666666666666667,1741132800000
tank_0509,0.3137254901960784,1741132800000
tank_0512,307.0,1741132800000
tank_0514,0.0,1741132800000
tank_0515,0.0,1741132800000
tank_0521,0.0,1741132800000
tank_0524,2.0,1741132800000
tank_0526,33.0,1741132800000
tank_0533,3.0,1741132800000
tank_0534,0.0,1741132800000
tank_0536,0.0,1741132800000
tank_0537,0.0,1741132800000
tank_0541,8.376470588235295,1741132800000
tank_0547,0.0,1741132800000
tank_0552,9.254901960784313,1741132800000
tank_0555,0.0,1741132800000
tank_0556,2.8941176470588235,1741132800000
tank_0557,0.0,1741132800000
tank_0560,4.0,1741132800000
tank_0561,10.0,1741132800000
tank_0566,0.0,1741132800000
tank_0567,0.0,1741132800000
tank_0568,7.329411764705882,1741132800000
tank_0574,30.0,1741132800000
tank_0579,173.0,1741132800000
tank_0583,72.0,1741132800000
tank_0587,0.0,1741132800000
tank_0589,0.6980392156862745,1741132800000
tank_0590,0.0,1741132800000
tank_0592,0.0,1741132800000
tank_0593,0.0,1741132800000
tank_0595,0.0,1741132800000
tank_0600,20.67058823529412,1741132800000
tank_0604,0.0,1741132800000
tank_0606,49.0,1741132800000
tank_0607,1.7490196078431373,1741132800000
tank_0608,630.9686274509804,1741132800000
tank_0610,4.776470588235294,1741132800000
tank_0611,0.0,1741132800000
tank_0612,2.2,1741132800000
tank_0613,6.509803921568628,1741132800000
tank_0619,0.0,1741132800000
tank_0626,0.0,1741132800000
tank_0627,0.4745098039215686,1741132800000
tank_0628,0.0,1741132800000
tank_0632,5.529411764705882,1741132800000
tank_0633,0.0,1741132800000
tank_0639,0.0,1741132800000
tank_0640,0.0,1741132800000
tank_0641,0.0,1741132800000
tank_0643,21.541176470588233,1741132800000
tank_0646,0.0,1741132800000
tank_0663,6.529411764705882,1741132800000
tank_0664,0.0,1741132800000
tank_0666,0.0,1741132800000
tank_0667,0.0,1741132800000
tank_0670,6.0,1741132800000
tank_0675,0.0,1741132800000
tank_0676,575.0,1741132800000
tank_0678,0.0,1741132800000
tank_0681,1.6313725490196078,1741132800000
tank_0687,0.0,1741132800000
tank_0688,305.0,1741132800000
tank_0697,0.0,1741132800000
tank_0720,5.0,1741132800000
tank_0722,0.0,1741132800000
tank_0724,5.9450980392156865,1741132800000
tank_0725,0.0,1741132800000
tank_0728,0.0,1741132800000
tank_0730,6.415686274509804,1741132800000
tank_0731,916.0,1741132800000
tank_0732,13.086274509803923,1741132800000
tank_0737,565.0,1741132800000
tank_0739,0.18823529411764706,1741132800000
tank_0740,10.070588235294117,1741132800000
tank_0746,0.0,1741132800000
tank_0748,2.2470588235294118,1741132800000
tank_0749,23.250980392156862,1741132800000
tank_0752,3.3568627450980393,1741132800000
tank_0760,0.0,1741132800000
tank_0770,14.87843137254902,1741132800000
tank_0772,0.0,1741132800000
tank_0788,0.0,1741132800000
tank_0789,5.109803921568628,1741132800000
tank_0792,124.50196078431372,1741132800000
tank_0797,0.0,1741132800000
tank_0800,288.0,1741132800000
tank_0802,2.2705882352941176,1741132800000
tank_0803,2.2745098039215685,1741132800000
tank_0808,4.0,1741132800000
tank_0810,10.0,1741132800000
tank_0811,10.486274509803922,1741132800000
tank_0812,54.0,1741132800000
tank_0813,0.0,1741132800000
tank_0816,0.0,1741132800000
tank_0819,3.0,1741132800000
tank_0823,0.0,1741132800000
tank_0824,119.0,1741132800000
tank_0825,3.9294117647058826,1741132800000
tank_0828,28.0,1741132800000
tank_0829,58.858823529411765,1741132800000
tank_0830,0.0,1741132800000
tank_0831,25.490196078431374,1741132800000
tank_0844,0.6274509803921569,1741132800000
tank_0852,58.498039215686276,1741132800000
tank_0855,62.0,1741132800000
tank_0856,694.0,1741132800000
tank_0860,8.0,1741132800000
tank_0861,0.0,1741132800000
tank_0872,29.894117647058824,1741132800000
tank_0875,393.43529411764706,1741132800000
tank_0879,32.0,1741132800000
tank_0885,0.0,1741132800000
tank_0891,0.0,1741132800000
tank_0894,1289.0,1741132800000
tank_0898,484.0,1741132800000
tank_0900,55.27058823529412,1741132800000
tank_0901,63.64705882352941,1741132800000
tank_0902,216.0,1741132800000
tank_0914,0.0,1741132800000
tank_0917,328.0,1741132800000
tank_0919,94.66666666666667,1741132800000
tank_0920,80.30588235294117,1741132800000
tank_0922,211.0,1741132800000
tank_0923,26.71764705882353,1741132800000
tank_0924,0.0,1741132800000
tank_0926,18.75686274509804,1741132800000
tank_0927,4.980392156862745,1741132800000
tank_0928,61.0,1741132800000
tank_0930,86.0,1741132800000
tank_0931,95.0,1741132800000
tank_0933,0.0,1741132800000
tank_0934,0.0,1741132800000
tank_0937,0.0,1741132800000
tank_0938,0.0,1741132800000
tank_0939,0.0,1741132800000
tank_0944,78.9921568627451,1741132800000
tank_0946,10.0,1741132800000
tank_0952,0.3137254901960784,1741132800000
tank_0958,0.0,1741132800000
tank_0962,1757.0,1741132800000
tank_0967,11.733333333333333,1741132800000
tank_0975,0.0,1741132800000
tank_0978,8.964705882352941,1741132800000
tank_0990,0.0,1741132800000
tank_0991,748.0,1741132800000
tank_0998,0.0,1741132800000
tank_0999,0.0,1741132800000
tank_1003,813.0,1741132800000
tank_1004,5.0,1741132800000
tank_1014,171.0,1741132800000
tank_1026,215.0,1741132800000
tank_1031,20.0,1741132800000
tank_1032,10.945098039215686,1741132800000
tank_1034,0.0,1741132800000
tank_1042,53.74901960784314,1741132800000
tank_1045,0.0,1741132800000
tank_1049,85.0,1741132800000
tank_1055,4.43921568627451,1741132800000
tank_1061,8.0,1741132800000
tank_1062,0.25098039215686274,1741132800000
tank_1064,0.0,1741132800000
tank_1065,0.0,1741132800000
tank_1066,0.0,1741132800000
tank_1070,123.0,1741132800000
tank_1073,32.0,1741132800000
tank_1083,0.0,1741132800000
tank_1086,2.0,1741132800000
tank_1088,4.3882352941176475,1741132800000
tank_1089,30.0,1741132800000
tank_1090,173.98823529411766,1741132800000
tank_1091,0.0,1741132800000
tank_1094,1650.0,1741132800000
tank_1095,8.0,1741132800000
tank_1104,0.0,1741132800000
tank_1113,38.87058823529412,1741132800000
tank_1116,0.0,1741132800000
tank_1117,0.0,1741132800000
tank_1120,400.61960784313726,1741132800000
tank_1121,576.964705882353,1741132800000
tank_1124,35.05098039215686,1741132800000
tank_1128,63.0,1741132800000
tank_1134,0.0,1741132800000
tank_1135,63.64705882352941,1741132800000
tank_1146,0.0,1741132800000
tank_1149,5.87843137254902,1741132800000
tank_1156,0.0,1741132800000
tank_1157,6.2823529411764705,1741132800000
tank_1159,361.0,1741132800000
tank_1160,645.0,1741132800000
tank_1166,0.0,1741132800000
tank_1170,5.0,1741132800000
tank_1175,0.0,1741132800000
tank_1177,2.411764705882353,1741132800000
tank_1179,4.0,1741132800000
tank_1181,144.0,1741132800000
tank_1186,193.78823529411764,1741132800000
tank_1187,46.31764705882353,1741132800000
tank_1190,9.780392156862746,1741132800000
tank_1192,12.0,1741132800000
tank_1196,0.0,1741132800000
tank_1197,1208.0,1741132800000
tank_1201,0.0,1741132800000
tank_1203,5.545098039215687,1741132800000
tank_1205,327.6313725490196,1741132800000
tank_1209,1107.0,1741132800000
tank_1217,0.0,1741132800000
tank_1223,0.0,1741132800000
tank_1226,173.89411764705883,1741132800000
tank_1228,810.0,1741132800000
tank_1230,0.0,1741132800000
tank_1237,45.976470588235294,1741132800000
tank_1239,669.0,1741132800000
tank_1245,0.0,1741132800000
tank_1246,137.0,1741132800000
tank_1250,0.0,1741132800000
tank_1254,1110.0,1741132800000
tank_1255,11.474509803921569,1741132800000
tank_1258,186.0,1741132800000
tank_1261,0.0,1741132800000
tank_1262,2.7411764705882353,1741132800000
tank_1263,26.0,1741132800000
tank_1265,63.0,1741132800000
tank_1270,54.57647058823528,1741132800000
tank_1272,9.996078431372549,1741132800000
tank_1275,0.0,1741132800000
tank_1276,136.95294117647057,1741132800000
tank_1279,26.992156862745098,1741132800000
tank_1280,3.937254901960784,1741132800000
tank_1284,0.0,1741132800000
tank_1285,7.192156862745098,1741132800000
tank_1286,148.02745098039216,1741132800000
tank_1290,30.941176470588236,1741132800000
tank_1291,0.0,1741132800000
tank_1293,41.0,1741132800000
tank_1295,2.0,1741132800000
tank_1297,55.0,1741132800000
tank_1301,23.0,1741132800000
tank_1302,38.498039215686276,1741132800000
tank_1304,0.9058823529411765,1741132800000
tank_1305,96.56470588235294,1741132800000
tank_1313,1216.0,1741132800000
tank_1322,0.0,1741132800000
tank_1325,177.99607843137255,1741132800000
tank_1326,0.0,1741132800000
tank_1344,0.0,1741132800000
tank_1346,9.694117647058825,1741132800000
tank_1349,0.09411764705882353,1741132800000
tank_1353,927.0,1741132800000
tank_1358,0.0,1741132800000
tank_1359,0.0,1741132800000
tank_1361,845.7764705882353,1741132800000
tank_1364,1362.0,1741132800000
tank_1365,2.0,1741132800000
tank_1372,72.98039215686273,1741132800000
tank_1374,144.0,1741132800000
tank_1378,519.0,1741132800000
tank_1380,15.0,1741132800000
tank_1386,441.0,1741132800000
tank_1391,20.0,1741132800000
tank_1393,0.0,1741132800000
tank_1396,81.0,1741132800000
tank_1397,0.0,1741132800000
tank_1403,0.0,1741132800000
tank_1409,22.0,1741132800000
tank_1412,0.0,1741132800000
tank_1415,0.0,1741132800000
tank_1416,37.30980392156863,1741132800000
tank_1421,452.0,1741132800000
tank_1422,0.0,1741132800000
tank_1425,219.0,1741132800000
tank_1426,101.06274509803922,1741132800000
tank_1430,0.0,1741132800000
tank_1433,413.0,1741132800000
tank_1438,1.5647058823529412,1741132800000
tank_1439,10.0,1741132800000
tank_1441,0.0,1741132800000
tank_1443,0.0,1741132800000
tank_1445,5.91764705882353,1741132800000
tank_1446,23.317647058823532,1741132800000
tank_1450,0.0,1741132800000
tank_1452,0.0,1741132800000
tank_1456,0.0,1741132800000
tank_1466,0.0,1741132800000
tank_1471,0.0,1741132800000
tank_1475,260.0,1741132800000
tank_1486,684.0,1741132800000
tank_1488,134.9686274509804,1741132800000
tank_1491,0.0,1741132800000
tank_1500,0.0,1741132800000
tank_1505,509.0,1741132800000
tank_1513,85.0,1741132800000
tank_1531,0.0,1741132800000
tank_1536,78.80392156862746,1741132800000
tank_1539,179.0,1741132800000
tank_1541,105.0,1741132800000
tank_1542,0.0,1741132800000
tank_1547,347.91372549019604,1741132800000
tank_1563,0.0,1741132800000
tank_1564,0.3137254901960784,1741132800000
tank_1565,1621.9960784313726,1741132800000
tank_1567,2.0,1741132800000
tank_1568,0.0,1741132800000
tank_1573,155.0,1741132800000
tank_1583,0.0,1741132800000
tank_1587,516.0,1741132800000
tank_1588,0.12156862745098039,1741132800000
tank_1592,0.0,1741132800000
tank_1594,36.0,1741132800000
tank_1595,1.0,1741132800000
tank_1597,0.0,1741132800000
tank_1598,33.050980392156866,1741132800000
tank_1600,11.282352941176471,1741132800000
tank_1604,0.0,1741132800000
tank_0002,1.5647058823529412,1742169600000
tank_0004,0.0,1742169600000
tank_0005,0.0,1742169600000
tank_0011,0.0,1742169600000
tank_0014,24.729411764705883,1742169600000
tank_0019,0.0,1742169600000
tank_0024,7.658823529411764,1742169600000
tank_0025,5.0,1742169600000
tank_0026,0.0,1742169600000
tank_0027,0.0,1742169600000
tank_0030,4.827450980392157,1742169600000
tank_0031,61.31372549019608,1742169600000
tank_0036,1.0,1742169600000
tank_0037,3.890196078431373,1742169600000
tank_0038,10.32156862745098,1742169600000
tank_0050,1.0,1742169600000
tank_0051,2.074509803921569,1742169600000
tank_0052,10.686274509803923,1742169600000
tank_0053,38.88235294117647,1742169600000
tank_0055,0.0,1742169600000
tank_0057,0.0,1742169600000
tank_0058,0.6078431372549019,1742169600000
tank_0064,38.0,1742169600000
tank_0069,118.96862745098039,1742169600000
tank_0072,0.0,1742169600000
tank_0073,0.0,1742169600000
tank_0080,23.95294117647059,1742169600000
tank_0094,0.0,1742169600000
tank_0107,4.396078431372549,1742169600000
tank_0110,23.19607843137255,1742169600000
tank_0113,5.580392156862745,1742169600000
tank_0115,0.0,1742169600000
tank_0116,3.7254901960784315,1742169600000
tank_0117,107.0,1742169600000
tank_0118,0.0,1742169600000
tank_0122,0.0,1742169600000
tank_0125,5.549019607843137,1742169600000
tank_0130,0.0,1742169600000
tank_0131,0.0,1742169600000
tank_0132,0.0,1742169600000
tank_0134,0.49019607843137253,1742169600000
tank_0135,0.0,1742169600000
tank_0142,2.5137254901960784,1742169600000
tank_0143,0.0,1742169600000
tank_0144,0.0,1742169600000
tank_0148,0.0,1742169600000
tank_0153,14.0,1742169600000
tank_0156,77.01176470588237,1742169600000
tank_0159,0.4235294117647059,1742169600000
tank_0165,8.549019607843137,1742169600000
tank_0171,0.0,1742169600000
tank_0172,0.4980392156862745,1742169600000
tank_0174,18.98039215686274,1742169600000
tank_0176,1.6235294117647059,1742169600000
tank_0184,0.0,1742169600000
tank_0187,2.431372549019608,1742169600000
tank_0190,13.12156862745098,1742169600000
tank_0192,0.0,1742169600000
tank_0193,0.0,1742169600000
tank_0195,75.83137254901963,1742169600000
tank_0199,0.0,1742169600000
tank_0204,3.0,1742169600000
tank_0205,0.0,1742169600000
tank_0207,0.0,1742169600000
tank_0209,0.0,1742169600000
tank_0213,0.0,1742169600000
tank_0217,2.0,1742169600000
tank_0220,2.0,1742169600000
tank_0221,17.219607843137254,1742169600000
tank_0225,0.0,1742169600000
tank_0226,12.0,1742169600000
tank_0228,0.0,1742169600000
tank_0229,0.0,1742169600000
tank_0231,1.0,1742169600000
tank_0233,0.0,1742169600000
tank_0236,0.0,1742169600000
tank_0237,0.0,1742169600000
tank_0240,0.0,1742169600000
tank_0242,0.0,1742169600000
tank_0245,8.917647058823528,1742169600000
tank_0247,16.0,1742169600000
tank_0256,0.0,1742169600000
tank_0257,5.078431372549019,1742169600000
tank_0260,3.4941176470588236,1742169600000
tank_0261,0.0,1742169600000
tank_0264,0.0,1742169600000
tank_0273,252.0,1742169600000
tank_0276,0.0,1742169600000
tank_0278,4.470588235294118,1742169600000
tank_0280,0.0,1742169600000
tank_0291,0.0,1742169600000
tank_0292,24.29019607843137,1742169600000
tank_0296,0.0,1742169600000
tank_0297,14.352941176470589,1742169600000
tank_0299,1.0784313725490196,1742169600000
tank_0300,11.090196078431372,1742169600000
tank_0301,1.396078431372549,1742169600000
tank_0307,4.0,1742169600000
tank_0309,0.0,1742169600000
tank_0313,0.0,1742169600000
tank_0314,0.0,1742169600000
tank_0319,7.0,1742169600000
tank_0321,2.0,1742169600000
tank_0327,0.0,1742169600000
tank_0337,1.0,1742169600000
tank_0338,8.866666666666667,1742169600000
tank_0339,24.92156862745098,1742169600000
tank_0342,30.364705882352947,1742169600000
tank_0345,1.0274509803921568,1742169600000
tank_0346,0.0,1742169600000
tank_0349,201.0,1742169600000
tank_0350,0.0,1742169600000
tank_0353,56.70980392156863,1742169600000
tank_0356,0.0,1742169600000
tank_0360,0.0,1742169600000
tank_0361,9.807843137254903,1742169600000
tank_0362,0.047058823529411764,1742169600000
tank_0364,1.0,1742169600000
tank_0366,15.023529411764706,1742169600000
tank_0369,0.0,1742169600000
tank_0375,0.0,1742169600000
tank_0379,14.203921568627452,1742169600000
tank_0381,0.0,1742169600000
tank_0386,0.0,1742169600000
tank_0390,0.0,1742169600000
tank_0397,0.011764705882352941,1742169600000
tank_0399,6.674509803921569,1742169600000
tank_0404,19.0,1742169600000
tank_0409,0.0,1742169600000
tank_0420,0.0,1742169600000
tank_0425,0.0,1742169600000
tank_0431,0.0,1742169600000
tank_0432,0.0,1742169600000
tank_0435,0.0,1742169600000
tank_0436,0.0,1742169600000
tank_0438,6.0,1742169600000
tank_0443,0.10196078431372549,1742169600000
tank_0444,0.0,1742169600000
tank_0447,90.50196078431374,1742169600000
tank_0448,0.0,1742169600000
tank_0449,1.9764705882352942,1742169600000
tank_0455,4.223529411764707,1742169600000
tank_0460,4.286274509803921,1742169600000
tank_0462,45.0,1742169600000
tank_0466,0.0,1742169600000
tank_0471,4.0,1742169600000
tank_0473,10.03921568627451,1742169600000
tank_0474,0.0,1742169600000
tank_0481,29.24705882352941,1742169600000
tank_0485,0.0,1742169600000
tank_0489,0.0,1742169600000
tank_0491,0.0,1742169600000
tank_0494,4.0,1742169600000
tank_0497,3.0,1742169600000
tank_0498,0.5215686274509803,1742169600000
tank_0502,0.0,1742169600000
tank_0505,1.6901960784313725,1742169600000
tank_0509,0.0,1742169600000
tank_0512,79.0,1742169600000
tank_0514,0.0,1742169600000
tank_0515,0.0,1742169600000
tank_0521,0.0,1742169600000
tank_0524,8.392156862745098,1742169600000
tank_0526,19.0,1742169600000
tank_0533,1.0,1742169600000
tank_0534,0.0,1742169600000
tank_0536,0.0,1742169600000
tank_0537,0.0,1742169600000
tank_0541,6.607843137254902,1742169600000
tank_0547,2.215686274509804,1742169600000
tank_0552,4.627450980392156,1742169600000
tank_0555,0.0,1742169600000
tank_0556,0.0,1742169600000
tank_0557,2.0,1742169600000
tank_0560,9.329411764705883,1742169600000
tank_0561,9.0,1742169600000
tank_0566,0.0,1742169600000
tank_0567,0.0,1742169600000
tank_0568,14.784313725490195,1742169600000
tank_0574,18.0,1742169600000
tank_0579,144.0,1742169600000
tank_0583,51.0,1742169600000
tank_0587,0.0,1742169600000
tank_0589,1.5058823529411764,1742169600000
tank_0590,1.0,1742169600000
tank_0592,0.0,1742169600000
tank_0593,0.0,1742169600000
tank_0595,0.0,1742169600000
tank_0600,15.396078431372551,1742169600000
tank_0604,0.0,1742169600000
tank_0606,41.30980392156863,1742169600000
tank_0607,0.0,1742169600000
tank_0608,500.0,1742169600000
tank_0610,0.0,1742169600000
tank_0611,0.0,1742169600000
tank_0612,3.9098039215686278,1742169600000
tank_0613,5.105882352941177,1742169600000
tank_0619,0.0,1742169600000
tank_0626,0.0,1742169600000
tank_0627,0.0,1742169600000
tank_0628,0.0,1742169600000
tank_0632,4.0,1742169600000
tank_0633,0.0,1742169600000
tank_0639,0.0,1742169600000
tank_0640,0.0,1742169600000
tank_0641,0.0,1742169600000
tank_0643,21.7764705882353,1742169600000
tank_0646,0.0,1742169600000
tank_0663,0.6470588235294118,1742169600000
tank_0664,0.0,1742169600000
tank_0666,0.0,1742169600000
tank_0667,2.0,1742169600000
tank_0670,0.0,1742169600000
tank_0675,0.0,1742169600000
tank_0676,303.0,1742169600000
tank_0678,0.0,1742169600000
tank_0681,0.0,1742169600000
tank_0687,0.0,1742169600000
tank_0688,226.0,1742169600000
tank_0697,0.0,1742169600000
tank_0720,7.0,1742169600000
tank_0722,0.5176470588235295,1742169600000
tank_0724,0.6235294117647059,1742169600000
tank_0725,0.0,1742169600000
tank_0728,0.0,1742169600000
tank_0730,3.3490196078431373,1742169600000
tank_0731,777.0,1742169600000
tank_0732,12.101960784313727,1742169600000
tank_0737,138.0,1742169600000
tank_0739,0.0,1742169600000
tank_0740,24.0,1742169600000
tank_0746,0.0,1742169600000
tank_0748,10.501960784313725,1742169600000
tank_0749,12.0,1742169600000
tank_0752,8.0,1742169600000
tank_0760,0.0,1742169600000
tank_0770,7.721568627450981,1742169600000
tank_0772,0.0,1742169600000
tank_0788,0.0,1742169600000
tank_0789,0.0,1742169600000
tank_0792,136.76078431372548,1742169600000
tank_0797,0.0,1742169600000
tank_0800,192.0,1742169600000
tank_0802,14.647058823529413,1742169600000
tank_0803,0.0,1742169600000
tank_0808,0.8196078431372549,1742169600000
tank_0810,12.0,1742169600000
tank_0811,15.254901960784315,1742169600000
tank_0812,50.0,1742169600000
tank_0813,0.23529411764705882,1742169600000
tank_0816,0.0,1742169600000
tank_0819,3.0,1742169600000
tank_0823,0.0,1742169600000
tank_0824,122.0,1742169600000
tank_0825,0.0,1742169600000
tank_0828,22.0,1742169600000
tank_0829,45.0,1742169600000
tank_0830,0.0,1742169600000
tank_0831,12.16470588235294,1742169600000
tank_0844,0.0,1742169600000
tank_0852,42.39607843137255,1742169600000
tank_0855,38.0,1742169600000
tank_0856,325.0,1742169600000
tank_0860,7.0,1742169600000
tank_0861,0.0,1742169600000
tank_0872,24.0,1742169600000
tank_0875,329.4392156862745,1742169600000
tank_0879,7.996078431372549,1742169600000
tank_0885,0.0,1742169600000
tank_0891,0.0,1742169600000
tank_0894,330.0,1742169600000
tank_0898,268.0,1742169600000
tank_0900,40.831372549019605,1742169600000
tank_0901,75.0,1742169600000
tank_0902,140.0,1742169600000
tank_0914,0.0,1742169600000
tank_0917,150.0,1742169600000
tank_0919,75.0,1742169600000
tank_0920,39.964705882352945,1742169600000
tank_0922,158.0,1742169600000
tank_0923,12.129411764705882,1742169600000
tank_0924,5.372549019607844,1742169600000
tank_0926,8.831372549019608,1742169600000
tank_0927,2.854901960784314,1742169600000
tank_0928,58.0,1742169600000
tank_0930,61.0,1742169600000
tank_0931,62.0,1742169600000
tank_0933,0.0,1742169600000
tank_0934,0.0,1742169600000
tank_0937,0.0,1742169600000
tank_0938,0.6235294117647059,1742169600000
tank_0939,0.0,1742169600000
tank_0944,63.0,1742169600000
tank_0946,5.0,1742169600000
tank_0952,0.0,1742169600000
tank_0958,0.0,1742169600000
tank_0962,706.0,1742169600000
tank_0967,2.0,1742169600000
tank_0975,0.0,1742169600000
tank_0978,0.0,1742169600000
tank_0990,0.0,1742169600000
tank_0991,371.0,1742169600000
tank_0998,0.0,1742169600000
tank_0999,0.0,1742169600000
tank_1003,59.0,1742169600000
tank_1004,10.0,1742169600000
tank_1014,153.79215686274512,1742169600000
tank_1026,193.0,1742169600000
tank_1031,7.0,1742169600000
tank_1032,4.329411764705882,1742169600000
tank_1034,0.0,1742169600000
tank_1042,37.0,1742169600000
tank_1045,0.0,1742169600000
tank_1049,20.0,1742169600000
tank_1055,3.0784313725490198,1742169600000
tank_1061,10.0,1742169600000
tank_1062,1.0352941176470587,1742169600000
tank_1064,0.0,1742169600000
tank_1065,4.0,1742169600000
tank_1066,0.11372549019607843,1742169600000
tank_1070,66.0,1742169600000
tank_1073,28.0,1742169600000
tank_1083,0.0,1742169600000
tank_1086,0.0,1742169600000
tank_1088,13.431372549019608,1742169600000
tank_1089,23.0,1742169600000
tank_1090,115.86274509803921,1742169600000
tank_1091,0.0,1742169600000
tank_1094,1475.0,1742169600000
tank_1095,11.0,1742169600000
tank_1104,0.0,1742169600000
tank_1113,24.0,1742169600000
tank_1116,0.0,1742169600000
tank_1117,0.0,1742169600000
tank_1120,134.0,1742169600000
tank_1121,285.0,1742169600000
tank_1124,30.91764705882353,1742169600000
tank_1128,44.0,1742169600000
tank_1134,0.0,1742169600000
tank_1135,62.36078431372549,1742169600000
tank_1146,0.0,1742169600000
tank_1149,6.509803921568627,1742169600000
tank_1156,0.0,1742169600000
tank_1157,11.745098039215685,1742169600000
tank_1159,219.0,1742169600000
tank_1160,485.0,1742169600000
tank_1166,0.0,1742169600000
tank_1170,10.24313725490196,1742169600000
tank_1175,0.0,1742169600000
tank_1177,0.12549019607843137,1742169600000
tank_1179,5.0,1742169600000
tank_1181,101.94117647058823,1742169600000
tank_1186,111.0,1742169600000
tank_1187,81.0980392156863,1742169600000
tank_1190,0.0,1742169600000
tank_1192,9.0,1742169600000
tank_1196,0.0,1742169600000
tank_1197,1081.0,1742169600000
tank_1201,0.0,1742169600000
tank_1203,6.0,1742169600000
tank_1205,283.9098039215686,1742169600000
tank_1209,348.0,1742169600000
tank_1217,0.0,1742169600000
tank_1223,0.0,1742169600000
tank_1226,173.8,1742169600000
tank_1228,575.0,1742169600000
tank_1230,0.0,1742169600000
tank_1237,38.396078431372544,1742169600000
tank_1239,524.7764705882353,1742169600000
tank_1245,0.0,1742169600000
tank_1246,124.0,1742169600000
tank_1250,0.0,1742169600000
tank_1254,67.0,1742169600000
tank_1255,10.635294117647058,1742169600000
tank_1258,106.0,1742169600000
tank_1261,0.807843137254902,1742169600000
tank_1262,1.9176470588235293,1742169600000
tank_1263,13.0,1742169600000
tank_1265,49.0,1742169600000
tank_1270,36.6313725490196,1742169600000
tank_1272,11.745098039215687,1742169600000
tank_1275,0.0,1742169600000
tank_1276,139.9764705882353,1742169600000
tank_1279,26.866666666666667,1742169600000
tank_1280,2.552941176470588,1742169600000
tank_1284,0.0,1742169600000
tank_1285,9.980392156862745,1742169600000
tank_1286,124.54509803921569,1742169600000
tank_1290,27.941176470588236,1742169600000
tank_1291,0.0,1742169600000
tank_1293,20.0,1742169600000
tank_1295,0.0,1742169600000
tank_1297,51.0,1742169600000
tank_1301,105.0,1742169600000
tank_1302,25.0,1742169600000
tank_1304,2.0,1742169600000
tank_1305,78.0,1742169600000
tank_1313,663.0,1742169600000
tank_1322,0.0,1742169600000
tank_1325,109.0,1742169600000
tank_1326,0.0,1742169600000
tank_1344,0.0,1742169600000
tank_1346,15.168627450980392,1742169600000
tank_1349,0.596078431372549,1742169600000
tank_1353,1174.0,1742169600000
tank_1358,0.0,1742169600000
tank_1359,0.0,1742169600000
tank_1361,745.0,1742169600000
tank_1364,984.0,1742169600000
tank_1365,0.0,1742169600000
tank_1372,65.90980392156862,1742169600000
tank_1374,152.0,1742169600000
tank_1378,497.0,1742169600000
tank_1380,22.0,1742169600000
tank_1386,323.0,1742169600000
tank_1391,15.0,1742169600000
tank_1393,0.0,1742169600000
tank_1396,72.0,1742169600000
tank_1397,0.0,1742169600000
tank_1403,0.0,1742169600000
tank_1409,15.0,1742169600000
tank_1412,0.0,1742169600000
tank_1415,0.0,1742169600000
tank_1416,33.72549019607843,1742169600000
tank_1421,328.0,1742169600000
tank_1422,0.0,1742169600000
tank_1425,190.0,1742169600000
tank_1426,75.25098039215686,1742169600000
tank_1430,0.0,1742169600000
tank_1433,357.0,1742169600000
tank_1438,0.0,1742169600000
tank_1439,8.0,1742169600000
tank_1441,0.0,1742169600000
tank_1443,0.0,1742169600000
tank_1445,0.0,1742169600000
tank_1446,20.0,1742169600000
tank_1450,0.0,1742169600000
tank_1452,0.0,1742169600000
tank_1456,0.0,1742169600000
tank_1466,0.0,1742169600000
tank_1471,0.0,1742169600000
tank_1475,137.0,1742169600000
tank_1486,618.0,1742169600000
tank_1488,136.0,1742169600000
tank_1491,0.0,1742169600000
tank_1500,0.0,1742169600000
tank_1505,430.0,1742169600000
tank_1513,61.0,1742169600000
tank_1531,0.0,1742169600000
tank_1536,67.83137254901962,1742169600000
tank_1539,161.0,1742169600000
tank_1541,103.0,1742169600000
tank_1542,0.0,1742169600000
tank_1547,203.0,1742169600000
tank_1563,0.0,1742169600000
tank_1564,0.0,1742169600000
tank_1565,253.0,1742169600000
tank_1567,6.0,1742169600000
tank_1568,0.0,1742169600000
tank_1573,138.0,1742169600000
tank_1583,0.0,1742169600000
tank_1587,210.0,1742169600000
tank_1588,0.6901960784313725,1742169600000
tank_1592,0.37254901960784315,1742169600000
tank_1594,8.0,1742169600000
tank_1595,0.0,1742169600000
tank_1597,0.0,1742169600000
tank_1598,28.105882352941176,1742169600000
tank_1600,8.984313725490196,1742169600000
tank_1604,0.0,1742169600000
tank_0002,0.0,1743206400000
tank_0004,0.0,1743206400000
tank_0005,0.0,1743206400000
tank_0011,1.8509803921568628,1743206400000
tank_0014,30.509803921568626,1743206400000
tank_0019,0.0,1743206400000
tank_0024,10.596078431372549,1743206400000
tank_0025,6.0,1743206400000
tank_0026,2.0,1743206400000
tank_0027,0.0,1743206400000
tank_0030,0.0,1743206400000
tank_0031,42.30980392156863,1743206400000
tank_0036,0.0,1743206400000
tank_0037,8.0,1743206400000
tank_0038,35.38039215686274,1743206400000
tank_0050,0.0,1743206400000
tank_0051,0.0,1743206400000
tank_0052,10.0,1743206400000
tank_0053,91.31372549019609,1743206400000
tank_0055,0.0,1743206400000
tank_0057,0.0,1743206400000
tank_0058,0.0,1743206400000
tank_0064,41.0,1743206400000
tank_0069,103.07843137254902,1743206400000
tank_0072,0.0,1743206400000
tank_0073,0.0,1743206400000
tank_0080,22.0,1743206400000
tank_0094,0.0,1743206400000
tank_0107,2.019607843137255,1743206400000
tank_0110,31.38823529411765,1743206400000
tank_0113,7.588235294117648,1743206400000
tank_0115,0.0,1743206400000
tank_0116,2.9215686274509802,1743206400000
tank_0117,103.0,1743206400000
tank_0118,0.0,1743206400000
tank_0122,0.0,1743206400000
tank_0125,5.0549019607843135,1743206400000
tank_0130,0.0,1743206400000
tank_0131,0.0,1743206400000
tank_0132,0.0,1743206400000
tank_0134,0.0,1743206400000
tank_0135,4.0,1743206400000
tank_0142,18.20392156862745,1743206400000
tank_0143,0.0,1743206400000
tank_0144,0.0,1743206400000
tank_0148,3.0,1743206400000
tank_0153,1.0,1743206400000
tank_0156,71.25490196078432,1743206400000
tank_0159,4.0,1743206400000
tank_0165,5.956862745098039,1743206400000
tank_0171,0.0,1743206400000
tank_0172,0.0,1743206400000
tank_0174,23.36470588235294,1743206400000
tank_0176,11.0,1743206400000
tank_0184,0.0,1743206400000
tank_0187,1.8666666666666667,1743206400000
tank_0190,9.321568627450981,1743206400000
tank_0192,0.0,1743206400000
tank_0193,0.0,1743206400000
tank_0195,68.49803921568628,1743206400000
tank_0199,0.0,1743206400000
tank_0204,1.0,1743206400000
tank_0205,0.0,1743206400000
tank_0207,0.0,1743206400000
tank_0209,1.1411764705882352,1743206400000
tank_0213,0.0,1743206400000
tank_0217,8.0,1743206400000
tank_0220,1.996078431372549,1743206400000
tank_0221,24.450980392156865,1743206400000
tank_0225,0.0,1743206400000
tank_0226,19.0,1743206400000
tank_0228,0.0,1743206400000
tank_0229,0.0,1743206400000
tank_0231,4.623529411764705,1743206400000
tank_0233,18.0,1743206400000
tank_0236,3.0,1743206400000
tank_0237,0.0,1743206400000
tank_0240,0.0,1743206400000
tank_0242,0.0,1743206400000
tank_0245,4.290196078431373,1743206400000
tank_0247,0.0,1743206400000
tank_0256,1.7490196078431373,1743206400000
tank_0257,4.007843137254902,1743206400000
tank_0260,1.0549019607843138,1743206400000
tank_0261,0.0,1743206400000
tank_0264,0.0,1743206400000
tank_0273,258.0,1743206400000
tank_0276,0.0,1743206400000
tank_0278,7.0,1743206400000
tank_0280,0.0,1743206400000
tank_0291,0.0,1743206400000
tank_0292,32.03137254901961,1743206400000
tank_0296,0.0,1743206400000
tank_0297,18.56470588235294,1743206400000
tank_0299,2.3294117647058825,1743206400000
tank_0300,16.298039215686273,1743206400000
tank_0301,5.152941176470589,1743206400000
tank_0307,0.0,1743206400000
tank_0309,4.0,1743206400000
tank_0313,0.0,1743206400000
tank_0314,3.0,1743206400000
tank_0319,4.0,1743206400000
tank_0321,1.2941176470588236,1743206400000
tank_0327,0.0,1743206400000
tank_0337,1.1019607843137256,1743206400000
tank_0338,1.603921568627451,1743206400000
tank_0339,36.83921568627451,1743206400000
tank_0342,28.68627450980392,1743206400000
tank_0345,0.0,1743206400000
tank_0346,0.0,1743206400000
tank_0349,200.0,1743206400000
tank_0350,2.215686274509804,1743206400000
tank_0353,71.03137254901964,1743206400000
tank_0356,0.0,1743206400000
tank_0360,0.0,1743206400000
tank_0361,2.6627450980392156,1743206400000
tank_0362,0.0,1743206400000
tank_0364,0.0,1743206400000
tank_0366,37.4,1743206400000
tank_0369,0.0,1743206400000
tank_0375,0.0,1743206400000
tank_0379,9.533333333333333,1743206400000
tank_0381,0.0,1743206400000
tank_0386,0.0,1743206400000
tank_0390,5.0,1743206400000
tank_0397,2.411764705882353,1743206400000
tank_0399,0.0,1743206400000
tank_0404,7.0,1743206400000
tank_0409,6.886274509803922,1743206400000
tank_0420,0.0,1743206400000
tank_0425,0.0,1743206400000
tank_0431,0.0,1743206400000
tank_0432,0.5019607843137255,1743206400000
tank_0435,0.0,1743206400000
tank_0436,0.0,1743206400000
tank_0438,0.0,1743206400000
tank_0443,0.0,1743206400000
tank_0444,2.0,1743206400000
tank_0447,83.56470588235292,1743206400000
tank_0448,0.0,1743206400000
tank_0449,0.1568627450980392,1743206400000
tank_0455,8.156862745098039,1743206400000
tank_0460,5.83921568627451,1743206400000
tank_0462,0.0,1743206400000
tank_0466,0.0,1743206400000
tank_0471,3.450980392156863,1743206400000
tank_0473,15.643137254901962,1743206400000
tank_0474,0.0,1743206400000
tank_0481,27.39607843137255,1743206400000
tank_0485,0.0,1743206400000
tank_0489,0.0,1743206400000
tank_0491,0.0,1743206400000
tank_0494,1.0,1743206400000
tank_0497,0.0,1743206400000
tank_0498,0.09803921568627451,1743206400000
tank_0502,0.0,1743206400000
tank_0505,0.0,1743206400000
tank_0509,0.0,1743206400000
tank_0512,270.8588235294118,1743206400000
tank_0514,0.0,1743206400000
tank_0515,0.25098039215686274,1743206400000
tank_0521,0.0,1743206400000
tank_0524,1.6235294117647059,1743206400000
tank_0526,27.0,1743206400000
tank_0533,5.0,1743206400000
tank_0534,0.0,1743206400000
tank_0536,0.0,1743206400000
tank_0537,0.0,1743206400000
tank_0541,13.64313725490196,1743206400000
tank_0547,0.0,1743206400000
tank_0552,7.196078431372549,1743206400000
tank_0555,0.0,1743206400000
tank_0556,8.0,1743206400000
tank_0557,0.0,1743206400000
tank_0560,13.721568627450981,1743206400000
tank_0561,0.0,1743206400000
tank_0566,0.0,1743206400000
tank_0567,0.0,1743206400000
tank_0568,7.76470588235294,1743206400000
tank_0574,21.0,1743206400000
tank_0579,122.0,1743206400000
tank_0583,46.0,1743206400000
tank_0587,0.0,1743206400000
tank_0589,0.0,1743206400000
tank_0590,10.0,1743206400000
tank_0592,0.0,1743206400000
tank_0593,0.0,1743206400000
tank_0595,0.0,1743206400000
tank_0600,24.074509803921572,1743206400000
tank_0604,0.0,1743206400000
tank_0606,26.482352941176472,1743206400000
tank_0607,0.0,1743206400000
tank_0608,411.99607843137255,1743206400000
tank_0610,11.388235294117647,1743206400000
tank_0611,0.0,1743206400000
tank_0612,1.0549019607843135,1743206400000
tank_0613,4.329411764705883,1743206400000
tank_0619,0.0,1743206400000
tank_0626,0.0,1743206400000
tank_0627,0.0,1743206400000
tank_0628,0.0,1743206400000
tank_0632,6.0,1743206400000
tank_0633,0.0,1743206400000
tank_0639,0.0,1743206400000
tank_0640,0.0,1743206400000
tank_0641,0.0,1743206400000
tank_0643,11.337254901960783,1743206400000
tank_0646,0.0,1743206400000
tank_0663,12.121568627450982,1743206400000
tank_0664,0.0,1743206400000
tank_0666,2.4705882352941178,1743206400000
tank_0667,7.690196078431373,1743206400000
tank_0670,0.0,1743206400000
tank_0675,0.0,1743206400000
tank_0676,547.0,1743206400000
tank_0678,0.0,1743206400000
tank_0681,0.0,1743206400000
tank_0687,0.0,1743206400000
tank_0688,21.0,1743206400000
tank_0697,0.0,1743206400000
tank_0720,3.3372549019607844,1743206400000
tank_0722,8.207843137254903,1743206400000
tank_0724,8.074509803921568,1743206400000
tank_0725,0.0,1743206400000
tank_0728,11.505882352941178,1743206400000
tank_0730,15.11764705882353,1743206400000
tank_0731,777.0,1743206400000
tank_0732,16.611764705882354,1743206400000
tank_0737,477.0,1743206400000
tank_0739,1.2588235294117647,1743206400000
tank_0740,23.784313725490193,1743206400000
tank_0746,0.0,1743206400000
tank_0748,6.0,1743206400000
tank_0749,31.0,1743206400000
tank_0752,8.011764705882353,1743206400000
tank_0760,0.0,1743206400000
tank_0770,9.866666666666669,1743206400000
tank_0772,0.0,1743206400000
tank_0788,0.0,1743206400000
tank_0789,7.0,1743206400000
tank_0792,132.36078431372547,1743206400000
tank_0797,0.0,1743206400000
tank_0800,7.0,1743206400000
tank_0802,2.8745098039215686,1743206400000
tank_0803,0.0,1743206400000
tank_0808,0.0,1743206400000
tank_0810,17.0,1743206400000
tank_0811,13.886274509803922,1743206400000
tank_0812,54.0,1743206400000
tank_0813,0.8705882352941177,1743206400000
tank_0816,0.0,1743206400000
tank_0819,0.0,1743206400000
tank_0823,0.0,1743206400000
tank_0824,103.0,1743206400000
tank_0825,0.0,1743206400000
tank_0828,17.0,1743206400000
tank_0829,50.984313725490196,1743206400000
tank_0830,0.0,1743206400000
tank_0831,32.431372549019606,1743206400000
tank_0844,0.0,1743206400000
tank_0852,46.19607843137255,1743206400000
tank_0855,45.0,1743206400000
tank_0856,323.0,1743206400000
tank_0860,9.964705882352941,1743206400000
tank_0861,0.0,1743206400000
tank_0872,28.894117647058824,1743206400000
tank_0875,332.7450980392157,1743206400000
tank_0879,11.0,1743206400000
tank_0885,0.0,1743206400000
tank_0891,0.0,1743206400000
tank_0894,1310.0,1743206400000
tank_0898,339.0,1743206400000
tank_0900,23.815686274509805,1743206400000
tank_0901,61.0,1743206400000
tank_0902,79.0,1743206400000
tank_0914,0.0,1743206400000
tank_0917,165.0,1743206400000
tank_0919,56.0,1743206400000
tank_0920,33.81960784313726,1743206400000
tank_0922,178.0,1743206400000
tank_0923,19.137254901960784,1743206400000
tank_0924,3.0,1743206400000
tank_0926,8.611764705882354,1743206400000
tank_0927,2.0,1743206400000
tank_0928,56.4078431372549,1743206400000
tank_0930,39.0,1743206400000
tank_0931,44.0,1743206400000
tank_0933,0.0,1743206400000
tank_0934,1.0,1743206400000
tank_0937,0.0,1743206400000
tank_0938,0.0,1743206400000
tank_0939,0.4549019607843137,1743206400000
tank_0944,84.0,1743206400000
tank_0946,23.737254901960785,1743206400000
tank_0952,2.0,1743206400000
tank_0958,0.0,1743206400000
tank_0962,1648.0,1743206400000
tank_0967,2.5176470588235293,1743206400000
tank_0975,0.0,1743206400000
tank_0978,0.0,1743206400000
tank_0990,0.0,1743206400000
tank_0991,485.0,1743206400000
tank_0998,0.0,1743206400000
tank_0999,0.0,1743206400000
tank_1003,671.0,1743206400000
tank_1004,1.0,1743206400000
tank_1014,69.0,1743206400000
tank_1026,189.0,1743206400000
tank_1031,5.0,1743206400000
tank_1032,10.92156862745098,1743206400000
tank_1034,0.0,1743206400000
tank_1042,39.0,1743206400000
tank_1045,0.0,1743206400000
tank_1049,55.0,1743206400000
tank_1055,4.0,1743206400000
tank_1061,2.0,1743206400000
tank_1062,2.1098039215686275,1743206400000
tank_1064,0.0,1743206400000
tank_1065,0.0,1743206400000
tank_1066,0.11372549019607843,1743206400000
tank_1070,77.0,1743206400000
tank_1073,1.0,1743206400000
tank_1083,0.0,1743206400000
tank_1086,0.0,1743206400000
tank_1088,2.6392156862745098,1743206400000
tank_1089,26.0,1743206400000
tank_1090,131.0,1743206400000
tank_1091,0.0,1743206400000
tank_1094,1511.0,1743206400000
tank_1095,9.0,1743206400000
tank_1104,0.0,1743206400000
tank_1113,37.0,1743206400000
tank_1116,0.8392156862745098,1743206400000
tank_1117,0.0,1743206400000
tank_1120,89.0,1743206400000
tank_1121,499.0,1743206400000
tank_1124,23.71372549019608,1743206400000
tank_1128,29.80392156862745,1743206400000
tank_1134,0.0,1743206400000
tank_1135,64.89019607843137,1743206400000
tank_1146,0.07058823529411765,1743206400000
tank_1149,5.654901960784314,1743206400000
tank_1156,0.0,1743206400000
tank_1157,12.819607843137256,1743206400000
tank_1159,152.0,1743206400000
tank_1160,372.0,1743206400000
tank_1166,0.0,1743206400000
tank_1170,4.149019607843137,1743206400000
tank_1175,0.0,1743206400000
tank_1177,0.0,1743206400000
tank_1179,0.22745098039215686,1743206400000
tank_1181,59.94117647058823,1743206400000
tank_1186,102.0,1743206400000
tank_1187,74.81176470588237,1743206400000
tank_1190,0.0,1743206400000
tank_1192,10.0,1743206400000
tank_1196,0.0,1743206400000
tank_1197,439.0,1743206400000
tank_1201,0.0,1743206400000
tank_1203,0.0,1743206400000
tank_1205,231.0,1743206400000
tank_1209,882.0,1743206400000
tank_1217,0.0,1743206400000
tank_1223,0.0,1743206400000
tank_1226,175.2549019607843,1743206400000
tank_1228,591.0,1743206400000
tank_1230,0.0,1743206400000
tank_1237,36.976470588235294,1743206400000
tank_1239,590.0,1743206400000
tank_1245,0.0,1743206400000
tank_1246,124.0,1743206400000
tank_1250,0.0,1743206400000
tank_1254,696.0,1743206400000
tank_1255,16.87843137254902,1743206400000
tank_1258,145.0,1743206400000
tank_1261,0.5764705882352941,1743206400000
tank_1262,1.3254901960784313,1743206400000
tank_1263,14.0,1743206400000
tank_1265,45.0,1743206400000
tank_1270,29.372549019607842,1743206400000
tank_1272,18.99607843137255,1743206400000
tank_1275,0.0,1743206400000
tank_1276,144.0,1743206400000
tank_1279,12.741176470588236,1743206400000
tank_1280,2.6862745098039214,1743206400000
tank_1284,0.0,1743206400000
tank_1285,3.447058823529412,1743206400000
tank_1286,149.79999999999998,1743206400000
tank_1290,21.0,1743206400000
tank_1291,1.7490196078431373,1743206400000
tank_1293,20.0,1743206400000
tank_1295,0.0,1743206400000
tank_1297,41.0,1743206400000
tank_1301,147.0,1743206400000
tank_1302,23.0,1743206400000
tank_1304,0.0,1743206400000
tank_1305,65.0,1743206400000
tank_1313,1177.0,1743206400000
tank_1322,0.0,1743206400000
tank_1325,68.99607843137255,1743206400000
tank_1326,0.0,1743206400000
tank_1344,0.0,1743206400000
tank_1346,7.807843137254902,1743206400000
tank_1349,1.0941176470588236,1743206400000
tank_1353,1062.0,1743206400000
tank_1358,0.0,1743206400000
tank_1359,0.0,1743206400000
tank_1361,657.0,1743206400000
tank_1364,1220.9803921568628,1743206400000
tank_1365,0.0,1743206400000
tank_1372,38.0,1743206400000
tank_1374,115.0,1743206400000
tank_1378,445.0,1743206400000
tank_1380,26.0,1743206400000
tank_1386,350.0,1743206400000
tank_1391,16.0,1743206400000
tank_1393,0.0,1743206400000
tank_1396,65.0,1743206400000
tank_1397,0.0,1743206400000
tank_1403,0.0,1743206400000
tank_1409,2.0,1743206400000
tank_1412,0.0,1743206400000
tank_1415,0.0,1743206400000
tank_1416,21.980392156862745,1743206400000
tank_1421,348.0,1743206400000
tank_1422,0.0,1743206400000
tank_1425,167.0,1743206400000
tank_1426,15.0,1743206400000
tank_1430,0.0,1743206400000
tank_1433,382.0,1743206400000
tank_1438,0.0,1743206400000
tank_1439,9.0,1743206400000
tank_1441,0.0,1743206400000
tank_1443,0.0,1743206400000
tank_1445,0.0,1743206400000
tank_1446,20.0,1743206400000
tank_1450,1.6470588235294117,1743206400000
tank_1452,0.0,1743206400000
tank_1456,0.0,1743206400000
tank_1466,0.0,1743206400000
tank_1471,0.0,1743206400000
tank_1475,170.0,1743206400000
tank_1486,111.0,1743206400000
tank_1488,118.0,1743206400000
tank_1491,0.0,1743206400000
tank_1500,0.0,1743206400000
tank_1505,471.0,1743206400000
tank_1513,26.0,1743206400000
tank_1531,0.0,1743206400000
tank_1536,50.964705882352945,1743206400000
tank_1539,151.0,1743206400000
tank_1541,100.0,1743206400000
tank_1542,0.0,1743206400000
tank_1547,289.0,1743206400000
tank_1563,0.0,1743206400000
tank_1564,0.0,1743206400000
tank_1565,964.0,1743206400000
tank_1567,0.0,1743206400000
tank_1568,0.0,1743206400000
tank_1573,137.0,1743206400000
tank_1583,0.0,1743206400000
tank_1587,250.0,1743206400000
tank_1588,0.12156862745098039,1743206400000
tank_1592,7.0,1743206400000
tank_1594,0.0,1743206400000
tank_1595,0.0,1743206400000
tank_1597,0.0,1743206400000
tank_1598,33.46274509803922,1743206400000
tank_1600,9.717647058823529,1743206400000
tank_1604,0.0,1743206400000
tank_0002,0.0,1744243200000
tank_0004,0.0,1744243200000
tank_0005,0.0,1744243200000
tank_0011,0.0,1744243200000
tank_0014,20.662745098039217,1744243200000
tank_0019,0.0,1744243200000
tank_0024,16.015686274509804,1744243200000
tank_0025,1.619607843137255,1744243200000
tank_0026,11.0,1744243200000
tank_0027,0.0,1744243200000
tank_0030,14.862745098039216,1744243200000
tank_0031,31.0,1744243200000
tank_0036,2.313725490196078,1744243200000
tank_0037,8.125490196078431,1744243200000
tank_0038,25.549019607843142,1744243200000
tank_0050,4.850980392156862,1744243200000
tank_0051,0.0784313725490196,1744243200000
tank_0052,2.372549019607843,1744243200000
tank_0053,56.615686274509805,1744243200000
tank_0055,0.0,1744243200000
tank_0057,0.0,1744243200000
tank_0058,10.215686274509803,1744243200000
tank_0064,26.0,1744243200000
tank_0069,92.07843137254902,1744243200000
tank_0072,0.0,1744243200000
tank_0073,0.0,1744243200000
tank_0080,19.95294117647059,1744243200000
tank_0094,0.0,1744243200000
tank_0107,4.937254901960784,1744243200000
tank_0110,21.67450980392157,1744243200000
tank_0113,21.090196078431376,1744243200000
tank_0115,0.12549019607843137,1744243200000
tank_0116,0.0,1744243200000
tank_0117,94.0,1744243200000
tank_0118,0.0,1744243200000
tank_0122,0.0,1744243200000
tank_0125,2.0392156862745097,1744243200000
tank_0130,0.0,1744243200000
tank_0131,0.0,1744243200000
tank_0132,0.0,1744243200000
tank_0134,1.0,1744243200000
tank_0135,0.0,1744243200000
tank_0142,9.24313725490196,1744243200000
tank_0143,0.0,1744243200000
tank_0144,0.0,1744243200000
tank_0148,3.0,1744243200000
tank_0153,0.0,1744243200000
tank_0156,54.89803921568628,1744243200000
tank_0159,4.972549019607843,1744243200000
tank_0165,33.654901960784315,1744243200000
tank_0171,0.0,1744243200000
tank_0172,4.517647058823529,1744243200000
tank_0174,18.9843137254902,1744243200000
tank_0176,21.058823529411764,1744243200000
tank_0184,1.0,1744243200000
tank_0187,7.901960784313725,1744243200000
tank_0190,14.568627450980394,1744243200000
tank_0192,2.7333333333333334,1744243200000
tank_0193,0.0,1744243200000
tank_0195,25.349019607843136,1744243200000
tank_0199,3.0,1744243200000
tank_0204,2.0,1744243200000
tank_0205,2.2509803921568627,1744243200000
tank_0207,0.054901960784313725,1744243200000
tank_0209,0.0,1744243200000
tank_0213,0.0,1744243200000
tank_0217,3.0,1744243200000
tank_0220,1.3333333333333333,1744243200000
tank_0221,23.094117647058823,1744243200000
tank_0225,0.0,1744243200000
tank_0226,18.400000000000002,1744243200000
tank_0228,0.0,1744243200000
tank_0229,1.2431372549019608,1744243200000
tank_0231,2.0705882352941174,1744243200000
tank_0233,9.549019607843137,1744243200000
tank_0236,15.486274509803922,1744243200000
tank_0237,0.0,1744243200000
tank_0240,0.0,1744243200000
tank_0242,0.0,1744243200000
tank_0245,0.9137254901960784,1744243200000
tank_0247,6.0,1744243200000
tank_0256,5.584313725490196,1744243200000
tank_0257,0.2627450980392157,1744243200000
tank_0260,4.4,1744243200000
tank_0261,0.0,1744243200000
tank_0264,0.0,1744243200000
tank_0273,220.0,1744243200000
tank_0276,0.0,1744243200000
tank_0278,16.266666666666666,1744243200000
tank_0280,0.0,1744243200000
tank_0291,0.0,1744243200000
tank_0292,16.678431372549017,1744243200000
tank_0296,0.0,1744243200000
tank_0297,8.062745098039215,1744243200000
tank_0299,0.0784313725490196,1744243200000
tank_0300,26.2156862745098,1744243200000
tank_0301,0.7490196078431373,1744243200000
tank_0307,0.0,1744243200000
tank_0309,2.0,1744243200000
tank_0313,0.0,1744243200000
tank_0314,0.0,1744243200000
tank_0319,0.0,1744243200000
tank_0321,0.0,1744243200000
tank_0327,2.0,1744243200000
tank_0337,12.996078431372549,1744243200000
tank_0338,5.858823529411765,1744243200000
tank_0339,37.5843137254902,1744243200000
tank_0342,28.349019607843143,1744243200000
tank_0345,0.0,1744243200000
tank_0346,0.0,1744243200000
tank_0349,173.0,1744243200000
tank_0350,0.9019607843137255,1744243200000
tank_0353,26.619607843137253,1744243200000
tank_0356,0.0,1744243200000
tank_0360,0.0,1744243200000
tank_0361,1.227450980392157,1744243200000
tank_0362,0.0,1744243200000
tank_0364,4.015686274509804,1744243200000
tank_0366,7.4941176470588236,1744243200000
tank_0369,0.0,1744243200000
tank_0375,0.9058823529411765,1744243200000
tank_0379,8.494117647058824,1744243200000
tank_0381,0.2,1744243200000
tank_0386,0.0,1744243200000
tank_0390,1.0,1744243200000
tank_0397,1.3490196078431373,1744243200000
tank_0399,0.0,1744243200000
tank_0404,27.0,1744243200000
tank_0409,1.8549019607843138,1744243200000
tank_0420,0.12549019607843137,1744243200000
tank_0425,0.0,1744243200000
tank_0431,0.0,1744243200000
tank_0432,2.2509803921568627,1744243200000
tank_0435,0.0,1744243200000
tank_0436,0.0,1744243200000
tank_0438,0.6705882352941176,1744243200000
tank_0443,0.0,1744243200000
tank_0444,0.0,1744243200000
tank_0447,107.78431372549018,1744243200000
tank_0448,0.0,1744243200000
tank_0449,0.7176470588235294,1744243200000
tank_0455,30.788235294117648,1744243200000
tank_0460,18.364705882352943,1744243200000
tank_0462,63.0,1744243200000
tank_0466,0.0,1744243200000
tank_0471,10.768627450980391,1744243200000
tank_0473,43.23921568627453,1744243200000
tank_0474,0.4980392156862745,1744243200000
tank_0481,30.01960784313726,1744243200000
tank_0485,0.0,1744243200000
tank_0489,10.529411764705882,1744243200000
tank_0491,0.0,1744243200000
tank_0494,0.5647058823529412,1744243200000
tank_0497,0.0,1744243200000
tank_0498,0.4588235294117647,1744243200000
tank_0502,0.0,1744243200000
tank_0505,2.3333333333333335,1744243200000
tank_0509,0.0,1744243200000
tank_0512,259.0,1744243200000
tank_0514,0.0,1744243200000
tank_0515,0.0,1744243200000
tank_0521,0.0,1744243200000
tank_0524,12.0,1744243200000
tank_0526,9.0,1744243200000
tank_0533,7.015686274509804,1744243200000
tank_0534,0.0,1744243200000
tank_0536,0.0,1744243200000
tank_0537,0.0,1744243200000
tank_0541,8.070588235294117,1744243200000
tank_0547,6.968627450980392,1744243200000
tank_0552,7.419607843137253,1744243200000
tank_0555,0.0,1744243200000
tank_0556,0.47843137254901963,1744243200000
tank_0557,0.0,1744243200000
tank_0560,19.79607843137255,1744243200000
tank_0561,2.023529411764706,1744243200000
tank_0566,0.0,1744243200000
tank_0567,0.0,1744243200000
tank_0568,38.360784313725496,1744243200000
tank_0574,5.0,1744243200000
tank_0579,126.0,1744243200000
tank_0583,42.0,1744243200000
tank_0587,0.996078431372549,1744243200000
tank_0589,0.0,1744243200000
tank_0590,1.0,1744243200000
tank_0592,10.784313725490195,1744243200000
tank_0593,0.0,1744243200000
tank_0595,0.0,1744243200000
tank_0600,22.03137254901961,1744243200000
tank_0604,13.086274509803921,1744243200000
tank_0606,39.666666666666664,1744243200000
tank_0607,1.8666666666666667,1744243200000
tank_0608,246.0,1744243200000
tank_0610,7.572549019607843,1744243200000
tank_0611,4.603921568627451,1744243200000
tank_0612,1.0,1744243200000
tank_0613,25.133333333333333,1744243200000
tank_0619,0.0,1744243200000
tank_0626,3.0,1744243200000
tank_0627,2.0784313725490198,1744243200000
tank_0628,0.0,1744243200000
tank_0632,2.5058823529411764,1744243200000
tank_0633,0.0,1744243200000
tank_0639,0.0,1744243200000
tank_0640,0.2549019607843137,1744243200000
tank_0641,6.490196078431373,1744243200000
tank_0643,32.752941176470586,1744243200000
tank_0646,0.0,1744243200000
tank_0663,12.219607843137254,1744243200000
tank_0664,0.0,1744243200000
tank_0666,18.56862745098039,1744243200000
tank_0667,30.44705882352941,1744243200000
tank_0670,0.0,1744243200000
tank_0675,0.0,1744243200000
tank_0676,470.0,1744243200000
tank_0678,0.44313725490196076,1744243200000
tank_0681,28.035294117647055,1744243200000
tank_0687,0.0,1744243200000
tank_0688,177.0,1744243200000
tank_0697,1.6549019607843136,1744243200000
tank_0720,2.8,1744243200000
tank_0722,4.0,1744243200000
tank_0724,3.2784313725490195,1744243200000
tank_0725,0.0,1744243200000
tank_0728,0.0,1744243200000
tank_0730,9.04313725490196,1744243200000
tank_0731,362.0,1744243200000
tank_0732,7.721568627450981,1744243200000
tank_0737,570.0,1744243200000
tank_0739,0.3176470588235294,1744243200000
tank_0740,69.7764705882353,1744243200000
tank_0746,0.0,1744243200000
tank_0748,5.976470588235294,1744243200000
tank_0749,41.4156862745098,1744243200000
tank_0752,16.0,1744243200000
tank_0760,0.0,1744243200000
tank_0770,21.160784313725486,1744243200000
tank_0772,0.39215686274509803,1744243200000
tank_0788,0.0,1744243200000
tank_0789,14.0,1744243200000
tank_0792,200.74509803921566,1744243200000
tank_0797,4.0,1744243200000
tank_0800,217.0,1744243200000
tank_0802,1.0,1744243200000
tank_0803,0.0,1744243200000
tank_0808,2.3058823529411763,1744243200000
tank_0810,3.0,1744243200000
tank_0811,20.03529411764706,1744243200000
tank_0812,47.0,1744243200000
tank_0813,1.2352941176470589,1744243200000
tank_0816,0.9058823529411765,1744243200000
tank_0819,0.0,1744243200000
tank_0823,0.0,1744243200000
tank_0824,97.0,1744243200000
tank_0825,0.0,1744243200000
tank_0828,6.0,1744243200000
tank_0829,30.0,1744243200000
tank_0830,0.0,1744243200000
tank_0831,71.85098039215687,1744243200000
tank_0844,0.0,1744243200000
tank_0852,49.56470588235294,1744243200000
tank_0855,26.0,1744243200000
tank_0856,25.0,1744243200000
tank_0860,14.0,1744243200000
tank_0861,0.0,1744243200000
tank_0872,22.0,1744243200000
tank_0875,337.0627450980392,1744243200000
tank_0879,6.0,1744243200000
tank_0885,4.552941176470588,1744243200000
tank_0891,0.0,1744243200000
tank_0894,18.0,1744243200000
tank_0898,80.0,1744243200000
tank_0900,4.0,1744243200000
tank_0901,56.0,1744243200000
tank_0902,1.0,1744243200000
tank_0914,0.0,1744243200000
tank_0917,37.0,1744243200000
tank_0919,49.91764705882353,1744243200000
tank_0920,20.0,1744243200000
tank_0922,154.0,1744243200000
tank_0923,10.0,1744243200000
tank_0924,8.95294117647059,1744243200000
tank_0926,7.768627450980392,1744243200000
tank_0927,2.3019607843137253,1744243200000
tank_0928,39.0,1744243200000
tank_0930,31.0,1744243200000
tank_0931,51.0,1744243200000
tank_0933,0.0,1744243200000
tank_0934,0.0,1744243200000
tank_0937,0.0,1744243200000
tank_0938,0.0,1744243200000
tank_0939,0.0,1744243200000
tank_0944,96.0,1744243200000
tank_0946,3.7098039215686276,1744243200000
tank_0952,0.0,1744243200000
tank_0958,0.0,1744243200000
tank_0962,662.0,1744243200000
tank_0967,4.517647058823529,1744243200000
tank_0975,0.0,1744243200000
tank_0978,0.0,1744243200000
tank_0990,0.0,1744243200000
tank_0991,168.0,1744243200000
tank_0998,0.0,1744243200000
tank_0999,2.686274509803922,1744243200000
tank_1003,829.0,1744243200000
tank_1004,13.941176470588234,1744243200000
tank_1014,88.0,1744243200000
tank_1026,174.0,1744243200000
tank_1031,0.0,1744243200000
tank_1032,24.219607843137254,1744243200000
tank_1034,0.0,1744243200000
tank_1042,31.894117647058824,1744243200000
tank_1045,0.0,1744243200000
tank_1049,79.0,1744243200000
tank_1055,5.32156862745098,1744243200000
tank_1061,5.0,1744243200000
tank_1062,14.725490196078429,1744243200000
tank_1064,0.0,1744243200000
tank_1065,3.7176470588235295,1744243200000
tank_1066,7.9372549019607845,1744243200000
tank_1070,70.0,1744243200000
tank_1073,0.0,1744243200000
tank_1083,0.0,1744243200000
tank_1086,0.0,1744243200000
tank_1088,18.219607843137254,1744243200000
tank_1089,27.0,1744243200000
tank_1090,127.0,1744243200000
tank_1091,0.0,1744243200000
tank_1094,767.0,1744243200000
tank_1095,8.0,1744243200000
tank_1104,0.0,1744243200000
tank_1113,31.0,1744243200000
tank_1116,2.4352941176470586,1744243200000
tank_1117,0.0,1744243200000
tank_1120,117.0,1744243200000
tank_1121,449.0,1744243200000
tank_1124,29.58823529411765,1744243200000
tank_1128,20.0,1744243200000
tank_1134,2.0705882352941174,1744243200000
tank_1135,54.0,1744243200000
tank_1146,0.0,1744243200000
tank_1149,1.0862745098039217,1744243200000
tank_1156,0.0,1744243200000
tank_1157,16.321568627450983,1744243200000
tank_1159,51.0,1744243200000
tank_1160,700.0,1744243200000
tank_1166,1.1294117647058823,1744243200000
tank_1170,6.423529411764704,1744243200000
tank_1175,0.0,1744243200000
tank_1177,32.792156862745095,1744243200000
tank_1179,0.0,1744243200000
tank_1181,43.94117647058823,1744243200000
tank_1186,80.0,1744243200000
tank_1187,73.23529411764706,1744243200000
tank_1190,3.0666666666666664,1744243200000
tank_1192,0.0,1744243200000
tank_1196,0.0,1744243200000
tank_1197,1064.0,1744243200000
tank_1201,0.0,1744243200000
tank_1203,5.007843137254902,1744243200000
tank_1205,196.0,1744243200000
tank_1209,716.0,1744243200000
tank_1217,0.0,1744243200000
tank_1223,0.0,1744243200000
tank_1226,163.77647058823527,1744243200000
tank_1228,521.0,1744243200000
tank_1230,0.0,1744243200000
tank_1237,36.0,1744243200000
tank_1239,637.0,1744243200000
tank_1245,0.0,1744243200000
tank_1246,128.0,1744243200000
tank_1250,0.0,1744243200000
tank_1254,895.0,1744243200000
tank_1255,8.682352941176472,1744243200000
tank_1258,111.0,1744243200000
tank_1261,0.0,1744243200000
tank_1262,9.803921568627452,1744243200000
tank_1263,14.0,1744243200000
tank_1265,48.0,1744243200000
tank_1270,37.45490196078431,1744243200000
tank_1272,16.99607843137255,1744243200000
tank_1275,5.188235294117647,1744243200000
tank_1276,128.9764705882353,1744243200000
tank_1279,11.866666666666667,1744243200000
tank_1280,0.0,1744243200000
tank_1284,1.6235294117647059,1744243200000
tank_1285,3.7294117647058824,1744243200000
tank_1286,143.078431372549,1744243200000
tank_1290,19.87843137254902,1744243200000
tank_1291,0.0,1744243200000
tank_1293,11.0,1744243200000
tank_1295,0.0,1744243200000
tank_1297,35.0,1744243200000
tank_1301,250.0,1744243200000
tank_1302,27.0,1744243200000
tank_1304,0.23529411764705882,1744243200000
tank_1305,61.0,1744243200000
tank_1313,1084.0,1744243200000
tank_1322,0.0,1744243200000
tank_1325,15.0,1744243200000
tank_1326,1.0666666666666667,1744243200000
tank_1344,4.0,1744243200000
tank_1346,21.784313725490193,1744243200000
tank_1349,0.0,1744243200000
tank_1353,1113.0,1744243200000
tank_1358,1.4235294117647057,1744243200000
tank_1359,0.0,1744243200000
tank_1361,426.0,1744243200000
tank_1364,900.0,1744243200000
tank_1365,0.0,1744243200000
tank_1372,19.0,1744243200000
tank_1374,127.0,1744243200000
tank_1378,430.0,1744243200000
tank_1380,0.0,1744243200000
tank_1386,369.0,1744243200000
tank_1391,13.0,1744243200000
tank_1393,0.0,1744243200000
tank_1396,63.0,1744243200000
tank_1397,0.0,1744243200000
tank_1403,0.0,1744243200000
tank_1409,0.0,1744243200000
tank_1412,0.0,1744243200000
tank_1415,0.0,1744243200000
tank_1416,14.980392156862745,1744243200000
tank_1421,339.0,1744243200000
tank_1422,0.0,1744243200000
tank_1425,181.0,1744243200000
tank_1426,4.0,1744243200000
tank_1430,0.0,1744243200000
tank_1433,350.0,1744243200000
tank_1438,0.0,1744243200000
tank_1439,7.0,1744243200000
tank_1441,1.0,1744243200000
tank_1443,0.0,1744243200000
tank_1445,0.03529411764705882,1744243200000
tank_1446,8.0,1744243200000
tank_1450,0.0,1744243200000
tank_1452,0.0,1744243200000
tank_1456,0.0,1744243200000
tank_1466,36.996078431372545,1744243200000
tank_1471,8.278431372549019,1744243200000
tank_1475,249.0,1744243200000
tank_1486,358.0,1744243200000
tank_1488,126.96862745098039,1744243200000
tank_1491,0.0,1744243200000
tank_1500,3.0,1744243200000
tank_1505,445.0,1744243200000
tank_1513,21.0,1744243200000
tank_1531,0.0,1744243200000
tank_1536,36.964705882352945,1744243200000
tank_1539,147.0,1744243200000
tank_1541,113.69019607843137,1744243200000
tank_1542,0.0,1744243200000
tank_1547,177.0,1744243200000
tank_1563,0.0,1744243200000
tank_1564,0.0,1744243200000
tank_1565,531.0,1744243200000
tank_1567,0.0,1744243200000
tank_1568,0.0,1744243200000
tank_1573,142.0,1744243200000
tank_1583,0.0,1744243200000
tank_1587,120.0,1744243200000
tank_1588,0.0,1744243200000
tank_1592,0.0,1744243200000
tank_1594,0.0,1744243200000
tank_1595,0.0,1744243200000
tank_1597,0.0,1744243200000
tank_1598,22.53333333333333,1744243200000
tank_1600,17.627450980392158,1744243200000
tank_1604,17.576470588235296,1744243200000
tank_0002,0.0,1745280000000
tank_0004,0.0,1745280000000
tank_0005,0.0,1745280000000
tank_0011,0.0,1745280000000
tank_0014,0.0,1745280000000
tank_0019,0.0,1745280000000
tank_0024,0.0,1745280000000
tank_0025,0.0,1745280000000
tank_0026,0.0,1745280000000
tank_0027,0.0,1745280000000
tank_0030,0.0,1745280000000
tank_0031,24.0,1745280000000
tank_0036,0.0,1745280000000
tank_0037,0.0,1745280000000
tank_0038,0.0,1745280000000
tank_0050,0.0,1745280000000
tank_0051,0.0,1745280000000
tank_0052,0.0,1745280000000
tank_0053,1.5058823529411764,1745280000000
tank_0055,0.0,1745280000000
tank_0057,0.0,1745280000000
tank_0058,0.0,1745280000000
tank_0064,20.0,1745280000000
tank_0069,75.0,1745280000000
tank_0072,0.0,1745280000000
tank_0073,0.0,1745280000000
tank_0080,24.6,1745280000000
tank_0094,0.0,1745280000000
tank_0107,0.0,1745280000000
tank_0110,0.0,1745280000000
tank_0113,3.003921568627451,1745280000000
tank_0115,0.0,1745280000000
tank_0116,3.980392156862745,1745280000000
tank_0117,70.0,1745280000000
tank_0118,0.0,1745280000000
tank_0122,0.0,1745280000000
tank_0125,0.0,1745280000000
tank_0130,0.0,1745280000000
tank_0131,0.0,1745280000000
tank_0132,0.0,1745280000000
tank_0134,3.0,1745280000000
tank_0135,0.0,1745280000000
tank_0142,0.0,1745280000000
tank_0143,0.0,1745280000000
tank_0144,0.0,1745280000000
tank_0148,0.0,1745280000000
tank_0153,0.0,1745280000000
tank_0156,0.0,1745280000000
tank_0159,0.0,1745280000000
tank_0165,0.0,1745280000000
tank_0171,0.0,1745280000000
tank_0172,0.0,1745280000000
tank_0174,2.0,1745280000000
tank_0176,0.0,1745280000000
tank_0184,0.0,1745280000000
tank_0187,0.0,1745280000000
tank_0190,0.0,1745280000000
tank_0192,0.3803921568627451,1745280000000
tank_0193,0.0,1745280000000
tank_0195,0.0,1745280000000
tank_0199,0.0,1745280000000
tank_0204,0.0,1745280000000
tank_0205,0.0,1745280000000
tank_0207,0.0,1745280000000
tank_0209,0.0,1745280000000
tank_0213,0.0,1745280000000
tank_0217,0.0,1745280000000
tank_0220,0.0,1745280000000
tank_0221,1.9568627450980394,1745280000000
tank_0225,0.0,1745280000000
tank_0226,0.0,1745280000000
tank_0228,0.0,1745280000000
tank_0229,0.0,1745280000000
tank_0231,0.0,1745280000000
tank_0233,0.0,1745280000000
tank_0236,0.0,1745280000000
tank_0237,0.0,1745280000000
tank_0240,0.0,1745280000000
tank_0242,0.0,1745280000000
tank_0245,0.0,1745280000000
tank_0247,3.0,1745280000000
tank_0256,0.0,1745280000000
tank_0257,0.0,1745280000000
tank_0260,0.0,1745280000000
tank_0261,0.0,1745280000000
tank_0264,0.0,1745280000000
tank_0273,179.0,1745280000000
tank_0276,0.0,1745280000000
tank_0278,0.0,1745280000000
tank_0280,0.0,1745280000000
tank_0291,0.0,1745280000000
tank_0292,0.0,1745280000000
tank_0296,0.0,1745280000000
tank_0297,5.352941176470589,1745280000000
tank_0299,0.0,1745280000000
tank_0300,6.258823529411765,1745280000000
tank_0301,0.0,1745280000000
tank_0307,0.0,1745280000000
tank_0309,0.0,1745280000000
tank_0313,0.0,1745280000000
tank_0314,0.0,1745280000000
tank_0319,0.0,1745280000000
tank_0321,0.0,1745280000000
tank_0327,0.0,1745280000000
tank_0337,0.0,1745280000000
tank_0338,0.0,1745280000000
tank_0339,4.88627450980392,1745280000000
tank_0342,0.0,1745280000000
tank_0345,0.0,1745280000000
tank_0346,0.0,1745280000000
tank_0349,151.0,1745280000000
tank_0350,0.0,1745280000000
tank_0353,0.0,1745280000000
tank_0356,0.0,1745280000000
tank_0360,0.0,1745280000000
tank_0361,0.0,1745280000000
tank_0362,0.0,1745280000000
tank_0364,0.0,1745280000000
tank_0366,0.0,1745280000000
tank_0369,0.0,1745280000000
tank_0375,0.0,1745280000000
tank_0379,0.0,1745280000000
tank_0381,0.0,1745280000000
tank_0386,0.0,1745280000000
tank_0390,0.0,1745280000000
tank_0397,0.0,1745280000000
tank_0399,0.0,1745280000000
tank_0404,22.0,1745280000000
tank_0409,0.0,1745280000000
tank_0420,0.0,1745280000000
tank_0425,0.0,1745280000000
tank_0431,0.0,1745280000000
tank_0432,0.0,1745280000000
tank_0435,0.0,1745280000000
tank_0436,0.0,1745280000000
tank_0438,0.0,1745280000000
tank_0443,0.0,1745280000000
tank_0444,0.0,1745280000000
tank_0447,1.0666666666666667,1745280000000
tank_0448,0.0,1745280000000
tank_0449,0.0,1745280000000
tank_0455,0.0,1745280000000
tank_0460,3.0,1745280000000
tank_0462,0.0,1745280000000
tank_0466,0.0,1745280000000
tank_0471,0.0,1745280000000
tank_0473,9.0,1745280000000
tank_0474,0.0,1745280000000
tank_0481,0.0,1745280000000
tank_0485,0.0,1745280000000
tank_0489,0.0,1745280000000
tank_0491,0.0,1745280000000
tank_0494,0.0,1745280000000
tank_0497,0.0,1745280000000
tank_0498,0.7215686274509804,1745280000000
tank_0502,0.0,1745280000000
tank_0505,0.0,1745280000000
tank_0509,0.0,1745280000000
tank_0512,137.0,1745280000000
tank_0514,0.0,1745280000000
tank_0515,0.0,1745280000000
tank_0521,0.0,1745280000000
tank_0524,0.0,1745280000000
tank_0526,16.0,1745280000000
tank_0533,0.0,1745280000000
tank_0534,0.0,1745280000000
tank_0536,0.0,1745280000000
tank_0537,5.670588235294118,1745280000000
tank_0541,0.0,1745280000000
tank_0547,0.0,1745280000000
tank_0552,1.0,1745280000000
tank_0555,0.0,1745280000000
tank_0556,0.0,1745280000000
tank_0557,0.0,1745280000000
tank_0560,0.0,1745280000000
tank_0561,0.0,1745280000000
tank_0566,0.0,1745280000000
tank_0567,0.0,1745280000000
tank_0568,0.0,1745280000000
tank_0574,10.0,1745280000000
tank_0579,96.0,1745280000000
tank_0583,27.0,1745280000000
tank_0587,0.0,1745280000000
tank_0589,0.0,1745280000000
tank_0590,0.0,1745280000000
tank_0592,0.0,1745280000000
tank_0593,0.0,1745280000000
tank_0595,0.0,1745280000000
tank_0600,0.0,1745280000000
tank_0604,0.0,1745280000000
tank_0606,0.0,1745280000000
tank_0607,0.0,1745280000000
tank_0608,253.0,1745280000000
tank_0610,2.0,1745280000000
tank_0611,0.0,1745280000000
tank_0612,0.0,1745280000000
tank_0613,0.0,1745280000000
tank_0619,0.0,1745280000000
tank_0626,0.0,1745280000000
tank_0627,0.0,1745280000000
tank_0628,0.0,1745280000000
tank_0632,0.0,1745280000000
tank_0633,0.0,1745280000000
tank_0639,4.0,1745280000000
tank_0640,0.0,1745280000000
tank_0641,0.0,1745280000000
tank_0643,0.0,1745280000000
tank_0646,0.0,1745280000000
tank_0663,0.0,1745280000000
tank_0664,0.0,1745280000000
tank_0666,0.0,1745280000000
tank_0667,0.0,1745280000000
tank_0670,0.0,1745280000000
tank_0675,0.0,1745280000000
tank_0676,372.0,1745280000000
tank_0678,0.5019607843137255,1745280000000
tank_0681,0.0,1745280000000
tank_0687,0.0,1745280000000
tank_0688,74.0,1745280000000
tank_0697,0.0,1745280000000
tank_0720,0.0,1745280000000
tank_0722,5.0,1745280000000
tank_0724,0.0,1745280000000
tank_0725,0.0,1745280000000
tank_0728,0.0,1745280000000
tank_0730,0.0,1745280000000
tank_0731,760.0,1745280000000
tank_0732,0.0,1745280000000
tank_0737,467.0,1745280000000
tank_0739,3.105882352941176,1745280000000
tank_0740,3.0,1745280000000
tank_0746,0.0,1745280000000
tank_0748,4.0,1745280000000
tank_0749,0.0,1745280000000
tank_0752,0.0,1745280000000
tank_0760,0.0,1745280000000
tank_0770,20.05098039215686,1745280000000
tank_0772,2.0,1745280000000
tank_0788,0.0,1745280000000
tank_0789,0.0,1745280000000
tank_0792,333.96078431372547,1745280000000
tank_0797,2.0,1745280000000
tank_0800,9.0,1745280000000
tank_0802,4.0,1745280000000
tank_0803,1.0,1745280000000
tank_0808,14.619607843137254,1745280000000
tank_0810,8.0,1745280000000
tank_0811,0.4980392156862745,1745280000000
tank_0812,53.0,1745280000000
tank_0813,1.572549019607843,1745280000000
tank_0816,10.298039215686273,1745280000000
tank_0819,0.0,1745280000000
tank_0823,0.0,1745280000000
tank_0824,52.0,1745280000000
tank_0825,0.0,1745280000000
tank_0828,2.0,1745280000000
tank_0829,43.984313725490196,1745280000000
tank_0830,0.0,1745280000000
tank_0831,0.0,1745280000000
tank_0844,0.0,1745280000000
tank_0852,24.0,1745280000000
tank_0855,33.0,1745280000000
tank_0856,378.0,1745280000000
tank_0860,8.0,1745280000000
tank_0861,0.0,1745280000000
tank_0872,26.933333333333334,1745280000000
tank_0875,326.7450980392157,1745280000000
tank_0879,0.0,1745280000000
tank_0885,0.0,1745280000000
tank_0891,0.0,1745280000000
tank_0894,396.0,1745280000000
tank_0898,200.0,1745280000000
tank_0900,6.996078431372549,1745280000000
tank_0901,38.76470588235294,1745280000000
tank_0902,78.0,1745280000000
tank_0914,0.0,1745280000000
tank_0917,59.0,1745280000000
tank_0919,26.0,1745280000000
tank_0920,8.0,1745280000000
tank_0922,138.0,1745280000000
tank_0923,5.862745098039216,1745280000000
tank_0924,0.0,1745280000000
tank_0926,0.0,1745280000000
tank_0927,0.0,1745280000000
tank_0928,31.0,1745280000000
tank_0930,44.0,1745280000000
tank_0931,38.0,1745280000000
tank_0933,0.0,1745280000000
tank_0934,0.0,1745280000000
tank_0937,0.0,1745280000000
tank_0938,0.0,1745280000000
tank_0939,0.0,1745280000000
tank_0944,67.9921568627451,1745280000000
tank_0946,0.0,1745280000000
tank_0952,0.0,1745280000000
tank_0958,0.0,1745280000000
tank_0962,1456.0,1745280000000
tank_0967,0.7490196078431373,1745280000000
tank_0975,0.0,1745280000000
tank_0978,0.0,1745280000000
tank_0990,0.0,1745280000000
tank_0991,354.0,1745280000000
tank_0998,0.0,1745280000000
tank_0999,3.2666666666666666,1745280000000
tank_1003,308.0,1745280000000
tank_1004,1.0,1745280000000
tank_1014,79.0,1745280000000
tank_1026,214.0,1745280000000
tank_1031,0.0,1745280000000
tank_1032,1.0,1745280000000
tank_1034,0.11764705882352941,1745280000000
tank_1042,36.0,1745280000000
tank_1045,0.0,1745280000000
tank_1049,58.0,1745280000000
tank_1055,1.0,1745280000000
tank_1061,12.0,1745280000000
tank_1062,0.0,1745280000000
tank_1064,0.0,1745280000000
tank_1065,0.9725490196078431,1745280000000
tank_1066,0.0,1745280000000
tank_1070,64.0,1745280000000
tank_1073,0.0,1745280000000
tank_1083,0.0,1745280000000
tank_1086,0.0,1745280000000
tank_1088,13.690196078431374,1745280000000
tank_1089,25.0,1745280000000
tank_1090,92.0,1745280000000
tank_1091,0.0,1745280000000
tank_1094,1400.0,1745280000000
tank_1095,5.0,1745280000000
tank_1104,0.0,1745280000000
tank_1113,37.0,1745280000000
tank_1116,0.0,1745280000000
tank_1117,0.0,1745280000000
tank_1120,137.0,1745280000000
tank_1121,417.0,1745280000000
tank_1124,27.63137254901961,1745280000000
tank_1128,0.0,1745280000000
tank_1134,3.329411764705882,1745280000000
tank_1135,52.66274509803921,1745280000000
tank_1146,0.0,1745280000000
tank_1149,0.0,1745280000000
tank_1156,0.0,1745280000000
tank_1157,16.964705882352945,1745280000000
tank_1159,271.0,1745280000000
tank_1160,711.0,1745280000000
tank_1166,0.0,1745280000000
tank_1170,7.125490196078432,1745280000000
tank_1175,0.0,1745280000000
tank_1177,2.0,1745280000000
tank_1179,0.3607843137254902,1745280000000
tank_1181,37.0,1745280000000
tank_1186,75.0,1745280000000
tank_1187,13.462745098039216,1745280000000
tank_1190,0.0,1745280000000
tank_1192,12.0,1745280000000
tank_1196,0.0,1745280000000
tank_1197,941.9921568627451,1745280000000
tank_1201,0.0,1745280000000
tank_1203,0.0,1745280000000
tank_1205,181.0,1745280000000
tank_1209,90.0,1745280000000
tank_1217,0.0,1745280000000
tank_1223,0.0,1745280000000
tank_1226,147.60784313725492,1745280000000
tank_1228,475.0,1745280000000
tank_1230,0.0,1745280000000
tank_1237,24.95294117647059,1745280000000
tank_1239,605.0,1745280000000
tank_1245,0.0,1745280000000
tank_1246,104.0,1745280000000
tank_1250,0.0,1745280000000
tank_1254,1474.0,1745280000000
tank_1255,1.203921568627451,1745280000000
tank_1258,90.0,1745280000000
tank_1261,0.0,1745280000000
tank_1262,0.0,1745280000000
tank_1263,13.0,1745280000000
tank_1265,38.0,1745280000000
tank_1270,13.0,1745280000000
tank_1272,7.0,1745280000000
tank_1275,0.0,1745280000000
tank_1276,124.0,1745280000000
tank_1279,2.992156862745098,1745280000000
tank_1280,0.0,1745280000000
tank_1284,0.0,1745280000000
tank_1285,2.0,1745280000000
tank_1286,127.33725490196078,1745280000000
tank_1290,20.87843137254902,1745280000000
tank_1291,0.0,1745280000000
tank_1293,1.0,1745280000000
tank_1295,0.0,1745280000000
tank_1297,14.0,1745280000000
tank_1301,217.0,1745280000000
tank_1302,27.0,1745280000000
tank_1304,0.0,1745280000000
tank_1305,46.0,1745280000000
tank_1313,1090.0,1745280000000
tank_1322,0.0,1745280000000
tank_1325,5.0,1745280000000
tank_1326,1.0,1745280000000
tank_1344,0.0,1745280000000
tank_1346,15.745098039215687,1745280000000
tank_1349,0.9607843137254902,1745280000000
tank_1353,929.0,1745280000000
tank_1358,0.0,1745280000000
tank_1359,0.0,1745280000000
tank_1361,378.0,1745280000000
tank_1364,1280.0,1745280000000
tank_1365,0.0,1745280000000
tank_1372,12.0,1745280000000
tank_1374,154.0,1745280000000
tank_1378,466.0,1745280000000
tank_1380,0.0,1745280000000
tank_1386,303.0,1745280000000
tank_1391,9.0,1745280000000
tank_1393,0.0,1745280000000
tank_1396,42.0,1745280000000
tank_1397,0.0,1745280000000
tank_1403,0.0,1745280000000
tank_1409,0.0,1745280000000
tank_1412,0.0,1745280000000
tank_1415,0.0,1745280000000
tank_1416,7.980392156862745,1745280000000
tank_1421,325.0,1745280000000
tank_1422,0.0,1745280000000
tank_1425,185.0,1745280000000
tank_1426,1.0,1745280000000
tank_1430,0.0,1745280000000
tank_1433,277.0,1745280000000
tank_1438,0.0,1745280000000
tank_1439,3.0,1745280000000
tank_1441,2.0,1745280000000
tank_1443,0.0,1745280000000
tank_1445,4.0,1745280000000
tank_1446,4.0,1745280000000
tank_1450,0.0,1745280000000
tank_1452,0.0,1745280000000
tank_1456,0.0,1745280000000
tank_1466,22.972549019607847,1745280000000
tank_1471,3.2588235294117647,1745280000000
tank_1475,84.0,1745280000000
tank_1486,298.0,1745280000000
tank_1488,97.0,1745280000000
tank_1491,0.0,1745280000000
tank_1500,0.0,1745280000000
tank_1505,429.0,1745280000000
tank_1513,122.0,1745280000000
tank_1531,0.0,1745280000000
tank_1536,27.0,1745280000000
tank_1539,149.0,1745280000000
tank_1541,85.0,1745280000000
tank_1542,0.0,1745280000000
tank_1547,240.0,1745280000000
tank_1563,0.0,1745280000000
tank_1564,0.0,1745280000000
tank_1565,755.0,1745280000000
tank_1567,0.0,1745280000000
tank_1568,0.0,1745280000000
tank_1573,118.0,1745280000000
tank_1583,0.0,1745280000000
tank_1587,0.0,1745280000000
tank_1588,0.0,1745280000000
tank_1592,0.0,1745280000000
tank_1594,0.0,1745280000000
tank_1595,0.0,1745280000000
tank_1597,0.0,1745280000000
tank_1598,31.439215686274512,1745280000000
tank_1600,21.517647058823528,1745280000000
tank_1604,0.0,1745280000000
tank_0002,0.0,1746316800000
tank_0004,0.0,1746316800000
tank_0005,0.0,1746316800000
tank_0011,2.0,1746316800000
tank_0014,2.0,1746316800000
tank_0019,0.0,1746316800000
tank_0024,9.392156862745098,1746316800000
tank_0025,2.56078431372549,1746316800000
tank_0026,1.0431372549019609,1746316800000
tank_0027,0.0,1746316800000
tank_0030,0.0,1746316800000
tank_0031,6.0,1746316800000
tank_0036,0.0,1746316800000
tank_0037,6.784313725490196,1746316800000
tank_0038,24.219607843137254,1746316800000
tank_0050,0.0,1746316800000
tank_0051,0.0,1746316800000
tank_0052,1.8666666666666667,1746316800000
tank_0053,33.01176470588234,1746316800000
tank_0055,0.0,1746316800000
tank_0057,2.0,1746316800000
tank_0058,3.992156862745098,1746316800000
tank_0064,4.368627450980392,1746316800000
tank_0069,80.0,1746316800000
tank_0072,0.0,1746316800000
tank_0073,0.0,1746316800000
tank_0080,19.0,1746316800000
tank_0094,0.0,1746316800000
tank_0107,0.0,1746316800000
tank_0110,33.92549019607843,1746316800000
tank_0113,29.24705882352941,1746316800000
tank_0115,0.0,1746316800000
tank_0116,0.0,1746316800000
tank_0117,61.0,1746316800000
tank_0118,0.0,1746316800000
tank_0122,0.0,1746316800000
tank_0125,3.588235294117647,1746316800000
tank_0130,0.0,1746316800000
tank_0131,0.03529411764705882,1746316800000
tank_0132,0.0,1746316800000
tank_0134,0.0,1746316800000
tank_0135,0.0,1746316800000
tank_0142,0.0,1746316800000
tank_0143,0.0,1746316800000
tank_0144,0.0,1746316800000
tank_0148,2.2470588235294118,1746316800000
tank_0153,0.0,1746316800000
tank_0156,15.407843137254902,1746316800000
tank_0159,0.0,1746316800000
tank_0165,14.474509803921569,1746316800000
tank_0171,0.0,1746316800000
tank_0172,0.0,1746316800000
tank_0174,0.0,1746316800000
tank_0176,6.952941176470588,1746316800000
tank_0184,0.0,1746316800000
tank_0187,0.0,1746316800000
tank_0190,15.843137254901963,1746316800000
tank_0192,0.0,1746316800000
tank_0193,0.0,1746316800000
tank_0195,0.0,1746316800000
tank_0199,0.0,1746316800000
tank_0204,0.0,1746316800000
tank_0205,0.0,1746316800000
tank_0207,0.054901960784313725,1746316800000
tank_0209,0.0,1746316800000
tank_0213,0.0,1746316800000
tank_0217,0.0,1746316800000
tank_0220,0.7450980392156863,1746316800000
tank_0221,9.44705882352941,1746316800000
tank_0225,0.0,1746316800000
tank_0226,0.0,1746316800000
tank_0228,0.0,1746316800000
tank_0229,3.0,1746316800000
tank_0231,6.011764705882353,1746316800000
tank_0233,0.0,1746316800000
tank_0236,0.0,1746316800000
tank_0237,0.0,1746316800000
tank_0240,0.0,1746316800000
tank_0242,0.0,1746316800000
tank_0245,1.603921568627451,1746316800000
tank_0247,0.0,1746316800000
tank_0256,0.0,1746316800000
tank_0257,0.0,1746316800000
tank_0260,0.0,1746316800000
tank_0261,0.0,1746316800000
tank_0264,0.0,1746316800000
tank_0273,54.0,1746316800000
tank_0276,0.0,1746316800000
tank_0278,0.0,1746316800000
tank_0280,0.0,1746316800000
tank_0291,0.0,1746316800000
tank_0292,0.13333333333333333,1746316800000
tank_0296,0.0,1746316800000
tank_0297,1.9607843137254903,1746316800000
tank_0299,0.0,1746316800000
tank_0300,16.784313725490193,1746316800000
tank_0301,1.4980392156862745,1746316800000
tank_0307,0.0,1746316800000
tank_0309,4.0,1746316800000
tank_0313,0.0,1746316800000
tank_0314,0.0,1746316800000
tank_0319,0.0,1746316800000
tank_0321,2.0,1746316800000
tank_0327,0.0,1746316800000
tank_0337,0.0,1746316800000
tank_0338,4.0,1746316800000
tank_0339,4.96078431372549,1746316800000
tank_0342,4.8352941176470585,1746316800000
tank_0345,0.0,1746316800000
tank_0346,0.0,1746316800000
tank_0349,115.0,1746316800000
tank_0350,2.0,1746316800000
tank_0353,0.0,1746316800000
tank_0356,0.0,1746316800000
tank_0360,0.0,1746316800000
tank_0361,0.0,1746316800000
tank_0362,0.0,1746316800000
tank_0364,0.0,1746316800000
tank_0366,12.274509803921568,1746316800000
tank_0369,0.0,1746316800000
tank_0375,2.1254901960784314,1746316800000
tank_0379,0.0,1746316800000
tank_0381,0.0,1746316800000
tank_0386,0.0,1746316800000
tank_0390,0.0,1746316800000
tank_0397,0.0,1746316800000
tank_0399,3.4941176470588236,1746316800000
tank_0404,20.0,1746316800000
tank_0409,0.40784313725490196,1746316800000
tank_0420,0.050980392156862744,1746316800000
tank_0425,0.0,1746316800000
tank_0431,0.0,1746316800000
tank_0432,0.0,1746316800000
tank_0435,0.0,1746316800000
tank_0436,0.0,1746316800000
tank_0438,4.070588235294117,1746316800000
tank_0443,0.0,1746316800000
tank_0444,0.0,1746316800000
tank_0447,6.6,1746316800000
tank_0448,2.0,1746316800000
tank_0449,4.588235294117647,1746316800000
tank_0455,13.03921568627451,1746316800000
tank_0460,7.729411764705882,1746316800000
tank_0462,0.0,1746316800000
tank_0466,0.0,1746316800000
tank_0471,11.24705882352941,1746316800000
tank_0473,18.0,1746316800000
tank_0474,1.392156862745098,1746316800000
tank_0481,17.423529411764704,1746316800000
tank_0485,0.0,1746316800000
tank_0489,5.8431372549019605,1746316800000
tank_0491,0.0,1746316800000
tank_0494,0.0,1746316800000
tank_0497,0.1568627450980392,1746316800000
tank_0498,4.9450980392156865,1746316800000
tank_0502,0.0,1746316800000
tank_0505,0.0,1746316800000
tank_0509,0.37254901960784315,1746316800000
tank_0512,99.0,1746316800000
tank_0514,0.0,1746316800000
tank_0515,2.5019607843137255,1746316800000
tank_0521,0.0,1746316800000
tank_0524,0.0,1746316800000
tank_0526,18.87450980392157,1746316800000
tank_0533,0.0,1746316800000
tank_0534,0.0,1746316800000
tank_0536,0.0,1746316800000
tank_0537,0.0,1746316800000
tank_0541,0.0,1746316800000
tank_0547,0.0,1746316800000
tank_0552,3.207843137254902,1746316800000
tank_0555,0.0,1746316800000
tank_0556,0.0,1746316800000
tank_0557,0.0,1746316800000
tank_0560,5.654901960784314,1746316800000
tank_0561,0.0,1746316800000
tank_0566,0.0,1746316800000
tank_0567,0.0,1746316800000
tank_0568,20.619607843137256,1746316800000
tank_0574,0.0,1746316800000
tank_0579,99.0,1746316800000
tank_0583,7.0,1746316800000
tank_0587,1.9254901960784314,1746316800000
tank_0589,0.0,1746316800000
tank_0590,0.0,1746316800000
tank_0592,0.0,1746316800000
tank_0593,0.0,1746316800000
tank_0595,0.0,1746316800000
tank_0600,8.533333333333333,1746316800000
tank_0604,0.0,1746316800000
tank_0606,10.862745098039216,1746316800000
tank_0607,0.0,1746316800000
tank_0608,36.0,1746316800000
tank_0610,0.8901960784313725,1746316800000
tank_0611,0.0,1746316800000
tank_0612,0.0,1746316800000
tank_0613,2.0,1746316800000
tank_0619,0.0,1746316800000
tank_0626,0.0,1746316800000
tank_0627,0.0,1746316800000
tank_0628,0.0,1746316800000
tank_0632,1.0,1746316800000
tank_0633,0.0,1746316800000
tank_0639,1.4313725490196079,1746316800000
tank_0640,2.854901960784314,1746316800000
tank_0641,4.956862745098039,1746316800000
tank_0643,0.0,1746316800000
tank_0646,0.0,1746316800000
tank_0663,0.0,1746316800000
tank_0664,0.0,1746316800000
tank_0666,0.0,1746316800000
tank_0667,0.0,1746316800000
tank_0670,0.0,1746316800000
tank_0675,0.0,1746316800000
tank_0676,273.0,1746316800000
tank_0678,1.1529411764705881,1746316800000
tank_0681,0.0,1746316800000
tank_0687,0.0,1746316800000
tank_0688,0.0,1746316800000
tank_0697,0.0,1746316800000
tank_0720,0.0,1746316800000
tank_0722,6.129411764705883,1746316800000
tank_0724,4.247058823529412,1746316800000
tank_0725,0.0,1746316800000
tank_0728,8.388235294117647,1746316800000
tank_0730,0.0,1746316800000
tank_0731,59.0,1746316800000
tank_0732,0.0,1746316800000
tank_0737,76.0,1746316800000
tank_0739,0.9411764705882353,1746316800000
tank_0740,6.133333333333333,1746316800000
tank_0746,0.0,1746316800000
tank_0748,2.0,1746316800000
tank_0749,2.3058823529411763,1746316800000
tank_0752,22.819607843137252,1746316800000
tank_0760,0.0,1746316800000
tank_0770,16.03921568627451,1746316800000
tank_0772,0.0,1746316800000
tank_0788,0.0,1746316800000
tank_0789,0.0,1746316800000
tank_0792,244.48235294117646,1746316800000
tank_0797,0.0,1746316800000
tank_0800,7.0,1746316800000
tank_0802,2.9215686274509802,1746316800000
tank_0803,0.0,1746316800000
tank_0808,2.0,1746316800000
tank_0810,6.0,1746316800000
tank_0811,22.823529411764707,1746316800000
tank_0812,37.0,1746316800000
tank_0813,0.0,1746316800000
tank_0816,6.0,1746316800000
tank_0819,0.0,1746316800000
tank_0823,0.0,1746316800000
tank_0824,1.0,1746316800000
tank_0825,0.0,1746316800000
tank_0828,2.0,1746316800000
tank_0829,28.858823529411765,1746316800000
tank_0830,0.0,1746316800000
tank_0831,1.7137254901960786,1746316800000
tank_0844,0.0,1746316800000
tank_0852,21.941176470588236,1746316800000
tank_0855,5.0,1746316800000
tank_0856,37.0,1746316800000
tank_0860,6.0,1746316800000
tank_0861,0.0,1746316800000
tank_0872,18.0,1746316800000
tank_0875,129.7450980392157,1746316800000
tank_0879,0.0,1746316800000
tank_0885,0.0,1746316800000
tank_0891,1.0,1746316800000
tank_0894,2.0,1746316800000
tank_0898,15.0,1746316800000
tank_0900,18.858823529411765,1746316800000
tank_0901,29.764705882352942,1746316800000
tank_0902,0.0,1746316800000
tank_0914,0.0,1746316800000
tank_0917,24.0,1746316800000
tank_0919,31.0,1746316800000
tank_0920,8.0,1746316800000
tank_0922,16.0,1746316800000
tank_0923,9.980392156862745,1746316800000
tank_0924,0.0,1746316800000
tank_0926,0.0,1746316800000
tank_0927,5.854901960784314,1746316800000
tank_0928,30.0,1746316800000
tank_0930,20.0,1746316800000
tank_0931,35.0,1746316800000
tank_0933,0.0,1746316800000
tank_0934,0.0,1746316800000
tank_0937,0.0,1746316800000
tank_0938,0.0,1746316800000
tank_0939,0.0,1746316800000
tank_0944,58.0,1746316800000
tank_0946,5.0,1746316800000
tank_0952,2.9647058823529413,1746316800000
tank_0958,4.756862745098039,1746316800000
tank_0962,6.0,1746316800000
tank_0967,0.5882352941176471,1746316800000
tank_0975,0.0,1746316800000
tank_0978,0.0,1746316800000
tank_0990,0.0,1746316800000
tank_0991,11.0,1746316800000
tank_0998,0.0,1746316800000
tank_0999,1.9725490196078432,1746316800000
tank_1003,56.0,1746316800000
tank_1004,1.0,1746316800000
tank_1014,30.0,1746316800000
tank_1026,125.0,1746316800000
tank_1031,2.0,1746316800000
tank_1032,13.827450980392157,1746316800000
tank_1034,7.0,1746316800000
tank_1042,30.0,1746316800000
tank_1045,0.0,1746316800000
tank_1049,65.0,1746316800000
tank_1055,5.6,1746316800000
tank_1061,0.0,1746316800000
tank_1062,5.631372549019608,1746316800000
tank_1064,0.0,1746316800000
tank_1065,14.356862745098038,1746316800000
tank_1066,0.2392156862745098,1746316800000
tank_1070,14.0,1746316800000
tank_1073,0.0,1746316800000
tank_1083,0.0,1746316800000
tank_1086,2.0,1746316800000
tank_1088,17.690196078431374,1746316800000
tank_1089,21.8,1746316800000
tank_1090,14.0,1746316800000
tank_1091,4.0,1746316800000
tank_1094,108.0,1746316800000
tank_1095,4.0,1746316800000
tank_1104,0.0,1746316800000
tank_1113,41.0,1746316800000
tank_1116,0.0,1746316800000
tank_1117,0.0,1746316800000
tank_1120,97.0,1746316800000
tank_1121,12.0,1746316800000
tank_1124,20.0,1746316800000
tank_1128,0.0,1746316800000
tank_1134,0.788235294117647,1746316800000
tank_1135,12.0,1746316800000
tank_1146,2.0,1746316800000
tank_1149,0.0,1746316800000
tank_1156,0.0,1746316800000
tank_1157,18.5764705882353,1746316800000
tank_1159,117.0,1746316800000
tank_1160,618.0,1746316800000
tank_1166,0.3529411764705882,1746316800000
tank_1170,24.12549019607843,1746316800000
tank_1175,0.0,1746316800000
tank_1177,4.8,1746316800000
tank_1179,0.823529411764706,1746316800000
tank_1181,18.0,1746316800000
tank_1186,27.0,1746316800000
tank_1187,20.83921568627451,1746316800000
tank_1190,0.0,1746316800000
tank_1192,6.0,1746316800000
tank_1196,0.0,1746316800000
tank_1197,774.0,1746316800000
tank_1201,0.0,1746316800000
tank_1203,7.964705882352942,1746316800000
tank_1205,61.0,1746316800000
tank_1209,152.0,1746316800000
tank_1217,0.0,1746316800000
tank_1223,0.9450980392156862,1746316800000
tank_1226,157.47450980392153,1746316800000
tank_1228,112.0,1746316800000
tank_1230,0.0,1746316800000
tank_1237,25.0,1746316800000
tank_1239,388.0,1746316800000
tank_1245,0.0,1746316800000
tank_1246,42.0,1746316800000
tank_1250,0.0,1746316800000
tank_1254,729.0,1746316800000
tank_1255,16.501960784313724,1746316800000
tank_1258,56.0,1746316800000
tank_1261,0.0,1746316800000
tank_1262,0.33725490196078434,1746316800000
tank_1263,10.0,1746316800000
tank_1265,12.0,1746316800000
tank_1270,11.0,1746316800000
tank_1272,5.0,1746316800000
tank_1275,0.12549019607843137,1746316800000
tank_1276,142.0,1746316800000
tank_1279,0.0,1746316800000
tank_1280,0.0,1746316800000
tank_1284,0.0,1746316800000
tank_1285,0.0,1746316800000
tank_1286,53.0,1746316800000
tank_1290,11.0,1746316800000
tank_1291,0.0,1746316800000
tank_1293,0.0,1746316800000
tank_1295,0.0,1746316800000
tank_1297,2.0,1746316800000
tank_1301,141.0,1746316800000
tank_1302,29.0,1746316800000
tank_1304,0.0,1746316800000
tank_1305,31.0,1746316800000
tank_1313,563.0,1746316800000
tank_1322,0.0,1746316800000
tank_1325,0.0,1746316800000
tank_1326,0.0,1746316800000
tank_1344,0.0,1746316800000
tank_1346,0.0,1746316800000
tank_1349,0.0,1746316800000
tank_1353,458.0,1746316800000
tank_1358,0.0,1746316800000
tank_1359,0.0,1746316800000
tank_1361,176.0,1746316800000
tank_1364,75.0,1746316800000
tank_1365,0.0,1746316800000
tank_1372,6.0,1746316800000
tank_1374,76.0,1746316800000
tank_1378,391.0,1746316800000
tank_1380,0.0,1746316800000
tank_1386,55.0,1746316800000
tank_1391,5.0,1746316800000
tank_1393,0.0,1746316800000
tank_1396,6.0,1746316800000
tank_1397,0.0,1746316800000
tank_1403,0.0,1746316800000
tank_1409,0.0,1746316800000
tank_1412,0.0,1746316800000
tank_1415,0.0,1746316800000
tank_1416,0.0,1746316800000
tank_1421,114.0,1746316800000
tank_1422,2.0,1746316800000
tank_1425,112.0,1746316800000
tank_1426,0.0,1746316800000
tank_1430,0.0,1746316800000
tank_1433,291.0,1746316800000
tank_1438,0.0,1746316800000
tank_1439,10.0,1746316800000
tank_1441,0.0,1746316800000
tank_1443,0.0,1746316800000
tank_1445,0.0,1746316800000
tank_1446,0.0,1746316800000
tank_1450,0.0,1746316800000
tank_1452,0.0,1746316800000
tank_1456,0.0,1746316800000
tank_1466,11.0,1746316800000
tank_1471,1.0,1746316800000
tank_1475,172.0,1746316800000
tank_1486,193.0,1746316800000
tank_1488,111.0,1746316800000
tank_1491,0.0,1746316800000
tank_1500,0.0,1746316800000
tank_1505,445.0,1746316800000
tank_1513,2.0,1746316800000
tank_1531,0.0,1746316800000
tank_1536,2.0,1746316800000
tank_1539,169.0,1746316800000
tank_1541,80.69019607843137,1746316800000
tank_1542,0.0,1746316800000
tank_1547,10.0,1746316800000
tank_1563,0.0,1746316800000
tank_1564,0.0,1746316800000
tank_1565,70.0,1746316800000
tank_1567,0.0,1746316800000
tank_1568,0.0,1746316800000
tank_1573,95.0,1746316800000
tank_1583,0.0,1746316800000
tank_1587,0.0,1746316800000
tank_1588,0.0,1746316800000
tank_1592,0.0,1746316800000
tank_1594,0.0,1746316800000
tank_1595,0.0,1746316800000
tank_1597,0.0,1746316800000
tank_1598,29.396078431372548,1746316800000
tank_1600,2.0,1746316800000
tank_1604,2.0,1746316800000
tank_0002,0.0,1747353600000
tank_0004,0.0,1747353600000
tank_0005,0.0,1747353600000
tank_0011,0.0,1747353600000
tank_0014,0.0,1747353600000
tank_0019,0.0,1747353600000
tank_0024,0.0,1747353600000
tank_0025,0.0,1747353600000
tank_0026,0.0,1747353600000
tank_0027,0.0,1747353600000
tank_0030,0.0,1747353600000
tank_0031,84.94117647058823,1747353600000
tank_0036,0.0,1747353600000
tank_0037,3.992156862745098,1747353600000
tank_0038,0.0,1747353600000
tank_0050,0.0,1747353600000
tank_0051,0.0,1747353600000
tank_0052,3.8392156862745104,1747353600000
tank_0053,2.0705882352941174,1747353600000
tank_0055,0.0,1747353600000
tank_0057,0.0,1747353600000
tank_0058,0.0,1747353600000
tank_0064,10.0,1747353600000
tank_0069,37.0,1747353600000
tank_0072,0.0,1747353600000
tank_0073,0.0,1747353600000
tank_0080,21.0,1747353600000
tank_0094,0.9176470588235294,1747353600000
tank_0107,0.0,1747353600000
tank_0110,11.0,1747353600000
tank_0113,20.43921568627451,1747353600000
tank_0115,0.0,1747353600000
tank_0116,0.0,1747353600000
tank_0117,86.0,1747353600000
tank_0118,0.0,1747353600000
tank_0122,0.0,1747353600000
tank_0125,2.980392156862745,1747353600000
tank_0130,0.0,1747353600000
tank_0131,0.0,1747353600000
tank_0132,0.0,1747353600000
tank_0134,0.0,1747353600000
tank_0135,0.0,1747353600000
tank_0142,1.5372549019607842,1747353600000
tank_0143,0.0,1747353600000
tank_0144,0.0,1747353600000
tank_0148,0.0,1747353600000
tank_0153,0.0,1747353600000
tank_0156,34.4313725490196,1747353600000
tank_0159,0.0,1747353600000
tank_0165,0.0,1747353600000
tank_0171,0.0,1747353600000
tank_0172,0.0,1747353600000
tank_0174,3.0,1747353600000
tank_0176,0.0,1747353600000
tank_0184,0.0,1747353600000
tank_0187,0.0,1747353600000
tank_0190,0.0,1747353600000
tank_0192,0.0,1747353600000
tank_0193,0.0,1747353600000
tank_0195,0.0,1747353600000
tank_0199,0.0,1747353600000
tank_0204,0.0,1747353600000
tank_0205,0.0,1747353600000
tank_0207,0.0,1747353600000
tank_0209,0.0,1747353600000
tank_0213,0.7450980392156863,1747353600000
tank_0217,0.0,1747353600000
tank_0220,0.0,1747353600000
tank_0221,6.819607843137254,1747353600000
tank_0225,0.0,1747353600000
tank_0226,5.0,1747353600000
tank_0228,0.0,1747353600000
tank_0229,0.0,1747353600000
tank_0231,0.0,1747353600000
tank_0233,0.0,1747353600000
tank_0236,0.0,1747353600000
tank_0237,0.0,1747353600000
tank_0240,0.0,1747353600000
tank_0242,0.0,1747353600000
tank_0245,0.0,1747353600000
tank_0247,5.0,1747353600000
tank_0256,2.5176470588235293,1747353600000
tank_0257,1.0,1747353600000
tank_0260,0.5568627450980392,1747353600000
tank_0261,0.0,1747353600000
tank_0264,0.0,1747353600000
tank_0273,228.0,1747353600000
tank_0276,0.0,1747353600000
tank_0278,0.0,1747353600000
tank_0280,0.0,1747353600000
tank_0291,0.0,1747353600000
tank_0292,7.0,1747353600000
tank_0296,0.0,1747353600000
tank_0297,4.0,1747353600000
tank_0299,6.078431372549019,1747353600000
tank_0300,12.415686274509804,1747353600000
tank_0301,0.0,1747353600000
tank_0307,0.0,1747353600000
tank_0309,16.0,1747353600000
tank_0313,0.0,1747353600000
tank_0314,0.0,1747353600000
tank_0319,0.0,1747353600000
tank_0321,2.0,1747353600000
tank_0327,0.0,1747353600000
tank_0337,0.0,1747353600000
tank_0338,0.0,1747353600000
tank_0339,16.062745098039215,1747353600000
tank_0342,24.023529411764706,1747353600000
tank_0345,0.0,1747353600000
tank_0346,0.0,1747353600000
tank_0349,189.0,1747353600000
tank_0350,0.0,1747353600000
tank_0353,0.0,1747353600000
tank_0356,0.0,1747353600000
tank_0360,0.0,1747353600000
tank_0361,0.0,1747353600000
tank_0362,0.0,1747353600000
tank_0364,0.0,1747353600000
tank_0366,0.0,1747353600000
tank_0369,0.0,1747353600000
tank_0375,0.0,1747353600000
tank_0379,4.490196078431373,1747353600000
tank_0381,0.0,1747353600000
tank_0386,11.0,1747353600000
tank_0390,0.0,1747353600000
tank_0397,0.0,1747353600000
tank_0399,0.0,1747353600000
tank_0404,21.0,1747353600000
tank_0409,1.0,1747353600000
tank_0420,0.0,1747353600000
tank_0425,0.0,1747353600000
tank_0431,0.0,1747353600000
tank_0432,0.0,1747353600000
tank_0435,0.0,1747353600000
tank_0436,0.0,1747353600000
tank_0438,4.0,1747353600000
tank_0443,0.9176470588235294,1747353600000
tank_0444,28.0,1747353600000
tank_0447,50.419607843137264,1747353600000
tank_0448,0.0,1747353600000
tank_0449,0.0,1747353600000
tank_0455,14.862745098039214,1747353600000
tank_0460,4.4941176470588236,1747353600000
tank_0462,0.0,1747353600000
tank_0466,0.0,1747353600000
tank_0471,0.0,1747353600000
tank_0473,11.019607843137255,1747353600000
tank_0474,1.0,1747353600000
tank_0481,8.301960784313724,1747353600000
tank_0485,0.0,1747353600000
tank_0489,0.0,1747353600000
tank_0491,0.0,1747353600000
tank_0494,0.0,1747353600000
tank_0497,0.0,1747353600000
tank_0498,7.376470588235294,1747353600000
tank_0502,0.0,1747353600000
tank_0505,14.815686274509805,1747353600000
tank_0509,0.0,1747353600000
tank_0512,192.0,1747353600000
tank_0514,0.0,1747353600000
tank_0515,0.0,1747353600000
tank_0521,2.0,1747353600000
tank_0524,0.0,1747353600000
tank_0526,22.0,1747353600000
tank_0533,0.0,1747353600000
tank_0534,0.0,1747353600000
tank_0536,0.0,1747353600000
tank_0537,0.0,1747353600000
tank_0541,0.0,1747353600000
tank_0547,0.0,1747353600000
tank_0552,0.0,1747353600000
tank_0555,0.0,1747353600000
tank_0556,0.0,1747353600000
tank_0557,0.0,1747353600000
tank_0560,1.0,1747353600000
tank_0561,0.0,1747353600000
tank_0566,0.0,1747353600000
tank_0567,0.0,1747353600000
tank_0568,1.83921568627451,1747353600000
tank_0574,1.0,1747353600000
tank_0579,82.0,1747353600000
tank_0583,31.0,1747353600000
tank_0587,1.0,1747353600000
tank_0589,0.0,1747353600000
tank_0590,4.0,1747353600000
tank_0592,0.0,1747353600000
tank_0593,0.0,1747353600000
tank_0595,0.0,1747353600000
tank_0600,3.8078431372549018,1747353600000
tank_0604,0.0,1747353600000
tank_0606,13.325490196078432,1747353600000
tank_0607,0.0,1747353600000
tank_0608,142.0,1747353600000
tank_0610,0.0,1747353600000
tank_0611,0.0,1747353600000
tank_0612,0.0,1747353600000
tank_0613,0.0,1747353600000
tank_0619,0.0,1747353600000
tank_0626,0.0,1747353600000
tank_0627,0.0,1747353600000
tank_0628,0.0,1747353600000
tank_0632,4.772549019607843,1747353600000
tank_0633,0.0,1747353600000
tank_0639,0.0,1747353600000
tank_0640,0.0,1747353600000
tank_0641,0.0,1747353600000
tank_0643,0.4549019607843137,1747353600000
tank_0646,0.0,1747353600000
tank_0663,0.0,1747353600000
tank_0664,0.0,1747353600000
tank_0666,0.0,1747353600000
tank_0667,0.0,1747353600000
tank_0670,0.0,1747353600000
tank_0675,0.0,1747353600000
tank_0676,258.0,1747353600000
tank_0678,0.0,1747353600000
tank_0681,0.0,1747353600000
tank_0687,0.0,1747353600000
tank_0688,13.0,1747353600000
tank_0697,0.0,1747353600000
tank_0720,0.0,1747353600000
tank_0722,0.7372549019607844,1747353600000
tank_0724,0.0,1747353600000
tank_0725,23.0,1747353600000
tank_0728,0.0,1747353600000
tank_0730,0.0,1747353600000
tank_0731,803.0,1747353600000
tank_0732,1.3607843137254905,1747353600000
tank_0737,307.0,1747353600000
tank_0739,2.0,1747353600000
tank_0740,0.0,1747353600000
tank_0746,0.0,1747353600000
tank_0748,0.0,1747353600000
tank_0749,0.0,1747353600000
tank_0752,0.0,1747353600000
tank_0760,0.0,1747353600000
tank_0770,0.0,1747353600000
tank_0772,0.0,1747353600000
tank_0788,0.0,1747353600000
tank_0789,0.0,1747353600000
tank_0792,33.83529411764707,1747353600000
tank_0797,0.0,1747353600000
tank_0800,16.0,1747353600000
tank_0802,0.0,1747353600000
tank_0803,0.0,1747353600000
tank_0808,1.0,1747353600000
tank_0810,14.0,1747353600000
tank_0811,0.0,1747353600000
tank_0812,50.976470588235294,1747353600000
tank_0813,0.0,1747353600000
tank_0816,0.0,1747353600000
tank_0819,0.0,1747353600000
tank_0823,0.0,1747353600000
tank_0824,6.0,1747353600000
tank_0825,0.0,1747353600000
tank_0828,6.0,1747353600000
tank_0829,41.858823529411765,1747353600000
tank_0830,0.0,1747353600000
tank_0831,3.4980392156862745,1747353600000
tank_0844,0.0,1747353600000
tank_0852,29.0,1747353600000
tank_0855,4.0,1747353600000
tank_0856,538.0,1747353600000
tank_0860,10.0,1747353600000
tank_0861,0.0,1747353600000
tank_0872,25.894117647058824,1747353600000
tank_0875,274.7450980392157,1747353600000
tank_0879,0.0,1747353600000
tank_0885,0.0,1747353600000
tank_0891,0.0,1747353600000
tank_0894,663.0,1747353600000
tank_0898,253.0,1747353600000
tank_0900,23.360784313725492,1747353600000
tank_0901,26.0,1747353600000
tank_0902,217.0,1747353600000
tank_0914,0.0,1747353600000
tank_0917,65.97254901960784,1747353600000
tank_0919,33.0,1747353600000
tank_0920,7.0,1747353600000
tank_0922,175.0,1747353600000
tank_0923,12.705882352941176,1747353600000
tank_0924,0.0,1747353600000
tank_0926,3.0,1747353600000
tank_0927,1.184313725490196,1747353600000
tank_0928,15.0,1747353600000
tank_0930,22.0,1747353600000
tank_0931,13.0,1747353600000
tank_0933,0.0,1747353600000
tank_0934,0.0,1747353600000
tank_0937,0.0,1747353600000
tank_0938,0.0,1747353600000
tank_0939,0.0,1747353600000
tank_0944,90.9921568627451,1747353600000
tank_0946,0.0,1747353600000
tank_0952,3.0,1747353600000
tank_0958,0.0,1747353600000
tank_0962,658.0,1747353600000
tank_0967,0.596078431372549,1747353600000
tank_0975,0.0,1747353600000
tank_0978,0.0,1747353600000
tank_0990,0.0,1747353600000
tank_0991,323.0,1747353600000
tank_0998,0.0,1747353600000
tank_0999,0.0,1747353600000
tank_1003,653.0,1747353600000
tank_1004,0.0,1747353600000
tank_1014,54.0,1747353600000
tank_1026,247.0,1747353600000
tank_1031,0.0,1747353600000
tank_1032,5.956862745098039,1747353600000
tank_1034,0.0,1747353600000
tank_1042,39.0,1747353600000
tank_1045,0.0,1747353600000
tank_1049,81.0,1747353600000
tank_1055,2.074509803921569,1747353600000
tank_1061,9.0,1747353600000
tank_1062,0.0,1747353600000
tank_1064,0.0,1747353600000
tank_1065,1.8705882352941177,1747353600000
tank_1066,0.0,1747353600000
tank_1070,31.0,1747353600000
tank_1073,0.0,1747353600000
tank_1083,0.0,1747353600000
tank_1086,0.0,1747353600000
tank_1088,13.0,1747353600000
tank_1089,23.0,1747353600000
tank_1090,134.0,1747353600000
tank_1091,0.0,1747353600000
tank_1094,766.0,1747353600000
tank_1095,11.0,1747353600000
tank_1104,1.0,1747353600000
tank_1113,35.984313725490196,1747353600000
tank_1116,0.0,1747353600000
tank_1117,0.0,1747353600000
tank_1120,69.0,1747353600000
tank_1121,239.0,1747353600000
tank_1124,24.490196078431374,1747353600000
tank_1128,10.0,1747353600000
tank_1134,4.627450980392156,1747353600000
tank_1135,68.13725490196077,1747353600000
tank_1146,0.0,1747353600000
tank_1149,0.0,1747353600000
tank_1156,0.0,1747353600000
tank_1157,18.86666666666667,1747353600000
tank_1159,138.0,1747353600000
tank_1160,693.0,1747353600000
tank_1166,0.0,1747353600000
tank_1170,18.52941176470588,1747353600000
tank_1175,0.0,1747353600000
tank_1177,1.7137254901960786,1747353600000
tank_1179,0.0,1747353600000
tank_1181,41.0,1747353600000
tank_1186,103.0,1747353600000
tank_1187,21.40392156862745,1747353600000
tank_1190,0.0,1747353600000
tank_1192,0.0,1747353600000
tank_1196,0.0,1747353600000
tank_1197,831.0,1747353600000
tank_1201,78.0,1747353600000
tank_1203,4.47843137254902,1747353600000
tank_1205,162.0,1747353600000
tank_1209,153.0,1747353600000
tank_1217,0.0,1747353600000
tank_1223,0.0,1747353600000
tank_1226,153.20392156862744,1747353600000
tank_1228,175.0,1747353600000
tank_1230,0.0,1747353600000
tank_1237,27.835294117647056,1747353600000
tank_1239,394.0,1747353600000
tank_1245,0.0,1747353600000
tank_1246,69.0,1747353600000
tank_1250,0.0,1747353600000
tank_1254,1268.0,1747353600000
tank_1255,0.0,1747353600000
tank_1258,68.0,1747353600000
tank_1261,0.0,1747353600000
tank_1262,0.0,1747353600000
tank_1263,15.0,1747353600000
tank_1265,26.0,1747353600000
tank_1270,21.0,1747353600000
tank_1272,0.0,1747353600000
tank_1275,0.0,1747353600000
tank_1276,87.95294117647059,1747353600000
tank_1279,15.866666666666667,1747353600000
tank_1280,0.0,1747353600000
tank_1284,0.0,1747353600000
tank_1285,8.443137254901961,1747353600000
tank_1286,114.80392156862746,1747353600000
tank_1290,14.0,1747353600000
tank_1291,0.0,1747353600000
tank_1293,35.0,1747353600000
tank_1295,0.0,1747353600000
tank_1297,28.0,1747353600000
tank_1301,175.0,1747353600000
tank_1302,22.0,1747353600000
tank_1304,0.0,1747353600000
tank_1305,27.0,1747353600000
tank_1313,440.0,1747353600000
tank_1322,0.0,1747353600000
tank_1325,71.0,1747353600000
tank_1326,0.0,1747353600000
tank_1344,0.0,1747353600000
tank_1346,0.0,1747353600000
tank_1349,0.0,1747353600000
tank_1353,480.0,1747353600000
tank_1358,0.0,1747353600000
tank_1359,0.0,1747353600000
tank_1361,265.0,1747353600000
tank_1364,708.0,1747353600000
tank_1365,13.0,1747353600000
tank_1372,21.0,1747353600000
tank_1374,86.0,1747353600000
tank_1378,431.0,1747353600000
tank_1380,0.0,1747353600000
tank_1386,83.0,1747353600000
tank_1391,0.0,1747353600000
tank_1393,10.0,1747353600000
tank_1396,28.0,1747353600000
tank_1397,0.0,1747353600000
tank_1403,0.0,1747353600000
tank_1409,0.0,1747353600000
tank_1412,19.568627450980394,1747353600000
tank_1415,0.0,1747353600000
tank_1416,0.0,1747353600000
tank_1421,246.0,1747353600000
tank_1422,0.0,1747353600000
tank_1425,178.0,1747353600000
tank_1426,7.0,1747353600000
tank_1430,0.0,1747353600000
tank_1433,322.0,1747353600000
tank_1438,0.0,1747353600000
tank_1439,2.0,1747353600000
tank_1441,0.0,1747353600000
tank_1443,0.0,1747353600000
tank_1445,25.0,1747353600000
tank_1446,0.0,1747353600000
tank_1450,0.0,1747353600000
tank_1452,0.0,1747353600000
tank_1456,0.0,1747353600000
tank_1466,0.0,1747353600000
tank_1471,0.0,1747353600000
tank_1475,57.0,1747353600000
tank_1486,110.0,1747353600000
tank_1488,70.0,1747353600000
tank_1491,0.0,1747353600000
tank_1500,4.0,1747353600000
tank_1505,410.0,1747353600000
tank_1513,144.0,1747353600000
tank_1531,0.0,1747353600000
tank_1536,0.0,1747353600000
tank_1539,177.0,1747353600000
tank_1541,33.76862745098039,1747353600000
tank_1542,0.0,1747353600000
tank_1547,171.0,1747353600000
tank_1563,0.0,1747353600000
tank_1564,0.0,1747353600000
tank_1565,514.9960784313726,1747353600000
tank_1567,0.0,1747353600000
tank_1568,0.0,1747353600000
tank_1573,87.0,1747353600000
tank_1583,0.0,1747353600000
tank_1587,0.0,1747353600000
tank_1588,0.0,1747353600000
tank_1592,0.0,1747353600000
tank_1594,0.0,1747353600000
tank_1595,0.0,1747353600000
tank_1597,0.0,1747353600000
tank_1598,17.294117647058822,1747353600000
tank_1600,0.0,1747353600000
tank_1604,7.854901960784314,1747353600000
tank_0002,0.0,1748390400000
tank_0004,0.0,1748390400000
tank_0005,0.0,1748390400000
tank_0011,0.0,1748390400000
tank_0014,0.0,1748390400000
tank_0019,0.0,1748390400000
tank_0024,3.403921568627451,1748390400000
tank_0025,0.0,1748390400000
tank_0026,0.0,1748390400000
tank_0027,0.0,1748390400000
tank_0030,0.0,1748390400000
tank_0031,45.0,1748390400000
tank_0036,0.0,1748390400000
tank_0037,0.0,1748390400000
tank_0038,4.4,1748390400000
tank_0050,0.0,1748390400000
tank_0051,0.0,1748390400000
tank_0052,6.352941176470589,1748390400000
tank_0053,7.050980392156863,1748390400000
tank_0055,3.768627450980392,1748390400000
tank_0057,0.0,1748390400000
tank_0058,3.2470588235294118,1748390400000
tank_0064,11.0,1748390400000
tank_0069,48.0,1748390400000
tank_0072,0.0,1748390400000
tank_0073,0.0,1748390400000
tank_0080,16.0,1748390400000
tank_0094,0.0,1748390400000
tank_0107,0.0,1748390400000
tank_0110,6.0,1748390400000
tank_0113,5.0,1748390400000
tank_0115,0.0,1748390400000
tank_0116,0.0,1748390400000
tank_0117,66.0,1748390400000
tank_0118,0.0,1748390400000
tank_0122,0.0,1748390400000
tank_0125,1.2509803921568627,1748390400000
tank_0130,0.0,1748390400000
tank_0131,0.0,1748390400000
tank_0132,0.0,1748390400000
tank_0134,6.0,1748390400000
tank_0135,1.7333333333333332,1748390400000
tank_0142,1.0,1748390400000
tank_0143,0.0,1748390400000
tank_0144,0.0,1748390400000
tank_0148,0.0,1748390400000
tank_0153,0.0,1748390400000
tank_0156,27.07843137254902,1748390400000
tank_0159,0.0,1748390400000
tank_0165,3.682352941176471,1748390400000
tank_0171,0.0,1748390400000
tank_0172,0.0,1748390400000
tank_0174,0.0,1748390400000
tank_0176,0.0,1748390400000
tank_0184,2.7137254901960786,1748390400000
tank_0187,0.0,1748390400000
tank_0190,1.0980392156862746,1748390400000
tank_0192,0.0,1748390400000
tank_0193,0.0,1748390400000
tank_0195,0.0,1748390400000
tank_0199,1.0,1748390400000
tank_0204,0.0,1748390400000
tank_0205,0.0,1748390400000
tank_0207,0.0,1748390400000
tank_0209,0.0,1748390400000
tank_0213,0.7294117647058824,1748390400000
tank_0217,0.0,1748390400000
tank_0220,0.0,1748390400000
tank_0221,10.360784313725489,1748390400000
tank_0225,0.0,1748390400000
tank_0226,0.0,1748390400000
tank_0228,0.0,1748390400000
tank_0229,2.0,1748390400000
tank_0231,0.0,1748390400000
tank_0233,0.0,1748390400000
tank_0236,4.317647058823529,1748390400000
tank_0237,0.0,1748390400000
tank_0240,0.0,1748390400000
tank_0242,0.0,1748390400000
tank_0245,0.0,1748390400000
tank_0247,2.0,1748390400000
tank_0256,0.0,1748390400000
tank_0257,8.180392156862744,1748390400000
tank_0260,1.0,1748390400000
tank_0261,0.0,1748390400000
tank_0264,0.0,1748390400000
tank_0273,165.0,1748390400000
tank_0276,12.0,1748390400000
tank_0278,8.0,1748390400000
tank_0280,0.0,1748390400000
tank_0291,0.0,1748390400000
tank_0292,0.0,1748390400000
tank_0296,0.0,1748390400000
tank_0297,0.0,1748390400000
tank_0299,0.0,1748390400000
tank_0300,0.0,1748390400000
tank_0301,0.6470588235294118,1748390400000
tank_0307,0.0,1748390400000
tank_0309,10.925490196078432,1748390400000
tank_0313,0.0,1748390400000
tank_0314,0.0,1748390400000
tank_0319,0.0,1748390400000
tank_0321,0.0,1748390400000
tank_0327,0.0,1748390400000
tank_0337,0.0,1748390400000
tank_0338,0.0,1748390400000
tank_0339,0.0,1748390400000
tank_0342,0.0,1748390400000
tank_0345,0.584313725490196,1748390400000
tank_0346,0.8745098039215686,1748390400000
tank_0349,174.0,1748390400000
tank_0350,0.0,1748390400000
tank_0353,3.8745098039215686,1748390400000
tank_0356,0.0,1748390400000
tank_0360,0.0,1748390400000
tank_0361,0.5843137254901961,1748390400000
tank_0362,0.0,1748390400000
tank_0364,0.0,1748390400000
tank_0366,1.8745098039215686,1748390400000
tank_0369,0.0,1748390400000
tank_0375,0.0,1748390400000
tank_0379,0.0,1748390400000
tank_0381,0.0,1748390400000
tank_0386,0.0,1748390400000
tank_0390,0.0,1748390400000
tank_0397,0.0,1748390400000
tank_0399,0.0,1748390400000
tank_0404,22.0,1748390400000
tank_0409,0.0,1748390400000
tank_0420,0.26666666666666666,1748390400000
tank_0425,0.0,1748390400000
tank_0431,0.0,1748390400000
tank_0432,0.0,1748390400000
tank_0435,0.0,1748390400000
tank_0436,0.0,1748390400000
tank_0438,3.0,1748390400000
tank_0443,0.0,1748390400000
tank_0444,0.0,1748390400000
tank_0447,30.392156862745097,1748390400000
tank_0448,0.0,1748390400000
tank_0449,0.10980392156862745,1748390400000
tank_0455,3.4901960784313726,1748390400000
tank_0460,16.52549019607843,1748390400000
tank_0462,0.0,1748390400000
tank_0466,0.0,1748390400000
tank_0471,0.0,1748390400000
tank_0473,0.0,1748390400000
tank_0474,2.0,1748390400000
tank_0481,2.0,1748390400000
tank_0485,0.0,1748390400000
tank_0489,0.0,1748390400000
tank_0491,0.0,1748390400000
tank_0494,0.0,1748390400000
tank_0497,4.0,1748390400000
tank_0498,0.0,1748390400000
tank_0502,0.0,1748390400000
tank_0505,0.0,1748390400000
tank_0509,0.0,1748390400000
tank_0512,42.0,1748390400000
tank_0514,0.0,1748390400000
tank_0515,7.7098039215686285,1748390400000
tank_0521,0.0,1748390400000
tank_0524,0.0,1748390400000
tank_0526,5.0,1748390400000
tank_0533,0.0,1748390400000
tank_0534,0.0,1748390400000
tank_0536,0.0,1748390400000
tank_0537,0.0,1748390400000
tank_0541,0.0,1748390400000
tank_0547,0.0,1748390400000
tank_0552,1.7529411764705882,1748390400000
tank_0555,0.0,1748390400000
tank_0556,0.0,1748390400000
tank_0557,0.0,1748390400000
tank_0560,0.0,1748390400000
tank_0561,0.0,1748390400000
tank_0566,0.0,1748390400000
tank_0567,0.6823529411764706,1748390400000
tank_0568,9.474509803921569,1748390400000
tank_0574,0.0,1748390400000
tank_0579,34.0,1748390400000
tank_0583,4.0,1748390400000
tank_0587,2.556862745098039,1748390400000
tank_0589,0.0,1748390400000
tank_0590,0.0,1748390400000
tank_0592,0.0,1748390400000
tank_0593,0.0,1748390400000
tank_0595,0.0,1748390400000
tank_0600,0.0,1748390400000
tank_0604,0.4470588235294118,1748390400000
tank_0606,2.1921568627450982,1748390400000
tank_0607,0.0,1748390400000
tank_0608,20.0,1748390400000
tank_0610,0.0,1748390400000
tank_0611,0.0,1748390400000
tank_0612,0.0,1748390400000
tank_0613,0.0,1748390400000
tank_0619,0.0,1748390400000
tank_0626,0.0,1748390400000
tank_0627,0.0,1748390400000
tank_0628,0.0,1748390400000
tank_0632,0.0,1748390400000
tank_0633,4.0,1748390400000
tank_0639,0.0,1748390400000
tank_0640,0.0,1748390400000
tank_0641,2.0,1748390400000
tank_0643,0.0,1748390400000
tank_0646,0.0,1748390400000
tank_0663,0.0,1748390400000
tank_0664,0.0,1748390400000
tank_0666,0.0,1748390400000
tank_0667,0.0,1748390400000
tank_0670,0.0,1748390400000
tank_0675,0.0,1748390400000
tank_0676,65.0,1748390400000
tank_0678,0.0,1748390400000
tank_0681,0.0,1748390400000
tank_0687,0.0,1748390400000
tank_0688,0.0,1748390400000
tank_0697,0.0,1748390400000
tank_0720,0.0,1748390400000
tank_0722,3.3568627450980393,1748390400000
tank_0724,0.0,1748390400000
tank_0725,7.0,1748390400000
tank_0728,0.0,1748390400000
tank_0730,0.0,1748390400000
tank_0731,4.0,1748390400000
tank_0732,0.0,1748390400000
tank_0737,0.0,1748390400000
tank_0739,0.0,1748390400000
tank_0740,11.0,1748390400000
tank_0746,0.0,1748390400000
tank_0748,7.976470588235294,1748390400000
tank_0749,2.0,1748390400000
tank_0752,4.125490196078431,1748390400000
tank_0760,0.0,1748390400000
tank_0770,3.149019607843137,1748390400000
tank_0772,0.0,1748390400000
tank_0788,0.0,1748390400000
tank_0789,0.0,1748390400000
tank_0792,38.03921568627452,1748390400000
tank_0797,0.0,1748390400000
tank_0800,0.0,1748390400000
tank_0802,0.0,1748390400000
tank_0803,6.2745098039215685,1748390400000
tank_0808,1.384313725490196,1748390400000
tank_0810,9.0,1748390400000
tank_0811,13.250980392156864,1748390400000
tank_0812,54.0,1748390400000
tank_0813,1.572549019607843,1748390400000
tank_0816,0.0,1748390400000
tank_0819,0.0,1748390400000
tank_0823,0.0,1748390400000
tank_0824,7.0,1748390400000
tank_0825,0.0,1748390400000
tank_0828,0.0,1748390400000
tank_0829,32.984313725490196,1748390400000
tank_0830,0.0,1748390400000
tank_0831,5.352941176470588,1748390400000
tank_0844,0.0,1748390400000
tank_0852,18.0,1748390400000
tank_0855,0.0,1748390400000
tank_0856,80.0,1748390400000
tank_0860,0.0,1748390400000
tank_0861,0.0,1748390400000
tank_0872,19.0,1748390400000
tank_0875,122.74509803921569,1748390400000
tank_0879,0.0,1748390400000
tank_0885,0.0,1748390400000
tank_0891,0.0,1748390400000
tank_0894,15.0,1748390400000
tank_0898,134.0,1748390400000
tank_0900,13.149019607843139,1748390400000
tank_0901,8.0,1748390400000
tank_0902,110.0,1748390400000
tank_0914,0.0,1748390400000
tank_0917,16.0,1748390400000
tank_0919,14.0,1748390400000
tank_0920,1.0,1748390400000
tank_0922,80.0,1748390400000
tank_0923,2.0,1748390400000
tank_0924,0.0,1748390400000
tank_0926,0.0,1748390400000
tank_0927,0.0,1748390400000
tank_0928,4.0,1748390400000
tank_0930,7.0,1748390400000
tank_0931,2.0,1748390400000
tank_0933,0.0,1748390400000
tank_0934,0.0,1748390400000
tank_0937,0.0,1748390400000
tank_0938,0.0,1748390400000
tank_0939,0.0,1748390400000
tank_0944,71.0,1748390400000
tank_0946,0.0,1748390400000
tank_0952,0.0,1748390400000
tank_0958,0.0,1748390400000
tank_0962,368.0,1748390400000
tank_0967,0.0,1748390400000
tank_0975,0.0,1748390400000
tank_0978,0.0,1748390400000
tank_0990,0.0,1748390400000
tank_0991,28.0,1748390400000
tank_0998,0.0,1748390400000
tank_0999,4.247058823529412,1748390400000
tank_1003,58.0,1748390400000
tank_1004,0.0,1748390400000
tank_1014,26.0,1748390400000
tank_1026,181.0,1748390400000
tank_1031,0.0,1748390400000
tank_1032,10.941176470588236,1748390400000
tank_1034,0.5450980392156863,1748390400000
tank_1042,32.7921568627451,1748390400000
tank_1045,0.0,1748390400000
tank_1049,26.0,1748390400000
tank_1055,9.0,1748390400000
tank_1061,5.0,1748390400000
tank_1062,0.0,1748390400000
tank_1064,0.0,1748390400000
tank_1065,5.988235294117647,1748390400000
tank_1066,0.0,1748390400000
tank_1070,16.0,1748390400000
tank_1073,0.0,1748390400000
tank_1083,0.0,1748390400000
tank_1086,0.0,1748390400000
tank_1088,14.901960784313726,1748390400000
tank_1089,26.0,1748390400000
tank_1090,73.0,1748390400000
tank_1091,0.0,1748390400000
tank_1094,32.0,1748390400000
tank_1095,8.0,1748390400000
tank_1104,11.168627450980392,1748390400000
tank_1113,39.0,1748390400000
tank_1116,0.0,1748390400000
tank_1117,0.0,1748390400000
tank_1120,53.0,1748390400000
tank_1121,91.0,1748390400000
tank_1124,24.929411764705883,1748390400000
tank_1128,0.0,1748390400000
tank_1134,0.7058823529411764,1748390400000
tank_1135,70.24313725490195,1748390400000
tank_1146,0.0,1748390400000
tank_1149,0.0,1748390400000
tank_1156,0.0,1748390400000
tank_1157,12.698039215686274,1748390400000
tank_1159,6.0,1748390400000
tank_1160,303.0,1748390400000
tank_1166,0.0,1748390400000
tank_1170,26.60392156862745,1748390400000
tank_1175,0.0,1748390400000
tank_1177,7.250980392156863,1748390400000
tank_1179,1.2705882352941176,1748390400000
tank_1181,49.9921568627451,1748390400000
tank_1186,40.0,1748390400000
tank_1187,37.141176470588235,1748390400000
tank_1190,0.5372549019607843,1748390400000
tank_1192,2.0,1748390400000
tank_1196,0.0,1748390400000
tank_1197,259.0,1748390400000
tank_1201,44.0,1748390400000
tank_1203,0.0,1748390400000
tank_1205,122.0,1748390400000
tank_1209,15.0,1748390400000
tank_1217,0.0,1748390400000
tank_1223,0.0,1748390400000
tank_1226,130.94117647058823,1748390400000
tank_1228,99.0,1748390400000
tank_1230,0.0,1748390400000
tank_1237,22.0,1748390400000
tank_1239,235.0,1748390400000
tank_1245,0.0,1748390400000
tank_1246,51.0,1748390400000
tank_1250,0.0,1748390400000
tank_1254,294.0,1748390400000
tank_1255,7.250980392156863,1748390400000
tank_1258,28.0,1748390400000
tank_1261,0.00784313725490196,1748390400000
tank_1262,0.0,1748390400000
tank_1263,7.0,1748390400000
tank_1265,5.0,1748390400000
tank_1270,12.0,1748390400000
tank_1272,4.0,1748390400000
tank_1275,9.262745098039215,1748390400000
tank_1276,6.0,1748390400000
tank_1279,12.0,1748390400000
tank_1280,0.0,1748390400000
tank_1284,0.0,1748390400000
tank_1285,9.168627450980392,1748390400000
tank_1286,51.0,1748390400000
tank_1290,4.0,1748390400000
tank_1291,0.0,1748390400000
tank_1293,13.0,1748390400000
tank_1295,0.0,1748390400000
tank_1297,20.0,1748390400000
tank_1301,40.0,1748390400000
tank_1302,10.0,1748390400000
tank_1304,0.0,1748390400000
tank_1305,27.0,1748390400000
tank_1313,48.0,1748390400000
tank_1322,0.0,1748390400000
tank_1325,56.0,1748390400000
tank_1326,0.0,1748390400000
tank_1344,0.0,1748390400000
tank_1346,0.0,1748390400000
tank_1349,0.0,1748390400000
tank_1353,229.0,1748390400000
tank_1358,0.0,1748390400000
tank_1359,0.0,1748390400000
tank_1361,221.0,1748390400000
tank_1364,180.0,1748390400000
tank_1365,14.0,1748390400000
tank_1372,10.0,1748390400000
tank_1374,57.0,1748390400000
tank_1378,262.0,1748390400000
tank_1380,0.0,1748390400000
tank_1386,59.984313725490196,1748390400000
tank_1391,0.0,1748390400000
tank_1393,2.0,1748390400000
tank_1396,24.0,1748390400000
tank_1397,0.0,1748390400000
tank_1403,0.0,1748390400000
tank_1409,0.0,1748390400000
tank_1412,14.0,1748390400000
tank_1415,0.0,1748390400000
tank_1416,0.0,1748390400000
tank_1421,15.0,1748390400000
tank_1422,0.0,1748390400000
tank_1425,54.0,1748390400000
tank_1426,0.0,1748390400000
tank_1430,0.0,1748390400000
tank_1433,52.0,1748390400000
tank_1438,0.0,1748390400000
tank_1439,3.0,1748390400000
tank_1441,0.0,1748390400000
tank_1443,0.0,1748390400000
tank_1445,14.0,1748390400000
tank_1446,0.0,1748390400000
tank_1450,0.0,1748390400000
tank_1452,0.0,1748390400000
tank_1456,0.0,1748390400000
tank_1466,0.0,1748390400000
tank_1471,0.0,1748390400000
tank_1475,31.0,1748390400000
tank_1486,68.0,1748390400000
tank_1488,68.0,1748390400000
tank_1491,0.0,1748390400000
tank_1500,8.0,1748390400000
tank_1505,471.0,1748390400000
tank_1513,83.0,1748390400000
tank_1531,0.0,1748390400000
tank_1536,2.0,1748390400000
tank_1539,198.0,1748390400000
tank_1541,46.0,1748390400000
tank_1542,0.0,1748390400000
tank_1547,26.0,1748390400000
tank_1563,0.0,1748390400000
tank_1564,0.0,1748390400000
tank_1565,171.0,1748390400000
tank_1567,0.0,1748390400000
tank_1568,0.0,1748390400000
tank_1573,91.0,1748390400000
tank_1583,0.0,1748390400000
tank_1587,1.0,1748390400000
tank_1588,0.0,1748390400000
tank_1592,0.0,1748390400000
tank_1594,0.0,1748390400000
tank_1595,0.0,1748390400000
tank_1597,0.0,1748390400000
tank_1598,27.53333333333333,1748390400000
tank_1600,0.0,1748390400000
tank_1604,0.0,1748390400000
tank_0002,0.0,1749427200000
tank_0004,0.0,1749427200000
tank_0005,0.0,1749427200000
tank_0011,0.0,1749427200000
tank_0014,0.0,1749427200000
tank_0019,0.0,1749427200000
tank_0024,0.0,1749427200000
tank_0025,0.0,1749427200000
tank_0026,0.0,1749427200000
tank_0027,0.0,1749427200000
tank_0030,0.0,1749427200000
tank_0031,35.0,1749427200000
tank_0036,0.0,1749427200000
tank_0037,0.0,1749427200000
tank_0038,0.0,1749427200000
tank_0050,0.0,1749427200000
tank_0051,0.0,1749427200000
tank_0052,0.0,1749427200000
tank_0053,0.0,1749427200000
tank_0055,0.0,1749427200000
tank_0057,0.0,1749427200000
tank_0058,0.0,1749427200000
tank_0064,2.0,1749427200000
tank_0069,24.0,1749427200000
tank_0072,0.0,1749427200000
tank_0073,0.0,1749427200000
tank_0080,13.0,1749427200000
tank_0094,0.0,1749427200000
tank_0107,0.0,1749427200000
tank_0110,0.0,1749427200000
tank_0113,0.0,1749427200000
tank_0115,0.0,1749427200000
tank_0116,0.0,1749427200000
tank_0117,60.0,1749427200000
tank_0118,0.0,1749427200000
tank_0122,0.0,1749427200000
tank_0125,0.0,1749427200000
tank_0130,0.0,1749427200000
tank_0131,0.0,1749427200000
tank_0132,0.0,1749427200000
tank_0134,0.0,1749427200000
tank_0135,0.0,1749427200000
tank_0142,0.0,1749427200000
tank_0143,0.0,1749427200000
tank_0144,0.0,1749427200000
tank_0148,0.0,1749427200000
tank_0153,0.0,1749427200000
tank_0156,0.0,1749427200000
tank_0159,0.0,1749427200000
tank_0165,0.0,1749427200000
tank_0171,0.0,1749427200000
tank_0172,0.0,1749427200000
tank_0174,0.0,1749427200000
tank_0176,0.0,1749427200000
tank_0184,0.0,1749427200000
tank_0187,0.0,1749427200000
tank_0190,0.0,1749427200000
tank_0192,0.0,1749427200000
tank_0193,0.0,1749427200000
tank_0195,0.0,1749427200000
tank_0199,0.0,1749427200000
tank_0204,0.0,1749427200000
tank_0205,0.0,1749427200000
tank_0207,0.0,1749427200000
tank_0209,0.0,1749427200000
tank_0213,0.0,1749427200000
tank_0217,0.0,1749427200000
tank_0220,0.0,1749427200000
tank_0221,0.0,1749427200000
tank_0225,0.0,1749427200000
tank_0226,0.0,1749427200000
tank_0228,0.0,1749427200000
tank_0229,0.0,1749427200000
tank_0231,0.0,1749427200000
tank_0233,0.0,1749427200000
tank_0236,0.0,1749427200000
tank_0237,0.0,1749427200000
tank_0240,0.0,1749427200000
tank_0242,0.0,1749427200000
tank_0245,0.0,1749427200000
tank_0247,0.0,1749427200000
tank_0256,0.0,1749427200000
tank_0257,0.0,1749427200000
tank_0260,0.0,1749427200000
tank_0261,0.0,1749427200000
tank_0264,0.0,1749427200000
tank_0273,101.0,1749427200000
tank_0276,0.0,1749427200000
tank_0278,0.0,1749427200000
tank_0280,0.0,1749427200000
tank_0291,0.0,1749427200000
tank_0292,0.0,1749427200000
tank_0296,0.0,1749427200000
tank_0297,0.0,1749427200000
tank_0299,0.0,1749427200000
tank_0300,0.0,1749427200000
tank_0301,0.0,1749427200000
tank_0307,0.0,1749427200000
tank_0309,14.925490196078432,1749427200000
tank_0313,0.0,1749427200000
tank_0314,0.0,1749427200000
tank_0319,0.0,1749427200000
tank_0321,0.0,1749427200000
tank_0327,0.0,1749427200000
tank_0337,0.0,1749427200000
tank_0338,0.0,1749427200000
tank_0339,0.0,1749427200000
tank_0342,0.0,1749427200000
tank_0345,0.0,1749427200000
tank_0346,0.0,1749427200000
tank_0349,121.0,1749427200000
tank_0350,0.0,1749427200000
tank_0353,0.0,1749427200000
tank_0356,0.0,1749427200000
tank_0360,0.0,1749427200000
tank_0361,0.0,1749427200000
tank_0362,0.0,1749427200000
tank_0364,0.0,1749427200000
tank_0366,0.0,1749427200000
tank_0369,0.0,1749427200000
tank_0375,0.0,1749427200000
tank_0379,0.0,1749427200000
tank_0381,0.0,1749427200000
tank_0386,0.0,1749427200000
tank_0390,8.0,1749427200000
tank_0397,0.0,1749427200000
tank_0399,0.0,1749427200000
tank_0404,43.0,1749427200000
tank_0409,0.0,1749427200000
tank_0420,0.0,1749427200000
tank_0425,0.0,1749427200000
tank_0431,0.0,1749427200000
tank_0432,0.0,1749427200000
tank_0435,0.0,1749427200000
tank_0436,0.0,1749427200000
tank_0438,0.0,1749427200000
tank_0443,0.0,1749427200000
tank_0444,76.0,1749427200000
tank_0447,0.0,1749427200000
tank_0448,0.0,1749427200000
tank_0449,0.0,1749427200000
tank_0455,0.0,1749427200000
tank_0460,0.0,1749427200000
tank_0462,0.0,1749427200000
tank_0466,0.0,1749427200000
tank_0471,0.0,1749427200000
tank_0473,0.0,1749427200000
tank_0474,0.0,1749427200000
tank_0481,0.0,1749427200000
tank_0485,0.0,1749427200000
tank_0489,0.0,1749427200000
tank_0491,0.0,1749427200000
tank_0494,0.0,1749427200000
tank_0497,0.0,1749427200000
tank_0498,0.0,1749427200000
tank_0502,0.0,1749427200000
tank_0505,0.0,1749427200000
tank_0509,0.0,1749427200000
tank_0512,42.0,1749427200000
tank_0514,0.0,1749427200000
tank_0515,0.0,1749427200000
tank_0521,0.0,1749427200000
tank_0524,0.0,1749427200000
tank_0526,5.0,1749427200000
tank_0533,0.0,1749427200000
tank_0534,0.0,1749427200000
tank_0536,0.0,1749427200000
tank_0537,0.0,1749427200000
tank_0541,0.0,1749427200000
tank_0547,0.0,1749427200000
tank_0552,0.0,1749427200000
tank_0555,0.0,1749427200000
tank_0556,0.0,1749427200000
tank_0557,0.0,1749427200000
tank_0560,0.0,1749427200000
tank_0561,0.0,1749427200000
tank_0566,0.0,1749427200000
tank_0567,0.0,1749427200000
tank_0568,0.0,1749427200000
tank_0574,0.0,1749427200000
tank_0579,50.0,1749427200000
tank_0583,4.0,1749427200000
tank_0587,0.0,1749427200000
tank_0589,0.0,1749427200000
tank_0590,0.0,1749427200000
tank_0592,0.0,1749427200000
tank_0593,0.0,1749427200000
tank_0595,0.0,1749427200000
tank_0600,0.0,1749427200000
tank_0604,0.0,1749427200000
tank_0606,0.0,1749427200000
tank_0607,0.0,1749427200000
tank_0608,0.0,1749427200000
tank_0610,0.0,1749427200000
tank_0611,0.0,1749427200000
tank_0612,0.0,1749427200000
tank_0613,0.0,1749427200000
tank_0619,0.0,1749427200000
tank_0626,0.0,1749427200000
tank_0627,0.0,1749427200000
tank_0628,0.0,1749427200000
tank_0632,0.0,1749427200000
tank_0633,0.0,1749427200000
tank_0639,0.0,1749427200000
tank_0640,0.0,1749427200000
tank_0641,0.0,1749427200000
tank_0643,0.0,1749427200000
tank_0646,0.0,1749427200000
tank_0663,0.0,1749427200000
tank_0664,0.0,1749427200000
tank_0666,0.0,1749427200000
tank_0667,0.0,1749427200000
tank_0670,0.0,1749427200000
tank_0675,0.0,1749427200000
tank_0676,83.0,1749427200000
tank_0678,0.0,1749427200000
tank_0681,0.0,1749427200000
tank_0687,0.0,1749427200000
tank_0688,0.0,1749427200000
tank_0697,0.0,1749427200000
tank_0720,0.0,1749427200000
tank_0722,0.0,1749427200000
tank_0724,0.0,1749427200000
tank_0725,6.0,1749427200000
tank_0728,0.0,1749427200000
tank_0730,0.0,1749427200000
tank_0731,256.0,1749427200000
tank_0732,0.0,1749427200000
tank_0737,2.0,1749427200000
tank_0739,0.0,1749427200000
tank_0740,0.0,1749427200000
tank_0746,0.0,1749427200000
tank_0748,0.0,1749427200000
tank_0749,0.0,1749427200000
tank_0752,0.0,1749427200000
tank_0760,0.0,1749427200000
tank_0770,0.0,1749427200000
tank_0772,0.0,1749427200000
tank_0788,0.0,1749427200000
tank_0789,0.0,1749427200000
tank_0792,0.0,1749427200000
tank_0797,0.0,1749427200000
tank_0800,0.0,1749427200000
tank_0802,0.0,1749427200000
tank_0803,0.0,1749427200000
tank_0808,0.0,1749427200000
tank_0810,12.0,1749427200000
tank_0811,10.968627450980392,1749427200000
tank_0812,54.0,1749427200000
tank_0813,0.0,1749427200000
tank_0816,0.0,1749427200000
tank_0819,0.0,1749427200000
tank_0823,0.0,1749427200000
tank_0824,2.0,1749427200000
tank_0825,0.0,1749427200000
tank_0828,0.0,1749427200000
tank_0829,35.984313725490196,1749427200000
tank_0830,0.0,1749427200000
tank_0831,0.4980392156862745,1749427200000
tank_0844,0.0,1749427200000
tank_0852,24.0,1749427200000
tank_0855,0.0,1749427200000
tank_0856,34.0,1749427200000
tank_0860,0.0,1749427200000
tank_0861,0.0,1749427200000
tank_0872,27.7921568627451,1749427200000
tank_0875,260.0,1749427200000
tank_0879,0.0,1749427200000
tank_0885,0.0,1749427200000
tank_0891,0.0,1749427200000
tank_0894,71.0,1749427200000
tank_0898,342.0,1749427200000
tank_0900,0.0,1749427200000
tank_0901,12.0,1749427200000
tank_0902,140.0,1749427200000
tank_0914,0.0,1749427200000
tank_0917,7.0,1749427200000
tank_0919,10.0,1749427200000
tank_0920,4.0,1749427200000
tank_0922,61.0,1749427200000
tank_0923,0.0,1749427200000
tank_0924,0.0,1749427200000
tank_0926,0.0,1749427200000
tank_0927,0.0,1749427200000
tank_0928,0.0,1749427200000
tank_0930,0.0,1749427200000
tank_0931,0.0,1749427200000
tank_0933,0.0,1749427200000
tank_0934,0.0,1749427200000
tank_0937,0.0,1749427200000
tank_0938,0.0,1749427200000
tank_0939,0.0,1749427200000
tank_0944,42.0,1749427200000
tank_0946,0.0,1749427200000
tank_0952,0.0,1749427200000
tank_0958,0.0,1749427200000
tank_0962,127.0,1749427200000
tank_0967,0.0,1749427200000
tank_0975,0.0,1749427200000
tank_0978,0.0,1749427200000
tank_0990,0.0,1749427200000
tank_0991,40.0,1749427200000
tank_0998,0.0,1749427200000
tank_0999,0.0,1749427200000
tank_1003,256.0,1749427200000
tank_1004,0.0,1749427200000
tank_1014,67.0,1749427200000
tank_1026,154.0,1749427200000
tank_1031,0.0,1749427200000
tank_1032,0.11764705882352941,1749427200000
tank_1034,0.6,1749427200000
tank_1042,24.0,1749427200000
tank_1045,0.0,1749427200000
tank_1049,67.0,1749427200000
tank_1055,10.12156862745098,1749427200000
tank_1061,3.976470588235294,1749427200000
tank_1062,0.0,1749427200000
tank_1064,0.0,1749427200000
tank_1065,0.0,1749427200000
tank_1066,0.0,1749427200000
tank_1070,22.0,1749427200000
tank_1073,5.0,1749427200000
tank_1083,0.0,1749427200000
tank_1086,0.0,1749427200000
tank_1088,15.0,1749427200000
tank_1089,20.0,1749427200000
tank_1090,88.85098039215686,1749427200000
tank_1091,0.0,1749427200000
tank_1094,119.0,1749427200000
tank_1095,10.0,1749427200000
tank_1104,5.419607843137254,1749427200000
tank_1113,29.0,1749427200000
tank_1116,0.0,1749427200000
tank_1117,0.0,1749427200000
tank_1120,53.0,1749427200000
tank_1121,32.0,1749427200000
tank_1124,26.898039215686275,1749427200000
tank_1128,0.0,1749427200000
tank_1134,0.0,1749427200000
tank_1135,48.0,1749427200000
tank_1146,2.0,1749427200000
tank_1149,2.3372549019607844,1749427200000
tank_1156,0.0,1749427200000
tank_1157,13.458823529411767,1749427200000
tank_1159,73.0,1749427200000
tank_1160,216.0,1749427200000
tank_1166,2.003921568627451,1749427200000
tank_1170,19.423529411764704,1749427200000
tank_1175,0.0,1749427200000
tank_1177,1.0,1749427200000
tank_1179,1.4862745098039216,1749427200000
tank_1181,15.0,1749427200000
tank_1186,69.0,1749427200000
tank_1187,40.16078431372549,1749427200000
tank_1190,0.0,1749427200000
tank_1192,0.0,1749427200000
tank_1196,0.0,1749427200000
tank_1197,311.0,1749427200000
tank_1201,16.0,1749427200000
tank_1203,4.525490196078431,1749427200000
tank_1205,62.0,1749427200000
tank_1209,344.0,1749427200000
tank_1217,0.0,1749427200000
tank_1223,0.0,1749427200000
tank_1226,128.4627450980392,1749427200000
tank_1228,57.0,1749427200000
tank_1230,0.0,1749427200000
tank_1237,35.0,1749427200000
tank_1239,302.0,1749427200000
tank_1245,0.0,1749427200000
tank_1246,61.0,1749427200000
tank_1250,0.0,1749427200000
tank_1254,222.0,1749427200000
tank_1255,6.337254901960784,1749427200000
tank_1258,19.0,1749427200000
tank_1261,0.10980392156862745,1749427200000
tank_1262,0.0,1749427200000
tank_1263,13.0,1749427200000
tank_1265,13.0,1749427200000
tank_1270,25.68235294117647,1749427200000
tank_1272,5.996078431372549,1749427200000
tank_1275,8.56078431372549,1749427200000
tank_1276,37.0,1749427200000
tank_1279,9.0,1749427200000
tank_1280,0.0,1749427200000
tank_1284,0.0,1749427200000
tank_1285,8.474509803921569,1749427200000
tank_1286,79.0,1749427200000
tank_1290,12.0,1749427200000
tank_1291,0.0,1749427200000
tank_1293,40.0,1749427200000
tank_1295,0.0,1749427200000
tank_1297,15.0,1749427200000
tank_1301,15.0,1749427200000
tank_1302,9.0,1749427200000
tank_1304,0.0,1749427200000
tank_1305,34.0,1749427200000
tank_1313,298.0,1749427200000
tank_1322,0.0,1749427200000
tank_1325,63.0,1749427200000
tank_1326,0.0,1749427200000
tank_1344,0.0,1749427200000
tank_1346,2.8901960784313725,1749427200000
tank_1349,0.0,1749427200000
tank_1353,776.0,1749427200000
tank_1358,0.0,1749427200000
tank_1359,0.0,1749427200000
tank_1361,276.0,1749427200000
tank_1364,1040.0,1749427200000
tank_1365,6.0,1749427200000
tank_1372,10.0,1749427200000
tank_1374,118.0,1749427200000
tank_1378,514.0,1749427200000
tank_1380,0.0,1749427200000
tank_1386,169.0,1749427200000
tank_1391,0.0,1749427200000
tank_1393,0.0,1749427200000
tank_1396,22.0,1749427200000
tank_1397,0.0,1749427200000
tank_1403,0.0,1749427200000
tank_1409,0.0,1749427200000
tank_1412,12.0,1749427200000
tank_1415,0.0,1749427200000
tank_1416,0.0,1749427200000
tank_1421,133.0,1749427200000
tank_1422,1.0,1749427200000
tank_1425,137.0,1749427200000
tank_1426,0.0,1749427200000
tank_1430,0.0,1749427200000
tank_1433,207.0,1749427200000
tank_1438,0.0,1749427200000
tank_1439,4.0,1749427200000
tank_1441,0.0,1749427200000
tank_1443,0.0,1749427200000
tank_1445,6.0,1749427200000
tank_1446,0.0,1749427200000
tank_1450,0.0,1749427200000
tank_1452,0.0,1749427200000
tank_1456,0.0,1749427200000
tank_1466,0.0,1749427200000
tank_1471,0.5490196078431373,1749427200000
tank_1475,76.0,1749427200000
tank_1486,87.0,1749427200000
tank_1488,71.0,1749427200000
tank_1491,0.0,1749427200000
tank_1500,0.0,1749427200000
tank_1505,163.0,1749427200000
tank_1513,115.0,1749427200000
tank_1531,0.0,1749427200000
tank_1536,5.0,1749427200000
tank_1539,202.0,1749427200000
tank_1541,3.0,1749427200000
tank_1542,0.0,1749427200000
tank_1547,108.0,1749427200000
tank_1563,0.0,1749427200000
tank_1564,0.0,1749427200000
tank_1565,272.0,1749427200000
tank_1567,0.0,1749427200000
tank_1568,0.0,1749427200000
tank_1573,69.0,1749427200000
tank_1583,0.0,1749427200000
tank_1587,0.0,1749427200000
tank_1588,0.0,1749427200000
tank_1592,0.0,1749427200000
tank_1594,0.0,1749427200000
tank_1595,0.0,1749427200000
tank_1597,0.0,1749427200000
tank_1598,18.28235294117647,1749427200000
tank_1600,0.0,1749427200000
tank_1604,0.5019607843137255,1749427200000
tank_0002,0.0,1750464000000
tank_0004,0.0,1750464000000
tank_0005,0.0,1750464000000
tank_0011,0.0,1750464000000
tank_0014,0.0,1750464000000
tank_0019,0.0,1750464000000
tank_0024,0.0,1750464000000
tank_0025,0.0,1750464000000
tank_0026,0.0,1750464000000
tank_0027,0.0,1750464000000
tank_0030,0.0,1750464000000
tank_0031,41.0,1750464000000
tank_0036,0.0,1750464000000
tank_0037,0.25098039215686274,1750464000000
tank_0038,4.203921568627451,1750464000000
tank_0050,0.0,1750464000000
tank_0051,0.0,1750464000000
tank_0052,0.0,1750464000000
tank_0053,10.690196078431372,1750464000000
tank_0055,0.0,1750464000000
tank_0057,2.0,1750464000000
tank_0058,0.0,1750464000000
tank_0064,7.0,1750464000000
tank_0069,51.0,1750464000000
tank_0072,0.0,1750464000000
tank_0073,0.0,1750464000000
tank_0080,20.95294117647059,1750464000000
tank_0094,0.0,1750464000000
tank_0107,0.0,1750464000000
tank_0110,0.0,1750464000000
tank_0113,0.0,1750464000000
tank_0115,0.0,1750464000000
tank_0116,0.0,1750464000000
tank_0117,52.0,1750464000000
tank_0118,0.0,1750464000000
tank_0122,0.0,1750464000000
tank_0125,0.0,1750464000000
tank_0130,0.0,1750464000000
tank_0131,0.0,1750464000000
tank_0132,0.0,1750464000000
tank_0134,0.0,1750464000000
tank_0135,0.0,1750464000000
tank_0142,3.756862745098039,1750464000000
tank_0143,0.0,1750464000000
tank_0144,2.0,1750464000000
tank_0148,0.0,1750464000000
tank_0153,0.0,1750464000000
tank_0156,7.823529411764706,1750464000000
tank_0159,0.0,1750464000000
tank_0165,8.188235294117648,1750464000000
tank_0171,0.0,1750464000000
tank_0172,0.0,1750464000000
tank_0174,0.0,1750464000000
tank_0176,1.0,1750464000000
tank_0184,0.0,1750464000000
tank_0187,0.0,1750464000000
tank_0190,1.6823529411764706,1750464000000
tank_0192,0.0,1750464000000
tank_0193,0.0,1750464000000
tank_0195,1.4823529411764707,1750464000000
tank_0199,0.0,1750464000000
tank_0204,0.0,1750464000000
tank_0205,0.0,1750464000000
tank_0207,0.0,1750464000000
tank_0209,4.713725490196078,1750464000000
tank_0213,0.0,1750464000000
tank_0217,0.6784313725490196,1750464000000
tank_0220,1.3333333333333333,1750464000000
tank_0221,0.0,1750464000000
tank_0225,0.0,1750464000000
tank_0226,6.0,1750464000000
tank_0228,0.0,1750464000000
tank_0229,0.7764705882352941,1750464000000
tank_0231,12.0,1750464000000
tank_0233,0.0,1750464000000
tank_0236,0.0,1750464000000
tank_0237,0.0,1750464000000
tank_0240,0.0,1750464000000
tank_0242,0.0,1750464000000
tank_0245,0.0,1750464000000
tank_0247,7.0,1750464000000
tank_0256,0.5019607843137255,1750464000000
tank_0257,0.0,1750464000000
tank_0260,0.0,1750464000000
tank_0261,0.0,1750464000000
tank_0264,0.0,1750464000000
tank_0273,216.0,1750464000000
tank_0276,0.14509803921568626,1750464000000
tank_0278,0.0,1750464000000
tank_0280,0.0,1750464000000
tank_0291,0.0,1750464000000
tank_0292,3.8901960784313725,1750464000000
tank_0296,0.0,1750464000000
tank_0297,0.0,1750464000000
tank_0299,8.07843137254902,1750464000000
tank_0300,4.188235294117647,1750464000000
tank_0301,0.0,1750464000000
tank_0307,0.0,1750464000000
tank_0309,14.925490196078432,1750464000000
tank_0313,0.0,1750464000000
tank_0314,0.0,1750464000000
tank_0319,0.0,1750464000000
tank_0321,0.0,1750464000000
tank_0327,0.0,1750464000000
tank_0337,2.0,1750464000000
tank_0338,0.0,1750464000000
tank_0339,8.376470588235293,1750464000000
tank_0342,14.474509803921569,1750464000000
tank_0345,0.0,1750464000000
tank_0346,0.0,1750464000000
tank_0349,155.0,1750464000000
tank_0350,0.0,1750464000000
tank_0353,10.0,1750464000000
tank_0356,0.0,1750464000000
tank_0360,0.0,1750464000000
tank_0361,0.0,1750464000000
tank_0362,0.0,1750464000000
tank_0364,0.0,1750464000000
tank_0366,0.0,1750464000000
tank_0369,0.0,1750464000000
tank_0375,0.0,1750464000000
tank_0379,0.0,1750464000000
tank_0381,0.0,1750464000000
tank_0386,0.0,1750464000000
tank_0390,0.0,1750464000000
tank_0397,0.0,1750464000000
tank_0399,0.0,1750464000000
tank_0404,31.0,1750464000000
tank_0409,0.0,1750464000000
tank_0420,2.2509803921568627,1750464000000
tank_0425,0.0,1750464000000
tank_0431,0.0,1750464000000
tank_0432,0.25098039215686274,1750464000000
tank_0435,0.0,1750464000000
tank_0436,0.0,1750464000000
tank_0438,1.0,1750464000000
tank_0443,0.0,1750464000000
tank_0444,16.0,1750464000000
tank_0447,50.439215686274515,1750464000000
tank_0448,0.0,1750464000000
tank_0449,0.0,1750464000000
tank_0455,8.4,1750464000000
tank_0460,0.0,1750464000000
tank_0462,0.0,1750464000000
tank_0466,0.0,1750464000000
tank_0471,0.0,1750464000000
tank_0473,0.0,1750464000000
tank_0474,0.0,1750464000000
tank_0481,1.2509803921568627,1750464000000
tank_0485,0.0,1750464000000
tank_0489,0.0,1750464000000
tank_0491,0.0,1750464000000
tank_0494,0.0,1750464000000
tank_0497,0.0,1750464000000
tank_0498,0.28627450980392155,1750464000000
tank_0502,0.0,1750464000000
tank_0505,0.0,1750464000000
tank_0509,0.0,1750464000000
tank_0512,12.0,1750464000000
tank_0514,0.0,1750464000000
tank_0515,0.0,1750464000000
tank_0521,0.0,1750464000000
tank_0524,0.0,1750464000000
tank_0526,5.0,1750464000000
tank_0533,0.0,1750464000000
tank_0534,0.0,1750464000000
tank_0536,0.0,1750464000000
tank_0537,0.0,1750464000000
tank_0541,0.0,1750464000000
tank_0547,0.0,1750464000000
tank_0552,0.0,1750464000000
tank_0555,0.0,1750464000000
tank_0556,0.0,1750464000000
tank_0557,0.0,1750464000000
tank_0560,0.0,1750464000000
tank_0561,0.0,1750464000000
tank_0566,0.0,1750464000000
tank_0567,0.0,1750464000000
tank_0568,0.0,1750464000000
tank_0574,0.0,1750464000000
tank_0579,26.0,1750464000000
tank_0583,4.0,1750464000000
tank_0587,0.0,1750464000000
tank_0589,0.0,1750464000000
tank_0590,2.0,1750464000000
tank_0592,0.0,1750464000000
tank_0593,0.0,1750464000000
tank_0595,0.0,1750464000000
tank_0600,0.0,1750464000000
tank_0604,0.0,1750464000000
tank_0606,0.0,1750464000000
tank_0607,0.0,1750464000000
tank_0608,0.0,1750464000000
tank_0610,0.30980392156862746,1750464000000
tank_0611,0.0,1750464000000
tank_0612,0.0,1750464000000
tank_0613,0.0,1750464000000
tank_0619,0.0,1750464000000
tank_0626,0.0,1750464000000
tank_0627,0.0,1750464000000
tank_0628,0.0,1750464000000
tank_0632,0.0,1750464000000
tank_0633,0.0,1750464000000
tank_0639,0.0,1750464000000
tank_0640,0.0,1750464000000
tank_0641,0.0,1750464000000
tank_0643,0.0,1750464000000
tank_0646,0.0,1750464000000
tank_0663,1.7411764705882353,1750464000000
tank_0664,0.0,1750464000000
tank_0666,0.0,1750464000000
tank_0667,0.0,1750464000000
tank_0670,0.0,1750464000000
tank_0675,0.0,1750464000000
tank_0676,78.0,1750464000000
tank_0678,0.0,1750464000000
tank_0681,7.129411764705882,1750464000000
tank_0687,0.0,1750464000000
tank_0688,0.0,1750464000000
tank_0697,0.0,1750464000000
tank_0720,0.42745098039215684,1750464000000
tank_0722,1.0,1750464000000
tank_0724,0.0,1750464000000
tank_0725,0.0,1750464000000
tank_0728,0.0,1750464000000
tank_0730,0.0,1750464000000
tank_0731,184.0,1750464000000
tank_0732,2.4862745098039216,1750464000000
tank_0737,4.0,1750464000000
tank_0739,0.0,1750464000000
tank_0740,9.39607843137255,1750464000000
tank_0746,0.0,1750464000000
tank_0748,2.0,1750464000000
tank_0749,0.0,1750464000000
tank_0752,6.0,1750464000000
tank_0760,0.0,1750464000000
tank_0770,2.6705882352941175,1750464000000
tank_0772,0.0,1750464000000
tank_0788,0.0,1750464000000
tank_0789,17.0,1750464000000
tank_0792,35.63529411764706,1750464000000
tank_0797,0.0,1750464000000
tank_0800,1.0,1750464000000
tank_0802,0.0,1750464000000
tank_0803,4.772549019607843,1750464000000
tank_0808,8.24705882352941,1750464000000
tank_0810,14.0,1750464000000
tank_0811,10.39607843137255,1750464000000
tank_0812,42.0,1750464000000
tank_0813,1.3058823529411765,1750464000000
tank_0816,4.254901960784314,1750464000000
tank_0819,0.0,1750464000000
tank_0823,0.0,1750464000000
tank_0824,0.0,1750464000000
tank_0825,0.0,1750464000000
tank_0828,0.0,1750464000000
tank_0829,25.0,1750464000000
tank_0830,0.0,1750464000000
tank_0831,11.996078431372549,1750464000000
tank_0844,0.0,1750464000000
tank_0852,19.0,1750464000000
tank_0855,0.0,1750464000000
tank_0856,179.0,1750464000000
tank_0860,0.0,1750464000000
tank_0861,0.0,1750464000000
tank_0872,19.0,1750464000000
tank_0875,209.7450980392157,1750464000000
tank_0879,0.0,1750464000000
tank_0885,0.0,1750464000000
tank_0891,0.0,1750464000000
tank_0894,10.0,1750464000000
tank_0898,54.0,1750464000000
tank_0900,0.0,1750464000000
tank_0901,2.0,1750464000000
tank_0902,34.0,1750464000000
tank_0914,0.0,1750464000000
tank_0917,16.0,1750464000000
tank_0919,9.0,1750464000000
tank_0920,0.0,1750464000000
tank_0922,77.0,1750464000000
tank_0923,4.0,1750464000000
tank_0924,0.0,1750464000000
tank_0926,0.0,1750464000000
tank_0927,0.0,1750464000000
tank_0928,21.0,1750464000000
tank_0930,2.0,1750464000000
tank_0931,0.0,1750464000000
tank_0933,0.0,1750464000000
tank_0934,0.0,1750464000000
tank_0937,0.0,1750464000000
tank_0938,0.0,1750464000000
tank_0939,0.0,1750464000000
tank_0944,68.0,1750464000000
tank_0946,0.0,1750464000000
tank_0952,10.0,1750464000000
tank_0958,0.0,1750464000000
tank_0962,85.0,1750464000000
tank_0967,0.0,1750464000000
tank_0975,0.0,1750464000000
tank_0978,0.0,1750464000000
tank_0990,0.0,1750464000000
tank_0991,84.0,1750464000000
tank_0998,0.0,1750464000000
tank_0999,0.0,1750464000000
tank_1003,299.0,1750464000000
tank_1004,0.0,1750464000000
tank_1014,66.0,1750464000000
tank_1026,186.0,1750464000000
tank_1031,0.0,1750464000000
tank_1032,5.956862745098039,1750464000000
tank_1034,1.1254901960784314,1750464000000
tank_1042,36.0,1750464000000
tank_1045,0.0,1750464000000
tank_1049,63.0,1750464000000
tank_1055,9.278431372549019,1750464000000
tank_1061,1.0,1750464000000
tank_1062,0.0,1750464000000
tank_1064,0.023529411764705882,1750464000000
tank_1065,0.0,1750464000000
tank_1066,0.0,1750464000000
tank_1070,29.0,1750464000000
tank_1073,7.0,1750464000000
tank_1083,0.0,1750464000000
tank_1086,0.0,1750464000000
tank_1088,8.945098039215686,1750464000000
tank_1089,21.0,1750464000000
tank_1090,45.0,1750464000000
tank_1091,0.0,1750464000000
tank_1094,629.0,1750464000000
tank_1095,2.0,1750464000000
tank_1104,1.0,1750464000000
tank_1113,26.0,1750464000000
tank_1116,0.0,1750464000000
tank_1117,0.0,1750464000000
tank_1120,46.0,1750464000000
tank_1121,5.0,1750464000000
tank_1124,31.88235294117647,1750464000000
tank_1128,0.0,1750464000000
tank_1134,0.788235294117647,1750464000000
tank_1135,43.25098039215686,1750464000000
tank_1146,0.0,1750464000000
tank_1149,0.0,1750464000000
tank_1156,0.0,1750464000000
tank_1157,10.686274509803923,1750464000000
tank_1159,0.0,1750464000000
tank_1160,265.0,1750464000000
tank_1166,0.12941176470588237,1750464000000
tank_1170,21.24313725490196,1750464000000
tank_1175,0.0,1750464000000
tank_1177,12.0,1750464000000
tank_1179,0.12549019607843137,1750464000000
tank_1181,8.0,1750464000000
tank_1186,75.0,1750464000000
tank_1187,27.333333333333336,1750464000000
tank_1190,0.0,1750464000000
tank_1192,0.0,1750464000000
tank_1196,0.0,1750464000000
tank_1197,838.0,1750464000000
tank_1201,4.0,1750464000000
tank_1203,0.011764705882352941,1750464000000
tank_1205,111.0,1750464000000
tank_1209,132.0,1750464000000
tank_1217,0.0,1750464000000
tank_1223,0.0,1750464000000
tank_1226,147.17647058823528,1750464000000
tank_1228,54.0,1750464000000
tank_1230,0.0,1750464000000
tank_1237,21.976470588235294,1750464000000
tank_1239,401.0,1750464000000
tank_1245,0.0,1750464000000
tank_1246,43.0,1750464000000
tank_1250,0.0,1750464000000
tank_1254,1208.0,1750464000000
tank_1255,2.7450980392156863,1750464000000
tank_1258,42.0,1750464000000
tank_1261,0.0,1750464000000
tank_1262,0.0,1750464000000
tank_1263,8.0,1750464000000
tank_1265,8.0,1750464000000
tank_1270,5.0,1750464000000
tank_1272,7.996078431372549,1750464000000
tank_1275,1.4156862745098038,1750464000000
tank_1276,53.0,1750464000000
tank_1279,9.6,1750464000000
tank_1280,0.0,1750464000000
tank_1284,0.0,1750464000000
tank_1285,3.7294117647058824,1750464000000
tank_1286,32.0,1750464000000
tank_1290,5.0,1750464000000
tank_1291,0.0,1750464000000
tank_1293,28.0,1750464000000
tank_1295,0.0,1750464000000
tank_1297,6.0,1750464000000
tank_1301,51.0,1750464000000
tank_1302,0.0,1750464000000
tank_1304,0.0,1750464000000
tank_1305,20.0,1750464000000
tank_1313,292.0,1750464000000
tank_1322,0.0,1750464000000
tank_1325,70.99607843137255,1750464000000
tank_1326,0.0,1750464000000
tank_1344,0.0,1750464000000
tank_1346,0.0,1750464000000
tank_1349,0.0,1750464000000
tank_1353,180.0,1750464000000
tank_1358,0.0,1750464000000
tank_1359,0.0,1750464000000
tank_1361,268.0,1750464000000
tank_1364,131.0,1750464000000
tank_1365,0.0,1750464000000
tank_1372,5.0,1750464000000
tank_1374,101.0,1750464000000
tank_1378,481.0,1750464000000
tank_1380,0.0,1750464000000
tank_1386,23.0,1750464000000
tank_1391,0.0,1750464000000
tank_1393,0.0,1750464000000
tank_1396,1.0,1750464000000
tank_1397,0.0,1750464000000
tank_1403,0.0,1750464000000
tank_1409,0.0,1750464000000
tank_1412,2.0,1750464000000
tank_1415,0.0,1750464000000
tank_1416,0.0,1750464000000
tank_1421,154.0,1750464000000
tank_1422,0.0,1750464000000
tank_1425,57.0,1750464000000
tank_1426,0.0,1750464000000
tank_1430,0.0,1750464000000
tank_1433,177.0,1750464000000
tank_1438,0.0,1750464000000
tank_1439,0.0,1750464000000
tank_1441,0.0,1750464000000
tank_1443,0.0,1750464000000
tank_1445,0.0,1750464000000
tank_1446,0.0,1750464000000
tank_1450,0.0,1750464000000
tank_1452,0.0,1750464000000
tank_1456,0.0,1750464000000
tank_1466,4.0,1750464000000
tank_1471,0.0,1750464000000
tank_1475,16.0,1750464000000
tank_1486,200.0,1750464000000
tank_1488,58.0,1750464000000
tank_1491,0.0,1750464000000
tank_1500,0.0,1750464000000
tank_1505,311.0,1750464000000
tank_1513,142.0,1750464000000
tank_1531,0.0,1750464000000
tank_1536,0.0,1750464000000
tank_1539,186.0,1750464000000
tank_1541,9.0,1750464000000
tank_1542,0.0,1750464000000
tank_1547,165.0,1750464000000
tank_1563,0.0,1750464000000
tank_1564,0.0,1750464000000
tank_1565,422.0,1750464000000
tank_1567,0.0,1750464000000
tank_1568,0.0,1750464000000
tank_1573,67.0,1750464000000
tank_1583,0.0,1750464000000
tank_1587,0.0,1750464000000
tank_1588,0.0,1750464000000
tank_1592,0.0,1750464000000
tank_1594,0.0,1750464000000
tank_1595,0.0,1750464000000
tank_1597,0.0,1750464000000
tank_1598,13.250980392156862,1750464000000
tank_1600,0.0,1750464000000
tank_1604,13.862745098039216,1750464000000
tank_0002,0.0,1751500800000
tank_0004,0.0,1751500800000
tank_0005,0.0,1751500800000
tank_0011,0.0,1751500800000
tank_0014,0.0,1751500800000
tank_0019,0.0,1751500800000
tank_0024,0.0,1751500800000
tank_0025,0.0,1751500800000
tank_0026,0.0,1751500800000
tank_0027,0.0,1751500800000
tank_0030,0.0,1751500800000
tank_0031,30.87450980392157,1751500800000
tank_0036,0.0,1751500800000
tank_0037,0.0,1751500800000
tank_0038,0.0,1751500800000
tank_0050,0.0,1751500800000
tank_0051,0.0,1751500800000
tank_0052,0.0,1751500800000
tank_0053,0.0,1751500800000
tank_0055,0.0,1751500800000
tank_0057,0.0,1751500800000
tank_0058,0.0,1751500800000
tank_0064,0.0,1751500800000
tank_0069,30.0,1751500800000
tank_0072,0.0,1751500800000
tank_0073,0.0,1751500800000
tank_0080,18.0,1751500800000
tank_0094,0.0,1751500800000
tank_0107,0.0,1751500800000
tank_0110,0.0,1751500800000
tank_0113,0.0,1751500800000
tank_0115,0.0,1751500800000
tank_0116,0.0,1751500800000
tank_0117,37.0,1751500800000
tank_0118,0.0,1751500800000
tank_0122,0.0,1751500800000
tank_0125,0.8549019607843137,1751500800000
tank_0130,0.0,1751500800000
tank_0131,0.0,1751500800000
tank_0132,0.0,1751500800000
tank_0134,0.0,1751500800000
tank_0135,0.0,1751500800000
tank_0142,0.0,1751500800000
tank_0143,0.0,1751500800000
tank_0144,0.0,1751500800000
tank_0148,0.0,1751500800000
tank_0153,0.0,1751500800000
tank_0156,1.8980392156862744,1751500800000
tank_0159,0.0,1751500800000
tank_0165,0.0,1751500800000
tank_0171,0.0,1751500800000
tank_0172,0.0,1751500800000
tank_0174,0.0,1751500800000
tank_0176,0.0,1751500800000
tank_0184,0.0,1751500800000
tank_0187,0.0,1751500800000
tank_0190,0.0,1751500800000
tank_0192,0.0,1751500800000
tank_0193,0.0,1751500800000
tank_0195,0.0,1751500800000
tank_0199,0.0,1751500800000
tank_0204,0.0,1751500800000
tank_0205,0.0,1751500800000
tank_0207,0.0,1751500800000
tank_0209,0.0,1751500800000
tank_0213,0.0,1751500800000
tank_0217,0.0,1751500800000
tank_0220,0.0,1751500800000
tank_0221,0.0,1751500800000
tank_0225,0.0,1751500800000
tank_0226,0.0,1751500800000
tank_0228,0.0,1751500800000
tank_0229,0.0,1751500800000
tank_0231,0.0,1751500800000
tank_0233,0.0,1751500800000
tank_0236,0.0,1751500800000
tank_0237,0.0,1751500800000
tank_0240,0.0,1751500800000
tank_0242,0.0,1751500800000
tank_0245,0.0,1751500800000
tank_0247,0.0,1751500800000
tank_0256,0.0,1751500800000
tank_0257,0.0,1751500800000
tank_0260,0.0,1751500800000
tank_0261,0.0,1751500800000
tank_0264,0.0,1751500800000
tank_0273,87.0,1751500800000
tank_0276,0.0,1751500800000
tank_0278,0.0,1751500800000
tank_0280,0.0,1751500800000
tank_0291,5.0,1751500800000
tank_0292,0.0,1751500800000
tank_0296,0.0,1751500800000
tank_0297,0.0,1751500800000
tank_0299,0.0,1751500800000
tank_0300,0.0,1751500800000
tank_0301,0.0,1751500800000
tank_0307,0.0,1751500800000
tank_0309,6.0,1751500800000
tank_0313,0.0,1751500800000
tank_0314,0.0,1751500800000
tank_0319,0.0,1751500800000
tank_0321,0.0,1751500800000
tank_0327,0.0,1751500800000
tank_0337,0.0,1751500800000
tank_0338,0.0,1751500800000
tank_0339,0.0,1751500800000
tank_0342,0.0,1751500800000
tank_0345,0.0,1751500800000
tank_0346,0.0,1751500800000
tank_0349,114.0,1751500800000
tank_0350,0.0,1751500800000
tank_0353,0.0,1751500800000
tank_0356,0.0,1751500800000
tank_0360,0.0,1751500800000
tank_0361,0.0,1751500800000
tank_0362,0.0,1751500800000
tank_0364,0.0,1751500800000
tank_0366,0.0,1751500800000
tank_0369,0.0,1751500800000
tank_0375,0.0,1751500800000
tank_0379,0.0,1751500800000
tank_0381,0.0,1751500800000
tank_0386,0.0,1751500800000
tank_0390,0.0,1751500800000
tank_0397,0.0,1751500800000
tank_0399,0.0,1751500800000
tank_0404,12.0,1751500800000
tank_0409,0.0,1751500800000
tank_0420,0.0,1751500800000
tank_0425,0.0,1751500800000
tank_0431,0.0,1751500800000
tank_0432,0.0,1751500800000
tank_0435,0.0,1751500800000
tank_0436,0.0,1751500800000
tank_0438,4.0,1751500800000
tank_0443,0.0,1751500800000
tank_0444,0.0,1751500800000
tank_0447,0.0,1751500800000
tank_0448,0.0,1751500800000
tank_0449,0.0,1751500800000
tank_0455,0.0,1751500800000
tank_0460,0.0,1751500800000
tank_0462,0.0,1751500800000
tank_0466,0.0,1751500800000
tank_0471,0.0,1751500800000
tank_0473,0.0,1751500800000
tank_0474,0.0,1751500800000
tank_0481,0.0,1751500800000
tank_0485,0.0,1751500800000
tank_0489,0.0,1751500800000
tank_0491,0.0,1751500800000
tank_0494,0.0,1751500800000
tank_0497,0.0,1751500800000
tank_0498,3.0,1751500800000
tank_0502,0.0,1751500800000
tank_0505,0.0,1751500800000
tank_0509,0.0,1751500800000
tank_0512,33.0,1751500800000
tank_0514,0.0,1751500800000
tank_0515,0.0,1751500800000
tank_0521,0.0,1751500800000
tank_0524,0.0,1751500800000
tank_0526,1.0,1751500800000
tank_0533,0.0,1751500800000
tank_0534,0.0,1751500800000
tank_0536,0.0,1751500800000
tank_0537,0.0,1751500800000
tank_0541,0.0,1751500800000
tank_0547,0.0,1751500800000
tank_0552,0.0,1751500800000
tank_0555,0.0,1751500800000
tank_0556,0.0,1751500800000
tank_0557,0.0,1751500800000
tank_0560,0.0,1751500800000
tank_0561,0.0,1751500800000
tank_0566,0.0,1751500800000
tank_0567,0.0,1751500800000
tank_0568,0.0,1751500800000
tank_0574,0.0,1751500800000
tank_0579,7.0,1751500800000
tank_0583,4.0,1751500800000
tank_0587,0.0,1751500800000
tank_0589,0.0,1751500800000
tank_0590,0.0,1751500800000
tank_0592,0.0,1751500800000
tank_0593,0.0,1751500800000
tank_0595,0.0,1751500800000
tank_0600,0.0,1751500800000
tank_0604,0.0,1751500800000
tank_0606,0.0,1751500800000
tank_0607,0.0,1751500800000
tank_0608,0.0,1751500800000
tank_0610,0.0,1751500800000
tank_0611,0.0,1751500800000
tank_0612,0.0,1751500800000
tank_0613,0.0,1751500800000
tank_0619,0.0,1751500800000
tank_0626,0.0,1751500800000
tank_0627,0.0,1751500800000
tank_0628,0.0,1751500800000
tank_0632,0.0,1751500800000
tank_0633,0.0,1751500800000
tank_0639,0.0,1751500800000
tank_0640,0.0,1751500800000
tank_0641,0.0,1751500800000
tank_0643,0.0,1751500800000
tank_0646,0.0,1751500800000
tank_0663,0.0,1751500800000
tank_0664,0.0,1751500800000
tank_0666,0.0,1751500800000
tank_0667,0.0,1751500800000
tank_0670,0.0,1751500800000
tank_0675,0.0,1751500800000
tank_0676,32.0,1751500800000
tank_0678,0.0,1751500800000
tank_0681,0.0,1751500800000
tank_0687,0.0,1751500800000
tank_0688,0.0,1751500800000
tank_0697,0.0,1751500800000
tank_0720,0.0,1751500800000
tank_0722,0.0,1751500800000
tank_0724,0.0,1751500800000
tank_0725,0.0,1751500800000
tank_0728,0.0,1751500800000
tank_0730,0.0,1751500800000
tank_0731,221.0,1751500800000
tank_0732,0.0,1751500800000
tank_0737,0.0,1751500800000
tank_0739,0.0,1751500800000
tank_0740,0.0,1751500800000
tank_0746,0.0,1751500800000
tank_0748,0.0,1751500800000
tank_0749,0.0,1751500800000
tank_0752,0.0,1751500800000
tank_0760,0.0,1751500800000
tank_0770,0.0,1751500800000
tank_0772,0.0,1751500800000
tank_0788,0.0,1751500800000
tank_0789,0.0,1751500800000
tank_0792,0.0,1751500800000
tank_0797,0.0,1751500800000
tank_0800,0.0,1751500800000
tank_0802,0.0,1751500800000
tank_0803,0.0,1751500800000
tank_0808,5.415686274509804,1751500800000
tank_0810,5.0,1751500800000
tank_0811,0.0,1751500800000
tank_0812,55.0,1751500800000
tank_0813,0.0,1751500800000
tank_0816,0.0,1751500800000
tank_0819,0.0,1751500800000
tank_0823,0.0,1751500800000
tank_0824,3.0,1751500800000
tank_0825,0.0,1751500800000
tank_0828,0.0,1751500800000
tank_0829,19.0,1751500800000
tank_0830,0.0,1751500800000
tank_0831,0.0,1751500800000
tank_0844,0.0,1751500800000
tank_0852,18.0,1751500800000
tank_0855,0.0,1751500800000
tank_0856,149.0,1751500800000
tank_0860,0.0,1751500800000
tank_0861,0.0,1751500800000
tank_0872,15.0,1751500800000
tank_0875,223.0,1751500800000
tank_0879,0.0,1751500800000
tank_0885,0.0,1751500800000
tank_0891,0.0,1751500800000
tank_0894,86.0,1751500800000
tank_0898,23.0,1751500800000
tank_0900,0.0,1751500800000
tank_0901,3.0,1751500800000
tank_0902,12.0,1751500800000
tank_0914,0.0,1751500800000
tank_0917,1.0,1751500800000
tank_0919,2.0,1751500800000
tank_0920,0.0,1751500800000
tank_0922,82.0,1751500800000
tank_0923,0.0,1751500800000
tank_0924,0.0,1751500800000
tank_0926,0.0,1751500800000
tank_0927,0.0,1751500800000
tank_0928,4.0,1751500800000
tank_0930,0.0,1751500800000
tank_0931,0.0,1751500800000
tank_0933,0.0,1751500800000
tank_0934,0.0,1751500800000
tank_0937,0.0,1751500800000
tank_0938,0.0,1751500800000
tank_0939,0.0,1751500800000
tank_0944,58.0,1751500800000
tank_0946,0.0,1751500800000
tank_0952,0.0,1751500800000
tank_0958,0.0,1751500800000
tank_0962,253.0,1751500800000
tank_0967,0.0,1751500800000
tank_0975,0.0,1751500800000
tank_0978,0.0,1751500800000
tank_0990,0.0,1751500800000
tank_0991,125.0,1751500800000
tank_0998,0.0,1751500800000
tank_0999,0.0,1751500800000
tank_1003,52.0,1751500800000
tank_1004,0.0,1751500800000
tank_1014,21.0,1751500800000
tank_1026,138.0,1751500800000
tank_1031,0.0,1751500800000
tank_1032,0.0,1751500800000
tank_1034,0.0,1751500800000
tank_1042,19.0,1751500800000
tank_1045,0.0,1751500800000
tank_1049,24.0,1751500800000
tank_1055,1.0156862745098039,1751500800000
tank_1061,0.0,1751500800000
tank_1062,0.0,1751500800000
tank_1064,0.0,1751500800000
tank_1065,1.0,1751500800000
tank_1066,0.0,1751500800000
tank_1070,4.0,1751500800000
tank_1073,2.0,1751500800000
tank_1083,0.0,1751500800000
tank_1086,0.0,1751500800000
tank_1088,0.0,1751500800000
tank_1089,25.0,1751500800000
tank_1090,16.0,1751500800000
tank_1091,0.0,1751500800000
tank_1094,818.0,1751500800000
tank_1095,10.0,1751500800000
tank_1104,0.0,1751500800000
tank_1113,35.0,1751500800000
tank_1116,0.0,1751500800000
tank_1117,0.0,1751500800000
tank_1120,29.0,1751500800000
tank_1121,74.0,1751500800000
tank_1124,21.95294117647059,1751500800000
tank_1128,0.0,1751500800000
tank_1134,0.0,1751500800000
tank_1135,36.0,1751500800000
tank_1146,0.0,1751500800000
tank_1149,0.0,1751500800000
tank_1156,0.0,1751500800000
tank_1157,18.839215686274514,1751500800000
tank_1159,3.0,1751500800000
tank_1160,210.0,1751500800000
tank_1166,0.33725490196078434,1751500800000
tank_1170,22.976470588235294,1751500800000
tank_1175,0.0,1751500800000
tank_1177,0.0,1751500800000
tank_1179,0.0,1751500800000
tank_1181,0.0,1751500800000
tank_1186,51.0,1751500800000
tank_1187,30.46666666666667,1751500800000
tank_1190,0.0,1751500800000
tank_1192,0.0,1751500800000
tank_1196,0.0,1751500800000
tank_1197,222.0,1751500800000
tank_1201,19.0,1751500800000
tank_1203,0.0,1751500800000
tank_1205,102.0,1751500800000
tank_1209,65.0,1751500800000
tank_1217,0.0,1751500800000
tank_1223,0.0,1751500800000
tank_1226,123.26666666666667,1751500800000
tank_1228,49.0,1751500800000
tank_1230,0.0,1751500800000
tank_1237,19.450980392156865,1751500800000
tank_1239,273.0,1751500800000
tank_1245,0.0,1751500800000
tank_1246,44.0,1751500800000
tank_1250,0.0,1751500800000
tank_1254,1034.0,1751500800000
tank_1255,0.0,1751500800000
tank_1258,22.0,1751500800000
tank_1261,0.0,1751500800000
tank_1262,0.0,1751500800000
tank_1263,3.0,1751500800000
tank_1265,4.0,1751500800000
tank_1270,21.929411764705883,1751500800000
tank_1272,4.0,1751500800000
tank_1275,0.0,1751500800000
tank_1276,91.0,1751500800000
tank_1279,17.909803921568628,1751500800000
tank_1280,0.0,1751500800000
tank_1284,0.0,1751500800000
tank_1285,1.0,1751500800000
tank_1286,63.0,1751500800000
tank_1290,13.0,1751500800000
tank_1291,0.0,1751500800000
tank_1293,19.0,1751500800000
tank_1295,0.0,1751500800000
tank_1297,25.0,1751500800000
tank_1301,12.0,1751500800000
tank_1302,5.0,1751500800000
tank_1304,0.0,1751500800000
tank_1305,19.0,1751500800000
tank_1313,431.0,1751500800000
tank_1322,0.0,1751500800000
tank_1325,29.596078431372547,1751500800000
tank_1326,0.0,1751500800000
tank_1344,0.0,1751500800000
tank_1346,0.0,1751500800000
tank_1349,0.0,1751500800000
tank_1353,87.0,1751500800000
tank_1358,0.0,1751500800000
tank_1359,0.0,1751500800000
tank_1361,29.0,1751500800000
tank_1364,205.0,1751500800000
tank_1365,0.0,1751500800000
tank_1372,3.0,1751500800000
tank_1374,30.0,1751500800000
tank_1378,217.0,1751500800000
tank_1380,0.0,1751500800000
tank_1386,79.0,1751500800000
tank_1391,0.0,1751500800000
tank_1393,0.0,1751500800000
tank_1396,0.0,1751500800000
tank_1397,0.0,1751500800000
tank_1403,0.0,1751500800000
tank_1409,0.0,1751500800000
tank_1412,3.0,1751500800000
tank_1415,0.0,1751500800000
tank_1416,0.0,1751500800000
tank_1421,99.0,1751500800000
tank_1422,0.0,1751500800000
tank_1425,76.0,1751500800000
tank_1426,0.0,1751500800000
tank_1430,0.0,1751500800000
tank_1433,182.0,1751500800000
tank_1438,0.0,1751500800000
tank_1439,0.0,1751500800000
tank_1441,0.0,1751500800000
tank_1443,0.0,1751500800000
tank_1445,0.0,1751500800000
tank_1446,0.0,1751500800000
tank_1450,0.0,1751500800000
tank_1452,0.0,1751500800000
tank_1456,0.0,1751500800000
tank_1466,0.0,1751500800000
tank_1471,0.0,1751500800000
tank_1475,15.0,1751500800000
tank_1486,7.0,1751500800000
tank_1488,35.0,1751500800000
tank_1491,0.0,1751500800000
tank_1500,0.0,1751500800000
tank_1505,214.0,1751500800000
tank_1513,155.0,1751500800000
tank_1531,0.0,1751500800000
tank_1536,0.0,1751500800000
tank_1539,68.0,1751500800000
tank_1541,4.0,1751500800000
tank_1542,0.0,1751500800000
tank_1547,26.0,1751500800000
tank_1563,0.0,1751500800000
tank_1564,0.0,1751500800000
tank_1565,76.0,1751500800000
tank_1567,0.0,1751500800000
tank_1568,0.0,1751500800000
tank_1573,36.0,1751500800000
tank_1583,0.0,1751500800000
tank_1587,0.0,1751500800000
tank_1588,0.0,1751500800000
tank_1592,0.0,1751500800000
tank_1594,0.0,1751500800000
tank_1595,0.0,1751500800000
tank_1597,0.0,1751500800000
tank_1598,40.55294117647059,1751500800000
tank_1600,0.0,1751500800000
tank_1604,3.0,1751500800000
tank_0002,0.0,1752537600000
tank_0004,0.0,1752537600000
tank_0005,12.0,1752537600000
tank_0011,0.0,1752537600000
tank_0014,0.0,1752537600000
tank_0019,0.0,1752537600000
tank_0024,7.0,1752537600000
tank_0025,3.682352941176471,1752537600000
tank_0026,0.0,1752537600000
tank_0027,0.0,1752537600000
tank_0030,0.0,1752537600000
tank_0031,24.0,1752537600000
tank_0036,0.0,1752537600000
tank_0037,0.0,1752537600000
tank_0038,0.0,1752537600000
tank_0050,0.0,1752537600000
tank_0051,0.0,1752537600000
tank_0052,0.0,1752537600000
tank_0053,11.16470588235294,1752537600000
tank_0055,0.0,1752537600000
tank_0057,0.0,1752537600000
tank_0058,0.0,1752537600000
tank_0064,0.0,1752537600000
tank_0069,32.0,1752537600000
tank_0072,0.0,1752537600000
tank_0073,0.0,1752537600000
tank_0080,21.0,1752537600000
tank_0094,0.0,1752537600000
tank_0107,0.0,1752537600000
tank_0110,0.0,1752537600000
tank_0113,2.380392156862745,1752537600000
tank_0115,0.0,1752537600000
tank_0116,0.0,1752537600000
tank_0117,46.0,1752537600000
tank_0118,0.0,1752537600000
tank_0122,0.0,1752537600000
tank_0125,0.0,1752537600000
tank_0130,0.0,1752537600000
tank_0131,0.0,1752537600000
tank_0132,0.0,1752537600000
tank_0134,0.0,1752537600000
tank_0135,0.0,1752537600000
tank_0142,0.0,1752537600000
tank_0143,0.0,1752537600000
tank_0144,0.0,1752537600000
tank_0148,0.0,1752537600000
tank_0153,0.0,1752537600000
tank_0156,60.78431372549021,1752537600000
tank_0159,0.0,1752537600000
tank_0165,4.027450980392157,1752537600000
tank_0171,0.0,1752537600000
tank_0172,0.0,1752537600000
tank_0174,5.79607843137255,1752537600000
tank_0176,0.0,1752537600000
tank_0184,0.0,1752537600000
tank_0187,3.870588235294118,1752537600000
tank_0190,6.188235294117646,1752537600000
tank_0192,0.0,1752537600000
tank_0193,0.0,1752537600000
tank_0195,0.0,1752537600000
tank_0199,0.0,1752537600000
tank_0204,0.0,1752537600000
tank_0205,0.0,1752537600000
tank_0207,1.0,1752537600000
tank_0209,0.0,1752537600000
tank_0213,0.0,1752537600000
tank_0217,0.0,1752537600000
tank_0220,0.0,1752537600000
tank_0221,2.0,1752537600000
tank_0225,0.0,1752537600000
tank_0226,0.0,1752537600000
tank_0228,0.0,1752537600000
tank_0229,0.0,1752537600000
tank_0231,0.0,1752537600000
tank_0233,0.0,1752537600000
tank_0236,0.0,1752537600000
tank_0237,0.0,1752537600000
tank_0240,0.0,1752537600000
tank_0242,0.0,1752537600000
tank_0245,8.023529411764706,1752537600000
tank_0247,0.0,1752537600000
tank_0256,0.0,1752537600000
tank_0257,0.0,1752537600000
tank_0260,1.8470588235294119,1752537600000
tank_0261,0.0,1752537600000
tank_0264,0.0,1752537600000
tank_0273,171.0,1752537600000
tank_0276,0.0,1752537600000
tank_0278,0.0,1752537600000
tank_0280,0.0,1752537600000
tank_0291,0.0,1752537600000
tank_0292,1.0,1752537600000
tank_0296,0.0,1752537600000
tank_0297,0.0,1752537600000
tank_0299,1.156862745098039,1752537600000
tank_0300,0.0,1752537600000
tank_0301,0.0,1752537600000
tank_0307,0.0,1752537600000
tank_0309,10.925490196078432,1752537600000
tank_0313,0.0,1752537600000
tank_0314,0.0,1752537600000
tank_0319,0.0,1752537600000
tank_0321,0.0,1752537600000
tank_0327,0.0,1752537600000
tank_0337,0.0,1752537600000
tank_0338,0.0,1752537600000
tank_0339,0.0,1752537600000
tank_0342,3.0,1752537600000
tank_0345,0.0,1752537600000
tank_0346,1.0,1752537600000
tank_0349,123.0,1752537600000
tank_0350,0.0,1752537600000
tank_0353,5.0,1752537600000
tank_0356,0.0,1752537600000
tank_0360,0.0,1752537600000
tank_0361,0.0,1752537600000
tank_0362,0.0,1752537600000
tank_0364,0.0,1752537600000
tank_0366,8.501960784313725,1752537600000
tank_0369,0.0,1752537600000
tank_0375,0.0,1752537600000
tank_0379,5.8392156862745095,1752537600000
tank_0381,0.0,1752537600000
tank_0386,0.0,1752537600000
tank_0390,4.0,1752537600000
tank_0397,0.0,1752537600000
tank_0399,0.0,1752537600000
tank_0404,15.0,1752537600000
tank_0409,0.0,1752537600000
tank_0420,0.6235294117647059,1752537600000
tank_0425,0.0,1752537600000
tank_0431,0.0,1752537600000
tank_0432,1.0,1752537600000
tank_0435,0.0,1752537600000
tank_0436,0.0,1752537600000
tank_0438,0.0,1752537600000
tank_0443,0.0,1752537600000
tank_0444,0.0,1752537600000
tank_0447,45.117647058823536,1752537600000
tank_0448,0.0,1752537600000
tank_0449,0.0196078431372549,1752537600000
tank_0455,0.0,1752537600000
tank_0460,0.0,1752537600000
tank_0462,0.0,1752537600000
tank_0466,0.0,1752537600000
tank_0471,0.0,1752537600000
tank_0473,2.0,1752537600000
tank_0474,2.0,1752537600000
tank_0481,5.4980392156862745,1752537600000
tank_0485,0.0,1752537600000
tank_0489,0.0,1752537600000
tank_0491,0.0,1752537600000
tank_0494,0.0,1752537600000
tank_0497,0.0,1752537600000
tank_0498,0.09803921568627451,1752537600000
tank_0502,0.0,1752537600000
tank_0505,0.0,1752537600000
tank_0509,0.0,1752537600000
tank_0512,131.0,1752537600000
tank_0514,0.0,1752537600000
tank_0515,0.0,1752537600000
tank_0521,0.0,1752537600000
tank_0524,0.0,1752537600000
tank_0526,6.0,1752537600000
tank_0533,0.0,1752537600000
tank_0534,0.0,1752537600000
tank_0536,0.0,1752537600000
tank_0537,0.0,1752537600000
tank_0541,1.0,1752537600000
tank_0547,5.913725490196079,1752537600000
tank_0552,2.0,1752537600000
tank_0555,0.0,1752537600000
tank_0556,0.0,1752537600000
tank_0557,0.0,1752537600000
tank_0560,0.0,1752537600000
tank_0561,0.0,1752537600000
tank_0566,0.0,1752537600000
tank_0567,0.0,1752537600000
tank_0568,3.4705882352941178,1752537600000
tank_0574,0.0,1752537600000
tank_0579,20.0,1752537600000
tank_0583,0.0,1752537600000
tank_0587,1.2705882352941176,1752537600000
tank_0589,0.0,1752537600000
tank_0590,0.0,1752537600000
tank_0592,0.0,1752537600000
tank_0593,0.0,1752537600000
tank_0595,0.0,1752537600000
tank_0600,0.0,1752537600000
tank_0604,0.0,1752537600000
tank_0606,5.0,1752537600000
tank_0607,0.0,1752537600000
tank_0608,0.0,1752537600000
tank_0610,0.0,1752537600000
tank_0611,3.0,1752537600000
tank_0612,0.0,1752537600000
tank_0613,4.356862745098039,1752537600000
tank_0619,0.0,1752537600000
tank_0626,0.0,1752537600000
tank_0627,0.0,1752537600000
tank_0628,0.0,1752537600000
tank_0632,0.0,1752537600000
tank_0633,0.0,1752537600000
tank_0639,0.0,1752537600000
tank_0640,0.0,1752537600000
tank_0641,0.0,1752537600000
tank_0643,0.0,1752537600000
tank_0646,0.0,1752537600000
tank_0663,3.9294117647058826,1752537600000
tank_0664,0.0,1752537600000
tank_0666,0.0,1752537600000
tank_0667,0.0,1752537600000
tank_0670,0.0,1752537600000
tank_0675,0.0,1752537600000
tank_0676,10.0,1752537600000
tank_0678,0.0,1752537600000
tank_0681,0.0,1752537600000
tank_0687,0.0,1752537600000
tank_0688,0.0,1752537600000
tank_0697,0.0,1752537600000
tank_0720,0.0,1752537600000
tank_0722,0.0,1752537600000
tank_0724,3.623529411764706,1752537600000
tank_0725,0.0,1752537600000
tank_0728,0.0,1752537600000
tank_0730,0.0,1752537600000
tank_0731,33.0,1752537600000
tank_0732,0.0,1752537600000
tank_0737,0.0,1752537600000
tank_0739,2.5294117647058827,1752537600000
tank_0740,0.0,1752537600000
tank_0746,0.0,1752537600000
tank_0748,0.0,1752537600000
tank_0749,0.0,1752537600000
tank_0752,1.0,1752537600000
tank_0760,0.0,1752537600000
tank_0770,0.0,1752537600000
tank_0772,0.0,1752537600000
tank_0788,0.0,1752537600000
tank_0789,0.0,1752537600000
tank_0792,45.345098039215685,1752537600000
tank_0797,0.0,1752537600000
tank_0800,0.0,1752537600000
tank_0802,0.0,1752537600000
tank_0803,0.0,1752537600000
tank_0808,3.850980392156863,1752537600000
tank_0810,14.980392156862745,1752537600000
tank_0811,8.564705882352941,1752537600000
tank_0812,42.0,1752537600000
tank_0813,3.1254901960784314,1752537600000
tank_0816,0.996078431372549,1752537600000
tank_0819,0.0,1752537600000
tank_0823,0.0,1752537600000
tank_0824,0.0,1752537600000
tank_0825,3.9294117647058826,1752537600000
tank_0828,0.0,1752537600000
tank_0829,23.984313725490196,1752537600000
tank_0830,0.0,1752537600000
tank_0831,9.0,1752537600000
tank_0844,0.0,1752537600000
tank_0852,15.0,1752537600000
tank_0855,0.0,1752537600000
tank_0856,161.0,1752537600000
tank_0860,0.0,1752537600000
tank_0861,0.0,1752537600000
tank_0872,19.0,1752537600000
tank_0875,111.0,1752537600000
tank_0879,0.0,1752537600000
tank_0885,0.0,1752537600000
tank_0891,0.0,1752537600000
tank_0894,7.0,1752537600000
tank_0898,15.0,1752537600000
tank_0900,11.0,1752537600000
tank_0901,0.0,1752537600000
tank_0902,3.0,1752537600000
tank_0914,0.0,1752537600000
tank_0917,7.0,1752537600000
tank_0919,1.0,1752537600000
tank_0920,0.0,1752537600000
tank_0922,24.0,1752537600000
tank_0923,4.929411764705883,1752537600000
tank_0924,0.0,1752537600000
tank_0926,5.0,1752537600000
tank_0927,0.0,1752537600000
tank_0928,0.0,1752537600000
tank_0930,0.0,1752537600000
tank_0931,0.0,1752537600000
tank_0933,0.0,1752537600000
tank_0934,0.0,1752537600000
tank_0937,0.0,1752537600000
tank_0938,0.0,1752537600000
tank_0939,0.0,1752537600000
tank_0944,48.0,1752537600000
tank_0946,5.0,1752537600000
tank_0952,0.0,1752537600000
tank_0958,2.0,1752537600000
tank_0962,231.0,1752537600000
tank_0967,0.0,1752537600000
tank_0975,0.0,1752537600000
tank_0978,5.0,1752537600000
tank_0990,0.0,1752537600000
tank_0991,3.0,1752537600000
tank_0998,0.0,1752537600000
tank_0999,0.0,1752537600000
tank_1003,135.0,1752537600000
tank_1004,10.92156862745098,1752537600000
tank_1014,25.0,1752537600000
tank_1026,163.89019607843136,1752537600000
tank_1031,0.0,1752537600000
tank_1032,2.0,1752537600000
tank_1034,4.0,1752537600000
tank_1042,32.898039215686275,1752537600000
tank_1045,0.0,1752537600000
tank_1049,14.0,1752537600000
tank_1055,3.007843137254902,1752537600000
tank_1061,0.0,1752537600000
tank_1062,2.4784313725490197,1752537600000
tank_1064,4.0,1752537600000
tank_1065,0.0,1752537600000
tank_1066,5.427450980392157,1752537600000
tank_1070,12.0,1752537600000
tank_1073,4.0,1752537600000
tank_1083,0.0,1752537600000
tank_1086,3.0,1752537600000
tank_1088,10.388235294117646,1752537600000
tank_1089,24.0,1752537600000
tank_1090,18.850980392156863,1752537600000
tank_1091,0.0,1752537600000
tank_1094,364.0,1752537600000
tank_1095,11.0,1752537600000
tank_1104,0.0,1752537600000
tank_1113,21.0,1752537600000
tank_1116,0.0,1752537600000
tank_1117,0.0,1752537600000
tank_1120,19.0,1752537600000
tank_1121,38.0,1752537600000
tank_1124,14.0,1752537600000
tank_1128,0.0,1752537600000
tank_1134,0.0,1752537600000
tank_1135,37.64705882352941,1752537600000
tank_1146,3.0,1752537600000
tank_1149,1.0,1752537600000
tank_1156,0.0,1752537600000
tank_1157,11.745098039215685,1752537600000
tank_1159,2.0,1752537600000
tank_1160,475.0,1752537600000
tank_1166,0.0,1752537600000
tank_1170,22.24313725490196,1752537600000
tank_1175,0.0,1752537600000
tank_1177,5.0,1752537600000
tank_1179,5.91764705882353,1752537600000
tank_1181,4.0,1752537600000
tank_1186,41.0,1752537600000
tank_1187,40.92941176470588,1752537600000
tank_1190,0.0,1752537600000
tank_1192,0.0,1752537600000
tank_1196,0.0,1752537600000
tank_1197,34.0,1752537600000
tank_1201,0.0,1752537600000
tank_1203,0.0,1752537600000
tank_1205,123.0,1752537600000
tank_1209,80.0,1752537600000
tank_1217,0.0,1752537600000
tank_1223,0.0,1752537600000
tank_1226,106.3686274509804,1752537600000
tank_1228,24.0,1752537600000
tank_1230,1.2470588235294118,1752537600000
tank_1237,26.0,1752537600000
tank_1239,385.0,1752537600000
tank_1245,0.0,1752537600000
tank_1246,41.0,1752537600000
tank_1250,0.0,1752537600000
tank_1254,374.0,1752537600000
tank_1255,1.2509803921568627,1752537600000
tank_1258,19.0,1752537600000
tank_1261,0.0,1752537600000
tank_1262,0.0,1752537600000
tank_1263,0.0,1752537600000
tank_1265,2.0,1752537600000
tank_1270,21.34901960784314,1752537600000
tank_1272,3.0,1752537600000
tank_1275,0.0,1752537600000
tank_1276,88.95294117647059,1752537600000
tank_1279,7.0,1752537600000
tank_1280,0.0,1752537600000
tank_1284,0.0,1752537600000
tank_1285,0.0,1752537600000
tank_1286,53.0,1752537600000
tank_1290,16.0,1752537600000
tank_1291,0.0,1752537600000
tank_1293,8.0,1752537600000
tank_1295,0.0,1752537600000
tank_1297,14.0,1752537600000
tank_1301,19.0,1752537600000
tank_1302,10.0,1752537600000
tank_1304,0.0,1752537600000
tank_1305,26.0,1752537600000
tank_1313,272.0,1752537600000
tank_1322,0.0,1752537600000
tank_1325,0.0,1752537600000
tank_1326,2.0,1752537600000
tank_1344,4.0,1752537600000
tank_1346,7.0,1752537600000
tank_1349,0.0,1752537600000
tank_1353,101.0,1752537600000
tank_1358,0.0,1752537600000
tank_1359,0.0,1752537600000
tank_1361,16.0,1752537600000
tank_1364,572.0,1752537600000
tank_1365,0.0,1752537600000
tank_1372,3.0,1752537600000
tank_1374,14.0,1752537600000
tank_1378,69.0,1752537600000
tank_1380,0.0,1752537600000
tank_1386,31.0,1752537600000
tank_1391,0.0,1752537600000
tank_1393,0.0,1752537600000
tank_1396,0.0,1752537600000
tank_1397,0.0,1752537600000
tank_1403,0.0,1752537600000
tank_1409,0.0,1752537600000
tank_1412,0.0,1752537600000
tank_1415,0.0,1752537600000
tank_1416,0.0,1752537600000
tank_1421,57.0,1752537600000
tank_1422,0.0,1752537600000
tank_1425,54.0,1752537600000
tank_1426,0.0,1752537600000
tank_1430,0.0,1752537600000
tank_1433,25.0,1752537600000
tank_1438,0.0,1752537600000
tank_1439,0.0,1752537600000
tank_1441,2.0,1752537600000
tank_1443,2.796078431372549,1752537600000
tank_1445,0.0,1752537600000
tank_1446,0.0,1752537600000
tank_1450,0.0,1752537600000
tank_1452,0.0,1752537600000
tank_1456,0.0,1752537600000
tank_1466,2.2470588235294118,1752537600000
tank_1471,0.0,1752537600000
tank_1475,0.0,1752537600000
tank_1486,0.0,1752537600000
tank_1488,36.0,1752537600000
tank_1491,0.0,1752537600000
tank_1500,0.0,1752537600000
tank_1505,235.0,1752537600000
tank_1513,87.0,1752537600000
tank_1531,0.0,1752537600000
tank_1536,0.0,1752537600000
tank_1539,173.0,1752537600000
tank_1541,9.768627450980393,1752537600000
tank_1542,0.0,1752537600000
tank_1547,11.0,1752537600000
tank_1563,0.0,1752537600000
tank_1564,0.0,1752537600000
tank_1565,16.0,1752537600000
tank_1567,0.0,1752537600000
tank_1568,0.0,1752537600000
tank_1573,15.0,1752537600000
tank_1583,0.0,1752537600000
tank_1587,0.0,1752537600000
tank_1588,0.0,1752537600000
tank_1592,0.0,1752537600000
tank_1594,0.0,1752537600000
tank_1595,0.0,1752537600000
tank_1597,0.0,1752537600000
tank_1598,12.211764705882352,1752537600000
tank_1600,0.0,1752537600000
tank_1604,29.831372549019612,1752537600000
tank_0002,0.0,1753574400000
tank_0004,0.0,1753574400000
tank_0005,3.0,1753574400000
tank_0011,0.0,1753574400000
tank_0014,0.0,1753574400000
tank_0019,0.0,1753574400000
tank_0024,2.4980392156862745,1753574400000
tank_0025,0.0,1753574400000
tank_0026,0.0,1753574400000
tank_0027,0.0,1753574400000
tank_0030,0.0,1753574400000
tank_0031,16.0,1753574400000
tank_0036,0.0,1753574400000
tank_0037,0.0,1753574400000
tank_0038,0.0,1753574400000
tank_0050,0.0,1753574400000
tank_0051,0.0,1753574400000
tank_0052,0.0,1753574400000
tank_0053,7.141176470588235,1753574400000
tank_0055,0.0,1753574400000
tank_0057,0.0,1753574400000
tank_0058,0.0,1753574400000
tank_0064,4.0,1753574400000
tank_0069,36.0,1753574400000
tank_0072,0.0,1753574400000
tank_0073,0.0,1753574400000
tank_0080,17.0,1753574400000
tank_0094,0.0,1753574400000
tank_0107,0.0,1753574400000
tank_0110,2.0,1753574400000
tank_0113,0.0,1753574400000
tank_0115,1.0,1753574400000
tank_0116,0.7843137254901961,1753574400000
tank_0117,65.0,1753574400000
tank_0118,0.0,1753574400000
tank_0122,0.0,1753574400000
tank_0125,0.0,1753574400000
tank_0130,8.83921568627451,1753574400000
tank_0131,0.0,1753574400000
tank_0132,0.0,1753574400000
tank_0134,0.0,1753574400000
tank_0135,0.0,1753574400000
tank_0142,0.0,1753574400000
tank_0143,0.0,1753574400000
tank_0144,0.0,1753574400000
tank_0148,0.0,1753574400000
tank_0153,0.0,1753574400000
tank_0156,0.0,1753574400000
tank_0159,0.0,1753574400000
tank_0165,16.949019607843137,1753574400000
tank_0171,0.0,1753574400000
tank_0172,0.0,1753574400000
tank_0174,9.360784313725489,1753574400000
tank_0176,2.0,1753574400000
tank_0184,9.32549019607843,1753574400000
tank_0187,0.0,1753574400000
tank_0190,2.1607843137254905,1753574400000
tank_0192,0.0,1753574400000
tank_0193,0.0,1753574400000
tank_0195,0.0,1753574400000
tank_0199,0.0,1753574400000
tank_0204,0.0,1753574400000
tank_0205,0.0,1753574400000
tank_0207,0.0,1753574400000
tank_0209,2.2666666666666666,1753574400000
tank_0213,0.0,1753574400000
tank_0217,0.0,1753574400000
tank_0220,0.0,1753574400000
tank_0221,12.63921568627451,1753574400000
tank_0225,0.0,1753574400000
tank_0226,0.0,1753574400000
tank_0228,0.0,1753574400000
tank_0229,0.0,1753574400000
tank_0231,0.0,1753574400000
tank_0233,0.0,1753574400000
tank_0236,0.0,1753574400000
tank_0237,0.0,1753574400000
tank_0240,0.0,1753574400000
tank_0242,0.0,1753574400000
tank_0245,12.694117647058823,1753574400000
tank_0247,0.0,1753574400000
tank_0256,0.0,1753574400000
tank_0257,0.0,1753574400000
tank_0260,0.0,1753574400000
tank_0261,0.0,1753574400000
tank_0264,0.0,1753574400000
tank_0273,27.0,1753574400000
tank_0276,0.0,1753574400000
tank_0278,0.0,1753574400000
tank_0280,0.0,1753574400000
tank_0291,0.0,1753574400000
tank_0292,2.0,1753574400000
tank_0296,0.0,1753574400000
tank_0297,0.0,1753574400000
tank_0299,0.0,1753574400000
tank_0300,0.0,1753574400000
tank_0301,0.0,1753574400000
tank_0307,0.0,1753574400000
tank_0309,0.0,1753574400000
tank_0313,0.0,1753574400000
tank_0314,0.0,1753574400000
tank_0319,0.0,1753574400000
tank_0321,0.0,1753574400000
tank_0327,0.0,1753574400000
tank_0337,0.0,1753574400000
tank_0338,1.0,1753574400000
tank_0339,4.886274509803922,1753574400000
tank_0342,0.0,1753574400000
tank_0345,0.3333333333333333,1753574400000
tank_0346,1.0,1753574400000
tank_0349,110.0,1753574400000
tank_0350,0.0,1753574400000
tank_0353,0.0,1753574400000
tank_0356,0.0,1753574400000
tank_0360,0.0,1753574400000
tank_0361,1.0,1753574400000
tank_0362,0.0,1753574400000
tank_0364,0.0,1753574400000
tank_0366,8.341176470588236,1753574400000
tank_0369,0.0,1753574400000
tank_0375,0.0,1753574400000
tank_0379,0.0,1753574400000
tank_0381,0.0,1753574400000
tank_0386,0.0,1753574400000
tank_0390,5.0,1753574400000
tank_0397,0.0,1753574400000
tank_0399,0.0,1753574400000
tank_0404,15.0,1753574400000
tank_0409,0.0,1753574400000
tank_0420,0.0,1753574400000
tank_0425,0.0,1753574400000
tank_0431,0.0,1753574400000
tank_0432,1.7921568627450981,1753574400000
tank_0435,0.0,1753574400000
tank_0436,0.0,1753574400000
tank_0438,5.0,1753574400000
tank_0443,0.0,1753574400000
tank_0444,0.0,1753574400000
tank_0447,9.0,1753574400000
tank_0448,0.8745098039215686,1753574400000
tank_0449,1.7450980392156863,1753574400000
tank_0455,0.06274509803921569,1753574400000
tank_0460,1.7450980392156863,1753574400000
tank_0462,0.0,1753574400000
tank_0466,0.0,1753574400000
tank_0471,1.0,1753574400000
tank_0473,0.0,1753574400000
tank_0474,0.0,1753574400000
tank_0481,4.0,1753574400000
tank_0485,0.0,1753574400000
tank_0489,0.0,1753574400000
tank_0491,0.0,1753574400000
tank_0494,0.0,1753574400000
tank_0497,0.0,1753574400000
tank_0498,0.0,1753574400000
tank_0502,0.0,1753574400000
tank_0505,0.0,1753574400000
tank_0509,0.0,1753574400000
tank_0512,44.0,1753574400000
tank_0514,0.0,1753574400000
tank_0515,1.0313725490196077,1753574400000
tank_0521,0.0,1753574400000
tank_0524,0.0,1753574400000
tank_0526,11.0,1753574400000
tank_0533,2.2627450980392156,1753574400000
tank_0534,0.0,1753574400000
tank_0536,0.0,1753574400000
tank_0537,0.0,1753574400000
tank_0541,0.0,1753574400000
tank_0547,0.0,1753574400000
tank_0552,0.0,1753574400000
tank_0555,0.0,1753574400000
tank_0556,0.0,1753574400000
tank_0557,0.0,1753574400000
tank_0560,0.0,1753574400000
tank_0561,0.0,1753574400000
tank_0566,0.0,1753574400000
tank_0567,2.1333333333333333,1753574400000
tank_0568,2.1098039215686275,1753574400000
tank_0574,0.0,1753574400000
tank_0579,21.0,1753574400000
tank_0583,0.0,1753574400000
tank_0587,0.2901960784313726,1753574400000
tank_0589,0.0,1753574400000
tank_0590,0.0,1753574400000
tank_0592,0.0,1753574400000
tank_0593,0.0,1753574400000
tank_0595,0.0,1753574400000
tank_0600,1.572549019607843,1753574400000
tank_0604,1.0,1753574400000
tank_0606,0.0,1753574400000
tank_0607,0.0,1753574400000
tank_0608,0.0,1753574400000
tank_0610,0.0,1753574400000
tank_0611,12.231372549019607,1753574400000
tank_0612,0.0,1753574400000
tank_0613,0.0,1753574400000
tank_0619,0.0,1753574400000
tank_0626,0.0,1753574400000
tank_0627,0.0,1753574400000
tank_0628,0.0,1753574400000
tank_0632,0.0,1753574400000
tank_0633,0.8745098039215686,1753574400000
tank_0639,0.0,1753574400000
tank_0640,0.11764705882352941,1753574400000
tank_0641,0.0,1753574400000
tank_0643,0.0,1753574400000
tank_0646,0.0,1753574400000
tank_0663,6.5058823529411764,1753574400000
tank_0664,0.0,1753574400000
tank_0666,0.0,1753574400000
tank_0667,0.0,1753574400000
tank_0670,0.0,1753574400000
tank_0675,0.0,1753574400000
tank_0676,18.0,1753574400000
tank_0678,0.0,1753574400000
tank_0681,0.0,1753574400000
tank_0687,0.0,1753574400000
tank_0688,0.0,1753574400000
tank_0697,0.0,1753574400000
tank_0720,0.0,1753574400000
tank_0722,0.0,1753574400000
tank_0724,1.0,1753574400000
tank_0725,0.0,1753574400000
tank_0728,0.0,1753574400000
tank_0730,0.0,1753574400000
tank_0731,1.0,1753574400000
tank_0732,3.0,1753574400000
tank_0737,3.0,1753574400000
tank_0739,0.32941176470588235,1753574400000
tank_0740,23.584313725490194,1753574400000
tank_0746,0.0,1753574400000
tank_0748,1.0,1753574400000
tank_0749,0.0,1753574400000
tank_0752,3.8,1753574400000
tank_0760,0.0,1753574400000
tank_0770,3.454901960784314,1753574400000
tank_0772,0.0,1753574400000
tank_0788,0.0,1753574400000
tank_0789,0.12941176470588237,1753574400000
tank_0792,45.8156862745098,1753574400000
tank_0797,0.0,1753574400000
tank_0800,0.0,1753574400000
tank_0802,0.0,1753574400000
tank_0803,6.513725490196078,1753574400000
tank_0808,23.058823529411764,1753574400000
tank_0810,6.0,1753574400000
tank_0811,6.282352941176471,1753574400000
tank_0812,53.925490196078435,1753574400000
tank_0813,4.725490196078431,1753574400000
tank_0816,2.996078431372549,1753574400000
tank_0819,0.0,1753574400000
tank_0823,0.0,1753574400000
tank_0824,0.0,1753574400000
tank_0825,0.0,1753574400000
tank_0828,0.0,1753574400000
tank_0829,9.984313725490196,1753574400000
tank_0830,0.0,1753574400000
tank_0831,18.76862745098039,1753574400000
tank_0844,0.0,1753574400000
tank_0852,6.0,1753574400000
tank_0855,0.0,1753574400000
tank_0856,25.0,1753574400000
tank_0860,0.0,1753574400000
tank_0861,0.0,1753574400000
tank_0872,7.0,1753574400000
tank_0875,40.0,1753574400000
tank_0879,0.0,1753574400000
tank_0885,0.0,1753574400000
tank_0891,0.0,1753574400000
tank_0894,17.0,1753574400000
tank_0898,0.0,1753574400000
tank_0900,0.0,1753574400000
tank_0901,0.0,1753574400000
tank_0902,0.0,1753574400000
tank_0914,0.0,1753574400000
tank_0917,2.0,1753574400000
tank_0919,3.0,1753574400000
tank_0920,0.6235294117647059,1753574400000
tank_0922,35.0,1753574400000
tank_0923,4.0,1753574400000
tank_0924,0.0,1753574400000
tank_0926,0.8784313725490196,1753574400000
tank_0927,0.0,1753574400000
tank_0928,0.0,1753574400000
tank_0930,0.0,1753574400000
tank_0931,0.0,1753574400000
tank_0933,0.0,1753574400000
tank_0934,0.0,1753574400000
tank_0937,0.0,1753574400000
tank_0938,0.0,1753574400000
tank_0939,5.074509803921568,1753574400000
tank_0944,13.0,1753574400000
tank_0946,5.0,1753574400000
tank_0952,0.0,1753574400000
tank_0958,0.17647058823529413,1753574400000
tank_0962,95.0,1753574400000
tank_0967,0.0,1753574400000
tank_0975,0.0,1753574400000
tank_0978,4.0,1753574400000
tank_0990,0.0,1753574400000
tank_0991,0.0,1753574400000
tank_0998,0.0,1753574400000
tank_0999,0.0,1753574400000
tank_1003,28.0,1753574400000
tank_1004,18.227450980392156,1753574400000
tank_1014,18.0,1753574400000
tank_1026,39.0,1753574400000
tank_1031,2.0,1753574400000
tank_1032,12.886274509803922,1753574400000
tank_1034,0.0,1753574400000
tank_1042,19.0,1753574400000
tank_1045,0.0,1753574400000
tank_1049,11.0,1753574400000
tank_1055,14.90980392156863,1753574400000
tank_1061,0.0,1753574400000
tank_1062,4.294117647058823,1753574400000
tank_1064,0.0,1753574400000
tank_1065,0.0,1753574400000
tank_1066,12.623529411764705,1753574400000
tank_1070,2.0,1753574400000
tank_1073,2.0,1753574400000
tank_1083,0.0,1753574400000
tank_1086,0.0,1753574400000
tank_1088,14.592156862745098,1753574400000
tank_1089,21.0,1753574400000
tank_1090,17.0,1753574400000
tank_1091,4.290196078431372,1753574400000
tank_1094,6.0,1753574400000
tank_1095,6.0,1753574400000
tank_1104,2.0,1753574400000
tank_1113,10.0,1753574400000
tank_1116,0.0,1753574400000
tank_1117,0.0,1753574400000
tank_1120,14.0,1753574400000
tank_1121,21.0,1753574400000
tank_1124,15.0,1753574400000
tank_1128,0.0,1753574400000
tank_1134,3.592156862745098,1753574400000
tank_1135,15.0,1753574400000
tank_1146,3.0,1753574400000
tank_1149,3.0901960784313727,1753574400000
tank_1156,0.0,1753574400000
tank_1157,14.486274509803923,1753574400000
tank_1159,0.0,1753574400000
tank_1160,213.0,1753574400000
tank_1166,0.0,1753574400000
tank_1170,36.22745098039216,1753574400000
tank_1175,0.0,1753574400000
tank_1177,6.250980392156862,1753574400000
tank_1179,14.682352941176468,1753574400000
tank_1181,0.0,1753574400000
tank_1186,24.0,1753574400000
tank_1187,46.925490196078435,1753574400000
tank_1190,0.0,1753574400000
tank_1192,2.0,1753574400000
tank_1196,0.0,1753574400000
tank_1197,300.0,1753574400000
tank_1201,2.0,1753574400000
tank_1203,16.419607843137257,1753574400000
tank_1205,42.0,1753574400000
tank_1209,11.0,1753574400000
tank_1217,0.0,1753574400000
tank_1223,0.0,1753574400000
tank_1226,90.59607843137255,1753574400000
tank_1228,6.0,1753574400000
tank_1230,0.0,1753574400000
tank_1237,11.0,1753574400000
tank_1239,194.91764705882355,1753574400000
tank_1245,0.0,1753574400000
tank_1246,19.0,1753574400000
tank_1250,0.0,1753574400000
tank_1254,66.0,1753574400000
tank_1255,13.243137254901963,1753574400000
tank_1258,16.0,1753574400000
tank_1261,0.0,1753574400000
tank_1262,0.0,1753574400000
tank_1263,6.0,1753574400000
tank_1265,1.0,1753574400000
tank_1270,8.0,1753574400000
tank_1272,4.0,1753574400000
tank_1275,10.309803921568626,1753574400000
tank_1276,29.0,1753574400000
tank_1279,0.0,1753574400000
tank_1280,0.0,1753574400000
tank_1284,0.0,1753574400000
tank_1285,1.0,1753574400000
tank_1286,21.0,1753574400000
tank_1290,6.0,1753574400000
tank_1291,0.0,1753574400000
tank_1293,8.0,1753574400000
tank_1295,0.0,1753574400000
tank_1297,13.0,1753574400000
tank_1301,9.0,1753574400000
tank_1302,0.0,1753574400000
tank_1304,0.0,1753574400000
tank_1305,14.0,1753574400000
tank_1313,12.0,1753574400000
tank_1322,0.0,1753574400000
tank_1325,0.0,1753574400000
tank_1326,0.0,1753574400000
tank_1344,0.0,1753574400000
tank_1346,1.0,1753574400000
tank_1349,0.0,1753574400000
tank_1353,74.0,1753574400000
tank_1358,0.0,1753574400000
tank_1359,0.0,1753574400000
tank_1361,51.0,1753574400000
tank_1364,35.0,1753574400000
tank_1365,0.0,1753574400000
tank_1372,2.0,1753574400000
tank_1374,15.0,1753574400000
tank_1378,19.0,1753574400000
tank_1380,3.0,1753574400000
tank_1386,0.0,1753574400000
tank_1391,0.0,1753574400000
tank_1393,0.0,1753574400000
tank_1396,0.0,1753574400000
tank_1397,0.0,1753574400000
tank_1403,0.0,1753574400000
tank_1409,0.0,1753574400000
tank_1412,0.0,1753574400000
tank_1415,0.0,1753574400000
tank_1416,0.0,1753574400000
tank_1421,0.0,1753574400000
tank_1422,0.0,1753574400000
tank_1425,0.0,1753574400000
tank_1426,0.0,1753574400000
tank_1430,0.0,1753574400000
tank_1433,15.0,1753574400000
tank_1438,0.0,1753574400000
tank_1439,0.0,1753574400000
tank_1441,1.2784313725490195,1753574400000
tank_1443,0.13333333333333333,1753574400000
tank_1445,4.0,1753574400000
tank_1446,0.0,1753574400000
tank_1450,0.0,1753574400000
tank_1452,0.0,1753574400000
tank_1456,0.0,1753574400000
tank_1466,0.0,1753574400000
tank_1471,0.0,1753574400000
tank_1475,0.0,1753574400000
tank_1486,0.0,1753574400000
tank_1488,6.0,1753574400000
tank_1491,0.0,1753574400000
tank_1500,0.0,1753574400000
tank_1505,205.0,1753574400000
tank_1513,0.0,1753574400000
tank_1531,0.0,1753574400000
tank_1536,0.0,1753574400000
tank_1539,18.0,1753574400000
tank_1541,22.0,1753574400000
tank_1542,0.0,1753574400000
tank_1547,0.0,1753574400000
tank_1563,0.0,1753574400000
tank_1564,0.0,1753574400000
tank_1565,13.0,1753574400000
tank_1567,0.0,1753574400000
tank_1568,0.0,1753574400000
tank_1573,8.0,1753574400000
tank_1583,0.0,1753574400000
tank_1587,0.0,1753574400000
tank_1588,0.0,1753574400000
tank_1592,0.0,1753574400000
tank_1594,0.0,1753574400000
tank_1595,0.0,1753574400000
tank_1597,0.0,1753574400000
tank_1598,9.180392156862744,1753574400000
tank_1600,0.0,1753574400000
tank_1604,30.188235294117646,1753574400000
tank_0002,0.0,1754611200000
tank_0004,0.0,1754611200000
tank_0005,0.0,1754611200000
tank_0011,0.0,1754611200000
tank_0014,0.0,1754611200000
tank_0019,0.0,1754611200000
tank_0024,0.0,1754611200000
tank_0025,0.0,1754611200000
tank_0026,0.0,1754611200000
tank_0027,0.0,1754611200000
tank_0030,0.0,1754611200000
tank_0031,26.0,1754611200000
tank_0036,0.19215686274509805,1754611200000
tank_0037,0.0,1754611200000
tank_0038,0.0,1754611200000
tank_0050,0.0,1754611200000
tank_0051,0.0,1754611200000
tank_0052,0.0,1754611200000
tank_0053,0.0,1754611200000
tank_0055,0.0,1754611200000
tank_0057,0.0,1754611200000
tank_0058,0.0,1754611200000
tank_0064,1.0,1754611200000
tank_0069,48.0,1754611200000
tank_0072,0.0,1754611200000
tank_0073,0.0,1754611200000
tank_0080,17.0,1754611200000
tank_0094,0.0,1754611200000
tank_0107,0.0,1754611200000
tank_0110,0.0,1754611200000
tank_0113,3.0,1754611200000
tank_0115,0.0,1754611200000
tank_0116,0.0,1754611200000
tank_0117,70.0,1754611200000
tank_0118,0.0,1754611200000
tank_0122,0.0,1754611200000
tank_0125,0.0,1754611200000
tank_0130,0.0,1754611200000
tank_0131,0.0,1754611200000
tank_0132,0.0,1754611200000
tank_0134,0.0,1754611200000
tank_0135,0.0,1754611200000
tank_0142,0.0,1754611200000
tank_0143,0.0,1754611200000
tank_0144,0.0,1754611200000
tank_0148,0.0,1754611200000
tank_0153,0.0,1754611200000
tank_0156,2.0,1754611200000
tank_0159,0.0,1754611200000
tank_0165,0.0,1754611200000
tank_0171,0.0,1754611200000
tank_0172,0.0,1754611200000
tank_0174,0.0,1754611200000
tank_0176,0.0,1754611200000
tank_0184,0.0,1754611200000
tank_0187,0.0,1754611200000
tank_0190,0.6235294117647059,1754611200000
tank_0192,0.0,1754611200000
tank_0193,0.0,1754611200000
tank_0195,0.0,1754611200000
tank_0199,0.0,1754611200000
tank_0204,0.0,1754611200000
tank_0205,0.0,1754611200000
tank_0207,0.0,1754611200000
tank_0209,0.0,1754611200000
tank_0213,4.0,1754611200000
tank_0217,0.0,1754611200000
tank_0220,0.0,1754611200000
tank_0221,0.0,1754611200000
tank_0225,0.0,1754611200000
tank_0226,0.0,1754611200000
tank_0228,0.0,1754611200000
tank_0229,0.0,1754611200000
tank_0231,0.0,1754611200000
tank_0233,0.0,1754611200000
tank_0236,1.5294117647058822,1754611200000
tank_0237,0.0,1754611200000
tank_0240,0.0,1754611200000
tank_0242,0.0,1754611200000
tank_0245,7.4117647058823515,1754611200000
tank_0247,7.0,1754611200000
tank_0256,0.0,1754611200000
tank_0257,0.0,1754611200000
tank_0260,0.0,1754611200000
tank_0261,0.0,1754611200000
tank_0264,0.0,1754611200000
tank_0273,237.0,1754611200000
tank_0276,0.0,1754611200000
tank_0278,0.0,1754611200000
tank_0280,0.0,1754611200000
tank_0291,0.0,1754611200000
tank_0292,0.0,1754611200000
tank_0296,0.0,1754611200000
tank_0297,0.0,1754611200000
tank_0299,0.34509803921568627,1754611200000
tank_0300,0.0,1754611200000
tank_0301,0.0,1754611200000
tank_0307,1.0,1754611200000
tank_0309,0.0,1754611200000
tank_0313,0.0,1754611200000
tank_0314,0.0,1754611200000
tank_0319,0.0,1754611200000
tank_0321,0.0,1754611200000
tank_0327,0.0,1754611200000
tank_0337,0.0,1754611200000
tank_0338,0.0,1754611200000
tank_0339,1.4392156862745098,1754611200000
tank_0342,0.0,1754611200000
tank_0345,0.0,1754611200000
tank_0346,0.0,1754611200000
tank_0349,138.0,1754611200000
tank_0350,0.0,1754611200000
tank_0353,0.0,1754611200000
tank_0356,0.0,1754611200000
tank_0360,0.0,1754611200000
tank_0361,0.0,1754611200000
tank_0362,0.0,1754611200000
tank_0364,0.0,1754611200000
tank_0366,4.0,1754611200000
tank_0369,0.0,1754611200000
tank_0375,0.0,1754611200000
tank_0379,0.0,1754611200000
tank_0381,0.0,1754611200000
tank_0386,0.0,1754611200000
tank_0390,0.0,1754611200000
tank_0397,0.0,1754611200000
tank_0399,0.0,1754611200000
tank_0404,126.04705882352941,1754611200000
tank_0409,0.0,1754611200000
tank_0420,0.0,1754611200000
tank_0425,0.0,1754611200000
tank_0431,0.0,1754611200000
tank_0432,0.0,1754611200000
tank_0435,0.0,1754611200000
tank_0436,0.0,1754611200000
tank_0438,0.0,1754611200000
tank_0443,0.0,1754611200000
tank_0444,0.0,1754611200000
tank_0447,0.0,1754611200000
tank_0448,0.0,1754611200000
tank_0449,0.0,1754611200000
tank_0455,0.0,1754611200000
tank_0460,0.0,1754611200000
tank_0462,0.0,1754611200000
tank_0466,0.0,1754611200000
tank_0471,0.0,1754611200000
tank_0473,0.0,1754611200000
tank_0474,0.0,1754611200000
tank_0481,0.0,1754611200000
tank_0485,0.0,1754611200000
tank_0489,0.0,1754611200000
tank_0491,0.0,1754611200000
tank_0494,0.0,1754611200000
tank_0497,0.0,1754611200000
tank_0498,0.23529411764705882,1754611200000
tank_0502,0.0,1754611200000
tank_0505,0.0,1754611200000
tank_0509,0.0,1754611200000
tank_0512,241.0,1754611200000
tank_0514,0.0,1754611200000
tank_0515,0.0,1754611200000
tank_0521,0.0,1754611200000
tank_0524,0.0,1754611200000
tank_0526,10.0,1754611200000
tank_0533,0.0,1754611200000
tank_0534,0.0,1754611200000
tank_0536,0.0,1754611200000
tank_0537,0.0,1754611200000
tank_0541,0.0,1754611200000
tank_0547,0.0,1754611200000
tank_0552,0.0,1754611200000
tank_0555,0.0,1754611200000
tank_0556,0.0,1754611200000
tank_0557,0.0,1754611200000
tank_0560,0.0,1754611200000
tank_0561,0.0,1754611200000
tank_0566,0.0,1754611200000
tank_0567,0.0,1754611200000
tank_0568,0.0,1754611200000
tank_0574,0.0,1754611200000
tank_0579,44.0,1754611200000
tank_0583,0.0,1754611200000
tank_0587,0.0,1754611200000
tank_0589,0.0,1754611200000
tank_0590,0.0,1754611200000
tank_0592,0.0,1754611200000
tank_0593,0.0,1754611200000
tank_0595,0.0,1754611200000
tank_0600,0.0,1754611200000
tank_0604,0.0,1754611200000
tank_0606,0.0,1754611200000
tank_0607,0.0,1754611200000
tank_0608,0.0,1754611200000
tank_0610,0.0,1754611200000
tank_0611,0.0,1754611200000
tank_0612,0.0,1754611200000
tank_0613,0.0,1754611200000
tank_0619,0.0,1754611200000
tank_0626,0.0,1754611200000
tank_0627,0.0,1754611200000
tank_0628,0.0,1754611200000
tank_0632,0.0,1754611200000
tank_0633,0.0,1754611200000
tank_0639,0.0,1754611200000
tank_0640,0.0,1754611200000
tank_0641,0.0,1754611200000
tank_0643,0.0,1754611200000
tank_0646,0.0,1754611200000
tank_0663,2.0,1754611200000
tank_0664,0.0,1754611200000
tank_0666,0.0,1754611200000
tank_0667,0.0,1754611200000
tank_0670,0.0,1754611200000
tank_0675,0.0,1754611200000
tank_0676,98.0,1754611200000
tank_0678,1.0,1754611200000
tank_0681,0.0,1754611200000
tank_0687,0.0,1754611200000
tank_0688,0.0,1754611200000
tank_0697,0.0,1754611200000
tank_0720,0.0,1754611200000
tank_0722,0.0,1754611200000
tank_0724,0.0,1754611200000
tank_0725,0.0,1754611200000
tank_0728,0.0,1754611200000
tank_0730,9.250980392156864,1754611200000
tank_0731,679.0,1754611200000
tank_0732,0.0,1754611200000
tank_0737,301.0,1754611200000
tank_0739,1.0,1754611200000
tank_0740,0.0,1754611200000
tank_0746,0.0,1754611200000
tank_0748,0.0,1754611200000
tank_0749,0.0,1754611200000
tank_0752,0.0,1754611200000
tank_0760,0.0,1754611200000
tank_0770,0.0,1754611200000
tank_0772,2.9137254901960783,1754611200000
tank_0788,0.0,1754611200000
tank_0789,0.0,1754611200000
tank_0792,0.0,1754611200000
tank_0797,0.0,1754611200000
tank_0800,0.0,1754611200000
tank_0802,0.0,1754611200000
tank_0803,0.0,1754611200000
tank_0808,12.184313725490197,1754611200000
tank_0810,16.682352941176468,1754611200000
tank_0811,5.407843137254902,1754611200000
tank_0812,49.0,1754611200000
tank_0813,2.0,1754611200000
tank_0816,0.0,1754611200000
tank_0819,0.0,1754611200000
tank_0823,0.0,1754611200000
tank_0824,0.0,1754611200000
tank_0825,0.0,1754611200000
tank_0828,0.0,1754611200000
tank_0829,24.984313725490196,1754611200000
tank_0830,0.0,1754611200000
tank_0831,7.772549019607843,1754611200000
tank_0844,0.0,1754611200000
tank_0852,6.0,1754611200000
tank_0855,14.0,1754611200000
tank_0856,680.0,1754611200000
tank_0860,0.0,1754611200000
tank_0861,0.0,1754611200000
tank_0872,21.0,1754611200000
tank_0875,261.4392156862745,1754611200000
tank_0879,0.0,1754611200000
tank_0885,0.0,1754611200000
tank_0891,0.0,1754611200000
tank_0894,387.0,1754611200000
tank_0898,46.0,1754611200000
tank_0900,0.0,1754611200000
tank_0901,0.0,1754611200000
tank_0902,0.0,1754611200000
tank_0914,0.0,1754611200000
tank_0917,0.0,1754611200000
tank_0919,0.0,1754611200000
tank_0920,0.0,1754611200000
tank_0922,61.0,1754611200000
tank_0923,2.0,1754611200000
tank_0924,0.0,1754611200000
tank_0926,0.0,1754611200000
tank_0927,0.0,1754611200000
tank_0928,2.0,1754611200000
tank_0930,0.0,1754611200000
tank_0931,0.0,1754611200000
tank_0933,0.0,1754611200000
tank_0934,0.0,1754611200000
tank_0937,0.0,1754611200000
tank_0938,0.0,1754611200000
tank_0939,0.0,1754611200000
tank_0944,46.0,1754611200000
tank_0946,0.996078431372549,1754611200000
tank_0952,0.0,1754611200000
tank_0958,0.0,1754611200000
tank_0962,611.0,1754611200000
tank_0967,0.0,1754611200000
tank_0975,0.0,1754611200000
tank_0978,0.0,1754611200000
tank_0990,0.0,1754611200000
tank_0991,98.0,1754611200000
tank_0998,0.0,1754611200000
tank_0999,0.0,1754611200000
tank_1003,670.0,1754611200000
tank_1004,0.0,1754611200000
tank_1014,64.0,1754611200000
tank_1026,223.0,1754611200000
tank_1031,0.0,1754611200000
tank_1032,3.0,1754611200000
tank_1034,3.0,1754611200000
tank_1042,23.894117647058824,1754611200000
tank_1045,0.0,1754611200000
tank_1049,51.0,1754611200000
tank_1055,2.0,1754611200000
tank_1061,0.0,1754611200000
tank_1062,0.0,1754611200000
tank_1064,0.0,1754611200000
tank_1065,0.0,1754611200000
tank_1066,18.80392156862745,1754611200000
tank_1070,25.0,1754611200000
tank_1073,24.0,1754611200000
tank_1083,0.0,1754611200000
tank_1086,0.0,1754611200000
tank_1088,8.019607843137255,1754611200000
tank_1089,27.0,1754611200000
tank_1090,12.0,1754611200000
tank_1091,0.0,1754611200000
tank_1094,936.0,1754611200000
tank_1095,1.0,1754611200000
tank_1104,4.670588235294117,1754611200000
tank_1113,29.0,1754611200000
tank_1116,0.0,1754611200000
tank_1117,0.0,1754611200000
tank_1120,34.0,1754611200000
tank_1121,42.0,1754611200000
tank_1124,5.0,1754611200000
tank_1128,0.0,1754611200000
tank_1134,0.0,1754611200000
tank_1135,3.0,1754611200000
tank_1146,0.0,1754611200000
tank_1149,0.0,1754611200000
tank_1156,0.0,1754611200000
tank_1157,10.964705882352941,1754611200000
tank_1159,0.0,1754611200000
tank_1160,613.0,1754611200000
tank_1166,2.4980392156862745,1754611200000
tank_1170,14.705882352941174,1754611200000
tank_1175,0.0,1754611200000
tank_1177,0.0,1754611200000
tank_1179,1.0,1754611200000
tank_1181,4.0,1754611200000
tank_1186,65.0,1754611200000
tank_1187,39.925490196078435,1754611200000
tank_1190,0.0,1754611200000
tank_1192,0.0,1754611200000
tank_1196,6.921568627450981,1754611200000
tank_1197,931.0,1754611200000
tank_1201,2.0,1754611200000
tank_1203,20.937254901960785,1754611200000
tank_1205,105.0,1754611200000
tank_1209,233.0,1754611200000
tank_1217,0.0,1754611200000
tank_1223,0.0,1754611200000
tank_1226,149.3843137254902,1754611200000
tank_1228,47.0,1754611200000
tank_1230,0.0,1754611200000
tank_1237,0.0,1754611200000
tank_1239,628.0,1754611200000
tank_1245,0.0,1754611200000
tank_1246,1.0,1754611200000
tank_1250,0.0,1754611200000
tank_1254,1258.0,1754611200000
tank_1255,0.0,1754611200000
tank_1258,30.0,1754611200000
tank_1261,0.0,1754611200000
tank_1262,0.0,1754611200000
tank_1263,10.0,1754611200000
tank_1265,0.0,1754611200000
tank_1270,12.0,1754611200000
tank_1272,11.0,1754611200000
tank_1275,0.0,1754611200000
tank_1276,132.0,1754611200000
tank_1279,0.0,1754611200000
tank_1280,0.0,1754611200000
tank_1284,0.0,1754611200000
tank_1285,0.0,1754611200000
tank_1286,12.0,1754611200000
tank_1290,4.0,1754611200000
tank_1291,0.0,1754611200000
tank_1293,14.0,1754611200000
tank_1295,0.0,1754611200000
tank_1297,0.0,1754611200000
tank_1301,77.0,1754611200000
tank_1302,21.0,1754611200000
tank_1304,0.0,1754611200000
tank_1305,3.0,1754611200000
tank_1313,1129.0,1754611200000
tank_1322,0.0,1754611200000
tank_1325,0.0,1754611200000
tank_1326,0.0,1754611200000
tank_1344,0.0,1754611200000
tank_1346,0.0,1754611200000
tank_1349,0.0,1754611200000
tank_1353,257.0,1754611200000
tank_1358,0.0,1754611200000
tank_1359,0.0,1754611200000
tank_1361,197.0,1754611200000
tank_1364,292.0,1754611200000
tank_1365,0.0,1754611200000
tank_1372,6.0,1754611200000
tank_1374,43.0,1754611200000
tank_1378,317.0,1754611200000
tank_1380,0.0,1754611200000
tank_1386,0.0,1754611200000
tank_1391,0.0,1754611200000
tank_1393,0.0,1754611200000
tank_1396,0.0,1754611200000
tank_1397,0.0,1754611200000
tank_1403,1.0,1754611200000
tank_1409,0.0,1754611200000
tank_1412,0.0,1754611200000
tank_1415,0.0,1754611200000
tank_1416,0.0,1754611200000
tank_1421,13.0,1754611200000
tank_1422,0.0,1754611200000
tank_1425,13.0,1754611200000
tank_1426,0.0,1754611200000
tank_1430,0.0,1754611200000
tank_1433,103.0,1754611200000
tank_1438,0.0,1754611200000
tank_1439,0.0,1754611200000
tank_1441,0.996078431372549,1754611200000
tank_1443,0.0,1754611200000
tank_1445,0.0,1754611200000
tank_1446,0.0,1754611200000
tank_1450,0.0,1754611200000
tank_1452,0.0,1754611200000
tank_1456,5.0,1754611200000
tank_1466,0.0,1754611200000
tank_1471,0.0,1754611200000
tank_1475,0.0,1754611200000
tank_1486,0.0,1754611200000
tank_1488,23.0,1754611200000
tank_1491,0.0,1754611200000
tank_1500,0.0,1754611200000
tank_1505,164.0,1754611200000
tank_1513,73.0,1754611200000
tank_1531,0.0,1754611200000
tank_1536,0.0,1754611200000
tank_1539,128.0,1754611200000
tank_1541,18.0,1754611200000
tank_1542,0.0,1754611200000
tank_1547,39.0,1754611200000
tank_1563,0.0,1754611200000
tank_1564,0.0,1754611200000
tank_1565,23.0,1754611200000
tank_1567,0.0,1754611200000
tank_1568,0.0,1754611200000
tank_1573,41.0,1754611200000
tank_1583,0.0,1754611200000
tank_1587,0.0,1754611200000
tank_1588,0.0,1754611200000
tank_1592,0.0,1754611200000
tank_1594,0.0,1754611200000
tank_1595,0.0,1754611200000
tank_1597,0.0,1754611200000
tank_1598,17.65098039215686,1754611200000
tank_1600,0.0,1754611200000
tank_1604,4.0,1754611200000
tank_0002,0.0,1755648000000
tank_0004,0.0,1755648000000
tank_0005,0.0,1755648000000
tank_0011,0.0,1755648000000
tank_0014,0.0,1755648000000
tank_0019,0.0,1755648000000
tank_0024,0.0,1755648000000
tank_0025,0.0,1755648000000
tank_0026,0.0,1755648000000
tank_0027,0.0,1755648000000
tank_0030,0.0,1755648000000
tank_0031,13.0,1755648000000
tank_0036,2.0,1755648000000
tank_0037,0.0,1755648000000
tank_0038,0.0,1755648000000
tank_0050,0.0,1755648000000
tank_0051,0.0,1755648000000
tank_0052,0.0,1755648000000
tank_0053,0.0,1755648000000
tank_0055,0.0,1755648000000
tank_0057,0.0,1755648000000
tank_0058,0.0,1755648000000
tank_0064,0.0,1755648000000
tank_0069,31.0,1755648000000
tank_0072,0.0,1755648000000
tank_0073,0.0,1755648000000
tank_0080,19.0,1755648000000
tank_0094,0.0,1755648000000
tank_0107,0.0,1755648000000
tank_0110,0.0,1755648000000
tank_0113,0.0,1755648000000
tank_0115,0.0,1755648000000
tank_0116,0.0,1755648000000
tank_0117,51.0,1755648000000
tank_0118,0.0,1755648000000
tank_0122,0.0,1755648000000
tank_0125,0.0,1755648000000
tank_0130,0.0,1755648000000
tank_0131,0.0,1755648000000
tank_0132,0.0,1755648000000
tank_0134,0.0,1755648000000
tank_0135,0.0,1755648000000
tank_0142,0.0,1755648000000
tank_0143,0.0,1755648000000
tank_0144,0.0,1755648000000
tank_0148,0.0,1755648000000
tank_0153,0.0,1755648000000
tank_0156,0.0,1755648000000
tank_0159,0.0,1755648000000
tank_0165,0.0,1755648000000
tank_0171,0.0,1755648000000
tank_0172,0.0,1755648000000
tank_0174,0.0,1755648000000
tank_0176,0.0,1755648000000
tank_0184,0.0,1755648000000
tank_0187,0.0,1755648000000
tank_0190,0.0,1755648000000
tank_0192,0.0,1755648000000
tank_0193,0.0,1755648000000
tank_0195,0.0,1755648000000
tank_0199,0.0,1755648000000
tank_0204,0.0,1755648000000
tank_0205,0.0,1755648000000
tank_0207,0.0,1755648000000
tank_0209,0.0,1755648000000
tank_0213,10.0,1755648000000
tank_0217,0.0,1755648000000
tank_0220,0.0,1755648000000
tank_0221,0.0,1755648000000
tank_0225,0.0,1755648000000
tank_0226,0.0,1755648000000
tank_0228,0.0,1755648000000
tank_0229,0.0,1755648000000
tank_0231,0.0,1755648000000
tank_0233,0.0,1755648000000
tank_0236,0.0,1755648000000
tank_0237,0.0,1755648000000
tank_0240,0.0,1755648000000
tank_0242,0.0,1755648000000
tank_0245,3.772549019607843,1755648000000
tank_0247,0.0,1755648000000
tank_0256,0.0,1755648000000
tank_0257,0.0,1755648000000
tank_0260,0.0,1755648000000
tank_0261,0.0,1755648000000
tank_0264,0.0,1755648000000
tank_0273,13.0,1755648000000
tank_0276,0.0,1755648000000
tank_0278,0.0,1755648000000
tank_0280,0.0,1755648000000
tank_0291,0.0,1755648000000
tank_0292,0.0,1755648000000
tank_0296,0.0,1755648000000
tank_0297,0.0,1755648000000
tank_0299,0.0,1755648000000
tank_0300,0.0,1755648000000
tank_0301,0.0,1755648000000
tank_0307,5.0,1755648000000
tank_0309,17.92549019607843,1755648000000
tank_0313,0.0,1755648000000
tank_0314,0.0,1755648000000
tank_0319,2.0,1755648000000
tank_0321,0.0,1755648000000
tank_0327,0.0,1755648000000
tank_0337,0.0,1755648000000
tank_0338,0.0,1755648000000
tank_0339,0.0,1755648000000
tank_0342,0.0,1755648000000
tank_0345,0.0,1755648000000
tank_0346,0.0,1755648000000
tank_0349,80.0,1755648000000
tank_0350,0.0,1755648000000
tank_0353,0.0,1755648000000
tank_0356,0.0,1755648000000
tank_0360,0.0,1755648000000
tank_0361,0.0,1755648000000
tank_0362,0.0,1755648000000
tank_0364,0.0,1755648000000
tank_0366,0.0,1755648000000
tank_0369,0.0,1755648000000
tank_0375,0.0,1755648000000
tank_0379,0.0,1755648000000
tank_0381,0.0,1755648000000
tank_0386,0.0,1755648000000
tank_0390,9.866666666666667,1755648000000
tank_0397,0.0,1755648000000
tank_0399,0.0,1755648000000
tank_0404,110.79607843137255,1755648000000
tank_0409,0.0,1755648000000
tank_0420,0.0,1755648000000
tank_0425,0.0,1755648000000
tank_0431,0.0,1755648000000
tank_0432,0.0,1755648000000
tank_0435,0.0,1755648000000
tank_0436,0.0,1755648000000
tank_0438,4.0,1755648000000
tank_0443,0.0,1755648000000
tank_0444,0.0,1755648000000
tank_0447,0.0,1755648000000
tank_0448,0.0,1755648000000
tank_0449,0.0,1755648000000
tank_0455,0.0,1755648000000
tank_0460,0.0,1755648000000
tank_0462,0.0,1755648000000
tank_0466,0.0,1755648000000
tank_0471,0.0,1755648000000
tank_0473,0.0,1755648000000
tank_0474,0.0,1755648000000
tank_0481,0.0,1755648000000
tank_0485,0.0,1755648000000
tank_0489,0.0,1755648000000
tank_0491,0.0,1755648000000
tank_0494,0.0,1755648000000
tank_0497,0.0,1755648000000
tank_0498,0.0,1755648000000
tank_0502,0.0,1755648000000
tank_0505,0.0,1755648000000
tank_0509,0.0,1755648000000
tank_0512,63.0,1755648000000
tank_0514,0.0,1755648000000
tank_0515,0.7058823529411764,1755648000000
tank_0521,9.0,1755648000000
tank_0524,0.0,1755648000000
tank_0526,17.0,1755648000000
tank_0533,0.0,1755648000000
tank_0534,0.0,1755648000000
tank_0536,0.0,1755648000000
tank_0537,0.0,1755648000000
tank_0541,0.0,1755648000000
tank_0547,0.0,1755648000000
tank_0552,0.0,1755648000000
tank_0555,0.0,1755648000000
tank_0556,0.0,1755648000000
tank_0557,0.0,1755648000000
tank_0560,0.0,1755648000000
tank_0561,0.0,1755648000000
tank_0566,0.0,1755648000000
tank_0567,0.0,1755648000000
tank_0568,0.0,1755648000000
tank_0574,0.0,1755648000000
tank_0579,31.0,1755648000000
tank_0583,0.0,1755648000000
tank_0587,0.0,1755648000000
tank_0589,0.0,1755648000000
tank_0590,0.0,1755648000000
tank_0592,0.0,1755648000000
tank_0593,0.0,1755648000000
tank_0595,0.0,1755648000000
tank_0600,0.0,1755648000000
tank_0604,0.0,1755648000000
tank_0606,0.0,1755648000000
tank_0607,0.0,1755648000000
tank_0608,0.0,1755648000000
tank_0610,0.0,1755648000000
tank_0611,0.0,1755648000000
tank_0612,0.0,1755648000000
tank_0613,0.0,1755648000000
tank_0619,0.0,1755648000000
tank_0626,0.0,1755648000000
tank_0627,0.0,1755648000000
tank_0628,0.0,1755648000000
tank_0632,0.0,1755648000000
tank_0633,0.0,1755648000000
tank_0639,0.0,1755648000000
tank_0640,0.0,1755648000000
tank_0641,0.0,1755648000000
tank_0643,0.0,1755648000000
tank_0646,0.0,1755648000000
tank_0663,0.0,1755648000000
tank_0664,0.0,1755648000000
tank_0666,0.0,1755648000000
tank_0667,0.0,1755648000000
tank_0670,20.0,1755648000000
tank_0675,0.0,1755648000000
tank_0676,2.0,1755648000000
tank_0678,0.0,1755648000000
tank_0681,0.0,1755648000000
tank_0687,0.0,1755648000000
tank_0688,0.0,1755648000000
tank_0697,0.0,1755648000000
tank_0720,4.0,1755648000000
tank_0722,0.0,1755648000000
tank_0724,0.0,1755648000000
tank_0725,15.0,1755648000000
tank_0728,0.0,1755648000000
tank_0730,0.0,1755648000000
tank_0731,128.0,1755648000000
tank_0732,0.0,1755648000000
tank_0737,6.0,1755648000000
tank_0739,0.0,1755648000000
tank_0740,0.0,1755648000000
tank_0746,0.0,1755648000000
tank_0748,0.0,1755648000000
tank_0749,0.0,1755648000000
tank_0752,0.0,1755648000000
tank_0760,0.0,1755648000000
tank_0770,0.0,1755648000000
tank_0772,0.0,1755648000000
tank_0788,0.0,1755648000000
tank_0789,0.0,1755648000000
tank_0792,0.0,1755648000000
tank_0797,0.0,1755648000000
tank_0800,0.0,1755648000000
tank_0802,0.0,1755648000000
tank_0803,0.0,1755648000000
tank_0808,8.0,1755648000000
tank_0810,9.980392156862745,1755648000000
tank_0811,1.0,1755648000000
tank_0812,30.0,1755648000000
tank_0813,1.5058823529411764,1755648000000
tank_0816,0.0,1755648000000
tank_0819,0.0,1755648000000
tank_0823,0.0,1755648000000
tank_0824,22.0,1755648000000
tank_0825,0.0,1755648000000
tank_0828,0.0,1755648000000
tank_0829,13.984313725490196,1755648000000
tank_0830,0.0,1755648000000
tank_0831,0.0,1755648000000
tank_0844,0.0,1755648000000
tank_0852,7.0,1755648000000
tank_0855,38.0,1755648000000
tank_0856,26.0,1755648000000
tank_0860,0.0,1755648000000
tank_0861,0.0,1755648000000
tank_0872,0.0,1755648000000
tank_0875,121.43921568627451,1755648000000
tank_0879,0.0,1755648000000
tank_0885,0.0,1755648000000
tank_0891,0.0,1755648000000
tank_0894,3.0,1755648000000
tank_0898,0.0,1755648000000
tank_0900,0.0,1755648000000
tank_0901,0.0,1755648000000
tank_0902,0.0,1755648000000
tank_0914,0.0,1755648000000
tank_0917,0.0,1755648000000
tank_0919,0.0,1755648000000
tank_0920,0.0,1755648000000
tank_0922,9.0,1755648000000
tank_0923,0.0,1755648000000
tank_0924,0.0,1755648000000
tank_0926,0.0,1755648000000
tank_0927,0.0,1755648000000
tank_0928,25.0,1755648000000
tank_0930,0.0,1755648000000
tank_0931,0.0,1755648000000
tank_0933,0.0,1755648000000
tank_0934,0.0,1755648000000
tank_0937,0.0,1755648000000
tank_0938,0.0,1755648000000
tank_0939,0.0,1755648000000
tank_0944,35.0,1755648000000
tank_0946,0.0,1755648000000
tank_0952,0.0,1755648000000
tank_0958,0.0,1755648000000
tank_0962,158.0,1755648000000
tank_0967,0.0,1755648000000
tank_0975,0.0,1755648000000
tank_0978,0.0,1755648000000
tank_0990,0.0,1755648000000
tank_0991,0.0,1755648000000
tank_0998,0.0,1755648000000
tank_0999,0.0,1755648000000
tank_1003,61.0,1755648000000
tank_1004,0.0,1755648000000
tank_1014,52.0,1755648000000
tank_1026,138.0,1755648000000
tank_1031,0.0,1755648000000
tank_1032,0.0,1755648000000
tank_1034,0.0,1755648000000
tank_1042,8.0,1755648000000
tank_1045,0.0,1755648000000
tank_1049,4.0,1755648000000
tank_1055,0.0,1755648000000
tank_1061,0.0,1755648000000
tank_1062,0.0,1755648000000
tank_1064,0.0,1755648000000
tank_1065,2.0,1755648000000
tank_1066,25.08235294117647,1755648000000
tank_1070,62.0,1755648000000
tank_1073,0.0,1755648000000
tank_1083,0.0,1755648000000
tank_1086,0.0,1755648000000
tank_1088,0.0,1755648000000
tank_1089,20.0,1755648000000
tank_1090,0.0,1755648000000
tank_1091,0.0,1755648000000
tank_1094,192.0,1755648000000
tank_1095,5.0,1755648000000
tank_1104,0.0,1755648000000
tank_1113,17.0,1755648000000
tank_1116,0.0,1755648000000
tank_1117,0.0,1755648000000
tank_1120,6.0,1755648000000
tank_1121,1.0,1755648000000
tank_1124,1.0,1755648000000
tank_1128,0.0,1755648000000
tank_1134,0.0,1755648000000
tank_1135,10.0,1755648000000
tank_1146,0.0,1755648000000
tank_1149,0.0,1755648000000
tank_1156,0.0,1755648000000
tank_1157,7.447058823529411,1755648000000
tank_1159,0.0,1755648000000
tank_1160,391.0,1755648000000
tank_1166,5.890196078431372,1755648000000
tank_1170,17.97254901960784,1755648000000
tank_1175,0.0,1755648000000
tank_1177,0.0,1755648000000
tank_1179,0.0,1755648000000
tank_1181,0.0,1755648000000
tank_1186,45.0,1755648000000
tank_1187,35.3921568627451,1755648000000
tank_1190,0.0,1755648000000
tank_1192,8.0,1755648000000
tank_1196,2.0,1755648000000
tank_1197,36.0,1755648000000
tank_1201,0.0,1755648000000
tank_1203,8.862745098039218,1755648000000
tank_1205,70.0,1755648000000
tank_1209,25.0,1755648000000
tank_1217,0.0,1755648000000
tank_1223,0.0,1755648000000
tank_1226,123.85490196078432,1755648000000
tank_1228,19.0,1755648000000
tank_1230,0.0,1755648000000
tank_1237,33.0,1755648000000
tank_1239,298.0,1755648000000
tank_1245,0.0,1755648000000
tank_1246,10.0,1755648000000
tank_1250,0.0,1755648000000
tank_1254,162.0,1755648000000
tank_1255,0.0,1755648000000
tank_1258,11.0,1755648000000
tank_1261,0.0,1755648000000
tank_1262,0.0,1755648000000
tank_1263,18.0,1755648000000
tank_1265,8.0,1755648000000
tank_1270,1.0,1755648000000
tank_1272,6.0,1755648000000
tank_1275,0.0,1755648000000
tank_1276,89.0,1755648000000
tank_1279,0.0,1755648000000
tank_1280,0.0,1755648000000
tank_1284,0.0,1755648000000
tank_1285,0.0,1755648000000
tank_1286,11.0,1755648000000
tank_1290,6.0,1755648000000
tank_1291,0.0,1755648000000
tank_1293,1.0,1755648000000
tank_1295,0.0,1755648000000
tank_1297,7.0,1755648000000
tank_1301,37.0,1755648000000
tank_1302,30.99607843137255,1755648000000
tank_1304,0.0,1755648000000
tank_1305,15.0,1755648000000
tank_1313,369.0,1755648000000
tank_1322,0.0,1755648000000
tank_1325,0.0,1755648000000
tank_1326,1.0,1755648000000
tank_1344,0.0,1755648000000
tank_1346,0.0,1755648000000
tank_1349,0.0,1755648000000
tank_1353,78.0,1755648000000
tank_1358,0.0,1755648000000
tank_1359,1.6588235294117646,1755648000000
tank_1361,22.0,1755648000000
tank_1364,192.0,1755648000000
tank_1365,3.0,1755648000000
tank_1372,3.0,1755648000000
tank_1374,40.0,1755648000000
tank_1378,239.0,1755648000000
tank_1380,0.0,1755648000000
tank_1386,21.0,1755648000000
tank_1391,18.0,1755648000000
tank_1393,0.0,1755648000000
tank_1396,0.0,1755648000000
tank_1397,0.0,1755648000000
tank_1403,13.168627450980392,1755648000000
tank_1409,0.0,1755648000000
tank_1412,0.0,1755648000000
tank_1415,3.0,1755648000000
tank_1416,10.980392156862745,1755648000000
tank_1421,180.0,1755648000000
tank_1422,0.0,1755648000000
tank_1425,56.0,1755648000000
tank_1426,150.04313725490198,1755648000000
tank_1430,0.0,1755648000000
tank_1433,412.0,1755648000000
tank_1438,0.0,1755648000000
tank_1439,10.0,1755648000000
tank_1441,0.0,1755648000000
tank_1443,0.0,1755648000000
tank_1445,0.0,1755648000000
tank_1446,0.0,1755648000000
tank_1450,0.0,1755648000000
tank_1452,0.0,1755648000000
tank_1456,4.862745098039216,1755648000000
tank_1466,0.0,1755648000000
tank_1471,0.0,1755648000000
tank_1475,4.0,1755648000000
tank_1486,490.0,1755648000000
tank_1488,44.0,1755648000000
tank_1491,0.0,1755648000000
tank_1500,0.0,1755648000000
tank_1505,374.0,1755648000000
tank_1513,430.0,1755648000000
tank_1531,0.0,1755648000000
tank_1536,0.0,1755648000000
tank_1539,182.0,1755648000000
tank_1541,66.03529411764706,1755648000000
tank_1542,0.0,1755648000000
tank_1547,149.0,1755648000000
tank_1563,0.0,1755648000000
tank_1564,0.0,1755648000000
tank_1565,245.0,1755648000000
tank_1567,26.0,1755648000000
tank_1568,0.0,1755648000000
tank_1573,88.0,1755648000000
tank_1583,0.0,1755648000000
tank_1587,119.0,1755648000000
tank_1588,0.0,1755648000000
tank_1592,0.0,1755648000000
tank_1594,0.0,1755648000000
tank_1595,0.0,1755648000000
tank_1597,91.0,1755648000000
tank_1598,45.07058823529413,1755648000000
tank_1600,0.0,1755648000000
tank_1604,0.0,1755648000000
tank_0002,0.0,1756684800000
tank_0004,0.0,1756684800000
tank_0005,0.0,1756684800000
tank_0011,0.0,1756684800000
tank_0014,0.0,1756684800000
tank_0019,0.0,1756684800000
tank_0024,0.0,1756684800000
tank_0025,0.0,1756684800000
tank_0026,0.0,1756684800000
tank_0027,0.0,1756684800000
tank_0030,0.0,1756684800000
tank_0031,16.0,1756684800000
tank_0036,0.0,1756684800000
tank_0037,0.0,1756684800000
tank_0038,0.0,1756684800000
tank_0050,0.0,1756684800000
tank_0051,0.0,1756684800000
tank_0052,0.0,1756684800000
tank_0053,0.0,1756684800000
tank_0055,0.0,1756684800000
tank_0057,0.0,1756684800000
tank_0058,0.0,1756684800000
tank_0064,0.0,1756684800000
tank_0069,35.0,1756684800000
tank_0072,0.0,1756684800000
tank_0073,0.0,1756684800000
tank_0080,19.0,1756684800000
tank_0094,0.0,1756684800000
tank_0107,0.0,1756684800000
tank_0110,0.0,1756684800000
tank_0113,0.0,1756684800000
tank_0115,0.0,1756684800000
tank_0116,0.0,1756684800000
tank_0117,40.0,1756684800000
tank_0118,0.0,1756684800000
tank_0122,0.0,1756684800000
tank_0125,0.0,1756684800000
tank_0130,0.0,1756684800000
tank_0131,0.0,1756684800000
tank_0132,0.0,1756684800000
tank_0134,0.0,1756684800000
tank_0135,0.0,1756684800000
tank_0142,0.0,1756684800000
tank_0143,0.0,1756684800000
tank_0144,0.0,1756684800000
tank_0148,0.0,1756684800000
tank_0153,0.0,1756684800000
tank_0156,0.0,1756684800000
tank_0159,0.0,1756684800000
tank_0165,0.0,1756684800000
tank_0171,0.0,1756684800000
tank_0172,0.0,1756684800000
tank_0174,0.0,1756684800000
tank_0176,0.0,1756684800000
tank_0184,0.0,1756684800000
tank_0187,0.0,1756684800000
tank_0190,0.0,1756684800000
tank_0192,0.0,1756684800000
tank_0193,0.0,1756684800000
tank_0195,0.0,1756684800000
tank_0199,0.0,1756684800000
tank_0204,0.0,1756684800000
tank_0205,0.0,1756684800000
tank_0207,0.0,1756684800000
tank_0209,0.0,1756684800000
tank_0213,7.0,1756684800000
tank_0217,0.0,1756684800000
tank_0220,0.0,1756684800000
tank_0221,0.0,1756684800000
tank_0225,0.0,1756684800000
tank_0226,0.0,1756684800000
tank_0228,0.0,1756684800000
tank_0229,0.0,1756684800000
tank_0231,0.0,1756684800000
tank_0233,0.0,1756684800000
tank_0236,0.0,1756684800000
tank_0237,0.0,1756684800000
tank_0240,0.0,1756684800000
tank_0242,0.0,1756684800000
tank_0245,0.0,1756684800000
tank_0247,0.0,1756684800000
tank_0256,0.0,1756684800000
tank_0257,0.0,1756684800000
tank_0260,0.0,1756684800000
tank_0261,0.0,1756684800000
tank_0264,0.0,1756684800000
tank_0273,131.0,1756684800000
tank_0276,0.0,1756684800000
tank_0278,0.0,1756684800000
tank_0280,0.0,1756684800000
tank_0291,0.0,1756684800000
tank_0292,0.0,1756684800000
tank_0296,0.0,1756684800000
tank_0297,0.0,1756684800000
tank_0299,0.0,1756684800000
tank_0300,0.0,1756684800000
tank_0301,0.0,1756684800000
tank_0307,0.0,1756684800000
tank_0309,17.8,1756684800000
tank_0313,0.0,1756684800000
tank_0314,0.0,1756684800000
tank_0319,0.0,1756684800000
tank_0321,0.0,1756684800000
tank_0327,0.0,1756684800000
tank_0337,0.0,1756684800000
tank_0338,0.0,1756684800000
tank_0339,0.0,1756684800000
tank_0342,0.0,1756684800000
tank_0345,0.0,1756684800000
tank_0346,0.0,1756684800000
tank_0349,91.0,1756684800000
tank_0350,0.0,1756684800000
tank_0353,0.0,1756684800000
tank_0356,0.0,1756684800000
tank_0360,0.0,1756684800000
tank_0361,0.0,1756684800000
tank_0362,0.0,1756684800000
tank_0364,0.0,1756684800000
tank_0366,0.0,1756684800000
tank_0369,0.0,1756684800000
tank_0375,0.0,1756684800000
tank_0379,0.0,1756684800000
tank_0381,0.0,1756684800000
tank_0386,0.0,1756684800000
tank_0390,9.0,1756684800000
tank_0397,0.0,1756684800000
tank_0399,0.0,1756684800000
tank_0404,81.0,1756684800000
tank_0409,0.0,1756684800000
tank_0420,0.0,1756684800000
tank_0425,0.0,1756684800000
tank_0431,0.0,1756684800000
tank_0432,0.0,1756684800000
tank_0435,0.0,1756684800000
tank_0436,0.0,1756684800000
tank_0438,2.0,1756684800000
tank_0443,0.0,1756684800000
tank_0444,0.0,1756684800000
tank_0447,0.0,1756684800000
tank_0448,0.0,1756684800000
tank_0449,0.0,1756684800000
tank_0455,0.0,1756684800000
tank_0460,0.0,1756684800000
tank_0462,0.0,1756684800000
tank_0466,0.0,1756684800000
tank_0471,0.0,1756684800000
tank_0473,0.0,1756684800000
tank_0474,0.0,1756684800000
tank_0481,1.0,1756684800000
tank_0485,0.0,1756684800000
tank_0489,0.0,1756684800000
tank_0491,0.0,1756684800000
tank_0494,0.0,1756684800000
tank_0497,0.0,1756684800000
tank_0498,0.0,1756684800000
tank_0502,0.0,1756684800000
tank_0505,0.0,1756684800000
tank_0509,0.0,1756684800000
tank_0512,73.0,1756684800000
tank_0514,0.0,1756684800000
tank_0515,2.0352941176470587,1756684800000
tank_0521,2.0,1756684800000
tank_0524,0.0,1756684800000
tank_0526,2.0,1756684800000
tank_0533,0.0,1756684800000
tank_0534,0.0,1756684800000
tank_0536,0.0,1756684800000
tank_0537,0.0,1756684800000
tank_0541,0.0,1756684800000
tank_0547,0.0,1756684800000
tank_0552,0.0,1756684800000
tank_0555,0.0,1756684800000
tank_0556,0.0,1756684800000
tank_0557,0.0,1756684800000
tank_0560,0.0,1756684800000
tank_0561,0.0,1756684800000
tank_0566,0.0,1756684800000
tank_0567,0.0,1756684800000
tank_0568,0.0,1756684800000
tank_0574,0.0,1756684800000
tank_0579,1.0,1756684800000
tank_0583,0.0,1756684800000
tank_0587,0.0,1756684800000
tank_0589,0.0,1756684800000
tank_0590,0.0,1756684800000
tank_0592,0.0,1756684800000
tank_0593,0.0,1756684800000
tank_0595,0.0,1756684800000
tank_0600,0.0,1756684800000
tank_0604,0.0,1756684800000
tank_0606,0.0,1756684800000
tank_0607,0.0,1756684800000
tank_0608,0.0,1756684800000
tank_0610,0.0,1756684800000
tank_0611,0.0,1756684800000
tank_0612,0.0,1756684800000
tank_0613,0.0,1756684800000
tank_0619,0.0,1756684800000
tank_0626,0.0,1756684800000
tank_0627,0.0,1756684800000
tank_0628,0.0,1756684800000
tank_0632,0.0,1756684800000
tank_0633,0.0,1756684800000
tank_0639,0.0,1756684800000
tank_0640,0.0,1756684800000
tank_0641,0.0,1756684800000
tank_0643,0.0,1756684800000
tank_0646,0.0,1756684800000
tank_0663,0.0,1756684800000
tank_0664,0.0,1756684800000
tank_0666,0.0,1756684800000
tank_0667,0.0,1756684800000
tank_0670,19.0,1756684800000
tank_0675,0.0,1756684800000
tank_0676,2.0,1756684800000
tank_0678,0.0,1756684800000
tank_0681,0.0,1756684800000
tank_0687,0.0,1756684800000
tank_0688,0.0,1756684800000
tank_0697,0.0,1756684800000
tank_0720,3.0,1756684800000
tank_0722,0.0,1756684800000
tank_0724,0.0,1756684800000
tank_0725,6.0,1756684800000
tank_0728,0.0,1756684800000
tank_0730,0.0,1756684800000
tank_0731,14.0,1756684800000
tank_0732,0.0,1756684800000
tank_0737,1.0,1756684800000
tank_0739,4.482352941176471,1756684800000
tank_0740,3.0,1756684800000
tank_0746,0.0,1756684800000
tank_0748,0.0,1756684800000
tank_0749,0.0,1756684800000
tank_0752,0.0,1756684800000
tank_0760,0.0,1756684800000
tank_0770,0.0,1756684800000
tank_0772,0.0,1756684800000
tank_0788,0.0,1756684800000
tank_0789,0.0,1756684800000
tank_0792,0.0,1756684800000
tank_0797,0.0,1756684800000
tank_0800,0.0,1756684800000
tank_0802,0.0,1756684800000
tank_0803,0.0,1756684800000
tank_0808,13.968627450980392,1756684800000
tank_0810,4.807843137254902,1756684800000
tank_0811,1.0,1756684800000
tank_0812,38.0,1756684800000
tank_0813,0.0,1756684800000
tank_0816,0.0,1756684800000
tank_0819,0.0,1756684800000
tank_0823,0.0,1756684800000
tank_0824,2.0,1756684800000
tank_0825,0.0,1756684800000
tank_0828,0.0,1756684800000
tank_0829,18.0,1756684800000
tank_0830,0.0,1756684800000
tank_0831,5.3803921568627455,1756684800000
tank_0844,0.0,1756684800000
tank_0852,0.0,1756684800000
tank_0855,32.0,1756684800000
tank_0856,5.0,1756684800000
tank_0860,0.0,1756684800000
tank_0861,0.0,1756684800000
tank_0872,5.0,1756684800000
tank_0875,60.0,1756684800000
tank_0879,0.0,1756684800000
tank_0885,0.0,1756684800000
tank_0891,0.0,1756684800000
tank_0894,0.0,1756684800000
tank_0898,36.0,1756684800000
tank_0900,0.0,1756684800000
tank_0901,0.0,1756684800000
tank_0902,0.0,1756684800000
tank_0914,0.0,1756684800000
tank_0917,3.0,1756684800000
tank_0919,0.0,1756684800000
tank_0920,0.0,1756684800000
tank_0922,5.0,1756684800000
tank_0923,0.0,1756684800000
tank_0924,0.0,1756684800000
tank_0926,0.0,1756684800000
tank_0927,0.0,1756684800000
tank_0928,5.0,1756684800000
tank_0930,0.0,1756684800000
tank_0931,0.0,1756684800000
tank_0933,0.0,1756684800000
tank_0934,0.0,1756684800000
tank_0937,0.0,1756684800000
tank_0938,0.0,1756684800000
tank_0939,0.0,1756684800000
tank_0944,16.0,1756684800000
tank_0946,0.0,1756684800000
tank_0952,0.0,1756684800000
tank_0958,0.0,1756684800000
tank_0962,44.0,1756684800000
tank_0967,0.0,1756684800000
tank_0975,0.0,1756684800000
tank_0978,0.0,1756684800000
tank_0990,0.0,1756684800000
tank_0991,0.0,1756684800000
tank_0998,5.862745098039216,1756684800000
tank_0999,0.0,1756684800000
tank_1003,71.0,1756684800000
tank_1004,2.0,1756684800000
tank_1014,9.0,1756684800000
tank_1026,108.0,1756684800000
tank_1031,0.0,1756684800000
tank_1032,18.847058823529412,1756684800000
tank_1034,2.0,1756684800000
tank_1042,19.95686274509804,1756684800000
tank_1045,0.0,1756684800000
tank_1049,8.0,1756684800000
tank_1055,0.0,1756684800000
tank_1061,0.0,1756684800000
tank_1062,0.0,1756684800000
tank_1064,0.00784313725490196,1756684800000
tank_1065,1.0,1756684800000
tank_1066,2.541176470588235,1756684800000
tank_1070,0.0,1756684800000
tank_1073,0.0,1756684800000
tank_1083,0.0,1756684800000
tank_1086,0.0,1756684800000
tank_1088,15.086274509803921,1756684800000
tank_1089,14.0,1756684800000
tank_1090,12.0,1756684800000
tank_1091,2.0,1756684800000
tank_1094,74.0,1756684800000
tank_1095,4.0,1756684800000
tank_1104,0.0,1756684800000
tank_1113,35.0,1756684800000
tank_1116,0.0,1756684800000
tank_1117,0.0,1756684800000
tank_1120,24.0,1756684800000
tank_1121,1.0,1756684800000
tank_1124,4.0,1756684800000
tank_1128,0.0,1756684800000
tank_1134,0.0,1756684800000
tank_1135,2.0,1756684800000
tank_1146,1.0,1756684800000
tank_1149,0.0,1756684800000
tank_1156,0.0,1756684800000
tank_1157,11.48235294117647,1756684800000
tank_1159,0.0,1756684800000
tank_1160,158.0,1756684800000
tank_1166,0.0,1756684800000
tank_1170,18.33725490196078,1756684800000
tank_1175,0.0,1756684800000
tank_1177,7.9411764705882355,1756684800000
tank_1179,0.0,1756684800000
tank_1181,20.0,1756684800000
tank_1186,25.0,1756684800000
tank_1187,28.16470588235294,1756684800000
tank_1190,0.0,1756684800000
tank_1192,0.0,1756684800000
tank_1196,0.0,1756684800000
tank_1197,93.0,1756684800000
tank_1201,0.0,1756684800000
tank_1203,6.125490196078432,1756684800000
tank_1205,40.0,1756684800000
tank_1209,38.0,1756684800000
tank_1217,0.0,1756684800000
tank_1223,0.0,1756684800000
tank_1226,150.30980392156863,1756684800000
tank_1228,16.0,1756684800000
tank_1230,0.0,1756684800000
tank_1237,18.0,1756684800000
tank_1239,196.0,1756684800000
tank_1245,0.0,1756684800000
tank_1246,9.0,1756684800000
tank_1250,0.0,1756684800000
tank_1254,90.0,1756684800000
tank_1255,1.0,1756684800000
tank_1258,9.0,1756684800000
tank_1261,0.0,1756684800000
tank_1262,0.0,1756684800000
tank_1263,29.0,1756684800000
tank_1265,2.0,1756684800000
tank_1270,0.0,1756684800000
tank_1272,11.0,1756684800000
tank_1275,0.0,1756684800000
tank_1276,53.0,1756684800000
tank_1279,0.0,1756684800000
tank_1280,0.0,1756684800000
tank_1284,0.0,1756684800000
tank_1285,3.0,1756684800000
tank_1286,11.0,1756684800000
tank_1290,4.0,1756684800000
tank_1291,0.0,1756684800000
tank_1293,0.0,1756684800000
tank_1295,0.0,1756684800000
tank_1297,2.0,1756684800000
tank_1301,10.0,1756684800000
tank_1302,26.0,1756684800000
tank_1304,0.0,1756684800000
tank_1305,9.0,1756684800000
tank_1313,110.0,1756684800000
tank_1322,0.0,1756684800000
tank_1325,0.0,1756684800000
tank_1326,0.0,1756684800000
tank_1344,0.0,1756684800000
tank_1346,0.0,1756684800000
tank_1349,0.0,1756684800000
tank_1353,115.0,1756684800000
tank_1358,0.0,1756684800000
tank_1359,0.0,1756684800000
tank_1361,51.0,1756684800000
tank_1364,11.0,1756684800000
tank_1365,0.0,1756684800000
tank_1372,0.0,1756684800000
tank_1374,0.0,1756684800000
tank_1378,34.0,1756684800000
tank_1380,0.0,1756684800000
tank_1386,10.0,1756684800000
tank_1391,6.0,1756684800000
tank_1393,0.0,1756684800000
tank_1396,0.0,1756684800000
tank_1397,0.0,1756684800000
tank_1403,7.0,1756684800000
tank_1409,0.0,1756684800000
tank_1412,0.0,1756684800000
tank_1415,0.0,1756684800000
tank_1416,1.9803921568627452,1756684800000
tank_1421,89.0,1756684800000
tank_1422,0.0,1756684800000
tank_1425,19.0,1756684800000
tank_1426,142.5176470588235,1756684800000
tank_1430,0.0,1756684800000
tank_1433,152.0,1756684800000
tank_1438,0.0,1756684800000
tank_1439,2.0,1756684800000
tank_1441,0.0,1756684800000
tank_1443,0.0,1756684800000
tank_1445,0.0,1756684800000
tank_1446,0.0,1756684800000
tank_1450,0.0,1756684800000
tank_1452,0.0,1756684800000
tank_1456,0.0,1756684800000
tank_1466,1.2470588235294118,1756684800000
tank_1471,0.0,1756684800000
tank_1475,0.0,1756684800000
tank_1486,88.0,1756684800000
tank_1488,32.0,1756684800000
tank_1491,0.0,1756684800000
tank_1500,0.0,1756684800000
tank_1505,80.0,1756684800000
tank_1513,276.0,1756684800000
tank_1531,0.0,1756684800000
tank_1536,0.0,1756684800000
tank_1539,123.0,1756684800000
tank_1541,24.0,1756684800000
tank_1542,0.0,1756684800000
tank_1547,19.0,1756684800000
tank_1563,0.0,1756684800000
tank_1564,0.0,1756684800000
tank_1565,29.0,1756684800000
tank_1567,15.0,1756684800000
tank_1568,0.0,1756684800000
tank_1573,71.0,1756684800000
tank_1583,2.0,1756684800000
tank_1587,20.0,1756684800000
tank_1588,0.0,1756684800000
tank_1592,0.0,1756684800000
tank_1594,0.0,1756684800000
tank_1595,0.0,1756684800000
tank_1597,74.0,1756684800000
tank_1598,19.827450980392157,1756684800000
tank_1600,0.0,1756684800000
tank_1604,0.0,1756684800000
tank_0002,0.0,1757721600000
tank_0004,0.0,1757721600000
tank_0005,0.0,1757721600000
tank_0011,0.0,1757721600000
tank_0014,0.0,1757721600000
tank_0019,0.0,1757721600000
tank_0024,0.0,1757721600000
tank_0025,0.0,1757721600000
tank_0026,0.0,1757721600000
tank_0027,0.0,1757721600000
tank_0030,0.0,1757721600000
tank_0031,12.0,1757721600000
tank_0036,0.0,1757721600000
tank_0037,0.0,1757721600000
tank_0038,0.0,1757721600000
tank_0050,0.0,1757721600000
tank_0051,0.0,1757721600000
tank_0052,0.0,1757721600000
tank_0053,0.0,1757721600000
tank_0055,0.0,1757721600000
tank_0057,0.0,1757721600000
tank_0058,0.0,1757721600000
tank_0064,0.0,1757721600000
tank_0069,36.0,1757721600000
tank_0072,0.0,1757721600000
tank_0073,0.0,1757721600000
tank_0080,15.0,1757721600000
tank_0094,0.0,1757721600000
tank_0107,0.0,1757721600000
tank_0110,0.0,1757721600000
tank_0113,0.0,1757721600000
tank_0115,0.0,1757721600000
tank_0116,0.0,1757721600000
tank_0117,57.0,1757721600000
tank_0118,0.0,1757721600000
tank_0122,0.0,1757721600000
tank_0125,0.0,1757721600000
tank_0130,0.0,1757721600000
tank_0131,0.0,1757721600000
tank_0132,0.0,1757721600000
tank_0134,0.0,1757721600000
tank_0135,0.0,1757721600000
tank_0142,0.0,1757721600000
tank_0143,0.0,1757721600000
tank_0144,0.0,1757721600000
tank_0148,0.0,1757721600000
tank_0153,0.0,1757721600000
tank_0156,0.0,1757721600000
tank_0159,0.0,1757721600000
tank_0165,1.8823529411764706,1757721600000
tank_0171,0.0,1757721600000
tank_0172,0.0,1757721600000
tank_0174,0.0,1757721600000
tank_0176,0.0,1757721600000
tank_0184,0.0,1757721600000
tank_0187,0.0,1757721600000
tank_0190,0.0,1757721600000
tank_0192,0.0,1757721600000
tank_0193,0.0,1757721600000
tank_0195,0.0,1757721600000
tank_0199,0.0,1757721600000
tank_0204,0.0,1757721600000
tank_0205,0.0,1757721600000
tank_0207,0.0,1757721600000
tank_0209,0.0,1757721600000
tank_0213,0.0,1757721600000
tank_0217,0.0,1757721600000
tank_0220,0.0,1757721600000
tank_0221,0.0,1757721600000
tank_0225,0.0,1757721600000
tank_0226,0.0,1757721600000
tank_0228,0.0,1757721600000
tank_0229,0.0,1757721600000
tank_0231,0.0,1757721600000
tank_0233,0.0,1757721600000
tank_0236,0.0,1757721600000
tank_0237,0.0,1757721600000
tank_0240,0.0,1757721600000
tank_0242,0.0,1757721600000
tank_0245,0.0,1757721600000
tank_0247,0.0,1757721600000
tank_0256,0.0,1757721600000
tank_0257,0.0,1757721600000
tank_0260,0.0,1757721600000
tank_0261,0.0,1757721600000
tank_0264,0.0,1757721600000
tank_0273,61.0,1757721600000
tank_0276,0.0,1757721600000
tank_0278,0.0,1757721600000
tank_0280,0.0,1757721600000
tank_0291,0.0,1757721600000
tank_0292,0.0,1757721600000
tank_0296,0.0,1757721600000
tank_0297,0.0,1757721600000
tank_0299,0.0,1757721600000
tank_0300,0.7215686274509804,1757721600000
tank_0301,0.0,1757721600000
tank_0307,0.0,1757721600000
tank_0309,12.925490196078432,1757721600000
tank_0313,0.0,1757721600000
tank_0314,0.0,1757721600000
tank_0319,0.0,1757721600000
tank_0321,0.0,1757721600000
tank_0327,0.0,1757721600000
tank_0337,0.0,1757721600000
tank_0338,0.0,1757721600000
tank_0339,0.0,1757721600000
tank_0342,0.0,1757721600000
tank_0345,0.0,1757721600000
tank_0346,0.0,1757721600000
tank_0349,99.0,1757721600000
tank_0350,0.0,1757721600000
tank_0353,0.0,1757721600000
tank_0356,0.0,1757721600000
tank_0360,0.0,1757721600000
tank_0361,0.0,1757721600000
tank_0362,0.0,1757721600000
tank_0364,0.0,1757721600000
tank_0366,0.0,1757721600000
tank_0369,0.0,1757721600000
tank_0375,0.0,1757721600000
tank_0379,0.4980392156862745,1757721600000
tank_0381,0.0,1757721600000
tank_0386,0.0,1757721600000
tank_0390,4.0,1757721600000
tank_0397,0.0,1757721600000
tank_0399,0.0,1757721600000
tank_0404,71.0,1757721600000
tank_0409,0.0,1757721600000
tank_0420,0.0,1757721600000
tank_0425,0.0,1757721600000
tank_0431,0.0,1757721600000
tank_0432,0.0,1757721600000
tank_0435,0.0,1757721600000
tank_0436,0.0,1757721600000
tank_0438,0.0,1757721600000
tank_0443,0.0,1757721600000
tank_0444,0.0,1757721600000
tank_0447,8.882352941176471,1757721600000
tank_0448,7.0,1757721600000
tank_0449,0.0,1757721600000
tank_0455,3.066666666666667,1757721600000
tank_0460,0.0,1757721600000
tank_0462,0.0,1757721600000
tank_0466,0.0,1757721600000
tank_0471,0.0,1757721600000
tank_0473,0.0,1757721600000
tank_0474,0.0,1757721600000
tank_0481,0.0,1757721600000
tank_0485,0.0,1757721600000
tank_0489,0.0,1757721600000
tank_0491,0.0,1757721600000
tank_0494,0.0,1757721600000
tank_0497,0.0,1757721600000
tank_0498,0.0,1757721600000
tank_0502,0.0,1757721600000
tank_0505,0.0,1757721600000
tank_0509,0.0,1757721600000
tank_0512,122.0,1757721600000
tank_0514,0.0,1757721600000
tank_0515,0.0,1757721600000
tank_0521,9.0,1757721600000
tank_0524,0.0,1757721600000
tank_0526,25.749019607843138,1757721600000
tank_0533,0.0,1757721600000
tank_0534,0.0,1757721600000
tank_0536,0.0,1757721600000
tank_0537,0.0,1757721600000
tank_0541,0.0,1757721600000
tank_0547,0.0,1757721600000
tank_0552,0.0,1757721600000
tank_0555,0.0,1757721600000
tank_0556,0.0,1757721600000
tank_0557,0.0,1757721600000
tank_0560,0.0,1757721600000
tank_0561,0.0,1757721600000
tank_0566,0.0,1757721600000
tank_0567,0.0,1757721600000
tank_0568,0.0,1757721600000
tank_0574,0.0,1757721600000
tank_0579,21.0,1757721600000
tank_0583,0.0,1757721600000
tank_0587,0.0,1757721600000
tank_0589,0.0,1757721600000
tank_0590,0.0,1757721600000
tank_0592,0.0,1757721600000
tank_0593,0.0,1757721600000
tank_0595,0.0,1757721600000
tank_0600,0.0,1757721600000
tank_0604,0.0,1757721600000
tank_0606,0.0,1757721600000
tank_0607,0.0,1757721600000
tank_0608,0.0,1757721600000
tank_0610,0.0,1757721600000
tank_0611,0.0,1757721600000
tank_0612,0.0,1757721600000
tank_0613,0.0,1757721600000
tank_0619,0.0,1757721600000
tank_0626,0.0,1757721600000
tank_0627,0.0,1757721600000
tank_0628,0.0,1757721600000
tank_0632,0.0,1757721600000
tank_0633,0.0,1757721600000
tank_0639,0.0,1757721600000
tank_0640,0.0,1757721600000
tank_0641,0.0,1757721600000
tank_0643,0.0,1757721600000
tank_0646,0.0,1757721600000
tank_0663,0.0,1757721600000
tank_0664,0.0,1757721600000
tank_0666,0.0,1757721600000
tank_0667,0.0,1757721600000
tank_0670,19.0,1757721600000
tank_0675,0.0,1757721600000
tank_0676,12.0,1757721600000
tank_0678,0.0,1757721600000
tank_0681,0.0,1757721600000
tank_0687,0.0,1757721600000
tank_0688,0.0,1757721600000
tank_0697,0.0,1757721600000
tank_0720,8.0,1757721600000
tank_0722,0.0,1757721600000
tank_0724,0.0,1757721600000
tank_0725,0.0,1757721600000
tank_0728,0.0,1757721600000
tank_0730,0.0,1757721600000
tank_0731,37.0,1757721600000
tank_0732,0.0,1757721600000
tank_0737,20.0,1757721600000
tank_0739,0.0,1757721600000
tank_0740,0.0,1757721600000
tank_0746,0.0,1757721600000
tank_0748,0.0,1757721600000
tank_0749,0.0,1757721600000
tank_0752,0.0,1757721600000
tank_0760,0.0,1757721600000
tank_0770,0.0,1757721600000
tank_0772,0.0,1757721600000
tank_0788,0.0,1757721600000
tank_0789,0.0,1757721600000
tank_0792,0.0,1757721600000
tank_0797,0.0,1757721600000
tank_0800,2.0,1757721600000
tank_0802,0.0,1757721600000
tank_0803,0.2627450980392157,1757721600000
tank_0808,2.0,1757721600000
tank_0810,3.0,1757721600000
tank_0811,1.0,1757721600000
tank_0812,33.0,1757721600000
tank_0813,4.572549019607843,1757721600000
tank_0816,5.3882352941176475,1757721600000
tank_0819,0.0,1757721600000
tank_0823,0.0,1757721600000
tank_0824,6.0,1757721600000
tank_0825,0.0,1757721600000
tank_0828,1.0,1757721600000
tank_0829,18.741176470588236,1757721600000
tank_0830,0.0,1757721600000
tank_0831,0.0,1757721600000
tank_0844,0.0,1757721600000
tank_0852,0.0,1757721600000
tank_0855,40.0,1757721600000
tank_0856,63.0,1757721600000
tank_0860,0.0,1757721600000
tank_0861,0.0,1757721600000
tank_0872,6.0,1757721600000
tank_0875,129.0,1757721600000
tank_0879,0.0,1757721600000
tank_0885,0.0,1757721600000
tank_0891,0.0,1757721600000
tank_0894,13.0,1757721600000
tank_0898,83.0,1757721600000
tank_0900,0.0,1757721600000
tank_0901,0.0,1757721600000
tank_0902,0.0,1757721600000
tank_0914,0.0,1757721600000
tank_0917,98.0,1757721600000
tank_0919,0.0,1757721600000
tank_0920,0.0,1757721600000
tank_0922,100.0,1757721600000
tank_0923,0.0,1757721600000
tank_0924,0.0,1757721600000
tank_0926,0.0,1757721600000
tank_0927,0.0,1757721600000
tank_0928,5.0,1757721600000
tank_0930,0.0,1757721600000
tank_0931,0.0,1757721600000
tank_0933,0.0,1757721600000
tank_0934,0.0,1757721600000
tank_0937,0.0,1757721600000
tank_0938,0.0,1757721600000
tank_0939,0.0,1757721600000
tank_0944,16.0,1757721600000
tank_0946,0.0,1757721600000
tank_0952,0.0,1757721600000
tank_0958,0.0,1757721600000
tank_0962,248.0,1757721600000
tank_0967,0.0,1757721600000
tank_0975,0.0,1757721600000
tank_0978,0.0,1757721600000
tank_0990,0.0,1757721600000
tank_0991,23.0,1757721600000
tank_0998,0.0,1757721600000
tank_0999,0.0,1757721600000
tank_1003,69.0,1757721600000
tank_1004,0.0,1757721600000
tank_1014,42.0,1757721600000
tank_1026,124.0,1757721600000
tank_1031,0.0,1757721600000
tank_1032,0.0,1757721600000
tank_1034,0.9803921568627452,1757721600000
tank_1042,20.0,1757721600000
tank_1045,0.0,1757721600000
tank_1049,7.0,1757721600000
tank_1055,3.3098039215686272,1757721600000
tank_1061,0.0,1757721600000
tank_1062,0.0,1757721600000
tank_1064,0.0,1757721600000
tank_1065,0.0,1757721600000
tank_1066,0.0,1757721600000
tank_1070,0.0,1757721600000
tank_1073,4.0,1757721600000
tank_1083,0.0,1757721600000
tank_1086,0.0,1757721600000
tank_1088,2.0,1757721600000
tank_1089,20.0,1757721600000
tank_1090,57.99607843137255,1757721600000
tank_1091,0.0,1757721600000
tank_1094,496.0,1757721600000
tank_1095,2.0,1757721600000
tank_1104,0.0,1757721600000
tank_1113,16.0,1757721600000
tank_1116,0.0,1757721600000
tank_1117,0.0,1757721600000
tank_1120,392.19215686274515,1757721600000
tank_1121,54.0,1757721600000
tank_1124,0.0,1757721600000
tank_1128,0.0,1757721600000
tank_1134,0.0,1757721600000
tank_1135,1.0,1757721600000
tank_1146,0.0,1757721600000
tank_1149,0.0,1757721600000
tank_1156,0.0,1757721600000
tank_1157,12.611764705882354,1757721600000
tank_1159,128.0,1757721600000
tank_1160,337.0,1757721600000
tank_1166,0.12941176470588237,1757721600000
tank_1170,33.07450980392157,1757721600000
tank_1175,0.0,1757721600000
tank_1177,0.0,1757721600000
tank_1179,0.0,1757721600000
tank_1181,108.31764705882354,1757721600000
tank_1186,34.0,1757721600000
tank_1187,30.996078431372553,1757721600000
tank_1190,0.0,1757721600000
tank_1192,4.0,1757721600000
tank_1196,0.0,1757721600000
tank_1197,448.0,1757721600000
tank_1201,0.0,1757721600000
tank_1203,0.0,1757721600000
tank_1205,89.0,1757721600000
tank_1209,170.0,1757721600000
tank_1217,0.0,1757721600000
tank_1223,0.0,1757721600000
tank_1226,179.54901960784315,1757721600000
tank_1228,10.0,1757721600000
tank_1230,0.0,1757721600000
tank_1237,32.976470588235294,1757721600000
tank_1239,163.91764705882355,1757721600000
tank_1245,0.0,1757721600000
tank_1246,8.0,1757721600000
tank_1250,0.0,1757721600000
tank_1254,398.0,1757721600000
tank_1255,0.0,1757721600000
tank_1258,43.0,1757721600000
tank_1261,0.0,1757721600000
tank_1262,0.0,1757721600000
tank_1263,15.0,1757721600000
tank_1265,1.0,1757721600000
tank_1270,0.0,1757721600000
tank_1272,9.0,1757721600000
tank_1275,0.0,1757721600000
tank_1276,63.0,1757721600000
tank_1279,0.0,1757721600000
tank_1280,0.0,1757721600000
tank_1284,0.0,1757721600000
tank_1285,0.0,1757721600000
tank_1286,10.0,1757721600000
tank_1290,10.0,1757721600000
tank_1291,0.0,1757721600000
tank_1293,3.0,1757721600000
tank_1295,0.0,1757721600000
tank_1297,0.0,1757721600000
tank_1301,58.0,1757721600000
tank_1302,18.0,1757721600000
tank_1304,0.0,1757721600000
tank_1305,20.0,1757721600000
tank_1313,333.0,1757721600000
tank_1322,0.0,1757721600000
tank_1325,0.0,1757721600000
tank_1326,0.0,1757721600000
tank_1344,0.0,1757721600000
tank_1346,0.0,1757721600000
tank_1349,0.0,1757721600000
tank_1353,296.0,1757721600000
tank_1358,0.0,1757721600000
tank_1359,0.0,1757721600000
tank_1361,199.0,1757721600000
tank_1364,103.0,1757721600000
tank_1365,27.0,1757721600000
tank_1372,0.0,1757721600000
tank_1374,16.0,1757721600000
tank_1378,279.0,1757721600000
tank_1380,0.0,1757721600000
tank_1386,76.0,1757721600000
tank_1391,7.0,1757721600000
tank_1393,0.0,1757721600000
tank_1396,0.0,1757721600000
tank_1397,0.0,1757721600000
tank_1403,0.0,1757721600000
tank_1409,0.0,1757721600000
tank_1412,0.0,1757721600000
tank_1415,0.0,1757721600000
tank_1416,0.0,1757721600000
tank_1421,392.72941176470584,1757721600000
tank_1422,0.0,1757721600000
tank_1425,117.0,1757721600000
tank_1426,155.67058823529413,1757721600000
tank_1430,0.0,1757721600000
tank_1433,431.0,1757721600000
tank_1438,0.0,1757721600000
tank_1439,10.0,1757721600000
tank_1441,0.0,1757721600000
tank_1443,0.0,1757721600000
tank_1445,0.0,1757721600000
tank_1446,0.0,1757721600000
tank_1450,0.0,1757721600000
tank_1452,0.0,1757721600000
tank_1456,0.0,1757721600000
tank_1466,0.0,1757721600000
tank_1471,0.0,1757721600000
tank_1475,0.0,1757721600000
tank_1486,631.0,1757721600000
tank_1488,88.0,1757721600000
tank_1491,0.0,1757721600000
tank_1500,0.0,1757721600000
tank_1505,340.0,1757721600000
tank_1513,668.0,1757721600000
tank_1531,0.0,1757721600000
tank_1536,0.0,1757721600000
tank_1539,156.0,1757721600000
tank_1541,37.0,1757721600000
tank_1542,0.0,1757721600000
tank_1547,200.0,1757721600000
tank_1563,0.0,1757721600000
tank_1564,0.0,1757721600000
tank_1565,147.0,1757721600000
tank_1567,24.0,1757721600000
tank_1568,0.0,1757721600000
tank_1573,169.0,1757721600000
tank_1583,0.0,1757721600000
tank_1587,189.0,1757721600000
tank_1588,0.0,1757721600000
tank_1592,0.0,1757721600000
tank_1594,0.0,1757721600000
tank_1595,0.0,1757721600000
tank_1597,95.0,1757721600000
tank_1598,24.250980392156862,1757721600000
tank_1600,0.0,1757721600000
tank_1604,0.0,1757721600000
tank_0002,0.0,1758758400000
tank_0004,0.0,1758758400000
tank_0005,0.0,1758758400000
tank_0011,0.0,1758758400000
tank_0014,1.0,1758758400000
tank_0019,0.0,1758758400000
tank_0024,0.0,1758758400000
tank_0025,0.0,1758758400000
tank_0026,0.0,1758758400000
tank_0027,0.0,1758758400000
tank_0030,0.0,1758758400000
tank_0031,4.0,1758758400000
tank_0036,0.0,1758758400000
tank_0037,0.0,1758758400000
tank_0038,1.0,1758758400000
tank_0050,0.0,1758758400000
tank_0051,0.0,1758758400000
tank_0052,0.0,1758758400000
tank_0053,0.0,1758758400000
tank_0055,1.388235294117647,1758758400000
tank_0057,3.0,1758758400000
tank_0058,0.0,1758758400000
tank_0064,3.0,1758758400000
tank_0069,37.0,1758758400000
tank_0072,0.0,1758758400000
tank_0073,0.0,1758758400000
tank_0080,14.0,1758758400000
tank_0094,0.0,1758758400000
tank_0107,0.0,1758758400000
tank_0110,0.0,1758758400000
tank_0113,0.0,1758758400000
tank_0115,0.0,1758758400000
tank_0116,0.0,1758758400000
tank_0117,45.0,1758758400000
tank_0118,0.0,1758758400000
tank_0122,0.0,1758758400000
tank_0125,0.0,1758758400000
tank_0130,0.0,1758758400000
tank_0131,0.0,1758758400000
tank_0132,0.0,1758758400000
tank_0134,0.0,1758758400000
tank_0135,0.0,1758758400000
tank_0142,0.0,1758758400000
tank_0143,0.0,1758758400000
tank_0144,0.0,1758758400000
tank_0148,0.0,1758758400000
tank_0153,0.0,1758758400000
tank_0156,6.396078431372549,1758758400000
tank_0159,0.0,1758758400000
tank_0165,0.0,1758758400000
tank_0171,0.0,1758758400000
tank_0172,0.0,1758758400000
tank_0174,2.0,1758758400000
tank_0176,4.0,1758758400000
tank_0184,0.0,1758758400000
tank_0187,0.0,1758758400000
tank_0190,3.058823529411765,1758758400000
tank_0192,0.0,1758758400000
tank_0193,0.0,1758758400000
tank_0195,0.0,1758758400000
tank_0199,0.0,1758758400000
tank_0204,0.0,1758758400000
tank_0205,0.0,1758758400000
tank_0207,0.0,1758758400000
tank_0209,0.0,1758758400000
tank_0213,0.0,1758758400000
tank_0217,0.0,1758758400000
tank_0220,0.0,1758758400000
tank_0221,5.243137254901961,1758758400000
tank_0225,0.0,1758758400000
tank_0226,0.0,1758758400000
tank_0228,0.0,1758758400000
tank_0229,0.0,1758758400000
tank_0231,0.0,1758758400000
tank_0233,0.0,1758758400000
tank_0236,0.0,1758758400000
tank_0237,0.0,1758758400000
tank_0240,0.0,1758758400000
tank_0242,0.0,1758758400000
tank_0245,0.7372549019607842,1758758400000
tank_0247,1.0,1758758400000
tank_0256,0.0,1758758400000
tank_0257,0.0,1758758400000
tank_0260,0.0,1758758400000
tank_0261,0.0,1758758400000
tank_0264,0.0,1758758400000
tank_0273,119.0,1758758400000
tank_0276,0.0,1758758400000
tank_0278,0.0,1758758400000
tank_0280,0.0,1758758400000
tank_0291,3.0,1758758400000
tank_0292,0.0,1758758400000
tank_0296,0.0,1758758400000
tank_0297,0.0,1758758400000
tank_0299,0.0,1758758400000
tank_0300,0.0,1758758400000
tank_0301,0.0,1758758400000
tank_0307,0.0,1758758400000
tank_0309,3.9254901960784316,1758758400000
tank_0313,0.0,1758758400000
tank_0314,0.0,1758758400000
tank_0319,5.0,1758758400000
tank_0321,0.0,1758758400000
tank_0327,0.6235294117647059,1758758400000
tank_0337,0.0,1758758400000
tank_0338,1.0,1758758400000
tank_0339,0.0,1758758400000
tank_0342,0.0,1758758400000
tank_0345,0.0,1758758400000
tank_0346,0.0,1758758400000
tank_0349,77.0,1758758400000
tank_0350,0.0,1758758400000
tank_0353,0.0,1758758400000
tank_0356,0.0,1758758400000
tank_0360,0.0,1758758400000
tank_0361,0.0,1758758400000
tank_0362,0.0,1758758400000
tank_0364,0.0,1758758400000
tank_0366,0.0,1758758400000
tank_0369,0.0,1758758400000
tank_0375,0.0,1758758400000
tank_0379,0.0,1758758400000
tank_0381,0.0,1758758400000
tank_0386,0.0,1758758400000
tank_0390,1.0,1758758400000
tank_0397,0.0,1758758400000
tank_0399,0.0,1758758400000
tank_0404,67.0,1758758400000
tank_0409,0.0,1758758400000
tank_0420,0.054901960784313725,1758758400000
tank_0425,0.0,1758758400000
tank_0431,0.0,1758758400000
tank_0432,2.0,1758758400000
tank_0435,0.0,1758758400000
tank_0436,0.0,1758758400000
tank_0438,0.0,1758758400000
tank_0443,0.0,1758758400000
tank_0444,0.0,1758758400000
tank_0447,7.435294117647059,1758758400000
tank_0448,0.0,1758758400000
tank_0449,0.2980392156862745,1758758400000
tank_0455,1.0,1758758400000
tank_0460,0.0,1758758400000
tank_0462,0.0,1758758400000
tank_0466,0.0,1758758400000
tank_0471,0.0,1758758400000
tank_0473,0.0,1758758400000
tank_0474,0.0,1758758400000
tank_0481,0.0,1758758400000
tank_0485,0.0,1758758400000
tank_0489,0.0,1758758400000
tank_0491,0.0,1758758400000
tank_0494,0.0,1758758400000
tank_0497,0.0,1758758400000
tank_0498,0.0,1758758400000
tank_0502,0.0,1758758400000
tank_0505,0.0,1758758400000
tank_0509,0.0,1758758400000
tank_0512,84.0,1758758400000
tank_0514,0.0,1758758400000
tank_0515,0.0,1758758400000
tank_0521,0.0,1758758400000
tank_0524,0.0,1758758400000
tank_0526,19.0,1758758400000
tank_0533,0.0,1758758400000
tank_0534,0.0,1758758400000
tank_0536,0.0,1758758400000
tank_0537,0.0,1758758400000
tank_0541,0.0,1758758400000
tank_0547,0.0,1758758400000
tank_0552,0.0,1758758400000
tank_0555,0.0,1758758400000
tank_0556,0.0,1758758400000
tank_0557,0.0,1758758400000
tank_0560,0.0,1758758400000
tank_0561,0.0,1758758400000
tank_0566,0.0,1758758400000
tank_0567,0.0,1758758400000
tank_0568,0.0,1758758400000
tank_0574,0.0,1758758400000
tank_0579,10.0,1758758400000
tank_0583,0.0,1758758400000
tank_0587,0.0,1758758400000
tank_0589,0.0,1758758400000
tank_0590,0.0,1758758400000
tank_0592,0.0,1758758400000
tank_0593,0.0,1758758400000
tank_0595,0.0,1758758400000
tank_0600,0.0,1758758400000
tank_0604,0.0,1758758400000
tank_0606,0.0,1758758400000
tank_0607,0.0,1758758400000
tank_0608,0.0,1758758400000
tank_0610,0.0,1758758400000
tank_0611,0.0,1758758400000
tank_0612,0.0,1758758400000
tank_0613,0.0,1758758400000
tank_0619,0.0,1758758400000
tank_0626,0.0,1758758400000
tank_0627,0.0,1758758400000
tank_0628,0.0,1758758400000
tank_0632,0.0,1758758400000
tank_0633,0.0,1758758400000
tank_0639,0.0,1758758400000
tank_0640,0.0,1758758400000
tank_0641,0.9882352941176471,1758758400000
tank_0643,0.0,1758758400000
tank_0646,0.0,1758758400000
tank_0663,0.0,1758758400000
tank_0664,0.0,1758758400000
tank_0666,0.0,1758758400000
tank_0667,0.0,1758758400000
tank_0670,19.0,1758758400000
tank_0675,0.0,1758758400000
tank_0676,119.0,1758758400000
tank_0678,0.0,1758758400000
tank_0681,0.0,1758758400000
tank_0687,0.0,1758758400000
tank_0688,0.0,1758758400000
tank_0697,0.0,1758758400000
tank_0720,3.0,1758758400000
tank_0722,0.0,1758758400000
tank_0724,0.0,1758758400000
tank_0725,0.0,1758758400000
tank_0728,0.0,1758758400000
tank_0730,0.0,1758758400000
tank_0731,141.0,1758758400000
tank_0732,0.0,1758758400000
tank_0737,140.0,1758758400000
tank_0739,0.0,1758758400000
tank_0740,0.0,1758758400000
tank_0746,0.0,1758758400000
tank_0748,0.0,1758758400000
tank_0749,0.0,1758758400000
tank_0752,0.0,1758758400000
tank_0760,0.0,1758758400000
tank_0770,0.0,1758758400000
tank_0772,0.0,1758758400000
tank_0788,0.0,1758758400000
tank_0789,0.0,1758758400000
tank_0792,0.0,1758758400000
tank_0797,0.0,1758758400000
tank_0800,0.0,1758758400000
tank_0802,0.0,1758758400000
tank_0803,0.0,1758758400000
tank_0808,8.396078431372548,1758758400000
tank_0810,4.0,1758758400000
tank_0811,9.941176470588236,1758758400000
tank_0812,26.976470588235294,1758758400000
tank_0813,3.607843137254902,1758758400000
tank_0816,3.5137254901960784,1758758400000
tank_0819,0.0,1758758400000
tank_0823,0.0,1758758400000
tank_0824,16.0,1758758400000
tank_0825,0.0,1758758400000
tank_0828,0.0,1758758400000
tank_0829,11.984313725490196,1758758400000
tank_0830,0.0,1758758400000
tank_0831,0.2980392156862745,1758758400000
tank_0844,0.0,1758758400000
tank_0852,2.0,1758758400000
tank_0855,24.0,1758758400000
tank_0856,31.0,1758758400000
tank_0860,0.0,1758758400000
tank_0861,0.0,1758758400000
tank_0872,13.0,1758758400000
tank_0875,83.43921568627451,1758758400000
tank_0879,0.0,1758758400000
tank_0885,0.0,1758758400000
tank_0891,0.0,1758758400000
tank_0894,6.0,1758758400000
tank_0898,57.0,1758758400000
tank_0900,0.0,1758758400000
tank_0901,0.0,1758758400000
tank_0902,13.0,1758758400000
tank_0914,0.0,1758758400000
tank_0917,138.0,1758758400000
tank_0919,0.0,1758758400000
tank_0920,0.0,1758758400000
tank_0922,54.0,1758758400000
tank_0923,0.0,1758758400000
tank_0924,0.0,1758758400000
tank_0926,0.0,1758758400000
tank_0927,0.0,1758758400000
tank_0928,0.0,1758758400000
tank_0930,0.0,1758758400000
tank_0931,0.0,1758758400000
tank_0933,0.0,1758758400000
tank_0934,0.0,1758758400000
tank_0937,0.0,1758758400000
tank_0938,0.0,1758758400000
tank_0939,4.0,1758758400000
tank_0944,14.0,1758758400000
tank_0946,0.0,1758758400000
tank_0952,0.0,1758758400000
tank_0958,0.25098039215686274,1758758400000
tank_0962,30.0,1758758400000
tank_0967,0.0,1758758400000
tank_0975,0.0,1758758400000
tank_0978,0.0,1758758400000
tank_0990,0.0,1758758400000
tank_0991,37.0,1758758400000
tank_0998,0.0,1758758400000
tank_0999,0.0,1758758400000
tank_1003,12.0,1758758400000
tank_1004,4.0,1758758400000
tank_1014,36.0,1758758400000
tank_1026,128.0,1758758400000
tank_1031,0.0,1758758400000
tank_1032,13.262745098039215,1758758400000
tank_1034,22.91372549019608,1758758400000
tank_1042,28.898039215686275,1758758400000
tank_1045,0.0,1758758400000
tank_1049,10.0,1758758400000
tank_1055,10.513725490196078,1758758400000
tank_1061,0.0,1758758400000
tank_1062,0.0,1758758400000
tank_1064,0.00784313725490196,1758758400000
tank_1065,6.407843137254902,1758758400000
tank_1066,0.0,1758758400000
tank_1070,2.0,1758758400000
tank_1073,9.0,1758758400000
tank_1083,0.0,1758758400000
tank_1086,0.0,1758758400000
tank_1088,10.427450980392157,1758758400000
tank_1089,17.0,1758758400000
tank_1090,51.0,1758758400000
tank_1091,0.0,1758758400000
tank_1094,200.0,1758758400000
tank_1095,6.0,1758758400000
tank_1104,0.0,1758758400000
tank_1113,36.87058823529412,1758758400000
tank_1116,0.0,1758758400000
tank_1117,0.0,1758758400000
tank_1120,163.91764705882355,1758758400000
tank_1121,40.0,1758758400000
tank_1124,0.0,1758758400000
tank_1128,0.0,1758758400000
tank_1134,0.0,1758758400000
tank_1135,0.0,1758758400000
tank_1146,0.0,1758758400000
tank_1149,0.0,1758758400000
tank_1156,0.0,1758758400000
tank_1157,18.86274509803922,1758758400000
tank_1159,22.0,1758758400000
tank_1160,516.0,1758758400000
tank_1166,0.13725490196078433,1758758400000
tank_1170,28.941176470588232,1758758400000
tank_1175,0.0,1758758400000
tank_1177,0.0,1758758400000
tank_1179,3.0,1758758400000
tank_1181,128.25882352941176,1758758400000
tank_1186,26.0,1758758400000
tank_1187,25.141176470588235,1758758400000
tank_1190,2.0,1758758400000
tank_1192,2.0,1758758400000
tank_1196,0.0,1758758400000
tank_1197,481.0,1758758400000
tank_1201,0.0,1758758400000
tank_1203,0.0,1758758400000
tank_1205,24.0,1758758400000
tank_1209,22.0,1758758400000
tank_1217,0.0,1758758400000
tank_1223,0.0,1758758400000
tank_1226,160.59607843137252,1758758400000
tank_1228,4.0,1758758400000
tank_1230,0.0,1758758400000
tank_1237,20.396078431372548,1758758400000
tank_1239,128.0,1758758400000
tank_1245,0.0,1758758400000
tank_1246,11.0,1758758400000
tank_1250,0.0,1758758400000
tank_1254,151.0,1758758400000
tank_1255,0.0,1758758400000
tank_1258,27.0,1758758400000
tank_1261,0.0,1758758400000
tank_1262,0.0,1758758400000
tank_1263,7.0,1758758400000
tank_1265,2.0,1758758400000
tank_1270,0.0,1758758400000
tank_1272,0.0,1758758400000
tank_1275,0.0,1758758400000
tank_1276,102.95294117647059,1758758400000
tank_1279,0.0,1758758400000
tank_1280,0.0,1758758400000
tank_1284,0.0,1758758400000
tank_1285,2.7490196078431373,1758758400000
tank_1286,9.0,1758758400000
tank_1290,11.0,1758758400000
tank_1291,0.0,1758758400000
tank_1293,0.0,1758758400000
tank_1295,1.4,1758758400000
tank_1297,0.0,1758758400000
tank_1301,68.0,1758758400000
tank_1302,10.0,1758758400000
tank_1304,0.0,1758758400000
tank_1305,5.0,1758758400000
tank_1313,379.0,1758758400000
tank_1322,0.0,1758758400000
tank_1325,0.0,1758758400000
tank_1326,0.0,1758758400000
tank_1344,0.0,1758758400000
tank_1346,0.0,1758758400000
tank_1349,0.0,1758758400000
tank_1353,131.0,1758758400000
tank_1358,0.0,1758758400000
tank_1359,0.0,1758758400000
tank_1361,147.0,1758758400000
tank_1364,49.0,1758758400000
tank_1365,16.0,1758758400000
tank_1372,2.0,1758758400000
tank_1374,40.0,1758758400000
tank_1378,175.0,1758758400000
tank_1380,0.0,1758758400000
tank_1386,16.0,1758758400000
tank_1391,17.0,1758758400000
tank_1393,0.0,1758758400000
tank_1396,0.0,1758758400000
tank_1397,0.0,1758758400000
tank_1403,4.0,1758758400000
tank_1409,0.0,1758758400000
tank_1412,0.0,1758758400000
tank_1415,0.0,1758758400000
tank_1416,0.0,1758758400000
tank_1421,427.0,1758758400000
tank_1422,0.0,1758758400000
tank_1425,297.0,1758758400000
tank_1426,174.5529411764706,1758758400000
tank_1430,0.0,1758758400000
tank_1433,410.0,1758758400000
tank_1438,0.0,1758758400000
tank_1439,8.0,1758758400000
tank_1441,0.0,1758758400000
tank_1443,0.0,1758758400000
tank_1445,0.0,1758758400000
tank_1446,0.0,1758758400000
tank_1450,0.0,1758758400000
tank_1452,0.0,1758758400000
tank_1456,0.0,1758758400000
tank_1466,0.0,1758758400000
tank_1471,0.0,1758758400000
tank_1475,0.0,1758758400000
tank_1486,1179.0,1758758400000
tank_1488,102.0,1758758400000
tank_1491,0.0,1758758400000
tank_1500,0.0,1758758400000
tank_1505,369.0,1758758400000
tank_1513,667.0,1758758400000
tank_1531,0.0,1758758400000
tank_1536,0.0,1758758400000
tank_1539,168.0,1758758400000
tank_1541,45.69019607843137,1758758400000
tank_1542,0.0,1758758400000
tank_1547,52.0,1758758400000
tank_1563,0.0,1758758400000
tank_1564,0.0,1758758400000
tank_1565,80.0,1758758400000
tank_1567,11.0,1758758400000
tank_1568,0.0,1758758400000
tank_1573,249.0,1758758400000
tank_1583,0.0,1758758400000
tank_1587,294.0,1758758400000
tank_1588,0.0,1758758400000
tank_1592,0.0,1758758400000
tank_1594,0.0,1758758400000
tank_1595,0.0,1758758400000
tank_1597,105.0,1758758400000
tank_1598,20.53333333333333,1758758400000
tank_1600,0.0,1758758400000
tank_1604,0.0,1758758400000
tank_0002,0.0,1759795200000
tank_0004,0.0,1759795200000
tank_0005,0.0,1759795200000
tank_0011,0.0,1759795200000
tank_0014,0.0,1759795200000
tank_0019,0.0,1759795200000
tank_0024,0.0,1759795200000
tank_0025,0.0,1759795200000
tank_0026,0.0,1759795200000
tank_0027,0.0,1759795200000
tank_0030,0.0,1759795200000
tank_0031,8.0,1759795200000
tank_0036,3.0431372549019606,1759795200000
tank_0037,0.0,1759795200000
tank_0038,0.0,1759795200000
tank_0050,0.0,1759795200000
tank_0051,0.0,1759795200000
tank_0052,0.0,1759795200000
tank_0053,3.8274509803921566,1759795200000
tank_0055,0.0,1759795200000
tank_0057,0.0,1759795200000
tank_0058,0.0,1759795200000
tank_0064,0.0,1759795200000
tank_0069,59.0,1759795200000
tank_0072,0.0,1759795200000
tank_0073,0.0,1759795200000
tank_0080,18.0,1759795200000
tank_0094,0.45098039215686275,1759795200000
tank_0107,0.0,1759795200000
tank_0110,0.0,1759795200000
tank_0113,4.0,1759795200000
tank_0115,0.0,1759795200000
tank_0116,0.0,1759795200000
tank_0117,63.0,1759795200000
tank_0118,0.0,1759795200000
tank_0122,0.0,1759795200000
tank_0125,0.0,1759795200000
tank_0130,0.0,1759795200000
tank_0131,0.0,1759795200000
tank_0132,0.0,1759795200000
tank_0134,0.0,1759795200000
tank_0135,0.0,1759795200000
tank_0142,0.0,1759795200000
tank_0143,0.0,1759795200000
tank_0144,0.0,1759795200000
tank_0148,0.0,1759795200000
tank_0153,0.0,1759795200000
tank_0156,55.93333333333334,1759795200000
tank_0159,0.0,1759795200000
tank_0165,9.63529411764706,1759795200000
tank_0171,0.0,1759795200000
tank_0172,0.0,1759795200000
tank_0174,0.0,1759795200000
tank_0176,2.0,1759795200000
tank_0184,0.0,1759795200000
tank_0187,0.0,1759795200000
tank_0190,2.427450980392157,1759795200000
tank_0192,0.0,1759795200000
tank_0193,0.0,1759795200000
tank_0195,0.0,1759795200000
tank_0199,0.0,1759795200000
tank_0204,0.0,1759795200000
tank_0205,0.0,1759795200000
tank_0207,0.0,1759795200000
tank_0209,0.0,1759795200000
tank_0213,0.0,1759795200000
tank_0217,0.0,1759795200000
tank_0220,0.0,1759795200000
tank_0221,16.192156862745097,1759795200000
tank_0225,0.0,1759795200000
tank_0226,0.0,1759795200000
tank_0228,0.0,1759795200000
tank_0229,0.0,1759795200000
tank_0231,0.0,1759795200000
tank_0233,0.0,1759795200000
tank_0236,2.0,1759795200000
tank_0237,0.0,1759795200000
tank_0240,0.0,1759795200000
tank_0242,0.0,1759795200000
tank_0245,0.0,1759795200000
tank_0247,0.0,1759795200000
tank_0256,0.0,1759795200000
tank_0257,0.0,1759795200000
tank_0260,0.0,1759795200000
tank_0261,0.0,1759795200000
tank_0264,0.0,1759795200000
tank_0273,231.0,1759795200000
tank_0276,0.0,1759795200000
tank_0278,0.0,1759795200000
tank_0280,0.0,1759795200000
tank_0291,2.0,1759795200000
tank_0292,2.0,1759795200000
tank_0296,0.0,1759795200000
tank_0297,0.0,1759795200000
tank_0299,0.0,1759795200000
tank_0300,0.0,1759795200000
tank_0301,0.0,1759795200000
tank_0307,3.0,1759795200000
tank_0309,8.0,1759795200000
tank_0313,0.0,1759795200000
tank_0314,0.0,1759795200000
tank_0319,2.0,1759795200000
tank_0321,0.0,1759795200000
tank_0327,0.0,1759795200000
tank_0337,0.0,1759795200000
tank_0338,0.0,1759795200000
tank_0339,2.0,1759795200000
tank_0342,2.0,1759795200000
tank_0345,0.9019607843137254,1759795200000
tank_0346,0.0,1759795200000
tank_0349,113.0,1759795200000
tank_0350,0.0,1759795200000
tank_0353,6.4980392156862745,1759795200000
tank_0356,0.0,1759795200000
tank_0360,0.0,1759795200000
tank_0361,0.0,1759795200000
tank_0362,0.0,1759795200000
tank_0364,0.0,1759795200000
tank_0366,5.0,1759795200000
tank_0369,0.0,1759795200000
tank_0375,0.0,1759795200000
tank_0379,0.996078431372549,1759795200000
tank_0381,0.0,1759795200000
tank_0386,0.0,1759795200000
tank_0390,0.0,1759795200000
tank_0397,0.0,1759795200000
tank_0399,1.0,1759795200000
tank_0404,48.0,1759795200000
tank_0409,0.0,1759795200000
tank_0420,0.0,1759795200000
tank_0425,0.0,1759795200000
tank_0431,0.0,1759795200000
tank_0432,1.6470588235294117,1759795200000
tank_0435,0.0,1759795200000
tank_0436,0.0,1759795200000
tank_0438,2.0,1759795200000
tank_0443,0.0,1759795200000
tank_0444,0.0,1759795200000
tank_0447,23.070588235294117,1759795200000
tank_0448,0.0,1759795200000
tank_0449,0.0,1759795200000
tank_0455,2.066666666666667,1759795200000
tank_0460,0.0,1759795200000
tank_0462,0.0,1759795200000
tank_0466,0.0,1759795200000
tank_0471,0.0,1759795200000
tank_0473,0.0,1759795200000
tank_0474,0.0,1759795200000
tank_0481,0.0,1759795200000
tank_0485,0.0,1759795200000
tank_0489,0.0,1759795200000
tank_0491,0.0,1759795200000
tank_0494,0.0,1759795200000
tank_0497,0.0,1759795200000
tank_0498,0.0,1759795200000
tank_0502,0.0,1759795200000
tank_0505,1.0,1759795200000
tank_0509,0.0,1759795200000
tank_0512,103.0,1759795200000
tank_0514,0.0,1759795200000
tank_0515,0.0,1759795200000
tank_0521,0.0,1759795200000
tank_0524,0.0,1759795200000
tank_0526,14.874509803921569,1759795200000
tank_0533,0.0,1759795200000
tank_0534,0.0,1759795200000
tank_0536,0.0,1759795200000
tank_0537,0.0,1759795200000
tank_0541,1.811764705882353,1759795200000
tank_0547,0.0,1759795200000
tank_0552,0.0,1759795200000
tank_0555,0.0,1759795200000
tank_0556,0.0,1759795200000
tank_0557,0.0,1759795200000
tank_0560,0.0,1759795200000
tank_0561,0.0,1759795200000
tank_0566,0.0,1759795200000
tank_0567,0.0,1759795200000
tank_0568,2.9137254901960783,1759795200000
tank_0574,0.0,1759795200000
tank_0579,3.0,1759795200000
tank_0583,0.0,1759795200000
tank_0587,0.0,1759795200000
tank_0589,0.0,1759795200000
tank_0590,0.0,1759795200000
tank_0592,0.0,1759795200000
tank_0593,0.0,1759795200000
tank_0595,0.0,1759795200000
tank_0600,0.0,1759795200000
tank_0604,2.713725490196078,1759795200000
tank_0606,1.0,1759795200000
tank_0607,0.0,1759795200000
tank_0608,0.0,1759795200000
tank_0610,0.0,1759795200000
tank_0611,0.0,1759795200000
tank_0612,0.0,1759795200000
tank_0613,0.0,1759795200000
tank_0619,0.0,1759795200000
tank_0626,0.0,1759795200000
tank_0627,0.0,1759795200000
tank_0628,0.0,1759795200000
tank_0632,0.0,1759795200000
tank_0633,0.0,1759795200000
tank_0639,0.0,1759795200000
tank_0640,0.0,1759795200000
tank_0641,0.0,1759795200000
tank_0643,0.0,1759795200000
tank_0646,0.0,1759795200000
tank_0663,0.0,1759795200000
tank_0664,0.0,1759795200000
tank_0666,0.0,1759795200000
tank_0667,0.0,1759795200000
tank_0670,19.0,1759795200000
tank_0675,0.0,1759795200000
tank_0676,12.0,1759795200000
tank_0678,0.0,1759795200000
tank_0681,0.0,1759795200000
tank_0687,0.0,1759795200000
tank_0688,0.0,1759795200000
tank_0697,0.0,1759795200000
tank_0720,4.0,1759795200000
tank_0722,0.0,1759795200000
tank_0724,0.0,1759795200000
tank_0725,0.0,1759795200000
tank_0728,0.0,1759795200000
tank_0730,0.0,1759795200000
tank_0731,220.0,1759795200000
tank_0732,0.0,1759795200000
tank_0737,106.0,1759795200000
tank_0739,0.0,1759795200000
tank_0740,1.0,1759795200000
tank_0746,0.0,1759795200000
tank_0748,0.0,1759795200000
tank_0749,0.0,1759795200000
tank_0752,0.0,1759795200000
tank_0760,0.0,1759795200000
tank_0770,0.0,1759795200000
tank_0772,0.0,1759795200000
tank_0788,0.0,1759795200000
tank_0789,0.0,1759795200000
tank_0792,14.0,1759795200000
tank_0797,0.0,1759795200000
tank_0800,15.0,1759795200000
tank_0802,1.0,1759795200000
tank_0803,0.7607843137254902,1759795200000
tank_0808,9.0,1759795200000
tank_0810,9.0,1759795200000
tank_0811,9.0,1759795200000
tank_0812,40.94901960784314,1759795200000
tank_0813,10.101960784313725,1759795200000
tank_0816,2.2784313725490195,1759795200000
tank_0819,0.0,1759795200000
tank_0823,0.0,1759795200000
tank_0824,11.0,1759795200000
tank_0825,0.0,1759795200000
tank_0828,0.0,1759795200000
tank_0829,12.984313725490196,1759795200000
tank_0830,0.0,1759795200000
tank_0831,0.0,1759795200000
tank_0844,0.0,1759795200000
tank_0852,9.0,1759795200000
tank_0855,19.0,1759795200000
tank_0856,285.0,1759795200000
tank_0860,0.0,1759795200000
tank_0861,0.0,1759795200000
tank_0872,10.0,1759795200000
tank_0875,170.7450980392157,1759795200000
tank_0879,0.0,1759795200000
tank_0885,0.0,1759795200000
tank_0891,0.0,1759795200000
tank_0894,146.0,1759795200000
tank_0898,269.0,1759795200000
tank_0900,4.0,1759795200000
tank_0901,0.0,1759795200000
tank_0902,49.0,1759795200000
tank_0914,0.0,1759795200000
tank_0917,301.0,1759795200000
tank_0919,0.0,1759795200000
tank_0920,0.0,1759795200000
tank_0922,183.0,1759795200000
tank_0923,0.0,1759795200000
tank_0924,0.0,1759795200000
tank_0926,3.0,1759795200000
tank_0927,0.0,1759795200000
tank_0928,0.0,1759795200000
tank_0930,0.0,1759795200000
tank_0931,0.0,1759795200000
tank_0933,0.0,1759795200000
tank_0934,0.0,1759795200000
tank_0937,0.0,1759795200000
tank_0938,0.0,1759795200000
tank_0939,4.772549019607843,1759795200000
tank_0944,19.0,1759795200000
tank_0946,0.0,1759795200000
tank_0952,0.0,1759795200000
tank_0958,0.0,1759795200000
tank_0962,766.0,1759795200000
tank_0967,0.0,1759795200000
tank_0975,0.0,1759795200000
tank_0978,0.0,1759795200000
tank_0990,0.0,1759795200000
tank_0991,371.0,1759795200000
tank_0998,0.0,1759795200000
tank_0999,0.0,1759795200000
tank_1003,14.0,1759795200000
tank_1004,12.0,1759795200000
tank_1014,60.0,1759795200000
tank_1026,215.0,1759795200000
tank_1031,1.6784313725490196,1759795200000
tank_1032,10.568627450980394,1759795200000
tank_1034,4.105882352941176,1759795200000
tank_1042,30.0,1759795200000
tank_1045,0.0,1759795200000
tank_1049,12.0,1759795200000
tank_1055,5.854901960784314,1759795200000
tank_1061,0.0,1759795200000
tank_1062,0.0,1759795200000
tank_1064,0.0,1759795200000
tank_1065,3.1058823529411765,1759795200000
tank_1066,0.0,1759795200000
tank_1070,13.0,1759795200000
tank_1073,42.0,1759795200000
tank_1083,0.0,1759795200000
tank_1086,3.0,1759795200000
tank_1088,10.572549019607845,1759795200000
tank_1089,26.0,1759795200000
tank_1090,117.86274509803921,1759795200000
tank_1091,0.0,1759795200000
tank_1094,1271.0,1759795200000
tank_1095,2.0,1759795200000
tank_1104,3.6705882352941175,1759795200000
tank_1113,21.0,1759795200000
tank_1116,0.0,1759795200000
tank_1117,0.0,1759795200000
tank_1120,492.0274509803922,1759795200000
tank_1121,315.0,1759795200000
tank_1124,0.0,1759795200000
tank_1128,0.0,1759795200000
tank_1134,0.0,1759795200000
tank_1135,0.0,1759795200000
tank_1146,0.0,1759795200000
tank_1149,0.0,1759795200000
tank_1156,0.0,1759795200000
tank_1157,18.521568627450986,1759795200000
tank_1159,266.0,1759795200000
tank_1160,703.0,1759795200000
tank_1166,0.2,1759795200000
tank_1170,29.701960784313723,1759795200000
tank_1175,0.0,1759795200000
tank_1177,0.0,1759795200000
tank_1179,10.211764705882352,1759795200000
tank_1181,165.3764705882353,1759795200000
tank_1186,43.0,1759795200000
tank_1187,44.97254901960783,1759795200000
tank_1190,6.976470588235294,1759795200000
tank_1192,0.0,1759795200000
tank_1196,0.0,1759795200000
tank_1197,748.0,1759795200000
tank_1201,0.0,1759795200000
tank_1203,0.0,1759795200000
tank_1205,101.0,1759795200000
tank_1209,494.0,1759795200000
tank_1217,0.0,1759795200000
tank_1223,0.0,1759795200000
tank_1226,174.89803921568625,1759795200000
tank_1228,15.0,1759795200000
tank_1230,0.0,1759795200000
tank_1237,31.474509803921567,1759795200000
tank_1239,318.0,1759795200000
tank_1245,0.0,1759795200000
tank_1246,0.0,1759795200000
tank_1250,0.0,1759795200000
tank_1254,857.0,1759795200000
tank_1255,0.41568627450980394,1759795200000
tank_1258,43.0,1759795200000
tank_1261,0.0,1759795200000
tank_1262,0.0,1759795200000
tank_1263,24.0,1759795200000
tank_1265,20.0,1759795200000
tank_1270,0.0,1759795200000
tank_1272,17.0,1759795200000
tank_1275,0.0,1759795200000
tank_1276,122.95294117647059,1759795200000
tank_1279,0.0,1759795200000
tank_1280,0.0,1759795200000
tank_1284,0.0,1759795200000
tank_1285,9.0,1759795200000
tank_1286,76.0,1759795200000
tank_1290,15.0,1759795200000
tank_1291,0.0,1759795200000
tank_1293,0.0,1759795200000
tank_1295,4.211764705882353,1759795200000
tank_1297,1.0,1759795200000
tank_1301,66.0,1759795200000
tank_1302,35.98039215686275,1759795200000
tank_1304,0.0,1759795200000
tank_1305,33.0,1759795200000
tank_1313,666.0,1759795200000
tank_1322,0.0,1759795200000
tank_1325,0.0,1759795200000
tank_1326,0.0,1759795200000
tank_1344,0.0,1759795200000
tank_1346,0.0,1759795200000
tank_1349,0.0,1759795200000
tank_1353,750.0,1759795200000
tank_1358,0.0,1759795200000
tank_1359,0.0,1759795200000
tank_1361,748.0,1759795200000
tank_1364,432.0,1759795200000
tank_1365,25.450980392156865,1759795200000
tank_1372,0.0,1759795200000
tank_1374,78.0,1759795200000
tank_1378,379.0,1759795200000
tank_1380,0.0,1759795200000
tank_1386,126.0,1759795200000
tank_1391,18.0,1759795200000
tank_1393,0.0,1759795200000
tank_1396,0.0,1759795200000
tank_1397,0.0,1759795200000
tank_1403,1.0,1759795200000
tank_1409,0.0,1759795200000
tank_1412,0.0,1759795200000
tank_1415,0.0,1759795200000
tank_1416,0.0,1759795200000
tank_1421,411.0,1759795200000
tank_1422,0.0,1759795200000
tank_1425,94.0,1759795200000
tank_1426,142.8313725490196,1759795200000
tank_1430,0.0,1759795200000
tank_1433,381.0,1759795200000
tank_1438,0.0,1759795200000
tank_1439,4.0,1759795200000
tank_1441,0.0,1759795200000
tank_1443,0.0,1759795200000
tank_1445,0.0,1759795200000
tank_1446,0.0,1759795200000
tank_1450,0.0,1759795200000
tank_1452,0.0,1759795200000
tank_1456,0.0,1759795200000
tank_1466,0.0,1759795200000
tank_1471,0.0,1759795200000
tank_1475,0.0,1759795200000
tank_1486,1350.0,1759795200000
tank_1488,113.0,1759795200000
tank_1491,0.0,1759795200000
tank_1500,0.0,1759795200000
tank_1505,395.0,1759795200000
tank_1513,515.0,1759795200000
tank_1531,0.0,1759795200000
tank_1536,0.0,1759795200000
tank_1539,168.0,1759795200000
tank_1541,31.0,1759795200000
tank_1542,0.0,1759795200000
tank_1547,147.0,1759795200000
tank_1563,0.0,1759795200000
tank_1564,0.0,1759795200000
tank_1565,584.0,1759795200000
tank_1567,11.0,1759795200000
tank_1568,0.0,1759795200000
tank_1573,277.30980392156863,1759795200000
tank_1583,0.0,1759795200000
tank_1587,263.0,1759795200000
tank_1588,0.0,1759795200000
tank_1592,0.0,1759795200000
tank_1594,0.0,1759795200000
tank_1595,0.0,1759795200000
tank_1597,96.0,1759795200000
tank_1598,25.462745098039218,1759795200000
tank_1600,0.0,1759795200000
tank_1604,0.0,1759795200000
tank_0002,0.0,1760832000000
tank_0004,0.0,1760832000000
tank_0005,0.0,1760832000000
tank_0011,0.0,1760832000000
tank_0014,0.0,1760832000000
tank_0019,0.0,1760832000000
tank_0024,0.0,1760832000000
tank_0025,0.0,1760832000000
tank_0026,0.0,1760832000000
tank_0027,0.0,1760832000000
tank_0030,0.0,1760832000000
tank_0031,0.0,1760832000000
tank_0036,0.0,1760832000000
tank_0037,0.0,1760832000000
tank_0038,0.0,1760832000000
tank_0050,0.0,1760832000000
tank_0051,0.0,1760832000000
tank_0052,1.0,1760832000000
tank_0053,7.827450980392157,1760832000000
tank_0055,0.5058823529411764,1760832000000
tank_0057,0.0,1760832000000
tank_0058,0.0,1760832000000
tank_0064,0.0,1760832000000
tank_0069,46.0,1760832000000
tank_0072,0.0,1760832000000
tank_0073,0.0,1760832000000
tank_0080,18.0,1760832000000
tank_0094,0.0,1760832000000
tank_0107,0.0,1760832000000
tank_0110,0.0,1760832000000
tank_0113,2.0,1760832000000
tank_0115,0.0,1760832000000
tank_0116,0.0,1760832000000
tank_0117,49.0,1760832000000
tank_0118,0.0,1760832000000
tank_0122,0.0,1760832000000
tank_0125,0.0,1760832000000
tank_0130,0.0,1760832000000
tank_0131,0.0,1760832000000
tank_0132,0.0,1760832000000
tank_0134,0.0,1760832000000
tank_0135,0.0,1760832000000
tank_0142,0.0,1760832000000
tank_0143,0.0,1760832000000
tank_0144,0.0,1760832000000
tank_0148,0.0,1760832000000
tank_0153,0.0,1760832000000
tank_0156,0.0,1760832000000
tank_0159,0.0,1760832000000
tank_0165,0.0,1760832000000
tank_0171,0.0,1760832000000
tank_0172,0.0,1760832000000
tank_0174,0.0,1760832000000
tank_0176,0.0,1760832000000
tank_0184,0.0,1760832000000
tank_0187,0.0,1760832000000
tank_0190,0.0,1760832000000
tank_0192,0.0,1760832000000
tank_0193,0.0,1760832000000
tank_0195,0.0,1760832000000
tank_0199,0.0,1760832000000
tank_0204,0.0,1760832000000
tank_0205,0.0,1760832000000
tank_0207,0.0,1760832000000
tank_0209,0.0,1760832000000
tank_0213,0.0,1760832000000
tank_0217,0.0,1760832000000
tank_0220,0.0,1760832000000
tank_0221,0.0,1760832000000
tank_0225,0.0,1760832000000
tank_0226,0.0,1760832000000
tank_0228,0.0,1760832000000
tank_0229,0.0,1760832000000
tank_0231,0.0,1760832000000
tank_0233,0.0,1760832000000
tank_0236,0.0,1760832000000
tank_0237,0.0,1760832000000
tank_0240,0.0,1760832000000
tank_0242,0.0,1760832000000
tank_0245,0.0,1760832000000
tank_0247,1.0,1760832000000
tank_0256,0.0,1760832000000
tank_0257,0.0,1760832000000
tank_0260,0.0,1760832000000
tank_0261,0.0,1760832000000
tank_0264,0.0,1760832000000
tank_0273,217.0,1760832000000
tank_0276,0.0,1760832000000
tank_0278,0.0,1760832000000
tank_0280,0.0,1760832000000
tank_0291,0.0,1760832000000
tank_0292,0.0,1760832000000
tank_0296,0.0,1760832000000
tank_0297,0.0,1760832000000
tank_0299,0.0,1760832000000
tank_0300,0.0,1760832000000
tank_0301,0.0,1760832000000
tank_0307,1.0,1760832000000
tank_0309,2.0,1760832000000
tank_0313,0.0,1760832000000
tank_0314,0.0,1760832000000
tank_0319,0.0,1760832000000
tank_0321,0.0,1760832000000
tank_0327,0.0,1760832000000
tank_0337,0.0,1760832000000
tank_0338,0.0,1760832000000
tank_0339,0.0,1760832000000
tank_0342,0.0,1760832000000
tank_0345,0.0,1760832000000
tank_0346,0.0,1760832000000
tank_0349,104.0,1760832000000
tank_0350,0.0,1760832000000
tank_0353,0.0,1760832000000
tank_0356,0.0,1760832000000
tank_0360,0.0,1760832000000
tank_0361,0.0,1760832000000
tank_0362,0.0,1760832000000
tank_0364,0.0,1760832000000
tank_0366,0.0,1760832000000
tank_0369,0.0,1760832000000
tank_0375,0.0,1760832000000
tank_0379,0.0,1760832000000
tank_0381,0.0,1760832000000
tank_0386,0.0,1760832000000
tank_0390,0.0,1760832000000
tank_0397,0.0,1760832000000
tank_0399,0.0,1760832000000
tank_0404,24.0,1760832000000
tank_0409,0.0,1760832000000
tank_0420,0.0,1760832000000
tank_0425,0.0,1760832000000
tank_0431,0.0,1760832000000
tank_0432,0.0,1760832000000
tank_0435,0.0,1760832000000
tank_0436,0.0,1760832000000
tank_0438,0.0,1760832000000
tank_0443,0.0,1760832000000
tank_0444,0.0,1760832000000
tank_0447,0.0,1760832000000
tank_0448,0.0,1760832000000
tank_0449,0.0,1760832000000
tank_0455,0.0,1760832000000
tank_0460,0.0,1760832000000
tank_0462,0.0,1760832000000
tank_0466,0.0,1760832000000
tank_0471,0.0,1760832000000
tank_0473,0.0,1760832000000
tank_0474,0.0,1760832000000
tank_0481,0.0,1760832000000
tank_0485,0.0,1760832000000
tank_0489,0.0,1760832000000
tank_0491,0.0,1760832000000
tank_0494,0.0,1760832000000
tank_0497,0.0,1760832000000
tank_0498,0.0,1760832000000
tank_0502,0.0,1760832000000
tank_0505,0.7333333333333333,1760832000000
tank_0509,0.0,1760832000000
tank_0512,223.0,1760832000000
tank_0514,0.0,1760832000000
tank_0515,0.0,1760832000000
tank_0521,6.0,1760832000000
tank_0524,0.0,1760832000000
tank_0526,12.0,1760832000000
tank_0533,0.0,1760832000000
tank_0534,0.0,1760832000000
tank_0536,0.0,1760832000000
tank_0537,0.0,1760832000000
tank_0541,0.0,1760832000000
tank_0547,1.0,1760832000000
tank_0552,0.0,1760832000000
tank_0555,0.0,1760832000000
tank_0556,0.0,1760832000000
tank_0557,0.0,1760832000000
tank_0560,0.0,1760832000000
tank_0561,0.0,1760832000000
tank_0566,0.0,1760832000000
tank_0567,0.0,1760832000000
tank_0568,0.0,1760832000000
tank_0574,0.0,1760832000000
tank_0579,30.0,1760832000000
tank_0583,16.0,1760832000000
tank_0587,0.0,1760832000000
tank_0589,0.0,1760832000000
tank_0590,0.0,1760832000000
tank_0592,0.0,1760832000000
tank_0593,0.0,1760832000000
tank_0595,0.0,1760832000000
tank_0600,0.0,1760832000000
tank_0604,0.0,1760832000000
tank_0606,0.0,1760832000000
tank_0607,0.0,1760832000000
tank_0608,0.0,1760832000000
tank_0610,0.0,1760832000000
tank_0611,0.0,1760832000000
tank_0612,0.0,1760832000000
tank_0613,0.0,1760832000000
tank_0619,0.0,1760832000000
tank_0626,0.0,1760832000000
tank_0627,0.0,1760832000000
tank_0628,0.0,1760832000000
tank_0632,0.0,1760832000000
tank_0633,0.0,1760832000000
tank_0639,0.0,1760832000000
tank_0640,0.0,1760832000000
tank_0641,0.0,1760832000000
tank_0643,0.0,1760832000000
tank_0646,0.0,1760832000000
tank_0663,0.0,1760832000000
tank_0664,0.0,1760832000000
tank_0666,0.0,1760832000000
tank_0667,0.0,1760832000000
tank_0670,19.0,1760832000000
tank_0675,0.0,1760832000000
tank_0676,63.0,1760832000000
tank_0678,0.0,1760832000000
tank_0681,0.0,1760832000000
tank_0687,0.0,1760832000000
tank_0688,0.0,1760832000000
tank_0697,0.0,1760832000000
tank_0720,0.0,1760832000000
tank_0722,0.0,1760832000000
tank_0724,0.0,1760832000000
tank_0725,0.0,1760832000000
tank_0728,0.0,1760832000000
tank_0730,0.0,1760832000000
tank_0731,488.0,1760832000000
tank_0732,0.0,1760832000000
tank_0737,232.0,1760832000000
tank_0739,0.0,1760832000000
tank_0740,0.0,1760832000000
tank_0746,0.0,1760832000000
tank_0748,0.0,1760832000000
tank_0749,0.0,1760832000000
tank_0752,0.0,1760832000000
tank_0760,0.0,1760832000000
tank_0770,0.0,1760832000000
tank_0772,0.0,1760832000000
tank_0788,0.0,1760832000000
tank_0789,0.0,1760832000000
tank_0792,3.129411764705882,1760832000000
tank_0797,0.0,1760832000000
tank_0800,0.0,1760832000000
tank_0802,0.0,1760832000000
tank_0803,0.2627450980392157,1760832000000
tank_0808,5.0,1760832000000
tank_0810,10.0,1760832000000
tank_0811,0.0,1760832000000
tank_0812,39.0,1760832000000
tank_0813,10.352941176470589,1760832000000
tank_0816,0.0,1760832000000
tank_0819,0.0,1760832000000
tank_0823,0.0,1760832000000
tank_0824,38.0,1760832000000
tank_0825,0.0,1760832000000
tank_0828,1.0,1760832000000
tank_0829,16.984313725490196,1760832000000
tank_0830,0.0,1760832000000
tank_0831,0.0,1760832000000
tank_0844,0.0,1760832000000
tank_0852,0.0,1760832000000
tank_0855,20.0,1760832000000
tank_0856,939.0,1760832000000
tank_0860,0.0,1760832000000
tank_0861,0.0,1760832000000
tank_0872,12.0,1760832000000
tank_0875,268.74117647058824,1760832000000
tank_0879,0.0,1760832000000
tank_0885,0.0,1760832000000
tank_0891,0.0,1760832000000
tank_0894,1429.0,1760832000000
tank_0898,503.0,1760832000000
tank_0900,0.9058823529411765,1760832000000
tank_0901,12.0,1760832000000
tank_0902,195.0,1760832000000
tank_0914,0.0,1760832000000
tank_0917,565.0,1760832000000
tank_0919,0.0,1760832000000
tank_0920,0.0,1760832000000
tank_0922,185.0,1760832000000
tank_0923,0.0,1760832000000
tank_0924,0.0,1760832000000
tank_0926,0.0,1760832000000
tank_0927,0.0,1760832000000
tank_0928,3.0,1760832000000
tank_0930,0.0,1760832000000
tank_0931,0.0,1760832000000
tank_0933,0.0,1760832000000
tank_0934,0.0,1760832000000
tank_0937,0.0,1760832000000
tank_0938,0.0,1760832000000
tank_0939,8.270588235294118,1760832000000
tank_0944,15.0,1760832000000
tank_0946,0.0,1760832000000
tank_0952,0.0,1760832000000
tank_0958,0.0,1760832000000
tank_0962,1700.0,1760832000000
tank_0967,5.0,1760832000000
tank_0975,0.0,1760832000000
tank_0978,0.0,1760832000000
tank_0990,0.0,1760832000000
tank_0991,624.0,1760832000000
tank_0998,0.0,1760832000000
tank_0999,0.0,1760832000000
tank_1003,580.0,1760832000000
tank_1004,0.0,1760832000000
tank_1014,164.0,1760832000000
tank_1026,224.0,1760832000000
tank_1031,4.0,1760832000000
tank_1032,11.709803921568627,1760832000000
tank_1034,4.0,1760832000000
tank_1042,36.0,1760832000000
tank_1045,14.0,1760832000000
tank_1049,32.0,1760832000000
tank_1055,3.007843137254902,1760832000000
tank_1061,0.0,1760832000000
tank_1062,0.0,1760832000000
tank_1064,0.0,1760832000000
tank_1065,2.2509803921568627,1760832000000
tank_1066,0.0,1760832000000
tank_1070,73.0,1760832000000
tank_1073,46.0,1760832000000
tank_1083,0.0,1760832000000
tank_1086,0.0,1760832000000
tank_1088,18.38431372549019,1760832000000
tank_1089,20.0,1760832000000
tank_1090,162.86274509803923,1760832000000
tank_1091,2.0,1760832000000
tank_1094,1515.0,1760832000000
tank_1095,4.0,1760832000000
tank_1104,4.0,1760832000000
tank_1113,32.0,1760832000000
tank_1116,0.0,1760832000000
tank_1117,0.0,1760832000000
tank_1120,527.4274509803921,1760832000000
tank_1121,501.0,1760832000000
tank_1124,0.0,1760832000000
tank_1128,0.0,1760832000000
tank_1134,0.0,1760832000000
tank_1135,0.0,1760832000000
tank_1146,0.0,1760832000000
tank_1149,0.0,1760832000000
tank_1156,0.0,1760832000000
tank_1157,19.921568627450984,1760832000000
tank_1159,382.7019607843137,1760832000000
tank_1160,680.0,1760832000000
tank_1166,1.5372549019607844,1760832000000
tank_1170,28.701960784313723,1760832000000
tank_1175,0.0,1760832000000
tank_1177,0.0,1760832000000
tank_1179,1.0,1760832000000
tank_1181,92.94117647058823,1760832000000
tank_1186,65.0,1760832000000
tank_1187,24.623529411764707,1760832000000
tank_1190,0.0,1760832000000
tank_1192,1.0,1760832000000
tank_1196,0.0,1760832000000
tank_1197,1186.0,1760832000000
tank_1201,0.0,1760832000000
tank_1203,0.0,1760832000000
tank_1205,116.0,1760832000000
tank_1209,1160.0,1760832000000
tank_1217,0.0,1760832000000
tank_1223,0.0,1760832000000
tank_1226,156.69803921568626,1760832000000
tank_1228,30.0,1760832000000
tank_1230,0.0,1760832000000
tank_1237,34.47450980392156,1760832000000
tank_1239,569.0,1760832000000
tank_1245,0.0,1760832000000
tank_1246,10.0,1760832000000
tank_1250,0.0,1760832000000
tank_1254,1513.0,1760832000000
tank_1255,3.0,1760832000000
tank_1258,46.0,1760832000000
tank_1261,0.0,1760832000000
tank_1262,0.0,1760832000000
tank_1263,68.0,1760832000000
tank_1265,14.0,1760832000000
tank_1270,0.0,1760832000000
tank_1272,4.0,1760832000000
tank_1275,0.0,1760832000000
tank_1276,127.95294117647059,1760832000000
tank_1279,0.0,1760832000000
tank_1280,0.0,1760832000000
tank_1284,0.0,1760832000000
tank_1285,0.0,1760832000000
tank_1286,81.0,1760832000000
tank_1290,16.0,1760832000000
tank_1291,0.0,1760832000000
tank_1293,0.0,1760832000000
tank_1295,0.0,1760832000000
tank_1297,0.0,1760832000000
tank_1301,103.0,1760832000000
tank_1302,32.0,1760832000000
tank_1304,0.0,1760832000000
tank_1305,26.0,1760832000000
tank_1313,1116.0,1760832000000
tank_1322,0.0,1760832000000
tank_1325,0.0,1760832000000
tank_1326,0.0,1760832000000
tank_1344,0.0,1760832000000
tank_1346,0.0,1760832000000
tank_1349,0.0,1760832000000
tank_1353,1202.0,1760832000000
tank_1358,0.0,1760832000000
tank_1359,0.0,1760832000000
tank_1361,996.0,1760832000000
tank_1364,631.7529411764706,1760832000000
tank_1365,15.0,1760832000000
tank_1372,0.0,1760832000000
tank_1374,149.0,1760832000000
tank_1378,502.0,1760832000000
tank_1380,5.0,1760832000000
tank_1386,134.0,1760832000000
tank_1391,24.0,1760832000000
tank_1393,0.0,1760832000000
tank_1396,0.0,1760832000000
tank_1397,0.0,1760832000000
tank_1403,0.0,1760832000000
tank_1409,0.0,1760832000000
tank_1412,0.0,1760832000000
tank_1415,0.0,1760832000000
tank_1416,19.0,1760832000000
tank_1421,419.37254901960785,1760832000000
tank_1422,0.0,1760832000000
tank_1425,180.0,1760832000000
tank_1426,125.3921568627451,1760832000000
tank_1430,0.0,1760832000000
tank_1433,499.0,1760832000000
tank_1438,0.0,1760832000000
tank_1439,52.91372549019608,1760832000000
tank_1441,0.0,1760832000000
tank_1443,0.0,1760832000000
tank_1445,0.0,1760832000000
tank_1446,0.0,1760832000000
tank_1450,0.0,1760832000000
tank_1452,0.0,1760832000000
tank_1456,0.0,1760832000000
tank_1466,4.0,1760832000000
tank_1471,0.0,1760832000000
tank_1475,100.0,1760832000000
tank_1486,1332.0,1760832000000
tank_1488,115.0,1760832000000
tank_1491,0.0,1760832000000
tank_1500,0.0,1760832000000
tank_1505,509.0,1760832000000
tank_1513,391.0,1760832000000
tank_1531,0.0,1760832000000
tank_1536,0.0,1760832000000
tank_1539,143.0,1760832000000
tank_1541,32.45882352941177,1760832000000
tank_1542,0.0,1760832000000
tank_1547,291.0,1760832000000
tank_1563,0.0,1760832000000
tank_1564,0.0,1760832000000
tank_1565,825.9960784313726,1760832000000
tank_1567,5.0,1760832000000
tank_1568,0.0,1760832000000
tank_1573,249.30980392156863,1760832000000
tank_1583,0.0,1760832000000
tank_1587,407.0,1760832000000
tank_1588,0.0,1760832000000
tank_1592,0.0,1760832000000
tank_1594,0.0,1760832000000
tank_1595,0.0,1760832000000
tank_1597,108.0,1760832000000
tank_1598,20.203921568627447,1760832000000
tank_1600,0.8980392156862745,1760832000000
tank_1604,0.0,1760832000000
tank_0002,0.0,1761868800000
tank_0004,0.0,1761868800000
tank_0005,0.0,1761868800000
tank_0011,0.0,1761868800000
tank_0014,0.0,1761868800000
tank_0019,0.0,1761868800000
tank_0024,0.25098039215686274,1761868800000
tank_0025,0.0,1761868800000
tank_0026,0.0,1761868800000
tank_0027,0.0,1761868800000
tank_0030,0.0,1761868800000
tank_0031,3.0,1761868800000
tank_0036,0.0,1761868800000
tank_0037,0.0,1761868800000
tank_0038,0.0,1761868800000
tank_0050,0.0,1761868800000
tank_0051,0.0,1761868800000
tank_0052,0.0,1761868800000
tank_0053,10.04313725490196,1761868800000
tank_0055,0.0,1761868800000
tank_0057,0.0,1761868800000
tank_0058,0.0,1761868800000
tank_0064,0.0,1761868800000
tank_0069,55.0,1761868800000
tank_0072,0.0,1761868800000
tank_0073,0.0,1761868800000
tank_0080,19.0,1761868800000
tank_0094,0.0,1761868800000
tank_0107,0.0,1761868800000
tank_0110,0.0,1761868800000
tank_0113,0.0,1761868800000
tank_0115,0.0,1761868800000
tank_0116,0.0,1761868800000
tank_0117,70.0,1761868800000
tank_0118,0.0,1761868800000
tank_0122,0.0,1761868800000
tank_0125,1.3411764705882354,1761868800000
tank_0130,0.0,1761868800000
tank_0131,0.0,1761868800000
tank_0132,0.0,1761868800000
tank_0134,0.0,1761868800000
tank_0135,0.0,1761868800000
tank_0142,0.0,1761868800000
tank_0143,0.0,1761868800000
tank_0144,0.0,1761868800000
tank_0148,0.0,1761868800000
tank_0153,0.0,1761868800000
tank_0156,0.0,1761868800000
tank_0159,0.0,1761868800000
tank_0165,0.0,1761868800000
tank_0171,0.0,1761868800000
tank_0172,0.0,1761868800000
tank_0174,0.0,1761868800000
tank_0176,0.0,1761868800000
tank_0184,0.0,1761868800000
tank_0187,0.0,1761868800000
tank_0190,0.0,1761868800000
tank_0192,0.0,1761868800000
tank_0193,0.0,1761868800000
tank_0195,0.0,1761868800000
tank_0199,0.0,1761868800000
tank_0204,0.0,1761868800000
tank_0205,0.0,1761868800000
tank_0207,0.0,1761868800000
tank_0209,0.0,1761868800000
tank_0213,0.0,1761868800000
tank_0217,0.0,1761868800000
tank_0220,0.0,1761868800000
tank_0221,1.4862745098039216,1761868800000
tank_0225,0.0,1761868800000
tank_0226,0.0,1761868800000
tank_0228,0.0,1761868800000
tank_0229,0.0,1761868800000
tank_0231,0.0,1761868800000
tank_0233,0.0,1761868800000
tank_0236,0.0,1761868800000
tank_0237,0.0,1761868800000
tank_0240,0.0,1761868800000
tank_0242,4.807843137254902,1761868800000
tank_0245,0.0,1761868800000
tank_0247,2.0,1761868800000
tank_0256,0.0,1761868800000
tank_0257,2.0,1761868800000
tank_0260,0.0,1761868800000
tank_0261,0.0,1761868800000
tank_0264,0.0,1761868800000
tank_0273,292.0,1761868800000
tank_0276,0.0,1761868800000
tank_0278,0.0,1761868800000
tank_0280,0.0,1761868800000
tank_0291,0.0,1761868800000
tank_0292,0.0,1761868800000
tank_0296,0.0,1761868800000
tank_0297,0.0,1761868800000
tank_0299,0.0,1761868800000
tank_0300,1.0,1761868800000
tank_0301,0.0,1761868800000
tank_0307,6.0,1761868800000
tank_0309,2.9254901960784316,1761868800000
tank_0313,0.0,1761868800000
tank_0314,0.0,1761868800000
tank_0319,0.0,1761868800000
tank_0321,0.0,1761868800000
tank_0327,0.0,1761868800000
tank_0337,0.0,1761868800000
tank_0338,0.0,1761868800000
tank_0339,0.0,1761868800000
tank_0342,0.0,1761868800000
tank_0345,0.0,1761868800000
tank_0346,0.0,1761868800000
tank_0349,97.0,1761868800000
tank_0350,0.0,1761868800000
tank_0353,0.0,1761868800000
tank_0356,0.0,1761868800000
tank_0360,0.0,1761868800000
tank_0361,0.0,1761868800000
tank_0362,0.0,1761868800000
tank_0364,0.0,1761868800000
tank_0366,1.0,1761868800000
tank_0369,0.0,1761868800000
tank_0375,0.0,1761868800000
tank_0379,0.0,1761868800000
tank_0381,0.0,1761868800000
tank_0386,0.0,1761868800000
tank_0390,26.0,1761868800000
tank_0397,0.0,1761868800000
tank_0399,0.0,1761868800000
tank_0404,37.0,1761868800000
tank_0409,0.0,1761868800000
tank_0420,0.0,1761868800000
tank_0425,0.0,1761868800000
tank_0431,0.0,1761868800000
tank_0432,0.0,1761868800000
tank_0435,0.0,1761868800000
tank_0436,0.0,1761868800000
tank_0438,2.0,1761868800000
tank_0443,0.0,1761868800000
tank_0444,0.0,1761868800000
tank_0447,0.9725490196078432,1761868800000
tank_0448,0.0,1761868800000
tank_0449,0.0,1761868800000
tank_0455,0.0,1761868800000
tank_0460,0.0,1761868800000
tank_0462,0.0,1761868800000
tank_0466,0.0,1761868800000
tank_0471,0.0,1761868800000
tank_0473,0.0,1761868800000
tank_0474,0.0,1761868800000
tank_0481,6.874509803921569,1761868800000
tank_0485,0.0,1761868800000
tank_0489,0.0,1761868800000
tank_0491,0.0,1761868800000
tank_0494,0.0,1761868800000
tank_0497,0.0,1761868800000
tank_0498,2.0,1761868800000
tank_0502,0.0,1761868800000
tank_0505,0.0,1761868800000
tank_0509,0.0,1761868800000
tank_0512,264.0,1761868800000
tank_0514,0.0,1761868800000
tank_0515,0.0,1761868800000
tank_0521,26.0,1761868800000
tank_0524,0.0,1761868800000
tank_0526,23.0,1761868800000
tank_0533,0.0,1761868800000
tank_0534,0.0,1761868800000
tank_0536,0.0,1761868800000
tank_0537,0.0,1761868800000
tank_0541,0.0,1761868800000
tank_0547,0.0,1761868800000
tank_0552,0.0,1761868800000
tank_0555,0.0,1761868800000
tank_0556,0.0,1761868800000
tank_0557,0.0,1761868800000
tank_0560,0.0,1761868800000
tank_0561,0.0,1761868800000
tank_0566,0.0,1761868800000
tank_0567,0.0,1761868800000
tank_0568,0.0,1761868800000
tank_0574,0.0,1761868800000
tank_0579,13.0,1761868800000
tank_0583,0.0,1761868800000
tank_0587,0.0,1761868800000
tank_0589,0.0,1761868800000
tank_0590,0.0,1761868800000
tank_0592,0.0,1761868800000
tank_0593,0.0,1761868800000
tank_0595,0.0,1761868800000
tank_0600,0.0,1761868800000
tank_0604,0.0,1761868800000
tank_0606,0.0,1761868800000
tank_0607,0.0,1761868800000
tank_0608,0.0,1761868800000
tank_0610,0.0,1761868800000
tank_0611,0.0,1761868800000
tank_0612,0.0,1761868800000
tank_0613,0.0,1761868800000
tank_0619,0.0,1761868800000
tank_0626,0.0,1761868800000
tank_0627,0.0,1761868800000
tank_0628,0.0,1761868800000
tank_0632,0.0,1761868800000
tank_0633,0.0,1761868800000
tank_0639,0.0,1761868800000
tank_0640,0.0,1761868800000
tank_0641,0.0,1761868800000
tank_0643,0.0,1761868800000
tank_0646,0.0,1761868800000
tank_0663,0.0,1761868800000
tank_0664,0.0,1761868800000
tank_0666,0.0,1761868800000
tank_0667,0.0,1761868800000
tank_0670,23.984313725490196,1761868800000
tank_0675,0.0,1761868800000
tank_0676,107.0,1761868800000
tank_0678,8.0,1761868800000
tank_0681,0.0,1761868800000
tank_0687,0.0,1761868800000
tank_0688,0.0,1761868800000
tank_0697,0.0,1761868800000
tank_0720,0.0,1761868800000
tank_0722,0.0,1761868800000
tank_0724,0.0,1761868800000
tank_0725,0.0,1761868800000
tank_0728,0.0,1761868800000
tank_0730,0.0,1761868800000
tank_0731,332.0,1761868800000
tank_0732,0.0,1761868800000
tank_0737,240.0,1761868800000
tank_0739,0.0,1761868800000
tank_0740,0.0,1761868800000
tank_0746,0.0,1761868800000
tank_0748,0.0,1761868800000
tank_0749,0.0,1761868800000
tank_0752,0.0,1761868800000
tank_0760,0.0,1761868800000
tank_0770,0.0,1761868800000
tank_0772,0.0,1761868800000
tank_0788,0.0,1761868800000
tank_0789,0.0,1761868800000
tank_0792,10.0,1761868800000
tank_0797,0.0,1761868800000
tank_0800,0.0,1761868800000
tank_0802,0.0,1761868800000
tank_0803,0.0,1761868800000
tank_0808,6.0,1761868800000
tank_0810,9.0,1761868800000
tank_0811,9.0,1761868800000
tank_0812,45.0,1761868800000
tank_0813,10.133333333333333,1761868800000
tank_0816,0.0,1761868800000
tank_0819,0.0,1761868800000
tank_0823,0.0,1761868800000
tank_0824,40.0,1761868800000
tank_0825,0.0,1761868800000
tank_0828,4.0,1761868800000
tank_0829,12.984313725490196,1761868800000
tank_0830,0.0,1761868800000
tank_0831,0.0,1761868800000
tank_0844,0.0,1761868800000
tank_0852,0.0,1761868800000
tank_0855,45.0,1761868800000
tank_0856,595.0,1761868800000
tank_0860,0.0,1761868800000
tank_0861,0.0,1761868800000
tank_0872,13.0,1761868800000
tank_0875,275.7450980392157,1761868800000
tank_0879,0.0,1761868800000
tank_0885,0.0,1761868800000
tank_0891,1.0,1761868800000
tank_0894,1402.0,1761868800000
tank_0898,474.0,1761868800000
tank_0900,0.0,1761868800000
tank_0901,31.0,1761868800000
tank_0902,193.0,1761868800000
tank_0914,0.0,1761868800000
tank_0917,512.9725490196079,1761868800000
tank_0919,0.0,1761868800000
tank_0920,0.0,1761868800000
tank_0922,196.0,1761868800000
tank_0923,32.0,1761868800000
tank_0924,0.0,1761868800000
tank_0926,0.0,1761868800000
tank_0927,0.0,1761868800000
tank_0928,60.0,1761868800000
tank_0930,23.0,1761868800000
tank_0931,0.0,1761868800000
tank_0933,0.0,1761868800000
tank_0934,0.0,1761868800000
tank_0937,0.0,1761868800000
tank_0938,0.0,1761868800000
tank_0939,2.9098039215686273,1761868800000
tank_0944,27.0,1761868800000
tank_0946,0.0,1761868800000
tank_0952,3.0,1761868800000
tank_0958,0.0,1761868800000
tank_0962,1416.0,1761868800000
tank_0967,18.0,1761868800000
tank_0975,0.0,1761868800000
tank_0978,0.0,1761868800000
tank_0990,0.0,1761868800000
tank_0991,719.0,1761868800000
tank_0998,0.0,1761868800000
tank_0999,0.0,1761868800000
tank_1003,329.0,1761868800000
tank_1004,0.0,1761868800000
tank_1014,473.0,1761868800000
tank_1026,183.57647058823528,1761868800000
tank_1031,0.0,1761868800000
tank_1032,3.0,1761868800000
tank_1034,0.0,1761868800000
tank_1042,37.956862745098036,1761868800000
tank_1045,36.0,1761868800000
tank_1049,20.0,1761868800000
tank_1055,4.733333333333333,1761868800000
tank_1061,1.0,1761868800000
tank_1062,0.0,1761868800000
tank_1064,6.933333333333334,1761868800000
tank_1065,1.0,1761868800000
tank_1066,0.0,1761868800000
tank_1070,137.0,1761868800000
tank_1073,97.45098039215686,1761868800000
tank_1083,0.0,1761868800000
tank_1086,0.0,1761868800000
tank_1088,23.870588235294118,1761868800000
tank_1089,26.8,1761868800000
tank_1090,179.0,1761868800000
tank_1091,0.0,1761868800000
tank_1094,1646.0,1761868800000
tank_1095,2.0,1761868800000
tank_1104,2.8235294117647056,1761868800000
tank_1113,26.0,1761868800000
tank_1116,0.0,1761868800000
tank_1117,0.0,1761868800000
tank_1120,448.643137254902,1761868800000
tank_1121,396.0,1761868800000
tank_1124,0.0,1761868800000
tank_1128,0.0,1761868800000
tank_1134,0.32941176470588235,1761868800000
tank_1135,10.0,1761868800000
tank_1146,0.0,1761868800000
tank_1149,0.0,1761868800000
tank_1156,0.0,1761868800000
tank_1157,21.61960784313726,1761868800000
tank_1159,384.9529411764706,1761868800000
tank_1160,448.0,1761868800000
tank_1166,0.3137254901960784,1761868800000
tank_1170,34.8235294117647,1761868800000
tank_1175,0.0,1761868800000
tank_1177,0.16078431372549018,1761868800000
tank_1179,6.921568627450981,1761868800000
tank_1181,146.79215686274512,1761868800000
tank_1186,115.3686274509804,1761868800000
tank_1187,31.337254901960783,1761868800000
tank_1190,0.7490196078431373,1761868800000
tank_1192,0.0,1761868800000
tank_1196,0.0,1761868800000
tank_1197,910.0,1761868800000
tank_1201,6.0,1761868800000
tank_1203,6.874509803921569,1761868800000
tank_1205,144.0,1761868800000
tank_1209,1108.0,1761868800000
tank_1217,0.0,1761868800000
tank_1223,0.0,1761868800000
tank_1226,210.41568627450982,1761868800000
tank_1228,24.0,1761868800000
tank_1230,0.0,1761868800000
tank_1237,40.0,1761868800000
tank_1239,637.0,1761868800000
tank_1245,0.0,1761868800000
tank_1246,1.0,1761868800000
tank_1250,0.0,1761868800000
tank_1254,1168.0,1761868800000
tank_1255,2.0,1761868800000
tank_1258,57.0,1761868800000
tank_1261,0.0,1761868800000
tank_1262,0.0,1761868800000
tank_1263,62.0,1761868800000
tank_1265,31.0,1761868800000
tank_1270,1.0,1761868800000
tank_1272,15.0,1761868800000
tank_1275,0.0,1761868800000
tank_1276,114.56470588235294,1761868800000
tank_1279,0.0,1761868800000
tank_1280,0.0,1761868800000
tank_1284,0.0,1761868800000
tank_1285,5.749019607843137,1761868800000
tank_1286,85.0,1761868800000
tank_1290,12.0,1761868800000
tank_1291,0.0,1761868800000
tank_1293,2.0,1761868800000
tank_1295,0.0,1761868800000
tank_1297,8.0,1761868800000
tank_1301,164.0,1761868800000
tank_1302,23.0,1761868800000
tank_1304,0.0,1761868800000
tank_1305,25.0,1761868800000
tank_1313,1106.9882352941177,1761868800000
tank_1322,0.0,1761868800000
tank_1325,0.0,1761868800000
tank_1326,0.0,1761868800000
tank_1344,0.0,1761868800000
tank_1346,0.0,1761868800000
tank_1349,0.0,1761868800000
tank_1353,950.0,1761868800000
tank_1358,0.0,1761868800000
tank_1359,0.0,1761868800000
tank_1361,652.0,1761868800000
tank_1364,1149.0,1761868800000
tank_1365,2.0,1761868800000
tank_1372,2.0,1761868800000
tank_1374,24.0,1761868800000
tank_1378,326.0,1761868800000
tank_1380,21.0,1761868800000
tank_1386,60.0,1761868800000
tank_1391,24.0,1761868800000
tank_1393,0.0,1761868800000
tank_1396,0.0,1761868800000
tank_1397,0.0,1761868800000
tank_1403,4.0,1761868800000
tank_1409,0.0,1761868800000
tank_1412,0.0,1761868800000
tank_1415,0.0,1761868800000
tank_1416,12.980392156862745,1761868800000
tank_1421,412.7803921568627,1761868800000
tank_1422,0.0,1761868800000
tank_1425,180.0,1761868800000
tank_1426,123.74901960784314,1761868800000
tank_1430,0.0,1761868800000
tank_1433,469.0,1761868800000
tank_1438,0.0,1761868800000
tank_1439,46.7921568627451,1761868800000
tank_1441,0.0,1761868800000
tank_1443,0.0,1761868800000
tank_1445,0.0,1761868800000
tank_1446,0.0,1761868800000
tank_1450,0.0,1761868800000
tank_1452,0.0,1761868800000
tank_1456,0.0,1761868800000
tank_1466,0.0,1761868800000
tank_1471,0.0,1761868800000
tank_1475,206.0,1761868800000
tank_1486,1301.0,1761868800000
tank_1488,130.0,1761868800000
tank_1491,0.0,1761868800000
tank_1500,0.0,1761868800000
tank_1505,477.0,1761868800000
tank_1513,361.0,1761868800000
tank_1531,0.0,1761868800000
tank_1536,0.0,1761868800000
tank_1539,62.0,1761868800000
tank_1541,16.0,1761868800000
tank_1542,0.0,1761868800000
tank_1547,277.0,1761868800000
tank_1563,0.0,1761868800000
tank_1564,0.0,1761868800000
tank_1565,825.0,1761868800000
tank_1567,2.0,1761868800000
tank_1568,0.0,1761868800000
tank_1573,255.0,1761868800000
tank_1583,0.0,1761868800000
tank_1587,205.0,1761868800000
tank_1588,0.0,1761868800000
tank_1592,0.0,1761868800000
tank_1594,16.0,1761868800000
tank_1595,0.0,1761868800000
tank_1597,131.0,1761868800000
tank_1598,25.23921568627451,1761868800000
tank_1600,0.0,1761868800000
tank_1604,0.0,1761868800000
tank_0002,0.0,1762905600000
tank_0004,0.0,1762905600000
tank_0005,0.0,1762905600000
tank_0011,0.0,1762905600000
tank_0014,0.0,1762905600000
tank_0019,0.0,1762905600000
tank_0024,0.0,1762905600000
tank_0025,0.0,1762905600000
tank_0026,0.0,1762905600000
tank_0027,0.8901960784313725,1762905600000
tank_0030,0.0,1762905600000
tank_0031,2.0,1762905600000
tank_0036,0.0,1762905600000
tank_0037,0.0,1762905600000
tank_0038,0.0,1762905600000
tank_0050,0.0,1762905600000
tank_0051,0.0,1762905600000
tank_0052,0.0,1762905600000
tank_0053,9.0,1762905600000
tank_0055,0.0,1762905600000
tank_0057,0.0,1762905600000
tank_0058,0.0,1762905600000
tank_0064,1.0,1762905600000
tank_0069,51.0,1762905600000
tank_0072,0.0,1762905600000
tank_0073,0.0,1762905600000
tank_0080,16.95294117647059,1762905600000
tank_0094,0.0,1762905600000
tank_0107,0.0,1762905600000
tank_0110,0.0,1762905600000
tank_0113,13.0,1762905600000
tank_0115,1.0,1762905600000
tank_0116,0.0,1762905600000
tank_0117,62.0,1762905600000
tank_0118,0.0,1762905600000
tank_0122,0.0,1762905600000
tank_0125,0.0,1762905600000
tank_0130,0.0,1762905600000
tank_0131,0.0,1762905600000
tank_0132,0.0,1762905600000
tank_0134,0.0,1762905600000
tank_0135,0.0,1762905600000
tank_0142,0.0,1762905600000
tank_0143,0.0,1762905600000
tank_0144,0.0,1762905600000
tank_0148,0.0,1762905600000
tank_0153,0.0,1762905600000
tank_0156,0.09411764705882353,1762905600000
tank_0159,0.0,1762905600000
tank_0165,3.0352941176470587,1762905600000
tank_0171,0.0,1762905600000
tank_0172,0.0,1762905600000
tank_0174,3.8117647058823527,1762905600000
tank_0176,0.0,1762905600000
tank_0184,0.0,1762905600000
tank_0187,0.0,1762905600000
tank_0190,0.0,1762905600000
tank_0192,0.0,1762905600000
tank_0193,0.0,1762905600000
tank_0195,0.0,1762905600000
tank_0199,0.0,1762905600000
tank_0204,0.0,1762905600000
tank_0205,0.0,1762905600000
tank_0207,0.0,1762905600000
tank_0209,0.0,1762905600000
tank_0213,0.0,1762905600000
tank_0217,0.0,1762905600000
tank_0220,0.0,1762905600000
tank_0221,0.0,1762905600000
tank_0225,0.0,1762905600000
tank_0226,0.0,1762905600000
tank_0228,0.0,1762905600000
tank_0229,0.0,1762905600000
tank_0231,0.0,1762905600000
tank_0233,0.0,1762905600000
tank_0236,0.0,1762905600000
tank_0237,0.0,1762905600000
tank_0240,0.0,1762905600000
tank_0242,0.0,1762905600000
tank_0245,0.0,1762905600000
tank_0247,6.0,1762905600000
tank_0256,0.0,1762905600000
tank_0257,0.0,1762905600000
tank_0260,0.0,1762905600000
tank_0261,0.0,1762905600000
tank_0264,0.0,1762905600000
tank_0273,310.0,1762905600000
tank_0276,0.0,1762905600000
tank_0278,0.0,1762905600000
tank_0280,0.0,1762905600000
tank_0291,1.0,1762905600000
tank_0292,0.0,1762905600000
tank_0296,0.0,1762905600000
tank_0297,0.0,1762905600000
tank_0299,0.0,1762905600000
tank_0300,2.16078431372549,1762905600000
tank_0301,0.0,1762905600000
tank_0307,7.0,1762905600000
tank_0309,0.0,1762905600000
tank_0313,0.0,1762905600000
tank_0314,0.0,1762905600000
tank_0319,4.0,1762905600000
tank_0321,6.0,1762905600000
tank_0327,0.0,1762905600000
tank_0337,0.0,1762905600000
tank_0338,0.0,1762905600000
tank_0339,0.0,1762905600000
tank_0342,0.0,1762905600000
tank_0345,0.0,1762905600000
tank_0346,0.0,1762905600000
tank_0349,95.0,1762905600000
tank_0350,0.0,1762905600000
tank_0353,0.0,1762905600000
tank_0356,0.0,1762905600000
tank_0360,0.0,1762905600000
tank_0361,0.0,1762905600000
tank_0362,0.0,1762905600000
tank_0364,0.0,1762905600000
tank_0366,7.878431372549019,1762905600000
tank_0369,0.0,1762905600000
tank_0375,0.0,1762905600000
tank_0379,0.0,1762905600000
tank_0381,0.0,1762905600000
tank_0386,0.0,1762905600000
tank_0390,11.0,1762905600000
tank_0397,0.0,1762905600000
tank_0399,0.0,1762905600000
tank_0404,24.0,1762905600000
tank_0409,0.0,1762905600000
tank_0420,0.0,1762905600000
tank_0425,0.0,1762905600000
tank_0431,0.0,1762905600000
tank_0432,0.0,1762905600000
tank_0435,0.0,1762905600000
tank_0436,0.0,1762905600000
tank_0438,0.0,1762905600000
tank_0443,0.0,1762905600000
tank_0444,0.0,1762905600000
tank_0447,4.0,1762905600000
tank_0448,0.0,1762905600000
tank_0449,0.0,1762905600000
tank_0455,0.0,1762905600000
tank_0460,0.0,1762905600000
tank_0462,0.0,1762905600000
tank_0466,0.0,1762905600000
tank_0471,0.0,1762905600000
tank_0473,1.0,1762905600000
tank_0474,0.0,1762905600000
tank_0481,0.1803921568627451,1762905600000
tank_0485,0.0,1762905600000
tank_0489,0.0,1762905600000
tank_0491,0.0,1762905600000
tank_0494,0.0,1762905600000
tank_0497,0.0,1762905600000
tank_0498,5.192156862745098,1762905600000
tank_0502,0.0,1762905600000
tank_0505,0.0,1762905600000
tank_0509,0.0,1762905600000
tank_0512,264.0,1762905600000
tank_0514,0.0,1762905600000
tank_0515,0.0,1762905600000
tank_0521,15.0,1762905600000
tank_0524,0.0,1762905600000
tank_0526,19.0,1762905600000
tank_0533,0.0,1762905600000
tank_0534,0.0,1762905600000
tank_0536,0.0,1762905600000
tank_0537,0.0,1762905600000
tank_0541,0.0,1762905600000
tank_0547,0.0,1762905600000
tank_0552,0.0,1762905600000
tank_0555,0.0,1762905600000
tank_0556,0.0,1762905600000
tank_0557,0.0,1762905600000
tank_0560,0.0,1762905600000
tank_0561,0.0,1762905600000
tank_0566,0.0,1762905600000
tank_0567,0.0,1762905600000
tank_0568,1.3176470588235294,1762905600000
tank_0574,0.0,1762905600000
tank_0579,21.0,1762905600000
tank_0583,7.0,1762905600000
tank_0587,0.0,1762905600000
tank_0589,0.0,1762905600000
tank_0590,0.0,1762905600000
tank_0592,0.0,1762905600000
tank_0593,0.0,1762905600000
tank_0595,0.0,1762905600000
tank_0600,0.054901960784313725,1762905600000
tank_0604,0.0,1762905600000
tank_0606,0.0,1762905600000
tank_0607,0.0,1762905600000
tank_0608,0.0,1762905600000
tank_0610,0.0,1762905600000
tank_0611,0.0,1762905600000
tank_0612,0.0,1762905600000
tank_0613,2.0,1762905600000
tank_0619,0.0,1762905600000
tank_0626,0.0,1762905600000
tank_0627,0.0,1762905600000
tank_0628,0.0,1762905600000
tank_0632,0.0,1762905600000
tank_0633,2.5725490196078433,1762905600000
tank_0639,9.88235294117647,1762905600000
tank_0640,0.0,1762905600000
tank_0641,0.0,1762905600000
tank_0643,0.0,1762905600000
tank_0646,0.0,1762905600000
tank_0663,0.0,1762905600000
tank_0664,0.0,1762905600000
tank_0666,0.0,1762905600000
tank_0667,0.0,1762905600000
tank_0670,26.941176470588236,1762905600000
tank_0675,0.0,1762905600000
tank_0676,116.0,1762905600000
tank_0678,0.0,1762905600000
tank_0681,0.0,1762905600000
tank_0687,0.0,1762905600000
tank_0688,0.0,1762905600000
tank_0697,0.0,1762905600000
tank_0720,0.0,1762905600000
tank_0722,0.0,1762905600000
tank_0724,0.0,1762905600000
tank_0725,0.0,1762905600000
tank_0728,0.0,1762905600000
tank_0730,0.0,1762905600000
tank_0731,256.0,1762905600000
tank_0732,0.0,1762905600000
tank_0737,282.0,1762905600000
tank_0739,0.0,1762905600000
tank_0740,0.0,1762905600000
tank_0746,0.0,1762905600000
tank_0748,0.0,1762905600000
tank_0749,0.0,1762905600000
tank_0752,0.0,1762905600000
tank_0760,0.0,1762905600000
tank_0770,0.0,1762905600000
tank_0772,0.0,1762905600000
tank_0788,0.0,1762905600000
tank_0789,0.0,1762905600000
tank_0792,11.313725490196079,1762905600000
tank_0797,0.0,1762905600000
tank_0800,0.0,1762905600000
tank_0802,0.0,1762905600000
tank_0803,7.0,1762905600000
tank_0808,8.607843137254902,1762905600000
tank_0810,9.0,1762905600000
tank_0811,0.0,1762905600000
tank_0812,35.0,1762905600000
tank_0813,22.06666666666667,1762905600000
tank_0816,2.992156862745098,1762905600000
tank_0819,0.0,1762905600000
tank_0823,0.0,1762905600000
tank_0824,34.0,1762905600000
tank_0825,0.0,1762905600000
tank_0828,5.0,1762905600000
tank_0829,19.0,1762905600000
tank_0830,0.0,1762905600000
tank_0831,0.0,1762905600000
tank_0844,0.0,1762905600000
tank_0852,0.0,1762905600000
tank_0855,37.0,1762905600000
tank_0856,888.0,1762905600000
tank_0860,0.0,1762905600000
tank_0861,0.0,1762905600000
tank_0872,9.0,1762905600000
tank_0875,276.7450980392157,1762905600000
tank_0879,0.0,1762905600000
tank_0885,0.0,1762905600000
tank_0891,0.0,1762905600000
tank_0894,1375.0,1762905600000
tank_0898,453.98039215686276,1762905600000
tank_0900,0.0,1762905600000
tank_0901,25.0,1762905600000
tank_0902,191.0,1762905600000
tank_0914,0.0,1762905600000
tank_0917,569.0,1762905600000
tank_0919,0.0,1762905600000
tank_0920,0.0,1762905600000
tank_0922,208.0,1762905600000
tank_0923,32.0,1762905600000
tank_0924,0.0,1762905600000
tank_0926,0.0,1762905600000
tank_0927,0.0,1762905600000
tank_0928,56.0,1762905600000
tank_0930,20.0,1762905600000
tank_0931,0.0,1762905600000
tank_0933,0.0,1762905600000
tank_0934,0.0,1762905600000
tank_0937,0.0,1762905600000
tank_0938,0.0,1762905600000
tank_0939,3.407843137254902,1762905600000
tank_0944,21.0,1762905600000
tank_0946,0.0,1762905600000
tank_0952,0.0,1762905600000
tank_0958,0.0,1762905600000
tank_0962,1668.0,1762905600000
tank_0967,8.0,1762905600000
tank_0975,0.0,1762905600000
tank_0978,0.0,1762905600000
tank_0990,0.0,1762905600000
tank_0991,744.0,1762905600000
tank_0998,0.0,1762905600000
tank_0999,0.0,1762905600000
tank_1003,786.0,1762905600000
tank_1004,0.0,1762905600000
tank_1014,538.0,1762905600000
tank_1026,234.0,1762905600000
tank_1031,0.0,1762905600000
tank_1032,4.956862745098039,1762905600000
tank_1034,0.25098039215686274,1762905600000
tank_1042,39.0,1762905600000
tank_1045,40.0,1762905600000
tank_1049,35.0,1762905600000
tank_1055,15.168627450980392,1762905600000
tank_1061,0.0,1762905600000
tank_1062,0.0,1762905600000
tank_1064,1.0392156862745099,1762905600000
tank_1065,2.8627450980392157,1762905600000
tank_1066,0.0,1762905600000
tank_1070,132.0,1762905600000
tank_1073,86.0,1762905600000
tank_1083,0.0,1762905600000
tank_1086,0.0,1762905600000
tank_1088,7.972549019607843,1762905600000
tank_1089,24.0,1762905600000
tank_1090,174.8470588235294,1762905600000
tank_1091,0.0,1762905600000
tank_1094,1357.0,1762905600000
tank_1095,4.0,1762905600000
tank_1104,7.654901960784313,1762905600000
tank_1113,30.0,1762905600000
tank_1116,0.0,1762905600000
tank_1117,0.0,1762905600000
tank_1120,302.6745098039216,1762905600000
tank_1121,445.6392156862745,1762905600000
tank_1124,0.0,1762905600000
tank_1128,0.0,1762905600000
tank_1134,8.56078431372549,1762905600000
tank_1135,0.0,1762905600000
tank_1146,0.0,1762905600000
tank_1149,0.0,1762905600000
tank_1156,0.0,1762905600000
tank_1157,30.054901960784317,1762905600000
tank_1159,380.0,1762905600000
tank_1160,641.0,1762905600000
tank_1166,0.6235294117647059,1762905600000
tank_1170,32.705882352941174,1762905600000
tank_1175,0.0,1762905600000
tank_1177,0.0,1762905600000
tank_1179,4.270588235294118,1762905600000
tank_1181,62.0,1762905600000
tank_1186,127.0,1762905600000
tank_1187,24.74509803921569,1762905600000
tank_1190,0.0,1762905600000
tank_1192,0.0,1762905600000
tank_1196,0.0,1762905600000
tank_1197,1348.0,1762905600000
tank_1201,0.0,1762905600000
tank_1203,0.0,1762905600000
tank_1205,124.90980392156862,1762905600000
tank_1209,1186.0,1762905600000
tank_1217,0.0,1762905600000
tank_1223,0.0,1762905600000
tank_1226,210.5921568627451,1762905600000
tank_1228,25.0,1762905600000
tank_1230,0.0,1762905600000
tank_1237,26.0,1762905600000
tank_1239,447.0,1762905600000
tank_1245,0.0,1762905600000
tank_1246,4.0,1762905600000
tank_1250,0.0,1762905600000
tank_1254,1520.0,1762905600000
tank_1255,0.0,1762905600000
tank_1258,73.0,1762905600000
tank_1261,0.0,1762905600000
tank_1262,0.0,1762905600000
tank_1263,44.0,1762905600000
tank_1265,14.0,1762905600000
tank_1270,0.0,1762905600000
tank_1272,14.0,1762905600000
tank_1275,0.0,1762905600000
tank_1276,119.95294117647059,1762905600000
tank_1279,0.0,1762905600000
tank_1280,0.0,1762905600000
tank_1284,0.0,1762905600000
tank_1285,5.196078431372549,1762905600000
tank_1286,85.0,1762905600000
tank_1290,13.0,1762905600000
tank_1291,0.0,1762905600000
tank_1293,2.0,1762905600000
tank_1295,0.0,1762905600000
tank_1297,0.0,1762905600000
tank_1301,255.7764705882353,1762905600000
tank_1302,30.0,1762905600000
tank_1304,0.0,1762905600000
tank_1305,21.0,1762905600000
tank_1313,1202.0,1762905600000
tank_1322,0.0,1762905600000
tank_1325,0.0,1762905600000
tank_1326,0.0,1762905600000
tank_1344,0.0,1762905600000
tank_1346,0.0,1762905600000
tank_1349,0.0,1762905600000
tank_1353,1273.0,1762905600000
tank_1358,0.0,1762905600000
tank_1359,0.0,1762905600000
tank_1361,1037.0,1762905600000
tank_1364,1540.0,1762905600000
tank_1365,16.0,1762905600000
tank_1372,0.0,1762905600000
tank_1374,145.0,1762905600000
tank_1378,514.0,1762905600000
tank_1380,20.0,1762905600000
tank_1386,101.0,1762905600000
tank_1391,23.0,1762905600000
tank_1393,0.0,1762905600000
tank_1396,0.0,1762905600000
tank_1397,0.0,1762905600000
tank_1403,0.0,1762905600000
tank_1409,0.0,1762905600000
tank_1412,0.0,1762905600000
tank_1415,0.0,1762905600000
tank_1416,8.309803921568628,1762905600000
tank_1421,448.72941176470584,1762905600000
tank_1422,0.0,1762905600000
tank_1425,238.0,1762905600000
tank_1426,104.85882352941177,1762905600000
tank_1430,0.0,1762905600000
tank_1433,518.0,1762905600000
tank_1438,0.0,1762905600000
tank_1439,44.52941176470589,1762905600000
tank_1441,0.0,1762905600000
tank_1443,0.0,1762905600000
tank_1445,0.0,1762905600000
tank_1446,0.0,1762905600000
tank_1450,0.0,1762905600000
tank_1452,0.0,1762905600000
tank_1456,0.0,1762905600000
tank_1466,0.0,1762905600000
tank_1471,0.0,1762905600000
tank_1475,562.0,1762905600000
tank_1486,1477.0,1762905600000
tank_1488,113.0,1762905600000
tank_1491,0.0,1762905600000
tank_1500,0.0,1762905600000
tank_1505,505.0,1762905600000
tank_1513,432.0,1762905600000
tank_1531,0.0,1762905600000
tank_1536,0.0,1762905600000
tank_1539,142.0,1762905600000
tank_1541,8.0,1762905600000
tank_1542,0.0,1762905600000
tank_1547,355.0,1762905600000
tank_1563,0.0,1762905600000
tank_1564,0.0,1762905600000
tank_1565,1872.6901960784312,1762905600000
tank_1567,6.0,1762905600000
tank_1568,0.0,1762905600000
tank_1573,250.71372549019608,1762905600000
tank_1583,0.0,1762905600000
tank_1587,527.0,1762905600000
tank_1588,0.0,1762905600000
tank_1592,0.0,1762905600000
tank_1594,0.0,1762905600000
tank_1595,0.0,1762905600000
tank_1597,137.0,1762905600000
tank_1598,14.650980392156862,1762905600000
tank_1600,0.0,1762905600000
tank_1604,0.0,1762905600000
tank_0002,0.0,1763942400000
tank_0004,0.0,1763942400000
tank_0005,0.0,1763942400000
tank_0011,0.0,1763942400000
tank_0014,0.0,1763942400000
tank_0019,0.0,1763942400000
tank_0024,0.0,1763942400000
tank_0025,0.0,1763942400000
tank_0026,0.0,1763942400000
tank_0027,0.0,1763942400000
tank_0030,0.0,1763942400000
tank_0031,0.0,1763942400000
tank_0036,0.0,1763942400000
tank_0037,6.874509803921569,1763942400000
tank_0038,0.0,1763942400000
tank_0050,0.0,1763942400000
tank_0051,0.0,1763942400000
tank_0052,0.0,1763942400000
tank_0053,0.0,1763942400000
tank_0055,0.0,1763942400000
tank_0057,0.0,1763942400000
tank_0058,0.0,1763942400000
tank_0064,0.0,1763942400000
tank_0069,43.0,1763942400000
tank_0072,0.0,1763942400000
tank_0073,0.0,1763942400000
tank_0080,16.0,1763942400000
tank_0094,0.0,1763942400000
tank_0107,0.0,1763942400000
tank_0110,0.0,1763942400000
tank_0113,0.0,1763942400000
tank_0115,0.0,1763942400000
tank_0116,0.0,1763942400000
tank_0117,40.0,1763942400000
tank_0118,0.0,1763942400000
tank_0122,0.0,1763942400000
tank_0125,2.3215686274509806,1763942400000
tank_0130,0.0,1763942400000
tank_0131,0.0,1763942400000
tank_0132,0.0,1763942400000
tank_0134,0.0,1763942400000
tank_0135,0.0,1763942400000
tank_0142,0.0,1763942400000
tank_0143,0.0,1763942400000
tank_0144,0.0,1763942400000
tank_0148,0.0,1763942400000
tank_0153,0.0,1763942400000
tank_0156,1.9686274509803923,1763942400000
tank_0159,0.0,1763942400000
tank_0165,0.0,1763942400000
tank_0171,0.0,1763942400000
tank_0172,0.0,1763942400000
tank_0174,0.0,1763942400000
tank_0176,0.0,1763942400000
tank_0184,0.0,1763942400000
tank_0187,0.0,1763942400000
tank_0190,0.0,1763942400000
tank_0192,0.0,1763942400000
tank_0193,0.0,1763942400000
tank_0195,0.0,1763942400000
tank_0199,0.0,1763942400000
tank_0204,0.0,1763942400000
tank_0205,0.0,1763942400000
tank_0207,0.0,1763942400000
tank_0209,0.0,1763942400000
tank_0213,0.0,1763942400000
tank_0217,0.0,1763942400000
tank_0220,0.0,1763942400000
tank_0221,19.59607843137255,1763942400000
tank_0225,0.0,1763942400000
tank_0226,0.0,1763942400000
tank_0228,0.0,1763942400000
tank_0229,0.0,1763942400000
tank_0231,0.0,1763942400000
tank_0233,0.0,1763942400000
tank_0236,0.0,1763942400000
tank_0237,0.0,1763942400000
tank_0240,0.0,1763942400000
tank_0242,0.0,1763942400000
tank_0245,0.0,1763942400000
tank_0247,0.0,1763942400000
tank_0256,0.0,1763942400000
tank_0257,0.0,1763942400000
tank_0260,0.0,1763942400000
tank_0261,0.0,1763942400000
tank_0264,0.0,1763942400000
tank_0273,268.0,1763942400000
tank_0276,0.0,1763942400000
tank_0278,0.0,1763942400000
tank_0280,0.0,1763942400000
tank_0291,0.0,1763942400000
tank_0292,0.0,1763942400000
tank_0296,0.0,1763942400000
tank_0297,0.7254901960784315,1763942400000
tank_0299,0.0,1763942400000
tank_0300,0.0,1763942400000
tank_0301,0.0,1763942400000
tank_0307,9.0,1763942400000
tank_0309,0.0,1763942400000
tank_0313,0.0,1763942400000
tank_0314,0.0,1763942400000
tank_0319,0.0,1763942400000
tank_0321,0.0,1763942400000
tank_0327,0.0,1763942400000
tank_0337,0.0,1763942400000
tank_0338,0.0,1763942400000
tank_0339,1.0,1763942400000
tank_0342,1.0,1763942400000
tank_0345,0.0,1763942400000
tank_0346,0.0,1763942400000
tank_0349,100.0,1763942400000
tank_0350,0.0,1763942400000
tank_0353,0.0,1763942400000
tank_0356,0.0,1763942400000
tank_0360,0.0,1763942400000
tank_0361,0.0,1763942400000
tank_0362,0.0,1763942400000
tank_0364,0.0,1763942400000
tank_0366,4.0,1763942400000
tank_0369,0.0,1763942400000
tank_0375,0.0,1763942400000
tank_0379,0.0,1763942400000
tank_0381,0.0,1763942400000
tank_0386,0.0,1763942400000
tank_0390,1.0,1763942400000
tank_0397,0.0,1763942400000
tank_0399,0.0,1763942400000
tank_0404,27.0,1763942400000
tank_0409,0.0,1763942400000
tank_0420,1.5490196078431373,1763942400000
tank_0425,0.0,1763942400000
tank_0431,0.0,1763942400000
tank_0432,0.0,1763942400000
tank_0435,0.0,1763942400000
tank_0436,0.0,1763942400000
tank_0438,0.0,1763942400000
tank_0443,0.0,1763942400000
tank_0444,0.0,1763942400000
tank_0447,28.75686274509804,1763942400000
tank_0448,0.0,1763942400000
tank_0449,0.9294117647058823,1763942400000
tank_0455,6.372549019607844,1763942400000
tank_0460,6.552941176470588,1763942400000
tank_0462,0.0,1763942400000
tank_0466,0.0,1763942400000
tank_0471,0.0,1763942400000
tank_0473,0.0,1763942400000
tank_0474,0.0,1763942400000
tank_0481,0.09803921568627451,1763942400000
tank_0485,0.0,1763942400000
tank_0489,0.0,1763942400000
tank_0491,0.0,1763942400000
tank_0494,0.0,1763942400000
tank_0497,0.0,1763942400000
tank_0498,0.0,1763942400000
tank_0502,0.0,1763942400000
tank_0505,0.0,1763942400000
tank_0509,0.0,1763942400000
tank_0512,275.0,1763942400000
tank_0514,0.0,1763942400000
tank_0515,0.0,1763942400000
tank_0521,32.0,1763942400000
tank_0524,0.0,1763942400000
tank_0526,16.0,1763942400000
tank_0533,0.0,1763942400000
tank_0534,0.0,1763942400000
tank_0536,0.0,1763942400000
tank_0537,0.0,1763942400000
tank_0541,0.0,1763942400000
tank_0547,0.0,1763942400000
tank_0552,0.0,1763942400000
tank_0555,0.0,1763942400000
tank_0556,0.0,1763942400000
tank_0557,0.0,1763942400000
tank_0560,0.0,1763942400000
tank_0561,0.0,1763942400000
tank_0566,0.0,1763942400000
tank_0567,0.0,1763942400000
tank_0568,0.0,1763942400000
tank_0574,0.0,1763942400000
tank_0579,9.0,1763942400000
tank_0583,0.0,1763942400000
tank_0587,0.0,1763942400000
tank_0589,0.0,1763942400000
tank_0590,0.0,1763942400000
tank_0592,0.0,1763942400000
tank_0593,0.0,1763942400000
tank_0595,0.0,1763942400000
tank_0600,0.0,1763942400000
tank_0604,0.0,1763942400000
tank_0606,0.0,1763942400000
tank_0607,0.0,1763942400000
tank_0608,0.0,1763942400000
tank_0610,0.0,1763942400000
tank_0611,0.0,1763942400000
tank_0612,0.0,1763942400000
tank_0613,0.0,1763942400000
tank_0619,0.0,1763942400000
tank_0626,0.0,1763942400000
tank_0627,0.0,1763942400000
tank_0628,0.0,1763942400000
tank_0632,0.0,1763942400000
tank_0633,0.0,1763942400000
tank_0639,0.0,1763942400000
tank_0640,0.0,1763942400000
tank_0641,0.0,1763942400000
tank_0643,0.0,1763942400000
tank_0646,0.0,1763942400000
tank_0663,0.0,1763942400000
tank_0664,0.0,1763942400000
tank_0666,0.0,1763942400000
tank_0667,0.0,1763942400000
tank_0670,20.984313725490196,1763942400000
tank_0675,0.0,1763942400000
tank_0676,67.0,1763942400000
tank_0678,0.0,1763942400000
tank_0681,0.0,1763942400000
tank_0687,0.0,1763942400000
tank_0688,0.0,1763942400000
tank_0697,0.0,1763942400000
tank_0720,0.0,1763942400000
tank_0722,0.0,1763942400000
tank_0724,0.0,1763942400000
tank_0725,0.0,1763942400000
tank_0728,0.0,1763942400000
tank_0730,0.0,1763942400000
tank_0731,4.0,1763942400000
tank_0732,0.0,1763942400000
tank_0737,258.0,1763942400000
tank_0739,0.0,1763942400000
tank_0740,0.0,1763942400000
tank_0746,0.0,1763942400000
tank_0748,0.0,1763942400000
tank_0749,0.0,1763942400000
tank_0752,0.0,1763942400000
tank_0760,0.0,1763942400000
tank_0770,0.0,1763942400000
tank_0772,0.0,1763942400000
tank_0788,0.0,1763942400000
tank_0789,0.0,1763942400000
tank_0792,12.984313725490196,1763942400000
tank_0797,0.0,1763942400000
tank_0800,0.0,1763942400000
tank_0802,0.0,1763942400000
tank_0803,0.7607843137254902,1763942400000
tank_0808,3.0,1763942400000
tank_0810,8.0,1763942400000
tank_0811,0.3215686274509804,1763942400000
tank_0812,25.0,1763942400000
tank_0813,1.7019607843137254,1763942400000
tank_0816,0.5372549019607843,1763942400000
tank_0819,0.0,1763942400000
tank_0823,0.0,1763942400000
tank_0824,5.0,1763942400000
tank_0825,0.0,1763942400000
tank_0828,4.0,1763942400000
tank_0829,13.984313725490196,1763942400000
tank_0830,0.0,1763942400000
tank_0831,0.0,1763942400000
tank_0844,0.0,1763942400000
tank_0852,0.0,1763942400000
tank_0855,29.0,1763942400000
tank_0856,764.0,1763942400000
tank_0860,0.0,1763942400000
tank_0861,0.0,1763942400000
tank_0872,3.0,1763942400000
tank_0875,222.99607843137255,1763942400000
tank_0879,0.0,1763942400000
tank_0885,0.0,1763942400000
tank_0891,0.0,1763942400000
tank_0894,1105.0,1763942400000
tank_0898,481.0,1763942400000
tank_0900,5.0,1763942400000
tank_0901,9.0,1763942400000
tank_0902,188.0,1763942400000
tank_0914,0.0,1763942400000
tank_0917,530.9725490196079,1763942400000
tank_0919,0.0,1763942400000
tank_0920,0.0,1763942400000
tank_0922,198.0,1763942400000
tank_0923,12.929411764705883,1763942400000
tank_0924,0.0,1763942400000
tank_0926,0.0,1763942400000
tank_0927,0.0,1763942400000
tank_0928,53.0,1763942400000
tank_0930,9.0,1763942400000
tank_0931,0.0,1763942400000
tank_0933,0.0,1763942400000
tank_0934,0.0,1763942400000
tank_0937,0.0,1763942400000
tank_0938,0.0,1763942400000
tank_0939,0.0,1763942400000
tank_0944,15.0,1763942400000
tank_0946,0.0,1763942400000
tank_0952,0.0,1763942400000
tank_0958,0.0,1763942400000
tank_0962,1642.0,1763942400000
tank_0967,4.0,1763942400000
tank_0975,0.0,1763942400000
tank_0978,0.0,1763942400000
tank_0990,0.0,1763942400000
tank_0991,729.0,1763942400000
tank_0998,0.0,1763942400000
tank_0999,0.0,1763942400000
tank_1003,755.0,1763942400000
tank_1004,0.0,1763942400000
tank_1014,448.0,1763942400000
tank_1026,232.70980392156864,1763942400000
tank_1031,0.0,1763942400000
tank_1032,0.0,1763942400000
tank_1034,0.0,1763942400000
tank_1042,32.0,1763942400000
tank_1045,38.0,1763942400000
tank_1049,22.0,1763942400000
tank_1055,5.152941176470588,1763942400000
tank_1061,0.0,1763942400000
tank_1062,0.0,1763942400000
tank_1064,0.0,1763942400000
tank_1065,1.7098039215686274,1763942400000
tank_1066,0.0,1763942400000
tank_1070,122.0,1763942400000
tank_1073,84.74901960784314,1763942400000
tank_1083,0.0,1763942400000
tank_1086,0.0,1763942400000
tank_1088,18.243137254901956,1763942400000
tank_1089,22.0,1763942400000
tank_1090,179.0,1763942400000
tank_1091,0.0,1763942400000
tank_1094,1601.0,1763942400000
tank_1095,2.0,1763942400000
tank_1104,1.3098039215686272,1763942400000
tank_1113,34.0,1763942400000
tank_1116,0.0,1763942400000
tank_1117,0.0,1763942400000
tank_1120,294.55686274509804,1763942400000
tank_1121,353.0,1763942400000
tank_1124,0.0,1763942400000
tank_1128,0.0,1763942400000
tank_1134,3.3215686274509806,1763942400000
tank_1135,2.0,1763942400000
tank_1146,0.0,1763942400000
tank_1149,0.0,1763942400000
tank_1156,0.0,1763942400000
tank_1157,24.482352941176476,1763942400000
tank_1159,356.0,1763942400000
tank_1160,704.0,1763942400000
tank_1166,0.0,1763942400000
tank_1170,20.12549019607843,1763942400000
tank_1175,0.0,1763942400000
tank_1177,0.0,1763942400000
tank_1179,0.0,1763942400000
tank_1181,113.94117647058823,1763942400000
tank_1186,105.0,1763942400000
tank_1187,13.749019607843138,1763942400000
tank_1190,0.0,1763942400000
tank_1192,0.0,1763942400000
tank_1196,0.0,1763942400000
tank_1197,1158.0,1763942400000
tank_1201,0.0,1763942400000
tank_1203,0.0,1763942400000
tank_1205,119.0,1763942400000
tank_1209,1020.5372549019608,1763942400000
tank_1217,0.0,1763942400000
tank_1223,0.0,1763942400000
tank_1226,185.42352941176472,1763942400000
tank_1228,13.0,1763942400000
tank_1230,0.0,1763942400000
tank_1237,24.0,1763942400000
tank_1239,554.0,1763942400000
tank_1245,0.0,1763942400000
tank_1246,0.0,1763942400000
tank_1250,0.0,1763942400000
tank_1254,1579.0,1763942400000
tank_1255,0.0,1763942400000
tank_1258,59.0,1763942400000
tank_1261,0.0,1763942400000
tank_1262,0.0,1763942400000
tank_1263,38.0,1763942400000
tank_1265,10.0,1763942400000
tank_1270,0.0,1763942400000
tank_1272,0.0,1763942400000
tank_1275,0.0,1763942400000
tank_1276,123.95294117647059,1763942400000
tank_1279,0.0,1763942400000
tank_1280,0.0,1763942400000
tank_1284,0.0,1763942400000
tank_1285,1.772549019607843,1763942400000
tank_1286,81.0,1763942400000
tank_1290,15.0,1763942400000
tank_1291,0.0,1763942400000
tank_1293,0.0,1763942400000
tank_1295,0.0,1763942400000
tank_1297,6.0,1763942400000
tank_1301,228.0,1763942400000
tank_1302,30.0,1763942400000
tank_1304,0.0,1763942400000
tank_1305,20.0,1763942400000
tank_1313,1136.0,1763942400000
tank_1322,0.0,1763942400000
tank_1325,0.0,1763942400000
tank_1326,0.0,1763942400000
tank_1344,0.0,1763942400000
tank_1346,0.0,1763942400000
tank_1349,0.0,1763942400000
tank_1353,985.0,1763942400000
tank_1358,0.0,1763942400000
tank_1359,0.0,1763942400000
tank_1361,940.0,1763942400000
tank_1364,1419.0,1763942400000
tank_1365,10.952941176470588,1763942400000
tank_1372,0.0,1763942400000
tank_1374,121.0,1763942400000
tank_1378,462.0,1763942400000
tank_1380,12.0,1763942400000
tank_1386,142.0,1763942400000
tank_1391,22.0,1763942400000
tank_1393,0.0,1763942400000
tank_1396,0.0,1763942400000
tank_1397,0.0,1763942400000
tank_1403,0.0,1763942400000
tank_1409,0.0,1763942400000
tank_1412,0.0,1763942400000
tank_1415,0.0,1763942400000
tank_1416,0.0,1763942400000
tank_1421,413.356862745098,1763942400000
tank_1422,0.0,1763942400000
tank_1425,89.0,1763942400000
tank_1426,125.25098039215688,1763942400000
tank_1430,0.0,1763942400000
tank_1433,308.0,1763942400000
tank_1438,0.0,1763942400000
tank_1439,27.329411764705885,1763942400000
tank_1441,0.0,1763942400000
tank_1443,0.0,1763942400000
tank_1445,0.0,1763942400000
tank_1446,0.0,1763942400000
tank_1450,0.0,1763942400000
tank_1452,0.0,1763942400000
tank_1456,0.0,1763942400000
tank_1466,0.0,1763942400000
tank_1471,0.0,1763942400000
tank_1475,541.0,1763942400000
tank_1486,1366.0,1763942400000
tank_1488,109.0,1763942400000
tank_1491,0.0,1763942400000
tank_1500,0.0,1763942400000
tank_1505,466.0,1763942400000
tank_1513,372.0,1763942400000
tank_1531,0.0,1763942400000
tank_1536,0.0,1763942400000
tank_1539,316.0,1763942400000
tank_1541,19.0,1763942400000
tank_1542,0.0,1763942400000
tank_1547,343.0,1763942400000
tank_1563,0.0,1763942400000
tank_1564,0.0,1763942400000
tank_1565,1734.9960784313726,1763942400000
tank_1567,2.0,1763942400000
tank_1568,0.0,1763942400000
tank_1573,262.7137254901961,1763942400000
tank_1583,0.0,1763942400000
tank_1587,475.0,1763942400000
tank_1588,0.0,1763942400000
tank_1592,0.0,1763942400000
tank_1594,0.0,1763942400000
tank_1595,0.0,1763942400000
tank_1597,105.0,1763942400000
tank_1598,23.76470588235294,1763942400000
tank_1600,0.0,1763942400000
tank_1604,0.0,1763942400000
tank_0002,0.0,1764979200000
tank_0004,0.0,1764979200000
tank_0005,0.0,1764979200000
tank_0011,0.0,1764979200000
tank_0014,0.0,1764979200000
tank_0019,0.0,1764979200000
tank_0024,0.0,1764979200000
tank_0025,0.0,1764979200000
tank_0026,0.0,1764979200000
tank_0027,2.0,1764979200000
tank_0030,2.0,1764979200000
tank_0031,0.0,1764979200000
tank_0036,4.470588235294118,1764979200000
tank_0037,5.647058823529412,1764979200000
tank_0038,0.0,1764979200000
tank_0050,0.0,1764979200000
tank_0051,0.0,1764979200000
tank_0052,0.0,1764979200000
tank_0053,0.0,1764979200000
tank_0055,0.0,1764979200000
tank_0057,0.0,1764979200000
tank_0058,0.0,1764979200000
tank_0064,0.0,1764979200000
tank_0069,44.0,1764979200000
tank_0072,0.0,1764979200000
tank_0073,0.0,1764979200000
tank_0080,18.0,1764979200000
tank_0094,0.0,1764979200000
tank_0107,0.12549019607843137,1764979200000
tank_0110,0.0,1764979200000
tank_0113,9.686274509803923,1764979200000
tank_0115,0.0,1764979200000
tank_0116,0.0,1764979200000
tank_0117,32.0,1764979200000
tank_0118,0.0,1764979200000
tank_0122,0.0,1764979200000
tank_0125,4.0,1764979200000
tank_0130,0.0,1764979200000
tank_0131,0.0,1764979200000
tank_0132,0.0,1764979200000
tank_0134,0.0,1764979200000
tank_0135,0.0,1764979200000
tank_0142,4.533333333333333,1764979200000
tank_0143,0.0,1764979200000
tank_0144,0.0,1764979200000
tank_0148,0.0,1764979200000
tank_0153,0.0,1764979200000
tank_0156,14.380392156862747,1764979200000
tank_0159,0.0,1764979200000
tank_0165,5.372549019607844,1764979200000
tank_0171,0.0,1764979200000
tank_0172,0.0,1764979200000
tank_0174,19.72941176470588,1764979200000
tank_0176,0.0,1764979200000
tank_0184,0.0,1764979200000
tank_0187,0.0,1764979200000
tank_0190,0.0,1764979200000
tank_0192,0.0,1764979200000
tank_0193,0.0,1764979200000
tank_0195,0.0,1764979200000
tank_0199,0.0,1764979200000
tank_0204,0.0,1764979200000
tank_0205,0.0,1764979200000
tank_0207,0.0,1764979200000
tank_0209,0.0,1764979200000
tank_0213,0.0,1764979200000
tank_0217,0.0,1764979200000
tank_0220,2.0,1764979200000
tank_0221,20.494117647058825,1764979200000
tank_0225,0.0,1764979200000
tank_0226,0.0,1764979200000
tank_0228,0.0,1764979200000
tank_0229,4.450980392156863,1764979200000
tank_0231,0.0,1764979200000
tank_0233,0.0,1764979200000
tank_0236,0.0,1764979200000
tank_0237,0.0,1764979200000
tank_0240,0.0,1764979200000
tank_0242,0.0,1764979200000
tank_0245,0.0,1764979200000
tank_0247,0.0,1764979200000
tank_0256,0.0,1764979200000
tank_0257,0.0,1764979200000
tank_0260,0.6274509803921569,1764979200000
tank_0261,0.0,1764979200000
tank_0264,0.0,1764979200000
tank_0273,293.0,1764979200000
tank_0276,0.0,1764979200000
tank_0278,0.0,1764979200000
tank_0280,0.0,1764979200000
tank_0291,3.0,1764979200000
tank_0292,2.1254901960784314,1764979200000
tank_0296,0.0,1764979200000
tank_0297,2.7254901960784315,1764979200000
tank_0299,2.215686274509804,1764979200000
tank_0300,0.7215686274509804,1764979200000
tank_0301,0.0,1764979200000
tank_0307,5.0,1764979200000
tank_0309,0.0,1764979200000
tank_0313,5.0,1764979200000
tank_0314,0.0,1764979200000
tank_0319,0.0,1764979200000
tank_0321,0.0,1764979200000
tank_0327,0.0,1764979200000
tank_0337,0.0,1764979200000
tank_0338,0.0,1764979200000
tank_0339,6.0,1764979200000
tank_0342,12.023529411764706,1764979200000
tank_0345,0.0,1764979200000
tank_0346,0.0,1764979200000
tank_0349,93.0,1764979200000
tank_0350,0.0,1764979200000
tank_0353,6.0,1764979200000
tank_0356,0.0,1764979200000
tank_0360,0.0,1764979200000
tank_0361,0.5647058823529412,1764979200000
tank_0362,0.0,1764979200000
tank_0364,0.0,1764979200000
tank_0366,2.5098039215686274,1764979200000
tank_0369,0.0,1764979200000
tank_0375,0.0,1764979200000
tank_0379,0.0,1764979200000
tank_0381,0.0,1764979200000
tank_0386,0.0,1764979200000
tank_0390,0.0,1764979200000
tank_0397,0.0,1764979200000
tank_0399,0.0,1764979200000
tank_0404,19.0,1764979200000
tank_0409,0.0,1764979200000
tank_0420,3.9607843137254903,1764979200000
tank_0425,1.3019607843137255,1764979200000
tank_0431,0.0,1764979200000
tank_0432,3.7137254901960786,1764979200000
tank_0435,0.0,1764979200000
tank_0436,0.0,1764979200000
tank_0438,0.0,1764979200000
tank_0443,0.0,1764979200000
tank_0444,0.0,1764979200000
tank_0447,47.81568627450981,1764979200000
tank_0448,0.0,1764979200000
tank_0449,1.2392156862745098,1764979200000
tank_0455,2.6470588235294117,1764979200000
tank_0460,0.0,1764979200000
tank_0462,0.0,1764979200000
tank_0466,0.0,1764979200000
tank_0471,0.0,1764979200000
tank_0473,0.0,1764979200000
tank_0474,0.0,1764979200000
tank_0481,9.913725490196079,1764979200000
tank_0485,0.0,1764979200000
tank_0489,0.0,1764979200000
tank_0491,0.0,1764979200000
tank_0494,0.0,1764979200000
tank_0497,0.0,1764979200000
tank_0498,4.0549019607843135,1764979200000
tank_0502,0.0,1764979200000
tank_0505,0.0,1764979200000
tank_0509,0.0,1764979200000
tank_0512,257.0,1764979200000
tank_0514,0.0,1764979200000
tank_0515,0.0,1764979200000
tank_0521,32.0,1764979200000
tank_0524,0.0,1764979200000
tank_0526,17.0,1764979200000
tank_0533,0.0,1764979200000
tank_0534,0.0,1764979200000
tank_0536,0.0,1764979200000
tank_0537,0.0,1764979200000
tank_0541,0.0,1764979200000
tank_0547,0.0,1764979200000
tank_0552,0.0,1764979200000
tank_0555,0.0,1764979200000
tank_0556,0.0,1764979200000
tank_0557,0.0,1764979200000
tank_0560,2.0,1764979200000
tank_0561,0.0,1764979200000
tank_0566,0.0,1764979200000
tank_0567,0.3803921568627451,1764979200000
tank_0568,1.0,1764979200000
tank_0574,0.0,1764979200000
tank_0579,6.0,1764979200000
tank_0583,0.0,1764979200000
tank_0587,0.0,1764979200000
tank_0589,0.0,1764979200000
tank_0590,0.0,1764979200000
tank_0592,0.0,1764979200000
tank_0593,0.0,1764979200000
tank_0595,0.0,1764979200000
tank_0600,0.0,1764979200000
tank_0604,0.0,1764979200000
tank_0606,0.0,1764979200000
tank_0607,0.0,1764979200000
tank_0608,0.0,1764979200000
tank_0610,0.8745098039215686,1764979200000
tank_0611,0.0,1764979200000
tank_0612,3.0,1764979200000
tank_0613,0.0,1764979200000
tank_0619,0.0,1764979200000
tank_0626,0.0,1764979200000
tank_0627,0.0,1764979200000
tank_0628,0.0,1764979200000
tank_0632,0.0,1764979200000
tank_0633,16.098039215686274,1764979200000
tank_0639,0.0,1764979200000
tank_0640,0.0,1764979200000
tank_0641,2.0,1764979200000
tank_0643,0.0,1764979200000
tank_0646,0.0,1764979200000
tank_0663,0.0,1764979200000
tank_0664,0.0,1764979200000
tank_0666,0.0,1764979200000
tank_0667,0.0,1764979200000
tank_0670,20.0,1764979200000
tank_0675,0.0,1764979200000
tank_0676,35.0,1764979200000
tank_0678,0.0,1764979200000
tank_0681,0.0,1764979200000
tank_0687,0.0,1764979200000
tank_0688,0.0,1764979200000
tank_0697,0.0,1764979200000
tank_0720,0.0,1764979200000
tank_0722,3.0,1764979200000
tank_0724,0.0,1764979200000
tank_0725,0.0,1764979200000
tank_0728,0.0,1764979200000
tank_0730,0.0,1764979200000
tank_0731,2.0,1764979200000
tank_0732,0.0,1764979200000
tank_0737,281.0,1764979200000
tank_0739,0.0,1764979200000
tank_0740,8.686274509803923,1764979200000
tank_0746,0.0,1764979200000
tank_0748,0.0,1764979200000
tank_0749,0.0,1764979200000
tank_0752,6.0,1764979200000
tank_0760,0.0,1764979200000
tank_0770,0.0,1764979200000
tank_0772,0.0,1764979200000
tank_0788,0.0,1764979200000
tank_0789,0.0,1764979200000
tank_0792,18.80392156862745,1764979200000
tank_0797,0.0,1764979200000
tank_0800,0.0,1764979200000
tank_0802,0.0,1764979200000
tank_0803,0.0,1764979200000
tank_0808,9.792156862745099,1764979200000
tank_0810,15.0,1764979200000
tank_0811,2.0,1764979200000
tank_0812,41.0,1764979200000
tank_0813,14.0,1764979200000
tank_0816,0.4980392156862745,1764979200000
tank_0819,0.0,1764979200000
tank_0823,0.0,1764979200000
tank_0824,4.0,1764979200000
tank_0825,0.0,1764979200000
tank_0828,0.0,1764979200000
tank_0829,13.984313725490196,1764979200000
tank_0830,0.0,1764979200000
tank_0831,0.0,1764979200000
tank_0844,0.0,1764979200000
tank_0852,2.0,1764979200000
tank_0855,9.0,1764979200000
tank_0856,861.0,1764979200000
tank_0860,0.0,1764979200000
tank_0861,0.0,1764979200000
tank_0872,2.0,1764979200000
tank_0875,196.0,1764979200000
tank_0879,0.0,1764979200000
tank_0885,0.0,1764979200000
tank_0891,0.0,1764979200000
tank_0894,637.0,1764979200000
tank_0898,500.0,1764979200000
tank_0900,8.862745098039216,1764979200000
tank_0901,14.0,1764979200000
tank_0902,210.0,1764979200000
tank_0914,0.0,1764979200000
tank_0917,550.0,1764979200000
tank_0919,0.0,1764979200000
tank_0920,0.0,1764979200000
tank_0922,192.7450980392157,1764979200000
tank_0923,5.0,1764979200000
tank_0924,0.0,1764979200000
tank_0926,2.0,1764979200000
tank_0927,0.0,1764979200000
tank_0928,47.0,1764979200000
tank_0930,5.0,1764979200000
tank_0931,0.0,1764979200000
tank_0933,0.0,1764979200000
tank_0934,0.0,1764979200000
tank_0937,0.0,1764979200000
tank_0938,0.0,1764979200000
tank_0939,5.658823529411764,1764979200000
tank_0944,14.0,1764979200000
tank_0946,0.0,1764979200000
tank_0952,0.0,1764979200000
tank_0958,0.0,1764979200000
tank_0962,1307.0,1764979200000
tank_0967,5.0,1764979200000
tank_0975,0.0,1764979200000
tank_0978,0.0,1764979200000
tank_0990,0.0,1764979200000
tank_0991,670.0,1764979200000
tank_0998,0.0,1764979200000
tank_0999,0.0,1764979200000
tank_1003,732.0,1764979200000
tank_1004,0.0,1764979200000
tank_1014,303.0,1764979200000
tank_1026,240.0,1764979200000
tank_1031,0.0,1764979200000
tank_1032,17.91372549019608,1764979200000
tank_1034,8.352941176470587,1764979200000
tank_1042,32.0,1764979200000
tank_1045,26.0,1764979200000
tank_1049,17.0,1764979200000
tank_1055,24.678431372549024,1764979200000
tank_1061,0.0,1764979200000
tank_1062,0.0,1764979200000
tank_1064,2.0,1764979200000
tank_1065,3.0,1764979200000
tank_1066,0.0,1764979200000
tank_1070,94.0,1764979200000
tank_1073,57.0,1764979200000
tank_1083,0.0,1764979200000
tank_1086,0.0,1764979200000
tank_1088,31.329411764705885,1764979200000
tank_1089,20.0,1764979200000
tank_1090,208.86274509803923,1764979200000
tank_1091,0.0,1764979200000
tank_1094,1327.0,1764979200000
tank_1095,4.0,1764979200000
tank_1104,0.6705882352941176,1764979200000
tank_1113,37.0,1764979200000
tank_1116,0.0,1764979200000
tank_1117,0.0,1764979200000
tank_1120,298.78431372549016,1764979200000
tank_1121,492.0,1764979200000
tank_1124,0.0,1764979200000
tank_1128,0.0,1764979200000
tank_1134,2.007843137254902,1764979200000
tank_1135,0.0,1764979200000
tank_1146,2.0,1764979200000
tank_1149,0.0,1764979200000
tank_1156,0.0,1764979200000
tank_1157,26.294117647058826,1764979200000
tank_1159,400.9529411764706,1764979200000
tank_1160,714.0,1764979200000
tank_1166,0.0,1764979200000
tank_1170,17.49411764705882,1764979200000
tank_1175,0.0,1764979200000
tank_1177,0.0,1764979200000
tank_1179,1.5372549019607844,1764979200000
tank_1181,109.94117647058823,1764979200000
tank_1186,97.0,1764979200000
tank_1187,17.588235294117645,1764979200000
tank_1190,0.0,1764979200000
tank_1192,0.0,1764979200000
tank_1196,0.0,1764979200000
tank_1197,1133.0,1764979200000
tank_1201,2.0,1764979200000
tank_1203,5.0,1764979200000
tank_1205,67.0,1764979200000
tank_1209,1137.0,1764979200000
tank_1217,0.0,1764979200000
tank_1223,0.0,1764979200000
tank_1226,215.89803921568628,1764979200000
tank_1228,2.0,1764979200000
tank_1230,0.0,1764979200000
tank_1237,19.0,1764979200000
tank_1239,595.0,1764979200000
tank_1245,0.0,1764979200000
tank_1246,0.0,1764979200000
tank_1250,0.0,1764979200000
tank_1254,1586.0,1764979200000
tank_1255,0.0,1764979200000
tank_1258,65.0,1764979200000
tank_1261,0.0,1764979200000
tank_1262,0.0,1764979200000
tank_1263,53.0,1764979200000
tank_1265,9.0,1764979200000
tank_1270,0.0,1764979200000
tank_1272,0.0,1764979200000
tank_1275,0.0,1764979200000
tank_1276,123.95294117647059,1764979200000
tank_1279,0.0,1764979200000
tank_1280,0.0,1764979200000
tank_1284,0.0,1764979200000
tank_1285,4.466666666666667,1764979200000
tank_1286,69.0,1764979200000
tank_1290,11.0,1764979200000
tank_1291,0.0,1764979200000
tank_1293,0.0,1764979200000
tank_1295,0.0,1764979200000
tank_1297,0.0,1764979200000
tank_1301,231.0,1764979200000
tank_1302,19.0,1764979200000
tank_1304,0.0,1764979200000
tank_1305,16.0,1764979200000
tank_1313,1173.0,1764979200000
tank_1322,0.0,1764979200000
tank_1325,0.0,1764979200000
tank_1326,0.0,1764979200000
tank_1344,0.0,1764979200000
tank_1346,0.0,1764979200000
tank_1349,0.0,1764979200000
tank_1353,967.0,1764979200000
tank_1358,0.0,1764979200000
tank_1359,0.0,1764979200000
tank_1361,761.0,1764979200000
tank_1364,1162.0,1764979200000
tank_1365,18.450980392156865,1764979200000
tank_1372,0.0,1764979200000
tank_1374,143.0,1764979200000
tank_1378,512.0,1764979200000
tank_1380,12.0,1764979200000
tank_1386,265.0,1764979200000
tank_1391,20.55294117647059,1764979200000
tank_1393,0.0,1764979200000
tank_1396,0.0,1764979200000
tank_1397,0.0,1764979200000
tank_1403,0.0,1764979200000
tank_1409,0.0,1764979200000
tank_1412,0.0,1764979200000
tank_1415,0.0,1764979200000
tank_1416,0.0,1764979200000
tank_1421,437.0,1764979200000
tank_1422,0.0,1764979200000
tank_1425,201.0,1764979200000
tank_1426,141.16470588235296,1764979200000
tank_1430,0.0,1764979200000
tank_1433,492.0,1764979200000
tank_1438,0.0,1764979200000
tank_1439,39.14901960784314,1764979200000
tank_1441,0.0,1764979200000
tank_1443,0.0,1764979200000
tank_1445,0.0,1764979200000
tank_1446,0.0,1764979200000
tank_1450,0.0,1764979200000
tank_1452,0.0,1764979200000
tank_1456,0.0,1764979200000
tank_1466,0.0,1764979200000
tank_1471,0.0,1764979200000
tank_1475,280.0,1764979200000
tank_1486,789.0,1764979200000
tank_1488,120.0,1764979200000
tank_1491,4.0,1764979200000
tank_1500,0.0,1764979200000
tank_1505,475.0,1764979200000
tank_1513,186.0,1764979200000
tank_1531,0.0,1764979200000
tank_1536,0.0,1764979200000
tank_1539,586.0,1764979200000
tank_1541,76.45882352941176,1764979200000
tank_1542,0.0,1764979200000
tank_1547,185.0,1764979200000
tank_1563,0.0,1764979200000
tank_1564,0.0,1764979200000
tank_1565,679.0,1764979200000
tank_1567,2.0,1764979200000
tank_1568,0.0,1764979200000
tank_1573,279.51372549019607,1764979200000
tank_1583,0.0,1764979200000
tank_1587,385.0,1764979200000
tank_1588,0.0,1764979200000
tank_1592,0.0,1764979200000
tank_1594,0.0,1764979200000
tank_1595,0.0,1764979200000
tank_1597,99.0,1764979200000
tank_1598,16.847058823529412,1764979200000
tank_1600,0.0,1764979200000
tank_1604,0.0,1764979200000
tank_0002,0.0,1766016000000
tank_0004,0.0,1766016000000
tank_0005,0.0,1766016000000
tank_0011,0.0,1766016000000
tank_0014,0.0,1766016000000
tank_0019,0.0,1766016000000
tank_0024,0.4980392156862745,1766016000000
tank_0025,0.0,1766016000000
tank_0026,0.0,1766016000000
tank_0027,0.0,1766016000000
tank_0030,4.0,1766016000000
tank_0031,7.623529411764705,1766016000000
tank_0036,2.0,1766016000000
tank_0037,15.529411764705884,1766016000000
tank_0038,0.0,1766016000000
tank_0050,2.847058823529412,1766016000000
tank_0051,0.0,1766016000000
tank_0052,0.0,1766016000000
tank_0053,0.0,1766016000000
tank_0055,0.0,1766016000000
tank_0057,0.0,1766016000000
tank_0058,0.0,1766016000000
tank_0064,4.0,1766016000000
tank_0069,53.0,1766016000000
tank_0072,0.0,1766016000000
tank_0073,0.0,1766016000000
tank_0080,21.87450980392157,1766016000000
tank_0094,1.0,1766016000000
tank_0107,1.0,1766016000000
tank_0110,0.0,1766016000000
tank_0113,19.14509803921569,1766016000000
tank_0115,0.0,1766016000000
tank_0116,6.980392156862744,1766016000000
tank_0117,23.0,1766016000000
tank_0118,0.0,1766016000000
tank_0122,0.0,1766016000000
tank_0125,19.082352941176467,1766016000000
tank_0130,0.0,1766016000000
tank_0131,0.03529411764705882,1766016000000
tank_0132,0.0,1766016000000
tank_0134,0.0,1766016000000
tank_0135,2.0,1766016000000
tank_0142,10.64313725490196,1766016000000
tank_0143,0.0,1766016000000
tank_0144,0.0,1766016000000
tank_0148,0.0,1766016000000
tank_0153,0.0,1766016000000
tank_0156,32.47450980392156,1766016000000
tank_0159,0.0,1766016000000
tank_0165,6.047058823529412,1766016000000
tank_0171,0.0,1766016000000
tank_0172,1.211764705882353,1766016000000
tank_0174,15.964705882352943,1766016000000
tank_0176,3.96078431372549,1766016000000
tank_0184,0.0,1766016000000
tank_0187,0.0,1766016000000
tank_0190,11.615686274509804,1766016000000
tank_0192,2.0,1766016000000
tank_0193,0.0,1766016000000
tank_0195,0.0,1766016000000
tank_0199,0.0,1766016000000
tank_0204,0.0,1766016000000
tank_0205,0.0,1766016000000
tank_0207,0.0,1766016000000
tank_0209,0.0,1766016000000
tank_0213,0.0,1766016000000
tank_0217,0.0,1766016000000
tank_0220,3.0,1766016000000
tank_0221,16.388235294117646,1766016000000
tank_0225,0.0,1766016000000
tank_0226,0.0,1766016000000
tank_0228,0.0,1766016000000
tank_0229,5.0,1766016000000
tank_0231,0.0,1766016000000
tank_0233,0.0,1766016000000
tank_0236,0.0,1766016000000
tank_0237,0.0,1766016000000
tank_0240,1.0,1766016000000
tank_0242,0.0,1766016000000
tank_0245,3.1254901960784314,1766016000000
tank_0247,0.0,1766016000000
tank_0256,0.0,1766016000000
tank_0257,0.0,1766016000000
tank_0260,1.8470588235294119,1766016000000
tank_0261,0.0,1766016000000
tank_0264,0.0,1766016000000
tank_0273,305.0,1766016000000
tank_0276,0.18823529411764706,1766016000000
tank_0278,0.0,1766016000000
tank_0280,0.0,1766016000000
tank_0291,1.0,1766016000000
tank_0292,4.0,1766016000000
tank_0296,0.0,1766016000000
tank_0297,0.0,1766016000000
tank_0299,2.2980392156862743,1766016000000
tank_0300,5.121568627450981,1766016000000
tank_0301,0.0,1766016000000
tank_0307,6.0,1766016000000
tank_0309,0.0,1766016000000
tank_0313,0.0,1766016000000
tank_0314,0.0,1766016000000
tank_0319,0.0,1766016000000
tank_0321,0.0,1766016000000
tank_0327,0.0,1766016000000
tank_0337,0.0,1766016000000
tank_0338,1.0,1766016000000
tank_0339,47.81176470588235,1766016000000
tank_0342,26.72156862745098,1766016000000
tank_0345,0.6313725490196078,1766016000000
tank_0346,0.1764705882352941,1766016000000
tank_0349,100.0,1766016000000
tank_0350,5.145098039215686,1766016000000
tank_0353,30.0,1766016000000
tank_0356,0.0,1766016000000
tank_0360,0.0,1766016000000
tank_0361,0.0,1766016000000
tank_0362,2.631372549019608,1766016000000
tank_0364,0.011764705882352941,1766016000000
tank_0366,27.35686274509804,1766016000000
tank_0369,0.0,1766016000000
tank_0375,0.0,1766016000000
tank_0379,0.0,1766016000000
tank_0381,0.0,1766016000000
tank_0386,0.0,1766016000000
tank_0390,0.0,1766016000000
tank_0397,0.0,1766016000000
tank_0399,0.0,1766016000000
tank_0404,14.0,1766016000000
tank_0409,0.0,1766016000000
tank_0420,2.1921568627450982,1766016000000
tank_0425,0.6274509803921569,1766016000000
tank_0431,0.0,1766016000000
tank_0432,3.231372549019608,1766016000000
tank_0435,2.0,1766016000000
tank_0436,0.0,1766016000000
tank_0438,1.0705882352941176,1766016000000
tank_0443,0.0,1766016000000
tank_0444,0.0,1766016000000
tank_0447,107.41176470588235,1766016000000
tank_0448,0.0,1766016000000
tank_0449,5.529411764705882,1766016000000
tank_0455,13.854901960784314,1766016000000
tank_0460,5.749019607843137,1766016000000
tank_0462,0.0,1766016000000
tank_0466,0.0,1766016000000
tank_0471,7.0,1766016000000
tank_0473,2.0,1766016000000
tank_0474,0.0,1766016000000
tank_0481,10.941176470588236,1766016000000
tank_0485,0.0,1766016000000
tank_0489,0.0,1766016000000
tank_0491,0.0,1766016000000
tank_0494,2.898039215686275,1766016000000
tank_0497,0.4235294117647059,1766016000000
tank_0498,4.266666666666667,1766016000000
tank_0502,0.0,1766016000000
tank_0505,3.611764705882353,1766016000000
tank_0509,2.2980392156862743,1766016000000
tank_0512,259.0,1766016000000
tank_0514,0.0,1766016000000
tank_0515,3.7058823529411766,1766016000000
tank_0521,24.0,1766016000000
tank_0524,0.0,1766016000000
tank_0526,19.0,1766016000000
tank_0533,8.0,1766016000000
tank_0534,0.0,1766016000000
tank_0536,0.0,1766016000000
tank_0537,0.0,1766016000000
tank_0541,0.5372549019607843,1766016000000
tank_0547,4.0,1766016000000
tank_0552,0.0392156862745098,1766016000000
tank_0555,0.0,1766016000000
tank_0556,0.0,1766016000000
tank_0557,0.0,1766016000000
tank_0560,0.0,1766016000000
tank_0561,1.0,1766016000000
tank_0566,0.0,1766016000000
tank_0567,0.0,1766016000000
tank_0568,3.7137254901960786,1766016000000
tank_0574,0.0,1766016000000
tank_0579,9.0,1766016000000
tank_0583,0.0,1766016000000
tank_0587,0.0,1766016000000
tank_0589,0.0,1766016000000
tank_0590,0.0,1766016000000
tank_0592,0.0,1766016000000
tank_0593,0.0,1766016000000
tank_0595,0.47058823529411764,1766016000000
tank_0600,0.0,1766016000000
tank_0604,12.654901960784313,1766016000000
tank_0606,7.874509803921569,1766016000000
tank_0607,0.0,1766016000000
tank_0608,0.0,1766016000000
tank_0610,1.0,1766016000000
tank_0611,0.0,1766016000000
tank_0612,6.321568627450981,1766016000000
tank_0613,0.0,1766016000000
tank_0619,0.0,1766016000000
tank_0626,0.0,1766016000000
tank_0627,0.0,1766016000000
tank_0628,0.0,1766016000000
tank_0632,0.0,1766016000000
tank_0633,0.0,1766016000000
tank_0639,0.0,1766016000000
tank_0640,0.0,1766016000000
tank_0641,0.0,1766016000000
tank_0643,1.0,1766016000000
tank_0646,0.0,1766016000000
tank_0663,0.0,1766016000000
tank_0664,0.0,1766016000000
tank_0666,0.0,1766016000000
tank_0667,0.0,1766016000000
tank_0670,23.984313725490196,1766016000000
tank_0675,0.0,1766016000000
tank_0676,7.0,1766016000000
tank_0678,1.0588235294117647,1766016000000
tank_0681,0.0,1766016000000
tank_0687,0.0,1766016000000
tank_0688,0.0,1766016000000
tank_0697,0.0,1766016000000
tank_0720,0.0,1766016000000
tank_0722,0.0,1766016000000
tank_0724,0.996078431372549,1766016000000
tank_0725,0.0,1766016000000
tank_0728,0.0,1766016000000
tank_0730,0.0,1766016000000
tank_0731,0.0,1766016000000
tank_0732,2.0,1766016000000
tank_0737,271.0,1766016000000
tank_0739,0.32941176470588235,1766016000000
tank_0740,16.498039215686276,1766016000000
tank_0746,0.0,1766016000000
tank_0748,0.0,1766016000000
tank_0749,0.0,1766016000000
tank_0752,7.603921568627451,1766016000000
tank_0760,0.0,1766016000000
tank_0770,7.596078431372549,1766016000000
tank_0772,0.0,1766016000000
tank_0788,0.0,1766016000000
tank_0789,0.0,1766016000000
tank_0792,88.26274509803923,1766016000000
tank_0797,0.0,1766016000000
tank_0800,18.945098039215686,1766016000000
tank_0802,0.0,1766016000000
tank_0803,0.40784313725490196,1766016000000
tank_0808,16.423529411764704,1766016000000
tank_0810,11.0,1766016000000
tank_0811,1.0,1766016000000
tank_0812,46.0,1766016000000
tank_0813,16.937254901960785,1766016000000
tank_0816,0.8392156862745098,1766016000000
tank_0819,0.0,1766016000000
tank_0823,0.0,1766016000000
tank_0824,6.0,1766016000000
tank_0825,0.0,1766016000000
tank_0828,6.0,1766016000000
tank_0829,14.984313725490196,1766016000000
tank_0830,0.0,1766016000000
tank_0831,0.0,1766016000000
tank_0844,0.0,1766016000000
tank_0852,19.423529411764708,1766016000000
tank_0855,0.0,1766016000000
tank_0856,848.0,1766016000000
tank_0860,0.0,1766016000000
tank_0861,0.0,1766016000000
tank_0872,1.0,1766016000000
tank_0875,274.93333333333334,1766016000000
tank_0879,0.0,1766016000000
tank_0885,0.0,1766016000000
tank_0891,0.0,1766016000000
tank_0894,1386.0,1766016000000
tank_0898,495.0,1766016000000
tank_0900,1.0,1766016000000
tank_0901,3.0,1766016000000
tank_0902,179.0,1766016000000
tank_0914,0.0,1766016000000
tank_0917,563.0,1766016000000
tank_0919,0.0,1766016000000
tank_0920,0.0,1766016000000
tank_0922,213.0,1766016000000
tank_0923,21.741176470588236,1766016000000
tank_0924,6.803921568627451,1766016000000
tank_0926,2.0,1766016000000
tank_0927,0.12549019607843137,1766016000000
tank_0928,37.0,1766016000000
tank_0930,0.0,1766016000000
tank_0931,0.0,1766016000000
tank_0933,0.0,1766016000000
tank_0934,0.47058823529411764,1766016000000
tank_0937,0.0,1766016000000
tank_0938,0.0,1766016000000
tank_0939,1.4980392156862745,1766016000000
tank_0944,6.0,1766016000000
tank_0946,6.0,1766016000000
tank_0952,15.0,1766016000000
tank_0958,0.0,1766016000000
tank_0962,1746.0,1766016000000
tank_0967,0.0,1766016000000
tank_0975,0.0,1766016000000
tank_0978,53.94117647058823,1766016000000
tank_0990,0.0,1766016000000
tank_0991,695.0,1766016000000
tank_0998,0.0,1766016000000
tank_0999,0.0,1766016000000
tank_1003,757.0,1766016000000
tank_1004,2.611764705882353,1766016000000
tank_1014,259.0,1766016000000
tank_1026,247.28627450980392,1766016000000
tank_1031,2.0,1766016000000
tank_1032,28.972549019607843,1766016000000
tank_1034,7.854901960784314,1766016000000
tank_1042,40.956862745098036,1766016000000
tank_1045,37.0,1766016000000
tank_1049,14.0,1766016000000
tank_1055,39.31764705882353,1766016000000
tank_1061,0.0,1766016000000
tank_1062,0.0,1766016000000
tank_1064,9.905882352941177,1766016000000
tank_1065,8.988235294117647,1766016000000
tank_1066,1.1254901960784314,1766016000000
tank_1070,127.0,1766016000000
tank_1073,64.0,1766016000000
tank_1083,0.0,1766016000000
tank_1086,2.0,1766016000000
tank_1088,33.45490196078432,1766016000000
tank_1089,19.0,1766016000000
tank_1090,186.58823529411765,1766016000000
tank_1091,0.0,1766016000000
tank_1094,1720.0,1766016000000
tank_1095,0.0,1766016000000
tank_1104,9.541176470588237,1766016000000
tank_1113,33.0,1766016000000
tank_1116,2.0,1766016000000
tank_1117,0.0,1766016000000
tank_1120,272.0313725490196,1766016000000
tank_1121,501.0,1766016000000
tank_1124,0.0,1766016000000
tank_1128,0.0,1766016000000
tank_1134,7.996078431372548,1766016000000
tank_1135,0.0,1766016000000
tank_1146,3.0,1766016000000
tank_1149,3.6901960784313728,1766016000000
tank_1156,0.0,1766016000000
tank_1157,17.01960784313726,1766016000000
tank_1159,417.0,1766016000000
tank_1160,612.0,1766016000000
tank_1166,0.08627450980392157,1766016000000
tank_1170,34.705882352941174,1766016000000
tank_1175,0.0,1766016000000
tank_1177,6.0,1766016000000
tank_1179,3.784313725490196,1766016000000
tank_1181,133.94117647058823,1766016000000
tank_1186,96.0,1766016000000
tank_1187,17.0,1766016000000
tank_1190,0.0,1766016000000
tank_1192,0.0,1766016000000
tank_1196,0.0,1766016000000
tank_1197,1298.0,1766016000000
tank_1201,0.0,1766016000000
tank_1203,0.0,1766016000000
tank_1205,75.0,1766016000000
tank_1209,1177.0,1766016000000
tank_1217,0.0,1766016000000
tank_1223,0.0,1766016000000
tank_1226,181.67450980392155,1766016000000
tank_1228,2.0,1766016000000
tank_1230,0.0,1766016000000
tank_1237,21.0,1766016000000
tank_1239,504.0,1766016000000
tank_1245,0.0,1766016000000
tank_1246,0.0,1766016000000
tank_1250,0.0,1766016000000
tank_1254,1544.0,1766016000000
tank_1255,0.0,1766016000000
tank_1258,66.0,1766016000000
tank_1261,0.0,1766016000000
tank_1262,0.0,1766016000000
tank_1263,42.0,1766016000000
tank_1265,8.0,1766016000000
tank_1270,0.0,1766016000000
tank_1272,4.0,1766016000000
tank_1275,0.0,1766016000000
tank_1276,117.95294117647059,1766016000000
tank_1279,0.0,1766016000000
tank_1280,0.0,1766016000000
tank_1284,0.0,1766016000000
tank_1285,0.0,1766016000000
tank_1286,97.0,1766016000000
tank_1290,20.0,1766016000000
tank_1291,0.0,1766016000000
tank_1293,0.0,1766016000000
tank_1295,0.0,1766016000000
tank_1297,0.0,1766016000000
tank_1301,214.0,1766016000000
tank_1302,25.0,1766016000000
tank_1304,0.0,1766016000000
tank_1305,11.0,1766016000000
tank_1313,1204.0,1766016000000
tank_1322,0.0,1766016000000
tank_1325,0.0,1766016000000
tank_1326,0.0,1766016000000
tank_1344,0.0,1766016000000
tank_1346,0.0,1766016000000
tank_1349,0.0,1766016000000
tank_1353,1291.0,1766016000000
tank_1358,0.0,1766016000000
tank_1359,0.0,1766016000000
tank_1361,1020.0,1766016000000
tank_1364,1579.0,1766016000000
tank_1365,10.0,1766016000000
tank_1372,0.0,1766016000000
tank_1374,153.0,1766016000000
tank_1378,511.0,1766016000000
tank_1380,9.0,1766016000000
tank_1386,592.0,1766016000000
tank_1391,21.0,1766016000000
tank_1393,0.0,1766016000000
tank_1396,0.0,1766016000000
tank_1397,0.0,1766016000000
tank_1403,0.0,1766016000000
tank_1409,0.0,1766016000000
tank_1412,0.0,1766016000000
tank_1415,0.0,1766016000000
tank_1416,0.0,1766016000000
tank_1421,429.0,1766016000000
tank_1422,0.0,1766016000000
tank_1425,224.0,1766016000000
tank_1426,159.25098039215686,1766016000000
tank_1430,0.0,1766016000000
tank_1433,501.0,1766016000000
tank_1438,0.0,1766016000000
tank_1439,35.207843137254905,1766016000000
tank_1441,0.0,1766016000000
tank_1443,0.8745098039215686,1766016000000
tank_1445,0.0,1766016000000
tank_1446,0.0,1766016000000
tank_1450,0.0,1766016000000
tank_1452,0.0,1766016000000
tank_1456,0.0,1766016000000
tank_1466,1.5450980392156861,1766016000000
tank_1471,0.0,1766016000000
tank_1475,571.0,1766016000000
tank_1486,1475.0,1766016000000
tank_1488,116.0,1766016000000
tank_1491,2.0,1766016000000
tank_1500,0.0,1766016000000
tank_1505,418.0,1766016000000
tank_1513,328.0,1766016000000
tank_1531,0.0,1766016000000
tank_1536,0.0,1766016000000
tank_1539,638.0,1766016000000
tank_1541,110.69019607843137,1766016000000
tank_1542,0.0,1766016000000
tank_1547,379.0,1766016000000
tank_1563,16.709803921568625,1766016000000
tank_1564,0.0,1766016000000
tank_1565,1767.9058823529413,1766016000000
tank_1567,0.0,1766016000000
tank_1568,0.0,1766016000000
tank_1573,274.0235294117647,1766016000000
tank_1583,0.0,1766016000000
tank_1587,578.0,1766016000000
tank_1588,0.0,1766016000000
tank_1592,0.0,1766016000000
tank_1594,0.0,1766016000000
tank_1595,0.0,1766016000000
tank_1597,129.0,1766016000000
tank_1598,23.070588235294117,1766016000000
tank_1600,0.0,1766016000000
tank_1604,0.0,1766016000000
tank_0002,0.0,1767052800000
tank_0004,0.0,1767052800000
tank_0005,0.0,1767052800000
tank_0011,0.0,1767052800000
tank_0014,0.0,1767052800000
tank_0019,0.0,1767052800000
tank_0024,3.3568627450980393,1767052800000
tank_0025,0.0,1767052800000
tank_0026,0.0,1767052800000
tank_0027,0.0,1767052800000
tank_0030,8.0,1767052800000
tank_0031,5.0,1767052800000
tank_0036,1.5294117647058822,1767052800000
tank_0037,6.184313725490196,1767052800000
tank_0038,0.0,1767052800000
tank_0050,6.976470588235294,1767052800000
tank_0051,0.0,1767052800000
tank_0052,0.0,1767052800000
tank_0053,4.792156862745098,1767052800000
tank_0055,1.3058823529411765,1767052800000
tank_0057,0.0,1767052800000
tank_0058,0.0,1767052800000
tank_0064,2.0,1767052800000
tank_0069,46.82745098039216,1767052800000
tank_0072,0.0,1767052800000
tank_0073,0.0,1767052800000
tank_0080,18.95294117647059,1767052800000
tank_0094,1.3725490196078431,1767052800000
tank_0107,0.0,1767052800000
tank_0110,9.28235294117647,1767052800000
tank_0113,16.572549019607845,1767052800000
tank_0115,2.1529411764705886,1767052800000
tank_0116,2.0,1767052800000
tank_0117,11.984313725490196,1767052800000
tank_0118,0.0,1767052800000
tank_0122,0.0,1767052800000
tank_0125,8.250980392156862,1767052800000
tank_0130,0.0,1767052800000
tank_0131,1.784313725490196,1767052800000
tank_0132,0.0,1767052800000
tank_0134,1.0,1767052800000
tank_0135,0.0,1767052800000
tank_0142,14.054901960784314,1767052800000
tank_0143,0.0,1767052800000
tank_0144,0.0,1767052800000
tank_0148,0.0,1767052800000
tank_0153,1.0,1767052800000
tank_0156,33.58823529411765,1767052800000
tank_0159,0.0,1767052800000
tank_0165,12.529411764705882,1767052800000
tank_0171,0.0,1767052800000
tank_0172,0.0,1767052800000
tank_0174,15.909803921568628,1767052800000
tank_0176,9.0,1767052800000
tank_0184,0.6745098039215687,1767052800000
tank_0187,0.0,1767052800000
tank_0190,0.9137254901960784,1767052800000
tank_0192,0.0,1767052800000
tank_0193,0.0,1767052800000
tank_0195,0.0,1767052800000
tank_0199,0.0,1767052800000
tank_0204,0.0,1767052800000
tank_0205,0.0,1767052800000
tank_0207,0.054901960784313725,1767052800000
tank_0209,0.0,1767052800000
tank_0213,0.0,1767052800000
tank_0217,0.0,1767052800000
tank_0220,0.0,1767052800000
tank_0221,20.22352941176471,1767052800000
tank_0225,0.0,1767052800000
tank_0226,0.0,1767052800000
tank_0228,0.0,1767052800000
tank_0229,1.9529411764705884,1767052800000
tank_0231,2.0,1767052800000
tank_0233,0.0,1767052800000
tank_0236,0.0,1767052800000
tank_0237,0.0,1767052800000
tank_0240,0.0,1767052800000
tank_0242,0.0,1767052800000
tank_0245,1.2980392156862746,1767052800000
tank_0247,0.0,1767052800000
tank_0256,0.06666666666666667,1767052800000
tank_0257,0.0,1767052800000
tank_0260,2.4980392156862745,1767052800000
tank_0261,0.0,1767052800000
tank_0264,0.0,1767052800000
tank_0273,271.0,1767052800000
tank_0276,12.0,1767052800000
tank_0278,0.0,1767052800000
tank_0280,0.0,1767052800000
tank_0291,1.0,1767052800000
tank_0292,2.2666666666666666,1767052800000
tank_0296,0.0,1767052800000
tank_0297,2.372549019607843,1767052800000
tank_0299,0.0,1767052800000
tank_0300,3.4980392156862745,1767052800000
tank_0301,1.6470588235294117,1767052800000
tank_0307,10.0,1767052800000
tank_0309,1.0,1767052800000
tank_0313,0.0,1767052800000
tank_0314,0.0,1767052800000
tank_0319,1.9333333333333333,1767052800000
tank_0321,0.0,1767052800000
tank_0327,0.0,1767052800000
tank_0337,0.0,1767052800000
tank_0338,5.0,1767052800000
tank_0339,48.08627450980392,1767052800000
tank_0342,23.705882352941178,1767052800000
tank_0345,7.847058823529411,1767052800000
tank_0346,0.0,1767052800000
tank_0349,83.0,1767052800000
tank_0350,5.588235294117647,1767052800000
tank_0353,13.0,1767052800000
tank_0356,0.0,1767052800000
tank_0360,0.0,1767052800000
tank_0361,7.0470588235294125,1767052800000
tank_0362,0.0,1767052800000
tank_0364,0.0,1767052800000
tank_0366,48.21176470588235,1767052800000
tank_0369,0.0,1767052800000
tank_0375,0.0,1767052800000
tank_0379,5.4980392156862745,1767052800000
tank_0381,0.0,1767052800000
tank_0386,4.0,1767052800000
tank_0390,12.0,1767052800000
tank_0397,0.0,1767052800000
tank_0399,0.0,1767052800000
tank_0404,13.0,1767052800000
tank_0409,0.0,1767052800000
tank_0420,3.1254901960784314,1767052800000
tank_0425,0.0,1767052800000
tank_0431,0.0,1767052800000
tank_0432,6.9647058823529395,1767052800000
tank_0435,0.0,1767052800000
tank_0436,0.0,1767052800000
tank_0438,0.0,1767052800000
tank_0443,0.0,1767052800000
tank_0444,0.0,1767052800000
tank_0447,119.61176470588236,1767052800000
tank_0448,0.0,1767052800000
tank_0449,4.407843137254902,1767052800000
tank_0455,30.43529411764706,1767052800000
tank_0460,0.0,1767052800000
tank_0462,0.0,1767052800000
tank_0466,0.0,1767052800000
tank_0471,8.113725490196078,1767052800000
tank_0473,10.48235294117647,1767052800000
tank_0474,0.0,1767052800000
tank_0481,12.556862745098039,1767052800000
tank_0485,0.0,1767052800000
tank_0489,2.0,1767052800000
tank_0491,0.0,1767052800000
tank_0494,0.0,1767052800000
tank_0497,0.0,1767052800000
tank_0498,3.4784313725490197,1767052800000
tank_0502,0.0,1767052800000
tank_0505,10.92156862745098,1767052800000
tank_0509,0.0,1767052800000
tank_0512,279.0,1767052800000
tank_0514,0.0,1767052800000
tank_0515,0.0,1767052800000
tank_0521,16.0,1767052800000
tank_0524,0.0,1767052800000
tank_0526,21.0,1767052800000
tank_0533,4.0,1767052800000
tank_0534,0.0,1767052800000
tank_0536,0.0,1767052800000
tank_0537,0.0,1767052800000
tank_0541,12.71372549019608,1767052800000
tank_0547,9.349019607843138,1767052800000
tank_0552,0.0,1767052800000
tank_0555,0.0,1767052800000
tank_0556,0.8117647058823529,1767052800000
tank_0557,0.0,1767052800000
tank_0560,0.12549019607843137,1767052800000
tank_0561,0.3411764705882353,1767052800000
tank_0566,0.0,1767052800000
tank_0567,0.0,1767052800000
tank_0568,12.92156862745098,1767052800000
tank_0574,0.0,1767052800000
tank_0579,0.0,1767052800000
tank_0583,5.0,1767052800000
tank_0587,0.0,1767052800000
tank_0589,0.0,1767052800000
tank_0590,0.0,1767052800000
tank_0592,0.0,1767052800000
tank_0593,0.0,1767052800000
tank_0595,2.0,1767052800000
tank_0600,3.654901960784314,1767052800000
tank_0604,5.694117647058824,1767052800000
tank_0606,19.607843137254903,1767052800000
tank_0607,0.0,1767052800000
tank_0608,0.0,1767052800000
tank_0610,3.6549019607843136,1767052800000
tank_0611,0.9333333333333333,1767052800000
tank_0612,3.0,1767052800000
tank_0613,0.0,1767052800000
tank_0619,0.0,1767052800000
tank_0626,0.0,1767052800000
tank_0627,0.0,1767052800000
tank_0628,0.0,1767052800000
tank_0632,0.0,1767052800000
tank_0633,4.768627450980392,1767052800000
tank_0639,0.0,1767052800000
tank_0640,0.0,1767052800000
tank_0641,0.0,1767052800000
tank_0643,11.0,1767052800000
tank_0646,0.0,1767052800000
tank_0663,5.411764705882353,1767052800000
tank_0664,0.0,1767052800000
tank_0666,0.0,1767052800000
tank_0667,0.0,1767052800000
tank_0670,21.0,1767052800000
tank_0675,0.0,1767052800000
tank_0676,0.0,1767052800000
tank_0678,1.0,1767052800000
tank_0681,0.0,1767052800000
tank_0687,0.0,1767052800000
tank_0688,0.0,1767052800000
tank_0697,0.0,1767052800000
tank_0720,0.8784313725490196,1767052800000
tank_0722,1.4980392156862745,1767052800000
tank_0724,1.0,1767052800000
tank_0725,0.0,1767052800000
tank_0728,5.7215686274509805,1767052800000
tank_0730,0.0,1767052800000
tank_0731,0.0,1767052800000
tank_0732,3.4000000000000004,1767052800000
tank_0737,265.0,1767052800000
tank_0739,0.3176470588235294,1767052800000
tank_0740,25.89803921568627,1767052800000
tank_0746,0.0,1767052800000
tank_0748,0.0,1767052800000
tank_0749,0.0,1767052800000
tank_0752,7.0,1767052800000
tank_0760,0.0,1767052800000
tank_0770,1.945098039215686,1767052800000
tank_0772,0.0,1767052800000
tank_0788,0.0,1767052800000
tank_0789,0.0,1767052800000
tank_0792,153.85490196078428,1767052800000
tank_0797,0.0,1767052800000
tank_0800,15.0,1767052800000
tank_0802,3.3921568627450975,1767052800000
tank_0803,0.0,1767052800000
tank_0808,8.066666666666666,1767052800000
tank_0810,5.0,1767052800000
tank_0811,0.0,1767052800000
tank_0812,38.0,1767052800000
tank_0813,4.317647058823528,1767052800000
tank_0816,2.552941176470588,1767052800000
tank_0819,0.0,1767052800000
tank_0823,0.0,1767052800000
tank_0824,0.0,1767052800000
tank_0825,0.0,1767052800000
tank_0828,1.0,1767052800000
tank_0829,10.0,1767052800000
tank_0830,0.0,1767052800000
tank_0831,0.9568627450980393,1767052800000
tank_0844,0.0,1767052800000
tank_0852,13.333333333333334,1767052800000
tank_0855,0.0,1767052800000
tank_0856,931.0,1767052800000
tank_0860,0.0,1767052800000
tank_0861,0.0,1767052800000
tank_0872,8.0,1767052800000
tank_0875,259.4392156862745,1767052800000
tank_0879,0.0,1767052800000
tank_0885,0.0,1767052800000
tank_0891,0.0,1767052800000
tank_0894,1414.0,1767052800000
tank_0898,499.0,1767052800000
tank_0900,22.862745098039216,1767052800000
tank_0901,6.0,1767052800000
tank_0902,151.0,1767052800000
tank_0914,0.0,1767052800000
tank_0917,554.0,1767052800000
tank_0919,0.0,1767052800000
tank_0920,0.0,1767052800000
tank_0922,208.0,1767052800000
tank_0923,10.0,1767052800000
tank_0924,0.0,1767052800000
tank_0926,1.0,1767052800000
tank_0927,0.0,1767052800000
tank_0928,28.0,1767052800000
tank_0930,0.0,1767052800000
tank_0931,0.0,1767052800000
tank_0933,0.0,1767052800000
tank_0934,0.0,1767052800000
tank_0937,0.0,1767052800000
tank_0938,0.0,1767052800000
tank_0939,1.2549019607843137,1767052800000
tank_0944,0.0,1767052800000
tank_0946,2.0,1767052800000
tank_0952,0.0,1767052800000
tank_0958,0.0,1767052800000
tank_0962,1741.0,1767052800000
tank_0967,0.17254901960784313,1767052800000
tank_0975,0.0,1767052800000
tank_0978,56.145098039215696,1767052800000
tank_0990,0.0,1767052800000
tank_0991,653.0,1767052800000
tank_0998,0.0,1767052800000
tank_0999,0.0,1767052800000
tank_1003,726.0,1767052800000
tank_1004,2.0,1767052800000
tank_1014,217.0,1767052800000
tank_1026,244.0,1767052800000
tank_1031,4.0,1767052800000
tank_1032,27.91764705882353,1767052800000
tank_1034,1.4431372549019608,1767052800000
tank_1042,36.89411764705882,1767052800000
tank_1045,28.0,1767052800000
tank_1049,13.0,1767052800000
tank_1055,41.23137254901961,1767052800000
tank_1061,0.0,1767052800000
tank_1062,0.0,1767052800000
tank_1064,0.0,1767052800000
tank_1065,7.4980392156862745,1767052800000
tank_1066,5.125490196078431,1767052800000
tank_1070,109.0,1767052800000
tank_1073,47.0,1767052800000
tank_1083,0.0,1767052800000
tank_1086,0.0,1767052800000
tank_1088,24.811764705882354,1767052800000
tank_1089,25.0,1767052800000
tank_1090,197.98823529411766,1767052800000
tank_1091,3.7490196078431373,1767052800000
tank_1094,1688.0,1767052800000
tank_1095,0.0,1767052800000
tank_1104,12.176470588235293,1767052800000
tank_1113,32.0,1767052800000
tank_1116,3.0,1767052800000
tank_1117,0.0,1767052800000
tank_1120,270.0,1767052800000
tank_1121,529.0,1767052800000
tank_1124,0.0,1767052800000
tank_1128,0.0,1767052800000
tank_1134,0.047058823529411764,1767052800000
tank_1135,0.0,1767052800000
tank_1146,0.0,1767052800000
tank_1149,4.815686274509805,1767052800000
tank_1156,0.0,1767052800000
tank_1157,23.976470588235298,1767052800000
tank_1159,412.0,1767052800000
tank_1160,731.0,1767052800000
tank_1166,1.4901960784313726,1767052800000
tank_1170,36.56078431372549,1767052800000
tank_1175,0.0,1767052800000
tank_1177,6.0,1767052800000
tank_1179,10.270588235294117,1767052800000
tank_1181,156.94117647058823,1767052800000
tank_1186,81.0,1767052800000
tank_1187,19.337254901960783,1767052800000
tank_1190,0.0,1767052800000
tank_1192,0.0,1767052800000
tank_1196,0.0,1767052800000
tank_1197,1273.992156862745,1767052800000
tank_1201,1.0,1767052800000
tank_1203,0.788235294117647,1767052800000
tank_1205,64.0,1767052800000
tank_1209,1159.0,1767052800000
tank_1217,0.0,1767052800000
tank_1223,0.0,1767052800000
tank_1226,182.3843137254902,1767052800000
tank_1228,0.0,1767052800000
tank_1230,0.0,1767052800000
tank_1237,6.0,1767052800000
tank_1239,613.9450980392157,1767052800000
tank_1245,0.0,1767052800000
tank_1246,2.196078431372549,1767052800000
tank_1250,0.0,1767052800000
tank_1254,1606.0,1767052800000
tank_1255,4.0,1767052800000
tank_1258,57.0,1767052800000
tank_1261,0.0,1767052800000
tank_1262,0.33725490196078434,1767052800000
tank_1263,31.0,1767052800000
tank_1265,6.0,1767052800000
tank_1270,0.0,1767052800000
tank_1272,15.0,1767052800000
tank_1275,0.0,1767052800000
tank_1276,128.95294117647057,1767052800000
tank_1279,4.992156862745098,1767052800000
tank_1280,0.0,1767052800000
tank_1284,0.0,1767052800000
tank_1285,0.0,1767052800000
tank_1286,85.0,1767052800000
tank_1290,18.0,1767052800000
tank_1291,0.0,1767052800000
tank_1293,0.0,1767052800000
tank_1295,0.0,1767052800000
tank_1297,0.0,1767052800000
tank_1301,219.0,1767052800000
tank_1302,23.0,1767052800000
tank_1304,0.0,1767052800000
tank_1305,19.905882352941177,1767052800000
tank_1313,1196.0,1767052800000
tank_1322,0.0,1767052800000
tank_1325,0.0,1767052800000
tank_1326,1.0,1767052800000
tank_1344,0.0,1767052800000
tank_1346,0.0,1767052800000
tank_1349,0.0,1767052800000
tank_1353,1306.0,1767052800000
tank_1358,0.0,1767052800000
tank_1359,0.0,1767052800000
tank_1361,1030.0,1767052800000
tank_1364,1203.0,1767052800000
tank_1365,4.0,1767052800000
tank_1372,0.0,1767052800000
tank_1374,136.0,1767052800000
tank_1378,468.0,1767052800000
tank_1380,10.0,1767052800000
tank_1386,606.9490196078432,1767052800000
tank_1391,19.0,1767052800000
tank_1393,0.0,1767052800000
tank_1396,0.0,1767052800000
tank_1397,0.0,1767052800000
tank_1403,0.0,1767052800000
tank_1409,0.0,1767052800000
tank_1412,0.0,1767052800000
tank_1415,0.0,1767052800000
tank_1416,0.0,1767052800000
tank_1421,412.79607843137256,1767052800000
tank_1422,0.0,1767052800000
tank_1425,216.0,1767052800000
tank_1426,126.18823529411766,1767052800000
tank_1430,0.0,1767052800000
tank_1433,512.0,1767052800000
tank_1438,0.0,1767052800000
tank_1439,26.674509803921566,1767052800000
tank_1441,0.0,1767052800000
tank_1443,7.274509803921568,1767052800000
tank_1445,10.0,1767052800000
tank_1446,0.0,1767052800000
tank_1450,0.0,1767052800000
tank_1452,0.0,1767052800000
tank_1456,0.0,1767052800000
tank_1466,0.0,1767052800000
tank_1471,0.0,1767052800000
tank_1475,597.0,1767052800000
tank_1486,1346.0,1767052800000
tank_1488,117.96862745098039,1767052800000
tank_1491,0.0,1767052800000
tank_1500,0.0,1767052800000
tank_1505,453.0,1767052800000
tank_1513,407.0,1767052800000
tank_1531,0.0,1767052800000
tank_1536,0.0,1767052800000
tank_1539,636.643137254902,1767052800000
tank_1541,115.0,1767052800000
tank_1542,0.0,1767052800000
tank_1547,374.0,1767052800000
tank_1563,46.14901960784314,1767052800000
tank_1564,0.0,1767052800000
tank_1565,1749.5019607843137,1767052800000
tank_1567,0.0,1767052800000
tank_1568,0.0,1767052800000
tank_1573,287.51372549019607,1767052800000
tank_1583,0.0,1767052800000
tank_1587,557.0,1767052800000
tank_1588,0.0,1767052800000
tank_1592,0.0,1767052800000
tank_1594,0.0,1767052800000
tank_1595,3.7372549019607844,1767052800000
tank_1597,123.0,1767052800000
tank_1598,19.03529411764706,1767052800000
tank_1600,5.101960784313725,1767052800000
tank_1604,7.458823529411765,1767052800000
