tank_id,sum,date_ms
tank_0002,2.5372549019607846,1704844800000
tank_0004,0.0,1704844800000
tank_0005,0.0,1704844800000
tank_0011,0.0,1704844800000
tank_0014,2.0,1704844800000
tank_0019,4.0,1704844800000
tank_0024,24.811764705882354,1704844800000
tank_0025,20.34901960784314,1704844800000
tank_0026,1.772549019607843,1704844800000
tank_0027,1.0,1704844800000
tank_0030,0.0,1704844800000
tank_0031,9.0,1704844800000
tank_0036,0.5490196078431372,1704844800000
tank_0037,5.0,1704844800000
tank_0038,22.713725490196083,1704844800000
tank_0050,2.0,1704844800000
tank_0051,10.211764705882354,1704844800000
tank_0052,23.603921568627452,1704844800000
tank_0053,59.75294117647058,1704844800000
tank_0055,3.7137254901960786,1704844800000
tank_0057,5.0,1704844800000
tank_0058,0.0,1704844800000
tank_0064,0.3686274509803922,1704844800000
tank_0069,68.9843137254902,1704844800000
tank_0072,0.0,1704844800000
tank_0073,0.0,1704844800000
tank_0080,13.0,1704844800000
tank_0094,0.0,1704844800000
tank_0107,0.0,1704844800000
tank_0110,0.043137254901960784,1704844800000
tank_0113,28.976470588235298,1704844800000
tank_0115,4.650980392156862,1704844800000
tank_0116,4.2,1704844800000
tank_0117,118.0,1704844800000
tank_0118,3.0,1704844800000
tank_0122,0.0,1704844800000
tank_0125,1.796078431372549,1704844800000
tank_0130,4.8352941176470585,1704844800000
tank_0131,0.0,1704844800000
tank_0132,0.0,1704844800000
tank_0134,0.0,1704844800000
tank_0135,1.0,1704844800000
tank_0142,5.6196078431372545,1704844800000
tank_0143,0.0,1704844800000
tank_0144,0.0,1704844800000
tank_0148,8.0,1704844800000
tank_0153,21.0,1704844800000
tank_0156,55.69019607843138,1704844800000
tank_0159,0.0,1704844800000
tank_0165,9.776470588235295,1704844800000
tank_0171,0.0,1704844800000
tank_0172,0.0,1704844800000
tank_0174,5.952941176470588,1704844800000
tank_0176,25.0,1704844800000
tank_0184,0.6745098039215687,1704844800000
tank_0187,3.431372549019608,1704844800000
tank_0190,3.850980392156863,1704844800000
tank_0192,1.003921568627451,1704844800000
tank_0193,4.094117647058823,1704844800000
tank_0195,67.73333333333333,1704844800000
tank_0199,9.733333333333333,1704844800000
tank_0204,23.0,1704844800000
tank_0205,0.0,1704844800000
tank_0207,0.0,1704844800000
tank_0209,0.0,1704844800000
tank_0213,0.7607843137254902,1704844800000
tank_0217,0.0,1704844800000
tank_0220,0.0,1704844800000
tank_0221,14.92549019607843,1704844800000
tank_0225,0.0,1704844800000
tank_0226,11.92156862745098,1704844800000
tank_0228,0.0,1704844800000
tank_0229,0.0,1704844800000
tank_0231,0.0,1704844800000
tank_0233,0.0,1704844800000
tank_0236,20.08235294117647,1704844800000
tank_0237,0.0,1704844800000
tank_0240,1.0313725490196077,1704844800000
tank_0242,2.0,1704844800000
tank_0245,1.8470588235294119,1704844800000
tank_0247,54.0,1704844800000
tank_0256,5.631372549019608,1704844800000
tank_0257,8.054901960784314,1704844800000
tank_0260,2.996078431372549,1704844800000
tank_0261,0.0,1704844800000
tank_0264,0.0,1704844800000
tank_0273,37.0,1704844800000
tank_0276,17.0,1704844800000
tank_0278,9.0,1704844800000
tank_0280,0.0,1704844800000
tank_0291,0.0,1704844800000
tank_0292,9.733333333333333,1704844800000
tank_0296,0.0,1704844800000
tank_0297,3.0,1704844800000
tank_0299,0.0,1704844800000
tank_0300,8.51764705882353,1704844800000
tank_0301,1.396078431372549,1704844800000
tank_0307,0.0,1704844800000
tank_0309,1.0,1704844800000
tank_0313,0.0,1704844800000
tank_0314,3.0,1704844800000
tank_0319,0.0,1704844800000
tank_0321,0.0,1704844800000
tank_0327,6.0,1704844800000
tank_0337,1.1019607843137256,1704844800000
tank_0338,9.811764705882354,1704844800000
tank_0339,22.815686274509805,1704844800000
tank_0342,30.745098039215687,1704844800000
tank_0345,1.9529411764705882,1704844800000
tank_0346,0.0,1704844800000
tank_0349,181.0,1704844800000
tank_0350,1.8745098039215686,1704844800000
tank_0353,25.23921568627451,1704844800000
tank_0356,0.0,1704844800000
tank_0360,0.0,1704844800000
tank_0361,17.576470588235296,1704844800000
tank_0362,0.0,1704844800000
tank_0364,0.0,1704844800000
tank_0366,26.576470588235296,1704844800000
tank_0369,0.0,1704844800000
tank_0375,0.0,1704844800000
tank_0379,1.83921568627451,1704844800000
tank_0381,0.0,1704844800000
tank_0386,2.780392156862745,1704844800000
tank_0390,8.0,1704844800000
tank_0397,0.0,1704844800000
tank_0399,5.52156862745098,1704844800000
tank_0404,3.0,1704844800000
tank_0409,0.0,1704844800000
tank_0420,0.054901960784313725,1704844800000
tank_0425,5.749019607843137,1704844800000
tank_0431,0.0,1704844800000
tank_0432,0.3137254901960784,1704844800000
tank_0435,0.0,1704844800000
tank_0436,0.0,1704844800000
tank_0438,0.0,1704844800000
tank_0443,0.0,1704844800000
tank_0444,0.0,1704844800000
tank_0447,113.50196078431371,1704844800000
tank_0448,0.0,1704844800000
tank_0449,3.1294117647058823,1704844800000
tank_0455,27.780392156862742,1704844800000
tank_0460,0.0,1704844800000
tank_0462,0.0,1704844800000
tank_0466,0.0,1704844800000
tank_0471,7.32156862745098,1704844800000
tank_0473,39.321568627451,1704844800000
tank_0474,0.0,1704844800000
tank_0481,11.913725490196079,1704844800000
tank_0485,0.0,1704844800000
tank_0489,0.0,1704844800000
tank_0491,0.0,1704844800000
tank_0494,15.55686274509804,1704844800000
tank_0497,8.0,1704844800000
tank_0498,1.2862745098039217,1704844800000
tank_0502,0.0,1704844800000
tank_0505,8.16078431372549,1704844800000
tank_0509,10.694117647058823,1704844800000
tank_0512,230.0,1704844800000
tank_0514,0.0,1704844800000
tank_0515,2.7058823529411766,1704844800000
tank_0521,2.0,1704844800000
tank_0524,0.20392156862745098,1704844800000
tank_0526,0.0,1704844800000
tank_0533,0.0,1704844800000
tank_0534,0.0,1704844800000
tank_0536,0.0,1704844800000
tank_0537,0.0,1704844800000
tank_0541,16.51372549019608,1704844800000
tank_0547,2.717647058823529,1704844800000
tank_0552,1.0,1704844800000
tank_0555,0.0,1704844800000
tank_0556,2.462745098039216,1704844800000
tank_0557,0.0,1704844800000
tank_0560,0.0,1704844800000
tank_0561,0.0,1704844800000
tank_0566,0.0,1704844800000
tank_0567,2.0,1704844800000
tank_0568,39.65098039215687,1704844800000
tank_0574,5.0,1704844800000
tank_0579,385.0,1704844800000
tank_0583,0.0,1704844800000
tank_0587,0.996078431372549,1704844800000
tank_0589,0.0,1704844800000
tank_0590,1.0,1704844800000
tank_0592,0.0,1704844800000
tank_0593,2.780392156862745,1704844800000
tank_0595,0.0,1704844800000
tank_0600,5.576470588235294,1704844800000
tank_0604,0.0,1704844800000
tank_0606,3.0,1704844800000
tank_0607,7.749019607843137,1704844800000
tank_0608,40.0,1704844800000
tank_0610,3.0,1704844800000
tank_0611,6.796078431372549,1704844800000
tank_0612,17.776470588235295,1704844800000
tank_0613,0.0,1704844800000
tank_0619,1.8823529411764706,1704844800000
tank_0626,0.0,1704844800000
tank_0627,2.0,1704844800000
tank_0628,0.0,1704844800000
tank_0632,10.0,1704844800000
tank_0633,0.0,1704844800000
tank_0639,0.0,1704844800000
tank_0640,0.0,1704844800000
tank_0641,0.0,1704844800000
tank_0643,40.30196078431373,1704844800000
tank_0646,3.0,1704844800000
tank_0663,0.0,1704844800000
tank_0664,0.0,1704844800000
tank_0666,0.0,1704844800000
tank_0667,17.42745098039216,1704844800000
tank_0670,0.0,1704844800000
tank_0675,0.0,1704844800000
tank_0676,186.0,1704844800000
tank_0678,0.19215686274509805,1704844800000
tank_0681,0.0,1704844800000
tank_0687,0.0,1704844800000
tank_0688,352.0,1704844800000
tank_0697,0.0,1704844800000
tank_0720,2.003921568627451,1704844800000
tank_0722,0.0,1704844800000
tank_0724,9.466666666666665,1704844800000
tank_0725,0.0,1704844800000
tank_0728,2.0,1704844800000
tank_0730,0.0,1704844800000
tank_0731,634.0,1704844800000
tank_0732,0.0,1704844800000
tank_0737,307.0,1704844800000
tank_0739,0.9411764705882353,1704844800000
tank_0740,17.5921568627451,1704844800000
tank_0746,0.0,1704844800000
tank_0748,2.0,1704844800000
tank_0749,29.0,1704844800000
tank_0752,7.0,1704844800000
tank_0760,0.0,1704844800000
tank_0770,2.6705882352941175,1704844800000
tank_0772,0.0,1704844800000
tank_0788,0.0,1704844800000
tank_0789,0.0,1704844800000
tank_0792,167.84705882352935,1704844800000
tank_0797,1.0,1704844800000
tank_0800,10.0,1704844800000
tank_0802,13.792156862745097,1704844800000
tank_0803,7.2745098039215685,1704844800000
tank_0808,15.364705882352942,1704844800000
tank_0810,11.807843137254903,1704844800000
tank_0811,10.447058823529412,1704844800000
tank_0812,52.0,1704844800000
tank_0813,1.772549019607843,1704844800000
tank_0816,0.0,1704844800000
tank_0819,0.0,1704844800000
tank_0823,0.0,1704844800000
tank_0824,0.0,1704844800000
tank_0825,0.0,1704844800000
tank_0828,0.0,1704844800000
tank_0829,0.0,1704844800000
tank_0830,0.0,1704844800000
tank_0831,2.682352941176471,1704844800000
tank_0844,0.0,1704844800000
tank_0852,16.192156862745097,1704844800000
tank_0855,60.0,1704844800000
tank_0856,751.0,1704844800000
tank_0860,2.835294117647059,1704844800000
tank_0861,0.0,1704844800000
tank_0872,0.0,1704844800000
tank_0875,122.0,1704844800000
tank_0879,0.0,1704844800000
tank_0885,0.0,1704844800000
tank_0891,0.0,1704844800000
tank_0894,575.0,1704844800000
tank_0898,429.0,1704844800000
tank_0900,13.890196078431373,1704844800000
tank_0901,0.0,1704844800000
tank_0902,172.94901960784313,1704844800000
tank_0914,0.0,1704844800000
tank_0917,337.0,1704844800000
tank_0919,0.0,1704844800000
tank_0920,12.470588235294116,1704844800000
tank_0922,191.0,1704844800000
tank_0923,0.0,1704844800000
tank_0924,14.478431372549018,1704844800000
tank_0926,39.02745098039216,1704844800000
tank_0927,0.0,1704844800000
tank_0928,0.0,1704844800000
tank_0930,90.72549019607843,1704844800000
tank_0931,0.0,1704844800000
tank_0933,0.0,1704844800000
tank_0934,5.0,1704844800000
tank_0937,0.0,1704844800000
tank_0938,1.0,1704844800000
tank_0939,0.0,1704844800000
tank_0944,0.0,1704844800000
tank_0946,27.27450980392157,1704844800000
tank_0952,17.454901960784312,1704844800000
tank_0958,0.0,1704844800000
tank_0962,1058.0,1704844800000
tank_0967,0.0,1704844800000
tank_0975,0.0,1704844800000
tank_0978,46.325490196078434,1704844800000
tank_0990,0.0,1704844800000
tank_0991,0.0,1704844800000
tank_0998,0.0,1704844800000
tank_0999,0.0,1704844800000
tank_1003,369.0,1704844800000
tank_1004,41.062745098039215,1704844800000
tank_1014,0.0,1704844800000
tank_1026,64.0,1704844800000
tank_1031,45.0,1704844800000
tank_1032,11.929411764705883,1704844800000
tank_1034,0.0,1704844800000
tank_1042,38.89411764705882,1704844800000
tank_1045,0.0,1704844800000
tank_1049,0.0,1704844800000
tank_1055,10.474509803921569,1704844800000
tank_1061,0.0,1704844800000
tank_1062,1.2509803921568627,1704844800000
tank_1064,0.0,1704844800000
tank_1065,0.0,1704844800000
tank_1066,50.92941176470589,1704844800000
tank_1070,0.0,1704844800000
tank_1073,0.0,1704844800000
tank_1083,231.0,1704844800000
tank_1086,9.0,1704844800000
tank_1088,11.847058823529412,1704844800000
tank_1089,6.0,1704844800000
tank_1090,0.0,1704844800000
tank_1091,0.0,1704844800000
tank_1094,5.0,1704844800000
tank_1095,0.0,1704844800000
tank_1104,2.56078431372549,1704844800000
tank_1113,30.0,1704844800000
tank_1116,6.6196078431372545,1704844800000
tank_1117,0.0,1704844800000
tank_1120,300.0,1704844800000
tank_1121,58.0,1704844800000
tank_1124,13.0,1704844800000
tank_1128,0.0,1704844800000
tank_1134,0.0,1704844800000
tank_1135,0.0,1704844800000
tank_1146,16.36470588235294,1704844800000
tank_1149,7.44313725490196,1704844800000
tank_1156,0.0,1704844800000
tank_1157,16.486274509803923,1704844800000
tank_1159,352.0,1704844800000
tank_1160,2.0,1704844800000
tank_1166,0.0,1704844800000
tank_1170,20.96862745098039,1704844800000
tank_1175,0.0,1704844800000
tank_1177,4.035294117647059,1704844800000
tank_1179,14.498039215686273,1704844800000
tank_1181,166.76078431372548,1704844800000
tank_1186,0.0,1704844800000
tank_1187,25.886274509803922,1704844800000
tank_1190,0.0,1704844800000
tank_1192,0.0,1704844800000
tank_1196,0.0,1704844800000
tank_1197,1637.0,1704844800000
tank_1201,0.0,1704844800000
tank_1203,21.356862745098038,1704844800000
tank_1205,3.0,1704844800000
tank_1209,1120.0,1704844800000
tank_1217,0.0,1704844800000
tank_1223,0.0,1704844800000
tank_1226,37.0,1704844800000
tank_1228,6.0,1704844800000
tank_1230,0.0,1704844800000
tank_1237,0.0,1704844800000
tank_1239,823.0,1704844800000
tank_1245,0.0,1704844800000
tank_1246,2.0,1704844800000
tank_1250,0.0,1704844800000
tank_1254,192.0,1704844800000
tank_1255,5.372549019607844,1704844800000
tank_1258,4.0,1704844800000
tank_1261,3.0,1704844800000
tank_1262,13.415686274509804,1704844800000
tank_1263,0.0,1704844800000
tank_1265,0.0,1704844800000
tank_1270,0.0,1704844800000
tank_1272,17.870588235294118,1704844800000
tank_1275,0.0,1704844800000
tank_1276,161.95294117647057,1704844800000
tank_1279,0.0,1704844800000
tank_1280,0.0,1704844800000
tank_1284,0.0,1704844800000
tank_1285,0.0,1704844800000
tank_1286,100.0,1704844800000
tank_1290,10.886274509803922,1704844800000
tank_1291,0.0,1704844800000
tank_1293,0.0,1704844800000
tank_1295,0.0,1704844800000
tank_1297,0.0,1704844800000
tank_1301,0.0,1704844800000
tank_1302,0.0,1704844800000
tank_1304,0.0,1704844800000
tank_1305,2.0,1704844800000
tank_1313,1136.0,1704844800000
tank_1322,0.0,1704844800000
tank_1325,0.0,1704844800000
tank_1326,0.0,1704844800000
tank_1344,0.0,1704844800000
tank_1346,0.0,1704844800000
tank_1349,0.0,1704844800000
tank_1353,1164.0,1704844800000
tank_1358,0.0,1704844800000
tank_1359,0.0,1704844800000
tank_1361,897.0,1704844800000
tank_1364,445.0,1704844800000
tank_1365,0.0,1704844800000
tank_1372,0.0,1704844800000
tank_1374,212.0,1704844800000
tank_1378,550.0,1704844800000
tank_1380,18.0,1704844800000
tank_1386,9.0,1704844800000
tank_1391,0.0,1704844800000
tank_1393,0.7764705882352941,1704844800000
tank_1396,0.0,1704844800000
tank_1397,0.0,1704844800000
tank_1403,0.0,1704844800000
tank_1409,0.0,1704844800000
tank_1412,0.0,1704844800000
tank_1415,0.0,1704844800000
tank_1416,0.0,1704844800000
tank_1421,428.2941176470588,1704844800000
tank_1422,2.0,1704844800000
tank_1425,240.0,1704844800000
tank_1426,31.129411764705882,1704844800000
tank_1430,0.0,1704844800000
tank_1433,396.0,1704844800000
tank_1438,0.0,1704844800000
tank_1439,2.0,1704844800000
tank_1441,0.0,1704844800000
tank_1443,0.0,1704844800000
tank_1445,0.0,1704844800000
tank_1446,2.0,1704844800000
tank_1450,0.0,1704844800000
tank_1452,0.0,1704844800000
tank_1456,0.0,1704844800000
tank_1466,0.0,1704844800000
tank_1471,0.5098039215686274,1704844800000
tank_1475,0.0,1704844800000
tank_1486,515.0,1704844800000
tank_1488,60.0,1704844800000
tank_1491,0.0,1704844800000
tank_1500,0.0,1704844800000
tank_1505,155.0,1704844800000
tank_1513,501.0,1704844800000
tank_1531,0.0,1704844800000
tank_1536,0.0,1704844800000
tank_1539,197.0,1704844800000
tank_1541,0.0,1704844800000
tank_1542,0.0,1704844800000
tank_1547,82.0,1704844800000
tank_1563,0.0,1704844800000
tank_1564,0.0,1704844800000
tank_1565,283.0,1704844800000
tank_1567,0.0,1704844800000
tank_1568,0.0,1704844800000
tank_1573,0.0,1704844800000
tank_1583,0.0,1704844800000
tank_1587,596.0,1704844800000
tank_1588,0.0,1704844800000
tank_1592,5.0,1704844800000
tank_1594,49.0,1704844800000
tank_1595,0.0,1704844800000
tank_1597,97.0,1704844800000
tank_1598,1.1803921568627451,1704844800000
tank_1600,3.0,1704844800000
tank_1604,0.0,1704844800000
tank_0002,0.9568627450980391,1705881600000
tank_0004,0.0,1705881600000
tank_0005,31.976470588235294,1705881600000
tank_0011,0.0,1705881600000
tank_0014,28.16470588235294,1705881600000
tank_0019,1.188235294117647,1705881600000
tank_0024,36.14509803921568,1705881600000
tank_0025,0.0,1705881600000
tank_0026,0.6784313725490196,1705881600000
tank_0027,0.0,1705881600000
tank_0030,2.0,1705881600000
tank_0031,19.603921568627452,1705881600000
tank_0036,0.0,1705881600000
tank_0037,0.0,1705881600000
tank_0038,11.270588235294117,1705881600000
tank_0050,4.0,1705881600000
tank_0051,0.6352941176470588,1705881600000
tank_0052,1.603921568627451,1705881600000
tank_0053,35.15686274509804,1705881600000
tank_0055,1.1058823529411765,1705881600000
tank_0057,0.0,1705881600000
tank_0058,0.0,1705881600000
tank_0064,8.035294117647059,1705881600000
tank_0069,60.674509803921566,1705881600000
tank_0072,0.0,1705881600000
tank_0073,2.0,1705881600000
tank_0080,15.0,1705881600000
tank_0094,0.0,1705881600000
tank_0107,0.0,1705881600000
tank_0110,4.0,1705881600000
tank_0113,47.42745098039216,1705881600000
tank_0115,2.003921568627451,1705881600000
tank_0116,0.796078431372549,1705881600000
tank_0117,137.0,1705881600000
tank_0118,2.0,1705881600000
tank_0122,0.0,1705881600000
tank_0125,0.38039215686274513,1705881600000
tank_0130,0.21176470588235294,1705881600000
tank_0131,0.0,1705881600000
tank_0132,0.0,1705881600000
tank_0134,1.0745098039215686,1705881600000
tank_0135,6.0,1705881600000
tank_0142,2.7450980392156863,1705881600000
tank_0143,0.0,1705881600000
tank_0144,2.0,1705881600000
tank_0148,1.0,1705881600000
tank_0153,8.0,1705881600000
tank_0156,66.50980392156863,1705881600000
tank_0159,0.0,1705881600000
tank_0165,7.309803921568628,1705881600000
tank_0171,2.0,1705881600000
tank_0172,0.0,1705881600000
tank_0174,12.435294117647059,1705881600000
tank_0176,25.250980392156862,1705881600000
tank_0184,2.6588235294117646,1705881600000
tank_0187,0.0,1705881600000
tank_0190,9.329411764705883,1705881600000
tank_0192,0.0,1705881600000
tank_0193,8.741176470588236,1705881600000
tank_0195,62.60392156862744,1705881600000
tank_0199,4.447058823529412,1705881600000
tank_0204,26.0,1705881600000
tank_0205,0.0,1705881600000
tank_0207,0.0,1705881600000
tank_0209,0.0,1705881600000
tank_0213,0.0,1705881600000
tank_0217,0.0,1705881600000
tank_0220,2.443137254901961,1705881600000
tank_0221,10.337254901960783,1705881600000
tank_0225,0.0,1705881600000
tank_0226,20.188235294117646,1705881600000
tank_0228,0.0,1705881600000
tank_0229,0.0,1705881600000
tank_0231,0.0,1705881600000
tank_0233,0.0,1705881600000
tank_0236,12.952941176470588,1705881600000
tank_0237,0.6901960784313725,1705881600000
tank_0240,0.0,1705881600000
tank_0242,3.0,1705881600000
tank_0245,4.290196078431373,1705881600000
tank_0247,26.0,1705881600000
tank_0256,0.0,1705881600000
tank_0257,1.7490196078431373,1705881600000
tank_0260,1.8470588235294119,1705881600000
tank_0261,0.37254901960784315,1705881600000
tank_0264,0.0,1705881600000
tank_0273,34.0,1705881600000
tank_0276,7.91764705882353,1705881600000
tank_0278,3.0,1705881600000
tank_0280,0.0,1705881600000
tank_0291,0.0,1705881600000
tank_0292,5.215686274509804,1705881600000
tank_0296,0.0,1705881600000
tank_0297,8.662745098039217,1705881600000
tank_0299,8.0,1705881600000
tank_0300,12.035294117647059,1705881600000
tank_0301,1.9411764705882353,1705881600000
tank_0307,0.0,1705881600000
tank_0309,8.027450980392157,1705881600000
tank_0313,0.0,1705881600000
tank_0314,0.0,1705881600000
tank_0319,0.0,1705881600000
tank_0321,0.0,1705881600000
tank_0327,0.0,1705881600000
tank_0337,2.0,1705881600000
tank_0338,6.556862745098039,1705881600000
tank_0339,40.192156862745094,1705881600000
tank_0342,35.5843137254902,1705881600000
tank_0345,3.368627450980392,1705881600000
tank_0346,0.0,1705881600000
tank_0349,186.0,1705881600000
tank_0350,0.0,1705881600000
tank_0353,24.96078431372549,1705881600000
tank_0356,0.0,1705881600000
tank_0360,0.0,1705881600000
tank_0361,23.57254901960784,1705881600000
tank_0362,1.4392156862745096,1705881600000
tank_0364,0.25098039215686274,1705881600000
tank_0366,28.062745098039215,1705881600000
tank_0369,0.0,1705881600000
tank_0375,0.0,1705881600000
tank_0379,18.501960784313724,1705881600000
tank_0381,0.0,1705881600000
tank_0386,3.0,1705881600000
tank_0390,2.0,1705881600000
tank_0397,0.0,1705881600000
tank_0399,0.0,1705881600000
tank_0404,0.01568627450980392,1705881600000
tank_0409,0.0,1705881600000
tank_0420,0.0,1705881600000
tank_0425,0.0,1705881600000
tank_0431,0.0,1705881600000
tank_0432,3.0,1705881600000
tank_0435,2.0,1705881600000
tank_0436,0.0,1705881600000
tank_0438,1.2470588235294118,1705881600000
tank_0443,0.0,1705881600000
tank_0444,1.0,1705881600000
tank_0447,60.505882352941185,1705881600000
tank_0448,0.0,1705881600000
tank_0449,0.0,1705881600000
tank_0455,9.250980392156862,1705881600000
tank_0460,0.0,1705881600000
tank_0462,0.0,1705881600000
tank_0466,0.0,1705881600000
tank_0471,3.0,1705881600000
tank_0473,22.690196078431367,1705881600000
tank_0474,0.0,1705881600000
tank_0481,23.72941176470588,1705881600000
tank_0485,0.0,1705881600000
tank_0489,0.0,1705881600000
tank_0491,0.24313725490196078,1705881600000
tank_0494,1.8980392156862744,1705881600000
tank_0497,10.823529411764707,1705881600000
tank_0498,2.7137254901960786,1705881600000
tank_0502,0.0,1705881600000
tank_0505,2.0,1705881600000
tank_0509,0.8235294117647058,1705881600000
tank_0512,191.0,1705881600000
tank_0514,0.0,1705881600000
tank_0515,14.082352941176472,1705881600000
tank_0521,0.0,1705881600000
tank_0524,1.3294117647058823,1705881600000
tank_0526,0.0,1705881600000
tank_0533,2.0941176470588236,1705881600000
tank_0534,0.0,1705881600000
tank_0536,0.0,1705881600000
tank_0537,0.0,1705881600000
tank_0541,7.592156862745098,1705881600000
tank_0547,4.556862745098039,1705881600000
tank_0552,0.0,1705881600000
tank_0555,3.0,1705881600000
tank_0556,0.9372549019607843,1705881600000
tank_0557,0.0,1705881600000
tank_0560,0.0,1705881600000
tank_0561,0.0,1705881600000
tank_0566,0.0,1705881600000
tank_0567,0.0,1705881600000
tank_0568,43.627450980392155,1705881600000
tank_0574,0.0,1705881600000
tank_0579,393.0,1705881600000
tank_0583,0.0,1705881600000
tank_0587,0.0,1705881600000
tank_0589,1.2470588235294118,1705881600000
tank_0590,5.0,1705881600000
tank_0592,0.0,1705881600000
tank_0593,3.780392156862745,1705881600000
tank_0595,0.0,1705881600000
tank_0600,7.121568627450981,1705881600000
tank_0604,0.0,1705881600000
tank_0606,21.588235294117645,1705881600000
tank_0607,7.749019607843137,1705881600000
tank_0608,0.0,1705881600000
tank_0610,4.905882352941177,1705881600000
tank_0611,5.376470588235293,1705881600000
tank_0612,6.286274509803921,1705881600000
tank_0613,2.0,1705881600000
tank_0619,0.0,1705881600000
tank_0626,0.0,1705881600000
tank_0627,0.0,1705881600000
tank_0628,0.0,1705881600000
tank_0632,14.529411764705884,1705881600000
tank_0633,1.5019607843137255,1705881600000
tank_0639,0.5803921568627451,1705881600000
tank_0640,0.0,1705881600000
tank_0641,0.0,1705881600000
tank_0643,44.86274509803922,1705881600000
tank_0646,2.0,1705881600000
tank_0663,0.0,1705881600000
tank_0664,0.0,1705881600000
tank_0666,0.0,1705881600000
tank_0667,5.690196078431373,1705881600000
tank_0670,0.0,1705881600000
tank_0675,0.0,1705881600000
tank_0676,142.0,1705881600000
tank_0678,0.2823529411764706,1705881600000
tank_0681,0.0,1705881600000
tank_0687,0.0,1705881600000
tank_0688,395.9607843137255,1705881600000
tank_0697,0.0,1705881600000
tank_0720,1.6666666666666667,1705881600000
tank_0722,0.10980392156862745,1705881600000
tank_0724,18.631372549019606,1705881600000
tank_0725,2.0,1705881600000
tank_0728,0.0,1705881600000
tank_0730,0.0,1705881600000
tank_0731,553.0,1705881600000
tank_0732,0.6627450980392158,1705881600000
tank_0737,315.0,1705881600000
tank_0739,2.066666666666667,1705881600000
tank_0740,20.866666666666664,1705881600000
tank_0746,0.0,1705881600000
tank_0748,2.0,1705881600000
tank_0749,19.07450980392157,1705881600000
tank_0752,17.50588235294118,1705881600000
tank_0760,0.0,1705881600000
tank_0770,5.819607843137255,1705881600000
tank_0772,4.68235294117647,1705881600000
tank_0788,0.0,1705881600000
tank_0789,6.0,1705881600000
tank_0792,128.23137254901962,1705881600000
tank_0797,2.0,1705881600000
tank_0800,28.615686274509805,1705881600000
tank_0802,5.454901960784314,1705881600000
tank_0803,1.2588235294117647,1705881600000
tank_0808,2.0,1705881600000
tank_0810,14.980392156862745,1705881600000
tank_0811,3.3215686274509806,1705881600000
tank_0812,59.72549019607843,1705881600000
tank_0813,1.0,1705881600000
tank_0816,0.0,1705881600000
tank_0819,2.0,1705881600000
tank_0823,0.0,1705881600000
tank_0824,0.0,1705881600000
tank_0825,0.0,1705881600000
tank_0828,0.0,1705881600000
tank_0829,0.0,1705881600000
tank_0830,0.0,1705881600000
tank_0831,0.0,1705881600000
tank_0844,0.0,1705881600000
tank_0852,22.172549019607843,1705881600000
tank_0855,49.0,1705881600000
tank_0856,704.0,1705881600000
tank_0860,11.694117647058825,1705881600000
tank_0861,0.0,1705881600000
tank_0872,0.0,1705881600000
tank_0875,90.0,1705881600000
tank_0879,0.0,1705881600000
tank_0885,2.0,1705881600000
tank_0891,0.0,1705881600000
tank_0894,1066.0,1705881600000
tank_0898,407.0,1705881600000
tank_0900,45.56470588235295,1705881600000
tank_0901,0.0,1705881600000
tank_0902,87.0,1705881600000
tank_0914,0.0,1705881600000
tank_0917,249.0,1705881600000
tank_0919,0.0,1705881600000
tank_0920,14.623529411764705,1705881600000
tank_0922,200.0,1705881600000
tank_0923,9.0,1705881600000
tank_0924,13.796078431372548,1705881600000
tank_0926,10.741176470588236,1705881600000
tank_0927,9.027450980392157,1705881600000
tank_0928,0.0,1705881600000
tank_0930,72.0,1705881600000
tank_0931,0.0,1705881600000
tank_0933,0.0,1705881600000
tank_0934,12.0,1705881600000
tank_0937,0.0,1705881600000
tank_0938,0.0,1705881600000
tank_0939,0.0,1705881600000
tank_0944,0.0,1705881600000
tank_0946,1.6549019607843136,1705881600000
tank_0952,22.51764705882353,1705881600000
tank_0958,0.0,1705881600000
tank_0962,1409.0,1705881600000
tank_0967,0.9176470588235295,1705881600000
tank_0975,0.0,1705881600000
tank_0978,64.7294117647059,1705881600000
tank_0990,0.0,1705881600000
tank_0991,0.0,1705881600000
tank_0998,0.0,1705881600000
tank_0999,0.0,1705881600000
tank_1003,320.0,1705881600000
tank_1004,30.054901960784306,1705881600000
tank_1014,0.0,1705881600000
tank_1026,55.0,1705881600000
tank_1031,32.0,1705881600000
tank_1032,7.0,1705881600000
tank_1034,0.0,1705881600000
tank_1042,45.47843137254902,1705881600000
tank_1045,0.0,1705881600000
tank_1049,0.0,1705881600000
tank_1055,0.6392156862745098,1705881600000
tank_1061,2.0,1705881600000
tank_1062,5.952941176470588,1705881600000
tank_1064,0.0,1705881600000
tank_1065,0.0,1705881600000
tank_1066,37.60392156862745,1705881600000
tank_1070,1.0,1705881600000
tank_1073,0.0,1705881600000
tank_1083,219.0,1705881600000
tank_1086,17.0,1705881600000
tank_1088,9.435294117647059,1705881600000
tank_1089,0.0,1705881600000
tank_1090,0.0,1705881600000
tank_1091,0.0,1705881600000
tank_1094,6.0,1705881600000
tank_1095,0.0,1705881600000
tank_1104,4.764705882352941,1705881600000
tank_1113,26.0,1705881600000
tank_1116,13.470588235294118,1705881600000
tank_1117,0.0,1705881600000
tank_1120,173.0,1705881600000
tank_1121,126.0,1705881600000
tank_1124,15.0,1705881600000
tank_1128,0.0,1705881600000
tank_1134,0.047058823529411764,1705881600000
tank_1135,0.0,1705881600000
tank_1146,0.0,1705881600000
tank_1149,23.133333333333336,1705881600000
tank_1156,0.0,1705881600000
tank_1157,10.494117647058824,1705881600000
tank_1159,336.0,1705881600000
tank_1160,0.0,1705881600000
tank_1166,0.0,1705881600000
tank_1170,17.721568627450978,1705881600000
tank_1175,0.0,1705881600000
tank_1177,8.125490196078431,1705881600000
tank_1179,12.0,1705881600000
tank_1181,123.94117647058823,1705881600000
tank_1186,0.0,1705881600000
tank_1187,27.16862745098039,1705881600000
tank_1190,0.0,1705881600000
tank_1192,0.0,1705881600000
tank_1196,3.0,1705881600000
tank_1197,1516.0,1705881600000
tank_1201,0.0,1705881600000
tank_1203,23.850980392156863,1705881600000
tank_1205,2.0,1705881600000
tank_1209,1109.0,1705881600000
tank_1217,0.0,1705881600000
tank_1223,0.0,1705881600000
tank_1226,44.98823529411764,1705881600000
tank_1228,0.0,1705881600000
tank_1230,0.0,1705881600000
tank_1237,0.0,1705881600000
tank_1239,820.0,1705881600000
tank_1245,0.0,1705881600000
tank_1246,0.0,1705881600000
tank_1250,0.0,1705881600000
tank_1254,84.0,1705881600000
tank_1255,5.662745098039217,1705881600000
tank_1258,4.0,1705881600000
tank_1261,0.0,1705881600000
tank_1262,14.647058823529411,1705881600000
tank_1263,0.0,1705881600000
tank_1265,0.0,1705881600000
tank_1270,0.0,1705881600000
tank_1272,25.79607843137255,1705881600000
tank_1275,4.749019607843137,1705881600000
tank_1276,151.0,1705881600000
tank_1279,0.0,1705881600000
tank_1280,1.8745098039215686,1705881600000
tank_1284,0.0,1705881600000
tank_1285,0.0,1705881600000
tank_1286,90.0,1705881600000
tank_1290,3.0,1705881600000
tank_1291,0.0,1705881600000
tank_1293,0.0,1705881600000
tank_1295,0.0,1705881600000
tank_1297,0.0,1705881600000
tank_1301,0.0,1705881600000
tank_1302,0.0,1705881600000
tank_1304,0.0,1705881600000
tank_1305,5.0,1705881600000
tank_1313,1166.0,1705881600000
tank_1322,0.0,1705881600000
tank_1325,0.0,1705881600000
tank_1326,0.0,1705881600000
tank_1344,2.1137254901960785,1705881600000
tank_1346,0.0,1705881600000
tank_1349,0.0,1705881600000
tank_1353,1152.0,1705881600000
tank_1358,0.0,1705881600000
tank_1359,13.576470588235294,1705881600000
tank_1361,850.0,1705881600000
tank_1364,392.0,1705881600000
tank_1365,0.0,1705881600000
tank_1372,0.0,1705881600000
tank_1374,171.0,1705881600000
tank_1378,531.0,1705881600000
tank_1380,22.0,1705881600000
tank_1386,11.0,1705881600000
tank_1391,0.0,1705881600000
tank_1393,0.0,1705881600000
tank_1396,0.0,1705881600000
tank_1397,0.0,1705881600000
tank_1403,0.0,1705881600000
tank_1409,2.0,1705881600000
tank_1412,0.0,1705881600000
tank_1415,3.462745098039216,1705881600000
tank_1416,1.0,1705881600000
tank_1421,412.2196078431372,1705881600000
tank_1422,4.862745098039216,1705881600000
tank_1425,255.0,1705881600000
tank_1426,49.8156862745098,1705881600000
tank_1430,0.0,1705881600000
tank_1433,380.0,1705881600000
tank_1438,0.0,1705881600000
tank_1439,0.0,1705881600000
tank_1441,0.0,1705881600000
tank_1443,0.0,1705881600000
tank_1445,0.0,1705881600000
tank_1446,0.0,1705881600000
tank_1450,0.0,1705881600000
tank_1452,0.0,1705881600000
tank_1456,0.15294117647058825,1705881600000
tank_1466,0.0,1705881600000
tank_1471,3.0,1705881600000
tank_1475,0.0,1705881600000
tank_1486,630.0,1705881600000
tank_1488,54.0,1705881600000
tank_1491,0.0,1705881600000
tank_1500,0.0,1705881600000
tank_1505,160.0,1705881600000
tank_1513,535.0,1705881600000
tank_1531,0.0,1705881600000
tank_1536,2.0,1705881600000
tank_1539,197.0,1705881600000
tank_1541,0.0,1705881600000
tank_1542,0.0,1705881600000
tank_1547,123.0,1705881600000
tank_1563,0.0,1705881600000
tank_1564,0.0,1705881600000
tank_1565,273.0,1705881600000
tank_1567,0.0,1705881600000
tank_1568,0.0,1705881600000
tank_1573,0.0,1705881600000
tank_1583,0.0,1705881600000
tank_1587,853.0,1705881600000
tank_1588,0.0,1705881600000
tank_1592,7.0,1705881600000
tank_1594,35.0,1705881600000
tank_1595,0.0,1705881600000
tank_1597,103.0,1705881600000
tank_1598,2.1803921568627453,1705881600000
tank_1600,18.8,1705881600000
tank_1604,0.0,1705881600000
tank_0002,0.9843137254901961,1706918400000
tank_0004,0.0,1706918400000
tank_0005,0.0,1706918400000
tank_0011,0.0,1706918400000
tank_0014,6.28235294117647,1706918400000
tank_0019,0.0,1706918400000
tank_0024,21.811764705882354,1706918400000
tank_0025,3.0,1706918400000
tank_0026,2.8196078431372547,1706918400000
tank_0027,0.0,1706918400000
tank_0030,1.0,1706918400000
tank_0031,6.0588235294117645,1706918400000
tank_0036,0.0,1706918400000
tank_0037,10.682352941176472,1706918400000
tank_0038,16.64705882352941,1706918400000
tank_0050,0.0,1706918400000
tank_0051,0.0,1706918400000
tank_0052,4.254901960784314,1706918400000
tank_0053,37.839215686274514,1706918400000
tank_0055,0.7333333333333333,1706918400000
tank_0057,2.0,1706918400000
tank_0058,0.0,1706918400000
tank_0064,6.235294117647059,1706918400000
tank_0069,58.53333333333334,1706918400000
tank_0072,0.0,1706918400000
tank_0073,0.0,1706918400000
tank_0080,18.0,1706918400000
tank_0094,0.0,1706918400000
tank_0107,0.0,1706918400000
tank_0110,6.3882352941176475,1706918400000
tank_0113,46.09019607843137,1706918400000
tank_0115,2.5254901960784313,1706918400000
tank_0116,0.4117647058823529,1706918400000
tank_0117,111.0,1706918400000
tank_0118,3.0,1706918400000
tank_0122,0.0,1706918400000
tank_0125,9.945098039215686,1706918400000
tank_0130,7.074509803921568,1706918400000
tank_0131,0.0,1706918400000
tank_0132,0.0,1706918400000
tank_0134,0.0,1706918400000
tank_0135,0.0,1706918400000
tank_0142,1.0,1706918400000
tank_0143,0.0,1706918400000
tank_0144,0.0,1706918400000
tank_0148,3.4745098039215687,1706918400000
tank_0153,4.0,1706918400000
tank_0156,62.729411764705894,1706918400000
tank_0159,4.247058823529412,1706918400000
tank_0165,1.0274509803921568,1706918400000
tank_0171,0.0,1706918400000
tank_0172,0.0,1706918400000
tank_0174,5.282352941176471,1706918400000
tank_0176,26.95686274509804,1706918400000
tank_0184,2.3333333333333335,1706918400000
tank_0187,3.0,1706918400000
tank_0190,9.992156862745098,1706918400000
tank_0192,1.0,1706918400000
tank_0193,10.28235294117647,1706918400000
tank_0195,54.45882352941178,1706918400000
tank_0199,4.0549019607843135,1706918400000
tank_0204,24.0,1706918400000
tank_0205,0.0,1706918400000
tank_0207,0.0,1706918400000
tank_0209,0.0,1706918400000
tank_0213,0.0,1706918400000
tank_0217,0.0,1706918400000
tank_0220,2.0,1706918400000
tank_0221,6.349019607843137,1706918400000
tank_0225,0.0,1706918400000
tank_0226,12.909803921568628,1706918400000
tank_0228,0.0,1706918400000
tank_0229,0.0,1706918400000
tank_0231,0.0,1706918400000
tank_0233,0.0,1706918400000
tank_0236,1.0,1706918400000
tank_0237,0.0,1706918400000
tank_0240,0.0,1706918400000
tank_0242,0.0,1706918400000
tank_0245,5.235294117647058,1706918400000
tank_0247,7.0,1706918400000
tank_0256,0.0,1706918400000
tank_0257,0.0,1706918400000
tank_0260,0.1607843137254902,1706918400000
tank_0261,3.0,1706918400000
tank_0264,0.0,1706918400000
tank_0273,22.0,1706918400000
tank_0276,8.0,1706918400000
tank_0278,2.43921568627451,1706918400000
tank_0280,0.0,1706918400000
tank_0291,0.0,1706918400000
tank_0292,1.3607843137254902,1706918400000
tank_0296,0.0,1706918400000
tank_0297,0.0,1706918400000
tank_0299,2.0,1706918400000
tank_0300,13.16470588235294,1706918400000
tank_0301,3.145098039215686,1706918400000
tank_0307,0.0,1706918400000
tank_0309,4.0,1706918400000
tank_0313,3.0,1706918400000
tank_0314,3.0,1706918400000
tank_0319,3.0,1706918400000
tank_0321,0.0,1706918400000
tank_0327,0.0,1706918400000
tank_0337,3.1019607843137256,1706918400000
tank_0338,7.603921568627451,1706918400000
tank_0339,40.52549019607842,1706918400000
tank_0342,35.04705882352941,1706918400000
tank_0345,3.337254901960784,1706918400000
tank_0346,0.6,1706918400000
tank_0349,169.0,1706918400000
tank_0350,1.0901960784313727,1706918400000
tank_0353,19.647058823529413,1706918400000
tank_0356,0.0,1706918400000
tank_0360,0.0,1706918400000
tank_0361,13.149019607843137,1706918400000
tank_0362,0.0,1706918400000
tank_0364,0.0,1706918400000
tank_0366,9.470588235294118,1706918400000
tank_0369,0.0,1706918400000
tank_0375,0.0,1706918400000
tank_0379,5.047058823529412,1706918400000
tank_0381,0.0,1706918400000
tank_0386,2.0,1706918400000
tank_0390,8.0,1706918400000
tank_0397,0.0,1706918400000
tank_0399,10.447058823529412,1706918400000
tank_0404,1.0,1706918400000
tank_0409,0.0,1706918400000
tank_0420,0.0,1706918400000
tank_0425,0.0,1706918400000
tank_0431,0.0,1706918400000
tank_0432,1.0,1706918400000
tank_0435,0.0,1706918400000
tank_0436,0.0,1706918400000
tank_0438,0.0,1706918400000
tank_0443,3.670588235294118,1706918400000
tank_0444,0.0,1706918400000
tank_0447,62.050980392156866,1706918400000
tank_0448,0.0,1706918400000
tank_0449,0.0,1706918400000
tank_0455,10.964705882352941,1706918400000
tank_0460,0.0,1706918400000
tank_0462,0.0,1706918400000
tank_0466,0.0,1706918400000
tank_0471,0.0,1706918400000
tank_0473,13.0,1706918400000
tank_0474,0.0,1706918400000
tank_0481,10.92549019607843,1706918400000
tank_0485,0.0,1706918400000
tank_0489,0.0,1706918400000
tank_0491,0.0,1706918400000
tank_0494,11.788235294117644,1706918400000
tank_0497,2.0,1706918400000
tank_0498,2.537254901960784,1706918400000
tank_0502,0.0,1706918400000
tank_0505,9.192156862745097,1706918400000
tank_0509,0.0,1706918400000
tank_0512,196.0,1706918400000
tank_0514,0.0,1706918400000
tank_0515,1.0,1706918400000
tank_0521,0.0,1706918400000
tank_0524,2.0,1706918400000
tank_0526,0.0,1706918400000
tank_0533,0.0,1706918400000
tank_0534,0.0,1706918400000
tank_0536,0.0,1706918400000
tank_0537,0.0,1706918400000
tank_0541,12.137254901960786,1706918400000
tank_0547,1.8745098039215686,1706918400000
tank_0552,0.0,1706918400000
tank_0555,0.0,1706918400000
tank_0556,0.0,1706918400000
tank_0557,0.0,1706918400000
tank_0560,0.0,1706918400000
tank_0561,0.0,1706918400000
tank_0566,0.0,1706918400000
tank_0567,1.4392156862745098,1706918400000
tank_0568,46.06666666666666,1706918400000
tank_0574,0.0,1706918400000
tank_0579,371.0,1706918400000
tank_0583,0.0,1706918400000
tank_0587,0.0,1706918400000
tank_0589,3.537254901960784,1706918400000
tank_0590,14.0,1706918400000
tank_0592,0.0,1706918400000
tank_0593,2.0,1706918400000
tank_0595,2.0,1706918400000
tank_0600,0.0,1706918400000
tank_0604,0.0,1706918400000
tank_0606,22.0,1706918400000
tank_0607,6.4980392156862745,1706918400000
tank_0608,0.0,1706918400000
tank_0610,0.0,1706918400000
tank_0611,0.0,1706918400000
tank_0612,3.443137254901961,1706918400000
tank_0613,0.0,1706918400000
tank_0619,0.0,1706918400000
tank_0626,0.0,1706918400000
tank_0627,0.0784313725490196,1706918400000
tank_0628,0.0,1706918400000
tank_0632,11.772549019607844,1706918400000
tank_0633,0.0,1706918400000
tank_0639,0.0,1706918400000
tank_0640,0.0,1706918400000
tank_0641,0.0,1706918400000
tank_0643,19.83921568627451,1706918400000
tank_0646,2.2509803921568627,1706918400000
tank_0663,0.0,1706918400000
tank_0664,0.0,1706918400000
tank_0666,0.0,1706918400000
tank_0667,6.690196078431373,1706918400000
tank_0670,0.0,1706918400000
tank_0675,0.0,1706918400000
tank_0676,48.0,1706918400000
tank_0678,0.0,1706918400000
tank_0681,0.0,1706918400000
tank_0687,0.0,1706918400000
tank_0688,325.0,1706918400000
tank_0697,0.0,1706918400000
tank_0720,3.003921568627451,1706918400000
tank_0722,3.4862745098039216,1706918400000
tank_0724,23.592156862745096,1706918400000
tank_0725,5.0,1706918400000
tank_0728,0.0,1706918400000
tank_0730,0.0,1706918400000
tank_0731,389.0,1706918400000
tank_0732,2.0352941176470587,1706918400000
tank_0737,240.0,1706918400000
tank_0739,3.462745098039216,1706918400000
tank_0740,31.349019607843132,1706918400000
tank_0746,3.9176470588235293,1706918400000
tank_0748,0.0,1706918400000
tank_0749,16.392156862745097,1706918400000
tank_0752,19.0,1706918400000
tank_0760,0.0,1706918400000
tank_0770,0.0,1706918400000
tank_0772,3.8078431372549018,1706918400000
tank_0788,0.0,1706918400000
tank_0789,0.0,1706918400000
tank_0792,115.51764705882354,1706918400000
tank_0797,2.0,1706918400000
tank_0800,29.0,1706918400000
tank_0802,11.792156862745095,1706918400000
tank_0803,1.0,1706918400000
tank_0808,3.392156862745098,1706918400000
tank_0810,19.0,1706918400000
tank_0811,12.341176470588236,1706918400000
tank_0812,57.0,1706918400000
tank_0813,2.0,1706918400000
tank_0816,0.00392156862745098,1706918400000
tank_0819,5.364705882352942,1706918400000
tank_0823,0.0,1706918400000
tank_0824,0.0,1706918400000
tank_0825,0.0,1706918400000
tank_0828,0.0,1706918400000
tank_0829,0.0,1706918400000
tank_0830,0.0,1706918400000
tank_0831,0.0,1706918400000
tank_0844,0.0,1706918400000
tank_0852,12.0,1706918400000
tank_0855,44.0,1706918400000
tank_0856,799.0,1706918400000
tank_0860,18.0,1706918400000
tank_0861,0.0,1706918400000
tank_0872,0.0,1706918400000
tank_0875,57.0,1706918400000
tank_0879,0.0,1706918400000
tank_0885,0.25098039215686274,1706918400000
tank_0891,0.0,1706918400000
tank_0894,1249.0,1706918400000
tank_0898,507.0,1706918400000
tank_0900,44.674509803921566,1706918400000
tank_0901,0.0,1706918400000
tank_0902,97.0,1706918400000
tank_0914,0.0,1706918400000
tank_0917,181.0,1706918400000
tank_0919,0.0,1706918400000
tank_0920,10.211764705882352,1706918400000
tank_0922,167.0,1706918400000
tank_0923,6.4980392156862745,1706918400000
tank_0924,9.698039215686274,1706918400000
tank_0926,15.047058823529412,1706918400000
tank_0927,5.631372549019607,1706918400000
tank_0928,0.0,1706918400000
tank_0930,52.0,1706918400000
tank_0931,0.0,1706918400000
tank_0933,0.0,1706918400000
tank_0934,2.0,1706918400000
tank_0937,1.6431372549019607,1706918400000
tank_0938,4.0,1706918400000
tank_0939,0.0,1706918400000
tank_0944,0.0,1706918400000
tank_0946,13.91764705882353,1706918400000
tank_0952,3.780392156862745,1706918400000
tank_0958,0.0,1706918400000
tank_0962,1513.0,1706918400000
tank_0967,1.0901960784313727,1706918400000
tank_0975,0.0,1706918400000
tank_0978,78.19215686274511,1706918400000
tank_0990,0.0,1706918400000
tank_0991,0.0,1706918400000
tank_0998,0.0,1706918400000
tank_0999,0.0,1706918400000
tank_1003,212.0,1706918400000
tank_1004,16.0,1706918400000
tank_1014,0.0,1706918400000
tank_1026,55.0,1706918400000
tank_1031,24.0,1706918400000
tank_1032,3.7098039215686276,1706918400000
tank_1034,0.0,1706918400000
tank_1042,37.0,1706918400000
tank_1045,0.0,1706918400000
tank_1049,0.0,1706918400000
tank_1055,0.0,1706918400000
tank_1061,0.0,1706918400000
tank_1062,4.64313725490196,1706918400000
tank_1064,0.0,1706918400000
tank_1065,2.0,1706918400000
tank_1066,11.050980392156863,1706918400000
tank_1070,1.0,1706918400000
tank_1073,0.0,1706918400000
tank_1083,223.0,1706918400000
tank_1086,12.0,1706918400000
tank_1088,5.788235294117647,1706918400000
tank_1089,1.0,1706918400000
tank_1090,0.0,1706918400000
tank_1091,0.0,1706918400000
tank_1094,2.0,1706918400000
tank_1095,0.0,1706918400000
tank_1104,2.0,1706918400000
tank_1113,11.0,1706918400000
tank_1116,21.250980392156862,1706918400000
tank_1117,0.0,1706918400000
tank_1120,192.0,1706918400000
tank_1121,79.0,1706918400000
tank_1124,10.0,1706918400000
tank_1128,0.0,1706918400000
tank_1134,0.0,1706918400000
tank_1135,0.0,1706918400000
tank_1146,0.0,1706918400000
tank_1149,27.41176470588235,1706918400000
tank_1156,0.0,1706918400000
tank_1157,8.737254901960783,1706918400000
tank_1159,277.0,1706918400000
tank_1160,4.0,1706918400000
tank_1166,0.0,1706918400000
tank_1170,20.24313725490196,1706918400000
tank_1175,0.0,1706918400000
tank_1177,4.9372549019607845,1706918400000
tank_1179,1.1607843137254903,1706918400000
tank_1181,127.91764705882353,1706918400000
tank_1186,0.0,1706918400000
tank_1187,30.2078431372549,1706918400000
tank_1190,0.0,1706918400000
tank_1192,0.0,1706918400000
tank_1196,0.0,1706918400000
tank_1197,1729.0,1706918400000
tank_1201,0.0,1706918400000
tank_1203,6.301960784313726,1706918400000
tank_1205,0.0,1706918400000
tank_1209,1108.0,1706918400000
tank_1217,0.0,1706918400000
tank_1223,0.0,1706918400000
tank_1226,44.25098039215686,1706918400000
tank_1228,0.0,1706918400000
tank_1230,0.0,1706918400000
tank_1237,0.0,1706918400000
tank_1239,800.0,1706918400000
tank_1245,0.0,1706918400000
tank_1246,3.0,1706918400000
tank_1250,0.0,1706918400000
tank_1254,5.0,1706918400000
tank_1255,4.419607843137255,1706918400000
tank_1258,1.0,1706918400000
tank_1261,0.0,1706918400000
tank_1262,5.64313725490196,1706918400000
tank_1263,0.0,1706918400000
tank_1265,0.0,1706918400000
tank_1270,0.0,1706918400000
tank_1272,22.737254901960785,1706918400000
tank_1275,7.325490196078431,1706918400000
tank_1276,139.95294117647057,1706918400000
tank_1279,0.0,1706918400000
tank_1280,3.145098039215686,1706918400000
tank_1284,1.2,1706918400000
tank_1285,0.0,1706918400000
tank_1286,71.0,1706918400000
tank_1290,6.0,1706918400000
tank_1291,0.0,1706918400000
tank_1293,0.0,1706918400000
tank_1295,0.0,1706918400000
tank_1297,0.0,1706918400000
tank_1301,0.0,1706918400000
tank_1302,0.0,1706918400000
tank_1304,0.0,1706918400000
tank_1305,0.0,1706918400000
tank_1313,1132.0,1706918400000
tank_1322,0.0,1706918400000
tank_1325,0.0,1706918400000
tank_1326,0.0,1706918400000
tank_1344,11.458823529411767,1706918400000
tank_1346,0.0,1706918400000
tank_1349,0.0,1706918400000
tank_1353,1172.0,1706918400000
tank_1358,0.0,1706918400000
tank_1359,0.0,1706918400000
tank_1361,684.0,1706918400000
tank_1364,307.0,1706918400000
tank_1365,0.0,1706918400000
tank_1372,0.0,1706918400000
tank_1374,136.0,1706918400000
tank_1378,534.0,1706918400000
tank_1380,23.0,1706918400000
tank_1386,0.0,1706918400000
tank_1391,0.0,1706918400000
tank_1393,0.0,1706918400000
tank_1396,0.0,1706918400000
tank_1397,0.0,1706918400000
tank_1403,0.0,1706918400000
tank_1409,0.0,1706918400000
tank_1412,0.0,1706918400000
tank_1415,0.0,1706918400000
tank_1416,6.0,1706918400000
tank_1421,318.29411764705884,1706918400000
tank_1422,5.2705882352941185,1706918400000
tank_1425,226.0,1706918400000
tank_1426,28.898039215686275,1706918400000
tank_1430,0.0,1706918400000
tank_1433,335.0,1706918400000
tank_1438,0.0,1706918400000
tank_1439,3.0,1706918400000
tank_1441,0.0,1706918400000
tank_1443,2.015686274509804,1706918400000
tank_1445,0.0,1706918400000
tank_1446,0.0,1706918400000
tank_1450,0.0,1706918400000
tank_1452,0.0,1706918400000
tank_1456,8.505882352941176,1706918400000
tank_1466,0.0,1706918400000
tank_1471,0.7803921568627451,1706918400000
tank_1475,0.0,1706918400000
tank_1486,595.0,1706918400000
tank_1488,37.0,1706918400000
tank_1491,0.0,1706918400000
tank_1500,0.0,1706918400000
tank_1505,116.0,1706918400000
tank_1513,290.0,1706918400000
tank_1531,0.0,1706918400000
tank_1536,8.0,1706918400000
tank_1539,163.0,1706918400000
tank_1541,0.0,1706918400000
tank_1542,0.0,1706918400000
tank_1547,85.0,1706918400000
tank_1563,0.0,1706918400000
tank_1564,0.0,1706918400000
tank_1565,316.0,1706918400000
tank_1567,3.0,1706918400000
tank_1568,0.0,1706918400000
tank_1573,0.0,1706918400000
tank_1583,0.0,1706918400000
tank_1587,824.0,1706918400000
tank_1588,0.0,1706918400000
tank_1592,3.0,1706918400000
tank_1594,29.0,1706918400000
tank_1595,5.737254901960784,1706918400000
tank_1597,49.0,1706918400000
tank_1598,1.1803921568627451,1706918400000
tank_1600,7.0,1706918400000
tank_1604,0.0,1706918400000
tank_0002,0.054901960784313725,1707955200000
tank_0004,1.5686274509803921,1707955200000
tank_0005,0.0,1707955200000
tank_0011,0.0,1707955200000
tank_0014,14.827450980392157,1707955200000
tank_0019,0.0,1707955200000
tank_0024,30.549019607843135,1707955200000
tank_0025,0.0,1707955200000
tank_0026,2.0,1707955200000
tank_0027,2.0,1707955200000
tank_0030,0.0,1707955200000
tank_0031,12.239215686274509,1707955200000
tank_0036,0.0,1707955200000
tank_0037,6.0,1707955200000
tank_0038,10.866666666666667,1707955200000
tank_0050,0.0,1707955200000
tank_0051,0.0,1707955200000
tank_0052,5.854901960784314,1707955200000
tank_0053,48.46666666666667,1707955200000
tank_0055,3.011764705882353,1707955200000
tank_0057,2.0,1707955200000
tank_0058,0.0,1707955200000
tank_0064,1.0156862745098039,1707955200000
tank_0069,63.0,1707955200000
tank_0072,0.0,1707955200000
tank_0073,0.6705882352941177,1707955200000
tank_0080,14.0,1707955200000
tank_0094,0.0,1707955200000
tank_0107,0.0,1707955200000
tank_0110,9.925490196078432,1707955200000
tank_0113,43.529411764705884,1707955200000
tank_0115,2.1921568627450982,1707955200000
tank_0116,0.0,1707955200000
tank_0117,136.0,1707955200000
tank_0118,11.0,1707955200000
tank_0122,0.0,1707955200000
tank_0125,3.16078431372549,1707955200000
tank_0130,3.980392156862745,1707955200000
tank_0131,0.0,1707955200000
tank_0132,0.0,1707955200000
tank_0134,0.0,1707955200000
tank_0135,10.564705882352941,1707955200000
tank_0142,7.196078431372548,1707955200000
tank_0143,0.0,1707955200000
tank_0144,0.0,1707955200000
tank_0148,3.0,1707955200000
tank_0153,20.72156862745098,1707955200000
tank_0156,68.45490196078431,1707955200000
tank_0159,4.6117647058823525,1707955200000
tank_0165,0.34509803921568627,1707955200000
tank_0171,0.0,1707955200000
tank_0172,0.0,1707955200000
tank_0174,22.16470588235294,1707955200000
tank_0176,0.6235294117647059,1707955200000
tank_0184,3.333333333333333,1707955200000
tank_0187,4.835294117647059,1707955200000
tank_0190,8.454901960784314,1707955200000
tank_0192,7.756862745098038,1707955200000
tank_0193,8.71372549019608,1707955200000
tank_0195,54.921568627450974,1707955200000
tank_0199,0.43137254901960786,1707955200000
tank_0204,21.0,1707955200000
tank_0205,2.0,1707955200000
tank_0207,0.0,1707955200000
tank_0209,0.0,1707955200000
tank_0213,1.0705882352941178,1707955200000
tank_0217,3.850980392156863,1707955200000
tank_0220,4.658823529411765,1707955200000
tank_0221,19.701960784313723,1707955200000
tank_0225,0.0,1707955200000
tank_0226,17.0,1707955200000
tank_0228,0.0,1707955200000
tank_0229,0.0,1707955200000
tank_0231,0.0,1707955200000
tank_0233,4.2745098039215685,1707955200000
tank_0236,2.0,1707955200000
tank_0237,1.4470588235294117,1707955200000
tank_0240,0.6588235294117647,1707955200000
tank_0242,5.745098039215687,1707955200000
tank_0245,6.392156862745098,1707955200000
tank_0247,4.0,1707955200000
tank_0256,1.0,1707955200000
tank_0257,1.4980392156862745,1707955200000
tank_0260,1.3490196078431373,1707955200000
tank_0261,0.37254901960784315,1707955200000
tank_0264,0.0,1707955200000
tank_0273,21.0,1707955200000
tank_0276,2.0,1707955200000
tank_0278,2.572549019607843,1707955200000
tank_0280,0.0,1707955200000
tank_0291,0.0,1707955200000
tank_0292,0.0,1707955200000
tank_0296,0.0,1707955200000
tank_0297,0.0,1707955200000
tank_0299,9.376470588235295,1707955200000
tank_0300,14.278431372549017,1707955200000
tank_0301,7.152941176470589,1707955200000
tank_0307,0.0,1707955200000
tank_0309,2.0,1707955200000
tank_0313,6.96078431372549,1707955200000
tank_0314,2.0,1707955200000
tank_0319,0.0,1707955200000
tank_0321,6.0,1707955200000
tank_0327,0.0,1707955200000
tank_0337,3.0156862745098043,1707955200000
tank_0338,0.0,1707955200000
tank_0339,53.54509803921568,1707955200000
tank_0342,34.235294117647065,1707955200000
tank_0345,1.0,1707955200000
tank_0346,0.0,1707955200000
tank_0349,179.0,1707955200000
tank_0350,0.0,1707955200000
tank_0353,29.46666666666666,1707955200000
tank_0356,0.0,1707955200000
tank_0360,1.6980392156862745,1707955200000
tank_0361,10.0,1707955200000
tank_0362,0.0,1707955200000
tank_0364,1.0,1707955200000
tank_0366,10.172549019607843,1707955200000
tank_0369,0.0,1707955200000
tank_0375,0.0,1707955200000
tank_0379,3.607843137254902,1707955200000
tank_0381,0.0,1707955200000
tank_0386,17.886274509803922,1707955200000
tank_0390,7.0,1707955200000
tank_0397,0.011764705882352941,1707955200000
tank_0399,0.0,1707955200000
tank_0404,0.0,1707955200000
tank_0409,0.803921568627451,1707955200000
tank_0420,0.12549019607843137,1707955200000
tank_0425,0.0,1707955200000
tank_0431,0.0,1707955200000
tank_0432,5.0,1707955200000
tank_0435,5.0,1707955200000
tank_0436,0.0,1707955200000
tank_0438,0.4196078431372549,1707955200000
tank_0443,0.0,1707955200000
tank_0444,0.0,1707955200000
tank_0447,51.31764705882353,1707955200000
tank_0448,0.0,1707955200000
tank_0449,0.2980392156862745,1707955200000
tank_0455,10.60392156862745,1707955200000
tank_0460,3.9058823529411764,1707955200000
tank_0462,0.0,1707955200000
tank_0466,0.0,1707955200000
tank_0471,0.0,1707955200000
tank_0473,12.666666666666668,1707955200000
tank_0474,0.0,1707955200000
tank_0481,18.984313725490193,1707955200000
tank_0485,0.0,1707955200000
tank_0489,2.0,1707955200000
tank_0491,0.0,1707955200000
tank_0494,4.556862745098039,1707955200000
tank_0497,6.8274509803921575,1707955200000
tank_0498,6.090196078431372,1707955200000
tank_0502,2.0,1707955200000
tank_0505,4.796078431372549,1707955200000
tank_0509,0.0,1707955200000
tank_0512,191.0,1707955200000
tank_0514,0.0,1707955200000
tank_0515,0.34509803921568627,1707955200000
tank_0521,0.0,1707955200000
tank_0524,0.0,1707955200000
tank_0526,0.0,1707955200000
tank_0533,0.0,1707955200000
tank_0534,0.0,1707955200000
tank_0536,0.0,1707955200000
tank_0537,0.0,1707955200000
tank_0541,24.196078431372555,1707955200000
tank_0547,4.0,1707955200000
tank_0552,0.0,1707955200000
tank_0555,0.0,1707955200000
tank_0556,2.435294117647059,1707955200000
tank_0557,0.12549019607843137,1707955200000
tank_0560,0.0,1707955200000
tank_0561,0.08627450980392157,1707955200000
tank_0566,0.0,1707955200000
tank_0567,4.764705882352941,1707955200000
tank_0568,52.13725490196079,1707955200000
tank_0574,0.0,1707955200000
tank_0579,266.0,1707955200000
tank_0583,0.0,1707955200000
tank_0587,0.0,1707955200000
tank_0589,0.0,1707955200000
tank_0590,27.619607843137253,1707955200000
tank_0592,0.0,1707955200000
tank_0593,6.333333333333334,1707955200000
tank_0595,0.0,1707955200000
tank_0600,0.0,1707955200000
tank_0604,0.0,1707955200000
tank_0606,7.4980392156862745,1707955200000
tank_0607,4.250980392156863,1707955200000
tank_0608,0.0,1707955200000
tank_0610,2.0,1707955200000
tank_0611,0.0,1707955200000
tank_0612,3.2588235294117647,1707955200000
tank_0613,0.0,1707955200000
tank_0619,1.8823529411764706,1707955200000
tank_0626,0.0,1707955200000
tank_0627,0.15294117647058825,1707955200000
tank_0628,0.0,1707955200000
tank_0632,7.258823529411765,1707955200000
tank_0633,0.0,1707955200000
tank_0639,0.0,1707955200000
tank_0640,0.0,1707955200000
tank_0641,0.0,1707955200000
tank_0643,31.85882352941177,1707955200000
tank_0646,5.0,1707955200000
tank_0663,0.0,1707955200000
tank_0664,0.0,1707955200000
tank_0666,4.0,1707955200000
tank_0667,17.8,1707955200000
tank_0670,0.0,1707955200000
tank_0675,0.25098039215686274,1707955200000
tank_0676,10.0,1707955200000
tank_0678,0.5019607843137255,1707955200000
tank_0681,0.0,1707955200000
tank_0687,0.0,1707955200000
tank_0688,348.0,1707955200000
tank_0697,0.0,1707955200000
tank_0720,4.086274509803922,1707955200000
tank_0722,4.952941176470588,1707955200000
tank_0724,16.92941176470588,1707955200000
tank_0725,3.0,1707955200000
tank_0728,0.0,1707955200000
tank_0730,0.0,1707955200000
tank_0731,93.0,1707955200000
tank_0732,1.035294117647059,1707955200000
tank_0737,191.0,1707955200000
tank_0739,4.450980392156863,1707955200000
tank_0740,24.31372549019607,1707955200000
tank_0746,5.325490196078431,1707955200000
tank_0748,2.0,1707955200000
tank_0749,32.705882352941174,1707955200000
tank_0752,7.0,1707955200000
tank_0760,0.0,1707955200000
tank_0770,0.7725490196078432,1707955200000
tank_0772,0.0,1707955200000
tank_0788,0.0,1707955200000
tank_0789,0.0,1707955200000
tank_0792,93.41176470588235,1707955200000
tank_0797,0.0,1707955200000
tank_0800,12.0,1707955200000
tank_0802,36.87843137254902,1707955200000
tank_0803,0.2627450980392157,1707955200000
tank_0808,1.9058823529411764,1707955200000
tank_0810,6.0,1707955200000
tank_0811,7.392156862745098,1707955200000
tank_0812,51.0,1707955200000
tank_0813,0.0,1707955200000
tank_0816,0.0,1707955200000
tank_0819,0.0,1707955200000
tank_0823,0.0,1707955200000
tank_0824,0.0,1707955200000
tank_0825,0.0,1707955200000
tank_0828,0.0,1707955200000
tank_0829,0.0,1707955200000
tank_0830,0.0,1707955200000
tank_0831,0.0,1707955200000
tank_0844,0.0,1707955200000
tank_0852,9.980392156862745,1707955200000
tank_0855,33.0,1707955200000
tank_0856,757.0,1707955200000
tank_0860,12.0,1707955200000
tank_0861,0.0,1707955200000
tank_0872,0.0,1707955200000
tank_0875,63.0,1707955200000
tank_0879,0.0,1707955200000
tank_0885,0.0,1707955200000
tank_0891,0.0,1707955200000
tank_0894,1199.0,1707955200000
tank_0898,516.0,1707955200000
tank_0900,68.16470588235293,1707955200000
tank_0901,0.0,1707955200000
tank_0902,188.0,1707955200000
tank_0914,0.0,1707955200000
tank_0917,173.97254901960784,1707955200000
tank_0919,0.0,1707955200000
tank_0920,33.52156862745099,1707955200000
tank_0922,215.0,1707955200000
tank_0923,16.0,1707955200000
tank_0924,9.32549019607843,1707955200000
tank_0926,43.050980392156866,1707955200000
tank_0927,19.55294117647059,1707955200000
tank_0928,0.0,1707955200000
tank_0930,37.0,1707955200000
tank_0931,0.0,1707955200000
tank_0933,0.0,1707955200000
tank_0934,13.545098039215686,1707955200000
tank_0937,0.0,1707955200000
tank_0938,0.7686274509803922,1707955200000
tank_0939,0.0,1707955200000
tank_0944,0.0,1707955200000
tank_0946,10.913725490196079,1707955200000
tank_0952,1.188235294117647,1707955200000
tank_0958,0.0,1707955200000
tank_0962,957.0,1707955200000
tank_0967,0.17254901960784313,1707955200000
tank_0975,0.0,1707955200000
tank_0978,10.964705882352941,1707955200000
tank_0990,0.0,1707955200000
tank_0991,316.0,1707955200000
tank_0998,0.0,1707955200000
tank_0999,0.0,1707955200000
tank_1003,43.0,1707955200000
tank_1004,22.843137254901958,1707955200000
tank_1014,0.0,1707955200000
tank_1026,44.0,1707955200000
tank_1031,5.0,1707955200000
tank_1032,8.941176470588236,1707955200000
tank_1034,0.0,1707955200000
tank_1042,33.0,1707955200000
tank_1045,0.0,1707955200000
tank_1049,0.0,1707955200000
tank_1055,0.5568627450980392,1707955200000
tank_1061,0.0,1707955200000
tank_1062,2.8901960784313725,1707955200000
tank_1064,1.0,1707955200000
tank_1065,0.0,1707955200000
tank_1066,0.25098039215686274,1707955200000
tank_1070,0.0,1707955200000
tank_1073,0.0,1707955200000
tank_1083,216.0,1707955200000
tank_1086,18.0,1707955200000
tank_1088,8.847058823529412,1707955200000
tank_1089,0.0,1707955200000
tank_1090,0.0,1707955200000
tank_1091,0.0,1707955200000
tank_1094,1.0,1707955200000
tank_1095,0.0,1707955200000
tank_1104,1.8745098039215686,1707955200000
tank_1113,11.0,1707955200000
tank_1116,21.619607843137253,1707955200000
tank_1117,0.0,1707955200000
tank_1120,142.0,1707955200000
tank_1121,8.0,1707955200000
tank_1124,0.0,1707955200000
tank_1128,0.0,1707955200000
tank_1134,0.0,1707955200000
tank_1135,0.0,1707955200000
tank_1146,9.16470588235294,1707955200000
tank_1149,24.843137254901965,1707955200000
tank_1156,0.0,1707955200000
tank_1157,12.243137254901962,1707955200000
tank_1159,225.0,1707955200000
tank_1160,0.0,1707955200000
tank_1166,0.18823529411764706,1707955200000
tank_1170,18.24313725490196,1707955200000
tank_1175,0.0,1707955200000
tank_1177,3.611764705882353,1707955200000
tank_1179,0.0,1707955200000
tank_1181,157.8470588235294,1707955200000
tank_1186,0.0,1707955200000
tank_1187,23.207843137254905,1707955200000
tank_1190,7.568627450980392,1707955200000
tank_1192,0.0,1707955200000
tank_1196,0.0,1707955200000
tank_1197,912.0,1707955200000
tank_1201,0.0,1707955200000
tank_1203,0.0,1707955200000
tank_1205,0.0,1707955200000
tank_1209,1071.0,1707955200000
tank_1217,0.0,1707955200000
tank_1223,0.0,1707955200000
tank_1226,47.98823529411764,1707955200000
tank_1228,0.0,1707955200000
tank_1230,0.0,1707955200000
tank_1237,0.0,1707955200000
tank_1239,739.0,1707955200000
tank_1245,0.0,1707955200000
tank_1246,0.0,1707955200000
tank_1250,0.0,1707955200000
tank_1254,6.0,1707955200000
tank_1255,12.39607843137255,1707955200000
tank_1258,0.0,1707955200000
tank_1261,0.0,1707955200000
tank_1262,14.556862745098039,1707955200000
tank_1263,0.6235294117647059,1707955200000
tank_1265,0.0,1707955200000
tank_1270,0.0,1707955200000
tank_1272,22.84313725490196,1707955200000
tank_1275,8.650980392156864,1707955200000
tank_1276,154.8156862745098,1707955200000
tank_1279,0.0,1707955200000
tank_1280,1.8745098039215686,1707955200000
tank_1284,0.6352941176470588,1707955200000
tank_1285,0.0,1707955200000
tank_1286,46.0,1707955200000
tank_1290,8.0,1707955200000
tank_1291,0.0,1707955200000
tank_1293,0.0,1707955200000
tank_1295,0.0,1707955200000
tank_1297,0.0,1707955200000
tank_1301,0.0,1707955200000
tank_1302,0.0,1707955200000
tank_1304,4.0,1707955200000
tank_1305,0.0,1707955200000
tank_1313,900.0,1707955200000
tank_1322,0.0,1707955200000
tank_1325,0.0,1707955200000
tank_1326,0.0,1707955200000
tank_1344,2.329411764705882,1707955200000
tank_1346,1.0,1707955200000
tank_1349,0.0,1707955200000
tank_1353,1159.0,1707955200000
tank_1358,0.0,1707955200000
tank_1359,0.0,1707955200000
tank_1361,631.0,1707955200000
tank_1364,233.0,1707955200000
tank_1365,0.0,1707955200000
tank_1372,0.0,1707955200000
tank_1374,129.0,1707955200000
tank_1378,490.0,1707955200000
tank_1380,18.0,1707955200000
tank_1386,0.0,1707955200000
tank_1391,0.0,1707955200000
tank_1393,0.0,1707955200000
tank_1396,0.0,1707955200000
tank_1397,0.0,1707955200000
tank_1403,0.0,1707955200000
tank_1409,0.0,1707955200000
tank_1412,0.0,1707955200000
tank_1415,0.0,1707955200000
tank_1416,2.0,1707955200000
tank_1421,381.4117647058823,1707955200000
tank_1422,3.8627450980392157,1707955200000
tank_1425,187.0,1707955200000
tank_1426,40.0,1707955200000
tank_1430,0.0,1707955200000
tank_1433,364.0,1707955200000
tank_1438,0.0,1707955200000
tank_1439,0.0,1707955200000
tank_1441,0.0,1707955200000
tank_1443,9.4,1707955200000
tank_1445,0.17254901960784313,1707955200000
tank_1446,0.0,1707955200000
tank_1450,0.0,1707955200000
tank_1452,0.0,1707955200000
tank_1456,0.0,1707955200000
tank_1466,0.0,1707955200000
tank_1471,0.0,1707955200000
tank_1475,0.0,1707955200000
tank_1486,150.0,1707955200000
tank_1488,27.0,1707955200000
tank_1491,0.0,1707955200000
tank_1500,0.0,1707955200000
tank_1505,106.0,1707955200000
tank_1513,412.0,1707955200000
tank_1531,0.0,1707955200000
tank_1536,2.0,1707955200000
tank_1539,25.0,1707955200000
tank_1541,2.0,1707955200000
tank_1542,0.0,1707955200000
tank_1547,127.0,1707955200000
tank_1563,0.0,1707955200000
tank_1564,0.0,1707955200000
tank_1565,189.0,1707955200000
tank_1567,0.0,1707955200000
tank_1568,0.0,1707955200000
tank_1573,0.0,1707955200000
tank_1583,0.0,1707955200000
tank_1587,865.0,1707955200000
tank_1588,0.0,1707955200000
tank_1592,4.0,1707955200000
tank_1594,18.0,1707955200000
tank_1595,1.0,1707955200000
tank_1597,54.0,1707955200000
tank_1598,7.098039215686274,1707955200000
tank_1600,21.545098039215684,1707955200000
tank_1604,0.0,1707955200000
tank_0002,0.0,1710028800000
tank_0004,0.0,1710028800000
tank_0005,0.0,1710028800000
tank_0011,0.0,1710028800000
tank_0014,26.458823529411767,1710028800000
tank_0019,3.396078431372549,1710028800000
tank_0024,35.741176470588236,1710028800000
tank_0025,0.0,1710028800000
tank_0026,7.258823529411765,1710028800000
tank_0027,0.807843137254902,1710028800000
tank_0030,0.0,1710028800000
tank_0031,13.964705882352941,1710028800000
tank_0036,0.3137254901960784,1710028800000
tank_0037,4.772549019607843,1710028800000
tank_0038,25.90196078431373,1710028800000
tank_0050,4.0,1710028800000
tank_0051,0.0,1710028800000
tank_0052,5.0,1710028800000
tank_0053,56.1921568627451,1710028800000
tank_0055,1.9333333333333333,1710028800000
tank_0057,0.0,1710028800000
tank_0058,0.0,1710028800000
tank_0064,7.956862745098039,1710028800000
tank_0069,77.90196078431373,1710028800000
tank_0072,0.0,1710028800000
tank_0073,0.0,1710028800000
tank_0080,12.0,1710028800000
tank_0094,0.0,1710028800000
tank_0107,0.0,1710028800000
tank_0110,13.32549019607843,1710028800000
tank_0113,50.0156862745098,1710028800000
tank_0115,0.0,1710028800000
tank_0116,0.0,1710028800000
tank_0117,112.9843137254902,1710028800000
tank_0118,3.0,1710028800000
tank_0122,0.0,1710028800000
tank_0125,3.1450980392156866,1710028800000
tank_0130,2.0,1710028800000
tank_0131,0.0,1710028800000
tank_0132,0.0,1710028800000
tank_0134,6.0,1710028800000
tank_0135,2.0,1710028800000
tank_0142,4.0,1710028800000
tank_0143,0.0,1710028800000
tank_0144,1.0,1710028800000
tank_0148,0.0,1710028800000
tank_0153,17.0,1710028800000
tank_0156,61.10980392156863,1710028800000
tank_0159,1.0,1710028800000
tank_0165,0.7843137254901961,1710028800000
tank_0171,0.0,1710028800000
tank_0172,0.0,1710028800000
tank_0174,9.44705882352941,1710028800000
tank_0176,21.796078431372546,1710028800000
tank_0184,0.6745098039215687,1710028800000
tank_0187,0.0,1710028800000
tank_0190,11.266666666666667,1710028800000
tank_0192,3.7450980392156863,1710028800000
tank_0193,2.0470588235294116,1710028800000
tank_0195,40.521568627450975,1710028800000
tank_0199,1.0,1710028800000
tank_0204,15.0,1710028800000
tank_0205,0.0,1710028800000
tank_0207,0.0,1710028800000
tank_0209,0.0,1710028800000
tank_0213,0.7607843137254902,1710028800000
tank_0217,1.0,1710028800000
tank_0220,2.0,1710028800000
tank_0221,10.12156862745098,1710028800000
tank_0225,0.0,1710028800000
tank_0226,26.149019607843137,1710028800000
tank_0228,0.0,1710028800000
tank_0229,0.0,1710028800000
tank_0231,0.0,1710028800000
tank_0233,4.250980392156863,1710028800000
tank_0236,6.0,1710028800000
tank_0237,0.0,1710028800000
tank_0240,3.2745098039215685,1710028800000
tank_0242,1.0,1710028800000
tank_0245,3.9725490196078432,1710028800000
tank_0247,2.0,1710028800000
tank_0256,7.513725490196078,1710028800000
tank_0257,1.8235294117647058,1710028800000
tank_0260,2.1254901960784314,1710028800000
tank_0261,0.0,1710028800000
tank_0264,0.0,1710028800000
tank_0273,19.0,1710028800000
tank_0276,0.0,1710028800000
tank_0278,8.0,1710028800000
tank_0280,0.0,1710028800000
tank_0291,0.0,1710028800000
tank_0292,7.701960784313725,1710028800000
tank_0296,0.0,1710028800000
tank_0297,1.2745098039215685,1710028800000
tank_0299,8.0,1710028800000
tank_0300,9.2,1710028800000
tank_0301,8.894117647058824,1710028800000
tank_0307,0.0,1710028800000
tank_0309,4.0,1710028800000
tank_0313,6.0,1710028800000
tank_0314,0.0,1710028800000
tank_0319,0.0,1710028800000
tank_0321,0.0,1710028800000
tank_0327,0.0,1710028800000
tank_0337,5.0588235294117645,1710028800000
tank_0338,6.615686274509804,1710028800000
tank_0339,23.666666666666668,1710028800000
tank_0342,38.06666666666667,1710028800000
tank_0345,0.0,1710028800000
tank_0346,0.0,1710028800000
tank_0349,141.0,1710028800000
tank_0350,0.0,1710028800000
tank_0353,20.274509803921568,1710028800000
tank_0356,0.0,1710028800000
tank_0360,0.0,1710028800000
tank_0361,12.145098039215686,1710028800000
tank_0362,3.568627450980392,1710028800000
tank_0364,5.415686274509804,1710028800000
tank_0366,35.462745098039214,1710028800000
tank_0369,0.0,1710028800000
tank_0375,0.0,1710028800000
tank_0379,14.058823529411764,1710028800000
tank_0381,0.0,1710028800000
tank_0386,8.0,1710028800000
tank_0390,6.0,1710028800000
tank_0397,0.0,1710028800000
tank_0399,0.0,1710028800000
tank_0404,4.0,1710028800000
tank_0409,0.0,1710028800000
tank_0420,0.0,1710028800000
tank_0425,0.0,1710028800000
tank_0431,0.0,1710028800000
tank_0432,0.0,1710028800000
tank_0435,7.0,1710028800000
tank_0436,0.0,1710028800000
tank_0438,0.0,1710028800000
tank_0443,0.0,1710028800000
tank_0444,0.0,1710028800000
tank_0447,58.04705882352942,1710028800000
tank_0448,0.0,1710028800000
tank_0449,0.0,1710028800000
tank_0455,8.654901960784313,1710028800000
tank_0460,5.88235294117647,1710028800000
tank_0462,0.0,1710028800000
tank_0466,0.0,1710028800000
tank_0471,1.0,1710028800000
tank_0473,4.3843137254901965,1710028800000
tank_0474,0.0,1710028800000
tank_0481,12.541176470588237,1710028800000
tank_0485,0.0,1710028800000
tank_0489,1.0,1710028800000
tank_0491,0.0,1710028800000
tank_0494,9.627450980392155,1710028800000
tank_0497,0.0,1710028800000
tank_0498,0.0,1710028800000
tank_0502,0.0,1710028800000
tank_0505,2.4745098039215687,1710028800000
tank_0509,0.0,1710028800000
tank_0512,137.0,1710028800000
tank_0514,0.0,1710028800000
tank_0515,1.0,1710028800000
tank_0521,0.0,1710028800000
tank_0524,0.0,1710028800000
tank_0526,0.0,1710028800000
tank_0533,3.0313725490196077,1710028800000
tank_0534,0.0,1710028800000
tank_0536,0.0,1710028800000
tank_0537,0.0,1710028800000
tank_0541,15.529411764705884,1710028800000
tank_0547,1.0,1710028800000
tank_0552,0.0,1710028800000
tank_0555,4.0,1710028800000
tank_0556,1.0745098039215686,1710028800000
tank_0557,0.0,1710028800000
tank_0560,13.0,1710028800000
tank_0561,0.0,1710028800000
tank_0566,0.0,1710028800000
tank_0567,0.0,1710028800000
tank_0568,43.95686274509804,1710028800000
tank_0574,0.0,1710028800000
tank_0579,310.0,1710028800000
tank_0583,2.0,1710028800000
tank_0587,0.25882352941176473,1710028800000
tank_0589,8.650980392156862,1710028800000
tank_0590,41.0,1710028800000
tank_0592,0.0,1710028800000
tank_0593,0.0,1710028800000
tank_0595,7.886274509803921,1710028800000
tank_0600,12.066666666666668,1710028800000
tank_0604,0.0,1710028800000
tank_0606,14.623529411764705,1710028800000
tank_0607,0.0,1710028800000
tank_0608,0.0,1710028800000
tank_0610,0.0,1710028800000
tank_0611,0.0,1710028800000
tank_0612,7.003921568627451,1710028800000
tank_0613,1.0,1710028800000
tank_0619,0.0,1710028800000
tank_0626,0.0,1710028800000
tank_0627,0.0,1710028800000
tank_0628,0.0,1710028800000
tank_0632,19.0,1710028800000
tank_0633,0.0,1710028800000
tank_0639,0.0,1710028800000
tank_0640,0.0,1710028800000
tank_0641,0.0,1710028800000
tank_0643,22.47843137254902,1710028800000
tank_0646,0.0,1710028800000
tank_0663,2.623529411764706,1710028800000
tank_0664,0.0,1710028800000
tank_0666,0.0,1710028800000
tank_0667,16.725490196078432,1710028800000
tank_0670,0.0,1710028800000
tank_0675,0.0,1710028800000
tank_0676,6.0,1710028800000
tank_0678,0.0,1710028800000
tank_0681,0.0,1710028800000
tank_0687,3.0,1710028800000
tank_0688,300.0,1710028800000
tank_0697,0.0,1710028800000
tank_0720,0.7647058823529411,1710028800000
tank_0722,0.0,1710028800000
tank_0724,38.603921568627456,1710028800000
tank_0725,17.0,1710028800000
tank_0728,0.0,1710028800000
tank_0730,0.0,1710028800000
tank_0731,0.0,1710028800000
tank_0732,0.0,1710028800000
tank_0737,100.0,1710028800000
tank_0739,0.0,1710028800000
tank_0740,36.529411764705884,1710028800000
tank_0746,0.0,1710028800000
tank_0748,0.0,1710028800000
tank_0749,12.741176470588236,1710028800000
tank_0752,10.235294117647058,1710028800000
tank_0760,0.0,1710028800000
tank_0770,0.0,1710028800000
tank_0772,0.0,1710028800000
tank_0788,0.0,1710028800000
tank_0789,6.0,1710028800000
tank_0792,90.94901960784313,1710028800000
tank_0797,0.0,1710028800000
tank_0800,29.92549019607843,1710028800000
tank_0802,24.635294117647057,1710028800000
tank_0803,0.4980392156862745,1710028800000
tank_0808,7.137254901960784,1710028800000
tank_0810,9.0,1710028800000
tank_0811,6.3843137254901965,1710028800000
tank_0812,52.0,1710028800000
tank_0813,0.4549019607843137,1710028800000
tank_0816,0.0,1710028800000
tank_0819,1.0,1710028800000
tank_0823,0.0,1710028800000
tank_0824,0.0,1710028800000
tank_0825,0.0,1710028800000
tank_0828,0.0,1710028800000
tank_0829,0.0,1710028800000
tank_0830,0.0,1710028800000
tank_0831,15.568627450980394,1710028800000
tank_0844,0.0,1710028800000
tank_0852,9.788235294117648,1710028800000
tank_0855,0.0,1710028800000
tank_0856,657.0,1710028800000
tank_0860,17.83137254901961,1710028800000
tank_0861,0.0,1710028800000
tank_0872,0.0,1710028800000
tank_0875,37.0,1710028800000
tank_0879,0.0,1710028800000
tank_0885,1.0,1710028800000
tank_0891,0.0,1710028800000
tank_0894,1122.0,1710028800000
tank_0898,492.87450980392157,1710028800000
tank_0900,42.96078431372549,1710028800000
tank_0901,0.0,1710028800000
tank_0902,129.0,1710028800000
tank_0914,0.0,1710028800000
tank_0917,62.0,1710028800000
tank_0919,0.0,1710028800000
tank_0920,8.094117647058823,1710028800000
tank_0922,146.0,1710028800000
tank_0923,21.75686274509804,1710028800000
tank_0924,20.8,1710028800000
tank_0926,20.32156862745098,1710028800000
tank_0927,14.741176470588236,1710028800000
tank_0928,0.0,1710028800000
tank_0930,4.0,1710028800000
tank_0931,0.0,1710028800000
tank_0933,0.0,1710028800000
tank_0934,3.0,1710028800000
tank_0937,4.0,1710028800000
tank_0938,0.0,1710028800000
tank_0939,0.0,1710028800000
tank_0944,0.0,1710028800000
tank_0946,11.0,1710028800000
tank_0952,0.0,1710028800000
tank_0958,0.0,1710028800000
tank_0962,1388.0,1710028800000
tank_0967,2.388235294117647,1710028800000
tank_0975,0.0,1710028800000
tank_0978,0.0,1710028800000
tank_0990,0.0,1710028800000
tank_0991,659.0,1710028800000
tank_0998,0.0,1710028800000
tank_0999,0.0,1710028800000
tank_1003,0.0,1710028800000
tank_1004,11.109803921568627,1710028800000
tank_1014,0.0,1710028800000
tank_1026,33.0,1710028800000
tank_1031,0.0,1710028800000
tank_1032,2.7254901960784315,1710028800000
tank_1034,0.0,1710028800000
tank_1042,45.57254901960784,1710028800000
tank_1045,0.0,1710028800000
tank_1049,0.0,1710028800000
tank_1055,0.6274509803921569,1710028800000
tank_1061,0.0,1710028800000
tank_1062,3.992156862745098,1710028800000
tank_1064,0.0,1710028800000
tank_1065,0.0,1710028800000
tank_1066,8.282352941176471,1710028800000
tank_1070,0.0,1710028800000
tank_1073,0.0,1710028800000
tank_1083,202.0,1710028800000
tank_1086,13.627450980392158,1710028800000
tank_1088,8.901960784313726,1710028800000
tank_1089,0.0,1710028800000
tank_1090,0.0,1710028800000
tank_1091,0.0,1710028800000
tank_1094,0.0,1710028800000
tank_1095,0.21176470588235294,1710028800000
tank_1104,0.0,1710028800000
tank_1113,3.0,1710028800000
tank_1116,23.49411764705882,1710028800000
tank_1117,0.0,1710028800000
tank_1120,458.4392156862745,1710028800000
tank_1121,10.0,1710028800000
tank_1124,14.0,1710028800000
tank_1128,0.0,1710028800000
tank_1134,1.2823529411764705,1710028800000
tank_1135,0.0,1710028800000
tank_1146,3.88235294117647,1710028800000
tank_1149,15.945098039215686,1710028800000
tank_1156,0.0,1710028800000
tank_1157,7.43921568627451,1710028800000
tank_1159,54.0,1710028800000
tank_1160,0.0,1710028800000
tank_1166,0.0,1710028800000
tank_1170,10.72156862745098,1710028800000
tank_1175,0.0,1710028800000
tank_1177,2.611764705882353,1710028800000
tank_1179,15.066666666666666,1710028800000
tank_1181,161.85882352941178,1710028800000
tank_1186,0.0,1710028800000
tank_1187,21.14117647058824,1710028800000
tank_1190,4.0,1710028800000
tank_1192,0.0,1710028800000
tank_1196,0.0,1710028800000
tank_1197,1635.0,1710028800000
tank_1201,0.0,1710028800000
tank_1203,8.250980392156862,1710028800000
tank_1205,0.0,1710028800000
tank_1209,1055.0,1710028800000
tank_1217,0.0,1710028800000
tank_1223,0.0,1710028800000
tank_1226,21.0,1710028800000
tank_1228,0.0,1710028800000
tank_1230,0.0,1710028800000
tank_1237,0.2196078431372549,1710028800000
tank_1239,568.0,1710028800000
tank_1245,0.0,1710028800000
tank_1246,11.823529411764707,1710028800000
tank_1250,0.0,1710028800000
tank_1254,4.0,1710028800000
tank_1255,14.184313725490197,1710028800000
tank_1258,1.0,1710028800000
tank_1261,2.1215686274509804,1710028800000
tank_1262,9.925490196078432,1710028800000
tank_1263,0.0,1710028800000
tank_1265,0.0,1710028800000
tank_1270,0.0,1710028800000
tank_1272,15.0,1710028800000
tank_1275,7.0588235294117645,1710028800000
tank_1276,95.95294117647059,1710028800000
tank_1279,0.0,1710028800000
tank_1280,3.16078431372549,1710028800000
tank_1284,2.549019607843137,1710028800000
tank_1285,0.0,1710028800000
tank_1286,53.0,1710028800000
tank_1290,0.0,1710028800000
tank_1291,0.0,1710028800000
tank_1293,0.0,1710028800000
tank_1295,0.0,1710028800000
tank_1297,0.0,1710028800000
tank_1301,0.0,1710028800000
tank_1302,0.0,1710028800000
tank_1304,2.32156862745098,1710028800000
tank_1305,0.0,1710028800000
tank_1313,1033.0,1710028800000
tank_1322,0.0,1710028800000
tank_1325,0.0,1710028800000
tank_1326,0.0,1710028800000
tank_1344,0.0,1710028800000
tank_1346,3.976470588235294,1710028800000
tank_1349,1.6235294117647059,1710028800000
tank_1353,1144.0,1710028800000
tank_1358,0.0,1710028800000
tank_1359,0.0,1710028800000
tank_1361,437.0,1710028800000
tank_1364,205.0,1710028800000
tank_1365,0.0,1710028800000
tank_1372,0.0,1710028800000
tank_1374,92.0,1710028800000
tank_1378,399.8666666666667,1710028800000
tank_1380,23.0,1710028800000
tank_1386,0.0,1710028800000
tank_1391,0.0,1710028800000
tank_1393,2.462745098039216,1710028800000
tank_1396,0.0,1710028800000
tank_1397,0.0,1710028800000
tank_1403,0.0,1710028800000
tank_1409,0.0,1710028800000
tank_1412,0.0,1710028800000
tank_1415,0.0,1710028800000
tank_1416,0.0,1710028800000
tank_1421,212.0,1710028800000
tank_1422,3.43921568627451,1710028800000
tank_1425,212.0,1710028800000
tank_1426,3.9137254901960783,1710028800000
tank_1430,0.0,1710028800000
tank_1433,334.0,1710028800000
tank_1438,0.0,1710028800000
tank_1439,0.0,1710028800000
tank_1441,0.0,1710028800000
tank_1443,13.392156862745098,1710028800000
tank_1445,0.0,1710028800000
tank_1446,0.0,1710028800000
tank_1450,0.0,1710028800000
tank_1452,0.0,1710028800000
tank_1456,0.0,1710028800000
tank_1466,0.0,1710028800000
tank_1471,0.0,1710028800000
tank_1475,0.0,1710028800000
tank_1486,515.0,1710028800000
tank_1488,14.0,1710028800000
tank_1491,0.0,1710028800000
tank_1500,0.0,1710028800000
tank_1505,30.0,1710028800000
tank_1513,280.0,1710028800000
tank_1531,0.0,1710028800000
tank_1536,0.0,1710028800000
tank_1539,116.0,1710028800000
tank_1541,0.0,1710028800000
tank_1542,0.0,1710028800000
tank_1547,20.0,1710028800000
tank_1563,0.0,1710028800000
tank_1564,0.0,1710028800000
tank_1565,19.0,1710028800000
tank_1567,0.0,1710028800000
tank_1568,0.0,1710028800000
tank_1573,0.0,1710028800000
tank_1583,0.0,1710028800000
tank_1587,781.0,1710028800000
tank_1588,0.0,1710028800000
tank_1592,5.0,1710028800000
tank_1594,0.0,1710028800000
tank_1595,1.988235294117647,1710028800000
tank_1597,2.0,1710028800000
tank_1598,1.0,1710028800000
tank_1600,13.635294117647058,1710028800000
tank_1604,10.862745098039216,1710028800000
tank_0002,1.4823529411764707,1711065600000
tank_0004,3.0,1711065600000
tank_0005,0.0,1711065600000
tank_0011,0.0,1711065600000
tank_0014,38.509803921568626,1711065600000
tank_0019,0.0,1711065600000
tank_0024,49.807843137254906,1711065600000
tank_0025,0.0,1711065600000
tank_0026,5.0,1711065600000
tank_0027,0.0,1711065600000
tank_0030,0.8274509803921568,1711065600000
tank_0031,4.607843137254902,1711065600000
tank_0036,0.0,1711065600000
tank_0037,2.8980392156862744,1711065600000
tank_0038,19.074509803921572,1711065600000
tank_0050,11.250980392156862,1711065600000
tank_0051,0.0,1711065600000
tank_0052,3.3607843137254902,1711065600000
tank_0053,47.67843137254903,1711065600000
tank_0055,6.066666666666667,1711065600000
tank_0057,0.0,1711065600000
tank_0058,0.0,1711065600000
tank_0064,10.427450980392157,1711065600000
tank_0069,69.10196078431372,1711065600000
tank_0072,0.0,1711065600000
tank_0073,0.0,1711065600000
tank_0080,11.0,1711065600000
tank_0094,0.0,1711065600000
tank_0107,1.0,1711065600000
tank_0110,20.0,1711065600000
tank_0113,38.04313725490196,1711065600000
tank_0115,4.525490196078431,1711065600000
tank_0116,0.996078431372549,1711065600000
tank_0117,92.0,1711065600000
tank_0118,4.0,1711065600000
tank_0122,0.0,1711065600000
tank_0125,0.07450980392156863,1711065600000
tank_0130,5.266666666666667,1711065600000
tank_0131,0.0,1711065600000
tank_0132,0.0,1711065600000
tank_0134,3.545098039215686,1711065600000
tank_0135,3.0,1711065600000
tank_0142,0.0,1711065600000
tank_0143,0.0,1711065600000
tank_0144,0.0,1711065600000
tank_0148,14.0,1711065600000
tank_0153,17.0,1711065600000
tank_0156,69.1058823529412,1711065600000
tank_0159,5.807843137254901,1711065600000
tank_0165,2.6509803921568627,1711065600000
tank_0171,0.0,1711065600000
tank_0172,0.0,1711065600000
tank_0174,19.15686274509804,1711065600000
tank_0176,30.458823529411763,1711065600000
tank_0184,2.0,1711065600000
tank_0187,5.964705882352941,1711065600000
tank_0190,4.329411764705882,1711065600000
tank_0192,1.8980392156862744,1711065600000
tank_0193,9.066666666666666,1711065600000
tank_0195,67.18823529411767,1711065600000
tank_0199,1.1529411764705881,1711065600000
tank_0204,14.0,1711065600000
tank_0205,0.0,1711065600000
tank_0207,0.0,1711065600000
tank_0209,4.576470588235294,1711065600000
tank_0213,0.0,1711065600000
tank_0217,0.0,1711065600000
tank_0220,1.8862745098039215,1711065600000
tank_0221,13.015686274509804,1711065600000
tank_0225,0.0,1711065600000
tank_0226,14.270588235294117,1711065600000
tank_0228,0.0,1711065600000
tank_0229,5.0,1711065600000
tank_0231,2.3019607843137253,1711065600000
tank_0233,5.125490196078431,1711065600000
tank_0236,0.0,1711065600000
tank_0237,0.0,1711065600000
tank_0240,2.1843137254901963,1711065600000
tank_0242,2.0,1711065600000
tank_0245,4.074509803921568,1711065600000
tank_0247,0.0,1711065600000
tank_0256,3.784313725490196,1711065600000
tank_0257,6.466666666666667,1711065600000
tank_0260,2.623529411764706,1711065600000
tank_0261,0.0,1711065600000
tank_0264,0.0,1711065600000
tank_0273,12.0,1711065600000
tank_0276,2.0,1711065600000
tank_0278,1.0,1711065600000
tank_0280,0.0,1711065600000
tank_0291,0.0,1711065600000
tank_0292,11.643137254901962,1711065600000
tank_0296,0.0,1711065600000
tank_0297,1.7607843137254902,1711065600000
tank_0299,11.28235294117647,1711065600000
tank_0300,14.4,1711065600000
tank_0301,9.894117647058824,1711065600000
tank_0307,0.0,1711065600000
tank_0309,0.0,1711065600000
tank_0313,6.0,1711065600000
tank_0314,6.1803921568627445,1711065600000
tank_0319,0.0,1711065600000
tank_0321,0.0,1711065600000
tank_0327,4.635294117647058,1711065600000
tank_0337,7.976470588235294,1711065600000
tank_0338,9.423529411764704,1711065600000
tank_0339,31.35686274509804,1711065600000
tank_0342,36.15294117647059,1711065600000
tank_0345,0.0,1711065600000
tank_0346,0.4549019607843137,1711065600000
tank_0349,149.0,1711065600000
tank_0350,0.3764705882352941,1711065600000
tank_0353,23.682352941176468,1711065600000
tank_0356,0.0,1711065600000
tank_0360,0.0,1711065600000
tank_0361,16.0,1711065600000
tank_0362,0.0,1711065600000
tank_0364,3.0,1711065600000
tank_0366,14.79607843137255,1711065600000
tank_0369,0.0,1711065600000
tank_0375,0.0,1711065600000
tank_0379,27.349019607843147,1711065600000
tank_0381,0.0,1711065600000
tank_0386,9.372549019607844,1711065600000
tank_0390,16.0,1711065600000
tank_0397,0.0,1711065600000
tank_0399,0.0,1711065600000
tank_0404,0.0,1711065600000
tank_0409,0.0,1711065600000
tank_0420,0.0,1711065600000
tank_0425,0.0,1711065600000
tank_0431,0.0,1711065600000
tank_0432,0.0,1711065600000
tank_0435,0.0,1711065600000
tank_0436,0.0,1711065600000
tank_0438,0.0,1711065600000
tank_0443,0.0,1711065600000
tank_0444,0.0,1711065600000
tank_0447,37.294117647058826,1711065600000
tank_0448,0.0,1711065600000
tank_0449,0.47058823529411764,1711065600000
tank_0455,7.1607843137254905,1711065600000
tank_0460,2.2784313725490195,1711065600000
tank_0462,0.0,1711065600000
tank_0466,6.0,1711065600000
tank_0471,1.2627450980392156,1711065600000
tank_0473,8.258823529411764,1711065600000
tank_0474,0.0,1711065600000
tank_0481,13.031372549019608,1711065600000
tank_0485,0.0,1711065600000
tank_0489,0.0,1711065600000
tank_0491,0.0,1711065600000
tank_0494,4.898039215686275,1711065600000
tank_0497,2.756862745098039,1711065600000
tank_0498,0.09803921568627451,1711065600000
tank_0502,0.0,1711065600000
tank_0505,4.0,1711065600000
tank_0509,0.0,1711065600000
tank_0512,111.0,1711065600000
tank_0514,0.0,1711065600000
tank_0515,7.345098039215686,1711065600000
tank_0521,0.0,1711065600000
tank_0524,2.9137254901960787,1711065600000
tank_0526,0.0,1711065600000
tank_0533,0.0,1711065600000
tank_0534,0.0,1711065600000
tank_0536,0.0,1711065600000
tank_0537,0.0,1711065600000
tank_0541,11.015686274509806,1711065600000
tank_0547,0.0,1711065600000
tank_0552,0.0,1711065600000
tank_0555,0.0,1711065600000
tank_0556,1.4392156862745096,1711065600000
tank_0557,2.0274509803921568,1711065600000
tank_0560,6.0,1711065600000
tank_0561,0.0,1711065600000
tank_0566,0.0,1711065600000
tank_0567,0.0,1711065600000
tank_0568,32.603921568627456,1711065600000
tank_0574,0.0,1711065600000
tank_0579,270.0,1711065600000
tank_0583,0.0,1711065600000
tank_0587,0.0,1711065600000
tank_0589,3.4784313725490192,1711065600000
tank_0590,16.0,1711065600000
tank_0592,0.0,1711065600000
tank_0593,0.0,1711065600000
tank_0595,1.0,1711065600000
tank_0600,8.341176470588236,1711065600000
tank_0604,0.0,1711065600000
tank_0606,21.0,1711065600000
tank_0607,0.0,1711065600000
tank_0608,0.0,1711065600000
tank_0610,2.937254901960784,1711065600000
tank_0611,0.0,1711065600000
tank_0612,3.8509803921568624,1711065600000
tank_0613,0.0,1711065600000
tank_0619,2.0,1711065600000
tank_0626,0.0,1711065600000
tank_0627,1.011764705882353,1711065600000
tank_0628,0.615686274509804,1711065600000
tank_0632,18.0,1711065600000
tank_0633,0.0,1711065600000
tank_0639,0.0,1711065600000
tank_0640,0.0,1711065600000
tank_0641,0.0,1711065600000
tank_0643,30.976470588235294,1711065600000
tank_0646,1.0,1711065600000
tank_0663,3.0,1711065600000
tank_0664,0.0,1711065600000
tank_0666,0.0,1711065600000
tank_0667,14.533333333333335,1711065600000
tank_0670,0.0,1711065600000
tank_0675,0.0,1711065600000
tank_0676,0.0,1711065600000
tank_0678,4.0,1711065600000
tank_0681,0.0,1711065600000
tank_0687,0.0,1711065600000
tank_0688,325.0,1711065600000
tank_0697,1.0,1711065600000
tank_0720,0.7647058823529411,1711065600000
tank_0722,5.874509803921569,1711065600000
tank_0724,27.470588235294116,1711065600000
tank_0725,11.0,1711065600000
tank_0728,1.4549019607843139,1711065600000
tank_0730,0.615686274509804,1711065600000
tank_0731,0.0,1711065600000
tank_0732,2.803921568627451,1711065600000
tank_0737,47.0,1711065600000
tank_0739,0.0,1711065600000
tank_0740,30.917647058823526,1711065600000
tank_0746,0.0,1711065600000
tank_0748,2.0,1711065600000
tank_0749,15.094117647058823,1711065600000
tank_0752,6.368627450980392,1711065600000
tank_0760,0.0,1711065600000
tank_0770,4.819607843137255,1711065600000
tank_0772,3.0,1711065600000
tank_0788,0.0,1711065600000
tank_0789,0.0,1711065600000
tank_0792,102.49019607843137,1711065600000
tank_0797,0.0,1711065600000
tank_0800,19.807843137254906,1711065600000
tank_0802,20.341176470588238,1711065600000
tank_0803,0.0,1711065600000
tank_0808,12.792156862745099,1711065600000
tank_0810,3.0,1711065600000
tank_0811,6.486274509803922,1711065600000
tank_0812,48.0,1711065600000
tank_0813,0.0,1711065600000
tank_0816,0.0,1711065600000
tank_0819,0.0,1711065600000
tank_0823,0.0,1711065600000
tank_0824,0.0,1711065600000
tank_0825,0.0,1711065600000
tank_0828,0.0,1711065600000
tank_0829,0.0,1711065600000
tank_0830,0.0,1711065600000
tank_0831,9.886274509803922,1711065600000
tank_0844,0.0,1711065600000
tank_0852,19.031372549019608,1711065600000
tank_0855,0.0,1711065600000
tank_0856,609.0,1711065600000
tank_0860,5.0,1711065600000
tank_0861,0.0,1711065600000
tank_0872,0.0,1711065600000
tank_0875,16.0,1711065600000
tank_0879,0.0,1711065600000
tank_0885,0.0,1711065600000
tank_0891,0.0,1711065600000
tank_0894,859.0,1711065600000
tank_0898,399.0,1711065600000
tank_0900,44.772549019607844,1711065600000
tank_0901,0.0,1711065600000
tank_0902,234.0,1711065600000
tank_0914,0.0,1711065600000
tank_0917,38.0,1711065600000
tank_0919,0.0,1711065600000
tank_0920,5.317647058823529,1711065600000
tank_0922,127.0,1711065600000
tank_0923,17.0,1711065600000
tank_0924,8.364705882352943,1711065600000
tank_0926,17.192156862745097,1711065600000
tank_0927,5.925490196078432,1711065600000
tank_0928,0.0,1711065600000
tank_0930,0.0,1711065600000
tank_0931,0.0,1711065600000
tank_0933,8.0,1711065600000
tank_0934,25.0,1711065600000
tank_0937,0.0,1711065600000
tank_0938,7.247058823529412,1711065600000
tank_0939,0.0,1711065600000
tank_0944,0.0,1711065600000
tank_0946,14.909803921568628,1711065600000
tank_0952,0.8745098039215686,1711065600000
tank_0958,1.784313725490196,1711065600000
tank_0962,1361.0,1711065600000
tank_0967,2.4705882352941178,1711065600000
tank_0975,0.0,1711065600000
tank_0978,0.0,1711065600000
tank_0990,0.0,1711065600000
tank_0991,500.0,1711065600000
tank_0998,0.0,1711065600000
tank_0999,0.0,1711065600000
tank_1003,6.0,1711065600000
tank_1004,21.513725490196077,1711065600000
tank_1014,0.0,1711065600000
tank_1026,19.0,1711065600000
tank_1031,0.0,1711065600000
tank_1032,10.36078431372549,1711065600000
tank_1034,0.0,1711065600000
tank_1042,43.43529411764706,1711065600000
tank_1045,0.0,1711065600000
tank_1049,0.0,1711065600000
tank_1055,0.3176470588235294,1711065600000
tank_1061,0.0,1711065600000
tank_1062,2.0,1711065600000
tank_1064,0.0,1711065600000
tank_1065,0.0,1711065600000
tank_1066,3.2509803921568627,1711065600000
tank_1070,0.0,1711065600000
tank_1073,0.0,1711065600000
tank_1083,168.0,1711065600000
tank_1086,27.35686274509804,1711065600000
tank_1088,4.0,1711065600000
tank_1089,0.0,1711065600000
tank_1090,0.0,1711065600000
tank_1091,0.0,1711065600000
tank_1094,0.0,1711065600000
tank_1095,0.0,1711065600000
tank_1104,0.0,1711065600000
tank_1113,0.0,1711065600000
tank_1116,21.701960784313727,1711065600000
tank_1117,0.0,1711065600000
tank_1120,401.78823529411767,1711065600000
tank_1121,0.0,1711065600000
tank_1124,12.0,1711065600000
tank_1128,0.0,1711065600000
tank_1134,3.0,1711065600000
tank_1135,0.0,1711065600000
tank_1146,0.0,1711065600000
tank_1149,12.705882352941176,1711065600000
tank_1156,0.0,1711065600000
tank_1157,4.862745098039215,1711065600000
tank_1159,2.0,1711065600000
tank_1160,0.0,1711065600000
tank_1166,0.0,1711065600000
tank_1170,8.654901960784313,1711065600000
tank_1175,0.0,1711065600000
tank_1177,0.16078431372549018,1711065600000
tank_1179,5.145098039215686,1711065600000
tank_1181,146.73333333333335,1711065600000
tank_1186,0.0,1711065600000
tank_1187,28.254901960784313,1711065600000
tank_1190,0.0,1711065600000
tank_1192,0.0,1711065600000
tank_1196,0.0,1711065600000
tank_1197,1383.0,1711065600000
tank_1201,0.0,1711065600000
tank_1203,0.0,1711065600000
tank_1205,4.0,1711065600000
tank_1209,877.0,1711065600000
tank_1217,0.0,1711065600000
tank_1223,0.0,1711065600000
tank_1226,5.0,1711065600000
tank_1228,0.0,1711065600000
tank_1230,0.0,1711065600000
tank_1237,0.0,1711065600000
tank_1239,479.0,1711065600000
tank_1245,0.0,1711065600000
tank_1246,4.96078431372549,1711065600000
tank_1250,0.0,1711065600000
tank_1254,0.0,1711065600000
tank_1255,28.027450980392157,1711065600000
tank_1258,0.0,1711065600000
tank_1261,2.0,1711065600000
tank_1262,8.278431372549019,1711065600000
tank_1263,0.0,1711065600000
tank_1265,0.0,1711065600000
tank_1270,0.0,1711065600000
tank_1272,21.745098039215687,1711065600000
tank_1275,1.0,1711065600000
tank_1276,79.95294117647059,1711065600000
tank_1279,0.0,1711065600000
tank_1280,6.094117647058823,1711065600000
tank_1284,0.0,1711065600000
tank_1285,0.0,1711065600000
tank_1286,49.0,1711065600000
tank_1290,4.0,1711065600000
tank_1291,0.0,1711065600000
tank_1293,0.0,1711065600000
tank_1295,0.0,1711065600000
tank_1297,0.0,1711065600000
tank_1301,0.0,1711065600000
tank_1302,0.0,1711065600000
tank_1304,0.0,1711065600000
tank_1305,0.0,1711065600000
tank_1313,889.0,1711065600000
tank_1322,0.0,1711065600000
tank_1325,0.0,1711065600000
tank_1326,1.0,1711065600000
tank_1344,0.0,1711065600000
tank_1346,4.0,1711065600000
tank_1349,1.0941176470588236,1711065600000
tank_1353,954.0,1711065600000
tank_1358,0.0,1711065600000
tank_1359,0.0,1711065600000
tank_1361,349.0,1711065600000
tank_1364,171.0,1711065600000
tank_1365,0.0,1711065600000
tank_1372,0.0,1711065600000
tank_1374,62.0,1711065600000
tank_1378,312.0,1711065600000
tank_1380,18.0,1711065600000
tank_1386,0.0,1711065600000
tank_1391,0.0,1711065600000
tank_1393,0.0,1711065600000
tank_1396,0.0,1711065600000
tank_1397,0.0,1711065600000
tank_1403,0.0,1711065600000
tank_1409,0.0,1711065600000
tank_1412,0.0,1711065600000
tank_1415,0.0,1711065600000
tank_1416,0.0,1711065600000
tank_1421,244.0,1711065600000
tank_1422,3.3607843137254902,1711065600000
tank_1425,229.0,1711065600000
tank_1426,0.0,1711065600000
tank_1430,0.0,1711065600000
tank_1433,326.8156862745098,1711065600000
tank_1438,0.0,1711065600000
tank_1439,0.0,1711065600000
tank_1441,0.0,1711065600000
tank_1443,13.79607843137255,1711065600000
tank_1445,0.0,1711065600000
tank_1446,0.0,1711065600000
tank_1450,0.0,1711065600000
tank_1452,0.0,1711065600000
tank_1456,0.15294117647058825,1711065600000
tank_1466,3.0901960784313727,1711065600000
tank_1471,0.0,1711065600000
tank_1475,0.0,1711065600000
tank_1486,0.0,1711065600000
tank_1488,13.0,1711065600000
tank_1491,0.0,1711065600000
tank_1500,0.0,1711065600000
tank_1505,0.0,1711065600000
tank_1513,226.0,1711065600000
tank_1531,0.0,1711065600000
tank_1536,3.0,1711065600000
tank_1539,104.0,1711065600000
tank_1541,0.0,1711065600000
tank_1542,0.0,1711065600000
tank_1547,53.0,1711065600000
tank_1563,0.0,1711065600000
tank_1564,0.0,1711065600000
tank_1565,158.0,1711065600000
tank_1567,2.0,1711065600000
tank_1568,0.0,1711065600000
tank_1573,0.0,1711065600000
tank_1583,0.0,1711065600000
tank_1587,504.0,1711065600000
tank_1588,0.0,1711065600000
tank_1592,6.0,1711065600000
tank_1594,0.0,1711065600000
tank_1595,13.149019607843137,1711065600000
tank_1597,0.0,1711065600000
tank_1598,0.0,1711065600000
tank_1600,13.0,1711065600000
tank_1604,11.862745098039216,1711065600000
tank_0002,1.9215686274509804,1712102400000
tank_0004,0.4784313725490196,1712102400000
tank_0005,0.0,1712102400000
tank_0011,0.0,1712102400000
tank_0014,28.698039215686276,1712102400000
tank_0019,0.0,1712102400000
tank_0024,45.639215686274504,1712102400000
tank_0025,0.4823529411764706,1712102400000
tank_0026,1.0,1712102400000
tank_0027,0.0,1712102400000
tank_0030,0.0,1712102400000
tank_0031,20.176470588235293,1712102400000
tank_0036,1.0431372549019606,1712102400000
tank_0037,4.0,1712102400000
tank_0038,28.47450980392157,1712102400000
tank_0050,9.0,1712102400000
tank_0051,0.0,1712102400000
tank_0052,0.0,1712102400000
tank_0053,27.51764705882353,1712102400000
tank_0055,0.0,1712102400000
tank_0057,0.0,1712102400000
tank_0058,0.0,1712102400000
tank_0064,7.027450980392158,1712102400000
tank_0069,50.07843137254902,1712102400000
tank_0072,0.0,1712102400000
tank_0073,0.0,1712102400000
tank_0080,10.0,1712102400000
tank_0094,0.0,1712102400000
tank_0107,3.0,1712102400000
tank_0110,14.792156862745099,1712102400000
tank_0113,45.34117647058824,1712102400000
tank_0115,0.8745098039215686,1712102400000
tank_0116,0.0,1712102400000
tank_0117,59.0,1712102400000
tank_0118,5.0,1712102400000
tank_0122,0.0,1712102400000
tank_0125,0.7058823529411765,1712102400000
tank_0130,9.235294117647058,1712102400000
tank_0131,0.0,1712102400000
tank_0132,0.0,1712102400000
tank_0134,0.0,1712102400000
tank_0135,1.0,1712102400000
tank_0142,1.4117647058823528,1712102400000
tank_0143,0.0,1712102400000
tank_0144,0.0,1712102400000
tank_0148,7.803921568627451,1712102400000
tank_0153,20.0,1712102400000
tank_0156,70.47450980392159,1712102400000
tank_0159,2.0,1712102400000
tank_0165,2.6509803921568627,1712102400000
tank_0171,0.0,1712102400000
tank_0172,0.0,1712102400000
tank_0174,7.7176470588235295,1712102400000
tank_0176,36.443137254901956,1712102400000
tank_0184,0.0,1712102400000
tank_0187,0.0,1712102400000
tank_0190,10.945098039215686,1712102400000
tank_0192,1.2470588235294118,1712102400000
tank_0193,1.3058823529411765,1712102400000
tank_0195,47.86666666666666,1712102400000
tank_0199,0.0,1712102400000
tank_0204,3.0,1712102400000
tank_0205,0.0,1712102400000
tank_0207,0.0,1712102400000
tank_0209,0.0,1712102400000
tank_0213,0.38823529411764707,1712102400000
tank_0217,0.0,1712102400000
tank_0220,2.0,1712102400000
tank_0221,5.168627450980392,1712102400000
tank_0225,0.0,1712102400000
tank_0226,17.599999999999998,1712102400000
tank_0228,0.0,1712102400000
tank_0229,0.0,1712102400000
tank_0231,1.7529411764705882,1712102400000
tank_0233,0.12549019607843137,1712102400000
tank_0236,2.0,1712102400000
tank_0237,2.0705882352941174,1712102400000
tank_0240,12.003921568627451,1712102400000
tank_0242,0.0,1712102400000
tank_0245,9.156862745098037,1712102400000
tank_0247,0.0,1712102400000
tank_0256,2.0,1712102400000
tank_0257,8.0,1712102400000
tank_0260,2.1254901960784314,1712102400000
tank_0261,0.0,1712102400000
tank_0264,0.0,1712102400000
tank_0273,10.0,1712102400000
tank_0276,0.0,1712102400000
tank_0278,5.8,1712102400000
tank_0280,0.0,1712102400000
tank_0291,0.0,1712102400000
tank_0292,8.615686274509802,1712102400000
tank_0296,0.0,1712102400000
tank_0297,0.0,1712102400000
tank_0299,8.399999999999999,1712102400000
tank_0300,15.6,1712102400000
tank_0301,3.6549019607843136,1712102400000
tank_0307,0.0,1712102400000
tank_0309,4.0,1712102400000
tank_0313,3.0,1712102400000
tank_0314,0.06666666666666667,1712102400000
tank_0319,0.0,1712102400000
tank_0321,0.0,1712102400000
tank_0327,0.11764705882352941,1712102400000
tank_0337,3.0,1712102400000
tank_0338,5.0,1712102400000
tank_0339,43.666666666666664,1712102400000
tank_0342,46.129411764705885,1712102400000
tank_0345,0.0,1712102400000
tank_0346,0.0,1712102400000
tank_0349,131.0,1712102400000
tank_0350,0.0,1712102400000
tank_0353,23.49411764705882,1712102400000
tank_0356,0.0,1712102400000
tank_0360,0.0,1712102400000
tank_0361,20.694117647058825,1712102400000
tank_0362,0.0,1712102400000
tank_0364,2.0,1712102400000
tank_0366,13.117647058823529,1712102400000
tank_0369,0.0,1712102400000
tank_0375,0.0,1712102400000
tank_0379,12.996078431372549,1712102400000
tank_0381,0.0,1712102400000
tank_0386,9.0,1712102400000
tank_0390,3.0,1712102400000
tank_0397,2.0,1712102400000
tank_0399,1.0,1712102400000
tank_0404,0.0,1712102400000
tank_0409,0.0,1712102400000
tank_0420,0.0,1712102400000
tank_0425,0.0,1712102400000
tank_0431,0.0,1712102400000
tank_0432,0.0,1712102400000
tank_0435,0.0,1712102400000
tank_0436,0.0,1712102400000
tank_0438,0.0,1712102400000
tank_0443,0.0,1712102400000
tank_0444,0.0,1712102400000
tank_0447,49.17254901960784,1712102400000
tank_0448,0.0,1712102400000
tank_0449,0.0,1712102400000
tank_0455,7.584313725490196,1712102400000
tank_0460,8.76862745098039,1712102400000
tank_0462,0.0,1712102400000
tank_0466,0.0,1712102400000
tank_0471,5.643137254901961,1712102400000
tank_0473,7.890196078431373,1712102400000
tank_0474,0.0,1712102400000
tank_0481,21.023529411764706,1712102400000
tank_0485,0.0,1712102400000
tank_0489,0.0,1712102400000
tank_0491,0.0,1712102400000
tank_0494,3.898039215686275,1712102400000
tank_0497,2.0,1712102400000
tank_0498,0.34901960784313724,1712102400000
tank_0502,0.0,1712102400000
tank_0505,14.749019607843138,1712102400000
tank_0509,0.0,1712102400000
tank_0512,26.0,1712102400000
tank_0514,0.0,1712102400000
tank_0515,8.035294117647059,1712102400000
tank_0521,2.0,1712102400000
tank_0524,5.0,1712102400000
tank_0526,0.0,1712102400000
tank_0533,1.7137254901960786,1712102400000
tank_0534,0.0,1712102400000
tank_0536,0.0,1712102400000
tank_0537,0.0,1712102400000
tank_0541,1.823529411764706,1712102400000
tank_0547,0.0,1712102400000
tank_0552,2.0,1712102400000
tank_0555,0.0,1712102400000
tank_0556,0.9568627450980391,1712102400000
tank_0557,2.2509803921568627,1712102400000
tank_0560,10.0,1712102400000
tank_0561,0.0,1712102400000
tank_0566,0.0,1712102400000
tank_0567,0.0,1712102400000
tank_0568,70.7921568627451,1712102400000
tank_0574,0.0,1712102400000
tank_0579,204.0,1712102400000
tank_0583,0.0,1712102400000
tank_0587,7.921568627450981,1712102400000
tank_0589,2.992156862745098,1712102400000
tank_0590,58.61960784313725,1712102400000
tank_0592,3.0,1712102400000
tank_0593,0.0,1712102400000
tank_0595,7.513725490196078,1712102400000
tank_0600,12.901960784313728,1712102400000
tank_0604,0.9294117647058824,1712102400000
tank_0606,28.294117647058822,1712102400000
tank_0607,1.0823529411764707,1712102400000
tank_0608,0.0,1712102400000
tank_0610,1.5529411764705883,1712102400000
tank_0611,0.0,1712102400000
tank_0612,0.7254901960784315,1712102400000
tank_0613,0.0,1712102400000
tank_0619,0.0,1712102400000
tank_0626,0.0,1712102400000
tank_0627,0.0,1712102400000
tank_0628,0.7215686274509804,1712102400000
tank_0632,26.529411764705884,1712102400000
tank_0633,0.0,1712102400000
tank_0639,0.0,1712102400000
tank_0640,0.0,1712102400000
tank_0641,0.0,1712102400000
tank_0643,36.12156862745098,1712102400000
tank_0646,0.8,1712102400000
tank_0663,6.0,1712102400000
tank_0664,0.0,1712102400000
tank_0666,0.0,1712102400000
tank_0667,12.823529411764707,1712102400000
tank_0670,0.0,1712102400000
tank_0675,0.5019607843137255,1712102400000
tank_0676,0.0,1712102400000
tank_0678,0.0,1712102400000
tank_0681,2.0,1712102400000
tank_0687,0.0,1712102400000
tank_0688,258.0,1712102400000
tank_0697,0.0,1712102400000
tank_0720,5.294117647058824,1712102400000
tank_0722,0.0,1712102400000
tank_0724,41.64705882352941,1712102400000
tank_0725,2.0,1712102400000
tank_0728,1.6274509803921569,1712102400000
tank_0730,2.0,1712102400000
tank_0731,0.0,1712102400000
tank_0732,0.0,1712102400000
tank_0737,33.0,1712102400000
tank_0739,0.06666666666666667,1712102400000
tank_0740,23.941176470588236,1712102400000
tank_0746,0.0,1712102400000
tank_0748,1.0,1712102400000
tank_0749,24.364705882352943,1712102400000
tank_0752,4.588235294117647,1712102400000
tank_0760,0.0,1712102400000
tank_0770,1.8745098039215686,1712102400000
tank_0772,0.0,1712102400000
tank_0788,0.0,1712102400000
tank_0789,12.003921568627451,1712102400000
tank_0792,65.56470588235294,1712102400000
tank_0797,0.0,1712102400000
tank_0800,29.462745098039218,1712102400000
tank_0802,21.26666666666667,1712102400000
tank_0803,0.0,1712102400000
tank_0808,0.8745098039215686,1712102400000
tank_0810,1.0,1712102400000
tank_0811,10.780392156862746,1712102400000
tank_0812,39.0,1712102400000
tank_0813,0.0,1712102400000
tank_0816,0.0,1712102400000
tank_0819,3.0,1712102400000
tank_0823,0.0,1712102400000
tank_0824,0.0,1712102400000
tank_0825,0.0,1712102400000
tank_0828,0.0,1712102400000
tank_0829,0.0,1712102400000
tank_0830,0.0,1712102400000
tank_0831,8.450980392156863,1712102400000
tank_0844,0.0,1712102400000
tank_0852,17.109803921568627,1712102400000
tank_0855,0.0,1712102400000
tank_0856,366.0,1712102400000
tank_0860,14.854901960784314,1712102400000
tank_0861,0.0,1712102400000
tank_0872,0.0,1712102400000
tank_0875,14.0,1712102400000
tank_0879,0.0,1712102400000
tank_0885,1.2470588235294118,1712102400000
tank_0891,0.0,1712102400000
tank_0894,249.0,1712102400000
tank_0898,358.0,1712102400000
tank_0900,39.66274509803922,1712102400000
tank_0901,0.0,1712102400000
tank_0902,59.0,1712102400000
tank_0914,0.0,1712102400000
tank_0917,11.0,1712102400000
tank_0919,0.0,1712102400000
tank_0920,11.517647058823528,1712102400000
tank_0922,103.0,1712102400000
tank_0923,14.0,1712102400000
tank_0924,12.027450980392159,1712102400000
tank_0926,42.03921568627452,1712102400000
tank_0927,12.603921568627452,1712102400000
tank_0928,0.0,1712102400000
tank_0930,0.0,1712102400000
tank_0931,0.0,1712102400000
tank_0933,16.92549019607843,1712102400000
tank_0934,10.529411764705882,1712102400000
tank_0937,3.0,1712102400000
tank_0938,1.4078431372549018,1712102400000
tank_0939,0.0,1712102400000
tank_0944,0.0,1712102400000
tank_0946,12.894117647058824,1712102400000
tank_0952,9.650980392156864,1712102400000
tank_0958,0.0,1712102400000
tank_0962,1520.0,1712102400000
tank_0967,0.38823529411764707,1712102400000
tank_0975,0.0,1712102400000
tank_0978,0.0,1712102400000
tank_0990,0.0,1712102400000
tank_0991,271.0,1712102400000
tank_0998,0.0,1712102400000
tank_0999,0.0,1712102400000
tank_1003,4.0,1712102400000
tank_1004,20.49411764705882,1712102400000
tank_1014,0.0,1712102400000
tank_1026,21.0,1712102400000
tank_1031,9.0,1712102400000
tank_1032,13.129411764705882,1712102400000
tank_1034,0.0,1712102400000
tank_1042,25.894117647058824,1712102400000
tank_1045,0.0,1712102400000
tank_1049,0.0,1712102400000
tank_1055,0.0,1712102400000
tank_1061,0.0,1712102400000
tank_1062,10.807843137254903,1712102400000
tank_1064,0.0,1712102400000
tank_1065,0.0,1712102400000
tank_1066,3.4941176470588236,1712102400000
tank_1070,0.0,1712102400000
tank_1073,0.0,1712102400000
tank_1083,187.0,1712102400000
tank_1086,19.0,1712102400000
tank_1088,0.0,1712102400000
tank_1089,0.0,1712102400000
tank_1090,0.0,1712102400000
tank_1091,0.0,1712102400000
tank_1094,0.0,1712102400000
tank_1095,0.0,1712102400000
tank_1104,0.0,1712102400000
tank_1113,0.0,1712102400000
tank_1116,19.105882352941176,1712102400000
tank_1117,0.0,1712102400000
tank_1120,267.0,1712102400000
tank_1121,6.0,1712102400000
tank_1124,7.0,1712102400000
tank_1128,0.0,1712102400000
tank_1134,0.0,1712102400000
tank_1135,0.0,1712102400000
tank_1146,0.0,1712102400000
tank_1149,33.36470588235294,1712102400000
tank_1156,0.0,1712102400000
tank_1157,5.235294117647059,1712102400000
tank_1159,0.0,1712102400000
tank_1160,1.0,1712102400000
tank_1166,0.0,1712102400000
tank_1170,6.72156862745098,1712102400000
tank_1175,0.0,1712102400000
tank_1177,0.12549019607843137,1712102400000
tank_1179,0.0,1712102400000
tank_1181,156.85882352941178,1712102400000
tank_1186,0.0,1712102400000
tank_1187,31.96078431372549,1712102400000
tank_1190,1.0,1712102400000
tank_1192,0.0,1712102400000
tank_1196,0.0,1712102400000
tank_1197,1002.0,1712102400000
tank_1201,0.0,1712102400000
tank_1203,9.721568627450981,1712102400000
tank_1205,0.0,1712102400000
tank_1209,407.0,1712102400000
tank_1217,0.0,1712102400000
tank_1223,0.0,1712102400000
tank_1226,4.0,1712102400000
tank_1228,0.0,1712102400000
tank_1230,0.0,1712102400000
tank_1237,0.0,1712102400000
tank_1239,503.0,1712102400000
tank_1245,0.0,1712102400000
tank_1246,5.0,1712102400000
tank_1250,0.0,1712102400000
tank_1254,2.0,1712102400000
tank_1255,18.811764705882354,1712102400000
tank_1258,0.0,1712102400000
tank_1261,0.11764705882352941,1712102400000
tank_1262,9.686274509803923,1712102400000
tank_1263,0.0,1712102400000
tank_1265,0.0,1712102400000
tank_1270,0.0,1712102400000
tank_1272,23.745098039215687,1712102400000
tank_1275,3.3254901960784315,1712102400000
tank_1276,96.0,1712102400000
tank_1279,0.0,1712102400000
tank_1280,14.364705882352942,1712102400000
tank_1284,5.3960784313725485,1712102400000
tank_1285,0.0,1712102400000
tank_1286,25.0,1712102400000
tank_1290,2.0,1712102400000
tank_1291,0.0,1712102400000
tank_1293,0.0,1712102400000
tank_1295,0.0,1712102400000
tank_1297,0.0,1712102400000
tank_1301,0.0,1712102400000
tank_1302,0.0,1712102400000
tank_1304,0.3215686274509804,1712102400000
tank_1305,0.0,1712102400000
tank_1313,738.0,1712102400000
tank_1322,0.0,1712102400000
tank_1325,3.0,1712102400000
tank_1326,0.0,1712102400000
tank_1344,0.0,1712102400000
tank_1346,2.0,1712102400000
tank_1349,1.0,1712102400000
tank_1353,1224.0,1712102400000
tank_1358,0.0,1712102400000
tank_1359,0.0,1712102400000
tank_1361,328.0,1712102400000
tank_1364,124.0,1712102400000
tank_1365,0.0,1712102400000
tank_1372,0.0,1712102400000
tank_1374,18.0,1712102400000
tank_1378,263.8666666666667,1712102400000
tank_1380,23.0,1712102400000
tank_1386,0.0,1712102400000
tank_1391,0.0,1712102400000
tank_1393,1.4156862745098038,1712102400000
tank_1396,0.0,1712102400000
tank_1397,0.0,1712102400000
tank_1403,0.0,1712102400000
tank_1409,0.0,1712102400000
tank_1412,0.0,1712102400000
tank_1415,0.0,1712102400000
tank_1416,0.0,1712102400000
tank_1421,218.0,1712102400000
tank_1422,7.098039215686274,1712102400000
tank_1425,179.0,1712102400000
tank_1426,2.0,1712102400000
tank_1430,0.0,1712102400000
tank_1433,292.8588235294118,1712102400000
tank_1438,0.0,1712102400000
tank_1439,0.0,1712102400000
tank_1441,0.0,1712102400000
tank_1443,13.172549019607844,1712102400000
tank_1445,0.0,1712102400000
tank_1446,0.0,1712102400000
tank_1450,0.0,1712102400000
tank_1452,5.803921568627452,1712102400000
tank_1456,0.15294117647058825,1712102400000
tank_1466,0.0,1712102400000
tank_1471,0.0,1712102400000
tank_1475,0.0,1712102400000
tank_1486,0.0,1712102400000
tank_1488,12.0,1712102400000
tank_1491,0.0,1712102400000
tank_1500,0.0,1712102400000
tank_1505,0.0,1712102400000
tank_1513,256.0,1712102400000
tank_1531,0.0,1712102400000
tank_1536,4.0,1712102400000
tank_1539,73.0,1712102400000
tank_1541,0.0,1712102400000
tank_1542,0.0,1712102400000
tank_1547,33.0,1712102400000
tank_1563,0.0,1712102400000
tank_1564,0.0,1712102400000
tank_1565,140.0,1712102400000
tank_1567,5.0,1712102400000
tank_1568,0.0,1712102400000
tank_1573,0.0,1712102400000
tank_1583,0.0,1712102400000
tank_1587,369.0,1712102400000
tank_1588,1.6235294117647059,1712102400000
tank_1592,7.745098039215686,1712102400000
tank_1594,0.0,1712102400000
tank_1595,9.32156862745098,1712102400000
tank_1597,0.0,1712102400000
tank_1598,0.0,1712102400000
tank_1600,10.28627450980392,1712102400000
tank_1604,11.074509803921568,1712102400000
tank_0002,0.0,1713139200000
tank_0004,3.796078431372549,1713139200000
tank_0005,0.0,1713139200000
tank_0011,0.0,1713139200000
tank_0014,41.08627450980392,1713139200000
tank_0019,0.0,1713139200000
tank_0024,46.89411764705883,1713139200000
tank_0025,0.0,1713139200000
tank_0026,20.545098039215684,1713139200000
tank_0027,0.0,1713139200000
tank_0030,0.0,1713139200000
tank_0031,34.490196078431374,1713139200000
tank_0036,0.0,1713139200000
tank_0037,6.125490196078431,1713139200000
tank_0038,36.207843137254905,1713139200000
tank_0050,13.650980392156864,1713139200000
tank_0051,0.37254901960784315,1713139200000
tank_0052,5.913725490196079,1713139200000
tank_0053,59.41960784313726,1713139200000
tank_0055,0.0,1713139200000
tank_0057,0.0,1713139200000
tank_0058,1.6666666666666665,1713139200000
tank_0064,6.243137254901962,1713139200000
tank_0069,57.21960784313726,1713139200000
tank_0072,0.0,1713139200000
tank_0073,0.0,1713139200000
tank_0080,15.0,1713139200000
tank_0094,0.0,1713139200000
tank_0107,0.5254901960784314,1713139200000
tank_0110,11.925490196078432,1713139200000
tank_0113,30.764705882352946,1713139200000
tank_0115,0.0,1713139200000
tank_0116,0.4117647058823529,1713139200000
tank_0117,37.0,1713139200000
tank_0118,7.0,1713139200000
tank_0122,0.0,1713139200000
tank_0125,9.023529411764706,1713139200000
tank_0130,12.513725490196078,1713139200000
tank_0131,1.0,1713139200000
tank_0132,0.0,1713139200000
tank_0134,0.0,1713139200000
tank_0135,6.376470588235294,1713139200000
tank_0142,2.792156862745098,1713139200000
tank_0143,0.0,1713139200000
tank_0144,0.0,1713139200000
tank_0148,6.113725490196078,1713139200000
tank_0153,16.0,1713139200000
tank_0156,79.50196078431374,1713139200000
tank_0159,5.125490196078432,1713139200000
tank_0165,2.650980392156863,1713139200000
tank_0171,0.0,1713139200000
tank_0172,0.9098039215686274,1713139200000
tank_0174,16.137254901960784,1713139200000
tank_0176,38.06274509803921,1713139200000
tank_0184,2.6588235294117646,1713139200000
tank_0187,2.0,1713139200000
tank_0190,12.03137254901961,1713139200000
tank_0192,0.7764705882352941,1713139200000
tank_0193,22.84705882352941,1713139200000
tank_0195,34.72941176470587,1713139200000
tank_0199,0.7137254901960784,1713139200000
tank_0204,5.0,1713139200000
tank_0205,0.0,1713139200000
tank_0207,0.0,1713139200000
tank_0209,0.0,1713139200000
tank_0213,1.215686274509804,1713139200000
tank_0217,0.0,1713139200000
tank_0220,1.0,1713139200000
tank_0221,0.9568627450980391,1713139200000
tank_0225,0.0,1713139200000
tank_0226,3.32156862745098,1713139200000
tank_0228,0.0,1713139200000
tank_0229,0.0,1713139200000
tank_0231,3.580392156862745,1713139200000
tank_0233,2.0,1713139200000
tank_0236,4.0,1713139200000
tank_0237,0.0,1713139200000
tank_0240,2.0,1713139200000
tank_0242,3.0,1713139200000
tank_0245,8.588235294117645,1713139200000
tank_0247,0.0,1713139200000
tank_0256,10.733333333333333,1713139200000
tank_0257,1.996078431372549,1713139200000
tank_0260,1.3490196078431373,1713139200000
tank_0261,0.9843137254901961,1713139200000
tank_0264,0.0,1713139200000
tank_0273,0.0,1713139200000
tank_0276,5.0,1713139200000
tank_0278,5.0,1713139200000
tank_0280,0.0,1713139200000
tank_0291,0.0,1713139200000
tank_0292,13.95686274509804,1713139200000
tank_0296,0.0,1713139200000
tank_0297,0.35294117647058826,1713139200000
tank_0299,15.658823529411764,1713139200000
tank_0300,8.807843137254903,1713139200000
tank_0301,2.6549019607843136,1713139200000
tank_0307,0.0,1713139200000
tank_0309,1.0,1713139200000
tank_0313,4.0,1713139200000
tank_0314,0.4470588235294118,1713139200000
tank_0319,0.0,1713139200000
tank_0321,0.0,1713139200000
tank_0327,2.0,1713139200000
tank_0337,3.0,1713139200000
tank_0338,5.635294117647058,1713139200000
tank_0339,42.98431372549019,1713139200000
tank_0342,24.52941176470588,1713139200000
tank_0345,0.0,1713139200000
tank_0346,0.0,1713139200000
tank_0349,137.0,1713139200000
tank_0350,0.0,1713139200000
tank_0353,23.75686274509804,1713139200000
tank_0356,0.0,1713139200000
tank_0360,0.0,1713139200000
tank_0361,12.8078431372549,1713139200000
tank_0362,0.0,1713139200000
tank_0364,1.0,1713139200000
tank_0366,20.525490196078433,1713139200000
tank_0369,0.0,1713139200000
tank_0375,0.0,1713139200000
tank_0379,23.623529411764718,1713139200000
tank_0381,0.0,1713139200000
tank_0386,11.0,1713139200000
tank_0390,8.623529411764705,1713139200000
tank_0397,0.0,1713139200000
tank_0399,0.6745098039215687,1713139200000
tank_0404,0.0,1713139200000
tank_0409,0.0,1713139200000
tank_0420,0.0,1713139200000
tank_0425,0.0,1713139200000
tank_0431,0.0,1713139200000
tank_0432,0.0,1713139200000
tank_0435,0.0,1713139200000
tank_0436,0.0,1713139200000
tank_0438,0.30196078431372547,1713139200000
tank_0443,0.0,1713139200000
tank_0444,5.0,1713139200000
tank_0447,60.254901960784316,1713139200000
tank_0448,0.0,1713139200000
tank_0449,0.0,1713139200000
tank_0455,14.631372549019607,1713139200000
tank_0460,6.549019607843137,1713139200000
tank_0462,0.0,1713139200000
tank_0466,0.0,1713139200000
tank_0471,7.266666666666667,1713139200000
tank_0473,0.0,1713139200000
tank_0474,0.0,1713139200000
tank_0481,12.133333333333331,1713139200000
tank_0485,0.0,1713139200000
tank_0489,0.0,1713139200000
tank_0491,0.0,1713139200000
tank_0494,0.043137254901960784,1713139200000
tank_0497,3.156862745098039,1713139200000
tank_0498,0.4588235294117647,1713139200000
tank_0502,0.0,1713139200000
tank_0505,6.0,1713139200000
tank_0509,0.25098039215686274,1713139200000
tank_0512,63.0,1713139200000
tank_0514,0.0,1713139200000
tank_0515,8.705882352941176,1713139200000
tank_0521,0.0,1713139200000
tank_0524,0.44313725490196076,1713139200000
tank_0526,4.0,1713139200000
tank_0533,3.0,1713139200000
tank_0534,0.0,1713139200000
tank_0536,0.0,1713139200000
tank_0537,0.0,1713139200000
tank_0541,4.415686274509804,1713139200000
tank_0547,0.0,1713139200000
tank_0552,0.0,1713139200000
tank_0555,0.0,1713139200000
tank_0556,7.2,1713139200000
tank_0557,2.0,1713139200000
tank_0560,8.0,1713139200000
tank_0561,0.0,1713139200000
tank_0566,0.0,1713139200000
tank_0567,0.0,1713139200000
tank_0568,56.21176470588236,1713139200000
tank_0574,0.0,1713139200000
tank_0579,251.0,1713139200000
tank_0583,2.0,1713139200000
tank_0587,1.0,1713139200000
tank_0589,0.0,1713139200000
tank_0590,46.0,1713139200000
tank_0592,0.0,1713139200000
tank_0593,0.0,1713139200000
tank_0595,7.513725490196078,1713139200000
tank_0600,13.850980392156863,1713139200000
tank_0604,0.0,1713139200000
tank_0606,31.223529411764705,1713139200000
tank_0607,0.13725490196078433,1713139200000
tank_0608,0.0,1713139200000
tank_0610,5.266666666666667,1713139200000
tank_0611,1.0,1713139200000
tank_0612,0.5137254901960784,1713139200000
tank_0613,0.6823529411764706,1713139200000
tank_0619,0.0,1713139200000
tank_0626,0.0,1713139200000
tank_0627,0.0,1713139200000
tank_0628,0.0,1713139200000
tank_0632,16.423529411764708,1713139200000
tank_0633,0.0,1713139200000
tank_0639,0.0,1713139200000
tank_0640,0.37254901960784315,1713139200000
tank_0641,0.0,1713139200000
tank_0643,46.14117647058824,1713139200000
tank_0646,3.984313725490196,1713139200000
tank_0663,5.0,1713139200000
tank_0664,0.0,1713139200000
tank_0666,0.0,1713139200000
tank_0667,13.0,1713139200000
tank_0670,0.0,1713139200000
tank_0675,12.588235294117647,1713139200000
tank_0676,0.0,1713139200000
tank_0678,0.0,1713139200000
tank_0681,0.0,1713139200000
tank_0687,0.0,1713139200000
tank_0688,98.0,1713139200000
tank_0697,0.0,1713139200000
tank_0720,5.294117647058823,1713139200000
tank_0722,2.0,1713139200000
tank_0724,37.21568627450981,1713139200000
tank_0725,2.0,1713139200000
tank_0728,1.0,1713139200000
tank_0730,0.0,1713139200000
tank_0731,0.0,1713139200000
tank_0732,0.0,1713139200000
tank_0737,0.0,1713139200000
tank_0739,0.06666666666666667,1713139200000
tank_0740,40.14509803921568,1713139200000
tank_0746,0.0,1713139200000
tank_0748,0.0,1713139200000
tank_0749,21.50588235294118,1713139200000
tank_0752,19.862745098039216,1713139200000
tank_0760,0.0,1713139200000
tank_0770,3.572549019607843,1713139200000
tank_0772,0.0,1713139200000
tank_0788,0.0,1713139200000
tank_0789,6.0,1713139200000
tank_0792,79.2078431372549,1713139200000
tank_0797,0.0,1713139200000
tank_0800,25.0,1713139200000
tank_0802,21.31372549019608,1713139200000
tank_0803,0.0,1713139200000
tank_0808,3.1215686274509804,1713139200000
tank_0810,2.0,1713139200000
tank_0811,14.227450980392156,1713139200000
tank_0812,36.0,1713139200000
tank_0813,0.0,1713139200000
tank_0816,0.0,1713139200000
tank_0819,3.0,1713139200000
tank_0823,0.0,1713139200000
tank_0824,0.0,1713139200000
tank_0825,0.0,1713139200000
tank_0828,0.0,1713139200000
tank_0829,0.0,1713139200000
tank_0830,0.0,1713139200000
tank_0831,3.0901960784313727,1713139200000
tank_0844,0.1568627450980392,1713139200000
tank_0852,22.92156862745098,1713139200000
tank_0855,0.0,1713139200000
tank_0856,254.0,1713139200000
tank_0860,31.674509803921566,1713139200000
tank_0861,0.0,1713139200000
tank_0872,0.0,1713139200000
tank_0875,0.0,1713139200000
tank_0879,0.0,1713139200000
tank_0885,0.0,1713139200000
tank_0891,0.0,1713139200000
tank_0894,673.0,1713139200000
tank_0898,463.0,1713139200000
tank_0900,93.03137254901962,1713139200000
tank_0901,0.0,1713139200000
tank_0902,44.0,1713139200000
tank_0914,0.0,1713139200000
tank_0917,9.0,1713139200000
tank_0919,0.0,1713139200000
tank_0920,19.239215686274513,1713139200000
tank_0922,91.0,1713139200000
tank_0923,17.0,1713139200000
tank_0924,31.20392156862745,1713139200000
tank_0926,59.4313725490196,1713139200000
tank_0927,16.47843137254902,1713139200000
tank_0928,0.0,1713139200000
tank_0930,0.0,1713139200000
tank_0931,0.0,1713139200000
tank_0933,3.0,1713139200000
tank_0934,26.372549019607845,1713139200000
tank_0937,12.0,1713139200000
tank_0938,8.0,1713139200000
tank_0939,0.0,1713139200000
tank_0944,0.0,1713139200000
tank_0946,16.63137254901961,1713139200000
tank_0952,8.678431372549019,1713139200000
tank_0958,0.0,1713139200000
tank_0962,1432.0,1713139200000
tank_0967,4.015686274509804,1713139200000
tank_0975,0.0,1713139200000
tank_0978,0.0,1713139200000
tank_0990,0.0,1713139200000
tank_0991,192.0,1713139200000
tank_0998,0.0,1713139200000
tank_0999,0.0,1713139200000
tank_1003,11.0,1713139200000
tank_1004,14.898039215686275,1713139200000
tank_1014,0.0,1713139200000
tank_1026,17.0,1713139200000
tank_1031,6.0,1713139200000
tank_1032,19.521568627450982,1713139200000
tank_1034,0.0,1713139200000
tank_1042,25.894117647058824,1713139200000
tank_1045,0.0,1713139200000
tank_1049,0.0,1713139200000
tank_1055,1.7176470588235293,1713139200000
tank_1061,0.0,1713139200000
tank_1062,2.792156862745098,1713139200000
tank_1064,0.0,1713139200000
tank_1065,0.0,1713139200000
tank_1066,9.098039215686274,1713139200000
tank_1070,0.0,1713139200000
tank_1073,0.0,1713139200000
tank_1083,178.0,1713139200000
tank_1086,10.0,1713139200000
tank_1088,0.0,1713139200000
tank_1089,0.0,1713139200000
tank_1090,0.0,1713139200000
tank_1091,0.0,1713139200000
tank_1094,2.0,1713139200000
tank_1095,0.0,1713139200000
tank_1104,0.0,1713139200000
tank_1113,0.0,1713139200000
tank_1116,29.356862745098038,1713139200000
tank_1117,0.0,1713139200000
tank_1120,149.0,1713139200000
tank_1121,0.0,1713139200000
tank_1124,6.858823529411765,1713139200000
tank_1128,0.0,1713139200000
tank_1134,0.0,1713139200000
tank_1135,0.0,1713139200000
tank_1146,0.0,1713139200000
tank_1149,25.337254901960783,1713139200000
tank_1156,0.0,1713139200000
tank_1157,3.219607843137255,1713139200000
tank_1159,4.0,1713139200000
tank_1160,0.0,1713139200000
tank_1166,0.06666666666666667,1713139200000
tank_1170,8.454901960784312,1713139200000
tank_1175,0.0,1713139200000
tank_1177,0.16078431372549018,1713139200000
tank_1179,4.921568627450981,1713139200000
tank_1181,95.73725490196078,1713139200000
tank_1186,0.0,1713139200000
tank_1187,39.61176470588235,1713139200000
tank_1190,0.0,1713139200000
tank_1192,0.0,1713139200000
tank_1196,0.0,1713139200000
tank_1197,1065.992156862745,1713139200000
tank_1201,0.0,1713139200000
tank_1203,0.0,1713139200000
tank_1205,0.0,1713139200000
tank_1209,542.9607843137255,1713139200000
tank_1217,0.0,1713139200000
tank_1223,0.0,1713139200000
tank_1226,0.9882352941176471,1713139200000
tank_1228,0.0,1713139200000
tank_1230,0.0,1713139200000
tank_1237,0.0,1713139200000
tank_1239,380.0,1713139200000
tank_1245,0.0,1713139200000
tank_1246,9.0,1713139200000
tank_1250,0.0,1713139200000
tank_1254,0.0,1713139200000
tank_1255,17.172549019607843,1713139200000
tank_1258,0.0,1713139200000
tank_1261,6.435294117647059,1713139200000
tank_1262,7.886274509803921,1713139200000
tank_1263,0.0,1713139200000
tank_1265,0.0,1713139200000
tank_1270,0.0,1713139200000
tank_1272,18.99607843137255,1713139200000
tank_1275,5.576470588235294,1713139200000
tank_1276,88.97647058823529,1713139200000
tank_1279,0.0,1713139200000
tank_1280,3.2823529411764705,1713139200000
tank_1284,0.0,1713139200000
tank_1285,0.0,1713139200000
tank_1286,16.0,1713139200000
tank_1290,0.0,1713139200000
tank_1291,0.0,1713139200000
tank_1293,0.0,1713139200000
tank_1295,1.0,1713139200000
tank_1297,0.0,1713139200000
tank_1301,0.0,1713139200000
tank_1302,0.0,1713139200000
tank_1304,6.0,1713139200000
tank_1305,0.0,1713139200000
tank_1313,791.0,1713139200000
tank_1322,0.0,1713139200000
tank_1325,0.0,1713139200000
tank_1326,0.0,1713139200000
tank_1344,0.0,1713139200000
tank_1346,0.0,1713139200000
tank_1349,0.0,1713139200000
tank_1353,981.0,1713139200000
tank_1358,0.0,1713139200000
tank_1359,0.0,1713139200000
tank_1361,263.0,1713139200000
tank_1364,96.0,1713139200000
tank_1365,0.0,1713139200000
tank_1372,0.0,1713139200000
tank_1374,0.0,1713139200000
tank_1378,205.0,1713139200000
tank_1380,23.0,1713139200000
tank_1386,0.0,1713139200000
tank_1391,0.0,1713139200000
tank_1393,0.0,1713139200000
tank_1396,0.0,1713139200000
tank_1397,0.0,1713139200000
tank_1403,0.0,1713139200000
tank_1409,1.0,1713139200000
tank_1412,0.0,1713139200000
tank_1415,0.0,1713139200000
tank_1416,0.0,1713139200000
tank_1421,220.0,1713139200000
tank_1422,2.6901960784313728,1713139200000
tank_1425,206.0,1713139200000
tank_1426,0.0,1713139200000
tank_1430,0.0,1713139200000
tank_1433,293.0,1713139200000
tank_1438,0.0,1713139200000
tank_1439,0.0,1713139200000
tank_1441,0.6549019607843137,1713139200000
tank_1443,16.850980392156867,1713139200000
tank_1445,0.0,1713139200000
tank_1446,0.0,1713139200000
tank_1450,0.0,1713139200000
tank_1452,1.0,1713139200000
tank_1456,0.9450980392156862,1713139200000
tank_1466,0.0,1713139200000
tank_1471,0.0,1713139200000
tank_1475,0.0,1713139200000
tank_1486,0.0,1713139200000
tank_1488,8.0,1713139200000
tank_1491,0.0,1713139200000
tank_1500,0.0,1713139200000
tank_1505,0.0,1713139200000
tank_1513,192.0,1713139200000
tank_1531,0.0,1713139200000
tank_1536,0.0,1713139200000
tank_1539,57.0,1713139200000
tank_1541,0.0,1713139200000
tank_1542,0.0,1713139200000
tank_1547,21.0,1713139200000
tank_1563,0.0,1713139200000
tank_1564,0.0,1713139200000
tank_1565,118.0,1713139200000
tank_1567,0.0,1713139200000
tank_1568,0.0,1713139200000
tank_1573,0.0,1713139200000
tank_1583,0.0,1713139200000
tank_1587,178.0,1713139200000
tank_1588,0.0,1713139200000
tank_1592,3.380392156862745,1713139200000
tank_1594,0.0,1713139200000
tank_1595,3.6470588235294117,1713139200000
tank_1597,3.0,1713139200000
tank_1598,0.0,1713139200000
tank_1600,4.156862745098039,1713139200000
tank_1604,1.0,1713139200000
tank_0002,3.7411764705882353,1714176000000
tank_0004,0.0,1714176000000
tank_0005,0.0,1714176000000
tank_0011,0.0,1714176000000
tank_0014,38.6156862745098,1714176000000
tank_0019,1.2470588235294118,1714176000000
tank_0024,53.05882352941176,1714176000000
tank_0025,0.0,1714176000000
tank_0026,4.0,1714176000000
tank_0027,0.0,1714176000000
tank_0030,6.862745098039216,1714176000000
tank_0031,25.003921568627447,1714176000000
tank_0036,0.0,1714176000000
tank_0037,3.784313725490196,1714176000000
tank_0038,29.015686274509804,1714176000000
tank_0050,16.235294117647058,1714176000000
tank_0051,0.9490196078431372,1714176000000
tank_0052,0.0,1714176000000
tank_0053,67.82352941176474,1714176000000
tank_0055,4.450980392156862,1714176000000
tank_0057,0.0,1714176000000
tank_0058,0.0,1714176000000
tank_0064,7.6039215686274515,1714176000000
tank_0069,69.43137254901961,1714176000000
tank_0072,0.0,1714176000000
tank_0073,0.0,1714176000000
tank_0080,12.0,1714176000000
tank_0094,0.0,1714176000000
tank_0107,0.23529411764705882,1714176000000
tank_0110,19.44705882352941,1714176000000
tank_0113,38.313725490196084,1714176000000
tank_0115,0.6980392156862745,1714176000000
tank_0116,1.6313725490196078,1714176000000
tank_0117,23.498039215686276,1714176000000
tank_0118,2.0,1714176000000
tank_0122,1.0,1714176000000
tank_0125,4.631372549019608,1714176000000
tank_0130,5.117647058823529,1714176000000
tank_0131,0.0,1714176000000
tank_0132,0.0,1714176000000
tank_0134,0.0,1714176000000
tank_0135,3.4980392156862745,1714176000000
tank_0142,5.564705882352941,1714176000000
tank_0143,0.0,1714176000000
tank_0144,0.0,1714176000000
tank_0148,1.0,1714176000000
tank_0153,18.0,1714176000000
tank_0156,93.70588235294119,1714176000000
tank_0159,2.0,1714176000000
tank_0165,0.34509803921568627,1714176000000
tank_0171,11.0,1714176000000
tank_0172,5.698039215686275,1714176000000
tank_0174,7.937254901960785,1714176000000
tank_0176,29.0,1714176000000
tank_0184,8.333333333333334,1714176000000
tank_0187,0.0,1714176000000
tank_0190,7.56078431372549,1714176000000
tank_0192,2.9137254901960783,1714176000000
tank_0193,4.650980392156863,1714176000000
tank_0195,22.64705882352941,1714176000000
tank_0199,0.0,1714176000000
tank_0204,3.0,1714176000000
tank_0205,4.250980392156863,1714176000000
tank_0207,1.2470588235294118,1714176000000
tank_0209,0.0,1714176000000
tank_0213,1.0705882352941178,1714176000000
tank_0217,0.0,1714176000000
tank_0220,4.964705882352941,1714176000000
tank_0221,8.788235294117648,1714176000000
tank_0225,0.0,1714176000000
tank_0226,9.0,1714176000000
tank_0228,0.0,1714176000000
tank_0229,0.0,1714176000000
tank_0231,1.0,1714176000000
tank_0233,4.0,1714176000000
tank_0236,0.0,1714176000000
tank_0237,0.6901960784313725,1714176000000
tank_0240,10.905882352941177,1714176000000
tank_0242,4.0,1714176000000
tank_0245,8.509803921568626,1714176000000
tank_0247,0.0,1714176000000
tank_0256,2.0,1714176000000
tank_0257,7.396078431372549,1714176000000
tank_0260,1.3490196078431373,1714176000000
tank_0261,0.37254901960784315,1714176000000
tank_0264,0.0,1714176000000
tank_0273,0.0,1714176000000
tank_0276,1.0,1714176000000
tank_0278,0.0,1714176000000
tank_0280,0.0,1714176000000
tank_0291,0.0,1714176000000
tank_0292,6.75686274509804,1714176000000
tank_0296,0.0,1714176000000
tank_0297,4.352941176470588,1714176000000
tank_0299,12.392156862745097,1714176000000
tank_0300,13.807843137254903,1714176000000
tank_0301,1.6470588235294117,1714176000000
tank_0307,0.0,1714176000000
tank_0309,7.0,1714176000000
tank_0313,0.0,1714176000000
tank_0314,1.1490196078431372,1714176000000
tank_0319,0.0,1714176000000
tank_0321,0.0,1714176000000
tank_0327,0.0,1714176000000
tank_0337,3.0,1714176000000
tank_0338,6.52156862745098,1714176000000
tank_0339,44.639215686274504,1714176000000
tank_0342,29.666666666666668,1714176000000
tank_0345,0.0,1714176000000
tank_0346,0.4666666666666667,1714176000000
tank_0349,113.0,1714176000000
tank_0350,0.0,1714176000000
tank_0353,25.968627450980392,1714176000000
tank_0356,0.0,1714176000000
tank_0360,4.0,1714176000000
tank_0361,10.564705882352941,1714176000000
tank_0362,0.0,1714176000000
tank_0364,0.0,1714176000000
tank_0366,20.364705882352943,1714176000000
tank_0369,0.0,1714176000000
tank_0375,0.0,1714176000000
tank_0379,14.533333333333333,1714176000000
tank_0381,0.0,1714176000000
tank_0386,1.0,1714176000000
tank_0390,2.0,1714176000000
tank_0397,0.0,1714176000000
tank_0399,0.0,1714176000000
tank_0404,2.0,1714176000000
tank_0409,0.0,1714176000000
tank_0420,0.0,1714176000000
tank_0425,1.003921568627451,1714176000000
tank_0431,0.0,1714176000000
tank_0432,0.0,1714176000000
tank_0435,1.0,1714176000000
tank_0436,0.0,1714176000000
tank_0438,0.25098039215686274,1714176000000
tank_0443,0.0,1714176000000
tank_0444,3.0,1714176000000
tank_0447,47.811764705882354,1714176000000
tank_0448,0.0,1714176000000
tank_0449,0.0,1714176000000
tank_0455,13.176470588235293,1714176000000
tank_0460,1.8549019607843138,1714176000000
tank_0462,0.0,1714176000000
tank_0466,1.3372549019607844,1714176000000
tank_0471,0.0,1714176000000
tank_0473,8.701960784313725,1714176000000
tank_0474,3.376470588235294,1714176000000
tank_0481,14.823529411764707,1714176000000
tank_0485,0.0,1714176000000
tank_0489,2.9294117647058826,1714176000000
tank_0491,0.0,1714176000000
tank_0494,7.749019607843137,1714176000000
tank_0497,0.0,1714176000000
tank_0498,0.09803921568627451,1714176000000
tank_0502,0.0,1714176000000
tank_0505,1.0666666666666667,1714176000000
tank_0509,3.6941176470588233,1714176000000
tank_0512,48.0,1714176000000
tank_0514,0.0,1714176000000
tank_0515,0.0,1714176000000
tank_0521,0.0,1714176000000
tank_0524,1.0666666666666667,1714176000000
tank_0526,1.0,1714176000000
tank_0533,0.0,1714176000000
tank_0534,0.0,1714176000000
tank_0536,0.0,1714176000000
tank_0537,0.0,1714176000000
tank_0541,7.247058823529412,1714176000000
tank_0547,0.0,1714176000000
tank_0552,0.0,1714176000000
tank_0555,0.0,1714176000000
tank_0556,3.458823529411765,1714176000000
tank_0557,0.12549019607843137,1714176000000
tank_0560,7.894117647058824,1714176000000
tank_0561,0.0,1714176000000
tank_0566,0.0,1714176000000
tank_0567,0.0,1714176000000
tank_0568,45.09803921568628,1714176000000
tank_0574,0.0,1714176000000
tank_0579,192.0,1714176000000
tank_0583,0.0,1714176000000
tank_0587,4.290196078431372,1714176000000
tank_0589,5.392156862745098,1714176000000
tank_0590,21.87450980392157,1714176000000
tank_0592,0.0,1714176000000
tank_0593,0.0,1714176000000
tank_0595,10.513725490196078,1714176000000
tank_0600,6.76078431372549,1714176000000
tank_0604,7.286274509803921,1714176000000
tank_0606,35.180392156862744,1714176000000
tank_0607,0.0,1714176000000
tank_0608,0.0,1714176000000
tank_0610,0.0,1714176000000
tank_0611,4.603921568627451,1714176000000
tank_0612,3.580392156862745,1714176000000
tank_0613,0.0,1714176000000
tank_0619,0.0,1714176000000
tank_0626,0.0,1714176000000
tank_0627,0.0784313725490196,1714176000000
tank_0628,0.0,1714176000000
tank_0632,14.415686274509804,1714176000000
tank_0633,0.0,1714176000000
tank_0639,0.0,1714176000000
tank_0640,0.0,1714176000000
tank_0641,1.2078431372549019,1714176000000
tank_0643,31.623529411764707,1714176000000
tank_0646,2.996078431372549,1714176000000
tank_0663,8.658823529411764,1714176000000
tank_0664,0.0,1714176000000
tank_0666,3.623529411764706,1714176000000
tank_0667,15.75686274509804,1714176000000
tank_0670,0.0,1714176000000
tank_0675,2.5568627450980395,1714176000000
tank_0676,0.0,1714176000000
tank_0678,0.0,1714176000000
tank_0681,3.149019607843137,1714176000000
tank_0687,1.0,1714176000000
tank_0688,0.0,1714176000000
tank_0697,0.0,1714176000000
tank_0720,4.003921568627451,1714176000000
tank_0722,0.0,1714176000000
tank_0724,39.71764705882353,1714176000000
tank_0725,10.0,1714176000000
tank_0728,1.5411764705882351,1714176000000
tank_0730,0.0,1714176000000
tank_0731,0.0,1714176000000
tank_0732,2.243137254901961,1714176000000
tank_0737,0.0,1714176000000
tank_0739,0.0,1714176000000
tank_0740,38.12941176470588,1714176000000
tank_0746,0.0,1714176000000
tank_0748,2.0,1714176000000
tank_0749,12.925490196078433,1714176000000
tank_0752,10.870588235294118,1714176000000
tank_0760,0.0,1714176000000
tank_0770,4.996078431372549,1714176000000
tank_0772,0.792156862745098,1714176000000
tank_0788,0.0,1714176000000
tank_0789,14.0,1714176000000
tank_0792,81.07843137254902,1714176000000
tank_0797,2.0,1714176000000
tank_0800,34.898039215686275,1714176000000
tank_0802,8.43921568627451,1714176000000
tank_0803,0.2627450980392157,1714176000000
tank_0808,5.403921568627451,1714176000000
tank_0810,2.0,1714176000000
tank_0811,10.282352941176471,1714176000000
tank_0812,29.0,1714176000000
tank_0813,0.0,1714176000000
tank_0816,0.0,1714176000000
tank_0819,12.352941176470589,1714176000000
tank_0823,0.0,1714176000000
tank_0824,0.0,1714176000000
tank_0825,0.0,1714176000000
tank_0828,0.0,1714176000000
tank_0829,0.0,1714176000000
tank_0830,0.0,1714176000000
tank_0831,10.901960784313726,1714176000000
tank_0844,0.0,1714176000000
tank_0852,11.815686274509805,1714176000000
tank_0855,0.0,1714176000000
tank_0856,228.0,1714176000000
tank_0860,36.400000000000006,1714176000000
tank_0861,0.0,1714176000000
tank_0872,0.0,1714176000000
tank_0875,0.0,1714176000000
tank_0879,0.0,1714176000000
tank_0885,0.0,1714176000000
tank_0891,0.0,1714176000000
tank_0894,634.0,1714176000000
tank_0898,319.0,1714176000000
tank_0900,72.98823529411763,1714176000000
tank_0901,0.0,1714176000000
tank_0902,7.0,1714176000000
tank_0914,0.0,1714176000000
tank_0917,0.0,1714176000000
tank_0919,0.0,1714176000000
tank_0920,14.498039215686275,1714176000000
tank_0922,70.0,1714176000000
tank_0923,11.372549019607844,1714176000000
tank_0924,29.67450980392157,1714176000000
tank_0926,41.188235294117646,1714176000000
tank_0927,9.298039215686275,1714176000000
tank_0928,0.0,1714176000000
tank_0930,0.0,1714176000000
tank_0931,0.0,1714176000000
tank_0933,0.0,1714176000000
tank_0934,17.372549019607845,1714176000000
tank_0937,3.662745098039216,1714176000000
tank_0938,3.0,1714176000000
tank_0939,0.0,1714176000000
tank_0944,0.0,1714176000000
tank_0946,27.701960784313727,1714176000000
tank_0952,11.984313725490198,1714176000000
tank_0958,8.0,1714176000000
tank_0962,1341.0,1714176000000
tank_0967,0.38823529411764707,1714176000000
tank_0975,0.0,1714176000000
tank_0978,8.0,1714176000000
tank_0990,0.0,1714176000000
tank_0991,41.0,1714176000000
tank_0998,0.0,1714176000000
tank_0999,0.9529411764705882,1714176000000
tank_1003,0.0,1714176000000
tank_1004,0.0,1714176000000
tank_1014,0.0,1714176000000
tank_1026,10.0,1714176000000
tank_1031,11.0,1714176000000
tank_1032,14.576470588235296,1714176000000
tank_1034,0.0,1714176000000
tank_1042,29.0,1714176000000
tank_1045,0.0,1714176000000
tank_1049,0.0,1714176000000
tank_1055,2.996078431372549,1714176000000
tank_1061,0.0,1714176000000
tank_1062,3.3568627450980393,1714176000000
tank_1064,0.0,1714176000000
tank_1065,0.0,1714176000000
tank_1066,35.72549019607845,1714176000000
tank_1070,0.0,1714176000000
tank_1073,0.0,1714176000000
tank_1083,149.0,1714176000000
tank_1086,4.874509803921569,1714176000000
tank_1088,7.0,1714176000000
tank_1089,0.0,1714176000000
tank_1090,0.0,1714176000000
tank_1091,1.0,1714176000000
tank_1094,2.0,1714176000000
tank_1095,0.0,1714176000000
tank_1104,0.0,1714176000000
tank_1113,0.0,1714176000000
tank_1116,26.38823529411765,1714176000000
tank_1117,0.0,1714176000000
tank_1120,115.0,1714176000000
tank_1121,0.0,1714176000000
tank_1124,7.164705882352941,1714176000000
tank_1128,0.0,1714176000000
tank_1134,0.0,1714176000000
tank_1135,0.0,1714176000000
tank_1146,0.34901960784313724,1714176000000
tank_1149,16.607843137254903,1714176000000
tank_1156,0.0,1714176000000
tank_1157,0.7176470588235294,1714176000000
tank_1159,0.0,1714176000000
tank_1160,0.0,1714176000000
tank_1166,0.0,1714176000000
tank_1170,14.24313725490196,1714176000000
tank_1175,0.0,1714176000000
tank_1177,0.0,1714176000000
tank_1179,8.0,1714176000000
tank_1181,61.0,1714176000000
tank_1186,0.0,1714176000000
tank_1187,11.803921568627452,1714176000000
tank_1190,2.7490196078431373,1714176000000
tank_1192,0.0,1714176000000
tank_1196,0.0,1714176000000
tank_1197,784.0,1714176000000
tank_1201,0.0,1714176000000
tank_1203,6.0,1714176000000
tank_1205,8.0,1714176000000
tank_1209,390.0,1714176000000
tank_1217,0.0,1714176000000
tank_1223,0.0,1714176000000
tank_1226,0.0,1714176000000
tank_1228,0.0,1714176000000
tank_1230,0.0,1714176000000
tank_1237,0.0,1714176000000
tank_1239,421.0,1714176000000
tank_1245,0.0,1714176000000
tank_1246,1.0,1714176000000
tank_1250,0.0,1714176000000
tank_1254,0.0,1714176000000
tank_1255,14.71764705882353,1714176000000
tank_1258,0.0,1714176000000
tank_1261,0.0,1714176000000
tank_1262,9.709803921568628,1714176000000
tank_1263,0.8745098039215686,1714176000000
tank_1265,0.0,1714176000000
tank_1270,0.0,1714176000000
tank_1272,24.521568627450982,1714176000000
tank_1275,10.949019607843137,1714176000000
tank_1276,110.95294117647059,1714176000000
tank_1279,2.0,1714176000000
tank_1280,11.96078431372549,1714176000000
tank_1284,2.623529411764706,1714176000000
tank_1285,0.0,1714176000000
tank_1286,6.0,1714176000000
tank_1290,0.0,1714176000000
tank_1291,0.0,1714176000000
tank_1293,0.0,1714176000000
tank_1295,0.0,1714176000000
tank_1297,0.0,1714176000000
tank_1301,0.0,1714176000000
tank_1302,0.0,1714176000000
tank_1304,0.0,1714176000000
tank_1305,0.0,1714176000000
tank_1313,776.0,1714176000000
tank_1322,0.0,1714176000000
tank_1325,4.0,1714176000000
tank_1326,3.5254901960784313,1714176000000
tank_1344,1.0,1714176000000
tank_1346,0.0,1714176000000
tank_1349,0.0,1714176000000
tank_1353,707.0,1714176000000
tank_1358,0.0,1714176000000
tank_1359,0.0,1714176000000
tank_1361,105.0,1714176000000
tank_1364,53.0,1714176000000
tank_1365,0.0,1714176000000
tank_1372,5.811764705882353,1714176000000
tank_1374,0.0,1714176000000
tank_1378,158.86666666666667,1714176000000
tank_1380,18.0,1714176000000
tank_1386,0.0,1714176000000
tank_1391,0.0,1714176000000
tank_1393,1.388235294117647,1714176000000
tank_1396,0.0,1714176000000
tank_1397,0.0,1714176000000
tank_1403,0.0,1714176000000
tank_1409,13.0,1714176000000
tank_1412,0.0,1714176000000
tank_1415,0.0,1714176000000
tank_1416,11.0,1714176000000
tank_1421,196.0,1714176000000
tank_1422,2.2705882352941176,1714176000000
tank_1425,198.0,1714176000000
tank_1426,0.0,1714176000000
tank_1430,0.0,1714176000000
tank_1433,224.0,1714176000000
tank_1438,0.0,1714176000000
tank_1439,0.0,1714176000000
tank_1441,0.0,1714176000000
tank_1443,16.007843137254905,1714176000000
tank_1445,0.0,1714176000000
tank_1446,0.0,1714176000000
tank_1450,0.0,1714176000000
tank_1452,4.352941176470588,1714176000000
tank_1456,0.15294117647058825,1714176000000
tank_1466,0.0,1714176000000
tank_1471,1.0,1714176000000
tank_1475,0.0,1714176000000
tank_1486,0.0,1714176000000
tank_1488,4.0,1714176000000
tank_1491,0.0,1714176000000
tank_1500,0.0,1714176000000
tank_1505,0.0,1714176000000
tank_1513,13.0,1714176000000
tank_1531,2.0,1714176000000
tank_1536,2.0,1714176000000
tank_1539,33.0,1714176000000
tank_1541,0.0,1714176000000
tank_1542,0.0,1714176000000
tank_1547,5.0,1714176000000
tank_1563,0.0,1714176000000
tank_1564,0.0,1714176000000
tank_1565,81.0,1714176000000
tank_1567,0.13725490196078433,1714176000000
tank_1568,0.0,1714176000000
tank_1573,0.0,1714176000000
tank_1583,0.0,1714176000000
tank_1587,53.0,1714176000000
tank_1588,3.0,1714176000000
tank_1592,8.541176470588235,1714176000000
tank_1594,0.0,1714176000000
tank_1595,12.015686274509804,1714176000000
tank_1597,4.0,1714176000000
tank_1598,0.0,1714176000000
tank_1600,7.529411764705882,1714176000000
tank_1604,0.0,1714176000000
tank_0002,1.0941176470588236,1715212800000
tank_0004,1.4352941176470588,1715212800000
tank_0005,0.0,1715212800000
tank_0011,0.0,1715212800000
tank_0014,36.074509803921565,1715212800000
tank_0019,27.6,1715212800000
tank_0024,60.61960784313726,1715212800000
tank_0025,3.7098039215686276,1715212800000
tank_0026,28.760784313725495,1715212800000
tank_0027,0.0,1715212800000
tank_0030,19.701960784313727,1715212800000
tank_0031,28.69019607843137,1715212800000
tank_0036,0.0,1715212800000
tank_0037,8.0,1715212800000
tank_0038,59.839215686274514,1715212800000
tank_0050,14.60392156862745,1715212800000
tank_0051,2.2941176470588234,1715212800000
tank_0052,0.0,1715212800000
tank_0053,156.74901960784317,1715212800000
tank_0055,4.0,1715212800000
tank_0057,0.0,1715212800000
tank_0058,2.458823529411765,1715212800000
tank_0064,13.058823529411766,1715212800000
tank_0069,53.529411764705884,1715212800000
tank_0072,0.0,1715212800000
tank_0073,0.0,1715212800000
tank_0080,9.0,1715212800000
tank_0094,0.0,1715212800000
tank_0107,2.3098039215686277,1715212800000
tank_0110,24.623529411764704,1715212800000
tank_0113,41.588235294117645,1715212800000
tank_0115,10.976470588235294,1715212800000
tank_0116,3.1843137254901963,1715212800000
tank_0117,46.0,1715212800000
tank_0118,12.462745098039216,1715212800000
tank_0122,0.0,1715212800000
tank_0125,1.8,1715212800000
tank_0130,8.411764705882351,1715212800000
tank_0131,0.0,1715212800000
tank_0132,0.0,1715212800000
tank_0134,5.0,1715212800000
tank_0135,15.23921568627451,1715212800000
tank_0142,0.0,1715212800000
tank_0143,0.0,1715212800000
tank_0144,0.0,1715212800000
tank_0148,26.619607843137256,1715212800000
tank_0153,19.0,1715212800000
tank_0156,55.764705882352935,1715212800000
tank_0159,9.443137254901961,1715212800000
tank_0165,5.984313725490196,1715212800000
tank_0171,0.0,1715212800000
tank_0172,4.713725490196079,1715212800000
tank_0174,12.517647058823531,1715212800000
tank_0176,55.93333333333333,1715212800000
tank_0184,8.756862745098038,1715212800000
tank_0187,23.290196078431375,1715212800000
tank_0190,11.658823529411764,1715212800000
tank_0192,5.64313725490196,1715212800000
tank_0193,35.09019607843137,1715212800000
tank_0195,79.5372549019608,1715212800000
tank_0199,7.752941176470588,1715212800000
tank_0204,0.0,1715212800000
tank_0205,0.0,1715212800000
tank_0207,0.0,1715212800000
tank_0209,1.5176470588235293,1715212800000
tank_0213,0.0,1715212800000
tank_0217,8.811764705882354,1715212800000
tank_0220,3.0,1715212800000
tank_0221,5.270588235294117,1715212800000
tank_0225,3.0,1715212800000
tank_0226,47.40784313725491,1715212800000
tank_0228,0.0,1715212800000
tank_0229,26.90196078431373,1715212800000
tank_0231,9.305882352941177,1715212800000
tank_0233,17.623529411764707,1715212800000
tank_0236,23.074509803921565,1715212800000
tank_0237,1.4470588235294117,1715212800000
tank_0240,15.894117647058826,1715212800000
tank_0242,7.0,1715212800000
tank_0245,0.0,1715212800000
tank_0247,0.0,1715212800000
tank_0256,15.062745098039212,1715212800000
tank_0257,2.1176470588235294,1715212800000
tank_0260,4.301960784313725,1715212800000
tank_0261,0.0,1715212800000
tank_0264,0.0,1715212800000
tank_0273,0.0,1715212800000
tank_0276,7.392156862745098,1715212800000
tank_0278,1.5176470588235293,1715212800000
tank_0280,0.0,1715212800000
tank_0291,0.0,1715212800000
tank_0292,12.125490196078431,1715212800000
tank_0296,0.0,1715212800000
tank_0297,5.1803921568627445,1715212800000
tank_0299,8.647058823529411,1715212800000
tank_0300,29.49019607843137,1715212800000
tank_0301,7.003921568627451,1715212800000
tank_0307,0.0,1715212800000
tank_0309,4.0,1715212800000
tank_0313,1.0,1715212800000
tank_0314,2.313725490196078,1715212800000
tank_0319,0.0,1715212800000
tank_0321,0.0,1715212800000
tank_0327,17.72156862745098,1715212800000
tank_0337,21.647058823529413,1715212800000
tank_0338,2.411764705882353,1715212800000
tank_0339,67.2,1715212800000
tank_0342,51.54901960784314,1715212800000
tank_0345,4.901960784313726,1715212800000
tank_0346,2.1372549019607843,1715212800000
tank_0349,84.0,1715212800000
tank_0350,0.0,1715212800000
tank_0353,20.705882352941174,1715212800000
tank_0356,0.0,1715212800000
tank_0360,3.0,1715212800000
tank_0361,14.443137254901961,1715212800000
tank_0362,1.8745098039215686,1715212800000
tank_0364,0.0,1715212800000
tank_0366,41.46666666666667,1715212800000
tank_0369,0.0,1715212800000
tank_0375,0.0,1715212800000
tank_0379,19.52941176470588,1715212800000
tank_0381,0.0,1715212800000
tank_0386,4.490196078431373,1715212800000
tank_0390,7.0,1715212800000
tank_0397,0.0,1715212800000
tank_0399,0.0,1715212800000
tank_0404,44.0,1715212800000
tank_0409,0.7529411764705882,1715212800000
tank_0420,0.0,1715212800000
tank_0425,0.9529411764705883,1715212800000
tank_0431,0.0,1715212800000
tank_0432,2.1254901960784314,1715212800000
tank_0435,4.0,1715212800000
tank_0436,0.0,1715212800000
tank_0438,0.5254901960784314,1715212800000
tank_0443,5.796078431372549,1715212800000
tank_0444,1.0,1715212800000
tank_0447,81.07450980392156,1715212800000
tank_0448,0.0,1715212800000
tank_0449,0.8745098039215686,1715212800000
tank_0455,24.470588235294116,1715212800000
tank_0460,7.098039215686274,1715212800000
tank_0462,0.0,1715212800000
tank_0466,3.0,1715212800000
tank_0471,13.984313725490196,1715212800000
tank_0473,32.98823529411764,1715212800000
tank_0474,5.207843137254901,1715212800000
tank_0481,57.839215686274514,1715212800000
tank_0485,0.0,1715212800000
tank_0489,5.0,1715212800000
tank_0491,0.0,1715212800000
tank_0494,14.501960784313725,1715212800000
tank_0497,0.0,1715212800000
tank_0498,0.28627450980392155,1715212800000
tank_0502,0.0,1715212800000
tank_0505,20.788235294117648,1715212800000
tank_0509,1.4941176470588236,1715212800000
tank_0512,13.0,1715212800000
tank_0514,0.0,1715212800000
tank_0515,11.952941176470588,1715212800000
tank_0521,0.0,1715212800000
tank_0524,2.23921568627451,1715212800000
tank_0526,3.0,1715212800000
tank_0533,11.0,1715212800000
tank_0534,0.0,1715212800000
tank_0536,0.0,1715212800000
tank_0537,2.4196078431372547,1715212800000
tank_0541,10.015686274509804,1715212800000
tank_0547,0.0,1715212800000
tank_0552,3.776470588235294,1715212800000
tank_0555,0.0,1715212800000
tank_0556,4.219607843137255,1715212800000
tank_0557,5.376470588235293,1715212800000
tank_0560,13.745098039215687,1715212800000
tank_0561,5.0,1715212800000
tank_0566,0.0,1715212800000
tank_0567,4.0,1715212800000
tank_0568,72.59607843137255,1715212800000
tank_0574,0.0,1715212800000
tank_0579,172.0,1715212800000
tank_0583,3.0,1715212800000
tank_0587,11.450980392156863,1715212800000
tank_0589,13.094117647058823,1715212800000
tank_0590,32.25490196078431,1715212800000
tank_0592,0.0,1715212800000
tank_0593,0.0,1715212800000
tank_0595,19.0,1715212800000
tank_0600,14.15294117647059,1715212800000
tank_0604,0.0,1715212800000
tank_0606,9.490196078431373,1715212800000
tank_0607,6.098039215686274,1715212800000
tank_0608,0.0,1715212800000
tank_0610,11.71372549019608,1715212800000
tank_0611,15.71764705882353,1715212800000
tank_0612,10.023529411764706,1715212800000
tank_0613,8.0,1715212800000
tank_0619,0.0,1715212800000
tank_0626,0.0,1715212800000
tank_0627,0.0784313725490196,1715212800000
tank_0628,0.0,1715212800000
tank_0632,10.529411764705882,1715212800000
tank_0633,0.0,1715212800000
tank_0639,8.309803921568626,1715212800000
tank_0640,0.0,1715212800000
tank_0641,0.0,1715212800000
tank_0643,34.34509803921569,1715212800000
tank_0646,0.5019607843137255,1715212800000
tank_0663,20.0078431372549,1715212800000
tank_0664,0.0,1715212800000
tank_0666,3.203921568627451,1715212800000
tank_0667,26.69019607843137,1715212800000
tank_0670,0.0,1715212800000
tank_0675,3.407843137254902,1715212800000
tank_0676,0.0,1715212800000
tank_0678,0.6901960784313725,1715212800000
tank_0681,1.0,1715212800000
tank_0687,0.0,1715212800000
tank_0688,0.0,1715212800000
tank_0697,4.109803921568627,1715212800000
tank_0720,0.42745098039215684,1715212800000
tank_0722,8.172549019607843,1715212800000
tank_0724,46.235294117647065,1715212800000
tank_0725,20.658823529411762,1715212800000
tank_0728,8.372549019607844,1715212800000
tank_0730,3.3019607843137253,1715212800000
tank_0731,0.0,1715212800000
tank_0732,4.035294117647059,1715212800000
tank_0737,0.0,1715212800000
tank_0739,11.862745098039216,1715212800000
tank_0740,51.654901960784315,1715212800000
tank_0746,2.3098039215686272,1715212800000
tank_0748,12.474509803921567,1715212800000
tank_0749,18.972549019607847,1715212800000
tank_0752,14.050980392156863,1715212800000
tank_0760,0.0,1715212800000
tank_0770,8.04313725490196,1715212800000
tank_0772,10.780392156862748,1715212800000
tank_0788,0.0,1715212800000
tank_0789,0.0,1715212800000
tank_0792,316.1254901960784,1715212800000
tank_0797,0.0,1715212800000
tank_0800,18.898039215686275,1715212800000
tank_0802,31.54901960784314,1715212800000
tank_0803,0.5137254901960784,1715212800000
tank_0808,14.509803921568627,1715212800000
tank_0810,4.0,1715212800000
tank_0811,8.384313725490196,1715212800000
tank_0812,19.0,1715212800000
tank_0813,0.0,1715212800000
tank_0816,2.0,1715212800000
tank_0819,3.0,1715212800000
tank_0823,0.0,1715212800000
tank_0824,0.0,1715212800000
tank_0825,0.0,1715212800000
tank_0828,0.0,1715212800000
tank_0829,0.0,1715212800000
tank_0830,0.0,1715212800000
tank_0831,34.278431372549015,1715212800000
tank_0844,0.0,1715212800000
tank_0852,28.741176470588236,1715212800000
tank_0855,0.0,1715212800000
tank_0856,113.0,1715212800000
tank_0860,7.0,1715212800000
tank_0861,0.0,1715212800000
tank_0872,0.0,1715212800000
tank_0875,0.0,1715212800000
tank_0879,0.0,1715212800000
tank_0885,4.250980392156863,1715212800000
tank_0891,0.0,1715212800000
tank_0894,321.0,1715212800000
tank_0898,292.0,1715212800000
tank_0900,63.776470588235306,1715212800000
tank_0901,0.0,1715212800000
tank_0902,3.0,1715212800000
tank_0914,0.0,1715212800000
tank_0917,0.0,1715212800000
tank_0919,0.0,1715212800000
tank_0920,17.317647058823532,1715212800000
tank_0922,55.0,1715212800000
tank_0923,10.0,1715212800000
tank_0924,31.14901960784314,1715212800000
tank_0926,54.968627450980385,1715212800000
tank_0927,15.407843137254902,1715212800000
tank_0928,0.0,1715212800000
tank_0930,0.0,1715212800000
tank_0931,3.0,1715212800000
tank_0933,0.0,1715212800000
tank_0934,24.168627450980395,1715212800000
tank_0937,2.0,1715212800000
tank_0938,7.4941176470588236,1715212800000
tank_0939,0.0,1715212800000
tank_0944,0.0,1715212800000
tank_0946,33.24313725490196,1715212800000
tank_0952,4.592156862745098,1715212800000
tank_0958,14.145098039215684,1715212800000
tank_0962,1185.0,1715212800000
tank_0967,0.38823529411764707,1715212800000
tank_0975,0.0,1715212800000
tank_0978,21.87450980392157,1715212800000
tank_0990,0.0,1715212800000
tank_0991,5.0,1715212800000
tank_0998,0.0,1715212800000
tank_0999,2.0,1715212800000
tank_1003,0.0,1715212800000
tank_1004,28.345098039215685,1715212800000
tank_1014,0.0,1715212800000
tank_1026,6.0,1715212800000
tank_1031,6.0,1715212800000
tank_1032,20.698039215686276,1715212800000
tank_1034,0.7529411764705882,1715212800000
tank_1042,23.0,1715212800000
tank_1045,0.0,1715212800000
tank_1049,0.0,1715212800000
tank_1055,0.7647058823529411,1715212800000
tank_1061,4.0,1715212800000
tank_1062,4.952941176470588,1715212800000
tank_1064,0.0,1715212800000
tank_1065,0.2784313725490196,1715212800000
tank_1066,63.81960784313726,1715212800000
tank_1070,2.0,1715212800000
tank_1073,0.0,1715212800000
tank_1083,126.0,1715212800000
tank_1086,9.0,1715212800000
tank_1088,14.945098039215686,1715212800000
tank_1089,0.0,1715212800000
tank_1090,0.0,1715212800000
tank_1091,9.0,1715212800000
tank_1094,0.0,1715212800000
tank_1095,0.21176470588235294,1715212800000
tank_1104,0.0,1715212800000
tank_1113,0.0,1715212800000
tank_1116,27.901960784313722,1715212800000
tank_1117,0.0,1715212800000
tank_1120,99.0,1715212800000
tank_1121,0.0,1715212800000
tank_1124,7.894117647058823,1715212800000
tank_1128,0.0,1715212800000
tank_1134,1.615686274509804,1715212800000
tank_1135,0.0,1715212800000
tank_1146,0.0,1715212800000
tank_1149,19.968627450980396,1715212800000
tank_1156,0.0,1715212800000
tank_1157,12.580392156862747,1715212800000
tank_1159,0.0,1715212800000
tank_1160,0.0,1715212800000
tank_1166,0.0,1715212800000
tank_1170,21.24313725490196,1715212800000
tank_1175,0.0,1715212800000
tank_1177,16.180392156862744,1715212800000
tank_1179,25.309803921568626,1715212800000
tank_1181,25.0,1715212800000
tank_1186,0.0,1715212800000
tank_1187,20.52941176470588,1715212800000
tank_1190,22.419607843137257,1715212800000
tank_1192,1.0,1715212800000
tank_1196,0.0,1715212800000
tank_1197,508.0,1715212800000
tank_1201,0.0,1715212800000
tank_1203,16.023529411764706,1715212800000
tank_1205,2.0,1715212800000
tank_1209,351.0,1715212800000
tank_1217,0.0,1715212800000
tank_1223,0.0,1715212800000
tank_1226,2.16078431372549,1715212800000
tank_1228,8.0,1715212800000
tank_1230,0.3843137254901961,1715212800000
tank_1237,0.0,1715212800000
tank_1239,321.0,1715212800000
tank_1245,0.0,1715212800000
tank_1246,8.0,1715212800000
tank_1250,0.0,1715212800000
tank_1254,0.0,1715212800000
tank_1255,35.917647058823526,1715212800000
tank_1258,0.0,1715212800000
tank_1261,0.0,1715212800000
tank_1262,9.678431372549019,1715212800000
tank_1263,0.0,1715212800000
tank_1265,0.0,1715212800000
tank_1270,0.0,1715212800000
tank_1272,22.870588235294118,1715212800000
tank_1275,8.4,1715212800000
tank_1276,91.95294117647059,1715212800000
tank_1279,3.992156862745098,1715212800000
tank_1280,11.396078431372551,1715212800000
tank_1284,1.2,1715212800000
tank_1285,0.0,1715212800000
tank_1286,2.0,1715212800000
tank_1290,0.0,1715212800000
tank_1291,0.0,1715212800000
tank_1293,0.0,1715212800000
tank_1295,0.0,1715212800000
tank_1297,0.0,1715212800000
tank_1301,0.0,1715212800000
tank_1302,0.0,1715212800000
tank_1304,0.0,1715212800000
tank_1305,0.0,1715212800000
tank_1313,661.0,1715212800000
tank_1322,0.0,1715212800000
tank_1325,0.0,1715212800000
tank_1326,0.0,1715212800000
tank_1344,0.0,1715212800000
tank_1346,14.180392156862746,1715212800000
tank_1349,0.0,1715212800000
tank_1353,979.0,1715212800000
tank_1358,2.905882352941177,1715212800000
tank_1359,0.15294117647058825,1715212800000
tank_1361,137.0,1715212800000
tank_1364,45.0,1715212800000
tank_1365,0.0,1715212800000
tank_1372,0.0,1715212800000
tank_1374,0.0,1715212800000
tank_1378,117.86666666666666,1715212800000
tank_1380,23.39607843137255,1715212800000
tank_1386,0.0,1715212800000
tank_1391,0.0,1715212800000
tank_1393,4.247058823529411,1715212800000
tank_1396,0.0,1715212800000
tank_1397,0.0,1715212800000
tank_1403,0.0,1715212800000
tank_1409,0.0,1715212800000
tank_1412,0.0,1715212800000
tank_1415,0.0,1715212800000
tank_1416,1.0,1715212800000
tank_1421,174.0,1715212800000
tank_1422,5.2705882352941185,1715212800000
tank_1425,177.0,1715212800000
tank_1426,0.0,1715212800000
tank_1430,0.0,1715212800000
tank_1433,155.0,1715212800000
tank_1438,1.3019607843137255,1715212800000
tank_1439,0.0,1715212800000
tank_1441,0.6549019607843137,1715212800000
tank_1443,27.278431372549022,1715212800000
tank_1445,1.0,1715212800000
tank_1446,0.0,1715212800000
tank_1450,2.0,1715212800000
tank_1452,5.713725490196078,1715212800000
tank_1456,0.0,1715212800000
tank_1466,30.364705882352947,1715212800000
tank_1471,15.258823529411764,1715212800000
tank_1475,0.0,1715212800000
tank_1486,2.0,1715212800000
tank_1488,6.0,1715212800000
tank_1491,0.0,1715212800000
tank_1500,0.0,1715212800000
tank_1505,0.0,1715212800000
tank_1513,3.0,1715212800000
tank_1531,2.0,1715212800000
tank_1536,0.0,1715212800000
tank_1539,33.0,1715212800000
tank_1541,0.0,1715212800000
tank_1542,0.0,1715212800000
tank_1547,3.0,1715212800000
tank_1563,0.0,1715212800000
tank_1564,0.00784313725490196,1715212800000
tank_1565,73.0,1715212800000
tank_1567,7.0,1715212800000
tank_1568,0.0,1715212800000
tank_1573,0.0,1715212800000
tank_1583,0.0,1715212800000
tank_1587,0.0,1715212800000
tank_1588,0.0,1715212800000
tank_1592,5.952941176470588,1715212800000
tank_1594,0.0,1715212800000
tank_1595,14.070588235294117,1715212800000
tank_1597,3.0,1715212800000
tank_1598,0.0,1715212800000
tank_1600,15.662745098039217,1715212800000
tank_1604,18.0,1715212800000
tank_0002,0.0,1716249600000
tank_0004,0.0,1716249600000
tank_0005,0.0,1716249600000
tank_0011,0.0,1716249600000
tank_0014,0.0,1716249600000
tank_0019,0.0,1716249600000
tank_0024,0.0,1716249600000
tank_0025,0.0,1716249600000
tank_0026,0.0,1716249600000
tank_0027,0.0,1716249600000
tank_0030,0.0,1716249600000
tank_0031,27.0,1716249600000
tank_0036,0.0,1716249600000
tank_0037,0.0,1716249600000
tank_0038,4.109803921568627,1716249600000
tank_0050,0.0,1716249600000
tank_0051,0.0,1716249600000
tank_0052,0.0,1716249600000
tank_0053,5.811764705882353,1716249600000
tank_0055,0.0,1716249600000
tank_0057,0.0,1716249600000
tank_0058,0.0,1716249600000
tank_0064,0.0,1716249600000
tank_0069,2.0,1716249600000
tank_0072,0.0,1716249600000
tank_0073,0.0,1716249600000
tank_0080,4.0,1716249600000
tank_0094,0.0,1716249600000
tank_0107,0.0,1716249600000
tank_0110,0.0,1716249600000
tank_0113,0.0,1716249600000
tank_0115,0.0,1716249600000
tank_0116,0.0,1716249600000
tank_0117,62.0,1716249600000
tank_0118,0.0,1716249600000
tank_0122,0.0,1716249600000
tank_0125,0.0,1716249600000
tank_0130,0.0,1716249600000
tank_0131,0.0,1716249600000
tank_0132,0.0,1716249600000
tank_0134,0.0,1716249600000
tank_0135,0.0,1716249600000
tank_0142,0.0,1716249600000
tank_0143,0.0,1716249600000
tank_0144,0.0,1716249600000
tank_0148,0.0,1716249600000
tank_0153,0.0,1716249600000
tank_0156,0.0,1716249600000
tank_0159,0.0,1716249600000
tank_0165,0.0,1716249600000
tank_0171,0.0,1716249600000
tank_0172,0.0,1716249600000
tank_0174,0.0,1716249600000
tank_0176,0.0,1716249600000
tank_0184,0.0,1716249600000
tank_0187,0.0,1716249600000
tank_0190,0.9176470588235295,1716249600000
tank_0192,0.0,1716249600000
tank_0193,0.0,1716249600000
tank_0195,0.0,1716249600000
tank_0199,0.0,1716249600000
tank_0204,0.0,1716249600000
tank_0205,0.0,1716249600000
tank_0207,0.0,1716249600000
tank_0209,0.0,1716249600000
tank_0213,2.0,1716249600000
tank_0217,0.0,1716249600000
tank_0220,0.0,1716249600000
tank_0221,0.0,1716249600000
tank_0225,0.0,1716249600000
tank_0226,0.0,1716249600000
tank_0228,0.0,1716249600000
tank_0229,2.992156862745098,1716249600000
tank_0231,0.0,1716249600000
tank_0233,0.0,1716249600000
tank_0236,0.0,1716249600000
tank_0237,0.0,1716249600000
tank_0240,0.0,1716249600000
tank_0242,0.0,1716249600000
tank_0245,0.0,1716249600000
tank_0247,0.0,1716249600000
tank_0256,0.0,1716249600000
tank_0257,0.0,1716249600000
tank_0260,0.0,1716249600000
tank_0261,0.0,1716249600000
tank_0264,0.0,1716249600000
tank_0273,5.0,1716249600000
tank_0276,0.0,1716249600000
tank_0278,0.0,1716249600000
tank_0280,0.0,1716249600000
tank_0291,0.0,1716249600000
tank_0292,0.0,1716249600000
tank_0296,0.0,1716249600000
tank_0297,0.0,1716249600000
tank_0299,0.0,1716249600000
tank_0300,0.0,1716249600000
tank_0301,0.0,1716249600000
tank_0307,0.0,1716249600000
tank_0309,15.8,1716249600000
tank_0313,0.0,1716249600000
tank_0314,0.0,1716249600000
tank_0319,0.0,1716249600000
tank_0321,0.0,1716249600000
tank_0327,0.0,1716249600000
tank_0337,0.0,1716249600000
tank_0338,0.0,1716249600000
tank_0339,0.0,1716249600000
tank_0342,8.0,1716249600000
tank_0345,0.0,1716249600000
tank_0346,0.0,1716249600000
tank_0349,47.0,1716249600000
tank_0350,0.0,1716249600000
tank_0353,0.0,1716249600000
tank_0356,0.0,1716249600000
tank_0360,0.0,1716249600000
tank_0361,0.0,1716249600000
tank_0362,0.0,1716249600000
tank_0364,0.0,1716249600000
tank_0366,0.0,1716249600000
tank_0369,0.0,1716249600000
tank_0375,0.0,1716249600000
tank_0379,0.0,1716249600000
tank_0381,0.0,1716249600000
tank_0386,0.0,1716249600000
tank_0390,0.0,1716249600000
tank_0397,0.0,1716249600000
tank_0399,0.0,1716249600000
tank_0404,0.0,1716249600000
tank_0409,0.0,1716249600000
tank_0420,0.0,1716249600000
tank_0425,0.0,1716249600000
tank_0431,0.0,1716249600000
tank_0432,0.0,1716249600000
tank_0435,0.0,1716249600000
tank_0436,0.0,1716249600000
tank_0438,0.0,1716249600000
tank_0443,0.0,1716249600000
tank_0444,0.0,1716249600000
tank_0447,0.0,1716249600000
tank_0448,0.0,1716249600000
tank_0449,0.0,1716249600000
tank_0455,0.0,1716249600000
tank_0460,1.0,1716249600000
tank_0462,0.0,1716249600000
tank_0466,0.0,1716249600000
tank_0471,0.0,1716249600000
tank_0473,0.0,1716249600000
tank_0474,0.0,1716249600000
tank_0481,0.0,1716249600000
tank_0485,0.0,1716249600000
tank_0489,0.0,1716249600000
tank_0491,0.0,1716249600000
tank_0494,0.0,1716249600000
tank_0497,0.0,1716249600000
tank_0498,0.0,1716249600000
tank_0502,0.0,1716249600000
tank_0505,0.0,1716249600000
tank_0509,0.0,1716249600000
tank_0512,54.0,1716249600000
tank_0514,0.0,1716249600000
tank_0515,0.0,1716249600000
tank_0521,0.0,1716249600000
tank_0524,0.0,1716249600000
tank_0526,8.0,1716249600000
tank_0533,0.0,1716249600000
tank_0534,0.0,1716249600000
tank_0536,0.0,1716249600000
tank_0537,0.0,1716249600000
tank_0541,0.0,1716249600000
tank_0547,0.0,1716249600000
tank_0552,0.0,1716249600000
tank_0555,0.0,1716249600000
tank_0556,0.0,1716249600000
tank_0557,0.0,1716249600000
tank_0560,0.0,1716249600000
tank_0561,0.0,1716249600000
tank_0566,0.0,1716249600000
tank_0567,0.0,1716249600000
tank_0568,0.0,1716249600000
tank_0574,0.0,1716249600000
tank_0579,90.0,1716249600000
tank_0583,0.0,1716249600000
tank_0587,0.0,1716249600000
tank_0589,0.0,1716249600000
tank_0590,0.0,1716249600000
tank_0592,0.0,1716249600000
tank_0593,0.0,1716249600000
tank_0595,0.0,1716249600000
tank_0600,0.0,1716249600000
tank_0604,0.0,1716249600000
tank_0606,0.0,1716249600000
tank_0607,0.0,1716249600000
tank_0608,124.0,1716249600000
tank_0610,0.0,1716249600000
tank_0611,0.0,1716249600000
tank_0612,0.0,1716249600000
tank_0613,0.0,1716249600000
tank_0619,0.0,1716249600000
tank_0626,0.0,1716249600000
tank_0627,0.0,1716249600000
tank_0628,0.0,1716249600000
tank_0632,0.0,1716249600000
tank_0633,0.0,1716249600000
tank_0639,0.0,1716249600000
tank_0640,0.0,1716249600000
tank_0641,0.0,1716249600000
tank_0643,0.0,1716249600000
tank_0646,0.0,1716249600000
tank_0663,0.0,1716249600000
tank_0664,0.0,1716249600000
tank_0666,0.0,1716249600000
tank_0667,1.2,1716249600000
tank_0670,0.0,1716249600000
tank_0675,0.0,1716249600000
tank_0676,305.0,1716249600000
tank_0678,0.0,1716249600000
tank_0681,0.0,1716249600000
tank_0687,9.0,1716249600000
tank_0688,27.0,1716249600000
tank_0697,0.0,1716249600000
tank_0720,4.427450980392157,1716249600000
tank_0722,0.0,1716249600000
tank_0724,0.0,1716249600000
tank_0725,16.0,1716249600000
tank_0728,0.0,1716249600000
tank_0730,1.7254901960784315,1716249600000
tank_0731,590.0,1716249600000
tank_0732,0.0,1716249600000
tank_0737,0.0,1716249600000
tank_0739,0.0,1716249600000
tank_0740,0.0,1716249600000
tank_0746,0.0,1716249600000
tank_0748,0.0,1716249600000
tank_0749,0.0,1716249600000
tank_0752,0.0,1716249600000
tank_0760,0.0,1716249600000
tank_0770,0.0,1716249600000
tank_0772,0.0,1716249600000
tank_0788,0.0,1716249600000
tank_0789,0.0,1716249600000
tank_0792,48.3843137254902,1716249600000
tank_0797,0.0,1716249600000
tank_0800,0.0,1716249600000
tank_0802,0.0,1716249600000
tank_0803,0.0,1716249600000
tank_0808,0.0,1716249600000
tank_0810,0.0,1716249600000
tank_0811,1.3294117647058823,1716249600000
tank_0812,15.0,1716249600000
tank_0813,0.0,1716249600000
tank_0816,0.0,1716249600000
tank_0819,0.0,1716249600000
tank_0823,0.0,1716249600000
tank_0824,0.0,1716249600000
tank_0825,0.0,1716249600000
tank_0828,0.0,1716249600000
tank_0829,0.0,1716249600000
tank_0830,0.0,1716249600000
tank_0831,6.250980392156863,1716249600000
tank_0844,0.0,1716249600000
tank_0852,0.0,1716249600000
tank_0855,54.0,1716249600000
tank_0856,19.0,1716249600000
tank_0860,0.0,1716249600000
tank_0861,0.0,1716249600000
tank_0872,0.0,1716249600000
tank_0875,0.0,1716249600000
tank_0879,0.0,1716249600000
tank_0885,0.0,1716249600000
tank_0891,0.0,1716249600000
tank_0894,70.0,1716249600000
tank_0898,91.0,1716249600000
tank_0900,0.0,1716249600000
tank_0901,0.0,1716249600000
tank_0902,5.0,1716249600000
tank_0914,0.0,1716249600000
tank_0917,0.0,1716249600000
tank_0919,0.0,1716249600000
tank_0920,0.0,1716249600000
tank_0922,63.0,1716249600000
tank_0923,0.0,1716249600000
tank_0924,0.0,1716249600000
tank_0926,0.0,1716249600000
tank_0927,0.0,1716249600000
tank_0928,0.0,1716249600000
tank_0930,52.0,1716249600000
tank_0931,1.0,1716249600000
tank_0933,0.0,1716249600000
tank_0934,0.0,1716249600000
tank_0937,0.0,1716249600000
tank_0938,0.0,1716249600000
tank_0939,0.0,1716249600000
tank_0944,44.0,1716249600000
tank_0946,0.0,1716249600000
tank_0952,0.0,1716249600000
tank_0958,0.0,1716249600000
tank_0962,503.0,1716249600000
tank_0967,0.0,1716249600000
tank_0975,0.0,1716249600000
tank_0978,0.0,1716249600000
tank_0990,0.0,1716249600000
tank_0991,247.0,1716249600000
tank_0998,0.0,1716249600000
tank_0999,0.0,1716249600000
tank_1003,0.0,1716249600000
tank_1004,0.0,1716249600000
tank_1014,1.0,1716249600000
tank_1026,94.0,1716249600000
tank_1031,0.0,1716249600000
tank_1032,0.0,1716249600000
tank_1034,0.0,1716249600000
tank_1042,20.0,1716249600000
tank_1045,0.0,1716249600000
tank_1049,0.0,1716249600000
tank_1055,0.0,1716249600000
tank_1061,0.0,1716249600000
tank_1062,0.0,1716249600000
tank_1064,0.0,1716249600000
tank_1065,0.0,1716249600000
tank_1066,0.0,1716249600000
tank_1070,0.0,1716249600000
tank_1073,0.0,1716249600000
tank_1083,109.0,1716249600000
tank_1086,0.0,1716249600000
tank_1088,0.0,1716249600000
tank_1089,12.0,1716249600000
tank_1090,0.0,1716249600000
tank_1091,0.0,1716249600000
tank_1094,363.0,1716249600000
tank_1095,13.0,1716249600000
tank_1104,0.0,1716249600000
tank_1113,0.0,1716249600000
tank_1116,0.0,1716249600000
tank_1117,0.0,1716249600000
tank_1120,172.0,1716249600000
tank_1121,18.0,1716249600000
tank_1124,19.96470588235294,1716249600000
tank_1128,0.0,1716249600000
tank_1134,0.0,1716249600000
tank_1135,0.0,1716249600000
tank_1146,13.0,1716249600000
tank_1149,0.0,1716249600000
tank_1156,0.0,1716249600000
tank_1157,7.913725490196079,1716249600000
tank_1159,56.0,1716249600000
tank_1160,0.0,1716249600000
tank_1166,0.0,1716249600000
tank_1170,4.243137254901961,1716249600000
tank_1175,0.0,1716249600000
tank_1177,0.03529411764705882,1716249600000
tank_1179,0.0,1716249600000
tank_1181,29.0,1716249600000
tank_1186,0.0,1716249600000
tank_1187,14.0,1716249600000
tank_1190,0.0,1716249600000
tank_1192,14.0,1716249600000
tank_1196,0.0,1716249600000
tank_1197,371.0,1716249600000
tank_1201,0.0,1716249600000
tank_1203,0.0,1716249600000
tank_1205,0.0,1716249600000
tank_1209,208.0,1716249600000
tank_1217,0.0,1716249600000
tank_1223,3.0,1716249600000
tank_1226,0.0,1716249600000
tank_1228,0.0,1716249600000
tank_1230,0.0,1716249600000
tank_1237,0.0,1716249600000
tank_1239,146.0,1716249600000
tank_1245,0.0,1716249600000
tank_1246,5.0,1716249600000
tank_1250,0.0,1716249600000
tank_1254,0.0,1716249600000
tank_1255,0.0,1716249600000
tank_1258,0.0,1716249600000
tank_1261,0.0,1716249600000
tank_1262,0.0,1716249600000
tank_1263,0.0,1716249600000
tank_1265,0.0,1716249600000
tank_1270,0.0,1716249600000
tank_1272,6.0,1716249600000
tank_1275,0.0,1716249600000
tank_1276,65.0,1716249600000
tank_1279,0.0,1716249600000
tank_1280,0.0,1716249600000
tank_1284,0.0,1716249600000
tank_1285,0.0,1716249600000
tank_1286,5.0,1716249600000
tank_1290,0.0,1716249600000
tank_1291,0.0,1716249600000
tank_1293,0.0,1716249600000
tank_1295,0.0,1716249600000
tank_1297,0.0,1716249600000
tank_1301,0.0,1716249600000
tank_1302,0.0,1716249600000
tank_1304,0.0,1716249600000
tank_1305,0.0,1716249600000
tank_1313,141.0,1716249600000
tank_1322,0.0,1716249600000
tank_1325,0.0,1716249600000
tank_1326,0.0,1716249600000
tank_1344,0.0,1716249600000
tank_1346,0.0,1716249600000
tank_1349,0.0,1716249600000
tank_1353,253.0,1716249600000
tank_1358,0.0,1716249600000
tank_1359,0.0,1716249600000
tank_1361,20.0,1716249600000
tank_1364,56.0,1716249600000
tank_1365,2.0,1716249600000
tank_1372,0.0,1716249600000
tank_1374,0.0,1716249600000
tank_1378,56.0,1716249600000
tank_1380,0.0,1716249600000
tank_1386,0.0,1716249600000
tank_1391,0.0,1716249600000
tank_1393,0.0,1716249600000
tank_1396,0.0,1716249600000
tank_1397,0.0,1716249600000
tank_1403,0.0,1716249600000
tank_1409,0.0,1716249600000
tank_1412,1.0,1716249600000
tank_1415,0.0,1716249600000
tank_1416,0.0,1716249600000
tank_1421,84.0,1716249600000
tank_1422,0.0,1716249600000
tank_1425,56.0,1716249600000
tank_1426,0.0,1716249600000
tank_1430,0.0,1716249600000
tank_1433,21.0,1716249600000
tank_1438,0.0,1716249600000
tank_1439,0.0,1716249600000
tank_1441,0.0,1716249600000
tank_1443,0.0,1716249600000
tank_1445,0.0,1716249600000
tank_1446,0.0,1716249600000
tank_1450,0.0,1716249600000
tank_1452,0.0,1716249600000
tank_1456,0.0,1716249600000
tank_1466,0.0,1716249600000
tank_1471,0.0,1716249600000
tank_1475,0.0,1716249600000
tank_1486,0.0,1716249600000
tank_1488,0.0,1716249600000
tank_1491,0.0,1716249600000
tank_1500,0.0,1716249600000
tank_1505,39.0,1716249600000
tank_1513,1.0,1716249600000
tank_1531,0.0,1716249600000
tank_1536,0.0,1716249600000
tank_1539,2.0,1716249600000
tank_1541,0.0,1716249600000
tank_1542,0.0,1716249600000
tank_1547,0.0,1716249600000
tank_1563,0.0,1716249600000
tank_1564,0.0,1716249600000
tank_1565,40.0,1716249600000
tank_1567,0.0,1716249600000
tank_1568,0.0,1716249600000
tank_1573,0.0,1716249600000
tank_1583,0.0,1716249600000
tank_1587,263.0,1716249600000
tank_1588,0.0,1716249600000
tank_1592,0.0,1716249600000
tank_1594,0.0,1716249600000
tank_1595,0.0,1716249600000
tank_1597,0.0,1716249600000
tank_1598,0.0,1716249600000
tank_1600,0.0,1716249600000
tank_1604,0.0,1716249600000
tank_0002,0.0,1717286400000
tank_0004,0.0,1717286400000
tank_0005,0.0,1717286400000
tank_0011,0.0,1717286400000
tank_0014,0.0,1717286400000
tank_0019,0.0,1717286400000
tank_0024,0.0,1717286400000
tank_0025,0.0,1717286400000
tank_0026,0.0,1717286400000
tank_0027,0.0,1717286400000
tank_0030,0.0,1717286400000
tank_0031,41.0,1717286400000
tank_0036,0.0,1717286400000
tank_0037,0.0,1717286400000
tank_0038,0.0,1717286400000
tank_0050,0.0,1717286400000
tank_0051,0.0,1717286400000
tank_0052,0.0,1717286400000
tank_0053,3.5254901960784317,1717286400000
tank_0055,0.0,1717286400000
tank_0057,0.0,1717286400000
tank_0058,0.0,1717286400000
tank_0064,0.0,1717286400000
tank_0069,13.0,1717286400000
tank_0072,0.0,1717286400000
tank_0073,0.0,1717286400000
tank_0080,11.0,1717286400000
tank_0094,0.0,1717286400000
tank_0107,0.0,1717286400000
tank_0110,0.0,1717286400000
tank_0113,0.0,1717286400000
tank_0115,0.0,1717286400000
tank_0116,0.0,1717286400000
tank_0117,60.0,1717286400000
tank_0118,0.0,1717286400000
tank_0122,0.0,1717286400000
tank_0125,0.0,1717286400000
tank_0130,0.0,1717286400000
tank_0131,0.0,1717286400000
tank_0132,0.0,1717286400000
tank_0134,0.0,1717286400000
tank_0135,0.0,1717286400000
tank_0142,0.0,1717286400000
tank_0143,0.0,1717286400000
tank_0144,0.0,1717286400000
tank_0148,0.0,1717286400000
tank_0153,0.0,1717286400000
tank_0156,0.0,1717286400000
tank_0159,0.0,1717286400000
tank_0165,0.0,1717286400000
tank_0171,0.0,1717286400000
tank_0172,0.0,1717286400000
tank_0174,0.0,1717286400000
tank_0176,0.0,1717286400000
tank_0184,0.0,1717286400000
tank_0187,0.0,1717286400000
tank_0190,1.8313725490196078,1717286400000
tank_0192,0.0,1717286400000
tank_0193,0.0,1717286400000
tank_0195,0.0,1717286400000
tank_0199,0.0,1717286400000
tank_0204,0.0,1717286400000
tank_0205,0.0,1717286400000
tank_0207,0.0,1717286400000
tank_0209,0.0,1717286400000
tank_0213,7.0,1717286400000
tank_0217,0.0,1717286400000
tank_0220,0.0,1717286400000
tank_0221,0.6078431372549019,1717286400000
tank_0225,0.0,1717286400000
tank_0226,0.0,1717286400000
tank_0228,0.0,1717286400000
tank_0229,0.0,1717286400000
tank_0231,0.0,1717286400000
tank_0233,0.0,1717286400000
tank_0236,0.0,1717286400000
tank_0237,0.0,1717286400000
tank_0240,0.0,1717286400000
tank_0242,0.0,1717286400000
tank_0245,0.0,1717286400000
tank_0247,0.0,1717286400000
tank_0256,0.0,1717286400000
tank_0257,0.0,1717286400000
tank_0260,0.0,1717286400000
tank_0261,0.0,1717286400000
tank_0264,0.0,1717286400000
tank_0273,2.0,1717286400000
tank_0276,0.0,1717286400000
tank_0278,0.0,1717286400000
tank_0280,0.0,1717286400000
tank_0291,0.0,1717286400000
tank_0292,0.0,1717286400000
tank_0296,0.0,1717286400000
tank_0297,0.0,1717286400000
tank_0299,0.0,1717286400000
tank_0300,0.0,1717286400000
tank_0301,0.0,1717286400000
tank_0307,0.0,1717286400000
tank_0309,25.92549019607843,1717286400000
tank_0313,0.0,1717286400000
tank_0314,0.0,1717286400000
tank_0319,0.0,1717286400000
tank_0321,0.0,1717286400000
tank_0327,0.0,1717286400000
tank_0337,0.0,1717286400000
tank_0338,0.0,1717286400000
tank_0339,0.0,1717286400000
tank_0342,3.0,1717286400000
tank_0345,0.7254901960784313,1717286400000
tank_0346,0.0,1717286400000
tank_0349,58.0,1717286400000
tank_0350,0.0,1717286400000
tank_0353,0.0,1717286400000
tank_0356,0.0,1717286400000
tank_0360,0.0,1717286400000
tank_0361,0.0,1717286400000
tank_0362,0.0,1717286400000
tank_0364,0.0,1717286400000
tank_0366,0.0,1717286400000
tank_0369,0.0,1717286400000
tank_0375,0.0,1717286400000
tank_0379,0.0,1717286400000
tank_0381,0.0,1717286400000
tank_0386,0.0,1717286400000
tank_0390,0.0,1717286400000
tank_0397,0.0,1717286400000
tank_0399,0.0,1717286400000
tank_0404,0.0,1717286400000
tank_0409,0.0,1717286400000
tank_0420,0.0,1717286400000
tank_0425,0.0,1717286400000
tank_0431,0.0,1717286400000
tank_0432,0.0,1717286400000
tank_0435,2.0,1717286400000
tank_0436,0.0,1717286400000
tank_0438,0.0,1717286400000
tank_0443,0.0,1717286400000
tank_0444,0.0,1717286400000
tank_0447,0.0,1717286400000
tank_0448,0.0,1717286400000
tank_0449,1.0,1717286400000
tank_0455,0.0,1717286400000
tank_0460,0.0,1717286400000
tank_0462,5.0,1717286400000
tank_0466,0.0,1717286400000
tank_0471,0.0,1717286400000
tank_0473,0.0,1717286400000
tank_0474,0.0,1717286400000
tank_0481,0.0,1717286400000
tank_0485,0.0,1717286400000
tank_0489,0.0,1717286400000
tank_0491,0.0,1717286400000
tank_0494,0.0,1717286400000
tank_0497,0.0,1717286400000
tank_0498,0.0,1717286400000
tank_0502,0.0,1717286400000
tank_0505,0.0,1717286400000
tank_0509,0.0,1717286400000
tank_0512,12.0,1717286400000
tank_0514,0.0,1717286400000
tank_0515,0.0,1717286400000
tank_0521,0.0,1717286400000
tank_0524,0.0,1717286400000
tank_0526,7.0,1717286400000
tank_0533,0.0,1717286400000
tank_0534,0.0,1717286400000
tank_0536,0.0,1717286400000
tank_0537,0.0,1717286400000
tank_0541,0.0,1717286400000
tank_0547,0.0,1717286400000
tank_0552,0.0,1717286400000
tank_0555,0.0,1717286400000
tank_0556,0.0,1717286400000
tank_0557,0.0,1717286400000
tank_0560,0.0,1717286400000
tank_0561,0.0,1717286400000
tank_0566,0.0,1717286400000
tank_0567,0.0,1717286400000
tank_0568,0.0,1717286400000
tank_0574,0.0,1717286400000
tank_0579,88.0,1717286400000
tank_0583,0.0,1717286400000
tank_0587,0.0,1717286400000
tank_0589,0.0,1717286400000
tank_0590,0.0,1717286400000
tank_0592,0.0,1717286400000
tank_0593,0.0,1717286400000
tank_0595,0.0,1717286400000
tank_0600,0.0,1717286400000
tank_0604,0.0,1717286400000
tank_0606,0.0,1717286400000
tank_0607,0.0,1717286400000
tank_0608,159.0,1717286400000
tank_0610,0.0,1717286400000
tank_0611,0.0,1717286400000
tank_0612,0.0,1717286400000
tank_0613,0.0,1717286400000
tank_0619,0.0,1717286400000
tank_0626,0.0,1717286400000
tank_0627,0.0,1717286400000
tank_0628,0.0,1717286400000
tank_0632,0.0,1717286400000
tank_0633,0.0,1717286400000
tank_0639,0.9882352941176471,1717286400000
tank_0640,0.0,1717286400000
tank_0641,0.0,1717286400000
tank_0643,0.0,1717286400000
tank_0646,0.0,1717286400000
tank_0663,0.0,1717286400000
tank_0664,0.0,1717286400000
tank_0666,0.0,1717286400000
tank_0667,0.0,1717286400000
tank_0670,0.0,1717286400000
tank_0675,0.0,1717286400000
tank_0676,150.0,1717286400000
tank_0678,0.0,1717286400000
tank_0681,0.0,1717286400000
tank_0687,8.0,1717286400000
tank_0688,195.0,1717286400000
tank_0697,0.0,1717286400000
tank_0720,6.0,1717286400000
tank_0722,0.0,1717286400000
tank_0724,0.0,1717286400000
tank_0725,16.0,1717286400000
tank_0728,0.0,1717286400000
tank_0730,3.576470588235294,1717286400000
tank_0731,560.0,1717286400000
tank_0732,0.0,1717286400000
tank_0737,0.0,1717286400000
tank_0739,0.0,1717286400000
tank_0740,0.0,1717286400000
tank_0746,0.0,1717286400000
tank_0748,0.0,1717286400000
tank_0749,0.0,1717286400000
tank_0752,0.0,1717286400000
tank_0760,0.0,1717286400000
tank_0770,0.0,1717286400000
tank_0772,0.0,1717286400000
tank_0788,0.0,1717286400000
tank_0789,0.0,1717286400000
tank_0792,18.576470588235296,1717286400000
tank_0797,0.0,1717286400000
tank_0800,0.0,1717286400000
tank_0802,0.0,1717286400000
tank_0803,0.0,1717286400000
tank_0808,0.0,1717286400000
tank_0810,0.0,1717286400000
tank_0811,8.20392156862745,1717286400000
tank_0812,24.0,1717286400000
tank_0813,0.0,1717286400000
tank_0816,0.0,1717286400000
tank_0819,0.0,1717286400000
tank_0823,0.0,1717286400000
tank_0824,0.0,1717286400000
tank_0825,0.0,1717286400000
tank_0828,0.0,1717286400000
tank_0829,0.0,1717286400000
tank_0830,0.0,1717286400000
tank_0831,0.0,1717286400000
tank_0844,0.0,1717286400000
tank_0852,20.0,1717286400000
tank_0855,64.0,1717286400000
tank_0856,254.0,1717286400000
tank_0860,0.0,1717286400000
tank_0861,0.0,1717286400000
tank_0872,0.0,1717286400000
tank_0875,6.0,1717286400000
tank_0879,0.0,1717286400000
tank_0885,0.0,1717286400000
tank_0891,0.0,1717286400000
tank_0894,256.0,1717286400000
tank_0898,57.0,1717286400000
tank_0900,0.0,1717286400000
tank_0901,0.0,1717286400000
tank_0902,1.0,1717286400000
tank_0914,0.0,1717286400000
tank_0917,0.0,1717286400000
tank_0919,1.0,1717286400000
tank_0920,0.0,1717286400000
tank_0922,86.0,1717286400000
tank_0923,0.0,1717286400000
tank_0924,1.0,1717286400000
tank_0926,0.0,1717286400000
tank_0927,0.0,1717286400000
tank_0928,0.0,1717286400000
tank_0930,109.0,1717286400000
tank_0931,0.0,1717286400000
tank_0933,0.0,1717286400000
tank_0934,0.0,1717286400000
tank_0937,0.0,1717286400000
tank_0938,0.0,1717286400000
tank_0939,0.0,1717286400000
tank_0944,95.0,1717286400000
tank_0946,0.0,1717286400000
tank_0952,0.0,1717286400000
tank_0958,0.0,1717286400000
tank_0962,654.0,1717286400000
tank_0967,0.0,1717286400000
tank_0975,0.0,1717286400000
tank_0978,0.0,1717286400000
tank_0990,0.0,1717286400000
tank_0991,168.0,1717286400000
tank_0998,0.0,1717286400000
tank_0999,0.0,1717286400000
tank_1003,71.0,1717286400000
tank_1004,0.0,1717286400000
tank_1014,0.0,1717286400000
tank_1026,155.0,1717286400000
tank_1031,4.0,1717286400000
tank_1032,0.0,1717286400000
tank_1034,0.0,1717286400000
tank_1042,37.0,1717286400000
tank_1045,0.0,1717286400000
tank_1049,24.0,1717286400000
tank_1055,0.0,1717286400000
tank_1061,0.0,1717286400000
tank_1062,0.0,1717286400000
tank_1064,0.0,1717286400000
tank_1065,0.0,1717286400000
tank_1066,0.0,1717286400000
tank_1070,0.0,1717286400000
tank_1073,0.0,1717286400000
tank_1083,129.0,1717286400000
tank_1086,21.87450980392157,1717286400000
tank_1088,0.0,1717286400000
tank_1089,18.0,1717286400000
tank_1090,13.0,1717286400000
tank_1091,0.0,1717286400000
tank_1094,216.0,1717286400000
tank_1095,4.0,1717286400000
tank_1104,0.0,1717286400000
tank_1113,0.0,1717286400000
tank_1116,0.0,1717286400000
tank_1117,0.0,1717286400000
tank_1120,92.0,1717286400000
tank_1121,8.0,1717286400000
tank_1124,25.862745098039216,1717286400000
tank_1128,0.0,1717286400000
tank_1134,0.0,1717286400000
tank_1135,0.0,1717286400000
tank_1146,6.0,1717286400000
tank_1149,0.0,1717286400000
tank_1156,0.0,1717286400000
tank_1157,10.792156862745099,1717286400000
tank_1159,0.0,1717286400000
tank_1160,0.0,1717286400000
tank_1166,0.0,1717286400000
tank_1170,8.0,1717286400000
tank_1175,0.0,1717286400000
tank_1177,22.215686274509803,1717286400000
tank_1179,0.0,1717286400000
tank_1181,15.0,1717286400000
tank_1186,0.0,1717286400000
tank_1187,11.588235294117647,1717286400000
tank_1190,0.0,1717286400000
tank_1192,23.690196078431374,1717286400000
tank_1196,0.0,1717286400000
tank_1197,39.0,1717286400000
tank_1201,0.0,1717286400000
tank_1203,0.0,1717286400000
tank_1205,0.0,1717286400000
tank_1209,160.0,1717286400000
tank_1217,0.0,1717286400000
tank_1223,0.0,1717286400000
tank_1226,0.0,1717286400000
tank_1228,0.0,1717286400000
tank_1230,0.0,1717286400000
tank_1237,0.0,1717286400000
tank_1239,135.0,1717286400000
tank_1245,0.0,1717286400000
tank_1246,2.0,1717286400000
tank_1250,0.0,1717286400000
tank_1254,0.0,1717286400000
tank_1255,0.0,1717286400000
tank_1258,0.0,1717286400000
tank_1261,0.0,1717286400000
tank_1262,0.0,1717286400000
tank_1263,0.0,1717286400000
tank_1265,0.0,1717286400000
tank_1270,0.0,1717286400000
tank_1272,13.870588235294118,1717286400000
tank_1275,0.0,1717286400000
tank_1276,77.95294117647059,1717286400000
tank_1279,0.0,1717286400000
tank_1280,0.0,1717286400000
tank_1284,0.0,1717286400000
tank_1285,0.0,1717286400000
tank_1286,0.0,1717286400000
tank_1290,0.0,1717286400000
tank_1291,0.0,1717286400000
tank_1293,0.0,1717286400000
tank_1295,0.0,1717286400000
tank_1297,0.0,1717286400000
tank_1301,0.0,1717286400000
tank_1302,0.0,1717286400000
tank_1304,0.0,1717286400000
tank_1305,0.0,1717286400000
tank_1313,107.0,1717286400000
tank_1322,0.0,1717286400000
tank_1325,0.0,1717286400000
tank_1326,0.0,1717286400000
tank_1344,0.0,1717286400000
tank_1346,0.0,1717286400000
tank_1349,0.0,1717286400000
tank_1353,133.0,1717286400000
tank_1358,0.0,1717286400000
tank_1359,0.0,1717286400000
tank_1361,33.0,1717286400000
tank_1364,33.0,1717286400000
tank_1365,0.0,1717286400000
tank_1372,0.0,1717286400000
tank_1374,0.0,1717286400000
tank_1378,44.0,1717286400000
tank_1380,0.0,1717286400000
tank_1386,0.0,1717286400000
tank_1391,0.0,1717286400000
tank_1393,0.0,1717286400000
tank_1396,0.0,1717286400000
tank_1397,0.0,1717286400000
tank_1403,0.0,1717286400000
tank_1409,0.0,1717286400000
tank_1412,0.0,1717286400000
tank_1415,0.0,1717286400000
tank_1416,0.0,1717286400000
tank_1421,116.0,1717286400000
tank_1422,0.0,1717286400000
tank_1425,72.0,1717286400000
tank_1426,0.0,1717286400000
tank_1430,0.0,1717286400000
tank_1433,53.0,1717286400000
tank_1438,0.0,1717286400000
tank_1439,0.0,1717286400000
tank_1441,0.0,1717286400000
tank_1443,0.0,1717286400000
tank_1445,0.0,1717286400000
tank_1446,0.0,1717286400000
tank_1450,0.0,1717286400000
tank_1452,0.0,1717286400000
tank_1456,0.0,1717286400000
tank_1466,0.0,1717286400000
tank_1471,0.0,1717286400000
tank_1475,0.0,1717286400000
tank_1486,0.0,1717286400000
tank_1488,0.0,1717286400000
tank_1491,0.0,1717286400000
tank_1500,0.0,1717286400000
tank_1505,146.0,1717286400000
tank_1513,0.0,1717286400000
tank_1531,0.0,1717286400000
tank_1536,0.0,1717286400000
tank_1539,1.0,1717286400000
tank_1541,0.0,1717286400000
tank_1542,0.0,1717286400000
tank_1547,0.0,1717286400000
tank_1563,0.0,1717286400000
tank_1564,0.0,1717286400000
tank_1565,25.0,1717286400000
tank_1567,0.0,1717286400000
tank_1568,0.0,1717286400000
tank_1573,0.0,1717286400000
tank_1583,0.0,1717286400000
tank_1587,163.0,1717286400000
tank_1588,0.0,1717286400000
tank_1592,0.0,1717286400000
tank_1594,0.0,1717286400000
tank_1595,0.0,1717286400000
tank_1597,0.0,1717286400000
tank_1598,0.0,1717286400000
tank_1600,3.0,1717286400000
tank_1604,0.0,1717286400000
tank_0002,0.0,1718323200000
tank_0004,0.0,1718323200000
tank_0005,0.0,1718323200000
tank_0011,0.0,1718323200000
tank_0014,0.0,1718323200000
tank_0019,0.0,1718323200000
tank_0024,0.0,1718323200000
tank_0025,0.0,1718323200000
tank_0026,0.0,1718323200000
tank_0027,0.0,1718323200000
tank_0030,0.0,1718323200000
tank_0031,47.0,1718323200000
tank_0036,0.0,1718323200000
tank_0037,0.0,1718323200000
tank_0038,0.0,1718323200000
tank_0050,0.0,1718323200000
tank_0051,0.0,1718323200000
tank_0052,0.16862745098039217,1718323200000
tank_0053,0.0,1718323200000
tank_0055,0.0,1718323200000
tank_0057,0.0,1718323200000
tank_0058,0.0,1718323200000
tank_0064,2.0,1718323200000
tank_0069,10.0,1718323200000
tank_0072,0.0,1718323200000
tank_0073,0.0,1718323200000
tank_0080,9.0,1718323200000
tank_0094,0.0,1718323200000
tank_0107,0.0,1718323200000
tank_0110,0.0,1718323200000
tank_0113,1.0,1718323200000
tank_0115,0.0,1718323200000
tank_0116,0.0,1718323200000
tank_0117,29.0,1718323200000
tank_0118,0.0,1718323200000
tank_0122,0.0,1718323200000
tank_0125,0.0,1718323200000
tank_0130,0.0,1718323200000
tank_0131,0.0,1718323200000
tank_0132,0.0,1718323200000
tank_0134,0.0,1718323200000
tank_0135,0.0,1718323200000
tank_0142,0.0,1718323200000
tank_0143,0.0,1718323200000
tank_0144,0.0,1718323200000
tank_0148,0.0,1718323200000
tank_0153,0.0,1718323200000
tank_0156,0.0,1718323200000
tank_0159,0.0,1718323200000
tank_0165,0.0,1718323200000
tank_0171,0.0,1718323200000
tank_0172,0.0,1718323200000
tank_0174,0.0,1718323200000
tank_0176,0.0,1718323200000
tank_0184,0.0,1718323200000
tank_0187,0.0,1718323200000
tank_0190,0.0,1718323200000
tank_0192,0.0,1718323200000
tank_0193,0.0,1718323200000
tank_0195,0.0,1718323200000
tank_0199,0.0,1718323200000
tank_0204,0.0,1718323200000
tank_0205,0.0,1718323200000
tank_0207,0.0,1718323200000
tank_0209,0.0,1718323200000
tank_0213,10.0,1718323200000
tank_0217,0.0,1718323200000
tank_0220,0.0,1718323200000
tank_0221,3.0,1718323200000
tank_0225,0.0,1718323200000
tank_0226,0.0,1718323200000
tank_0228,0.0,1718323200000
tank_0229,0.0,1718323200000
tank_0231,0.0,1718323200000
tank_0233,0.0,1718323200000
tank_0236,0.0,1718323200000
tank_0237,0.0,1718323200000
tank_0240,0.0,1718323200000
tank_0242,0.0,1718323200000
tank_0245,0.0,1718323200000
tank_0247,0.0,1718323200000
tank_0256,1.6980392156862745,1718323200000
tank_0257,0.0,1718323200000
tank_0260,0.0,1718323200000
tank_0261,0.0,1718323200000
tank_0264,0.0,1718323200000
tank_0273,4.0,1718323200000
tank_0276,0.0,1718323200000
tank_0278,0.0,1718323200000
tank_0280,0.0,1718323200000
tank_0291,0.0,1718323200000
tank_0292,0.7490196078431373,1718323200000
tank_0296,0.0,1718323200000
tank_0297,0.0,1718323200000
tank_0299,0.0,1718323200000
tank_0300,1.811764705882353,1718323200000
tank_0301,1.396078431372549,1718323200000
tank_0307,0.0,1718323200000
tank_0309,18.92549019607843,1718323200000
tank_0313,0.0,1718323200000
tank_0314,0.0,1718323200000
tank_0319,0.0,1718323200000
tank_0321,2.0,1718323200000
tank_0327,0.0,1718323200000
tank_0337,0.0,1718323200000
tank_0338,1.0,1718323200000
tank_0339,2.8156862745098037,1718323200000
tank_0342,0.0,1718323200000
tank_0345,0.0,1718323200000
tank_0346,0.0,1718323200000
tank_0349,82.0,1718323200000
tank_0350,0.0,1718323200000
tank_0353,0.0,1718323200000
tank_0356,0.0,1718323200000
tank_0360,0.0,1718323200000
tank_0361,0.0,1718323200000
tank_0362,0.0,1718323200000
tank_0364,0.0,1718323200000
tank_0366,0.0,1718323200000
tank_0369,0.0,1718323200000
tank_0375,0.0,1718323200000
tank_0379,0.0,1718323200000
tank_0381,0.0,1718323200000
tank_0386,0.0,1718323200000
tank_0390,0.0,1718323200000
tank_0397,0.0,1718323200000
tank_0399,0.0,1718323200000
tank_0404,4.0,1718323200000
tank_0409,0.0,1718323200000
tank_0420,0.0,1718323200000
tank_0425,0.0,1718323200000
tank_0431,0.0,1718323200000
tank_0432,0.0,1718323200000
tank_0435,0.0,1718323200000
tank_0436,0.0,1718323200000
tank_0438,1.0,1718323200000
tank_0443,0.0,1718323200000
tank_0444,0.0,1718323200000
tank_0447,0.0,1718323200000
tank_0448,0.0,1718323200000
tank_0449,0.0,1718323200000
tank_0455,3.9686274509803923,1718323200000
tank_0460,0.0,1718323200000
tank_0462,4.0,1718323200000
tank_0466,0.0,1718323200000
tank_0471,0.0,1718323200000
tank_0473,11.211764705882352,1718323200000
tank_0474,0.0,1718323200000
tank_0481,0.0,1718323200000
tank_0485,0.0,1718323200000
tank_0489,0.0,1718323200000
tank_0491,0.0,1718323200000
tank_0494,0.0,1718323200000
tank_0497,0.0,1718323200000
tank_0498,0.5450980392156863,1718323200000
tank_0502,0.0,1718323200000
tank_0505,0.0,1718323200000
tank_0509,0.0,1718323200000
tank_0512,16.0,1718323200000
tank_0514,0.0,1718323200000
tank_0515,0.0,1718323200000
tank_0521,0.0,1718323200000
tank_0524,0.0,1718323200000
tank_0526,3.0,1718323200000
tank_0533,0.0,1718323200000
tank_0534,0.0,1718323200000
tank_0536,0.0,1718323200000
tank_0537,0.0,1718323200000
tank_0541,0.0,1718323200000
tank_0547,0.0,1718323200000
tank_0552,2.0,1718323200000
tank_0555,0.0,1718323200000
tank_0556,0.0,1718323200000
tank_0557,0.0,1718323200000
tank_0560,0.0,1718323200000
tank_0561,0.0,1718323200000
tank_0566,0.0,1718323200000
tank_0567,0.0,1718323200000
tank_0568,2.0,1718323200000
tank_0574,0.0,1718323200000
tank_0579,69.0,1718323200000
tank_0583,0.0,1718323200000
tank_0587,0.0,1718323200000
tank_0589,0.0,1718323200000
tank_0590,0.0,1718323200000
tank_0592,0.0,1718323200000
tank_0593,0.0,1718323200000
tank_0595,0.0,1718323200000
tank_0600,0.792156862745098,1718323200000
tank_0604,0.0,1718323200000
tank_0606,0.0,1718323200000
tank_0607,0.0,1718323200000
tank_0608,82.0,1718323200000
tank_0610,0.0,1718323200000
tank_0611,0.0,1718323200000
tank_0612,0.0,1718323200000
tank_0613,0.0,1718323200000
tank_0619,0.0,1718323200000
tank_0626,0.0,1718323200000
tank_0627,0.0,1718323200000
tank_0628,0.0,1718323200000
tank_0632,0.0,1718323200000
tank_0633,0.0,1718323200000
tank_0639,2.0,1718323200000
tank_0640,0.0,1718323200000
tank_0641,0.0,1718323200000
tank_0643,0.0,1718323200000
tank_0646,0.0,1718323200000
tank_0663,0.0,1718323200000
tank_0664,0.0,1718323200000
tank_0666,0.0,1718323200000
tank_0667,0.0,1718323200000
tank_0670,0.0,1718323200000
tank_0675,0.0,1718323200000
tank_0676,26.0,1718323200000
tank_0678,0.0,1718323200000
tank_0681,0.0,1718323200000
tank_0687,12.0,1718323200000
tank_0688,69.0,1718323200000
tank_0697,0.0,1718323200000
tank_0720,5.0,1718323200000
tank_0722,1.9372549019607843,1718323200000
tank_0724,0.0,1718323200000
tank_0725,41.0,1718323200000
tank_0728,0.0,1718323200000
tank_0730,0.0,1718323200000
tank_0731,30.0,1718323200000
tank_0732,0.0,1718323200000
tank_0737,14.0,1718323200000
tank_0739,0.0,1718323200000
tank_0740,0.0,1718323200000
tank_0746,0.0,1718323200000
tank_0748,0.0,1718323200000
tank_0749,0.0,1718323200000
tank_0752,2.0,1718323200000
tank_0760,0.0,1718323200000
tank_0770,0.5215686274509803,1718323200000
tank_0772,0.0,1718323200000
tank_0788,0.0,1718323200000
tank_0789,0.3803921568627451,1718323200000
tank_0792,23.407843137254904,1718323200000
tank_0797,0.0,1718323200000
tank_0800,0.0,1718323200000
tank_0802,0.0,1718323200000
tank_0803,0.0,1718323200000
tank_0808,0.0,1718323200000
tank_0810,15.0,1718323200000
tank_0811,2.0,1718323200000
tank_0812,77.0,1718323200000
tank_0813,0.0,1718323200000
tank_0816,0.0,1718323200000
tank_0819,0.0,1718323200000
tank_0823,0.0,1718323200000
tank_0824,20.0,1718323200000
tank_0825,0.0,1718323200000
tank_0828,0.0,1718323200000
tank_0829,13.984313725490196,1718323200000
tank_0830,0.0,1718323200000
tank_0831,0.0,1718323200000
tank_0844,0.0,1718323200000
tank_0852,11.0,1718323200000
tank_0855,70.0,1718323200000
tank_0856,0.0,1718323200000
tank_0860,0.0,1718323200000
tank_0861,0.0,1718323200000
tank_0872,12.0,1718323200000
tank_0875,13.0,1718323200000
tank_0879,0.0,1718323200000
tank_0885,0.0,1718323200000
tank_0891,0.0,1718323200000
tank_0894,0.0,1718323200000
tank_0898,3.0,1718323200000
tank_0900,43.1843137254902,1718323200000
tank_0901,0.0,1718323200000
tank_0902,1.0,1718323200000
tank_0914,0.0,1718323200000
tank_0917,0.0,1718323200000
tank_0919,14.0,1718323200000
tank_0920,0.0,1718323200000
tank_0922,14.0,1718323200000
tank_0923,2.0,1718323200000
tank_0924,0.0,1718323200000
tank_0926,0.0,1718323200000
tank_0927,2.0,1718323200000
tank_0928,0.0,1718323200000
tank_0930,95.0,1718323200000
tank_0931,22.0,1718323200000
tank_0933,0.0,1718323200000
tank_0934,0.0,1718323200000
tank_0937,0.0,1718323200000
tank_0938,0.0,1718323200000
tank_0939,0.0,1718323200000
tank_0944,57.9921568627451,1718323200000
tank_0946,0.0,1718323200000
tank_0952,32.94509803921569,1718323200000
tank_0958,0.0,1718323200000
tank_0962,0.0,1718323200000
tank_0967,3.0,1718323200000
tank_0975,0.0,1718323200000
tank_0978,0.0,1718323200000
tank_0990,0.0,1718323200000
tank_0991,1.0,1718323200000
tank_0998,0.0,1718323200000
tank_0999,0.0,1718323200000
tank_1003,15.0,1718323200000
tank_1004,0.0,1718323200000
tank_1014,9.0,1718323200000
tank_1026,89.6,1718323200000
tank_1031,12.0,1718323200000
tank_1032,0.0,1718323200000
tank_1034,1.0509803921568628,1718323200000
tank_1042,9.0,1718323200000
tank_1045,0.0,1718323200000
tank_1049,8.0,1718323200000
tank_1055,4.858823529411765,1718323200000
tank_1061,0.0,1718323200000
tank_1062,0.0,1718323200000
tank_1064,0.0,1718323200000
tank_1065,0.0,1718323200000
tank_1066,0.0,1718323200000
tank_1070,3.0,1718323200000
tank_1073,0.0,1718323200000
tank_1083,108.0,1718323200000
tank_1086,1.0,1718323200000
tank_1088,7.901960784313726,1718323200000
tank_1089,22.0,1718323200000
tank_1090,0.0,1718323200000
tank_1091,0.0,1718323200000
tank_1094,0.0,1718323200000
tank_1095,4.0,1718323200000
tank_1104,0.0,1718323200000
tank_1113,0.0,1718323200000
tank_1116,16.062745098039215,1718323200000
tank_1117,0.0,1718323200000
tank_1120,79.0,1718323200000
tank_1121,0.0,1718323200000
tank_1124,15.71372549019608,1718323200000
tank_1128,0.0,1718323200000
tank_1134,0.0,1718323200000
tank_1135,0.0,1718323200000
tank_1146,14.0,1718323200000
tank_1149,0.0,1718323200000
tank_1156,0.0,1718323200000
tank_1157,9.207843137254901,1718323200000
tank_1159,0.0,1718323200000
tank_1160,0.0,1718323200000
tank_1166,0.0,1718323200000
tank_1170,9.388235294117646,1718323200000
tank_1175,0.0,1718323200000
tank_1177,0.0,1718323200000
tank_1179,0.0,1718323200000
tank_1181,9.0,1718323200000
tank_1186,0.0,1718323200000
tank_1187,22.27843137254902,1718323200000
tank_1190,0.0,1718323200000
tank_1192,24.0,1718323200000
tank_1196,0.0,1718323200000
tank_1197,243.0,1718323200000
tank_1201,0.0,1718323200000
tank_1203,0.0,1718323200000
tank_1205,0.0,1718323200000
tank_1209,10.0,1718323200000
tank_1217,0.0,1718323200000
tank_1223,0.0,1718323200000
tank_1226,4.0,1718323200000
tank_1228,0.0,1718323200000
tank_1230,0.0,1718323200000
tank_1237,0.0,1718323200000
tank_1239,29.0,1718323200000
tank_1245,0.0,1718323200000
tank_1246,0.0,1718323200000
tank_1250,0.0,1718323200000
tank_1254,0.0,1718323200000
tank_1255,0.0,1718323200000
tank_1258,0.0,1718323200000
tank_1261,0.0,1718323200000
tank_1262,0.0,1718323200000
tank_1263,0.0,1718323200000
tank_1265,0.0,1718323200000
tank_1270,0.0,1718323200000
tank_1272,3.0,1718323200000
tank_1275,0.0,1718323200000
tank_1276,36.0,1718323200000
tank_1279,0.0,1718323200000
tank_1280,0.0,1718323200000
tank_1284,0.0,1718323200000
tank_1285,0.0,1718323200000
tank_1286,7.0,1718323200000
tank_1290,0.0,1718323200000
tank_1291,0.0,1718323200000
tank_1293,0.0,1718323200000
tank_1295,0.0,1718323200000
tank_1297,1.0,1718323200000
tank_1301,0.0,1718323200000
tank_1302,0.0,1718323200000
tank_1304,0.0,1718323200000
tank_1305,7.0,1718323200000
tank_1313,11.0,1718323200000
tank_1322,0.0,1718323200000
tank_1325,0.0,1718323200000
tank_1326,0.0,1718323200000
tank_1344,0.0,1718323200000
tank_1346,0.0,1718323200000
tank_1349,0.0,1718323200000
tank_1353,28.0,1718323200000
tank_1358,0.0,1718323200000
tank_1359,0.0,1718323200000
tank_1361,25.0,1718323200000
tank_1364,45.0,1718323200000
tank_1365,0.0,1718323200000
tank_1372,1.0,1718323200000
tank_1374,0.0,1718323200000
tank_1378,15.0,1718323200000
tank_1380,0.0,1718323200000
tank_1386,0.0,1718323200000
tank_1391,0.0,1718323200000
tank_1393,1.0,1718323200000
tank_1396,10.0,1718323200000
tank_1397,0.0,1718323200000
tank_1403,2.0,1718323200000
tank_1409,0.0,1718323200000
tank_1412,0.0,1718323200000
tank_1415,0.0,1718323200000
tank_1416,0.0,1718323200000
tank_1421,56.0,1718323200000
tank_1422,0.0,1718323200000
tank_1425,67.0,1718323200000
tank_1426,0.0,1718323200000
tank_1430,0.0,1718323200000
tank_1433,168.0,1718323200000
tank_1438,0.0,1718323200000
tank_1439,0.0,1718323200000
tank_1441,0.0,1718323200000
tank_1443,0.0,1718323200000
tank_1445,48.0,1718323200000
tank_1446,0.0,1718323200000
tank_1450,0.0,1718323200000
tank_1452,0.0,1718323200000
tank_1456,0.0,1718323200000
tank_1466,0.25098039215686274,1718323200000
tank_1471,0.0,1718323200000
tank_1475,0.0,1718323200000
tank_1486,60.0,1718323200000
tank_1488,0.0,1718323200000
tank_1491,0.0,1718323200000
tank_1500,54.035294117647055,1718323200000
tank_1505,100.0,1718323200000
tank_1513,38.0,1718323200000
tank_1531,0.0,1718323200000
tank_1536,2.0,1718323200000
tank_1539,3.0,1718323200000
tank_1541,0.0,1718323200000
tank_1542,0.0,1718323200000
tank_1547,0.0,1718323200000
tank_1563,0.0,1718323200000
tank_1564,0.0,1718323200000
tank_1565,0.0,1718323200000
tank_1567,0.0,1718323200000
tank_1568,0.0,1718323200000
tank_1573,0.0,1718323200000
tank_1583,0.0,1718323200000
tank_1587,96.0,1718323200000
tank_1588,0.0,1718323200000
tank_1592,0.0,1718323200000
tank_1594,0.0,1718323200000
tank_1595,0.0,1718323200000
tank_1597,2.0,1718323200000
tank_1598,21.36470588235294,1718323200000
tank_1600,0.0,1718323200000
tank_1604,0.0,1718323200000
tank_0002,0.0,1719360000000
tank_0004,0.0,1719360000000
tank_0005,0.0,1719360000000
tank_0011,0.0,1719360000000
tank_0014,0.0,1719360000000
tank_0019,0.0,1719360000000
tank_0024,0.7450980392156863,1719360000000
tank_0025,2.0,1719360000000
tank_0026,0.0,1719360000000
tank_0027,0.0,1719360000000
tank_0030,9.0,1719360000000
tank_0031,48.87450980392157,1719360000000
tank_0036,0.0,1719360000000
tank_0037,0.0,1719360000000
tank_0038,0.0,1719360000000
tank_0050,0.0,1719360000000
tank_0051,0.0,1719360000000
tank_0052,3.905882352941177,1719360000000
tank_0053,5.266666666666666,1719360000000
tank_0055,0.0,1719360000000
tank_0057,0.0,1719360000000
tank_0058,0.0,1719360000000
tank_0064,0.0,1719360000000
tank_0069,18.0,1719360000000
tank_0072,0.0,1719360000000
tank_0073,0.0,1719360000000
tank_0080,9.0,1719360000000
tank_0094,0.0,1719360000000
tank_0107,0.0,1719360000000
tank_0110,1.2823529411764705,1719360000000
tank_0113,5.788235294117647,1719360000000
tank_0115,0.0,1719360000000
tank_0116,0.0,1719360000000
tank_0117,58.0,1719360000000
tank_0118,0.0,1719360000000
tank_0122,0.0,1719360000000
tank_0125,0.5137254901960784,1719360000000
tank_0130,0.0,1719360000000
tank_0131,0.0,1719360000000
tank_0132,0.0,1719360000000
tank_0134,0.0,1719360000000
tank_0135,0.0,1719360000000
tank_0142,0.0,1719360000000
tank_0143,0.0,1719360000000
tank_0144,0.0,1719360000000
tank_0148,0.0,1719360000000
tank_0153,0.0,1719360000000
tank_0156,0.0,1719360000000
tank_0159,0.0,1719360000000
tank_0165,0.7882352941176471,1719360000000
tank_0171,0.0,1719360000000
tank_0172,0.0,1719360000000
tank_0174,1.5843137254901962,1719360000000
tank_0176,0.0,1719360000000
tank_0184,0.0,1719360000000
tank_0187,0.0,1719360000000
tank_0190,0.0,1719360000000
tank_0192,0.0,1719360000000
tank_0193,0.0,1719360000000
tank_0195,0.0,1719360000000
tank_0199,0.0,1719360000000
tank_0204,0.0,1719360000000
tank_0205,0.0,1719360000000
tank_0207,0.0,1719360000000
tank_0209,0.0,1719360000000
tank_0213,6.0,1719360000000
tank_0217,0.0,1719360000000
tank_0220,0.4470588235294118,1719360000000
tank_0221,4.0,1719360000000
tank_0225,0.0,1719360000000
tank_0226,0.0,1719360000000
tank_0228,0.0,1719360000000
tank_0229,1.3686274509803922,1719360000000
tank_0231,0.0,1719360000000
tank_0233,0.0,1719360000000
tank_0236,0.0,1719360000000
tank_0237,0.0,1719360000000
tank_0240,0.0,1719360000000
tank_0242,0.0,1719360000000
tank_0245,0.0,1719360000000
tank_0247,5.0,1719360000000
tank_0256,0.0,1719360000000
tank_0257,1.0,1719360000000
tank_0260,0.4980392156862745,1719360000000
tank_0261,0.0,1719360000000
tank_0264,0.0,1719360000000
tank_0273,1.0,1719360000000
tank_0276,0.0,1719360000000
tank_0278,0.0,1719360000000
tank_0280,0.0,1719360000000
tank_0291,0.0,1719360000000
tank_0292,0.0,1719360000000
tank_0296,0.0,1719360000000
tank_0297,0.0,1719360000000
tank_0299,0.0,1719360000000
tank_0300,4.8392156862745095,1719360000000
tank_0301,0.0,1719360000000
tank_0307,1.0,1719360000000
tank_0309,25.92549019607843,1719360000000
tank_0313,0.0,1719360000000
tank_0314,0.0,1719360000000
tank_0319,0.0,1719360000000
tank_0321,0.0,1719360000000
tank_0327,0.0,1719360000000
tank_0337,6.749019607843138,1719360000000
tank_0338,0.0,1719360000000
tank_0339,4.431372549019608,1719360000000
tank_0342,2.0,1719360000000
tank_0345,0.0,1719360000000
tank_0346,0.0,1719360000000
tank_0349,63.0,1719360000000
tank_0350,0.0,1719360000000
tank_0353,1.0,1719360000000
tank_0356,0.0,1719360000000
tank_0360,0.0,1719360000000
tank_0361,0.0,1719360000000
tank_0362,0.0,1719360000000
tank_0364,0.0,1719360000000
tank_0366,8.533333333333333,1719360000000
tank_0369,0.0,1719360000000
tank_0375,0.0,1719360000000
tank_0379,0.0,1719360000000
tank_0381,0.0,1719360000000
tank_0386,0.0,1719360000000
tank_0390,4.0,1719360000000
tank_0397,0.0,1719360000000
tank_0399,0.0,1719360000000
tank_0404,33.0,1719360000000
tank_0409,0.0,1719360000000
tank_0420,1.0,1719360000000
tank_0425,0.0,1719360000000
tank_0431,0.0,1719360000000
tank_0432,0.0,1719360000000
tank_0435,0.0,1719360000000
tank_0436,0.0,1719360000000
tank_0438,8.0,1719360000000
tank_0443,0.0,1719360000000
tank_0444,0.0,1719360000000
tank_0447,19.945098039215686,1719360000000
tank_0448,0.0,1719360000000
tank_0449,0.0,1719360000000
tank_0455,1.2705882352941176,1719360000000
tank_0460,12.262745098039215,1719360000000
tank_0462,0.0,1719360000000
tank_0466,0.0,1719360000000
tank_0471,2.7529411764705882,1719360000000
tank_0473,6.0,1719360000000
tank_0474,0.0,1719360000000
tank_0481,2.0,1719360000000
tank_0485,0.0,1719360000000
tank_0489,1.8627450980392157,1719360000000
tank_0491,0.0,1719360000000
tank_0494,0.0,1719360000000
tank_0497,1.0,1719360000000
tank_0498,0.0,1719360000000
tank_0502,0.0,1719360000000
tank_0505,0.0,1719360000000
tank_0509,0.0,1719360000000
tank_0512,51.0,1719360000000
tank_0514,0.0,1719360000000
tank_0515,0.0,1719360000000
tank_0521,0.0,1719360000000
tank_0524,0.0,1719360000000
tank_0526,8.0,1719360000000
tank_0533,0.0,1719360000000
tank_0534,0.0,1719360000000
tank_0536,0.0,1719360000000
tank_0537,0.0,1719360000000
tank_0541,0.0,1719360000000
tank_0547,0.0,1719360000000
tank_0552,1.0,1719360000000
tank_0555,0.0,1719360000000
tank_0556,0.0,1719360000000
tank_0557,0.0,1719360000000
tank_0560,0.0,1719360000000
tank_0561,0.0,1719360000000
tank_0566,0.0,1719360000000
tank_0567,0.0,1719360000000
tank_0568,4.0,1719360000000
tank_0574,2.0,1719360000000
tank_0579,60.0,1719360000000
tank_0583,0.0,1719360000000
tank_0587,0.0,1719360000000
tank_0589,0.0,1719360000000
tank_0590,0.0,1719360000000
tank_0592,0.0,1719360000000
tank_0593,0.0,1719360000000
tank_0595,0.0,1719360000000
tank_0600,0.0,1719360000000
tank_0604,0.0,1719360000000
tank_0606,0.0,1719360000000
tank_0607,0.0,1719360000000
tank_0608,335.0,1719360000000
tank_0610,0.0,1719360000000
tank_0611,0.0,1719360000000
tank_0612,0.0,1719360000000
tank_0613,4.537254901960783,1719360000000
tank_0619,0.0,1719360000000
tank_0626,0.0,1719360000000
tank_0627,0.0,1719360000000
tank_0628,0.0,1719360000000
tank_0632,0.0,1719360000000
tank_0633,0.25098039215686274,1719360000000
tank_0639,0.0,1719360000000
tank_0640,0.0,1719360000000
tank_0641,0.0,1719360000000
tank_0643,0.0,1719360000000
tank_0646,0.0,1719360000000
tank_0663,3.7411764705882353,1719360000000
tank_0664,0.0,1719360000000
tank_0666,0.0,1719360000000
tank_0667,0.0,1719360000000
tank_0670,0.0,1719360000000
tank_0675,0.0,1719360000000
tank_0676,27.0,1719360000000
tank_0678,0.0,1719360000000
tank_0681,0.0,1719360000000
tank_0687,12.0,1719360000000
tank_0688,178.0,1719360000000
tank_0697,0.0,1719360000000
tank_0720,7.0,1719360000000
tank_0722,0.0,1719360000000
tank_0724,0.0,1719360000000
tank_0725,43.0,1719360000000
tank_0728,1.0,1719360000000
tank_0730,0.0,1719360000000
tank_0731,464.0,1719360000000
tank_0732,0.0,1719360000000
tank_0737,18.0,1719360000000
tank_0739,2.1607843137254905,1719360000000
tank_0740,1.0,1719360000000
tank_0746,0.0,1719360000000
tank_0748,0.0,1719360000000
tank_0749,0.0,1719360000000
tank_0752,0.0,1719360000000
tank_0760,0.0,1719360000000
tank_0770,3.980392156862745,1719360000000
tank_0772,0.0,1719360000000
tank_0788,0.0,1719360000000
tank_0789,0.0,1719360000000
tank_0792,135.65098039215684,1719360000000
tank_0797,18.0,1719360000000
tank_0800,0.0,1719360000000
tank_0802,0.0,1719360000000
tank_0803,0.996078431372549,1719360000000
tank_0808,7.0,1719360000000
tank_0810,26.980392156862745,1719360000000
tank_0811,7.203921568627451,1719360000000
tank_0812,83.0,1719360000000
tank_0813,0.0,1719360000000
tank_0816,0.0,1719360000000
tank_0819,0.0,1719360000000
tank_0823,0.0,1719360000000
tank_0824,0.0,1719360000000
tank_0825,1.9294117647058824,1719360000000
tank_0828,0.0,1719360000000
tank_0829,12.984313725490196,1719360000000
tank_0830,0.0,1719360000000
tank_0831,1.0,1719360000000
tank_0844,0.0,1719360000000
tank_0852,22.0,1719360000000
tank_0855,87.0,1719360000000
tank_0856,40.0,1719360000000
tank_0860,0.0,1719360000000
tank_0861,0.0,1719360000000
tank_0872,16.7921568627451,1719360000000
tank_0875,3.0,1719360000000
tank_0879,0.0,1719360000000
tank_0885,0.0,1719360000000
tank_0891,0.0,1719360000000
tank_0894,238.0,1719360000000
tank_0898,111.0,1719360000000
tank_0900,32.870588235294115,1719360000000
tank_0901,0.0,1719360000000
tank_0902,62.0,1719360000000
tank_0914,0.0,1719360000000
tank_0917,0.0,1719360000000
tank_0919,10.0,1719360000000
tank_0920,0.0,1719360000000
tank_0922,109.0,1719360000000
tank_0923,4.0,1719360000000
tank_0924,0.0,1719360000000
tank_0926,2.0784313725490198,1719360000000
tank_0927,1.8549019607843138,1719360000000
tank_0928,0.0,1719360000000
tank_0930,145.0,1719360000000
tank_0931,8.0,1719360000000
tank_0933,0.0,1719360000000
tank_0934,0.0,1719360000000
tank_0937,0.0,1719360000000
tank_0938,0.0,1719360000000
tank_0939,0.0,1719360000000
tank_0944,90.9921568627451,1719360000000
tank_0946,1.0,1719360000000
tank_0952,16.0,1719360000000
tank_0958,0.0,1719360000000
tank_0962,614.0,1719360000000
tank_0967,4.0,1719360000000
tank_0975,0.0,1719360000000
tank_0978,22.886274509803926,1719360000000
tank_0990,0.0,1719360000000
tank_0991,31.0,1719360000000
tank_0998,0.0,1719360000000
tank_0999,0.0,1719360000000
tank_1003,37.0,1719360000000
tank_1004,0.0,1719360000000
tank_1014,36.0,1719360000000
tank_1026,185.0,1719360000000
tank_1031,10.0,1719360000000
tank_1032,1.0,1719360000000
tank_1034,0.0,1719360000000
tank_1042,42.0,1719360000000
tank_1045,0.0,1719360000000
tank_1049,20.0,1719360000000
tank_1055,7.584313725490197,1719360000000
tank_1061,0.0,1719360000000
tank_1062,0.0,1719360000000
tank_1064,0.9764705882352941,1719360000000
tank_1065,0.0,1719360000000
tank_1066,12.058823529411764,1719360000000
tank_1070,0.0,1719360000000
tank_1073,0.0,1719360000000
tank_1083,203.0,1719360000000
tank_1086,0.0,1719360000000
tank_1088,25.227450980392156,1719360000000
tank_1089,24.0,1719360000000
tank_1090,1.0,1719360000000
tank_1091,0.0,1719360000000
tank_1094,203.0,1719360000000
tank_1095,9.0,1719360000000
tank_1104,0.44313725490196076,1719360000000
tank_1113,0.0,1719360000000
tank_1116,3.0,1719360000000
tank_1117,0.0,1719360000000
tank_1120,62.0,1719360000000
tank_1121,0.0,1719360000000
tank_1124,14.964705882352941,1719360000000
tank_1128,0.0,1719360000000
tank_1134,2.0705882352941174,1719360000000
tank_1135,0.0,1719360000000
tank_1146,17.87450980392157,1719360000000
tank_1149,0.0,1719360000000
tank_1156,0.0,1719360000000
tank_1157,11.964705882352941,1719360000000
tank_1159,0.0,1719360000000
tank_1160,0.0,1719360000000
tank_1166,0.6823529411764706,1719360000000
tank_1170,13.24313725490196,1719360000000
tank_1175,0.0,1719360000000
tank_1177,5.0,1719360000000
tank_1179,0.6235294117647059,1719360000000
tank_1181,4.0,1719360000000
tank_1186,0.0,1719360000000
tank_1187,20.40392156862745,1719360000000
tank_1190,2.0,1719360000000
tank_1192,21.0,1719360000000
tank_1196,0.0,1719360000000
tank_1197,21.0,1719360000000
tank_1201,0.0,1719360000000
tank_1203,0.0,1719360000000
tank_1205,0.0,1719360000000
tank_1209,55.0,1719360000000
tank_1217,0.0,1719360000000
tank_1223,0.0,1719360000000
tank_1226,0.0,1719360000000
tank_1228,2.0,1719360000000
tank_1230,0.0,1719360000000
tank_1237,0.0,1719360000000
tank_1239,199.0,1719360000000
tank_1245,0.0,1719360000000
tank_1246,0.0,1719360000000
tank_1250,0.0,1719360000000
tank_1254,0.0,1719360000000
tank_1255,4.08235294117647,1719360000000
tank_1258,0.0,1719360000000
tank_1261,0.0,1719360000000
tank_1262,0.0,1719360000000
tank_1263,0.0,1719360000000
tank_1265,0.0,1719360000000
tank_1270,0.0,1719360000000
tank_1272,21.870588235294118,1719360000000
tank_1275,1.4980392156862745,1719360000000
tank_1276,157.95294117647057,1719360000000
tank_1279,0.0,1719360000000
tank_1280,0.0,1719360000000
tank_1284,0.0,1719360000000
tank_1285,0.0,1719360000000
tank_1286,30.0,1719360000000
tank_1290,0.0,1719360000000
tank_1291,0.0,1719360000000
tank_1293,0.0,1719360000000
tank_1295,0.0,1719360000000
tank_1297,4.0,1719360000000
tank_1301,0.0,1719360000000
tank_1302,0.0,1719360000000
tank_1304,0.0,1719360000000
tank_1305,7.0,1719360000000
tank_1313,383.0,1719360000000
tank_1322,0.0,1719360000000
tank_1325,0.0,1719360000000
tank_1326,0.0,1719360000000
tank_1344,0.0,1719360000000
tank_1346,3.3490196078431373,1719360000000
tank_1349,0.0,1719360000000
tank_1353,326.0,1719360000000
tank_1358,0.0,1719360000000
tank_1359,0.0,1719360000000
tank_1361,128.0,1719360000000
tank_1364,13.0,1719360000000
tank_1365,0.0,1719360000000
tank_1372,0.0,1719360000000
tank_1374,0.0,1719360000000
tank_1378,24.0,1719360000000
tank_1380,0.0,1719360000000
tank_1386,0.0,1719360000000
tank_1391,0.0,1719360000000
tank_1393,0.0,1719360000000
tank_1396,22.0,1719360000000
tank_1397,0.0,1719360000000
tank_1403,0.0,1719360000000
tank_1409,0.0,1719360000000
tank_1412,0.0,1719360000000
tank_1415,0.0,1719360000000
tank_1416,0.0,1719360000000
tank_1421,311.0,1719360000000
tank_1422,0.0,1719360000000
tank_1425,144.0,1719360000000
tank_1426,0.0,1719360000000
tank_1430,0.0,1719360000000
tank_1433,180.0,1719360000000
tank_1438,0.0,1719360000000
tank_1439,0.0,1719360000000
tank_1441,0.0,1719360000000
tank_1443,0.0,1719360000000
tank_1445,51.0,1719360000000
tank_1446,0.0,1719360000000
tank_1450,0.0,1719360000000
tank_1452,0.0,1719360000000
tank_1456,0.0,1719360000000
tank_1466,4.0,1719360000000
tank_1471,3.780392156862745,1719360000000
tank_1475,0.0,1719360000000
tank_1486,0.0,1719360000000
tank_1488,0.0,1719360000000
tank_1491,0.0,1719360000000
tank_1500,56.490196078431374,1719360000000
tank_1505,102.0,1719360000000
tank_1513,0.0,1719360000000
tank_1531,0.0,1719360000000
tank_1536,0.0,1719360000000
tank_1539,12.0,1719360000000
tank_1541,0.0,1719360000000
tank_1542,0.0,1719360000000
tank_1547,0.0,1719360000000
tank_1563,0.0,1719360000000
tank_1564,0.0,1719360000000
tank_1565,7.0,1719360000000
tank_1567,0.0,1719360000000
tank_1568,0.0,1719360000000
tank_1573,0.0,1719360000000
tank_1583,0.0,1719360000000
tank_1587,175.0,1719360000000
tank_1588,0.0,1719360000000
tank_1592,0.0,1719360000000
tank_1594,0.0,1719360000000
tank_1595,0.0,1719360000000
tank_1597,0.0,1719360000000
tank_1598,27.968627450980392,1719360000000
tank_1600,0.0,1719360000000
tank_1604,0.0,1719360000000
tank_0002,0.0,1720396800000
tank_0004,0.0,1720396800000
tank_0005,0.0,1720396800000
tank_0011,0.0,1720396800000
tank_0014,0.0,1720396800000
tank_0019,0.0,1720396800000
tank_0024,4.0,1720396800000
tank_0025,0.8901960784313725,1720396800000
tank_0026,0.0,1720396800000
tank_0027,0.0,1720396800000
tank_0030,2.0,1720396800000
tank_0031,42.0,1720396800000
tank_0036,0.0,1720396800000
tank_0037,0.0,1720396800000
tank_0038,0.8901960784313725,1720396800000
tank_0050,0.0,1720396800000
tank_0051,0.0,1720396800000
tank_0052,0.23529411764705882,1720396800000
tank_0053,16.352941176470587,1720396800000
tank_0055,0.0,1720396800000
tank_0057,0.0,1720396800000
tank_0058,0.0,1720396800000
tank_0064,1.0,1720396800000
tank_0069,32.0,1720396800000
tank_0072,0.0,1720396800000
tank_0073,0.0,1720396800000
tank_0080,12.0,1720396800000
tank_0094,0.0,1720396800000
tank_0107,0.5254901960784314,1720396800000
tank_0110,0.0,1720396800000
tank_0113,11.125490196078433,1720396800000
tank_0115,0.0,1720396800000
tank_0116,0.0,1720396800000
tank_0117,51.0,1720396800000
tank_0118,0.0,1720396800000
tank_0122,0.0,1720396800000
tank_0125,0.3254901960784314,1720396800000
tank_0130,1.0,1720396800000
tank_0131,0.0,1720396800000
tank_0132,0.0,1720396800000
tank_0134,2.0,1720396800000
tank_0135,0.0,1720396800000
tank_0142,0.0,1720396800000
tank_0143,0.0,1720396800000
tank_0144,0.0,1720396800000
tank_0148,0.0,1720396800000
tank_0153,0.0,1720396800000
tank_0156,3.8627450980392157,1720396800000
tank_0159,0.0,1720396800000
tank_0165,4.207843137254902,1720396800000
tank_0171,0.0,1720396800000
tank_0172,0.0,1720396800000
tank_0174,2.0,1720396800000
tank_0176,0.0,1720396800000
tank_0184,2.7137254901960786,1720396800000
tank_0187,0.0,1720396800000
tank_0190,3.2666666666666666,1720396800000
tank_0192,0.0,1720396800000
tank_0193,0.0,1720396800000
tank_0195,0.0,1720396800000
tank_0199,0.0,1720396800000
tank_0204,0.0,1720396800000
tank_0205,0.0,1720396800000
tank_0207,0.0,1720396800000
tank_0209,2.0,1720396800000
tank_0213,6.0,1720396800000
tank_0217,0.0,1720396800000
tank_0220,0.9450980392156862,1720396800000
tank_0221,0.0,1720396800000
tank_0225,0.0,1720396800000
tank_0226,0.0,1720396800000
tank_0228,0.0,1720396800000
tank_0229,7.741176470588235,1720396800000
tank_0231,0.0,1720396800000
tank_0233,0.0,1720396800000
tank_0236,0.0,1720396800000
tank_0237,0.0,1720396800000
tank_0240,0.0,1720396800000
tank_0242,0.0,1720396800000
tank_0245,0.0,1720396800000
tank_0247,6.0,1720396800000
tank_0256,0.0,1720396800000
tank_0257,0.0,1720396800000
tank_0260,3.6,1720396800000
tank_0261,0.0,1720396800000
tank_0264,0.0,1720396800000
tank_0273,0.0,1720396800000
tank_0276,0.0,1720396800000
tank_0278,0.0,1720396800000
tank_0280,0.0,1720396800000
tank_0291,0.0,1720396800000
tank_0292,0.0,1720396800000
tank_0296,0.0,1720396800000
tank_0297,3.6901960784313728,1720396800000
tank_0299,0.0,1720396800000
tank_0300,0.7215686274509804,1720396800000
tank_0301,0.0,1720396800000
tank_0307,0.0,1720396800000
tank_0309,18.92549019607843,1720396800000
tank_0313,0.0,1720396800000
tank_0314,0.06666666666666667,1720396800000
tank_0319,0.0,1720396800000
tank_0321,0.0,1720396800000
tank_0327,0.0,1720396800000
tank_0337,0.0,1720396800000
tank_0338,1.0,1720396800000
tank_0339,0.0,1720396800000
tank_0342,6.0,1720396800000
tank_0345,0.0,1720396800000
tank_0346,0.0,1720396800000
tank_0349,99.0,1720396800000
tank_0350,0.4980392156862745,1720396800000
tank_0353,0.35294117647058826,1720396800000
tank_0356,0.0,1720396800000
tank_0360,0.0,1720396800000
tank_0361,0.0,1720396800000
tank_0362,0.0,1720396800000
tank_0364,0.0,1720396800000
tank_0366,7.403921568627451,1720396800000
tank_0369,0.0,1720396800000
tank_0375,0.0,1720396800000
tank_0379,0.0,1720396800000
tank_0381,0.0,1720396800000
tank_0386,0.0,1720396800000
tank_0390,0.0,1720396800000
tank_0397,0.0,1720396800000
tank_0399,0.0,1720396800000
tank_0404,4.0,1720396800000
tank_0409,0.0,1720396800000
tank_0420,2.6745098039215685,1720396800000
tank_0425,1.9529411764705882,1720396800000
tank_0431,0.0,1720396800000
tank_0432,0.0,1720396800000
tank_0435,0.0,1720396800000
tank_0436,0.0,1720396800000
tank_0438,11.0,1720396800000
tank_0443,0.0,1720396800000
tank_0444,0.0,1720396800000
tank_0447,25.780392156862742,1720396800000
tank_0448,0.0,1720396800000
tank_0449,0.0,1720396800000
tank_0455,5.0,1720396800000
tank_0460,8.847058823529412,1720396800000
tank_0462,0.0,1720396800000
tank_0466,0.0,1720396800000
tank_0471,0.0,1720396800000
tank_0473,14.964705882352941,1720396800000
tank_0474,0.0,1720396800000
tank_0481,1.0,1720396800000
tank_0485,0.0,1720396800000
tank_0489,0.0,1720396800000
tank_0491,0.0,1720396800000
tank_0494,0.0,1720396800000
tank_0497,0.0,1720396800000
tank_0498,0.996078431372549,1720396800000
tank_0502,0.0,1720396800000
tank_0505,0.0,1720396800000
tank_0509,7.988235294117646,1720396800000
tank_0512,31.0,1720396800000
tank_0514,0.0,1720396800000
tank_0515,4.0,1720396800000
tank_0521,0.0,1720396800000
tank_0524,0.0,1720396800000
tank_0526,2.0,1720396800000
tank_0533,0.0,1720396800000
tank_0534,0.0,1720396800000
tank_0536,0.0,1720396800000
tank_0537,0.0,1720396800000
tank_0541,0.0,1720396800000
tank_0547,0.0,1720396800000
tank_0552,0.0,1720396800000
tank_0555,0.0,1720396800000
tank_0556,0.0,1720396800000
tank_0557,0.0,1720396800000
tank_0560,0.0,1720396800000
tank_0561,0.0,1720396800000
tank_0566,0.0,1720396800000
tank_0567,0.0,1720396800000
tank_0568,8.262745098039215,1720396800000
tank_0574,0.0,1720396800000
tank_0579,67.0,1720396800000
tank_0583,0.0,1720396800000
tank_0587,0.0,1720396800000
tank_0589,0.0,1720396800000
tank_0590,0.0,1720396800000
tank_0592,0.0,1720396800000
tank_0593,0.0,1720396800000
tank_0595,0.0,1720396800000
tank_0600,0.0,1720396800000
tank_0604,0.0,1720396800000
tank_0606,0.0,1720396800000
tank_0607,0.0,1720396800000
tank_0608,384.0,1720396800000
tank_0610,3.0,1720396800000
tank_0611,0.027450980392156862,1720396800000
tank_0612,3.0,1720396800000
tank_0613,4.356862745098039,1720396800000
tank_0619,0.0,1720396800000
tank_0626,0.0,1720396800000
tank_0627,0.0,1720396800000
tank_0628,1.7058823529411766,1720396800000
tank_0632,0.0,1720396800000
tank_0633,0.0,1720396800000
tank_0639,0.0,1720396800000
tank_0640,0.0,1720396800000
tank_0641,0.0,1720396800000
tank_0643,2.0,1720396800000
tank_0646,0.0,1720396800000
tank_0663,1.0,1720396800000
tank_0664,0.0,1720396800000
tank_0666,0.0,1720396800000
tank_0667,0.0,1720396800000
tank_0670,0.0,1720396800000
tank_0675,0.0,1720396800000
tank_0676,2.0,1720396800000
tank_0678,6.784313725490197,1720396800000
tank_0681,0.0,1720396800000
tank_0687,14.0,1720396800000
tank_0688,158.0,1720396800000
tank_0697,0.0,1720396800000
tank_0720,5.0,1720396800000
tank_0722,0.0,1720396800000
tank_0724,1.0,1720396800000
tank_0725,44.0,1720396800000
tank_0728,4.756862745098039,1720396800000
tank_0730,0.0,1720396800000
tank_0731,252.0,1720396800000
tank_0732,0.0,1720396800000
tank_0737,14.0,1720396800000
tank_0739,2.0,1720396800000
tank_0740,0.0,1720396800000
tank_0746,0.0,1720396800000
tank_0748,0.0,1720396800000
tank_0749,8.0,1720396800000
tank_0752,0.0,1720396800000
tank_0760,0.0,1720396800000
tank_0770,0.0,1720396800000
tank_0772,0.0,1720396800000
tank_0788,0.0,1720396800000
tank_0789,0.0,1720396800000
tank_0792,88.71764705882354,1720396800000
tank_0797,2.0,1720396800000
tank_0800,14.0,1720396800000
tank_0802,0.0,1720396800000
tank_0803,0.4980392156862745,1720396800000
tank_0808,4.6117647058823525,1720396800000
tank_0810,15.854901960784314,1720396800000
tank_0811,10.752941176470587,1720396800000
tank_0812,85.97254901960784,1720396800000
tank_0813,1.7019607843137254,1720396800000
tank_0816,0.08627450980392157,1720396800000
tank_0819,0.0,1720396800000
tank_0823,0.0,1720396800000
tank_0824,0.0,1720396800000
tank_0825,0.0,1720396800000
tank_0828,0.0,1720396800000
tank_0829,21.0,1720396800000
tank_0830,0.0,1720396800000
tank_0831,6.745098039215687,1720396800000
tank_0844,0.0,1720396800000
tank_0852,17.0,1720396800000
tank_0855,70.0,1720396800000
tank_0856,36.0,1720396800000
tank_0860,0.0,1720396800000
tank_0861,0.0,1720396800000
tank_0872,16.0,1720396800000
tank_0875,9.0,1720396800000
tank_0879,0.0,1720396800000
tank_0885,0.0,1720396800000
tank_0891,0.0,1720396800000
tank_0894,198.0,1720396800000
tank_0898,141.0,1720396800000
tank_0900,26.0,1720396800000
tank_0901,0.0,1720396800000
tank_0902,96.0,1720396800000
tank_0914,0.0,1720396800000
tank_0917,0.0,1720396800000
tank_0919,1.0,1720396800000
tank_0920,0.0,1720396800000
tank_0922,111.0,1720396800000
tank_0923,2.0,1720396800000
tank_0924,0.0,1720396800000
tank_0926,0.0,1720396800000
tank_0927,4.227450980392157,1720396800000
tank_0928,0.0,1720396800000
tank_0930,144.0,1720396800000
tank_0931,2.0,1720396800000
tank_0933,0.0,1720396800000
tank_0934,0.0,1720396800000
tank_0937,0.0,1720396800000
tank_0938,0.0,1720396800000
tank_0939,0.7058823529411764,1720396800000
tank_0944,71.9921568627451,1720396800000
tank_0946,0.0,1720396800000
tank_0952,0.0,1720396800000
tank_0958,0.0,1720396800000
tank_0962,436.0,1720396800000
tank_0967,2.0,1720396800000
tank_0975,0.0,1720396800000
tank_0978,39.71372549019608,1720396800000
tank_0990,0.0,1720396800000
tank_0991,65.0,1720396800000
tank_0998,0.0,1720396800000
tank_0999,0.0,1720396800000
tank_1003,10.0,1720396800000
tank_1004,7.0,1720396800000
tank_1014,27.0,1720396800000
tank_1026,185.0,1720396800000
tank_1031,0.0,1720396800000
tank_1032,6.070588235294117,1720396800000
tank_1034,2.619607843137255,1720396800000
tank_1042,39.85098039215686,1720396800000
tank_1045,0.0,1720396800000
tank_1049,12.0,1720396800000
tank_1055,4.670588235294118,1720396800000
tank_1061,0.0,1720396800000
tank_1062,0.0,1720396800000
tank_1064,0.0,1720396800000
tank_1065,6.67843137254902,1720396800000
tank_1066,31.05098039215686,1720396800000
tank_1070,0.0,1720396800000
tank_1073,0.0,1720396800000
tank_1083,203.0,1720396800000
tank_1086,0.0,1720396800000
tank_1088,18.79607843137255,1720396800000
tank_1089,22.0,1720396800000
tank_1090,0.0,1720396800000
tank_1091,0.0,1720396800000
tank_1094,178.0,1720396800000
tank_1095,7.0,1720396800000
tank_1104,1.3725490196078431,1720396800000
tank_1113,0.0,1720396800000
tank_1116,0.0,1720396800000
tank_1117,0.0,1720396800000
tank_1120,45.0,1720396800000
tank_1121,0.0,1720396800000
tank_1124,0.0,1720396800000
tank_1128,0.0,1720396800000
tank_1134,0.0,1720396800000
tank_1135,0.0,1720396800000
tank_1146,18.0,1720396800000
tank_1149,7.9411764705882355,1720396800000
tank_1156,0.0,1720396800000
tank_1157,13.203921568627454,1720396800000
tank_1159,0.0,1720396800000
tank_1160,0.0,1720396800000
tank_1166,0.0,1720396800000
tank_1170,16.721568627450978,1720396800000
tank_1175,0.0,1720396800000
tank_1177,5.16078431372549,1720396800000
tank_1179,0.0,1720396800000
tank_1181,1.0,1720396800000
tank_1186,0.0,1720396800000
tank_1187,16.337254901960783,1720396800000
tank_1190,9.0,1720396800000
tank_1192,17.0,1720396800000
tank_1196,0.0,1720396800000
tank_1197,0.0,1720396800000
tank_1201,0.0,1720396800000
tank_1203,0.0,1720396800000
tank_1205,0.0,1720396800000
tank_1209,60.0,1720396800000
tank_1217,0.0,1720396800000
tank_1223,0.0,1720396800000
tank_1226,0.0,1720396800000
tank_1228,0.0,1720396800000
tank_1230,0.0,1720396800000
tank_1237,0.0,1720396800000
tank_1239,125.0,1720396800000
tank_1245,0.0,1720396800000
tank_1246,0.0,1720396800000
tank_1250,0.0,1720396800000
tank_1254,0.0,1720396800000
tank_1255,2.7294117647058824,1720396800000
tank_1258,0.0,1720396800000
tank_1261,0.10980392156862745,1720396800000
tank_1262,4.7176470588235295,1720396800000
tank_1263,0.0,1720396800000
tank_1265,0.0,1720396800000
tank_1270,0.0,1720396800000
tank_1272,24.745098039215687,1720396800000
tank_1275,0.5764705882352941,1720396800000
tank_1276,86.0,1720396800000
tank_1279,0.0,1720396800000
tank_1280,0.9686274509803922,1720396800000
tank_1284,0.0,1720396800000
tank_1285,0.0,1720396800000
tank_1286,9.0,1720396800000
tank_1290,0.0,1720396800000
tank_1291,0.0,1720396800000
tank_1293,0.0,1720396800000
tank_1295,0.0,1720396800000
tank_1297,0.0,1720396800000
tank_1301,0.0,1720396800000
tank_1302,0.0,1720396800000
tank_1304,0.0,1720396800000
tank_1305,4.0,1720396800000
tank_1313,89.0,1720396800000
tank_1322,0.0,1720396800000
tank_1325,0.0,1720396800000
tank_1326,0.0,1720396800000
tank_1344,0.0,1720396800000
tank_1346,2.6078431372549016,1720396800000
tank_1349,0.0,1720396800000
tank_1353,160.0,1720396800000
tank_1358,0.0,1720396800000
tank_1359,0.0,1720396800000
tank_1361,66.0,1720396800000
tank_1364,8.0,1720396800000
tank_1365,0.0,1720396800000
tank_1372,0.0,1720396800000
tank_1374,0.0,1720396800000
tank_1378,0.0,1720396800000
tank_1380,0.0,1720396800000
tank_1386,0.0,1720396800000
tank_1391,0.0,1720396800000
tank_1393,0.0,1720396800000
tank_1396,5.0,1720396800000
tank_1397,0.0,1720396800000
tank_1403,0.0,1720396800000
tank_1409,0.0,1720396800000
tank_1412,0.0,1720396800000
tank_1415,0.0,1720396800000
tank_1416,0.0,1720396800000
tank_1421,223.0,1720396800000
tank_1422,0.0,1720396800000
tank_1425,99.0,1720396800000
tank_1426,0.0,1720396800000
tank_1430,0.0,1720396800000
tank_1433,224.0,1720396800000
tank_1438,0.0,1720396800000
tank_1439,0.0,1720396800000
tank_1441,0.0,1720396800000
tank_1443,3.611764705882353,1720396800000
tank_1445,47.92941176470588,1720396800000
tank_1446,0.0,1720396800000
tank_1450,0.0,1720396800000
tank_1452,0.0,1720396800000
tank_1456,1.0,1720396800000
tank_1466,17.72941176470588,1720396800000
tank_1471,2.0,1720396800000
tank_1475,0.0,1720396800000
tank_1486,0.0,1720396800000
tank_1488,0.0,1720396800000
tank_1491,0.0,1720396800000
tank_1500,63.490196078431374,1720396800000
tank_1505,68.0,1720396800000
tank_1513,0.0,1720396800000
tank_1531,0.0,1720396800000
tank_1536,4.0,1720396800000
tank_1539,7.0,1720396800000
tank_1541,0.0,1720396800000
tank_1542,0.0,1720396800000
tank_1547,0.0,1720396800000
tank_1563,0.0,1720396800000
tank_1564,0.0,1720396800000
tank_1565,23.0,1720396800000
tank_1567,0.0,1720396800000
tank_1568,0.0,1720396800000
tank_1573,0.0,1720396800000
tank_1583,0.0,1720396800000
tank_1587,169.0,1720396800000
tank_1588,0.0,1720396800000
tank_1592,2.0,1720396800000
tank_1594,0.0,1720396800000
tank_1595,0.0,1720396800000
tank_1597,0.0,1720396800000
tank_1598,10.392156862745097,1720396800000
tank_1600,0.0,1720396800000
tank_1604,6.0,1720396800000
tank_0002,0.0,1721433600000
tank_0004,0.0,1721433600000
tank_0005,12.0,1721433600000
tank_0011,0.0,1721433600000
tank_0014,0.0,1721433600000
tank_0019,0.0,1721433600000
tank_0024,13.050980392156863,1721433600000
tank_0025,0.0,1721433600000
tank_0026,0.0,1721433600000
tank_0027,0.0,1721433600000
tank_0030,0.0,1721433600000
tank_0031,12.874509803921569,1721433600000
tank_0036,0.0,1721433600000
tank_0037,0.0,1721433600000
tank_0038,2.0,1721433600000
tank_0050,1.0,1721433600000
tank_0051,0.0,1721433600000
tank_0052,3.7058823529411766,1721433600000
tank_0053,16.52156862745098,1721433600000
tank_0055,2.0,1721433600000
tank_0057,0.0,1721433600000
tank_0058,0.0,1721433600000
tank_0064,1.0,1721433600000
tank_0069,5.0,1721433600000
tank_0072,0.0,1721433600000
tank_0073,0.0,1721433600000
tank_0080,11.0,1721433600000
tank_0094,0.0,1721433600000
tank_0107,0.0,1721433600000
tank_0110,0.0,1721433600000
tank_0113,0.0,1721433600000
tank_0115,0.0,1721433600000
tank_0116,0.0,1721433600000
tank_0117,45.0,1721433600000
tank_0118,0.0,1721433600000
tank_0122,0.0,1721433600000
tank_0125,0.0,1721433600000
tank_0130,0.0,1721433600000
tank_0131,0.0,1721433600000
tank_0132,0.0,1721433600000
tank_0134,3.0,1721433600000
tank_0135,2.203921568627451,1721433600000
tank_0142,0.0,1721433600000
tank_0143,0.0,1721433600000
tank_0144,0.0,1721433600000
tank_0148,0.0,1721433600000
tank_0153,0.0,1721433600000
tank_0156,0.0,1721433600000
tank_0159,0.0,1721433600000
tank_0165,0.0,1721433600000
tank_0171,0.0,1721433600000
tank_0172,0.0,1721433600000
tank_0174,4.0,1721433600000
tank_0176,0.0,1721433600000
tank_0184,0.0,1721433600000
tank_0187,0.0,1721433600000
tank_0190,15.129411764705882,1721433600000
tank_0192,0.0,1721433600000
tank_0193,0.0,1721433600000
tank_0195,0.0,1721433600000
tank_0199,0.0,1721433600000
tank_0204,0.0,1721433600000
tank_0205,0.0,1721433600000
tank_0207,0.0,1721433600000
tank_0209,0.0,1721433600000
tank_0213,1.0,1721433600000
tank_0217,0.0,1721433600000
tank_0220,0.0,1721433600000
tank_0221,0.0,1721433600000
tank_0225,0.0,1721433600000
tank_0226,0.0,1721433600000
tank_0228,0.0,1721433600000
tank_0229,14.454901960784316,1721433600000
tank_0231,0.3254901960784314,1721433600000
tank_0233,0.0,1721433600000
tank_0236,1.615686274509804,1721433600000
tank_0237,0.0,1721433600000
tank_0240,0.0,1721433600000
tank_0242,0.0,1721433600000
tank_0245,0.0,1721433600000
tank_0247,2.0,1721433600000
tank_0256,0.0,1721433600000
tank_0257,1.611764705882353,1721433600000
tank_0260,0.0,1721433600000
tank_0261,0.0,1721433600000
tank_0264,0.0,1721433600000
tank_0273,0.0,1721433600000
tank_0276,0.0,1721433600000
tank_0278,0.0,1721433600000
tank_0280,0.0,1721433600000
tank_0291,0.0,1721433600000
tank_0292,0.0,1721433600000
tank_0296,0.0,1721433600000
tank_0297,0.0,1721433600000
tank_0299,0.0,1721433600000
tank_0300,0.0,1721433600000
tank_0301,0.0,1721433600000
tank_0307,0.0,1721433600000
tank_0309,8.925490196078432,1721433600000
tank_0313,0.0,1721433600000
tank_0314,0.0,1721433600000
tank_0319,0.0,1721433600000
tank_0321,0.0,1721433600000
tank_0327,0.0,1721433600000
tank_0337,0.0,1721433600000
tank_0338,6.0,1721433600000
tank_0339,0.0,1721433600000
tank_0342,0.0,1721433600000
tank_0345,0.0,1721433600000
tank_0346,0.0,1721433600000
tank_0349,88.0,1721433600000
tank_0350,2.6549019607843136,1721433600000
tank_0353,0.0,1721433600000
tank_0356,0.0,1721433600000
tank_0360,0.0,1721433600000
tank_0361,6.0,1721433600000
tank_0362,0.0,1721433600000
tank_0364,0.0,1721433600000
tank_0366,9.71764705882353,1721433600000
tank_0369,0.0,1721433600000
tank_0375,0.0,1721433600000
tank_0379,0.0,1721433600000
tank_0381,0.0,1721433600000
tank_0386,0.0,1721433600000
tank_0390,3.0,1721433600000
tank_0397,0.0,1721433600000
tank_0399,1.7176470588235295,1721433600000
tank_0404,28.0,1721433600000
tank_0409,0.0,1721433600000
tank_0420,0.12549019607843137,1721433600000
tank_0425,0.34509803921568627,1721433600000
tank_0431,0.0,1721433600000
tank_0432,1.1764705882352942,1721433600000
tank_0435,0.0,1721433600000
tank_0436,0.0,1721433600000
tank_0438,6.419607843137255,1721433600000
tank_0443,0.0,1721433600000
tank_0444,0.0,1721433600000
tank_0447,0.0,1721433600000
tank_0448,0.0,1721433600000
tank_0449,0.0,1721433600000
tank_0455,0.0,1721433600000
tank_0460,14.431372549019608,1721433600000
tank_0462,0.0,1721433600000
tank_0466,0.0,1721433600000
tank_0471,0.0,1721433600000
tank_0473,0.0,1721433600000
tank_0474,0.0,1721433600000
tank_0481,0.0,1721433600000
tank_0485,0.0,1721433600000
tank_0489,0.0,1721433600000
tank_0491,0.0,1721433600000
tank_0494,0.0,1721433600000
tank_0497,0.0,1721433600000
tank_0498,0.0,1721433600000
tank_0502,0.0,1721433600000
tank_0505,9.407843137254902,1721433600000
tank_0509,1.6431372549019607,1721433600000
tank_0512,2.0,1721433600000
tank_0514,0.0,1721433600000
tank_0515,3.0,1721433600000
tank_0521,0.0,1721433600000
tank_0524,0.0,1721433600000
tank_0526,6.0,1721433600000
tank_0533,0.0,1721433600000
tank_0534,0.0,1721433600000
tank_0536,0.0,1721433600000
tank_0537,0.0,1721433600000
tank_0541,0.0,1721433600000
tank_0547,0.0,1721433600000
tank_0552,0.0,1721433600000
tank_0555,0.0,1721433600000
tank_0556,0.0,1721433600000
tank_0557,0.0,1721433600000
tank_0560,0.37254901960784315,1721433600000
tank_0561,0.0,1721433600000
tank_0566,0.0,1721433600000
tank_0567,0.0,1721433600000
tank_0568,0.0,1721433600000
tank_0574,0.0,1721433600000
tank_0579,19.0,1721433600000
tank_0583,0.0,1721433600000
tank_0587,0.0,1721433600000
tank_0589,0.0,1721433600000
tank_0590,0.0,1721433600000
tank_0592,0.0,1721433600000
tank_0593,0.0,1721433600000
tank_0595,0.0,1721433600000
tank_0600,0.0,1721433600000
tank_0604,0.0,1721433600000
tank_0606,0.0,1721433600000
tank_0607,0.0,1721433600000
tank_0608,88.0,1721433600000
tank_0610,0.0,1721433600000
tank_0611,0.0,1721433600000
tank_0612,0.0,1721433600000
tank_0613,1.3568627450980393,1721433600000
tank_0619,0.0,1721433600000
tank_0626,0.0,1721433600000
tank_0627,0.0,1721433600000
tank_0628,0.0,1721433600000
tank_0632,0.0,1721433600000
tank_0633,2.23921568627451,1721433600000
tank_0639,0.0,1721433600000
tank_0640,0.9529411764705882,1721433600000
tank_0641,0.3176470588235294,1721433600000
tank_0643,0.0,1721433600000
tank_0646,0.0,1721433600000
tank_0663,3.8235294117647056,1721433600000
tank_0664,0.0,1721433600000
tank_0666,0.0,1721433600000
tank_0667,0.0,1721433600000
tank_0670,0.0,1721433600000
tank_0675,0.0,1721433600000
tank_0676,0.0,1721433600000
tank_0678,1.0,1721433600000
tank_0681,0.0,1721433600000
tank_0687,9.0,1721433600000
tank_0688,48.0,1721433600000
tank_0697,0.0,1721433600000
tank_0720,3.0,1721433600000
tank_0722,2.0,1721433600000
tank_0724,4.0,1721433600000
tank_0725,15.0,1721433600000
tank_0728,0.0,1721433600000
tank_0730,0.0,1721433600000
tank_0731,1.0,1721433600000
tank_0732,0.0,1721433600000
tank_0737,0.0,1721433600000
tank_0739,0.0,1721433600000
tank_0740,6.0,1721433600000
tank_0746,0.0,1721433600000
tank_0748,0.0,1721433600000
tank_0749,1.0,1721433600000
tank_0752,1.0,1721433600000
tank_0760,0.0,1721433600000
tank_0770,0.0,1721433600000
tank_0772,0.0,1721433600000
tank_0788,0.0,1721433600000
tank_0789,0.0,1721433600000
tank_0792,94.4313725490196,1721433600000
tank_0797,0.0,1721433600000
tank_0800,0.0,1721433600000
tank_0802,0.0,1721433600000
tank_0803,0.0,1721433600000
tank_0808,11.349019607843136,1721433600000
tank_0810,15.980392156862745,1721433600000
tank_0811,0.0,1721433600000
tank_0812,71.97647058823529,1721433600000
tank_0813,0.0,1721433600000
tank_0816,0.0,1721433600000
tank_0819,0.0,1721433600000
tank_0823,0.0,1721433600000
tank_0824,0.0,1721433600000
tank_0825,0.0,1721433600000
tank_0828,0.0,1721433600000
tank_0829,13.984313725490196,1721433600000
tank_0830,0.0,1721433600000
tank_0831,7.772549019607844,1721433600000
tank_0844,0.0,1721433600000
tank_0852,12.0,1721433600000
tank_0855,64.0,1721433600000
tank_0856,0.0,1721433600000
tank_0860,0.0,1721433600000
tank_0861,0.0,1721433600000
tank_0872,3.0,1721433600000
tank_0875,8.0,1721433600000
tank_0879,0.0,1721433600000
tank_0885,0.0,1721433600000
tank_0891,0.0,1721433600000
tank_0894,27.0,1721433600000
tank_0898,20.0,1721433600000
tank_0900,0.0,1721433600000
tank_0901,0.0,1721433600000
tank_0902,0.0,1721433600000
tank_0914,0.0,1721433600000
tank_0917,0.0,1721433600000
tank_0919,0.0,1721433600000
tank_0920,0.0,1721433600000
tank_0922,16.0,1721433600000
tank_0923,0.0,1721433600000
tank_0924,0.0,1721433600000
tank_0926,0.0,1721433600000
tank_0927,0.0,1721433600000
tank_0928,0.0,1721433600000
tank_0930,79.0,1721433600000
tank_0931,0.0,1721433600000
tank_0933,0.0,1721433600000
tank_0934,0.0,1721433600000
tank_0937,0.0,1721433600000
tank_0938,0.0,1721433600000
tank_0939,0.0,1721433600000
tank_0944,42.0,1721433600000
tank_0946,0.0,1721433600000
tank_0952,0.0,1721433600000
tank_0958,0.0,1721433600000
tank_0962,30.0,1721433600000
tank_0967,0.0,1721433600000
tank_0975,0.0,1721433600000
tank_0978,69.83529411764707,1721433600000
tank_0990,0.0,1721433600000
tank_0991,28.0,1721433600000
tank_0998,0.0,1721433600000
tank_0999,0.0,1721433600000
tank_1003,0.0,1721433600000
tank_1004,10.0,1721433600000
tank_1014,0.0,1721433600000
tank_1026,112.89019607843137,1721433600000
tank_1031,0.0,1721433600000
tank_1032,9.937254901960785,1721433600000
tank_1034,0.0,1721433600000
tank_1042,17.0,1721433600000
tank_1045,0.0,1721433600000
tank_1049,0.0,1721433600000
tank_1055,6.16078431372549,1721433600000
tank_1061,0.0,1721433600000
tank_1062,0.0,1721433600000
tank_1064,0.0,1721433600000
tank_1065,0.0,1721433600000
tank_1066,33.84313725490196,1721433600000
tank_1070,0.0,1721433600000
tank_1073,0.0,1721433600000
tank_1083,56.0,1721433600000
tank_1086,5.0,1721433600000
tank_1088,18.780392156862746,1721433600000
tank_1089,14.0,1721433600000
tank_1090,0.0,1721433600000
tank_1091,0.0,1721433600000
tank_1094,0.0,1721433600000
tank_1095,0.0,1721433600000
tank_1104,9.529411764705882,1721433600000
tank_1113,0.0,1721433600000
tank_1116,9.215686274509803,1721433600000
tank_1117,0.0,1721433600000
tank_1120,30.0,1721433600000
tank_1121,0.0,1721433600000
tank_1124,0.0,1721433600000
tank_1128,0.0,1721433600000
tank_1134,0.0,1721433600000
tank_1135,0.0,1721433600000
tank_1146,13.0,1721433600000
tank_1149,0.0,1721433600000
tank_1156,0.0,1721433600000
tank_1157,12.090196078431374,1721433600000
tank_1159,0.0,1721433600000
tank_1160,0.0,1721433600000
tank_1166,0.0,1721433600000
tank_1170,18.49411764705882,1721433600000
tank_1175,0.0,1721433600000
tank_1177,17.6078431372549,1721433600000
tank_1179,3.0549019607843135,1721433600000
tank_1181,1.0,1721433600000
tank_1186,0.0,1721433600000
tank_1187,18.584313725490198,1721433600000
tank_1190,6.0,1721433600000
tank_1192,13.0,1721433600000
tank_1196,0.0,1721433600000
tank_1197,0.0,1721433600000
tank_1201,0.0,1721433600000
tank_1203,0.0,1721433600000
tank_1205,0.0,1721433600000
tank_1209,7.0,1721433600000
tank_1217,0.0,1721433600000
tank_1223,0.0,1721433600000
tank_1226,0.0,1721433600000
tank_1228,0.0,1721433600000
tank_1230,0.0,1721433600000
tank_1237,0.0,1721433600000
tank_1239,53.0,1721433600000
tank_1245,0.0,1721433600000
tank_1246,0.0,1721433600000
tank_1250,0.0,1721433600000
tank_1254,0.0,1721433600000
tank_1255,12.066666666666665,1721433600000
tank_1258,0.0,1721433600000
tank_1261,0.0,1721433600000
tank_1262,15.380392156862747,1721433600000
tank_1263,0.0,1721433600000
tank_1265,0.0,1721433600000
tank_1270,0.0,1721433600000
tank_1272,20.0,1721433600000
tank_1275,0.0,1721433600000
tank_1276,37.0,1721433600000
tank_1279,0.0,1721433600000
tank_1280,0.792156862745098,1721433600000
tank_1284,0.0,1721433600000
tank_1285,0.0,1721433600000
tank_1286,7.0,1721433600000
tank_1290,0.0,1721433600000
tank_1291,0.0,1721433600000
tank_1293,0.0,1721433600000
tank_1295,2.0392156862745097,1721433600000
tank_1297,0.0,1721433600000
tank_1301,0.0,1721433600000
tank_1302,0.0,1721433600000
tank_1304,0.0,1721433600000
tank_1305,0.0,1721433600000
tank_1313,0.0,1721433600000
tank_1322,0.0,1721433600000
tank_1325,1.0,1721433600000
tank_1326,0.0,1721433600000
tank_1344,0.0,1721433600000
tank_1346,10.301960784313728,1721433600000
tank_1349,0.0,1721433600000
tank_1353,45.0,1721433600000
tank_1358,0.0,1721433600000
tank_1359,0.0,1721433600000
tank_1361,48.0,1721433600000
tank_1364,0.0,1721433600000
tank_1365,0.0,1721433600000
tank_1372,0.0,1721433600000
tank_1374,0.0,1721433600000
tank_1378,0.0,1721433600000
tank_1380,0.0,1721433600000
tank_1386,0.0,1721433600000
tank_1391,0.0,1721433600000
tank_1393,0.0,1721433600000
tank_1396,0.0,1721433600000
tank_1397,0.0,1721433600000
tank_1403,0.0,1721433600000
tank_1409,0.0,1721433600000
tank_1412,0.0,1721433600000
tank_1415,0.0,1721433600000
tank_1416,0.0,1721433600000
tank_1421,223.0,1721433600000
tank_1422,0.0,1721433600000
tank_1425,32.0,1721433600000
tank_1426,0.0,1721433600000
tank_1430,0.0,1721433600000
tank_1433,23.0,1721433600000
tank_1438,0.0,1721433600000
tank_1439,0.0,1721433600000
tank_1441,0.0,1721433600000
tank_1443,4.337254901960784,1721433600000
tank_1445,39.0,1721433600000
tank_1446,0.0,1721433600000
tank_1450,0.0,1721433600000
tank_1452,0.0,1721433600000
tank_1456,0.0,1721433600000
tank_1466,10.0,1721433600000
tank_1471,2.0705882352941174,1721433600000
tank_1475,0.0,1721433600000
tank_1486,0.0,1721433600000
tank_1488,0.0,1721433600000
tank_1491,0.0,1721433600000
tank_1500,25.490196078431374,1721433600000
tank_1505,2.0,1721433600000
tank_1513,0.0,1721433600000
tank_1531,0.0,1721433600000
tank_1536,0.0,1721433600000
tank_1539,10.0,1721433600000
tank_1541,0.0,1721433600000
tank_1542,0.0,1721433600000
tank_1547,0.0,1721433600000
tank_1563,0.0,1721433600000
tank_1564,0.0,1721433600000
tank_1565,3.0,1721433600000
tank_1567,0.0,1721433600000
tank_1568,0.0,1721433600000
tank_1573,0.0,1721433600000
tank_1583,0.0,1721433600000
tank_1587,28.0,1721433600000
tank_1588,0.0,1721433600000
tank_1592,1.0,1721433600000
tank_1594,0.0,1721433600000
tank_1595,0.0,1721433600000
tank_1597,0.0,1721433600000
tank_1598,8.250980392156862,1721433600000
tank_1600,5.0,1721433600000
tank_1604,0.0,1721433600000
tank_0002,0.0,1722470400000
tank_0004,0.0,1722470400000
tank_0005,22.36078431372549,1722470400000
tank_0011,0.0,1722470400000
tank_0014,0.0,1722470400000
tank_0019,0.0,1722470400000
tank_0024,9.552941176470588,1722470400000
tank_0025,0.0,1722470400000
tank_0026,1.0,1722470400000
tank_0027,0.0,1722470400000
tank_0030,0.0,1722470400000
tank_0031,5.0,1722470400000
tank_0036,0.0,1722470400000
tank_0037,0.0,1722470400000
tank_0038,9.39607843137255,1722470400000
tank_0050,0.0,1722470400000
tank_0051,0.0,1722470400000
tank_0052,0.4549019607843137,1722470400000
tank_0053,18.16078431372549,1722470400000
tank_0055,3.0,1722470400000
tank_0057,4.0,1722470400000
tank_0058,1.3568627450980393,1722470400000
tank_0064,0.0,1722470400000
tank_0069,24.0,1722470400000
tank_0072,0.0,1722470400000
tank_0073,0.0,1722470400000
tank_0080,8.0,1722470400000
tank_0094,0.0,1722470400000
tank_0107,0.0,1722470400000
tank_0110,3.0,1722470400000
tank_0113,8.925490196078432,1722470400000
tank_0115,0.32941176470588235,1722470400000
tank_0116,0.0,1722470400000
tank_0117,27.0,1722470400000
tank_0118,0.0,1722470400000
tank_0122,0.0,1722470400000
tank_0125,9.768627450980391,1722470400000
tank_0130,0.7333333333333334,1722470400000
tank_0131,0.0,1722470400000
tank_0132,0.0,1722470400000
tank_0134,0.0,1722470400000
tank_0135,0.0,1722470400000
tank_0142,0.0,1722470400000
tank_0143,0.0,1722470400000
tank_0144,0.0,1722470400000
tank_0148,0.0,1722470400000
tank_0153,2.0,1722470400000
tank_0156,0.0,1722470400000
tank_0159,0.0,1722470400000
tank_0165,1.1215686274509804,1722470400000
tank_0171,0.0,1722470400000
tank_0172,0.0,1722470400000
tank_0174,3.545098039215686,1722470400000
tank_0176,0.0,1722470400000
tank_0184,1.9137254901960783,1722470400000
tank_0187,0.4549019607843138,1722470400000
tank_0190,5.749019607843137,1722470400000
tank_0192,1.0,1722470400000
tank_0193,0.0,1722470400000
tank_0195,0.0,1722470400000
tank_0199,0.0,1722470400000
tank_0204,0.0,1722470400000
tank_0205,0.0,1722470400000
tank_0207,0.0,1722470400000
tank_0209,0.12549019607843137,1722470400000
tank_0213,0.0,1722470400000
tank_0217,0.0,1722470400000
tank_0220,0.0,1722470400000
tank_0221,6.454901960784314,1722470400000
tank_0225,0.0,1722470400000
tank_0226,0.0,1722470400000
tank_0228,0.0,1722470400000
tank_0229,7.956862745098039,1722470400000
tank_0231,0.0,1722470400000
tank_0233,0.0,1722470400000
tank_0236,10.372549019607844,1722470400000
tank_0237,0.12549019607843137,1722470400000
tank_0240,0.5215686274509804,1722470400000
tank_0242,0.0,1722470400000
tank_0245,0.0,1722470400000
tank_0247,7.0,1722470400000
tank_0256,0.0,1722470400000
tank_0257,0.0,1722470400000
tank_0260,1.996078431372549,1722470400000
tank_0261,0.0,1722470400000
tank_0264,0.0,1722470400000
tank_0273,0.0,1722470400000
tank_0276,0.0,1722470400000
tank_0278,0.0,1722470400000
tank_0280,0.0,1722470400000
tank_0291,0.0,1722470400000
tank_0292,0.0,1722470400000
tank_0296,0.0,1722470400000
tank_0297,0.0,1722470400000
tank_0299,0.0,1722470400000
tank_0300,0.7215686274509804,1722470400000
tank_0301,2.705882352941176,1722470400000
tank_0307,0.0,1722470400000
tank_0309,2.9254901960784316,1722470400000
tank_0313,0.0,1722470400000
tank_0314,0.0,1722470400000
tank_0319,0.0,1722470400000
tank_0321,0.0,1722470400000
tank_0327,0.0,1722470400000
tank_0337,0.0,1722470400000
tank_0338,6.0,1722470400000
tank_0339,0.7686274509803922,1722470400000
tank_0342,14.647058823529413,1722470400000
tank_0345,0.0,1722470400000
tank_0346,0.0,1722470400000
tank_0349,31.0,1722470400000
tank_0350,0.0,1722470400000
tank_0353,0.0,1722470400000
tank_0356,0.0,1722470400000
tank_0360,0.0,1722470400000
tank_0361,1.0,1722470400000
tank_0362,0.0,1722470400000
tank_0364,2.1254901960784314,1722470400000
tank_0366,26.75686274509804,1722470400000
tank_0369,0.0,1722470400000
tank_0375,0.0,1722470400000
tank_0379,8.48235294117647,1722470400000
tank_0381,0.0,1722470400000
tank_0386,0.0,1722470400000
tank_0390,2.0,1722470400000
tank_0397,0.0,1722470400000
tank_0399,0.0,1722470400000
tank_0404,18.0,1722470400000
tank_0409,0.0,1722470400000
tank_0420,0.0,1722470400000
tank_0425,0.12156862745098039,1722470400000
tank_0431,0.0,1722470400000
tank_0432,10.2,1722470400000
tank_0435,0.0,1722470400000
tank_0436,0.0,1722470400000
tank_0438,1.0,1722470400000
tank_0443,0.0,1722470400000
tank_0444,0.0,1722470400000
tank_0447,16.549019607843135,1722470400000
tank_0448,0.0,1722470400000
tank_0449,0.0,1722470400000
tank_0455,9.0,1722470400000
tank_0460,7.301960784313725,1722470400000
tank_0462,0.0,1722470400000
tank_0466,0.0,1722470400000
tank_0471,3.3529411764705883,1722470400000
tank_0473,0.0,1722470400000
tank_0474,2.4705882352941178,1722470400000
tank_0481,2.1921568627450982,1722470400000
tank_0485,0.0,1722470400000
tank_0489,0.0,1722470400000
tank_0491,0.0,1722470400000
tank_0494,0.0,1722470400000
tank_0497,0.8274509803921568,1722470400000
tank_0498,0.0,1722470400000
tank_0502,0.0,1722470400000
tank_0505,0.0,1722470400000
tank_0509,0.0,1722470400000
tank_0512,53.0,1722470400000
tank_0514,0.0,1722470400000
tank_0515,3.7098039215686276,1722470400000
tank_0521,0.0,1722470400000
tank_0524,0.0,1722470400000
tank_0526,7.0,1722470400000
tank_0533,0.0,1722470400000
tank_0534,0.0,1722470400000
tank_0536,0.0,1722470400000
tank_0537,0.0,1722470400000
tank_0541,0.0,1722470400000
tank_0547,0.0,1722470400000
tank_0552,0.6235294117647059,1722470400000
tank_0555,0.0,1722470400000
tank_0556,0.0,1722470400000
tank_0557,0.0,1722470400000
tank_0560,4.32156862745098,1722470400000
tank_0561,0.0,1722470400000
tank_0566,0.0,1722470400000
tank_0567,0.0,1722470400000
tank_0568,8.776470588235295,1722470400000
tank_0574,0.0,1722470400000
tank_0579,29.0,1722470400000
tank_0583,0.0,1722470400000
tank_0587,0.0,1722470400000
tank_0589,0.0,1722470400000
tank_0590,3.0,1722470400000
tank_0592,3.074509803921569,1722470400000
tank_0593,0.0,1722470400000
tank_0595,0.0,1722470400000
tank_0600,0.6745098039215687,1722470400000
tank_0604,3.0,1722470400000
tank_0606,0.0,1722470400000
tank_0607,2.0,1722470400000
tank_0608,2.0,1722470400000
tank_0610,0.0,1722470400000
tank_0611,6.0,1722470400000
tank_0612,2.0549019607843135,1722470400000
tank_0613,0.0,1722470400000
tank_0619,0.0,1722470400000
tank_0626,0.0,1722470400000
tank_0627,0.0,1722470400000
tank_0628,0.0,1722470400000
tank_0632,0.0,1722470400000
tank_0633,0.0,1722470400000
tank_0639,0.0,1722470400000
tank_0640,0.0,1722470400000
tank_0641,0.0,1722470400000
tank_0643,2.0,1722470400000
tank_0646,0.0,1722470400000
tank_0663,4.0,1722470400000
tank_0664,0.0,1722470400000
tank_0666,0.0,1722470400000
tank_0667,0.0,1722470400000
tank_0670,0.0,1722470400000
tank_0675,0.25098039215686274,1722470400000
tank_0676,0.0,1722470400000
tank_0678,0.0,1722470400000
tank_0681,0.0,1722470400000
tank_0687,8.0,1722470400000
tank_0688,119.0,1722470400000
tank_0697,0.0,1722470400000
tank_0720,3.0,1722470400000
tank_0722,0.0,1722470400000
tank_0724,12.184313725490195,1722470400000
tank_0725,16.0,1722470400000
tank_0728,0.0,1722470400000
tank_0730,0.0,1722470400000
tank_0731,13.0,1722470400000
tank_0732,0.0,1722470400000
tank_0737,0.0,1722470400000
tank_0739,0.0,1722470400000
tank_0740,4.807843137254902,1722470400000
tank_0746,0.0,1722470400000
tank_0748,0.0,1722470400000
tank_0749,3.0,1722470400000
tank_0752,0.0,1722470400000
tank_0760,0.0,1722470400000
tank_0770,1.6705882352941175,1722470400000
tank_0772,0.0,1722470400000
tank_0788,0.0,1722470400000
tank_0789,0.0,1722470400000
tank_0792,91.62745098039215,1722470400000
tank_0797,0.0,1722470400000
tank_0800,14.0,1722470400000
tank_0802,0.0,1722470400000
tank_0803,3.772549019607843,1722470400000
tank_0808,5.262745098039216,1722470400000
tank_0810,11.0,1722470400000
tank_0811,4.329411764705882,1722470400000
tank_0812,43.0,1722470400000
tank_0813,0.0,1722470400000
tank_0816,0.0,1722470400000
tank_0819,1.0,1722470400000
tank_0823,0.0,1722470400000
tank_0824,0.0,1722470400000
tank_0825,0.0,1722470400000
tank_0828,0.0,1722470400000
tank_0829,1.0,1722470400000
tank_0830,0.0,1722470400000
tank_0831,3.6588235294117646,1722470400000
tank_0844,0.0,1722470400000
tank_0852,19.0,1722470400000
tank_0855,46.0,1722470400000
tank_0856,0.0,1722470400000
tank_0860,0.0,1722470400000
tank_0861,0.0,1722470400000
tank_0872,9.0,1722470400000
tank_0875,0.0,1722470400000
tank_0879,0.0,1722470400000
tank_0885,0.0,1722470400000
tank_0891,0.0,1722470400000
tank_0894,0.0,1722470400000
tank_0898,6.0,1722470400000
tank_0900,23.20392156862745,1722470400000
tank_0901,0.0,1722470400000
tank_0902,10.0,1722470400000
tank_0914,0.0,1722470400000
tank_0917,0.0,1722470400000
tank_0919,0.0,1722470400000
tank_0920,0.0,1722470400000
tank_0922,3.0,1722470400000
tank_0923,2.0,1722470400000
tank_0924,0.0,1722470400000
tank_0926,0.0,1722470400000
tank_0927,0.0,1722470400000
tank_0928,0.0,1722470400000
tank_0930,48.0,1722470400000
tank_0931,0.0,1722470400000
tank_0933,0.0,1722470400000
tank_0934,0.0,1722470400000
tank_0937,0.0,1722470400000
tank_0938,0.0,1722470400000
tank_0939,0.0,1722470400000
tank_0944,41.0,1722470400000
tank_0946,0.0,1722470400000
tank_0952,0.0,1722470400000
tank_0958,0.0,1722470400000
tank_0962,18.0,1722470400000
tank_0967,0.0,1722470400000
tank_0975,0.0,1722470400000
tank_0978,65.22352941176473,1722470400000
tank_0990,0.0,1722470400000
tank_0991,1.0,1722470400000
tank_0998,0.0,1722470400000
tank_0999,0.0,1722470400000
tank_1003,4.0,1722470400000
tank_1004,7.0,1722470400000
tank_1014,0.0,1722470400000
tank_1026,81.0,1722470400000
tank_1031,0.0,1722470400000
tank_1032,6.517647058823529,1722470400000
tank_1034,0.0,1722470400000
tank_1042,18.0,1722470400000
tank_1045,0.0,1722470400000
tank_1049,0.0,1722470400000
tank_1055,5.156862745098039,1722470400000
tank_1061,0.0,1722470400000
tank_1062,0.0,1722470400000
tank_1064,0.43137254901960786,1722470400000
tank_1065,0.0,1722470400000
tank_1066,3.1254901960784314,1722470400000
tank_1070,0.0,1722470400000
tank_1073,0.0,1722470400000
tank_1083,28.0,1722470400000
tank_1086,0.0,1722470400000
tank_1088,11.286274509803924,1722470400000
tank_1089,9.0,1722470400000
tank_1090,0.0,1722470400000
tank_1091,0.0,1722470400000
tank_1094,0.0,1722470400000
tank_1095,0.0,1722470400000
tank_1104,5.0,1722470400000
tank_1113,2.0,1722470400000
tank_1116,20.705882352941174,1722470400000
tank_1117,0.0,1722470400000
tank_1120,7.0,1722470400000
tank_1121,0.0,1722470400000
tank_1124,0.0,1722470400000
tank_1128,0.0,1722470400000
tank_1134,1.7098039215686274,1722470400000
tank_1135,0.0,1722470400000
tank_1146,4.0,1722470400000
tank_1149,10.584313725490196,1722470400000
tank_1156,0.0,1722470400000
tank_1157,11.91372549019608,1722470400000
tank_1159,0.0,1722470400000
tank_1160,0.0,1722470400000
tank_1166,0.4666666666666667,1722470400000
tank_1170,22.49019607843137,1722470400000
tank_1175,0.0,1722470400000
tank_1177,11.537254901960782,1722470400000
tank_1179,3.2274509803921565,1722470400000
tank_1181,0.0,1722470400000
tank_1186,0.0,1722470400000
tank_1187,21.925490196078435,1722470400000
tank_1190,4.749019607843137,1722470400000
tank_1192,12.0,1722470400000
tank_1196,0.0,1722470400000
tank_1197,0.0,1722470400000
tank_1201,0.0,1722470400000
tank_1203,2.623529411764706,1722470400000
tank_1205,0.0,1722470400000
tank_1209,6.0,1722470400000
tank_1217,0.0,1722470400000
tank_1223,0.0,1722470400000
tank_1226,0.0,1722470400000
tank_1228,0.0,1722470400000
tank_1230,0.0,1722470400000
tank_1237,0.0,1722470400000
tank_1239,99.0,1722470400000
tank_1245,0.0,1722470400000
tank_1246,0.0,1722470400000
tank_1250,0.0,1722470400000
tank_1254,0.0,1722470400000
tank_1255,0.6901960784313725,1722470400000
tank_1258,0.0,1722470400000
tank_1261,0.0,1722470400000
tank_1262,6.023529411764706,1722470400000
tank_1263,0.0,1722470400000
tank_1265,0.0,1722470400000
tank_1270,0.0,1722470400000
tank_1272,14.870588235294118,1722470400000
tank_1275,0.0,1722470400000
tank_1276,37.95294117647059,1722470400000
tank_1279,0.0,1722470400000
tank_1280,0.3803921568627451,1722470400000
tank_1284,0.0,1722470400000
tank_1285,0.0,1722470400000
tank_1286,0.0,1722470400000
tank_1290,0.0,1722470400000
tank_1291,0.0,1722470400000
tank_1293,0.0,1722470400000
tank_1295,3.0,1722470400000
tank_1297,0.0,1722470400000
tank_1301,0.0,1722470400000
tank_1302,0.0,1722470400000
tank_1304,0.0,1722470400000
tank_1305,0.0,1722470400000
tank_1313,28.0,1722470400000
tank_1322,0.0,1722470400000
tank_1325,0.0,1722470400000
tank_1326,0.0,1722470400000
tank_1344,0.0,1722470400000
tank_1346,9.552941176470588,1722470400000
tank_1349,0.6823529411764706,1722470400000
tank_1353,146.0,1722470400000
tank_1358,0.0,1722470400000
tank_1359,0.0,1722470400000
tank_1361,32.0,1722470400000
tank_1364,0.0,1722470400000
tank_1365,0.0,1722470400000
tank_1372,0.0,1722470400000
tank_1374,0.0,1722470400000
tank_1378,0.0,1722470400000
tank_1380,5.0,1722470400000
tank_1386,0.0,1722470400000
tank_1391,0.0,1722470400000
tank_1393,1.3098039215686275,1722470400000
tank_1396,0.0,1722470400000
tank_1397,0.0,1722470400000
tank_1403,0.0,1722470400000
tank_1409,0.0,1722470400000
tank_1412,0.0,1722470400000
tank_1415,0.0,1722470400000
tank_1416,0.0,1722470400000
tank_1421,77.0,1722470400000
tank_1422,0.0,1722470400000
tank_1425,57.0,1722470400000
tank_1426,0.0,1722470400000
tank_1430,0.0,1722470400000
tank_1433,5.0,1722470400000
tank_1438,0.0,1722470400000
tank_1439,0.0,1722470400000
tank_1441,6.0,1722470400000
tank_1443,12.474509803921569,1722470400000
tank_1445,27.0,1722470400000
tank_1446,0.0,1722470400000
tank_1450,0.0,1722470400000
tank_1452,0.0,1722470400000
tank_1456,0.0,1722470400000
tank_1466,6.0,1722470400000
tank_1471,2.0,1722470400000
tank_1475,0.0,1722470400000
tank_1486,0.0,1722470400000
tank_1488,0.0,1722470400000
tank_1491,0.0,1722470400000
tank_1500,19.52549019607843,1722470400000
tank_1505,0.0,1722470400000
tank_1513,0.0,1722470400000
tank_1531,0.0,1722470400000
tank_1536,0.0,1722470400000
tank_1539,0.0,1722470400000
tank_1541,0.0,1722470400000
tank_1542,0.0,1722470400000
tank_1547,0.0,1722470400000
tank_1563,0.0,1722470400000
tank_1564,0.0,1722470400000
tank_1565,8.0,1722470400000
tank_1567,0.0,1722470400000
tank_1568,0.0,1722470400000
tank_1573,0.0,1722470400000
tank_1583,0.0,1722470400000
tank_1587,0.0,1722470400000
tank_1588,0.0,1722470400000
tank_1592,0.0,1722470400000
tank_1594,0.0,1722470400000
tank_1595,1.0,1722470400000
tank_1597,0.0,1722470400000
tank_1598,2.211764705882353,1722470400000
tank_1600,4.101960784313725,1722470400000
tank_1604,4.792156862745098,1722470400000
tank_0002,0.0,1723507200000
tank_0004,0.0,1723507200000
tank_0005,0.0,1723507200000
tank_0011,0.0,1723507200000
tank_0014,0.0,1723507200000
tank_0019,0.0,1723507200000
tank_0024,6.4941176470588236,1723507200000
tank_0025,2.023529411764706,1723507200000
tank_0026,0.0,1723507200000
tank_0027,0.0,1723507200000
tank_0030,0.0,1723507200000
tank_0031,11.0,1723507200000
tank_0036,0.0,1723507200000
tank_0037,0.0,1723507200000
tank_0038,6.4,1723507200000
tank_0050,0.0,1723507200000
tank_0051,0.0,1723507200000
tank_0052,0.0,1723507200000
tank_0053,10.149019607843137,1723507200000
tank_0055,0.0,1723507200000
tank_0057,0.0,1723507200000
tank_0058,0.0,1723507200000
tank_0064,0.0,1723507200000
tank_0069,0.0,1723507200000
tank_0072,0.0,1723507200000
tank_0073,0.0,1723507200000
tank_0080,3.0,1723507200000
tank_0094,0.0,1723507200000
tank_0107,0.0,1723507200000
tank_0110,0.0,1723507200000
tank_0113,0.7647058823529411,1723507200000
tank_0115,0.0,1723507200000
tank_0116,0.0,1723507200000
tank_0117,27.0,1723507200000
tank_0118,0.0,1723507200000
tank_0122,0.0,1723507200000
tank_0125,0.0,1723507200000
tank_0130,0.0,1723507200000
tank_0131,0.0,1723507200000
tank_0132,0.0,1723507200000
tank_0134,0.0,1723507200000
tank_0135,5.0,1723507200000
tank_0142,0.0,1723507200000
tank_0143,0.0,1723507200000
tank_0144,0.0,1723507200000
tank_0148,0.0,1723507200000
tank_0153,0.0,1723507200000
tank_0156,0.0,1723507200000
tank_0159,0.0,1723507200000
tank_0165,3.8823529411764706,1723507200000
tank_0171,0.0,1723507200000
tank_0172,0.0,1723507200000
tank_0174,1.6431372549019607,1723507200000
tank_0176,0.0,1723507200000
tank_0184,0.0,1723507200000
tank_0187,0.0,1723507200000
tank_0190,7.556862745098039,1723507200000
tank_0192,0.0,1723507200000
tank_0193,0.0,1723507200000
tank_0195,0.0,1723507200000
tank_0199,0.0,1723507200000
tank_0204,0.0,1723507200000
tank_0205,0.0,1723507200000
tank_0207,0.0,1723507200000
tank_0209,0.0,1723507200000
tank_0213,0.0,1723507200000
tank_0217,0.0,1723507200000
tank_0220,0.0,1723507200000
tank_0221,16.113725490196074,1723507200000
tank_0225,0.0,1723507200000
tank_0226,0.0,1723507200000
tank_0228,0.0,1723507200000
tank_0229,4.517647058823529,1723507200000
tank_0231,0.0,1723507200000
tank_0233,0.0,1723507200000
tank_0236,0.0,1723507200000
tank_0237,0.0,1723507200000
tank_0240,0.0,1723507200000
tank_0242,0.0,1723507200000
tank_0245,0.0,1723507200000
tank_0247,2.0,1723507200000
tank_0256,0.0,1723507200000
tank_0257,0.0,1723507200000
tank_0260,0.0,1723507200000
tank_0261,0.0,1723507200000
tank_0264,0.0,1723507200000
tank_0273,0.0,1723507200000
tank_0276,0.0,1723507200000
tank_0278,0.0,1723507200000
tank_0280,0.0,1723507200000
tank_0291,0.0,1723507200000
tank_0292,0.0,1723507200000
tank_0296,0.0,1723507200000
tank_0297,0.0,1723507200000
tank_0299,0.0,1723507200000
tank_0300,0.0,1723507200000
tank_0301,0.0,1723507200000
tank_0307,0.0,1723507200000
tank_0309,0.0,1723507200000
tank_0313,0.0,1723507200000
tank_0314,0.0,1723507200000
tank_0319,0.0,1723507200000
tank_0321,0.0,1723507200000
tank_0327,0.0,1723507200000
tank_0337,0.0,1723507200000
tank_0338,3.0,1723507200000
tank_0339,0.0,1723507200000
tank_0342,0.0,1723507200000
tank_0345,0.0,1723507200000
tank_0346,0.0,1723507200000
tank_0349,73.0,1723507200000
tank_0350,0.0,1723507200000
tank_0353,0.0,1723507200000
tank_0356,0.0,1723507200000
tank_0360,0.0,1723507200000
tank_0361,0.0,1723507200000
tank_0362,0.0,1723507200000
tank_0364,0.0,1723507200000
tank_0366,20.478431372549018,1723507200000
tank_0369,0.0,1723507200000
tank_0375,0.0,1723507200000
tank_0379,0.0,1723507200000
tank_0381,0.0,1723507200000
tank_0386,0.0,1723507200000
tank_0390,0.0,1723507200000
tank_0397,0.0,1723507200000
tank_0399,0.0,1723507200000
tank_0404,31.0,1723507200000
tank_0409,0.0,1723507200000
tank_0420,0.12549019607843137,1723507200000
tank_0425,0.0,1723507200000
tank_0431,0.0,1723507200000
tank_0432,6.894117647058824,1723507200000
tank_0435,0.0,1723507200000
tank_0436,0.0,1723507200000
tank_0438,3.0,1723507200000
tank_0443,0.0,1723507200000
tank_0444,0.0,1723507200000
tank_0447,0.0,1723507200000
tank_0448,0.0,1723507200000
tank_0449,2.6901960784313728,1723507200000
tank_0455,0.0,1723507200000
tank_0460,0.0,1723507200000
tank_0462,0.0,1723507200000
tank_0466,0.0,1723507200000
tank_0471,0.0,1723507200000
tank_0473,0.0,1723507200000
tank_0474,0.0,1723507200000
tank_0481,0.0,1723507200000
tank_0485,0.0,1723507200000
tank_0489,0.0,1723507200000
tank_0491,0.0,1723507200000
tank_0494,0.0,1723507200000
tank_0497,0.0,1723507200000
tank_0498,0.0,1723507200000
tank_0502,0.0,1723507200000
tank_0505,0.0,1723507200000
tank_0509,0.0,1723507200000
tank_0512,0.0,1723507200000
tank_0514,0.0,1723507200000
tank_0515,0.0,1723507200000
tank_0521,0.0,1723507200000
tank_0524,0.0,1723507200000
tank_0526,0.0,1723507200000
tank_0533,0.0,1723507200000
tank_0534,0.0,1723507200000
tank_0536,0.0,1723507200000
tank_0537,0.0,1723507200000
tank_0541,1.0,1723507200000
tank_0547,0.0,1723507200000
tank_0552,1.0,1723507200000
tank_0555,0.0,1723507200000
tank_0556,0.0,1723507200000
tank_0557,0.0,1723507200000
tank_0560,0.0,1723507200000
tank_0561,0.0,1723507200000
tank_0566,0.0,1723507200000
tank_0567,2.0,1723507200000
tank_0568,0.0,1723507200000
tank_0574,0.0,1723507200000
tank_0579,0.0,1723507200000
tank_0583,0.0,1723507200000
tank_0587,0.0,1723507200000
tank_0589,0.0,1723507200000
tank_0590,0.0,1723507200000
tank_0592,0.0,1723507200000
tank_0593,0.0,1723507200000
tank_0595,0.37254901960784315,1723507200000
tank_0600,0.0,1723507200000
tank_0604,0.0,1723507200000
tank_0606,0.0,1723507200000
tank_0607,0.0,1723507200000
tank_0608,152.0,1723507200000
tank_0610,0.0,1723507200000
tank_0611,0.0,1723507200000
tank_0612,0.0,1723507200000
tank_0613,0.0,1723507200000
tank_0619,0.0,1723507200000
tank_0626,0.0,1723507200000
tank_0627,0.0,1723507200000
tank_0628,0.0,1723507200000
tank_0632,0.0,1723507200000
tank_0633,0.0,1723507200000
tank_0639,0.0,1723507200000
tank_0640,0.0,1723507200000
tank_0641,0.0,1723507200000
tank_0643,0.0,1723507200000
tank_0646,0.0,1723507200000
tank_0663,0.0,1723507200000
tank_0664,0.0,1723507200000
tank_0666,0.0,1723507200000
tank_0667,0.0,1723507200000
tank_0670,0.0,1723507200000
tank_0675,0.0,1723507200000
tank_0676,0.0,1723507200000
tank_0678,0.0,1723507200000
tank_0681,0.0,1723507200000
tank_0687,9.0,1723507200000
tank_0688,83.0,1723507200000
tank_0697,0.0,1723507200000
tank_0720,0.0,1723507200000
tank_0722,0.0,1723507200000
tank_0724,5.823529411764706,1723507200000
tank_0725,13.0,1723507200000
tank_0728,0.0,1723507200000
tank_0730,0.0,1723507200000
tank_0731,0.0,1723507200000
tank_0732,0.0,1723507200000
tank_0737,1.0,1723507200000
tank_0739,0.0,1723507200000
tank_0740,7.0,1723507200000
tank_0746,0.0,1723507200000
tank_0748,0.0,1723507200000
tank_0749,0.0,1723507200000
tank_0752,9.709803921568627,1723507200000
tank_0760,0.0,1723507200000
tank_0770,0.0,1723507200000
tank_0772,0.0,1723507200000
tank_0788,0.0,1723507200000
tank_0789,0.0,1723507200000
tank_0792,33.51372549019608,1723507200000
tank_0797,0.0,1723507200000
tank_0800,0.0,1723507200000
tank_0802,0.0,1723507200000
tank_0803,0.0,1723507200000
tank_0808,0.0,1723507200000
tank_0810,10.980392156862745,1723507200000
tank_0811,7.298039215686274,1723507200000
tank_0812,62.0,1723507200000
tank_0813,0.32941176470588235,1723507200000
tank_0816,6.76078431372549,1723507200000
tank_0819,0.0,1723507200000
tank_0823,0.0,1723507200000
tank_0824,0.0,1723507200000
tank_0825,0.0,1723507200000
tank_0828,0.0,1723507200000
tank_0829,0.0,1723507200000
tank_0830,0.0,1723507200000
tank_0831,0.0,1723507200000
tank_0844,0.0,1723507200000
tank_0852,0.0,1723507200000
tank_0855,55.0,1723507200000
tank_0856,13.0,1723507200000
tank_0860,0.0,1723507200000
tank_0861,0.0,1723507200000
tank_0872,0.0,1723507200000
tank_0875,0.0,1723507200000
tank_0879,0.0,1723507200000
tank_0885,0.0,1723507200000
tank_0891,0.0,1723507200000
tank_0894,192.0,1723507200000
tank_0898,15.0,1723507200000
tank_0900,0.0,1723507200000
tank_0901,0.0,1723507200000
tank_0902,19.0,1723507200000
tank_0914,0.0,1723507200000
tank_0917,0.0,1723507200000
tank_0919,0.0,1723507200000
tank_0920,0.0,1723507200000
tank_0922,26.0,1723507200000
tank_0923,0.0,1723507200000
tank_0924,0.0,1723507200000
tank_0926,0.0,1723507200000
tank_0927,0.0,1723507200000
tank_0928,0.0,1723507200000
tank_0930,78.0,1723507200000
tank_0931,0.0,1723507200000
tank_0933,0.0,1723507200000
tank_0934,0.0,1723507200000
tank_0937,0.0,1723507200000
tank_0938,0.0,1723507200000
tank_0939,0.0,1723507200000
tank_0944,0.0,1723507200000
tank_0946,0.0,1723507200000
tank_0952,0.0,1723507200000
tank_0958,0.0,1723507200000
tank_0962,724.0,1723507200000
tank_0967,0.0,1723507200000
tank_0975,0.0,1723507200000
tank_0978,31.66274509803922,1723507200000
tank_0990,0.0,1723507200000
tank_0991,207.0,1723507200000
tank_0998,0.0,1723507200000
tank_0999,0.0,1723507200000
tank_1003,0.0,1723507200000
tank_1004,0.0,1723507200000
tank_1014,0.0,1723507200000
tank_1026,30.0,1723507200000
tank_1031,0.0,1723507200000
tank_1032,0.0,1723507200000
tank_1034,0.0,1723507200000
tank_1042,19.0,1723507200000
tank_1045,0.0,1723507200000
tank_1049,0.0,1723507200000
tank_1055,0.0,1723507200000
tank_1061,0.0,1723507200000
tank_1062,0.0,1723507200000
tank_1064,0.0,1723507200000
tank_1065,0.0,1723507200000
tank_1066,2.372549019607843,1723507200000
tank_1070,0.0,1723507200000
tank_1073,0.0,1723507200000
tank_1083,0.0,1723507200000
tank_1086,0.0,1723507200000
tank_1088,0.0,1723507200000
tank_1089,0.0,1723507200000
tank_1090,0.0,1723507200000
tank_1091,0.0,1723507200000
tank_1094,305.0,1723507200000
tank_1095,0.0,1723507200000
tank_1104,0.0,1723507200000
tank_1113,0.0,1723507200000
tank_1116,0.0,1723507200000
tank_1117,0.0,1723507200000
tank_1120,0.0,1723507200000
tank_1121,0.0,1723507200000
tank_1124,0.0,1723507200000
tank_1128,0.0,1723507200000
tank_1134,0.0,1723507200000
tank_1135,0.0,1723507200000
tank_1146,8.0,1723507200000
tank_1149,0.0,1723507200000
tank_1156,0.0,1723507200000
tank_1157,6.68235294117647,1723507200000
tank_1159,0.0,1723507200000
tank_1160,0.0,1723507200000
tank_1166,0.0,1723507200000
tank_1170,32.45490196078431,1723507200000
tank_1175,0.0,1723507200000
tank_1177,0.0,1723507200000
tank_1179,0.0,1723507200000
tank_1181,0.0,1723507200000
tank_1186,0.0,1723507200000
tank_1187,0.0,1723507200000
tank_1190,0.0,1723507200000
tank_1192,0.0,1723507200000
tank_1196,0.0,1723507200000
tank_1197,0.0,1723507200000
tank_1201,0.0,1723507200000
tank_1203,0.0,1723507200000
tank_1205,0.0,1723507200000
tank_1209,0.0,1723507200000
tank_1217,0.0,1723507200000
tank_1223,0.0,1723507200000
tank_1226,0.0,1723507200000
tank_1228,0.0,1723507200000
tank_1230,0.0,1723507200000
tank_1237,0.0,1723507200000
tank_1239,45.0,1723507200000
tank_1245,0.0,1723507200000
tank_1246,0.0,1723507200000
tank_1250,0.0,1723507200000
tank_1254,0.0,1723507200000
tank_1255,0.0,1723507200000
tank_1258,0.0,1723507200000
tank_1261,0.0,1723507200000
tank_1262,0.0,1723507200000
tank_1263,0.0,1723507200000
tank_1265,0.0,1723507200000
tank_1270,0.0,1723507200000
tank_1272,23.870588235294118,1723507200000
tank_1275,0.0,1723507200000
tank_1276,20.0,1723507200000
tank_1279,0.0,1723507200000
tank_1280,0.0,1723507200000
tank_1284,0.0,1723507200000
tank_1285,0.0,1723507200000
tank_1286,6.0,1723507200000
tank_1290,0.0,1723507200000
tank_1291,0.0,1723507200000
tank_1293,0.0,1723507200000
tank_1295,0.0,1723507200000
tank_1297,0.0,1723507200000
tank_1301,0.0,1723507200000
tank_1302,0.0,1723507200000
tank_1304,0.0,1723507200000
tank_1305,0.0,1723507200000
tank_1313,39.0,1723507200000
tank_1322,0.0,1723507200000
tank_1325,0.0,1723507200000
tank_1326,0.0,1723507200000
tank_1344,0.0,1723507200000
tank_1346,1.0,1723507200000
tank_1349,0.0,1723507200000
tank_1353,2.0,1723507200000
tank_1358,0.0,1723507200000
tank_1359,0.0,1723507200000
tank_1361,0.0,1723507200000
tank_1364,0.0,1723507200000
tank_1365,0.0,1723507200000
tank_1372,0.0,1723507200000
tank_1374,0.0,1723507200000
tank_1378,0.0,1723507200000
tank_1380,0.0,1723507200000
tank_1386,0.0,1723507200000
tank_1391,4.0,1723507200000
tank_1393,0.0,1723507200000
tank_1396,0.0,1723507200000
tank_1397,0.0,1723507200000
tank_1403,0.0,1723507200000
tank_1409,0.0,1723507200000
tank_1412,0.0,1723507200000
tank_1415,0.0,1723507200000
tank_1416,0.0,1723507200000
tank_1421,2.0,1723507200000
tank_1422,0.0,1723507200000
tank_1425,0.0,1723507200000
tank_1426,0.0,1723507200000
tank_1430,0.0,1723507200000
tank_1433,0.0,1723507200000
tank_1438,0.0,1723507200000
tank_1439,0.0,1723507200000
tank_1441,0.0,1723507200000
tank_1443,0.0,1723507200000
tank_1445,0.0,1723507200000
tank_1446,0.0,1723507200000
tank_1450,0.0,1723507200000
tank_1452,0.0,1723507200000
tank_1456,0.0,1723507200000
tank_1466,0.0,1723507200000
tank_1471,0.0,1723507200000
tank_1475,0.0,1723507200000
tank_1486,0.0,1723507200000
tank_1488,0.0,1723507200000
tank_1491,0.0,1723507200000
tank_1500,22.0,1723507200000
tank_1505,0.0,1723507200000
tank_1513,0.0,1723507200000
tank_1531,0.0,1723507200000
tank_1536,0.0,1723507200000
tank_1539,0.0,1723507200000
tank_1541,0.0,1723507200000
tank_1542,0.0,1723507200000
tank_1547,0.0,1723507200000
tank_1563,0.0,1723507200000
tank_1564,0.0,1723507200000
tank_1565,4.0,1723507200000
tank_1567,0.0,1723507200000
tank_1568,0.0,1723507200000
tank_1573,0.0,1723507200000
tank_1583,0.0,1723507200000
tank_1587,0.0,1723507200000
tank_1588,0.0,1723507200000
tank_1592,0.0,1723507200000
tank_1594,0.0,1723507200000
tank_1595,0.0,1723507200000
tank_1597,0.0,1723507200000
tank_1598,0.0,1723507200000
tank_1600,0.0,1723507200000
tank_1604,0.0,1723507200000
tank_0002,0.0,1724544000000
tank_0004,0.0,1724544000000
tank_0005,0.0,1724544000000
tank_0011,0.0,1724544000000
tank_0014,0.0,1724544000000
tank_0019,0.0,1724544000000
tank_0024,4.0,1724544000000
tank_0025,0.0,1724544000000
tank_0026,0.0,1724544000000
tank_0027,0.0,1724544000000
tank_0030,0.0,1724544000000
tank_0031,118.8156862745098,1724544000000
tank_0036,0.0,1724544000000
tank_0037,0.0,1724544000000
tank_0038,0.0,1724544000000
tank_0050,29.8,1724544000000
tank_0051,0.0,1724544000000
tank_0052,0.0,1724544000000
tank_0053,0.0,1724544000000
tank_0055,0.0,1724544000000
tank_0057,1.0,1724544000000
tank_0058,0.0,1724544000000
tank_0064,35.0,1724544000000
tank_0069,25.0,1724544000000
tank_0072,0.0,1724544000000
tank_0073,0.0,1724544000000
tank_0080,12.0,1724544000000
tank_0094,0.0,1724544000000
tank_0107,0.0,1724544000000
tank_0110,8.0,1724544000000
tank_0113,0.0,1724544000000
tank_0115,0.0,1724544000000
tank_0116,0.0,1724544000000
tank_0117,71.0,1724544000000
tank_0118,0.0,1724544000000
tank_0122,0.0,1724544000000
tank_0125,0.0,1724544000000
tank_0130,0.0,1724544000000
tank_0131,0.0,1724544000000
tank_0132,0.0,1724544000000
tank_0134,0.0,1724544000000
tank_0135,0.0,1724544000000
tank_0142,0.0,1724544000000
tank_0143,0.0,1724544000000
tank_0144,0.0,1724544000000
tank_0148,0.0,1724544000000
tank_0153,15.0,1724544000000
tank_0156,0.0,1724544000000
tank_0159,0.0,1724544000000
tank_0165,0.0,1724544000000
tank_0171,0.0,1724544000000
tank_0172,0.0,1724544000000
tank_0174,0.0,1724544000000
tank_0176,0.0,1724544000000
tank_0184,0.0,1724544000000
tank_0187,0.0,1724544000000
tank_0190,0.0,1724544000000
tank_0192,0.0,1724544000000
tank_0193,0.0,1724544000000
tank_0195,0.0,1724544000000
tank_0199,0.0,1724544000000
tank_0204,0.0,1724544000000
tank_0205,0.0,1724544000000
tank_0207,0.0,1724544000000
tank_0209,0.0,1724544000000
tank_0213,0.0,1724544000000
tank_0217,0.0,1724544000000
tank_0220,0.0,1724544000000
tank_0221,1.0,1724544000000
tank_0225,0.0,1724544000000
tank_0226,0.0,1724544000000
tank_0228,0.0,1724544000000
tank_0229,0.0,1724544000000
tank_0231,2.0,1724544000000
tank_0233,0.0,1724544000000
tank_0236,0.0,1724544000000
tank_0237,0.0,1724544000000
tank_0240,0.0,1724544000000
tank_0242,20.0,1724544000000
tank_0245,0.0,1724544000000
tank_0247,32.0,1724544000000
tank_0256,0.0,1724544000000
tank_0257,0.0,1724544000000
tank_0260,0.0,1724544000000
tank_0261,0.0,1724544000000
tank_0264,0.0,1724544000000
tank_0273,21.0,1724544000000
tank_0276,0.0,1724544000000
tank_0278,0.0,1724544000000
tank_0280,0.0,1724544000000
tank_0291,0.0,1724544000000
tank_0292,0.0,1724544000000
tank_0296,0.0,1724544000000
tank_0297,0.0,1724544000000
tank_0299,0.0,1724544000000
tank_0300,0.0,1724544000000
tank_0301,0.0,1724544000000
tank_0307,9.0,1724544000000
tank_0309,14.0,1724544000000
tank_0313,0.0,1724544000000
tank_0314,0.0,1724544000000
tank_0319,18.172549019607846,1724544000000
tank_0321,0.0,1724544000000
tank_0327,0.0,1724544000000
tank_0337,0.0,1724544000000
tank_0338,0.0,1724544000000
tank_0339,0.0,1724544000000
tank_0342,0.0,1724544000000
tank_0345,0.0,1724544000000
tank_0346,0.0,1724544000000
tank_0349,120.0,1724544000000
tank_0350,0.0,1724544000000
tank_0353,0.0,1724544000000
tank_0356,0.0,1724544000000
tank_0360,0.0,1724544000000
tank_0361,0.0,1724544000000
tank_0362,0.0,1724544000000
tank_0364,0.0,1724544000000
tank_0366,0.0,1724544000000
tank_0369,0.0,1724544000000
tank_0375,0.0,1724544000000
tank_0379,0.0,1724544000000
tank_0381,0.0,1724544000000
tank_0386,41.90588235294118,1724544000000
tank_0390,41.75686274509804,1724544000000
tank_0397,0.0,1724544000000
tank_0399,0.0,1724544000000
tank_0404,228.50588235294117,1724544000000
tank_0409,0.0,1724544000000
tank_0420,0.8745098039215686,1724544000000
tank_0425,0.0,1724544000000
tank_0431,0.0,1724544000000
tank_0432,0.0,1724544000000
tank_0435,0.0,1724544000000
tank_0436,0.0,1724544000000
tank_0438,12.0,1724544000000
tank_0443,0.0,1724544000000
tank_0444,141.0,1724544000000
tank_0447,2.0,1724544000000
tank_0448,0.0,1724544000000
tank_0449,0.0,1724544000000
tank_0455,0.0,1724544000000
tank_0460,0.0,1724544000000
tank_0462,163.0,1724544000000
tank_0466,0.0,1724544000000
tank_0471,0.0,1724544000000
tank_0473,0.0,1724544000000
tank_0474,0.0,1724544000000
tank_0481,0.054901960784313725,1724544000000
tank_0485,0.0,1724544000000
tank_0489,0.0,1724544000000
tank_0491,0.0,1724544000000
tank_0494,0.0,1724544000000
tank_0497,0.0,1724544000000
tank_0498,0.0,1724544000000
tank_0502,0.0,1724544000000
tank_0505,0.0,1724544000000
tank_0509,0.0,1724544000000
tank_0512,48.0,1724544000000
tank_0514,0.0,1724544000000
tank_0515,2.0,1724544000000
tank_0521,0.0,1724544000000
tank_0524,0.0,1724544000000
tank_0526,32.0,1724544000000
tank_0533,0.0,1724544000000
tank_0534,0.0,1724544000000
tank_0536,4.0,1724544000000
tank_0537,0.0,1724544000000
tank_0541,0.0,1724544000000
tank_0547,0.0,1724544000000
tank_0552,0.0,1724544000000
tank_0555,0.0,1724544000000
tank_0556,0.0,1724544000000
tank_0557,0.0,1724544000000
tank_0560,0.0,1724544000000
tank_0561,0.0,1724544000000
tank_0566,0.0,1724544000000
tank_0567,0.0,1724544000000
tank_0568,0.0,1724544000000
tank_0574,0.0,1724544000000
tank_0579,46.0,1724544000000
tank_0583,7.0,1724544000000
tank_0587,0.0,1724544000000
tank_0589,0.0,1724544000000
tank_0590,0.0,1724544000000
tank_0592,0.0,1724544000000
tank_0593,0.0,1724544000000
tank_0595,0.0,1724544000000
tank_0600,0.0,1724544000000
tank_0604,0.0,1724544000000
tank_0606,0.0,1724544000000
tank_0607,0.0,1724544000000
tank_0608,153.97254901960784,1724544000000
tank_0610,0.0,1724544000000
tank_0611,0.0,1724544000000
tank_0612,0.0,1724544000000
tank_0613,0.0,1724544000000
tank_0619,0.0,1724544000000
tank_0626,0.0,1724544000000
tank_0627,0.0,1724544000000
tank_0628,0.0,1724544000000
tank_0632,0.0,1724544000000
tank_0633,0.0,1724544000000
tank_0639,4.427450980392157,1724544000000
tank_0640,0.0,1724544000000
tank_0641,0.0,1724544000000
tank_0643,0.0,1724544000000
tank_0646,0.0,1724544000000
tank_0663,0.0,1724544000000
tank_0664,0.0,1724544000000
tank_0666,0.0,1724544000000
tank_0667,0.0,1724544000000
tank_0670,0.0,1724544000000
tank_0675,0.0,1724544000000
tank_0676,9.0,1724544000000
tank_0678,1.0,1724544000000
tank_0681,0.0,1724544000000
tank_0687,9.0,1724544000000
tank_0688,121.0,1724544000000
tank_0697,0.0,1724544000000
tank_0720,9.0,1724544000000
tank_0722,3.207843137254902,1724544000000
tank_0724,0.0,1724544000000
tank_0725,54.94509803921569,1724544000000
tank_0728,0.0,1724544000000
tank_0730,15.121568627450982,1724544000000
tank_0731,132.0,1724544000000
tank_0732,0.0,1724544000000
tank_0737,37.0,1724544000000
tank_0739,0.0,1724544000000
tank_0740,2.0,1724544000000
tank_0746,0.0,1724544000000
tank_0748,0.0,1724544000000
tank_0749,0.0,1724544000000
tank_0752,0.0,1724544000000
tank_0760,0.7490196078431373,1724544000000
tank_0770,0.0,1724544000000
tank_0772,5.666666666666667,1724544000000
tank_0788,0.0,1724544000000
tank_0789,25.701960784313723,1724544000000
tank_0792,7.564705882352941,1724544000000
tank_0797,2.0,1724544000000
tank_0800,126.0,1724544000000
tank_0802,0.0,1724544000000
tank_0803,0.0,1724544000000
tank_0808,2.0,1724544000000
tank_0810,16.682352941176468,1724544000000
tank_0811,2.2588235294117647,1724544000000
tank_0812,72.97647058823529,1724544000000
tank_0813,5.0,1724544000000
tank_0816,4.0,1724544000000
tank_0819,0.0,1724544000000
tank_0823,0.0,1724544000000
tank_0824,28.0,1724544000000
tank_0825,1.9294117647058824,1724544000000
tank_0828,0.0,1724544000000
tank_0829,31.858823529411765,1724544000000
tank_0830,13.0,1724544000000
tank_0831,2.2470588235294118,1724544000000
tank_0844,0.0,1724544000000
tank_0852,43.0,1724544000000
tank_0855,89.98039215686275,1724544000000
tank_0856,25.0,1724544000000
tank_0860,0.0,1724544000000
tank_0861,0.0,1724544000000
tank_0872,6.0,1724544000000
tank_0875,142.0,1724544000000
tank_0879,0.0,1724544000000
tank_0885,0.0,1724544000000
tank_0891,0.0,1724544000000
tank_0894,117.0,1724544000000
tank_0898,212.0,1724544000000
tank_0900,70.54509803921567,1724544000000
tank_0901,25.0,1724544000000
tank_0902,215.0,1724544000000
tank_0914,6.0,1724544000000
tank_0917,0.0,1724544000000
tank_0919,2.0,1724544000000
tank_0920,4.0,1724544000000
tank_0922,166.0,1724544000000
tank_0923,4.0,1724544000000
tank_0924,0.0,1724544000000
tank_0926,0.0,1724544000000
tank_0927,3.227450980392157,1724544000000
tank_0928,7.0,1724544000000
tank_0930,122.0,1724544000000
tank_0931,82.9607843137255,1724544000000
tank_0933,0.0,1724544000000
tank_0934,0.0,1724544000000
tank_0937,0.0,1724544000000
tank_0938,0.0,1724544000000
tank_0939,4.854901960784314,1724544000000
tank_0944,112.0,1724544000000
tank_0946,0.0,1724544000000
tank_0952,14.0,1724544000000
tank_0958,0.0,1724544000000
tank_0962,1083.0,1724544000000
tank_0967,8.0,1724544000000
tank_0975,0.0,1724544000000
tank_0978,63.76470588235295,1724544000000
tank_0990,0.0,1724544000000
tank_0991,245.0,1724544000000
tank_0998,3.964705882352941,1724544000000
tank_0999,0.0,1724544000000
tank_1003,115.0,1724544000000
tank_1004,3.0,1724544000000
tank_1014,138.0,1724544000000
tank_1026,181.0,1724544000000
tank_1031,0.0,1724544000000
tank_1032,7.258823529411765,1724544000000
tank_1034,0.0,1724544000000
tank_1042,42.0,1724544000000
tank_1045,0.0,1724544000000
tank_1049,29.0,1724544000000
tank_1055,14.462745098039216,1724544000000
tank_1061,0.0,1724544000000
tank_1062,0.0,1724544000000
tank_1064,0.0,1724544000000
tank_1065,0.8313725490196078,1724544000000
tank_1066,0.0,1724544000000
tank_1070,6.0,1724544000000
tank_1073,7.0,1724544000000
tank_1083,198.0,1724544000000
tank_1086,2.0,1724544000000
tank_1088,28.31372549019608,1724544000000
tank_1089,20.0,1724544000000
tank_1090,163.98823529411766,1724544000000
tank_1091,0.0,1724544000000
tank_1094,465.0,1724544000000
tank_1095,17.0,1724544000000
tank_1104,0.4588235294117647,1724544000000
tank_1113,22.0,1724544000000
tank_1116,5.0,1724544000000
tank_1117,0.0,1724544000000
tank_1120,12.0,1724544000000
tank_1121,13.0,1724544000000
tank_1124,19.368627450980394,1724544000000
tank_1128,0.0,1724544000000
tank_1134,0.0,1724544000000
tank_1135,3.0,1724544000000
tank_1146,17.0,1724544000000
tank_1149,3.0,1724544000000
tank_1156,0.0,1724544000000
tank_1157,12.870588235294118,1724544000000
tank_1159,0.0,1724544000000
tank_1160,0.0,1724544000000
tank_1166,0.0,1724544000000
tank_1170,32.19607843137255,1724544000000
tank_1175,0.0,1724544000000
tank_1177,4.050980392156863,1724544000000
tank_1179,0.0,1724544000000
tank_1181,7.0,1724544000000
tank_1186,0.0,1724544000000
tank_1187,29.407843137254908,1724544000000
tank_1190,0.9764705882352941,1724544000000
tank_1192,22.0,1724544000000
tank_1196,0.0,1724544000000
tank_1197,218.0,1724544000000
tank_1201,0.0,1724544000000
tank_1203,22.447058823529414,1724544000000
tank_1205,0.0,1724544000000
tank_1209,43.0,1724544000000
tank_1217,0.0,1724544000000
tank_1223,1.0,1724544000000
tank_1226,46.0,1724544000000
tank_1228,24.0,1724544000000
tank_1230,0.0,1724544000000
tank_1237,0.0,1724544000000
tank_1239,562.9176470588236,1724544000000
tank_1245,0.0,1724544000000
tank_1246,95.0,1724544000000
tank_1250,0.0,1724544000000
tank_1254,0.0,1724544000000
tank_1255,13.0,1724544000000
tank_1258,10.0,1724544000000
tank_1261,0.0,1724544000000
tank_1262,0.0,1724544000000
tank_1263,6.0,1724544000000
tank_1265,1.0,1724544000000
tank_1270,0.0,1724544000000
tank_1272,14.745098039215687,1724544000000
tank_1275,0.0,1724544000000
tank_1276,99.0,1724544000000
tank_1279,2.0,1724544000000
tank_1280,0.0,1724544000000
tank_1284,0.0,1724544000000
tank_1285,0.0,1724544000000
tank_1286,36.0,1724544000000
tank_1290,0.0,1724544000000
tank_1291,0.0,1724544000000
tank_1293,9.0,1724544000000
tank_1295,0.0,1724544000000
tank_1297,16.0,1724544000000
tank_1301,17.0,1724544000000
tank_1302,20.0,1724544000000
tank_1304,0.0,1724544000000
tank_1305,44.0,1724544000000
tank_1313,444.0,1724544000000
tank_1322,0.0,1724544000000
tank_1325,0.0,1724544000000
tank_1326,0.0,1724544000000
tank_1344,0.0,1724544000000
tank_1346,0.9098039215686273,1724544000000
tank_1349,0.0,1724544000000
tank_1353,295.0,1724544000000
tank_1358,0.0,1724544000000
tank_1359,0.0,1724544000000
tank_1361,83.0,1724544000000
tank_1364,502.0,1724544000000
tank_1365,6.0,1724544000000
tank_1372,0.0,1724544000000
tank_1374,0.0,1724544000000
tank_1378,31.0,1724544000000
tank_1380,35.76862745098039,1724544000000
tank_1386,0.0,1724544000000
tank_1391,19.0,1724544000000
tank_1393,17.0,1724544000000
tank_1396,5.0,1724544000000
tank_1397,0.0,1724544000000
tank_1403,8.0,1724544000000
tank_1409,0.0,1724544000000
tank_1412,27.101960784313725,1724544000000
tank_1415,0.0,1724544000000
tank_1416,48.98039215686275,1724544000000
tank_1421,370.0,1724544000000
tank_1422,0.0,1724544000000
tank_1425,96.0,1724544000000
tank_1426,162.32549019607848,1724544000000
tank_1430,0.0,1724544000000
tank_1433,555.0,1724544000000
tank_1438,0.0,1724544000000
tank_1439,12.60392156862745,1724544000000
tank_1441,0.0,1724544000000
tank_1443,0.0,1724544000000
tank_1445,22.0,1724544000000
tank_1446,0.0,1724544000000
tank_1450,0.0,1724544000000
tank_1452,0.0,1724544000000
tank_1456,4.862745098039216,1724544000000
tank_1466,2.0,1724544000000
tank_1471,0.0,1724544000000
tank_1475,0.0,1724544000000
tank_1486,1253.0,1724544000000
tank_1488,0.0,1724544000000
tank_1491,0.0,1724544000000
tank_1500,44.113725490196074,1724544000000
tank_1505,121.0,1724544000000
tank_1513,818.0,1724544000000
tank_1531,0.0,1724544000000
tank_1536,1.0,1724544000000
tank_1539,15.0,1724544000000
tank_1541,35.0,1724544000000
tank_1542,0.0,1724544000000
tank_1547,0.0,1724544000000
tank_1563,0.0,1724544000000
tank_1564,0.0,1724544000000
tank_1565,0.0,1724544000000
tank_1567,0.0,1724544000000
tank_1568,0.0,1724544000000
tank_1573,1.0,1724544000000
tank_1583,0.0,1724544000000
tank_1587,37.0,1724544000000
tank_1588,0.0,1724544000000
tank_1592,0.0,1724544000000
tank_1594,0.0,1724544000000
tank_1595,0.0,1724544000000
tank_1597,3.0,1724544000000
tank_1598,23.294117647058822,1724544000000
tank_1600,0.0,1724544000000
tank_1604,0.0,1724544000000
tank_0002,0.0,1725580800000
tank_0004,0.0,1725580800000
tank_0005,0.0,1725580800000
tank_0011,0.0,1725580800000
tank_0014,0.0,1725580800000
tank_0019,0.0,1725580800000
tank_0024,2.0,1725580800000
tank_0025,0.0,1725580800000
tank_0026,0.0,1725580800000
tank_0027,0.0,1725580800000
tank_0030,0.0,1725580800000
tank_0031,95.0,1725580800000
tank_0036,0.0,1725580800000
tank_0037,0.0,1725580800000
tank_0038,6.0,1725580800000
tank_0050,7.8,1725580800000
tank_0051,0.0,1725580800000
tank_0052,0.0,1725580800000
tank_0053,0.0,1725580800000
tank_0055,0.0,1725580800000
tank_0057,3.0,1725580800000
tank_0058,0.0,1725580800000
tank_0064,16.0,1725580800000
tank_0069,34.0,1725580800000
tank_0072,0.0,1725580800000
tank_0073,0.0,1725580800000
tank_0080,13.0,1725580800000
tank_0094,0.0,1725580800000
tank_0107,0.0,1725580800000
tank_0110,8.0,1725580800000
tank_0113,0.0,1725580800000
tank_0115,0.0,1725580800000
tank_0116,0.0,1725580800000
tank_0117,68.0,1725580800000
tank_0118,0.0,1725580800000
tank_0122,0.0,1725580800000
tank_0125,0.8745098039215686,1725580800000
tank_0130,0.0,1725580800000
tank_0131,0.0,1725580800000
tank_0132,0.0,1725580800000
tank_0134,0.0,1725580800000
tank_0135,0.0,1725580800000
tank_0142,0.0,1725580800000
tank_0143,5.0,1725580800000
tank_0144,0.0,1725580800000
tank_0148,0.0,1725580800000
tank_0153,2.0,1725580800000
tank_0156,4.0,1725580800000
tank_0159,0.0,1725580800000
tank_0165,0.0,1725580800000
tank_0171,0.0,1725580800000
tank_0172,0.0,1725580800000
tank_0174,0.0,1725580800000
tank_0176,0.0,1725580800000
tank_0184,0.0,1725580800000
tank_0187,0.0,1725580800000
tank_0190,0.0,1725580800000
tank_0192,0.0,1725580800000
tank_0193,0.0,1725580800000
tank_0195,0.0,1725580800000
tank_0199,0.0,1725580800000
tank_0204,0.0,1725580800000
tank_0205,0.0,1725580800000
tank_0207,0.0,1725580800000
tank_0209,0.0,1725580800000
tank_0213,7.0,1725580800000
tank_0217,0.0,1725580800000
tank_0220,0.0,1725580800000
tank_0221,0.0,1725580800000
tank_0225,0.0,1725580800000
tank_0226,0.0,1725580800000
tank_0228,0.0,1725580800000
tank_0229,0.0,1725580800000
tank_0231,2.9098039215686278,1725580800000
tank_0233,0.0,1725580800000
tank_0236,0.0,1725580800000
tank_0237,0.0,1725580800000
tank_0240,0.0,1725580800000
tank_0242,19.807843137254903,1725580800000
tank_0245,0.0,1725580800000
tank_0247,28.0,1725580800000
tank_0256,0.0,1725580800000
tank_0257,0.0,1725580800000
tank_0260,0.0,1725580800000
tank_0261,0.0,1725580800000
tank_0264,0.0,1725580800000
tank_0273,14.0,1725580800000
tank_0276,0.0,1725580800000
tank_0278,0.0,1725580800000
tank_0280,0.0,1725580800000
tank_0291,2.0,1725580800000
tank_0292,0.0,1725580800000
tank_0296,0.0,1725580800000
tank_0297,0.0,1725580800000
tank_0299,0.0,1725580800000
tank_0300,0.0,1725580800000
tank_0301,0.0,1725580800000
tank_0307,5.0,1725580800000
tank_0309,20.91372549019608,1725580800000
tank_0313,0.0,1725580800000
tank_0314,0.0,1725580800000
tank_0319,2.0,1725580800000
tank_0321,0.0,1725580800000
tank_0327,0.0,1725580800000
tank_0337,0.0,1725580800000
tank_0338,0.0,1725580800000
tank_0339,0.0,1725580800000
tank_0342,0.0,1725580800000
tank_0345,0.0,1725580800000
tank_0346,0.0,1725580800000
tank_0349,80.0,1725580800000
tank_0350,0.0,1725580800000
tank_0353,0.0,1725580800000
tank_0356,0.0,1725580800000
tank_0360,0.0,1725580800000
tank_0361,0.0,1725580800000
tank_0362,0.0,1725580800000
tank_0364,0.0,1725580800000
tank_0366,0.0,1725580800000
tank_0369,0.0,1725580800000
tank_0375,0.0,1725580800000
tank_0379,0.0,1725580800000
tank_0381,0.0,1725580800000
tank_0386,24.0,1725580800000
tank_0390,29.364705882352943,1725580800000
tank_0397,0.0,1725580800000
tank_0399,0.0,1725580800000
tank_0404,154.63529411764705,1725580800000
tank_0409,0.0,1725580800000
tank_0420,0.0,1725580800000
tank_0425,0.0,1725580800000
tank_0431,0.0,1725580800000
tank_0432,0.0,1725580800000
tank_0435,0.0,1725580800000
tank_0436,0.0,1725580800000
tank_0438,10.776470588235295,1725580800000
tank_0443,0.0,1725580800000
tank_0444,12.0,1725580800000
tank_0447,0.0,1725580800000
tank_0448,0.0,1725580800000
tank_0449,0.0,1725580800000
tank_0455,0.0,1725580800000
tank_0460,0.0,1725580800000
tank_0462,42.0,1725580800000
tank_0466,0.0,1725580800000
tank_0471,0.0,1725580800000
tank_0473,0.0,1725580800000
tank_0474,0.0,1725580800000
tank_0481,1.0,1725580800000
tank_0485,0.0,1725580800000
tank_0489,0.0,1725580800000
tank_0491,0.0,1725580800000
tank_0494,0.0,1725580800000
tank_0497,0.0,1725580800000
tank_0498,0.0,1725580800000
tank_0502,0.0,1725580800000
tank_0505,0.0,1725580800000
tank_0509,0.0,1725580800000
tank_0512,74.0,1725580800000
tank_0514,0.0,1725580800000
tank_0515,0.0,1725580800000
tank_0521,0.0,1725580800000
tank_0524,0.0,1725580800000
tank_0526,44.0,1725580800000
tank_0533,0.0,1725580800000
tank_0534,0.0,1725580800000
tank_0536,0.0,1725580800000
tank_0537,0.0,1725580800000
tank_0541,0.0,1725580800000
tank_0547,0.0,1725580800000
tank_0552,0.0,1725580800000
tank_0555,0.0,1725580800000
tank_0556,0.0,1725580800000
tank_0557,0.0,1725580800000
tank_0560,0.0,1725580800000
tank_0561,0.0,1725580800000
tank_0566,0.0,1725580800000
tank_0567,0.0,1725580800000
tank_0568,0.0,1725580800000
tank_0574,0.0,1725580800000
tank_0579,29.0,1725580800000
tank_0583,0.0,1725580800000
tank_0587,0.0,1725580800000
tank_0589,0.0,1725580800000
tank_0590,0.0,1725580800000
tank_0592,0.0,1725580800000
tank_0593,0.0,1725580800000
tank_0595,0.0,1725580800000
tank_0600,0.0,1725580800000
tank_0604,0.0,1725580800000
tank_0606,0.0,1725580800000
tank_0607,0.0,1725580800000
tank_0608,134.0,1725580800000
tank_0610,0.0,1725580800000
tank_0611,1.7568627450980392,1725580800000
tank_0612,2.0,1725580800000
tank_0613,3.0,1725580800000
tank_0619,0.0,1725580800000
tank_0626,0.0,1725580800000
tank_0627,0.0,1725580800000
tank_0628,0.0,1725580800000
tank_0632,0.0,1725580800000
tank_0633,0.0,1725580800000
tank_0639,1.0,1725580800000
tank_0640,0.0,1725580800000
tank_0641,0.0,1725580800000
tank_0643,0.0,1725580800000
tank_0646,0.0,1725580800000
tank_0663,0.0,1725580800000
tank_0664,0.0,1725580800000
tank_0666,0.0,1725580800000
tank_0667,0.0,1725580800000
tank_0670,0.0,1725580800000
tank_0675,0.0,1725580800000
tank_0676,0.0,1725580800000
tank_0678,0.0,1725580800000
tank_0681,0.0,1725580800000
tank_0687,7.0,1725580800000
tank_0688,15.0,1725580800000
tank_0697,0.0,1725580800000
tank_0720,10.0,1725580800000
tank_0722,0.0,1725580800000
tank_0724,0.0,1725580800000
tank_0725,48.0,1725580800000
tank_0728,0.0,1725580800000
tank_0730,0.0,1725580800000
tank_0731,91.0,1725580800000
tank_0732,0.0,1725580800000
tank_0737,55.0,1725580800000
tank_0739,0.0,1725580800000
tank_0740,0.0,1725580800000
tank_0746,0.0,1725580800000
tank_0748,0.0,1725580800000
tank_0749,0.0,1725580800000
tank_0752,0.0,1725580800000
tank_0760,0.0,1725580800000
tank_0770,0.0,1725580800000
tank_0772,0.0,1725580800000
tank_0788,0.0,1725580800000
tank_0789,0.0,1725580800000
tank_0792,0.0,1725580800000
tank_0797,0.0,1725580800000
tank_0800,23.0,1725580800000
tank_0802,0.0,1725580800000
tank_0803,0.2627450980392157,1725580800000
tank_0808,12.870588235294118,1725580800000
tank_0810,10.854901960784314,1725580800000
tank_0811,0.0,1725580800000
tank_0812,58.949019607843134,1725580800000
tank_0813,4.372549019607844,1725580800000
tank_0816,2.996078431372549,1725580800000
tank_0819,0.0,1725580800000
tank_0823,0.0,1725580800000
tank_0824,36.0,1725580800000
tank_0825,0.0,1725580800000
tank_0828,0.0,1725580800000
tank_0829,26.984313725490196,1725580800000
tank_0830,0.0,1725580800000
tank_0831,0.0,1725580800000
tank_0844,0.0,1725580800000
tank_0852,29.0,1725580800000
tank_0855,54.0,1725580800000
tank_0856,3.0,1725580800000
tank_0860,0.0,1725580800000
tank_0861,0.0,1725580800000
tank_0872,8.0,1725580800000
tank_0875,51.0,1725580800000
tank_0879,0.0,1725580800000
tank_0885,0.0,1725580800000
tank_0891,0.0,1725580800000
tank_0894,0.0,1725580800000
tank_0898,28.0,1725580800000
tank_0900,43.36862745098039,1725580800000
tank_0901,31.0,1725580800000
tank_0902,0.0,1725580800000
tank_0914,3.0,1725580800000
tank_0917,0.0,1725580800000
tank_0919,0.0,1725580800000
tank_0920,13.0,1725580800000
tank_0922,31.0,1725580800000
tank_0923,4.0,1725580800000
tank_0924,0.0,1725580800000
tank_0926,0.0,1725580800000
tank_0927,1.8549019607843138,1725580800000
tank_0928,0.0,1725580800000
tank_0930,69.0,1725580800000
tank_0931,12.0,1725580800000
tank_0933,0.0,1725580800000
tank_0934,0.0,1725580800000
tank_0937,0.0,1725580800000
tank_0938,0.0,1725580800000
tank_0939,4.305882352941176,1725580800000
tank_0944,49.9921568627451,1725580800000
tank_0946,0.0,1725580800000
tank_0952,5.0,1725580800000
tank_0958,0.0,1725580800000
tank_0962,36.0,1725580800000
tank_0967,6.0,1725580800000
tank_0975,0.0,1725580800000
tank_0978,100.63137254901962,1725580800000
tank_0990,0.0,1725580800000
tank_0991,0.0,1725580800000
tank_0998,0.45098039215686275,1725580800000
tank_0999,0.0,1725580800000
tank_1003,1.0,1725580800000
tank_1004,0.0,1725580800000
tank_1014,18.0,1725580800000
tank_1026,121.0,1725580800000
tank_1031,0.0,1725580800000
tank_1032,0.0,1725580800000
tank_1034,0.0,1725580800000
tank_1042,36.0,1725580800000
tank_1045,0.0,1725580800000
tank_1049,17.0,1725580800000
tank_1055,10.058823529411764,1725580800000
tank_1061,0.0,1725580800000
tank_1062,0.0,1725580800000
tank_1064,0.00784313725490196,1725580800000
tank_1065,11.35686274509804,1725580800000
tank_1066,0.0,1725580800000
tank_1070,0.0,1725580800000
tank_1073,19.0,1725580800000
tank_1083,91.0,1725580800000
tank_1086,0.0,1725580800000
tank_1088,36.5921568627451,1725580800000
tank_1089,9.0,1725580800000
tank_1090,52.0,1725580800000
tank_1091,1.996078431372549,1725580800000
tank_1094,2.0,1725580800000
tank_1095,17.52549019607843,1725580800000
tank_1104,9.854901960784314,1725580800000
tank_1113,18.0,1725580800000
tank_1116,0.0,1725580800000
tank_1117,0.0,1725580800000
tank_1120,47.0,1725580800000
tank_1121,0.0,1725580800000
tank_1124,12.0,1725580800000
tank_1128,0.0,1725580800000
tank_1134,0.0,1725580800000
tank_1135,0.0,1725580800000
tank_1146,7.0,1725580800000
tank_1149,0.0,1725580800000
tank_1156,0.0,1725580800000
tank_1157,14.43529411764706,1725580800000
tank_1159,0.0,1725580800000
tank_1160,0.0,1725580800000
tank_1166,0.0,1725580800000
tank_1170,15.494117647058822,1725580800000
tank_1175,0.0,1725580800000
tank_1177,2.0,1725580800000
tank_1179,0.0,1725580800000
tank_1181,12.0,1725580800000
tank_1186,0.0,1725580800000
tank_1187,26.12549019607843,1725580800000
tank_1190,0.0,1725580800000
tank_1192,19.0,1725580800000
tank_1196,0.0,1725580800000
tank_1197,261.0,1725580800000
tank_1201,0.0,1725580800000
tank_1203,11.235294117647058,1725580800000
tank_1205,0.0,1725580800000
tank_1209,32.0,1725580800000
tank_1217,0.0,1725580800000
tank_1223,0.0,1725580800000
tank_1226,21.847058823529412,1725580800000
tank_1228,0.0,1725580800000
tank_1230,0.0,1725580800000
tank_1237,0.0,1725580800000
tank_1239,183.0,1725580800000
tank_1245,0.0,1725580800000
tank_1246,34.0,1725580800000
tank_1250,0.0,1725580800000
tank_1254,13.0,1725580800000
tank_1255,0.0,1725580800000
tank_1258,3.0,1725580800000
tank_1261,0.0,1725580800000
tank_1262,0.0,1725580800000
tank_1263,3.0,1725580800000
tank_1265,0.0,1725580800000
tank_1270,0.0,1725580800000
tank_1272,14.874509803921569,1725580800000
tank_1275,0.0,1725580800000
tank_1276,48.0,1725580800000
tank_1279,0.0,1725580800000
tank_1280,0.0,1725580800000
tank_1284,0.0,1725580800000
tank_1285,0.0,1725580800000
tank_1286,7.0,1725580800000
tank_1290,0.0,1725580800000
tank_1291,0.0,1725580800000
tank_1293,0.0,1725580800000
tank_1295,1.0,1725580800000
tank_1297,0.0,1725580800000
tank_1301,39.0,1725580800000
tank_1302,17.0,1725580800000
tank_1304,0.0,1725580800000
tank_1305,16.0,1725580800000
tank_1313,266.0,1725580800000
tank_1322,0.0,1725580800000
tank_1325,0.0,1725580800000
tank_1326,0.0,1725580800000
tank_1344,0.0,1725580800000
tank_1346,0.0,1725580800000
tank_1349,0.0,1725580800000
tank_1353,233.0,1725580800000
tank_1358,0.0,1725580800000
tank_1359,0.0,1725580800000
tank_1361,163.0,1725580800000
tank_1364,45.0,1725580800000
tank_1365,1.9529411764705882,1725580800000
tank_1372,0.0,1725580800000
tank_1374,0.0,1725580800000
tank_1378,5.0,1725580800000
tank_1380,12.0,1725580800000
tank_1386,6.0,1725580800000
tank_1391,21.0,1725580800000
tank_1393,4.0,1725580800000
tank_1396,0.0,1725580800000
tank_1397,0.0,1725580800000
tank_1403,2.0,1725580800000
tank_1409,0.0,1725580800000
tank_1412,9.0,1725580800000
tank_1415,0.0,1725580800000
tank_1416,31.909803921568628,1725580800000
tank_1421,163.0,1725580800000
tank_1422,0.0,1725580800000
tank_1425,152.0,1725580800000
tank_1426,125.84705882352942,1725580800000
tank_1430,0.0,1725580800000
tank_1433,216.0,1725580800000
tank_1438,0.0,1725580800000
tank_1439,11.0,1725580800000
tank_1441,0.9098039215686274,1725580800000
tank_1443,0.0,1725580800000
tank_1445,12.003921568627451,1725580800000
tank_1446,0.0,1725580800000
tank_1450,0.0,1725580800000
tank_1452,0.0,1725580800000
tank_1456,0.0,1725580800000
tank_1466,8.0,1725580800000
tank_1471,0.0,1725580800000
tank_1475,0.0,1725580800000
tank_1486,1256.0,1725580800000
tank_1488,0.0,1725580800000
tank_1491,0.0,1725580800000
tank_1500,8.0,1725580800000
tank_1505,116.0,1725580800000
tank_1513,587.0,1725580800000
tank_1531,0.0,1725580800000
tank_1536,0.0,1725580800000
tank_1539,11.0,1725580800000
tank_1541,24.0,1725580800000
tank_1542,0.0,1725580800000
tank_1547,0.0,1725580800000
tank_1563,0.0,1725580800000
tank_1564,0.0,1725580800000
tank_1565,0.0,1725580800000
tank_1567,0.0,1725580800000
tank_1568,0.0,1725580800000
tank_1573,0.0,1725580800000
tank_1583,0.0,1725580800000
tank_1587,206.0,1725580800000
tank_1588,0.0,1725580800000
tank_1592,0.0,1725580800000
tank_1594,0.0,1725580800000
tank_1595,0.0,1725580800000
tank_1597,0.0,1725580800000
tank_1598,15.36470588235294,1725580800000
tank_1600,0.0,1725580800000
tank_1604,0.0,1725580800000
tank_0002,0.0,1726617600000
tank_0004,0.0,1726617600000
tank_0005,0.0,1726617600000
tank_0011,0.0,1726617600000
tank_0014,0.0,1726617600000
tank_0019,0.0,1726617600000
tank_0024,0.0,1726617600000
tank_0025,0.0,1726617600000
tank_0026,0.0,1726617600000
tank_0027,0.0,1726617600000
tank_0030,0.0,1726617600000
tank_0031,104.94117647058823,1726617600000
tank_0036,0.0,1726617600000
tank_0037,0.0,1726617600000
tank_0038,0.0,1726617600000
tank_0050,3.0,1726617600000
tank_0051,0.0,1726617600000
tank_0052,4.815686274509805,1726617600000
tank_0053,0.3607843137254902,1726617600000
tank_0055,0.0,1726617600000
tank_0057,1.0,1726617600000
tank_0058,0.0,1726617600000
tank_0064,12.0,1726617600000
tank_0069,26.0,1726617600000
tank_0072,0.0,1726617600000
tank_0073,0.0,1726617600000
tank_0080,16.0,1726617600000
tank_0094,0.0,1726617600000
tank_0107,0.0,1726617600000
tank_0110,0.0,1726617600000
tank_0113,2.396078431372549,1726617600000
tank_0115,0.0,1726617600000
tank_0116,0.0,1726617600000
tank_0117,59.0,1726617600000
tank_0118,0.0,1726617600000
tank_0122,0.0,1726617600000
tank_0125,0.4,1726617600000
tank_0130,0.0,1726617600000
tank_0131,0.0,1726617600000
tank_0132,0.0,1726617600000
tank_0134,0.0,1726617600000
tank_0135,0.0,1726617600000
tank_0142,0.0,1726617600000
tank_0143,0.0,1726617600000
tank_0144,0.0,1726617600000
tank_0148,0.0,1726617600000
tank_0153,0.0,1726617600000
tank_0156,1.0,1726617600000
tank_0159,0.0,1726617600000
tank_0165,0.0,1726617600000
tank_0171,0.0,1726617600000
tank_0172,0.0,1726617600000
tank_0174,0.0,1726617600000
tank_0176,0.0,1726617600000
tank_0184,0.0,1726617600000
tank_0187,0.0,1726617600000
tank_0190,0.0,1726617600000
tank_0192,0.0,1726617600000
tank_0193,0.0,1726617600000
tank_0195,0.0,1726617600000
tank_0199,0.0,1726617600000
tank_0204,0.0,1726617600000
tank_0205,0.0,1726617600000
tank_0207,0.0,1726617600000
tank_0209,0.0,1726617600000
tank_0213,8.0,1726617600000
tank_0217,0.0,1726617600000
tank_0220,0.0,1726617600000
tank_0221,0.0,1726617600000
tank_0225,0.0,1726617600000
tank_0226,0.0,1726617600000
tank_0228,0.0,1726617600000
tank_0229,0.0,1726617600000
tank_0231,0.0,1726617600000
tank_0233,0.0,1726617600000
tank_0236,0.0,1726617600000
tank_0237,0.0,1726617600000
tank_0240,0.0,1726617600000
tank_0242,14.0,1726617600000
tank_0245,0.0,1726617600000
tank_0247,16.0,1726617600000
tank_0256,0.0,1726617600000
tank_0257,0.0,1726617600000
tank_0260,0.0,1726617600000
tank_0261,0.0,1726617600000
tank_0264,0.0,1726617600000
tank_0273,27.0,1726617600000
tank_0276,0.0,1726617600000
tank_0278,0.0,1726617600000
tank_0280,0.0,1726617600000
tank_0291,1.0,1726617600000
tank_0292,0.0,1726617600000
tank_0296,0.0,1726617600000
tank_0297,2.3058823529411763,1726617600000
tank_0299,0.0,1726617600000
tank_0300,0.0,1726617600000
tank_0301,0.0,1726617600000
tank_0307,0.0,1726617600000
tank_0309,16.92549019607843,1726617600000
tank_0313,0.0,1726617600000
tank_0314,0.0,1726617600000
tank_0319,0.0,1726617600000
tank_0321,0.0,1726617600000
tank_0327,0.0,1726617600000
tank_0337,0.0,1726617600000
tank_0338,0.0,1726617600000
tank_0339,4.0,1726617600000
tank_0342,0.0,1726617600000
tank_0345,0.0,1726617600000
tank_0346,0.0,1726617600000
tank_0349,106.0,1726617600000
tank_0350,0.0,1726617600000
tank_0353,0.0,1726617600000
tank_0356,0.0,1726617600000
tank_0360,0.0,1726617600000
tank_0361,0.0,1726617600000
tank_0362,0.0,1726617600000
tank_0364,0.0,1726617600000
tank_0366,2.0,1726617600000
tank_0369,0.0,1726617600000
tank_0375,0.0,1726617600000
tank_0379,0.0,1726617600000
tank_0381,0.0,1726617600000
tank_0386,23.0,1726617600000
tank_0390,4.0,1726617600000
tank_0397,0.0,1726617600000
tank_0399,0.0,1726617600000
tank_0404,87.0,1726617600000
tank_0409,0.0,1726617600000
tank_0420,0.0,1726617600000
tank_0425,0.0,1726617600000
tank_0431,0.0,1726617600000
tank_0432,0.0,1726617600000
tank_0435,0.0,1726617600000
tank_0436,0.0,1726617600000
tank_0438,4.0,1726617600000
tank_0443,0.0,1726617600000
tank_0444,16.0,1726617600000
tank_0447,6.0,1726617600000
tank_0448,0.0,1726617600000
tank_0449,0.0,1726617600000
tank_0455,6.227450980392157,1726617600000
tank_0460,4.580392156862745,1726617600000
tank_0462,17.0,1726617600000
tank_0466,0.0,1726617600000
tank_0471,0.0,1726617600000
tank_0473,0.0,1726617600000
tank_0474,0.0,1726617600000
tank_0481,0.0,1726617600000
tank_0485,0.0,1726617600000
tank_0489,0.0,1726617600000
tank_0491,0.0,1726617600000
tank_0494,0.0,1726617600000
tank_0497,0.0,1726617600000
tank_0498,2.0,1726617600000
tank_0502,0.0,1726617600000
tank_0505,0.0,1726617600000
tank_0509,0.0,1726617600000
tank_0512,47.0,1726617600000
tank_0514,0.0,1726617600000
tank_0515,0.0,1726617600000
tank_0521,0.0,1726617600000
tank_0524,0.0,1726617600000
tank_0526,25.0,1726617600000
tank_0533,0.0,1726617600000
tank_0534,0.0,1726617600000
tank_0536,0.0,1726617600000
tank_0537,0.0,1726617600000
tank_0541,0.0,1726617600000
tank_0547,0.0,1726617600000
tank_0552,0.0,1726617600000
tank_0555,0.0,1726617600000
tank_0556,0.0,1726617600000
tank_0557,0.0,1726617600000
tank_0560,0.0,1726617600000
tank_0561,0.0,1726617600000
tank_0566,0.0,1726617600000
tank_0567,0.0,1726617600000
tank_0568,0.0,1726617600000
tank_0574,0.0,1726617600000
tank_0579,15.0,1726617600000
tank_0583,0.0,1726617600000
tank_0587,0.0,1726617600000
tank_0589,0.0,1726617600000
tank_0590,0.0,1726617600000
tank_0592,0.0,1726617600000
tank_0593,0.0,1726617600000
tank_0595,0.0,1726617600000
tank_0600,13.0,1726617600000
tank_0604,0.0,1726617600000
tank_0606,0.0,1726617600000
tank_0607,0.0,1726617600000
tank_0608,125.0,1726617600000
tank_0610,0.0,1726617600000
tank_0611,0.0,1726617600000
tank_0612,0.0,1726617600000
tank_0613,0.0,1726617600000
tank_0619,0.0,1726617600000
tank_0626,0.0,1726617600000
tank_0627,0.0,1726617600000
tank_0628,0.0,1726617600000
tank_0632,0.0,1726617600000
tank_0633,0.0,1726617600000
tank_0639,0.0,1726617600000
tank_0640,0.0,1726617600000
tank_0641,0.0,1726617600000
tank_0643,0.0,1726617600000
tank_0646,0.0,1726617600000
tank_0663,0.0,1726617600000
tank_0664,0.0,1726617600000
tank_0666,0.0,1726617600000
tank_0667,0.0,1726617600000
tank_0670,1.0,1726617600000
tank_0675,0.0,1726617600000
tank_0676,0.0,1726617600000
tank_0678,0.0,1726617600000
tank_0681,0.0,1726617600000
tank_0687,9.0,1726617600000
tank_0688,85.0,1726617600000
tank_0697,0.0,1726617600000
tank_0720,7.0,1726617600000
tank_0722,0.0,1726617600000
tank_0724,0.0,1726617600000
tank_0725,51.0,1726617600000
tank_0728,0.0,1726617600000
tank_0730,0.0,1726617600000
tank_0731,95.0,1726617600000
tank_0732,0.0,1726617600000
tank_0737,4.0,1726617600000
tank_0739,0.0,1726617600000
tank_0740,0.0,1726617600000
tank_0746,0.0,1726617600000
tank_0748,0.0,1726617600000
tank_0749,0.0,1726617600000
tank_0752,0.0,1726617600000
tank_0760,0.0,1726617600000
tank_0770,0.0,1726617600000
tank_0772,0.0,1726617600000
tank_0788,0.0,1726617600000
tank_0789,0.0,1726617600000
tank_0792,1.380392156862745,1726617600000
tank_0797,0.0,1726617600000
tank_0800,0.0,1726617600000
tank_0802,0.0,1726617600000
tank_0803,0.0,1726617600000
tank_0808,7.145098039215686,1726617600000
tank_0810,6.0,1726617600000
tank_0811,2.0,1726617600000
tank_0812,59.0,1726617600000
tank_0813,4.086274509803921,1726617600000
tank_0816,0.8901960784313725,1726617600000
tank_0819,0.0,1726617600000
tank_0823,0.0,1726617600000
tank_0824,0.0,1726617600000
tank_0825,0.0,1726617600000
tank_0828,0.0,1726617600000
tank_0829,16.984313725490196,1726617600000
tank_0830,0.0,1726617600000
tank_0831,0.0,1726617600000
tank_0844,0.0,1726617600000
tank_0852,35.0,1726617600000
tank_0855,54.0,1726617600000
tank_0856,17.0,1726617600000
tank_0860,0.0,1726617600000
tank_0861,0.0,1726617600000
tank_0872,8.0,1726617600000
tank_0875,85.0,1726617600000
tank_0879,0.0,1726617600000
tank_0885,0.0,1726617600000
tank_0891,0.0,1726617600000
tank_0894,52.0,1726617600000
tank_0898,107.0,1726617600000
tank_0900,48.4078431372549,1726617600000
tank_0901,16.0,1726617600000
tank_0902,73.0,1726617600000
tank_0914,2.0,1726617600000
tank_0917,53.0,1726617600000
tank_0919,0.0,1726617600000
tank_0920,4.0,1726617600000
tank_0922,117.0,1726617600000
tank_0923,1.0,1726617600000
tank_0924,0.0,1726617600000
tank_0926,0.0,1726617600000
tank_0927,0.0,1726617600000
tank_0928,0.0,1726617600000
tank_0930,72.0,1726617600000
tank_0931,14.0,1726617600000
tank_0933,0.0,1726617600000
tank_0934,0.0,1726617600000
tank_0937,0.0,1726617600000
tank_0938,0.0,1726617600000
tank_0939,1.4980392156862745,1726617600000
tank_0944,37.0,1726617600000
tank_0946,0.0,1726617600000
tank_0952,0.0,1726617600000
tank_0958,0.0,1726617600000
tank_0962,433.0,1726617600000
tank_0967,0.0,1726617600000
tank_0975,0.0,1726617600000
tank_0978,8.101960784313725,1726617600000
tank_0990,0.0,1726617600000
tank_0991,65.0,1726617600000
tank_0998,0.0,1726617600000
tank_0999,0.0,1726617600000
tank_1003,5.0,1726617600000
tank_1004,0.0,1726617600000
tank_1014,25.0,1726617600000
tank_1026,118.0,1726617600000
tank_1031,0.0,1726617600000
tank_1032,5.988235294117647,1726617600000
tank_1034,0.0,1726617600000
tank_1042,39.89411764705882,1726617600000
tank_1045,0.0,1726617600000
tank_1049,11.0,1726617600000
tank_1055,0.6588235294117648,1726617600000
tank_1061,2.0,1726617600000
tank_1062,0.0,1726617600000
tank_1064,0.0,1726617600000
tank_1065,4.709803921568628,1726617600000
tank_1066,0.0,1726617600000
tank_1070,0.0,1726617600000
tank_1073,22.0,1726617600000
tank_1083,91.0,1726617600000
tank_1086,0.0,1726617600000
tank_1088,5.235294117647059,1726617600000
tank_1089,8.0,1726617600000
tank_1090,6.0,1726617600000
tank_1091,0.0,1726617600000
tank_1094,17.0,1726617600000
tank_1095,15.0,1726617600000
tank_1104,0.0,1726617600000
tank_1113,31.984313725490196,1726617600000
tank_1116,5.1764705882352935,1726617600000
tank_1117,0.0,1726617600000
tank_1120,244.98823529411766,1726617600000
tank_1121,14.0,1726617600000
tank_1124,2.0,1726617600000
tank_1128,0.0,1726617600000
tank_1134,2.0,1726617600000
tank_1135,0.0,1726617600000
tank_1146,1.0,1726617600000
tank_1149,2.9411764705882355,1726617600000
tank_1156,0.0,1726617600000
tank_1157,16.133333333333333,1726617600000
tank_1159,4.0,1726617600000
tank_1160,0.0,1726617600000
tank_1166,0.6274509803921569,1726617600000
tank_1170,29.19607843137255,1726617600000
tank_1175,0.0,1726617600000
tank_1177,7.0,1726617600000
tank_1179,0.0,1726617600000
tank_1181,19.0,1726617600000
tank_1186,0.0,1726617600000
tank_1187,30.70980392156863,1726617600000
tank_1190,0.0,1726617600000
tank_1192,17.0,1726617600000
tank_1196,0.0,1726617600000
tank_1197,101.0,1726617600000
tank_1201,0.0,1726617600000
tank_1203,0.0,1726617600000
tank_1205,0.0,1726617600000
tank_1209,194.0,1726617600000
tank_1217,0.0,1726617600000
tank_1223,0.0,1726617600000
tank_1226,31.0,1726617600000
tank_1228,0.0,1726617600000
tank_1230,0.0,1726617600000
tank_1237,0.0,1726617600000
tank_1239,295.0,1726617600000
tank_1245,0.0,1726617600000
tank_1246,30.0,1726617600000
tank_1250,0.0,1726617600000
tank_1254,0.0,1726617600000
tank_1255,5.0,1726617600000
tank_1258,0.0,1726617600000
tank_1261,0.0,1726617600000
tank_1262,0.0,1726617600000
tank_1263,0.0,1726617600000
tank_1265,2.0,1726617600000
tank_1270,0.0,1726617600000
tank_1272,18.745098039215687,1726617600000
tank_1275,0.0,1726617600000
tank_1276,145.95294117647057,1726617600000
tank_1279,0.0,1726617600000
tank_1280,0.0,1726617600000
tank_1284,0.0,1726617600000
tank_1285,0.0,1726617600000
tank_1286,7.0,1726617600000
tank_1290,0.0,1726617600000
tank_1291,0.0,1726617600000
tank_1293,0.0,1726617600000
tank_1295,0.0,1726617600000
tank_1297,0.0,1726617600000
tank_1301,18.0,1726617600000
tank_1302,5.0,1726617600000
tank_1304,0.0,1726617600000
tank_1305,9.0,1726617600000
tank_1313,761.0,1726617600000
tank_1322,0.0,1726617600000
tank_1325,0.0,1726617600000
tank_1326,0.0,1726617600000
tank_1344,0.0,1726617600000
tank_1346,0.0,1726617600000
tank_1349,0.0,1726617600000
tank_1353,33.0,1726617600000
tank_1358,0.0,1726617600000
tank_1359,0.0,1726617600000
tank_1361,39.0,1726617600000
tank_1364,34.0,1726617600000
tank_1365,0.0,1726617600000
tank_1372,0.0,1726617600000
tank_1374,0.0,1726617600000
tank_1378,4.0,1726617600000
tank_1380,20.0,1726617600000
tank_1386,3.0,1726617600000
tank_1391,16.0,1726617600000
tank_1393,0.0,1726617600000
tank_1396,0.0,1726617600000
tank_1397,0.0,1726617600000
tank_1403,0.0,1726617600000
tank_1409,0.0,1726617600000
tank_1412,3.0,1726617600000
tank_1415,0.0,1726617600000
tank_1416,31.980392156862745,1726617600000
tank_1421,340.0,1726617600000
tank_1422,0.0,1726617600000
tank_1425,169.0,1726617600000
tank_1426,105.87843137254903,1726617600000
tank_1430,0.0,1726617600000
tank_1433,236.0,1726617600000
tank_1438,0.0,1726617600000
tank_1439,8.0,1726617600000
tank_1441,0.0,1726617600000
tank_1443,0.0,1726617600000
tank_1445,4.0,1726617600000
tank_1446,0.0,1726617600000
tank_1450,0.0,1726617600000
tank_1452,0.0,1726617600000
tank_1456,0.0,1726617600000
tank_1466,3.0,1726617600000
tank_1471,0.0,1726617600000
tank_1475,0.0,1726617600000
tank_1486,198.0,1726617600000
tank_1488,0.0,1726617600000
tank_1491,0.0,1726617600000
tank_1500,22.0,1726617600000
tank_1505,104.0,1726617600000
tank_1513,330.0,1726617600000
tank_1531,0.0,1726617600000
tank_1536,0.0,1726617600000
tank_1539,11.0,1726617600000
tank_1541,10.0,1726617600000
tank_1542,0.0,1726617600000
tank_1547,0.0,1726617600000
tank_1563,0.0,1726617600000
tank_1564,0.0,1726617600000
tank_1565,25.0,1726617600000
tank_1567,0.0,1726617600000
tank_1568,0.0,1726617600000
tank_1573,0.0,1726617600000
tank_1583,0.0,1726617600000
tank_1587,211.0,1726617600000
tank_1588,0.0,1726617600000
tank_1592,0.0,1726617600000
tank_1594,0.0,1726617600000
tank_1595,0.0,1726617600000
tank_1597,0.0,1726617600000
tank_1598,17.015686274509804,1726617600000
tank_1600,0.0,1726617600000
tank_1604,7.0,1726617600000
tank_0002,0.0,1727654400000
tank_0004,0.0,1727654400000
tank_0005,0.0,1727654400000
tank_0011,0.0,1727654400000
tank_0014,0.0,1727654400000
tank_0019,0.0,1727654400000
tank_0024,0.0,1727654400000
tank_0025,0.0,1727654400000
tank_0026,0.0,1727654400000
tank_0027,0.0,1727654400000
tank_0030,0.0,1727654400000
tank_0031,101.85882352941177,1727654400000
tank_0036,0.0,1727654400000
tank_0037,0.0,1727654400000
tank_0038,0.0,1727654400000
tank_0050,6.976470588235294,1727654400000
tank_0051,0.0,1727654400000
tank_0052,0.0,1727654400000
tank_0053,0.0,1727654400000
tank_0055,0.0,1727654400000
tank_0057,0.0,1727654400000
tank_0058,0.0,1727654400000
tank_0064,4.0,1727654400000
tank_0069,11.0,1727654400000
tank_0072,0.0,1727654400000
tank_0073,0.0,1727654400000
tank_0080,11.0,1727654400000
tank_0094,0.0,1727654400000
tank_0107,0.0,1727654400000
tank_0110,0.0,1727654400000
tank_0113,0.0,1727654400000
tank_0115,0.0,1727654400000
tank_0116,0.0,1727654400000
tank_0117,45.0,1727654400000
tank_0118,0.0,1727654400000
tank_0122,0.0,1727654400000
tank_0125,0.0,1727654400000
tank_0130,0.0,1727654400000
tank_0131,0.0,1727654400000
tank_0132,0.0,1727654400000
tank_0134,0.0,1727654400000
tank_0135,0.0,1727654400000
tank_0142,0.0,1727654400000
tank_0143,0.0,1727654400000
tank_0144,0.0,1727654400000
tank_0148,0.0,1727654400000
tank_0153,1.0,1727654400000
tank_0156,0.0,1727654400000
tank_0159,0.0,1727654400000
tank_0165,0.0,1727654400000
tank_0171,0.0,1727654400000
tank_0172,0.0,1727654400000
tank_0174,0.0,1727654400000
tank_0176,0.0,1727654400000
tank_0184,0.0,1727654400000
tank_0187,0.0,1727654400000
tank_0190,0.0,1727654400000
tank_0192,0.0,1727654400000
tank_0193,0.0,1727654400000
tank_0195,0.0,1727654400000
tank_0199,0.0,1727654400000
tank_0204,0.0,1727654400000
tank_0205,0.0,1727654400000
tank_0207,0.0,1727654400000
tank_0209,0.0,1727654400000
tank_0213,0.0,1727654400000
tank_0217,0.0,1727654400000
tank_0220,0.0,1727654400000
tank_0221,0.0,1727654400000
tank_0225,0.0,1727654400000
tank_0226,0.0,1727654400000
tank_0228,0.0,1727654400000
tank_0229,0.0,1727654400000
tank_0231,0.0,1727654400000
tank_0233,0.0,1727654400000
tank_0236,0.0,1727654400000
tank_0237,0.0,1727654400000
tank_0240,0.0,1727654400000
tank_0242,13.807843137254903,1727654400000
tank_0245,0.0,1727654400000
tank_0247,16.0,1727654400000
tank_0256,0.0,1727654400000
tank_0257,0.0,1727654400000
tank_0260,0.0,1727654400000
tank_0261,0.0,1727654400000
tank_0264,0.0,1727654400000
tank_0273,9.0,1727654400000
tank_0276,0.0,1727654400000
tank_0278,0.0,1727654400000
tank_0280,0.0,1727654400000
tank_0291,0.0,1727654400000
tank_0292,0.0,1727654400000
tank_0296,0.0,1727654400000
tank_0297,0.0,1727654400000
tank_0299,0.0,1727654400000
tank_0300,0.7215686274509804,1727654400000
tank_0301,0.0,1727654400000
tank_0307,5.0,1727654400000
tank_0309,15.925490196078432,1727654400000
tank_0313,0.0,1727654400000
tank_0314,0.0,1727654400000
tank_0319,0.0,1727654400000
tank_0321,0.0,1727654400000
tank_0327,0.0,1727654400000
tank_0337,0.0,1727654400000
tank_0338,0.0,1727654400000
tank_0339,0.0,1727654400000
tank_0342,0.0,1727654400000
tank_0345,0.0,1727654400000
tank_0346,0.0,1727654400000
tank_0349,102.0,1727654400000
tank_0350,0.0,1727654400000
tank_0353,0.0,1727654400000
tank_0356,0.0,1727654400000
tank_0360,0.0,1727654400000
tank_0361,0.0,1727654400000
tank_0362,0.0,1727654400000
tank_0364,0.0,1727654400000
tank_0366,0.0,1727654400000
tank_0369,0.0,1727654400000
tank_0375,0.0,1727654400000
tank_0379,0.0,1727654400000
tank_0381,0.0,1727654400000
tank_0386,7.0,1727654400000
tank_0390,0.0,1727654400000
tank_0397,0.0,1727654400000
tank_0399,0.0,1727654400000
tank_0404,55.0,1727654400000
tank_0409,0.0,1727654400000
tank_0420,0.0,1727654400000
tank_0425,0.0,1727654400000
tank_0431,0.0,1727654400000
tank_0432,0.0,1727654400000
tank_0435,0.0,1727654400000
tank_0436,0.0,1727654400000
tank_0438,6.0,1727654400000
tank_0443,0.0,1727654400000
tank_0444,0.0,1727654400000
tank_0447,0.0,1727654400000
tank_0448,0.0,1727654400000
tank_0449,0.0,1727654400000
tank_0455,0.0,1727654400000
tank_0460,0.0,1727654400000
tank_0462,32.0,1727654400000
tank_0466,0.0,1727654400000
tank_0471,0.0,1727654400000
tank_0473,0.0,1727654400000
tank_0474,0.0,1727654400000
tank_0481,0.0,1727654400000
tank_0485,0.0,1727654400000
tank_0489,0.0,1727654400000
tank_0491,0.0,1727654400000
tank_0494,0.0,1727654400000
tank_0497,0.0,1727654400000
tank_0498,0.0,1727654400000
tank_0502,0.0,1727654400000
tank_0505,0.0,1727654400000
tank_0509,0.0,1727654400000
tank_0512,164.0,1727654400000
tank_0514,0.0,1727654400000
tank_0515,0.0,1727654400000
tank_0521,0.0,1727654400000
tank_0524,0.0,1727654400000
tank_0526,28.0,1727654400000
tank_0533,0.0,1727654400000
tank_0534,0.0,1727654400000
tank_0536,0.0,1727654400000
tank_0537,0.0,1727654400000
tank_0541,0.0,1727654400000
tank_0547,0.0,1727654400000
tank_0552,0.0,1727654400000
tank_0555,0.0,1727654400000
tank_0556,0.0,1727654400000
tank_0557,0.0,1727654400000
tank_0560,0.0,1727654400000
tank_0561,0.0,1727654400000
tank_0566,0.0,1727654400000
tank_0567,0.0,1727654400000
tank_0568,0.0,1727654400000
tank_0574,0.0,1727654400000
tank_0579,60.0,1727654400000
tank_0583,2.0,1727654400000
tank_0587,0.0,1727654400000
tank_0589,0.0,1727654400000
tank_0590,0.0,1727654400000
tank_0592,0.0,1727654400000
tank_0593,0.0,1727654400000
tank_0595,0.0,1727654400000
tank_0600,0.0,1727654400000
tank_0604,0.0,1727654400000
tank_0606,0.0,1727654400000
tank_0607,0.0,1727654400000
tank_0608,567.9686274509804,1727654400000
tank_0610,0.0,1727654400000
tank_0611,0.0,1727654400000
tank_0612,0.0,1727654400000
tank_0613,0.0,1727654400000
tank_0619,0.0,1727654400000
tank_0626,0.0,1727654400000
tank_0627,0.0,1727654400000
tank_0628,0.0,1727654400000
tank_0632,0.0,1727654400000
tank_0633,0.0,1727654400000
tank_0639,0.0,1727654400000
tank_0640,0.0,1727654400000
tank_0641,0.0,1727654400000
tank_0643,0.0,1727654400000
tank_0646,0.0,1727654400000
tank_0663,0.0,1727654400000
tank_0664,0.0,1727654400000
tank_0666,0.0,1727654400000
tank_0667,0.0,1727654400000
tank_0670,0.0,1727654400000
tank_0675,0.0,1727654400000
tank_0676,12.0,1727654400000
tank_0678,0.0,1727654400000
tank_0681,0.0,1727654400000
tank_0687,10.0,1727654400000
tank_0688,237.0,1727654400000
tank_0697,0.0,1727654400000
tank_0720,5.0,1727654400000
tank_0722,0.0,1727654400000
tank_0724,0.0,1727654400000
tank_0725,45.0,1727654400000
tank_0728,0.0,1727654400000
tank_0730,0.0,1727654400000
tank_0731,295.0,1727654400000
tank_0732,0.0,1727654400000
tank_0737,160.0,1727654400000
tank_0739,0.0,1727654400000
tank_0740,0.0,1727654400000
tank_0746,0.0,1727654400000
tank_0748,0.0,1727654400000
tank_0749,0.0,1727654400000
tank_0752,0.0,1727654400000
tank_0760,0.0,1727654400000
tank_0770,0.0,1727654400000
tank_0772,0.0,1727654400000
tank_0788,0.0,1727654400000
tank_0789,0.0,1727654400000
tank_0792,1.0,1727654400000
tank_0797,0.0,1727654400000
tank_0800,0.0,1727654400000
tank_0802,0.0,1727654400000
tank_0803,0.0,1727654400000
tank_0808,0.0,1727654400000
tank_0810,12.980392156862745,1727654400000
tank_0811,0.0,1727654400000
tank_0812,61.976470588235294,1727654400000
tank_0813,3.901960784313726,1727654400000
tank_0816,3.0,1727654400000
tank_0819,0.0,1727654400000
tank_0823,0.0,1727654400000
tank_0824,4.0,1727654400000
tank_0825,0.0,1727654400000
tank_0828,0.0,1727654400000
tank_0829,24.858823529411765,1727654400000
tank_0830,0.0,1727654400000
tank_0831,0.0,1727654400000
tank_0844,0.0,1727654400000
tank_0852,23.0,1727654400000
tank_0855,71.0,1727654400000
tank_0856,89.0,1727654400000
tank_0860,0.0,1727654400000
tank_0861,0.0,1727654400000
tank_0872,13.0,1727654400000
tank_0875,89.0,1727654400000
tank_0879,0.0,1727654400000
tank_0885,0.0,1727654400000
tank_0891,0.0,1727654400000
tank_0894,12.0,1727654400000
tank_0898,322.0,1727654400000
tank_0900,30.0,1727654400000
tank_0901,14.0,1727654400000
tank_0902,40.0,1727654400000
tank_0914,1.0,1727654400000
tank_0917,154.97254901960784,1727654400000
tank_0919,0.0,1727654400000
tank_0920,0.0,1727654400000
tank_0922,169.0,1727654400000
tank_0923,0.0,1727654400000
tank_0924,0.0,1727654400000
tank_0926,0.0,1727654400000
tank_0927,0.0,1727654400000
tank_0928,0.0,1727654400000
tank_0930,110.0,1727654400000
tank_0931,6.0,1727654400000
tank_0933,0.0,1727654400000
tank_0934,0.0,1727654400000
tank_0937,0.0,1727654400000
tank_0938,0.0,1727654400000
tank_0939,0.0,1727654400000
tank_0944,95.0,1727654400000
tank_0946,0.0,1727654400000
tank_0952,0.0,1727654400000
tank_0958,0.0,1727654400000
tank_0962,1072.0,1727654400000
tank_0967,0.0,1727654400000
tank_0975,0.0,1727654400000
tank_0978,0.0,1727654400000
tank_0990,0.0,1727654400000
tank_0991,187.0,1727654400000
tank_0998,0.0,1727654400000
tank_0999,0.0,1727654400000
tank_1003,162.0,1727654400000
tank_1004,0.0,1727654400000
tank_1014,54.0,1727654400000
tank_1026,198.57647058823528,1727654400000
tank_1031,0.0,1727654400000
tank_1032,0.0,1727654400000
tank_1034,0.0,1727654400000
tank_1042,40.89411764705882,1727654400000
tank_1045,0.0,1727654400000
tank_1049,10.0,1727654400000
tank_1055,0.0,1727654400000
tank_1061,0.0,1727654400000
tank_1062,0.0,1727654400000
tank_1064,0.0,1727654400000
tank_1065,1.0,1727654400000
tank_1066,2.0,1727654400000
tank_1070,0.0,1727654400000
tank_1073,19.0,1727654400000
tank_1083,182.0,1727654400000
tank_1086,0.0,1727654400000
tank_1088,5.243137254901961,1727654400000
tank_1089,12.0,1727654400000
tank_1090,46.85098039215686,1727654400000
tank_1091,0.0,1727654400000
tank_1094,53.0,1727654400000
tank_1095,15.0,1727654400000
tank_1104,1.2901960784313724,1727654400000
tank_1113,32.0,1727654400000
tank_1116,0.0,1727654400000
tank_1117,0.0,1727654400000
tank_1120,397.74901960784314,1727654400000
tank_1121,92.0,1727654400000
tank_1124,2.0,1727654400000
tank_1128,0.0,1727654400000
tank_1134,0.0,1727654400000
tank_1135,0.0,1727654400000
tank_1146,2.0,1727654400000
tank_1149,0.0,1727654400000
tank_1156,0.0,1727654400000
tank_1157,12.843137254901961,1727654400000
tank_1159,207.0,1727654400000
tank_1160,0.0,1727654400000
tank_1166,0.0,1727654400000
tank_1170,9.972549019607843,1727654400000
tank_1175,0.0,1727654400000
tank_1177,0.0,1727654400000
tank_1179,0.0,1727654400000
tank_1181,22.0,1727654400000
tank_1186,0.0,1727654400000
tank_1187,16.588235294117645,1727654400000
tank_1190,3.4980392156862745,1727654400000
tank_1192,8.0,1727654400000
tank_1196,0.0,1727654400000
tank_1197,403.0,1727654400000
tank_1201,0.0,1727654400000
tank_1203,0.0,1727654400000
tank_1205,0.0,1727654400000
tank_1209,568.0,1727654400000
tank_1217,0.0,1727654400000
tank_1223,0.0,1727654400000
tank_1226,10.0,1727654400000
tank_1228,0.0,1727654400000
tank_1230,0.0,1727654400000
tank_1237,0.0,1727654400000
tank_1239,411.0,1727654400000
tank_1245,0.0,1727654400000
tank_1246,30.0,1727654400000
tank_1250,0.0,1727654400000
tank_1254,34.0,1727654400000
tank_1255,0.0,1727654400000
tank_1258,5.0,1727654400000
tank_1261,0.0,1727654400000
tank_1262,0.0,1727654400000
tank_1263,0.0,1727654400000
tank_1265,0.0,1727654400000
tank_1270,0.0,1727654400000
tank_1272,18.99607843137255,1727654400000
tank_1275,0.0,1727654400000
tank_1276,137.0,1727654400000
tank_1279,0.0,1727654400000
tank_1280,0.0,1727654400000
tank_1284,0.0,1727654400000
tank_1285,0.0,1727654400000
tank_1286,22.0,1727654400000
tank_1290,0.0,1727654400000
tank_1291,0.0,1727654400000
tank_1293,0.0,1727654400000
tank_1295,0.0,1727654400000
tank_1297,7.0,1727654400000
tank_1301,28.0,1727654400000
tank_1302,19.0,1727654400000
tank_1304,0.0,1727654400000
tank_1305,20.0,1727654400000
tank_1313,1002.0,1727654400000
tank_1322,0.0,1727654400000
tank_1325,0.0,1727654400000
tank_1326,0.0,1727654400000
tank_1344,0.0,1727654400000
tank_1346,0.0,1727654400000
tank_1349,0.0,1727654400000
tank_1353,223.0,1727654400000
tank_1358,0.0,1727654400000
tank_1359,0.0,1727654400000
tank_1361,122.0,1727654400000
tank_1364,318.0,1727654400000
tank_1365,0.0,1727654400000
tank_1372,0.0,1727654400000
tank_1374,0.0,1727654400000
tank_1378,5.0,1727654400000
tank_1380,16.0,1727654400000
tank_1386,0.0,1727654400000
tank_1391,21.0,1727654400000
tank_1393,0.0,1727654400000
tank_1396,0.0,1727654400000
tank_1397,0.0,1727654400000
tank_1403,0.0,1727654400000
tank_1409,0.0,1727654400000
tank_1412,5.0,1727654400000
tank_1415,0.0,1727654400000
tank_1416,34.98039215686275,1727654400000
tank_1421,211.0,1727654400000
tank_1422,0.0,1727654400000
tank_1425,92.0,1727654400000
tank_1426,61.5921568627451,1727654400000
tank_1430,0.0,1727654400000
tank_1433,358.0,1727654400000
tank_1438,0.0,1727654400000
tank_1439,7.0,1727654400000
tank_1441,0.0,1727654400000
tank_1443,0.7490196078431373,1727654400000
tank_1445,0.0,1727654400000
tank_1446,0.0,1727654400000
tank_1450,0.0,1727654400000
tank_1452,0.0,1727654400000
tank_1456,0.0,1727654400000
tank_1466,0.0,1727654400000
tank_1471,0.0,1727654400000
tank_1475,0.0,1727654400000
tank_1486,859.0,1727654400000
tank_1488,0.0,1727654400000
tank_1491,0.0,1727654400000
tank_1500,23.0,1727654400000
tank_1505,62.0,1727654400000
tank_1513,384.0,1727654400000
tank_1531,0.0,1727654400000
tank_1536,0.0,1727654400000
tank_1539,6.0,1727654400000
tank_1541,0.0,1727654400000
tank_1542,0.0,1727654400000
tank_1547,0.0,1727654400000
tank_1563,0.0,1727654400000
tank_1564,0.0,1727654400000
tank_1565,18.0,1727654400000
tank_1567,0.0,1727654400000
tank_1568,0.0,1727654400000
tank_1573,8.0,1727654400000
tank_1583,0.0,1727654400000
tank_1587,123.0,1727654400000
tank_1588,0.0,1727654400000
tank_1592,0.0,1727654400000
tank_1594,0.0,1727654400000
tank_1595,0.0,1727654400000
tank_1597,0.0,1727654400000
tank_1598,7.250980392156862,1727654400000
tank_1600,0.0,1727654400000
tank_1604,0.0,1727654400000
tank_0002,0.0,1728691200000
tank_0004,0.0,1728691200000
tank_0005,0.0,1728691200000
tank_0011,0.0,1728691200000
tank_0014,0.0,1728691200000
tank_0019,0.0,1728691200000
tank_0024,0.0,1728691200000
tank_0025,0.0,1728691200000
tank_0026,0.0,1728691200000
tank_0027,0.0,1728691200000
tank_0030,0.0,1728691200000
tank_0031,107.29803921568627,1728691200000
tank_0036,0.0,1728691200000
tank_0037,0.0,1728691200000
tank_0038,0.0,1728691200000
tank_0050,0.0,1728691200000
tank_0051,0.0,1728691200000
tank_0052,0.0,1728691200000
tank_0053,0.0,1728691200000
tank_0055,0.0,1728691200000
tank_0057,0.0,1728691200000
tank_0058,0.0,1728691200000
tank_0064,19.0,1728691200000
tank_0069,14.0,1728691200000
tank_0072,0.0,1728691200000
tank_0073,0.0,1728691200000
tank_0080,15.0,1728691200000
tank_0094,0.0,1728691200000
tank_0107,0.0,1728691200000
tank_0110,0.0,1728691200000
tank_0113,0.0,1728691200000
tank_0115,0.0,1728691200000
tank_0116,0.0,1728691200000
tank_0117,59.0,1728691200000
tank_0118,0.0,1728691200000
tank_0122,0.0,1728691200000
tank_0125,0.0,1728691200000
tank_0130,0.0,1728691200000
tank_0131,0.0,1728691200000
tank_0132,0.0,1728691200000
tank_0134,0.0,1728691200000
tank_0135,0.0,1728691200000
tank_0142,0.0,1728691200000
tank_0143,0.0,1728691200000
tank_0144,0.0,1728691200000
tank_0148,0.0,1728691200000
tank_0153,0.0,1728691200000
tank_0156,3.0,1728691200000
tank_0159,0.0,1728691200000
tank_0165,0.0,1728691200000
tank_0171,0.0,1728691200000
tank_0172,0.0,1728691200000
tank_0174,0.0,1728691200000
tank_0176,0.0,1728691200000
tank_0184,0.0,1728691200000
tank_0187,0.0,1728691200000
tank_0190,0.25098039215686274,1728691200000
tank_0192,0.0,1728691200000
tank_0193,0.0,1728691200000
tank_0195,0.0,1728691200000
tank_0199,0.0,1728691200000
tank_0204,0.0,1728691200000
tank_0205,0.0,1728691200000
tank_0207,0.0,1728691200000
tank_0209,0.0,1728691200000
tank_0213,0.0,1728691200000
tank_0217,0.0,1728691200000
tank_0220,0.0,1728691200000
tank_0221,0.0,1728691200000
tank_0225,0.0,1728691200000
tank_0226,0.0,1728691200000
tank_0228,0.0,1728691200000
tank_0229,0.0,1728691200000
tank_0231,0.0,1728691200000
tank_0233,0.0,1728691200000
tank_0236,0.0,1728691200000
tank_0237,0.0,1728691200000
tank_0240,0.0,1728691200000
tank_0242,11.0,1728691200000
tank_0245,0.0,1728691200000
tank_0247,28.0,1728691200000
tank_0256,0.0,1728691200000
tank_0257,0.0,1728691200000
tank_0260,0.0,1728691200000
tank_0261,0.0,1728691200000
tank_0264,0.0,1728691200000
tank_0273,41.0,1728691200000
tank_0276,0.0,1728691200000
tank_0278,0.0,1728691200000
tank_0280,0.0,1728691200000
tank_0291,0.0,1728691200000
tank_0292,0.0,1728691200000
tank_0296,0.0,1728691200000
tank_0297,0.0,1728691200000
tank_0299,0.0,1728691200000
tank_0300,0.0,1728691200000
tank_0301,0.0,1728691200000
tank_0307,0.0,1728691200000
tank_0309,21.0,1728691200000
tank_0313,0.0,1728691200000
tank_0314,0.0,1728691200000
tank_0319,0.0,1728691200000
tank_0321,0.0,1728691200000
tank_0327,0.0,1728691200000
tank_0337,0.0,1728691200000
tank_0338,0.0,1728691200000
tank_0339,0.0,1728691200000
tank_0342,4.031372549019608,1728691200000
tank_0345,0.0,1728691200000
tank_0346,0.0,1728691200000
tank_0349,112.0,1728691200000
tank_0350,0.0,1728691200000
tank_0353,0.0,1728691200000
tank_0356,0.0,1728691200000
tank_0360,0.0,1728691200000
tank_0361,0.0,1728691200000
tank_0362,0.0,1728691200000
tank_0364,0.0,1728691200000
tank_0366,0.0,1728691200000
tank_0369,0.0,1728691200000
tank_0375,0.0,1728691200000
tank_0379,0.0,1728691200000
tank_0381,0.0,1728691200000
tank_0386,1.0,1728691200000
tank_0390,0.0,1728691200000
tank_0397,0.0,1728691200000
tank_0399,0.0,1728691200000
tank_0404,107.0,1728691200000
tank_0409,0.0,1728691200000
tank_0420,0.0,1728691200000
tank_0425,0.0,1728691200000
tank_0431,0.0,1728691200000
tank_0432,0.0,1728691200000
tank_0435,0.0,1728691200000
tank_0436,0.0,1728691200000
tank_0438,9.0,1728691200000
tank_0443,0.0,1728691200000
tank_0444,0.0,1728691200000
tank_0447,0.0,1728691200000
tank_0448,0.0,1728691200000
tank_0449,0.0,1728691200000
tank_0455,0.0,1728691200000
tank_0460,0.0,1728691200000
tank_0462,110.0,1728691200000
tank_0466,0.0,1728691200000
tank_0471,0.0,1728691200000
tank_0473,0.0,1728691200000
tank_0474,0.0,1728691200000
tank_0481,0.0,1728691200000
tank_0485,0.0,1728691200000
tank_0489,0.0,1728691200000
tank_0491,0.0,1728691200000
tank_0494,0.0,1728691200000
tank_0497,0.0,1728691200000
tank_0498,0.0,1728691200000
tank_0502,0.0,1728691200000
tank_0505,0.0,1728691200000
tank_0509,0.0,1728691200000
tank_0512,148.9843137254902,1728691200000
tank_0514,0.0,1728691200000
tank_0515,0.0,1728691200000
tank_0521,0.0,1728691200000
tank_0524,0.0,1728691200000
tank_0526,43.0,1728691200000
tank_0533,0.0,1728691200000
tank_0534,0.0,1728691200000
tank_0536,0.0,1728691200000
tank_0537,0.0,1728691200000
tank_0541,0.0,1728691200000
tank_0547,0.0,1728691200000
tank_0552,0.0,1728691200000
tank_0555,0.0,1728691200000
tank_0556,0.0,1728691200000
tank_0557,0.0,1728691200000
tank_0560,0.0,1728691200000
tank_0561,0.0,1728691200000
tank_0566,0.0,1728691200000
tank_0567,0.0,1728691200000
tank_0568,0.0,1728691200000
tank_0574,0.0,1728691200000
tank_0579,62.0,1728691200000
tank_0583,0.0,1728691200000
tank_0587,0.0,1728691200000
tank_0589,0.0,1728691200000
tank_0590,0.0,1728691200000
tank_0592,0.0,1728691200000
tank_0593,0.0,1728691200000
tank_0595,0.0,1728691200000
tank_0600,0.0,1728691200000
tank_0604,0.0,1728691200000
tank_0606,0.0,1728691200000
tank_0607,0.0,1728691200000
tank_0608,503.0,1728691200000
tank_0610,0.0,1728691200000
tank_0611,0.0,1728691200000
tank_0612,0.0,1728691200000
tank_0613,0.0,1728691200000
tank_0619,0.0,1728691200000
tank_0626,0.0,1728691200000
tank_0627,0.0,1728691200000
tank_0628,0.0,1728691200000
tank_0632,0.0,1728691200000
tank_0633,0.0,1728691200000
tank_0639,0.0,1728691200000
tank_0640,0.0,1728691200000
tank_0641,0.0,1728691200000
tank_0643,0.0,1728691200000
tank_0646,0.0,1728691200000
tank_0663,0.0,1728691200000
tank_0664,0.0,1728691200000
tank_0666,0.0,1728691200000
tank_0667,0.0,1728691200000
tank_0670,0.0,1728691200000
tank_0675,0.0,1728691200000
tank_0676,57.0,1728691200000
tank_0678,0.0,1728691200000
tank_0681,0.0,1728691200000
tank_0687,8.0,1728691200000
tank_0688,256.0,1728691200000
tank_0697,0.0,1728691200000
tank_0720,5.0,1728691200000
tank_0722,0.0,1728691200000
tank_0724,0.0,1728691200000
tank_0725,34.0,1728691200000
tank_0728,0.0,1728691200000
tank_0730,0.0,1728691200000
tank_0731,603.0,1728691200000
tank_0732,0.0,1728691200000
tank_0737,48.0,1728691200000
tank_0739,0.0,1728691200000
tank_0740,0.0,1728691200000
tank_0746,0.0,1728691200000
tank_0748,0.0,1728691200000
tank_0749,0.0,1728691200000
tank_0752,0.0,1728691200000
tank_0760,0.0,1728691200000
tank_0770,0.0,1728691200000
tank_0772,0.0,1728691200000
tank_0788,0.0,1728691200000
tank_0789,0.0,1728691200000
tank_0792,0.0,1728691200000
tank_0797,0.0,1728691200000
tank_0800,182.0,1728691200000
tank_0802,0.0,1728691200000
tank_0803,0.0,1728691200000
tank_0808,0.0,1728691200000
tank_0810,3.0,1728691200000
tank_0811,0.0,1728691200000
tank_0812,57.0,1728691200000
tank_0813,1.0,1728691200000
tank_0816,0.0,1728691200000
tank_0819,0.0,1728691200000
tank_0823,0.0,1728691200000
tank_0824,0.0,1728691200000
tank_0825,0.0,1728691200000
tank_0828,0.0,1728691200000
tank_0829,40.984313725490196,1728691200000
tank_0830,74.0,1728691200000
tank_0831,0.0,1728691200000
tank_0844,0.0,1728691200000
tank_0852,32.0,1728691200000
tank_0855,88.0,1728691200000
tank_0856,281.0,1728691200000
tank_0860,0.0,1728691200000
tank_0861,0.0,1728691200000
tank_0872,15.0,1728691200000
tank_0875,114.0,1728691200000
tank_0879,0.0,1728691200000
tank_0885,0.0,1728691200000
tank_0891,0.0,1728691200000
tank_0894,12.0,1728691200000
tank_0898,518.9803921568628,1728691200000
tank_0900,41.490196078431374,1728691200000
tank_0901,23.0,1728691200000
tank_0902,207.0,1728691200000
tank_0914,16.0,1728691200000
tank_0917,436.0,1728691200000
tank_0919,0.0,1728691200000
tank_0920,3.0,1728691200000
tank_0922,173.0,1728691200000
tank_0923,0.0,1728691200000
tank_0924,0.0,1728691200000
tank_0926,0.0,1728691200000
tank_0927,0.0,1728691200000
tank_0928,25.4078431372549,1728691200000
tank_0930,117.0,1728691200000
tank_0931,39.0,1728691200000
tank_0933,0.0,1728691200000
tank_0934,0.0,1728691200000
tank_0937,0.0,1728691200000
tank_0938,0.0,1728691200000
tank_0939,0.0,1728691200000
tank_0944,93.0,1728691200000
tank_0946,0.0,1728691200000
tank_0952,4.0,1728691200000
tank_0958,0.0,1728691200000
tank_0962,1088.0,1728691200000
tank_0967,5.0,1728691200000
tank_0975,0.0,1728691200000
tank_0978,0.0,1728691200000
tank_0990,0.0,1728691200000
tank_0991,264.0,1728691200000
tank_0998,0.0,1728691200000
tank_0999,0.0,1728691200000
tank_1003,249.0,1728691200000
tank_1004,0.0,1728691200000
tank_1014,60.0,1728691200000
tank_1026,249.0,1728691200000
tank_1031,10.0,1728691200000
tank_1032,0.9568627450980393,1728691200000
tank_1034,0.0,1728691200000
tank_1042,37.898039215686275,1728691200000
tank_1045,0.0,1728691200000
tank_1049,34.0,1728691200000
tank_1055,1.0,1728691200000
tank_1061,0.0,1728691200000
tank_1062,0.0,1728691200000
tank_1064,2.0,1728691200000
tank_1065,1.0,1728691200000
tank_1066,0.0,1728691200000
tank_1070,0.0,1728691200000
tank_1073,22.0,1728691200000
tank_1083,174.0,1728691200000
tank_1086,0.0,1728691200000
tank_1088,0.0,1728691200000
tank_1089,20.0,1728691200000
tank_1090,41.0,1728691200000
tank_1091,0.0,1728691200000
tank_1094,528.0,1728691200000
tank_1095,6.0,1728691200000
tank_1104,0.0,1728691200000
tank_1113,30.0,1728691200000
tank_1116,0.0,1728691200000
tank_1117,0.0,1728691200000
tank_1120,494.05882352941177,1728691200000
tank_1121,94.0,1728691200000
tank_1124,0.0,1728691200000
tank_1128,0.0,1728691200000
tank_1134,0.0,1728691200000
tank_1135,0.0,1728691200000
tank_1146,0.0,1728691200000
tank_1149,0.0,1728691200000
tank_1156,0.0,1728691200000
tank_1157,15.30980392156863,1728691200000
tank_1159,367.0,1728691200000
tank_1160,0.0,1728691200000
tank_1166,0.6941176470588235,1728691200000
tank_1170,27.19607843137255,1728691200000
tank_1175,0.0,1728691200000
tank_1177,0.0,1728691200000
tank_1179,0.0,1728691200000
tank_1181,158.94117647058826,1728691200000
tank_1186,0.0,1728691200000
tank_1187,28.87843137254902,1728691200000
tank_1190,0.0,1728691200000
tank_1192,12.0,1728691200000
tank_1196,0.0,1728691200000
tank_1197,944.0,1728691200000
tank_1201,0.0,1728691200000
tank_1203,0.0,1728691200000
tank_1205,0.0,1728691200000
tank_1209,1123.0,1728691200000
tank_1217,0.0,1728691200000
tank_1223,0.0,1728691200000
tank_1226,58.0,1728691200000
tank_1228,0.0,1728691200000
tank_1230,0.0,1728691200000
tank_1237,0.0,1728691200000
tank_1239,536.0,1728691200000
tank_1245,0.0,1728691200000
tank_1246,32.0,1728691200000
tank_1250,0.0,1728691200000
tank_1254,32.0,1728691200000
tank_1255,0.0,1728691200000
tank_1258,6.0,1728691200000
tank_1261,0.0,1728691200000
tank_1262,0.0,1728691200000
tank_1263,0.0,1728691200000
tank_1265,0.0,1728691200000
tank_1270,0.0,1728691200000
tank_1272,16.870588235294118,1728691200000
tank_1275,0.0,1728691200000
tank_1276,133.95294117647057,1728691200000
tank_1279,0.0,1728691200000
tank_1280,0.0,1728691200000
tank_1284,0.0,1728691200000
tank_1285,7.474509803921569,1728691200000
tank_1286,22.0,1728691200000
tank_1290,0.0,1728691200000
tank_1291,0.0,1728691200000
tank_1293,0.0,1728691200000
tank_1295,0.0,1728691200000
tank_1297,0.0,1728691200000
tank_1301,53.0,1728691200000
tank_1302,22.0,1728691200000
tank_1304,0.0,1728691200000
tank_1305,18.0,1728691200000
tank_1313,1153.0,1728691200000
tank_1322,0.0,1728691200000
tank_1325,0.0,1728691200000
tank_1326,0.0,1728691200000
tank_1344,0.0,1728691200000
tank_1346,0.0,1728691200000
tank_1349,0.0,1728691200000
tank_1353,955.0,1728691200000
tank_1358,0.0,1728691200000
tank_1359,0.0,1728691200000
tank_1361,598.0,1728691200000
tank_1364,644.0,1728691200000
tank_1365,0.0,1728691200000
tank_1372,0.0,1728691200000
tank_1374,178.0,1728691200000
tank_1378,324.0,1728691200000
tank_1380,18.0,1728691200000
tank_1386,0.0,1728691200000
tank_1391,20.0,1728691200000
tank_1393,0.0,1728691200000
tank_1396,0.0,1728691200000
tank_1397,0.0,1728691200000
tank_1403,0.0,1728691200000
tank_1409,0.0,1728691200000
tank_1412,16.0,1728691200000
tank_1415,0.0,1728691200000
tank_1416,28.980392156862745,1728691200000
tank_1421,219.0,1728691200000
tank_1422,0.0,1728691200000
tank_1425,124.0,1728691200000
tank_1426,96.41960784313724,1728691200000
tank_1430,0.0,1728691200000
tank_1433,468.0,1728691200000
tank_1438,0.0,1728691200000
tank_1439,10.913725490196079,1728691200000
tank_1441,0.0,1728691200000
tank_1443,0.0,1728691200000
tank_1445,0.0,1728691200000
tank_1446,0.0,1728691200000
tank_1450,0.0,1728691200000
tank_1452,0.0,1728691200000
tank_1456,0.0,1728691200000
tank_1466,0.0,1728691200000
tank_1471,0.0,1728691200000
tank_1475,0.0,1728691200000
tank_1486,1323.0,1728691200000
tank_1488,6.0,1728691200000
tank_1491,0.0,1728691200000
tank_1500,15.0,1728691200000
tank_1505,47.0,1728691200000
tank_1513,498.0,1728691200000
tank_1531,0.0,1728691200000
tank_1536,0.0,1728691200000
tank_1539,14.0,1728691200000
tank_1541,2.0,1728691200000
tank_1542,0.0,1728691200000
tank_1547,0.0,1728691200000
tank_1563,0.0,1728691200000
tank_1564,0.0,1728691200000
tank_1565,6.0,1728691200000
tank_1567,0.0,1728691200000
tank_1568,0.0,1728691200000
tank_1573,36.0,1728691200000
tank_1583,0.0,1728691200000
tank_1587,180.0,1728691200000
tank_1588,0.0,1728691200000
tank_1592,0.0,1728691200000
tank_1594,0.0,1728691200000
tank_1595,0.0,1728691200000
tank_1597,0.0,1728691200000
tank_1598,6.2941176470588225,1728691200000
tank_1600,0.0,1728691200000
tank_1604,0.0,1728691200000
tank_0002,0.0,1729728000000
tank_0004,0.0,1729728000000
tank_0005,0.0,1729728000000
tank_0011,0.0,1729728000000
tank_0014,0.0,1729728000000
tank_0019,0.0,1729728000000
tank_0024,0.0,1729728000000
tank_0025,0.0,1729728000000
tank_0026,0.0,1729728000000
tank_0027,0.0,1729728000000
tank_0030,0.0,1729728000000
tank_0031,125.75686274509803,1729728000000
tank_0036,0.0,1729728000000
tank_0037,0.0,1729728000000
tank_0038,4.20392156862745,1729728000000
tank_0050,23.0,1729728000000
tank_0051,0.0,1729728000000
tank_0052,0.23529411764705882,1729728000000
tank_0053,0.0,1729728000000
tank_0055,0.0,1729728000000
tank_0057,17.0,1729728000000
tank_0058,0.0,1729728000000
tank_0064,44.29019607843137,1729728000000
tank_0069,26.0,1729728000000
tank_0072,0.0,1729728000000
tank_0073,0.0,1729728000000
tank_0080,27.0,1729728000000
tank_0094,0.0,1729728000000
tank_0107,0.0,1729728000000
tank_0110,14.0,1729728000000
tank_0113,0.0,1729728000000
tank_0115,0.0,1729728000000
tank_0116,0.0,1729728000000
tank_0117,81.0,1729728000000
tank_0118,0.0,1729728000000
tank_0122,0.0,1729728000000
tank_0125,0.0,1729728000000
tank_0130,0.0,1729728000000
tank_0131,0.0,1729728000000
tank_0132,0.0,1729728000000
tank_0134,0.0,1729728000000
tank_0135,0.0,1729728000000
tank_0142,0.0,1729728000000
tank_0143,0.0,1729728000000
tank_0144,0.0,1729728000000
tank_0148,0.0,1729728000000
tank_0153,49.0,1729728000000
tank_0156,0.0,1729728000000
tank_0159,0.0,1729728000000
tank_0165,0.0,1729728000000
tank_0171,0.0,1729728000000
tank_0172,0.8784313725490196,1729728000000
tank_0174,0.0,1729728000000
tank_0176,0.0,1729728000000
tank_0184,0.0,1729728000000
tank_0187,0.0,1729728000000
tank_0190,0.0,1729728000000
tank_0192,0.0,1729728000000
tank_0193,0.0,1729728000000
tank_0195,0.0,1729728000000
tank_0199,0.0,1729728000000
tank_0204,0.0,1729728000000
tank_0205,0.0,1729728000000
tank_0207,0.0,1729728000000
tank_0209,0.0,1729728000000
tank_0213,0.0,1729728000000
tank_0217,0.0,1729728000000
tank_0220,0.0,1729728000000
tank_0221,0.0,1729728000000
tank_0225,0.0,1729728000000
tank_0226,0.0,1729728000000
tank_0228,0.0,1729728000000
tank_0229,0.0,1729728000000
tank_0231,0.0,1729728000000
tank_0233,0.0,1729728000000
tank_0236,0.0,1729728000000
tank_0237,0.0,1729728000000
tank_0240,0.0,1729728000000
tank_0242,32.0,1729728000000
tank_0245,0.0,1729728000000
tank_0247,283.0,1729728000000
tank_0256,0.0,1729728000000
tank_0257,0.0,1729728000000
tank_0260,0.0,1729728000000
tank_0261,0.0,1729728000000
tank_0264,15.0,1729728000000
tank_0273,252.0,1729728000000
tank_0276,0.0,1729728000000
tank_0278,0.0,1729728000000
tank_0280,0.0,1729728000000
tank_0291,0.0,1729728000000
tank_0292,0.0,1729728000000
tank_0296,0.0,1729728000000
tank_0297,15.0,1729728000000
tank_0299,0.0,1729728000000
tank_0300,0.0,1729728000000
tank_0301,0.0,1729728000000
tank_0307,7.0,1729728000000
tank_0309,36.92549019607843,1729728000000
tank_0313,18.0,1729728000000
tank_0314,0.0,1729728000000
tank_0319,28.372549019607842,1729728000000
tank_0321,0.0,1729728000000
tank_0327,0.0,1729728000000
tank_0337,0.0,1729728000000
tank_0338,0.0,1729728000000
tank_0339,0.0,1729728000000
tank_0342,6.0,1729728000000
tank_0345,0.0,1729728000000
tank_0346,0.0,1729728000000
tank_0349,257.0,1729728000000
tank_0350,0.0,1729728000000
tank_0353,0.0,1729728000000
tank_0356,0.0,1729728000000
tank_0360,0.0,1729728000000
tank_0361,0.0,1729728000000
tank_0362,0.0,1729728000000
tank_0364,0.0,1729728000000
tank_0366,0.0,1729728000000
tank_0369,0.0,1729728000000
tank_0375,0.0,1729728000000
tank_0379,0.0,1729728000000
tank_0381,0.0,1729728000000
tank_0386,41.92156862745098,1729728000000
tank_0390,41.99607843137255,1729728000000
tank_0397,0.0,1729728000000
tank_0399,0.0,1729728000000
tank_0404,195.23529411764704,1729728000000
tank_0409,0.0,1729728000000
tank_0420,0.0,1729728000000
tank_0425,0.0,1729728000000
tank_0431,0.0,1729728000000
tank_0432,0.0,1729728000000
tank_0435,57.0,1729728000000
tank_0436,0.0,1729728000000
tank_0438,7.0,1729728000000
tank_0443,0.0,1729728000000
tank_0444,21.0,1729728000000
tank_0447,0.0,1729728000000
tank_0448,0.0,1729728000000
tank_0449,0.0,1729728000000
tank_0455,0.0,1729728000000
tank_0460,0.0,1729728000000
tank_0462,251.0,1729728000000
tank_0466,0.0,1729728000000
tank_0471,0.0,1729728000000
tank_0473,0.0,1729728000000
tank_0474,0.0,1729728000000
tank_0481,0.0,1729728000000
tank_0485,0.0,1729728000000
tank_0489,0.0,1729728000000
tank_0491,0.0,1729728000000
tank_0494,0.0,1729728000000
tank_0497,0.0,1729728000000
tank_0498,0.0,1729728000000
tank_0502,0.0,1729728000000
tank_0505,0.0,1729728000000
tank_0509,0.0,1729728000000
tank_0512,242.0,1729728000000
tank_0514,0.0,1729728000000
tank_0515,0.0,1729728000000
tank_0521,4.0,1729728000000
tank_0524,0.0,1729728000000
tank_0526,46.0,1729728000000
tank_0533,0.0,1729728000000
tank_0534,0.0,1729728000000
tank_0536,29.76078431372549,1729728000000
tank_0537,0.0,1729728000000
tank_0541,0.0,1729728000000
tank_0547,0.0,1729728000000
tank_0552,0.0,1729728000000
tank_0555,14.0,1729728000000
tank_0556,0.0,1729728000000
tank_0557,0.0,1729728000000
tank_0560,0.0,1729728000000
tank_0561,0.0,1729728000000
tank_0566,0.0,1729728000000
tank_0567,0.0,1729728000000
tank_0568,0.0,1729728000000
tank_0574,35.0,1729728000000
tank_0579,179.0,1729728000000
tank_0583,132.0,1729728000000
tank_0587,0.0,1729728000000
tank_0589,0.0,1729728000000
tank_0590,145.0,1729728000000
tank_0592,0.0,1729728000000
tank_0593,0.0,1729728000000
tank_0595,0.0,1729728000000
tank_0600,0.0,1729728000000
tank_0604,0.0,1729728000000
tank_0606,0.0,1729728000000
tank_0607,5.749019607843137,1729728000000
tank_0608,846.9921568627451,1729728000000
tank_0610,0.0,1729728000000
tank_0611,0.0,1729728000000
tank_0612,0.0,1729728000000
tank_0613,0.0,1729728000000
tank_0619,10.780392156862746,1729728000000
tank_0626,0.0,1729728000000
tank_0627,0.0,1729728000000
tank_0628,0.0,1729728000000
tank_0632,8.0,1729728000000
tank_0633,0.0,1729728000000
tank_0639,0.0,1729728000000
tank_0640,0.0,1729728000000
tank_0641,0.0,1729728000000
tank_0643,0.0,1729728000000
tank_0646,0.0,1729728000000
tank_0663,1.4823529411764707,1729728000000
tank_0664,25.686274509803923,1729728000000
tank_0666,0.0,1729728000000
tank_0667,0.0,1729728000000
tank_0670,7.0,1729728000000
tank_0675,0.0,1729728000000
tank_0676,590.0,1729728000000
tank_0678,3.0,1729728000000
tank_0681,0.0,1729728000000
tank_0687,7.0,1729728000000
tank_0688,332.0,1729728000000
tank_0697,0.0,1729728000000
tank_0720,33.26274509803922,1729728000000
tank_0722,0.0,1729728000000
tank_0724,0.0,1729728000000
tank_0725,35.0,1729728000000
tank_0728,0.0,1729728000000
tank_0730,0.0,1729728000000
tank_0731,986.0,1729728000000
tank_0732,0.0,1729728000000
tank_0737,312.0,1729728000000
tank_0739,0.0,1729728000000
tank_0740,0.0,1729728000000
tank_0746,0.0,1729728000000
tank_0748,0.0,1729728000000
tank_0749,0.0,1729728000000
tank_0752,0.0,1729728000000
tank_0760,0.0,1729728000000
tank_0770,0.0,1729728000000
tank_0772,0.0,1729728000000
tank_0788,0.0,1729728000000
tank_0789,0.0,1729728000000
tank_0792,0.0,1729728000000
tank_0797,79.0,1729728000000
tank_0800,665.9254901960784,1729728000000
tank_0802,22.92156862745098,1729728000000
tank_0803,0.0,1729728000000
tank_0808,0.0,1729728000000
tank_0810,12.0,1729728000000
tank_0811,0.0,1729728000000
tank_0812,59.0,1729728000000
tank_0813,1.0,1729728000000
tank_0816,0.0,1729728000000
tank_0819,38.403921568627446,1729728000000
tank_0823,0.0,1729728000000
tank_0824,485.921568627451,1729728000000
tank_0825,27.749019607843135,1729728000000
tank_0828,45.94509803921569,1729728000000
tank_0829,70.56862745098039,1729728000000
tank_0830,435.8588235294117,1729728000000
tank_0831,0.0,1729728000000
tank_0844,0.0,1729728000000
tank_0852,199.87058823529412,1729728000000
tank_0855,93.0,1729728000000
tank_0856,402.0,1729728000000
tank_0860,0.0,1729728000000
tank_0861,0.0,1729728000000
tank_0872,28.75294117647059,1729728000000
tank_0875,415.4313725490196,1729728000000
tank_0879,218.52156862745102,1729728000000
tank_0885,0.0,1729728000000
tank_0891,133.0156862745098,1729728000000
tank_0894,788.0,1729728000000
tank_0898,419.87450980392157,1729728000000
tank_0900,132.47058823529412,1729728000000
tank_0901,183.96862745098042,1729728000000
tank_0902,85.0,1729728000000
tank_0914,144.52549019607844,1729728000000
tank_0917,546.0,1729728000000
tank_0919,66.0,1729728000000
tank_0920,427.72549019607845,1729728000000
tank_0922,156.9921568627451,1729728000000
tank_0923,169.01176470588234,1729728000000
tank_0924,0.0,1729728000000
tank_0926,0.0,1729728000000
tank_0927,18.725490196078432,1729728000000
tank_0928,35.0,1729728000000
tank_0930,135.0,1729728000000
tank_0931,312.0,1729728000000
tank_0933,0.0,1729728000000
tank_0934,0.0,1729728000000
tank_0937,0.0,1729728000000
tank_0938,0.0,1729728000000
tank_0939,0.0,1729728000000
tank_0944,99.0,1729728000000
tank_0946,0.0,1729728000000
tank_0952,51.0,1729728000000
tank_0958,0.0,1729728000000
tank_0962,1505.0,1729728000000
tank_0967,213.8862745098039,1729728000000
tank_0975,0.0,1729728000000
tank_0978,0.0,1729728000000
tank_0990,0.0,1729728000000
tank_0991,526.0,1729728000000
tank_0998,0.0,1729728000000
tank_0999,0.0,1729728000000
tank_1003,773.0,1729728000000
tank_1004,0.0,1729728000000
tank_1014,650.0,1729728000000
tank_1026,266.9607843137255,1729728000000
tank_1031,74.6,1729728000000
tank_1032,0.0,1729728000000
tank_1034,9.113725490196078,1729728000000
tank_1042,31.0,1729728000000
tank_1045,32.0,1729728000000
tank_1049,110.76078431372548,1729728000000
tank_1055,6.192156862745097,1729728000000
tank_1061,33.5843137254902,1729728000000
tank_1062,0.0,1729728000000
tank_1064,2.9686274509803923,1729728000000
tank_1065,0.0,1729728000000
tank_1066,0.0,1729728000000
tank_1070,152.0,1729728000000
tank_1073,101.0,1729728000000
tank_1083,0.0,1729728000000
tank_1086,256.02745098039213,1729728000000
tank_1088,1.9764705882352942,1729728000000
tank_1089,24.0,1729728000000
tank_1090,186.98823529411766,1729728000000
tank_1091,0.0,1729728000000
tank_1094,1627.670588235294,1729728000000
tank_1095,10.0,1729728000000
tank_1104,0.0,1729728000000
tank_1113,37.0,1729728000000
tank_1116,0.0,1729728000000
tank_1117,0.0,1729728000000
tank_1120,472.7529411764706,1729728000000
tank_1121,340.6392156862745,1729728000000
tank_1124,33.52549019607843,1729728000000
tank_1128,80.0,1729728000000
tank_1134,0.0,1729728000000
tank_1135,72.4313725490196,1729728000000
tank_1146,9.874509803921569,1729728000000
tank_1149,0.0,1729728000000
tank_1156,0.0,1729728000000
tank_1157,15.99607843137255,1729728000000
tank_1159,235.0,1729728000000
tank_1160,307.0,1729728000000
tank_1166,0.0,1729728000000
tank_1170,15.494117647058822,1729728000000
tank_1175,0.0,1729728000000
tank_1177,0.0,1729728000000
tank_1179,0.0,1729728000000
tank_1181,200.35686274509806,1729728000000
tank_1186,0.0,1729728000000
tank_1187,26.458823529411767,1729728000000
tank_1190,0.0,1729728000000
tank_1192,24.0,1729728000000
tank_1196,0.0,1729728000000
tank_1197,1321.0,1729728000000
tank_1201,0.0,1729728000000
tank_1203,0.9647058823529411,1729728000000
tank_1205,101.0,1729728000000
tank_1209,503.0,1729728000000
tank_1217,0.0,1729728000000
tank_1223,33.90588235294118,1729728000000
tank_1226,126.0,1729728000000
tank_1228,955.9882352941177,1729728000000
tank_1230,0.0,1729728000000
tank_1237,29.45098039215686,1729728000000
tank_1239,1041.9176470588236,1729728000000
tank_1245,0.0,1729728000000
tank_1246,234.85882352941178,1729728000000
tank_1250,2.6549019607843136,1729728000000
tank_1254,139.0,1729728000000
tank_1255,0.0,1729728000000
tank_1258,154.0,1729728000000
tank_1261,0.0,1729728000000
tank_1262,0.0,1729728000000
tank_1263,59.0,1729728000000
tank_1265,112.0,1729728000000
tank_1270,0.0,1729728000000
tank_1272,3.7490196078431373,1729728000000
tank_1275,0.0,1729728000000
tank_1276,125.95294117647059,1729728000000
tank_1279,5.992156862745098,1729728000000
tank_1280,0.0,1729728000000
tank_1284,0.0,1729728000000
tank_1285,20.3921568627451,1729728000000
tank_1286,168.14117647058822,1729728000000
tank_1290,38.91372549019608,1729728000000
tank_1291,45.00392156862745,1729728000000
tank_1293,0.0,1729728000000
tank_1295,0.0,1729728000000
tank_1297,0.0,1729728000000
tank_1301,104.0,1729728000000
tank_1302,67.0,1729728000000
tank_1304,0.0,1729728000000
tank_1305,131.1058823529412,1729728000000
tank_1313,727.0,1729728000000
tank_1322,0.0,1729728000000
tank_1325,0.0,1729728000000
tank_1326,6.0,1729728000000
tank_1344,0.0,1729728000000
tank_1346,0.0,1729728000000
tank_1349,0.0,1729728000000
tank_1353,978.0,1729728000000
tank_1358,0.0,1729728000000
tank_1359,0.0,1729728000000
tank_1361,934.0,1729728000000
tank_1364,1156.0,1729728000000
tank_1365,72.0,1729728000000
tank_1372,0.0,1729728000000
tank_1374,281.0,1729728000000
tank_1378,508.0,1729728000000
tank_1380,67.0,1729728000000
tank_1386,296.9843137254902,1729728000000
tank_1391,22.0,1729728000000
tank_1393,3.0,1729728000000
tank_1396,0.0,1729728000000
tank_1397,0.0,1729728000000
tank_1403,15.662745098039215,1729728000000
tank_1409,0.0,1729728000000
tank_1412,18.0,1729728000000
tank_1415,0.0,1729728000000
tank_1416,58.43529411764706,1729728000000
tank_1421,383.4666666666666,1729728000000
tank_1422,0.0,1729728000000
tank_1425,190.0,1729728000000
tank_1426,102.47843137254903,1729728000000
tank_1430,0.0,1729728000000
tank_1433,458.0,1729728000000
tank_1438,0.0,1729728000000
tank_1439,39.44313725490197,1729728000000
tank_1441,0.0,1729728000000
tank_1443,0.0,1729728000000
tank_1445,0.0,1729728000000
tank_1446,0.0,1729728000000
tank_1450,0.0,1729728000000
tank_1452,0.0,1729728000000
tank_1456,1.0,1729728000000
tank_1466,0.0,1729728000000
tank_1471,0.0,1729728000000
tank_1475,257.0,1729728000000
tank_1486,1330.0,1729728000000
tank_1488,117.0,1729728000000
tank_1491,25.0,1729728000000
tank_1500,10.0,1729728000000
tank_1505,655.0,1729728000000
tank_1513,439.0,1729728000000
tank_1531,0.0,1729728000000
tank_1536,0.0,1729728000000
tank_1539,69.0,1729728000000
tank_1541,106.0,1729728000000
tank_1542,0.0,1729728000000
tank_1547,4.0,1729728000000
tank_1563,41.88627450980393,1729728000000
tank_1564,0.0,1729728000000
tank_1565,196.0,1729728000000
tank_1567,31.0,1729728000000
tank_1568,0.0,1729728000000
tank_1573,198.0,1729728000000
tank_1583,0.0,1729728000000
tank_1587,881.0,1729728000000
tank_1588,0.0,1729728000000
tank_1592,0.0,1729728000000
tank_1594,72.0,1729728000000
tank_1595,46.81960784313725,1729728000000
tank_1597,28.0,1729728000000
tank_1598,44.70588235294118,1729728000000
tank_1600,0.0,1729728000000
tank_1604,0.0,1729728000000
tank_0002,0.0,1730764800000
tank_0004,0.0,1730764800000
tank_0005,0.0,1730764800000
tank_0011,0.0,1730764800000
tank_0014,0.0,1730764800000
tank_0019,0.0,1730764800000
tank_0024,0.0,1730764800000
tank_0025,0.0,1730764800000
tank_0026,0.0,1730764800000
tank_0027,0.0,1730764800000
tank_0030,0.0,1730764800000
tank_0031,125.86274509803921,1730764800000
tank_0036,0.0,1730764800000
tank_0037,0.0,1730764800000
tank_0038,0.0,1730764800000
tank_0050,20.0,1730764800000
tank_0051,0.0,1730764800000
tank_0052,0.0,1730764800000
tank_0053,6.580392156862745,1730764800000
tank_0055,0.0,1730764800000
tank_0057,10.0,1730764800000
tank_0058,0.0,1730764800000
tank_0064,41.0,1730764800000
tank_0069,101.0,1730764800000
tank_0072,0.0,1730764800000
tank_0073,0.0,1730764800000
tank_0080,27.0,1730764800000
tank_0094,3.541176470588235,1730764800000
tank_0107,0.0,1730764800000
tank_0110,20.0,1730764800000
tank_0113,1.0,1730764800000
tank_0115,0.0,1730764800000
tank_0116,0.0,1730764800000
tank_0117,82.0,1730764800000
tank_0118,0.0,1730764800000
tank_0122,0.0,1730764800000
tank_0125,0.0,1730764800000
tank_0130,0.0,1730764800000
tank_0131,0.0,1730764800000
tank_0132,0.0,1730764800000
tank_0134,0.0,1730764800000
tank_0135,0.0,1730764800000
tank_0142,0.0,1730764800000
tank_0143,0.0,1730764800000
tank_0144,0.0,1730764800000
tank_0148,0.0,1730764800000
tank_0153,54.0,1730764800000
tank_0156,0.0,1730764800000
tank_0159,0.0,1730764800000
tank_0165,0.0,1730764800000
tank_0171,0.0,1730764800000
tank_0172,0.0,1730764800000
tank_0174,0.0,1730764800000
tank_0176,0.0,1730764800000
tank_0184,0.0,1730764800000
tank_0187,0.0,1730764800000
tank_0190,0.0,1730764800000
tank_0192,0.0,1730764800000
tank_0193,0.0,1730764800000
tank_0195,0.0,1730764800000
tank_0199,0.0,1730764800000
tank_0204,0.0,1730764800000
tank_0205,0.0,1730764800000
tank_0207,0.0,1730764800000
tank_0209,0.0,1730764800000
tank_0213,0.0,1730764800000
tank_0217,0.0,1730764800000
tank_0220,0.0,1730764800000
tank_0221,0.0,1730764800000
tank_0225,0.0,1730764800000
tank_0226,0.0,1730764800000
tank_0228,0.0,1730764800000
tank_0229,0.0,1730764800000
tank_0231,0.0,1730764800000
tank_0233,0.0,1730764800000
tank_0236,0.0,1730764800000
tank_0237,0.0,1730764800000
tank_0240,0.0,1730764800000
tank_0242,22.807843137254903,1730764800000
tank_0245,0.0,1730764800000
tank_0247,245.0,1730764800000
tank_0256,0.0,1730764800000
tank_0257,0.0,1730764800000
tank_0260,0.0,1730764800000
tank_0261,0.0,1730764800000
tank_0264,6.0,1730764800000
tank_0273,362.89803921568625,1730764800000
tank_0276,0.0,1730764800000
tank_0278,0.0,1730764800000
tank_0280,0.0,1730764800000
tank_0291,3.0,1730764800000
tank_0292,0.0,1730764800000
tank_0296,0.0,1730764800000
tank_0297,15.0,1730764800000
tank_0299,0.0,1730764800000
tank_0300,0.0,1730764800000
tank_0301,0.0,1730764800000
tank_0307,7.0,1730764800000
tank_0309,35.78823529411765,1730764800000
tank_0313,5.0,1730764800000
tank_0314,0.0,1730764800000
tank_0319,15.576470588235294,1730764800000
tank_0321,0.0,1730764800000
tank_0327,0.0,1730764800000
tank_0337,0.0,1730764800000
tank_0338,0.0,1730764800000
tank_0339,0.0,1730764800000
tank_0342,10.0,1730764800000
tank_0345,0.0,1730764800000
tank_0346,0.0,1730764800000
tank_0349,260.0,1730764800000
tank_0350,0.0,1730764800000
tank_0353,0.0,1730764800000
tank_0356,0.0,1730764800000
tank_0360,0.0,1730764800000
tank_0361,0.0,1730764800000
tank_0362,0.0,1730764800000
tank_0364,0.0,1730764800000
tank_0366,0.0,1730764800000
tank_0369,0.0,1730764800000
tank_0375,0.0,1730764800000
tank_0379,0.0,1730764800000
tank_0381,0.0,1730764800000
tank_0386,43.0,1730764800000
tank_0390,45.86666666666667,1730764800000
tank_0397,0.0,1730764800000
tank_0399,0.0,1730764800000
tank_0404,165.41960784313727,1730764800000
tank_0409,0.0,1730764800000
tank_0420,0.0,1730764800000
tank_0425,0.0,1730764800000
tank_0431,0.0,1730764800000
tank_0432,0.0,1730764800000
tank_0435,34.0,1730764800000
tank_0436,0.0,1730764800000
tank_0438,9.0,1730764800000
tank_0443,0.0,1730764800000
tank_0444,2.0,1730764800000
tank_0447,0.0,1730764800000
tank_0448,0.0,1730764800000
tank_0449,0.0,1730764800000
tank_0455,0.0,1730764800000
tank_0460,5.568627450980392,1730764800000
tank_0462,265.0,1730764800000
tank_0466,0.0,1730764800000
tank_0471,0.0,1730764800000
tank_0473,0.0,1730764800000
tank_0474,0.0,1730764800000
tank_0481,0.0,1730764800000
tank_0485,0.0,1730764800000
tank_0489,0.0,1730764800000
tank_0491,0.0,1730764800000
tank_0494,0.0,1730764800000
tank_0497,0.0,1730764800000
tank_0498,0.0,1730764800000
tank_0502,0.0,1730764800000
tank_0505,0.0,1730764800000
tank_0509,0.0,1730764800000
tank_0512,290.6470588235294,1730764800000
tank_0514,0.0,1730764800000
tank_0515,0.0,1730764800000
tank_0521,28.0,1730764800000
tank_0524,0.0,1730764800000
tank_0526,37.0,1730764800000
tank_0533,0.0,1730764800000
tank_0534,0.0,1730764800000
tank_0536,15.0,1730764800000
tank_0537,0.0,1730764800000
tank_0541,0.0,1730764800000
tank_0547,0.0,1730764800000
tank_0552,0.0,1730764800000
tank_0555,4.0,1730764800000
tank_0556,0.0,1730764800000
tank_0557,0.0,1730764800000
tank_0560,0.0,1730764800000
tank_0561,0.0,1730764800000
tank_0566,0.0,1730764800000
tank_0567,0.0,1730764800000
tank_0568,0.0,1730764800000
tank_0574,62.0,1730764800000
tank_0579,212.0,1730764800000
tank_0583,224.0,1730764800000
tank_0587,0.0,1730764800000
tank_0589,0.0,1730764800000
tank_0590,122.0,1730764800000
tank_0592,0.0,1730764800000
tank_0593,0.0,1730764800000
tank_0595,0.0,1730764800000
tank_0600,0.0,1730764800000
tank_0604,0.0,1730764800000
tank_0606,0.0,1730764800000
tank_0607,6.247058823529412,1730764800000
tank_0608,883.0,1730764800000
tank_0610,0.0,1730764800000
tank_0611,0.0,1730764800000
tank_0612,0.0,1730764800000
tank_0613,0.0,1730764800000
tank_0619,7.882352941176471,1730764800000
tank_0626,0.0,1730764800000
tank_0627,0.0,1730764800000
tank_0628,0.0,1730764800000
tank_0632,0.0,1730764800000
tank_0633,0.0,1730764800000
tank_0639,0.0,1730764800000
tank_0640,0.0,1730764800000
tank_0641,0.0,1730764800000
tank_0643,0.0,1730764800000
tank_0646,0.0,1730764800000
tank_0663,0.0,1730764800000
tank_0664,21.737254901960785,1730764800000
tank_0666,0.0,1730764800000
tank_0667,0.0,1730764800000
tank_0670,8.0,1730764800000
tank_0675,0.0,1730764800000
tank_0676,643.0,1730764800000
tank_0678,0.0,1730764800000
tank_0681,0.0,1730764800000
tank_0687,8.0,1730764800000
tank_0688,323.0,1730764800000
tank_0697,0.0,1730764800000
tank_0720,21.862745098039216,1730764800000
tank_0722,0.0,1730764800000
tank_0724,0.0,1730764800000
tank_0725,36.0,1730764800000
tank_0728,0.0,1730764800000
tank_0730,1.615686274509804,1730764800000
tank_0731,1001.0,1730764800000
tank_0732,0.0,1730764800000
tank_0737,558.6666666666667,1730764800000
tank_0739,0.0,1730764800000
tank_0740,0.0,1730764800000
tank_0746,0.0,1730764800000
tank_0748,0.0,1730764800000
tank_0749,0.0,1730764800000
tank_0752,0.0,1730764800000
tank_0760,0.0,1730764800000
tank_0770,0.0,1730764800000
tank_0772,0.0,1730764800000
tank_0788,0.0,1730764800000
tank_0789,0.0,1730764800000
tank_0792,2.0,1730764800000
tank_0797,73.0,1730764800000
tank_0800,632.7725490196078,1730764800000
tank_0802,20.870588235294118,1730764800000
tank_0803,0.0,1730764800000
tank_0808,15.380392156862744,1730764800000
tank_0810,9.0,1730764800000
tank_0811,2.0,1730764800000
tank_0812,55.0,1730764800000
tank_0813,3.8352941176470585,1730764800000
tank_0816,0.0,1730764800000
tank_0819,0.0,1730764800000
tank_0823,0.0,1730764800000
tank_0824,406.0,1730764800000
tank_0825,23.29019607843137,1730764800000
tank_0828,42.82745098039216,1730764800000
tank_0829,66.58039215686274,1730764800000
tank_0830,364.01960784313724,1730764800000
tank_0831,0.0,1730764800000
tank_0844,0.0,1730764800000
tank_0852,201.94117647058823,1730764800000
tank_0855,96.0,1730764800000
tank_0856,848.0,1730764800000
tank_0860,0.0,1730764800000
tank_0861,0.0,1730764800000
tank_0872,30.7921568627451,1730764800000
tank_0875,397.8078431372549,1730764800000
tank_0879,175.5254901960784,1730764800000
tank_0885,0.0,1730764800000
tank_0891,40.0,1730764800000
tank_0894,1431.0,1730764800000
tank_0898,519.0,1730764800000
tank_0900,113.73725490196078,1730764800000
tank_0901,132.88627450980394,1730764800000
tank_0902,155.0,1730764800000
tank_0914,97.4470588235294,1730764800000
tank_0917,486.0,1730764800000
tank_0919,86.0,1730764800000
tank_0920,324.7725490196078,1730764800000
tank_0922,167.0,1730764800000
tank_0923,133.5176470588235,1730764800000
tank_0924,0.0,1730764800000
tank_0926,0.0,1730764800000
tank_0927,11.388235294117647,1730764800000
tank_0928,83.3686274509804,1730764800000
tank_0930,139.0,1730764800000
tank_0931,332.0,1730764800000
tank_0933,0.0,1730764800000
tank_0934,0.0,1730764800000
tank_0937,0.0,1730764800000
tank_0938,0.0,1730764800000
tank_0939,0.0,1730764800000
tank_0944,135.92549019607844,1730764800000
tank_0946,0.0,1730764800000
tank_0952,58.0,1730764800000
tank_0958,0.0,1730764800000
tank_0962,1635.0,1730764800000
tank_0967,184.41960784313724,1730764800000
tank_0975,0.0,1730764800000
tank_0978,0.0,1730764800000
tank_0990,0.0,1730764800000
tank_0991,631.0,1730764800000
tank_0998,0.0,1730764800000
tank_0999,0.0,1730764800000
tank_1003,1295.3568627450982,1730764800000
tank_1004,0.0,1730764800000
tank_1014,700.0,1730764800000
tank_1026,253.68627450980392,1730764800000
tank_1031,85.17254901960784,1730764800000
tank_1032,2.7372549019607844,1730764800000
tank_1034,1.203921568627451,1730764800000
tank_1042,41.0,1730764800000
tank_1045,40.0,1730764800000
tank_1049,139.76078431372548,1730764800000
tank_1055,21.070588235294117,1730764800000
tank_1061,45.78823529411765,1730764800000
tank_1062,0.0,1730764800000
tank_1064,0.0,1730764800000
tank_1065,4.827450980392157,1730764800000
tank_1066,0.0,1730764800000
tank_1070,182.0,1730764800000
tank_1073,96.0,1730764800000
tank_1083,0.0,1730764800000
tank_1086,119.14901960784314,1730764800000
tank_1088,9.0,1730764800000
tank_1089,23.0,1730764800000
tank_1090,190.86274509803923,1730764800000
tank_1091,0.0,1730764800000
tank_1094,1694.0,1730764800000
tank_1095,8.0,1730764800000
tank_1104,1.0,1730764800000
tank_1113,38.0,1730764800000
tank_1116,0.0,1730764800000
tank_1117,0.0,1730764800000
tank_1120,431.98823529411766,1730764800000
tank_1121,388.0,1730764800000
tank_1124,32.10588235294118,1730764800000
tank_1128,74.0,1730764800000
tank_1134,1.788235294117647,1730764800000
tank_1135,91.13333333333331,1730764800000
tank_1146,8.0,1730764800000
tank_1149,0.0,1730764800000
tank_1156,0.0,1730764800000
tank_1157,23.98039215686275,1730764800000
tank_1159,413.0,1730764800000
tank_1160,595.0,1730764800000
tank_1166,8.215686274509803,1730764800000
tank_1170,24.96862745098039,1730764800000
tank_1175,0.0,1730764800000
tank_1177,0.0,1730764800000
tank_1179,4.0,1730764800000
tank_1181,157.8235294117647,1730764800000
tank_1186,0.0,1730764800000
tank_1187,22.27843137254902,1730764800000
tank_1190,0.0,1730764800000
tank_1192,23.0,1730764800000
tank_1196,0.0,1730764800000
tank_1197,1376.8235294117649,1730764800000
tank_1201,0.0,1730764800000
tank_1203,0.35294117647058826,1730764800000
tank_1205,51.0,1730764800000
tank_1209,1163.5372549019608,1730764800000
tank_1217,0.0,1730764800000
tank_1223,34.294117647058826,1730764800000
tank_1226,179.3607843137255,1730764800000
tank_1228,968.6745098039215,1730764800000
tank_1230,0.0,1730764800000
tank_1237,31.0,1730764800000
tank_1239,759.0,1730764800000
tank_1245,0.0,1730764800000
tank_1246,204.8235294117647,1730764800000
tank_1250,0.0,1730764800000
tank_1254,415.0,1730764800000
tank_1255,0.0,1730764800000
tank_1258,202.0,1730764800000
tank_1261,0.0,1730764800000
tank_1262,0.0,1730764800000
tank_1263,77.0,1730764800000
tank_1265,106.58039215686274,1730764800000
tank_1270,0.0,1730764800000
tank_1272,14.745098039215687,1730764800000
tank_1275,0.0,1730764800000
tank_1276,142.95294117647057,1730764800000
tank_1279,0.0,1730764800000
tank_1280,0.0,1730764800000
tank_1284,0.0,1730764800000
tank_1285,19.584313725490198,1730764800000
tank_1286,169.85490196078433,1730764800000
tank_1290,39.30196078431373,1730764800000
tank_1291,40.0,1730764800000
tank_1293,0.0,1730764800000
tank_1295,0.0,1730764800000
tank_1297,6.0,1730764800000
tank_1301,195.0,1730764800000
tank_1302,59.98039215686275,1730764800000
tank_1304,0.0,1730764800000
tank_1305,143.72941176470584,1730764800000
tank_1313,1203.0,1730764800000
tank_1322,0.0,1730764800000
tank_1325,0.0,1730764800000
tank_1326,0.0,1730764800000
tank_1344,0.0,1730764800000
tank_1346,0.0,1730764800000
tank_1349,0.0,1730764800000
tank_1353,1129.0,1730764800000
tank_1358,0.0,1730764800000
tank_1359,0.0,1730764800000
tank_1361,971.0,1730764800000
tank_1364,1568.0,1730764800000
tank_1365,32.95294117647059,1730764800000
tank_1372,0.0,1730764800000
tank_1374,290.0,1730764800000
tank_1378,516.0,1730764800000
tank_1380,73.76862745098039,1730764800000
tank_1386,536.0,1730764800000
tank_1391,26.0,1730764800000
tank_1393,0.0,1730764800000
tank_1396,0.0,1730764800000
tank_1397,0.0,1730764800000
tank_1403,10.0,1730764800000
tank_1409,0.0,1730764800000
tank_1412,21.568627450980394,1730764800000
tank_1415,0.0,1730764800000
tank_1416,47.635294117647064,1730764800000
tank_1421,426.0,1730764800000
tank_1422,0.0,1730764800000
tank_1425,276.0,1730764800000
tank_1426,141.078431372549,1730764800000
tank_1430,0.0,1730764800000
tank_1433,550.0,1730764800000
tank_1438,0.0,1730764800000
tank_1439,28.152941176470584,1730764800000
tank_1441,0.0,1730764800000
tank_1443,0.0,1730764800000
tank_1445,0.0,1730764800000
tank_1446,0.0,1730764800000
tank_1450,0.0,1730764800000
tank_1452,0.0,1730764800000
tank_1456,0.0,1730764800000
tank_1466,0.0,1730764800000
tank_1471,0.0,1730764800000
tank_1475,615.6549019607843,1730764800000
tank_1486,1314.0,1730764800000
tank_1488,133.0,1730764800000
tank_1491,19.0,1730764800000
tank_1500,10.0,1730764800000
tank_1505,808.0,1730764800000
tank_1513,477.0,1730764800000
tank_1531,0.0,1730764800000
tank_1536,2.0,1730764800000
tank_1539,70.0,1730764800000
tank_1541,122.0,1730764800000
tank_1542,0.0,1730764800000
tank_1547,163.0,1730764800000
tank_1563,31.447058823529414,1730764800000
tank_1564,0.0,1730764800000
tank_1565,768.0,1730764800000
tank_1567,20.0,1730764800000
tank_1568,0.0,1730764800000
tank_1573,227.0,1730764800000
tank_1583,0.0,1730764800000
tank_1587,937.0,1730764800000
tank_1588,0.0,1730764800000
tank_1592,0.0,1730764800000
tank_1594,69.0,1730764800000
tank_1595,36.73725490196078,1730764800000
tank_1597,0.0,1730764800000
tank_1598,30.545098039215684,1730764800000
tank_1600,0.0,1730764800000
tank_1604,0.0,1730764800000
tank_0002,0.0,1731801600000
tank_0004,0.0,1731801600000
tank_0005,0.0,1731801600000
tank_0011,0.0,1731801600000
tank_0014,0.0,1731801600000
tank_0019,0.0,1731801600000
tank_0024,0.0,1731801600000
tank_0025,0.0,1731801600000
tank_0026,0.0,1731801600000
tank_0027,0.0,1731801600000
tank_0030,0.0,1731801600000
tank_0031,117.0,1731801600000
tank_0036,0.0,1731801600000
tank_0037,0.0,1731801600000
tank_0038,0.0,1731801600000
tank_0050,3.0,1731801600000
tank_0051,0.0,1731801600000
tank_0052,0.0,1731801600000
tank_0053,0.0,1731801600000
tank_0055,0.0,1731801600000
tank_0057,4.0,1731801600000
tank_0058,0.0,1731801600000
tank_0064,25.0,1731801600000
tank_0069,75.0,1731801600000
tank_0072,0.0,1731801600000
tank_0073,0.0,1731801600000
tank_0080,26.95294117647059,1731801600000
tank_0094,0.0,1731801600000
tank_0107,0.0,1731801600000
tank_0110,8.0,1731801600000
tank_0113,0.0,1731801600000
tank_0115,0.0,1731801600000
tank_0116,0.0,1731801600000
tank_0117,82.0,1731801600000
tank_0118,0.0,1731801600000
tank_0122,0.0,1731801600000
tank_0125,0.0,1731801600000
tank_0130,0.0,1731801600000
tank_0131,0.0,1731801600000
tank_0132,0.0,1731801600000
tank_0134,0.0,1731801600000
tank_0135,0.0,1731801600000
tank_0142,0.0,1731801600000
tank_0143,0.0,1731801600000
tank_0144,0.0,1731801600000
tank_0148,0.0,1731801600000
tank_0153,41.0,1731801600000
tank_0156,0.0,1731801600000
tank_0159,0.0,1731801600000
tank_0165,0.0,1731801600000
tank_0171,0.0,1731801600000
tank_0172,0.0,1731801600000
tank_0174,0.0,1731801600000
tank_0176,0.0,1731801600000
tank_0184,0.0,1731801600000
tank_0187,0.0,1731801600000
tank_0190,0.0,1731801600000
tank_0192,0.0,1731801600000
tank_0193,0.0,1731801600000
tank_0195,0.0,1731801600000
tank_0199,0.0,1731801600000
tank_0204,0.0,1731801600000
tank_0205,0.0,1731801600000
tank_0207,0.0,1731801600000
tank_0209,0.0,1731801600000
tank_0213,0.0,1731801600000
tank_0217,0.0,1731801600000
tank_0220,0.0,1731801600000
tank_0221,0.0,1731801600000
tank_0225,0.0,1731801600000
tank_0226,0.0,1731801600000
tank_0228,0.0,1731801600000
tank_0229,0.0,1731801600000
tank_0231,0.0,1731801600000
tank_0233,0.0,1731801600000
tank_0236,0.0,1731801600000
tank_0237,0.0,1731801600000
tank_0240,0.0,1731801600000
tank_0242,20.807843137254903,1731801600000
tank_0245,0.0,1731801600000
tank_0247,163.0,1731801600000
tank_0256,0.0,1731801600000
tank_0257,0.0,1731801600000
tank_0260,0.0,1731801600000
tank_0261,0.0,1731801600000
tank_0264,2.0,1731801600000
tank_0273,310.0,1731801600000
tank_0276,0.0,1731801600000
tank_0278,0.0,1731801600000
tank_0280,0.0,1731801600000
tank_0291,1.0,1731801600000
tank_0292,0.0,1731801600000
tank_0296,0.0,1731801600000
tank_0297,12.639215686274511,1731801600000
tank_0299,0.0,1731801600000
tank_0300,0.0,1731801600000
tank_0301,0.0,1731801600000
tank_0307,8.0,1731801600000
tank_0309,24.91372549019608,1731801600000
tank_0313,0.0,1731801600000
tank_0314,0.0,1731801600000
tank_0319,11.0,1731801600000
tank_0321,0.0,1731801600000
tank_0327,0.0,1731801600000
tank_0337,0.0,1731801600000
tank_0338,0.0,1731801600000
tank_0339,0.0,1731801600000
tank_0342,2.0,1731801600000
tank_0345,0.0,1731801600000
tank_0346,0.0,1731801600000
tank_0349,246.0,1731801600000
tank_0350,0.0,1731801600000
tank_0353,0.0,1731801600000
tank_0356,0.0,1731801600000
tank_0360,0.0,1731801600000
tank_0361,0.0,1731801600000
tank_0362,0.0,1731801600000
tank_0364,0.0,1731801600000
tank_0366,0.0,1731801600000
tank_0369,0.0,1731801600000
tank_0375,0.0,1731801600000
tank_0379,0.0,1731801600000
tank_0381,0.0,1731801600000
tank_0386,39.0,1731801600000
tank_0390,21.99607843137255,1731801600000
tank_0397,0.0,1731801600000
tank_0399,0.0,1731801600000
tank_0404,126.98039215686275,1731801600000
tank_0409,0.0,1731801600000
tank_0420,0.0,1731801600000
tank_0425,0.0,1731801600000
tank_0431,0.0,1731801600000
tank_0432,0.0,1731801600000
tank_0435,37.0,1731801600000
tank_0436,0.0,1731801600000
tank_0438,6.0,1731801600000
tank_0443,0.0,1731801600000
tank_0444,0.0,1731801600000
tank_0447,0.0,1731801600000
tank_0448,0.0,1731801600000
tank_0449,0.0,1731801600000
tank_0455,0.0,1731801600000
tank_0460,0.0,1731801600000
tank_0462,231.0,1731801600000
tank_0466,0.0,1731801600000
tank_0471,0.0,1731801600000
tank_0473,0.0,1731801600000
tank_0474,0.0,1731801600000
tank_0481,0.0,1731801600000
tank_0485,0.0,1731801600000
tank_0489,0.0,1731801600000
tank_0491,0.0,1731801600000
tank_0494,0.0,1731801600000
tank_0497,0.0,1731801600000
tank_0498,0.0,1731801600000
tank_0502,0.0,1731801600000
tank_0505,0.0,1731801600000
tank_0509,0.0,1731801600000
tank_0512,302.2470588235294,1731801600000
tank_0514,0.0,1731801600000
tank_0515,0.0,1731801600000
tank_0521,24.0,1731801600000
tank_0524,0.0,1731801600000
tank_0526,60.8,1731801600000
tank_0533,0.0,1731801600000
tank_0534,0.0,1731801600000
tank_0536,4.0,1731801600000
tank_0537,0.0,1731801600000
tank_0541,0.0,1731801600000
tank_0547,0.0,1731801600000
tank_0552,0.0,1731801600000
tank_0555,11.0,1731801600000
tank_0556,0.0,1731801600000
tank_0557,0.0,1731801600000
tank_0560,0.0,1731801600000
tank_0561,0.0,1731801600000
tank_0566,0.0,1731801600000
tank_0567,0.0,1731801600000
tank_0568,0.0,1731801600000
tank_0574,53.0,1731801600000
tank_0579,215.0,1731801600000
tank_0583,222.0,1731801600000
tank_0587,0.0,1731801600000
tank_0589,0.0,1731801600000
tank_0590,107.0,1731801600000
tank_0592,0.0,1731801600000
tank_0593,0.0,1731801600000
tank_0595,0.0,1731801600000
tank_0600,0.0,1731801600000
tank_0604,0.0,1731801600000
tank_0606,0.0,1731801600000
tank_0607,5.0,1731801600000
tank_0608,617.0,1731801600000
tank_0610,0.0,1731801600000
tank_0611,0.0,1731801600000
tank_0612,0.0,1731801600000
tank_0613,0.0,1731801600000
tank_0619,8.0,1731801600000
tank_0626,0.0,1731801600000
tank_0627,0.0,1731801600000
tank_0628,0.0,1731801600000
tank_0632,0.0,1731801600000
tank_0633,0.0,1731801600000
tank_0639,0.0,1731801600000
tank_0640,0.0,1731801600000
tank_0641,0.0,1731801600000
tank_0643,0.0,1731801600000
tank_0646,0.0,1731801600000
tank_0663,0.0,1731801600000
tank_0664,13.737254901960785,1731801600000
tank_0666,0.0,1731801600000
tank_0667,0.0,1731801600000
tank_0670,14.0,1731801600000
tank_0675,0.0,1731801600000
tank_0676,594.0,1731801600000
tank_0678,0.0,1731801600000
tank_0681,0.0,1731801600000
tank_0687,9.0,1731801600000
tank_0688,291.0,1731801600000
tank_0697,0.0,1731801600000
tank_0720,11.827450980392157,1731801600000
tank_0722,0.0,1731801600000
tank_0724,0.0,1731801600000
tank_0725,28.0,1731801600000
tank_0728,0.0,1731801600000
tank_0730,0.0,1731801600000
tank_0731,931.0,1731801600000
tank_0732,0.0,1731801600000
tank_0737,524.9843137254902,1731801600000
tank_0739,0.0,1731801600000
tank_0740,0.0,1731801600000
tank_0746,0.0,1731801600000
tank_0748,0.0,1731801600000
tank_0749,0.0,1731801600000
tank_0752,0.0,1731801600000
tank_0760,0.0,1731801600000
tank_0770,0.0,1731801600000
tank_0772,0.0,1731801600000
tank_0788,0.0,1731801600000
tank_0789,0.0,1731801600000
tank_0792,0.0,1731801600000
tank_0797,56.95294117647059,1731801600000
tank_0800,503.843137254902,1731801600000
tank_0802,15.92156862745098,1731801600000
tank_0803,0.0,1731801600000
tank_0808,4.454901960784314,1731801600000
tank_0810,8.0,1731801600000
tank_0811,0.0,1731801600000
tank_0812,54.0,1731801600000
tank_0813,11.831372549019607,1731801600000
tank_0816,0.0,1731801600000
tank_0819,0.0,1731801600000
tank_0823,0.0,1731801600000
tank_0824,347.0,1731801600000
tank_0825,30.10196078431372,1731801600000
tank_0828,36.0,1731801600000
tank_0829,72.9843137254902,1731801600000
tank_0830,266.956862745098,1731801600000
tank_0831,0.0,1731801600000
tank_0844,0.0,1731801600000
tank_0852,161.0,1731801600000
tank_0855,97.0,1731801600000
tank_0856,787.0,1731801600000
tank_0860,0.0,1731801600000
tank_0861,0.0,1731801600000
tank_0872,27.0,1731801600000
tank_0875,389.4392156862745,1731801600000
tank_0879,168.70980392156864,1731801600000
tank_0885,0.0,1731801600000
tank_0891,17.0,1731801600000
tank_0894,1294.0,1731801600000
tank_0898,491.0,1731801600000
tank_0900,102.90588235294115,1731801600000
tank_0901,142.85882352941175,1731801600000
tank_0902,185.0,1731801600000
tank_0914,80.90588235294118,1731801600000
tank_0917,517.9725490196079,1731801600000
tank_0919,96.0,1731801600000
tank_0920,281.97254901960787,1731801600000
tank_0922,166.91372549019607,1731801600000
tank_0923,101.49803921568628,1731801600000
tank_0924,0.0,1731801600000
tank_0926,0.0,1731801600000
tank_0927,5.227450980392157,1731801600000
tank_0928,40.0,1731801600000
tank_0930,126.0,1731801600000
tank_0931,270.0,1731801600000
tank_0933,0.0,1731801600000
tank_0934,0.0,1731801600000
tank_0937,0.0,1731801600000
tank_0938,0.0,1731801600000
tank_0939,0.0,1731801600000
tank_0944,133.9921568627451,1731801600000
tank_0946,0.0,1731801600000
tank_0952,52.694117647058825,1731801600000
tank_0958,0.0,1731801600000
tank_0962,1558.0,1731801600000
tank_0967,150.91372549019607,1731801600000
tank_0975,0.0,1731801600000
tank_0978,0.0,1731801600000
tank_0990,0.0,1731801600000
tank_0991,679.0,1731801600000
tank_0998,0.0,1731801600000
tank_0999,0.0,1731801600000
tank_1003,1298.0,1731801600000
tank_1004,0.0,1731801600000
tank_1014,417.0,1731801600000
tank_1026,255.99607843137255,1731801600000
tank_1031,85.76862745098039,1731801600000
tank_1032,5.16078431372549,1731801600000
tank_1034,5.0,1731801600000
tank_1042,33.0,1731801600000
tank_1045,41.0,1731801600000
tank_1049,127.89019607843137,1731801600000
tank_1055,42.1843137254902,1731801600000
tank_1061,42.42745098039216,1731801600000
tank_1062,0.0,1731801600000
tank_1064,0.0,1731801600000
tank_1065,1.0,1731801600000
tank_1066,0.0,1731801600000
tank_1070,125.0,1731801600000
tank_1073,61.0,1731801600000
tank_1083,0.0,1731801600000
tank_1086,26.0,1731801600000
tank_1088,6.0,1731801600000
tank_1089,21.0,1731801600000
tank_1090,191.96470588235294,1731801600000
tank_1091,0.0,1731801600000
tank_1094,1622.0,1731801600000
tank_1095,8.0,1731801600000
tank_1104,0.0,1731801600000
tank_1113,33.0,1731801600000
tank_1116,0.0,1731801600000
tank_1117,0.0,1731801600000
tank_1120,469.48627450980393,1731801600000
tank_1121,287.0,1731801600000
tank_1124,30.870588235294118,1731801600000
tank_1128,67.66274509803921,1731801600000
tank_1134,0.0,1731801600000
tank_1135,61.780392156862746,1731801600000
tank_1146,1.0,1731801600000
tank_1149,0.0,1731801600000
tank_1156,0.0,1731801600000
tank_1157,10.839215686274509,1731801600000
tank_1159,362.0,1731801600000
tank_1160,618.0,1731801600000
tank_1166,0.38039215686274513,1731801600000
tank_1170,27.92941176470588,1731801600000
tank_1175,0.0,1731801600000
tank_1177,0.0,1731801600000
tank_1179,0.0,1731801600000
tank_1181,152.89019607843136,1731801600000
tank_1186,0.0,1731801600000
tank_1187,28.152941176470588,1731801600000
tank_1190,0.0,1731801600000
tank_1192,21.901960784313726,1731801600000
tank_1196,0.0,1731801600000
tank_1197,990.0,1731801600000
tank_1201,0.0,1731801600000
tank_1203,7.858823529411765,1731801600000
tank_1205,30.0,1731801600000
tank_1209,1146.0,1731801600000
tank_1217,0.0,1731801600000
tank_1223,25.654901960784315,1731801600000
tank_1226,183.24313725490197,1731801600000
tank_1228,917.0,1731801600000
tank_1230,0.0,1731801600000
tank_1237,27.976470588235294,1731801600000
tank_1239,745.0,1731801600000
tank_1245,0.0,1731801600000
tank_1246,202.0,1731801600000
tank_1250,0.0,1731801600000
tank_1254,409.0,1731801600000
tank_1255,0.0,1731801600000
tank_1258,206.0,1731801600000
tank_1261,0.0,1731801600000
tank_1262,0.0,1731801600000
tank_1263,76.87450980392157,1731801600000
tank_1265,104.0,1731801600000
tank_1270,0.0,1731801600000
tank_1272,2.0,1731801600000
tank_1275,0.0,1731801600000
tank_1276,158.95294117647057,1731801600000
tank_1279,0.0,1731801600000
tank_1280,0.0,1731801600000
tank_1284,0.0,1731801600000
tank_1285,20.090196078431372,1731801600000
tank_1286,165.06274509803922,1731801600000
tank_1290,30.0,1731801600000
tank_1291,35.247058823529414,1731801600000
tank_1293,0.0,1731801600000
tank_1295,0.0,1731801600000
tank_1297,0.0,1731801600000
tank_1301,182.0,1731801600000
tank_1302,70.47058823529412,1731801600000
tank_1304,0.0,1731801600000
tank_1305,125.13333333333333,1731801600000
tank_1313,941.0,1731801600000
tank_1322,0.0,1731801600000
tank_1325,0.0,1731801600000
tank_1326,0.0,1731801600000
tank_1344,0.0,1731801600000
tank_1346,0.0,1731801600000
tank_1349,0.0,1731801600000
tank_1353,1054.0,1731801600000
tank_1358,0.0,1731801600000
tank_1359,0.0,1731801600000
tank_1361,926.7764705882353,1731801600000
tank_1364,1550.9803921568628,1731801600000
tank_1365,13.952941176470588,1731801600000
tank_1372,0.0,1731801600000
tank_1374,229.0,1731801600000
tank_1378,489.0,1731801600000
tank_1380,74.0,1731801600000
tank_1386,488.1450980392157,1731801600000
tank_1391,24.0,1731801600000
tank_1393,0.0,1731801600000
tank_1396,0.0,1731801600000
tank_1397,0.0,1731801600000
tank_1403,8.0,1731801600000
tank_1409,0.0,1731801600000
tank_1412,27.898039215686275,1731801600000
tank_1415,0.0,1731801600000
tank_1416,49.537254901960786,1731801600000
tank_1421,415.72941176470584,1731801600000
tank_1422,0.0,1731801600000
tank_1425,176.0,1731801600000
tank_1426,123.3450980392157,1731801600000
tank_1430,0.0,1731801600000
tank_1433,366.0,1731801600000
tank_1438,0.0,1731801600000
tank_1439,37.905882352941184,1731801600000
tank_1441,0.0,1731801600000
tank_1443,0.0,1731801600000
tank_1445,0.0,1731801600000
tank_1446,0.0,1731801600000
tank_1450,0.0,1731801600000
tank_1452,0.0,1731801600000
tank_1456,0.0,1731801600000
tank_1466,0.0,1731801600000
tank_1471,0.0,1731801600000
tank_1475,621.4274509803921,1731801600000
tank_1486,972.0,1731801600000
tank_1488,131.9686274509804,1731801600000
tank_1491,4.0,1731801600000
tank_1500,11.0,1731801600000
tank_1505,758.9960784313726,1731801600000
tank_1513,429.0,1731801600000
tank_1531,0.0,1731801600000
tank_1536,0.0,1731801600000
tank_1539,81.0,1731801600000
tank_1541,101.0,1731801600000
tank_1542,0.0,1731801600000
tank_1547,389.91372549019604,1731801600000
tank_1563,29.780392156862746,1731801600000
tank_1564,0.0,1731801600000
tank_1565,1390.0,1731801600000
tank_1567,27.0,1731801600000
tank_1568,0.0,1731801600000
tank_1573,230.0235294117647,1731801600000
tank_1583,0.0,1731801600000
tank_1587,855.0,1731801600000
tank_1588,0.0,1731801600000
tank_1592,0.0,1731801600000
tank_1594,66.0,1731801600000
tank_1595,41.501960784313724,1731801600000
tank_1597,0.0,1731801600000
tank_1598,31.419607843137257,1731801600000
tank_1600,0.0,1731801600000
tank_1604,0.0,1731801600000
tank_0002,0.0,1732838400000
tank_0004,0.0,1732838400000
tank_0005,0.0,1732838400000
tank_0011,0.0,1732838400000
tank_0014,0.0,1732838400000
tank_0019,0.0,1732838400000
tank_0024,0.0,1732838400000
tank_0025,0.0,1732838400000
tank_0026,0.0,1732838400000
tank_0027,0.0,1732838400000
tank_0030,0.0,1732838400000
tank_0031,129.94117647058823,1732838400000
tank_0036,0.0,1732838400000
tank_0037,0.0,1732838400000
tank_0038,0.0,1732838400000
tank_0050,12.0,1732838400000
tank_0051,0.0,1732838400000
tank_0052,0.0,1732838400000
tank_0053,3.8274509803921566,1732838400000
tank_0055,0.0,1732838400000
tank_0057,0.0,1732838400000
tank_0058,0.0,1732838400000
tank_0064,57.0,1732838400000
tank_0069,139.0,1732838400000
tank_0072,0.0,1732838400000
tank_0073,0.0,1732838400000
tank_0080,23.0,1732838400000
tank_0094,0.0,1732838400000
tank_0107,0.0,1732838400000
tank_0110,10.0,1732838400000
tank_0113,0.0,1732838400000
tank_0115,0.0,1732838400000
tank_0116,0.0,1732838400000
tank_0117,98.0,1732838400000
tank_0118,0.0,1732838400000
tank_0122,0.0,1732838400000
tank_0125,7.670588235294117,1732838400000
tank_0130,0.0,1732838400000
tank_0131,0.0,1732838400000
tank_0132,0.0,1732838400000
tank_0134,0.0,1732838400000
tank_0135,0.0,1732838400000
tank_0142,0.0,1732838400000
tank_0143,2.0,1732838400000
tank_0144,0.0,1732838400000
tank_0148,0.0,1732838400000
tank_0153,39.0,1732838400000
tank_0156,1.0,1732838400000
tank_0159,0.0,1732838400000
tank_0165,0.0,1732838400000
tank_0171,0.0,1732838400000
tank_0172,0.0,1732838400000
tank_0174,3.466666666666667,1732838400000
tank_0176,0.0,1732838400000
tank_0184,0.0,1732838400000
tank_0187,0.0,1732838400000
tank_0190,5.549019607843137,1732838400000
tank_0192,0.0,1732838400000
tank_0193,0.0,1732838400000
tank_0195,0.0,1732838400000
tank_0199,0.0,1732838400000
tank_0204,2.0,1732838400000
tank_0205,0.0,1732838400000
tank_0207,0.054901960784313725,1732838400000
tank_0209,0.0,1732838400000
tank_0213,0.0,1732838400000
tank_0217,0.0,1732838400000
tank_0220,0.0,1732838400000
tank_0221,1.0,1732838400000
tank_0225,0.0,1732838400000
tank_0226,0.0,1732838400000
tank_0228,0.0,1732838400000
tank_0229,0.0,1732838400000
tank_0231,0.0,1732838400000
tank_0233,0.0,1732838400000
tank_0236,0.0,1732838400000
tank_0237,0.0,1732838400000
tank_0240,0.0,1732838400000
tank_0242,23.807843137254903,1732838400000
tank_0245,0.0,1732838400000
tank_0247,258.964705882353,1732838400000
tank_0256,0.0,1732838400000
tank_0257,0.0,1732838400000
tank_0260,0.0,1732838400000
tank_0261,0.0,1732838400000
tank_0264,4.0,1732838400000
tank_0273,377.0,1732838400000
tank_0276,0.0,1732838400000
tank_0278,0.0,1732838400000
tank_0280,0.0,1732838400000
tank_0291,7.0,1732838400000
tank_0292,0.0,1732838400000
tank_0296,0.0,1732838400000
tank_0297,15.552941176470588,1732838400000
tank_0299,0.0,1732838400000
tank_0300,2.83921568627451,1732838400000
tank_0301,1.396078431372549,1732838400000
tank_0307,11.0,1732838400000
tank_0309,29.0,1732838400000
tank_0313,0.0,1732838400000
tank_0314,0.0,1732838400000
tank_0319,17.80392156862745,1732838400000
tank_0321,0.0,1732838400000
tank_0327,0.0,1732838400000
tank_0337,0.0,1732838400000
tank_0338,0.0,1732838400000
tank_0339,0.0,1732838400000
tank_0342,0.7490196078431373,1732838400000
tank_0345,0.0,1732838400000
tank_0346,0.0,1732838400000
tank_0349,273.0,1732838400000
tank_0350,8.0,1732838400000
tank_0353,0.0,1732838400000
tank_0356,0.0,1732838400000
tank_0360,0.0,1732838400000
tank_0361,0.0,1732838400000
tank_0362,0.0,1732838400000
tank_0364,0.0,1732838400000
tank_0366,2.0,1732838400000
tank_0369,0.0,1732838400000
tank_0375,0.0,1732838400000
tank_0379,2.0,1732838400000
tank_0381,0.0,1732838400000
tank_0386,34.79607843137255,1732838400000
tank_0390,33.99607843137255,1732838400000
tank_0397,0.0,1732838400000
tank_0399,0.0,1732838400000
tank_0404,155.34901960784316,1732838400000
tank_0409,0.0,1732838400000
tank_0420,0.11764705882352941,1732838400000
tank_0425,0.0,1732838400000
tank_0431,0.0,1732838400000
tank_0432,3.0,1732838400000
tank_0435,21.0,1732838400000
tank_0436,0.0,1732838400000
tank_0438,15.0,1732838400000
tank_0443,0.0,1732838400000
tank_0444,1.0,1732838400000
tank_0447,1.0,1732838400000
tank_0448,0.0,1732838400000
tank_0449,0.0,1732838400000
tank_0455,3.4941176470588236,1732838400000
tank_0460,12.964705882352943,1732838400000
tank_0462,231.0,1732838400000
tank_0466,0.0,1732838400000
tank_0471,2.0,1732838400000
tank_0473,8.0,1732838400000
tank_0474,0.0,1732838400000
tank_0481,7.0,1732838400000
tank_0485,0.0,1732838400000
tank_0489,0.0,1732838400000
tank_0491,0.0,1732838400000
tank_0494,0.0,1732838400000
tank_0497,0.0,1732838400000
tank_0498,0.0,1732838400000
tank_0502,0.0,1732838400000
tank_0505,0.0,1732838400000
tank_0509,1.3764705882352941,1732838400000
tank_0512,309.5843137254902,1732838400000
tank_0514,0.0,1732838400000
tank_0515,0.0,1732838400000
tank_0521,21.0,1732838400000
tank_0524,0.0,1732838400000
tank_0526,52.0,1732838400000
tank_0533,0.0,1732838400000
tank_0534,0.0,1732838400000
tank_0536,0.0,1732838400000
tank_0537,0.0,1732838400000
tank_0541,0.0,1732838400000
tank_0547,0.0,1732838400000
tank_0552,0.0,1732838400000
tank_0555,0.0,1732838400000
tank_0556,0.0,1732838400000
tank_0557,0.0,1732838400000
tank_0560,0.0,1732838400000
tank_0561,0.0,1732838400000
tank_0566,0.0,1732838400000
tank_0567,1.0,1732838400000
tank_0568,0.0,1732838400000
tank_0574,48.0,1732838400000
tank_0579,235.0,1732838400000
tank_0583,189.0,1732838400000
tank_0587,0.0,1732838400000
tank_0589,0.0,1732838400000
tank_0590,113.0,1732838400000
tank_0592,0.0,1732838400000
tank_0593,0.0,1732838400000
tank_0595,0.0,1732838400000
tank_0600,0.0,1732838400000
tank_0604,0.0,1732838400000
tank_0606,1.8745098039215686,1732838400000
tank_0607,10.364705882352942,1732838400000
tank_0608,821.0,1732838400000
tank_0610,2.937254901960784,1732838400000
tank_0611,0.0,1732838400000
tank_0612,0.0,1732838400000
tank_0613,0.0,1732838400000
tank_0619,5.0,1732838400000
tank_0626,0.0,1732838400000
tank_0627,0.0,1732838400000
tank_0628,0.0,1732838400000
tank_0632,0.0,1732838400000
tank_0633,0.0,1732838400000
tank_0639,0.0,1732838400000
tank_0640,0.0,1732838400000
tank_0641,0.0,1732838400000
tank_0643,0.0,1732838400000
tank_0646,0.0,1732838400000
tank_0663,0.0,1732838400000
tank_0664,4.0,1732838400000
tank_0666,0.0,1732838400000
tank_0667,0.0,1732838400000
tank_0670,15.984313725490196,1732838400000
tank_0675,0.0,1732838400000
tank_0676,713.9921568627451,1732838400000
tank_0678,0.0,1732838400000
tank_0681,0.0,1732838400000
tank_0687,9.0,1732838400000
tank_0688,313.0,1732838400000
tank_0697,0.0,1732838400000
tank_0720,10.862745098039216,1732838400000
tank_0722,0.0,1732838400000
tank_0724,0.0,1732838400000
tank_0725,32.0,1732838400000
tank_0728,0.0,1732838400000
tank_0730,0.0,1732838400000
tank_0731,886.0,1732838400000
tank_0732,0.0,1732838400000
tank_0737,533.0,1732838400000
tank_0739,0.0,1732838400000
tank_0740,0.0,1732838400000
tank_0746,0.0,1732838400000
tank_0748,0.0,1732838400000
tank_0749,0.0,1732838400000
tank_0752,0.0,1732838400000
tank_0760,0.0,1732838400000
tank_0770,0.0,1732838400000
tank_0772,0.0,1732838400000
tank_0788,0.0,1732838400000
tank_0789,0.0,1732838400000
tank_0792,21.50980392156863,1732838400000
tank_0797,32.95294117647059,1732838400000
tank_0800,740.5921568627451,1732838400000
tank_0802,22.972549019607843,1732838400000
tank_0803,0.0,1732838400000
tank_0808,27.180392156862744,1732838400000
tank_0810,13.0,1732838400000
tank_0811,5.745098039215686,1732838400000
tank_0812,50.0,1732838400000
tank_0813,8.349019607843136,1732838400000
tank_0816,8.549019607843137,1732838400000
tank_0819,0.0,1732838400000
tank_0823,0.0,1732838400000
tank_0824,304.0,1732838400000
tank_0825,15.352941176470589,1732838400000
tank_0828,39.0,1732838400000
tank_0829,73.85882352941177,1732838400000
tank_0830,275.8509803921569,1732838400000
tank_0831,0.0,1732838400000
tank_0844,0.0,1732838400000
tank_0852,136.0,1732838400000
tank_0855,97.98039215686275,1732838400000
tank_0856,668.0,1732838400000
tank_0860,0.0,1732838400000
tank_0861,0.0,1732838400000
tank_0872,30.7921568627451,1732838400000
tank_0875,352.9294117647059,1732838400000
tank_0879,173.49803921568628,1732838400000
tank_0885,0.0,1732838400000
tank_0891,38.0,1732838400000
tank_0894,1194.0,1732838400000
tank_0898,476.0,1732838400000
tank_0900,127.55686274509803,1732838400000
tank_0901,139.83529411764704,1732838400000
tank_0902,160.0,1732838400000
tank_0914,77.84313725490196,1732838400000
tank_0917,541.0,1732838400000
tank_0919,141.0,1732838400000
tank_0920,330.8,1732838400000
tank_0922,194.0,1732838400000
tank_0923,135.31372549019608,1732838400000
tank_0924,0.0,1732838400000
tank_0926,0.0,1732838400000
tank_0927,5.854901960784314,1732838400000
tank_0928,77.83921568627451,1732838400000
tank_0930,127.0,1732838400000
tank_0931,317.0,1732838400000
tank_0933,0.0,1732838400000
tank_0934,0.0,1732838400000
tank_0937,0.0,1732838400000
tank_0938,0.0,1732838400000
tank_0939,6.52156862745098,1732838400000
tank_0944,129.0,1732838400000
tank_0946,0.3686274509803922,1732838400000
tank_0952,57.780392156862746,1732838400000
tank_0958,0.0,1732838400000
tank_0962,1377.0,1732838400000
tank_0967,154.0,1732838400000
tank_0975,0.0,1732838400000
tank_0978,0.0,1732838400000
tank_0990,0.0,1732838400000
tank_0991,479.0,1732838400000
tank_0998,0.0,1732838400000
tank_0999,0.0,1732838400000
tank_1003,1190.1764705882354,1732838400000
tank_1004,0.0,1732838400000
tank_1014,730.8117647058823,1732838400000
tank_1026,251.99607843137255,1732838400000
tank_1031,109.10196078431373,1732838400000
tank_1032,25.807843137254903,1732838400000
tank_1034,2.7529411764705882,1732838400000
tank_1042,47.0,1732838400000
tank_1045,32.0,1732838400000
tank_1049,126.99607843137255,1732838400000
tank_1055,57.3843137254902,1732838400000
tank_1061,42.67058823529412,1732838400000
tank_1062,0.0,1732838400000
tank_1064,0.0,1732838400000
tank_1065,10.486274509803922,1732838400000
tank_1066,0.0,1732838400000
tank_1070,164.0,1732838400000
tank_1073,71.0,1732838400000
tank_1083,0.0,1732838400000
tank_1086,25.30980392156863,1732838400000
tank_1088,16.901960784313726,1732838400000
tank_1089,23.0,1732838400000
tank_1090,206.98823529411766,1732838400000
tank_1091,0.0,1732838400000
tank_1094,1521.0,1732838400000
tank_1095,8.0,1732838400000
tank_1104,2.454901960784314,1732838400000
tank_1113,35.0,1732838400000
tank_1116,0.0,1732838400000
tank_1117,0.0,1732838400000
tank_1120,399.61960784313726,1732838400000
tank_1121,347.60392156862747,1732838400000
tank_1124,26.87843137254902,1732838400000
tank_1128,72.50980392156862,1732838400000
tank_1134,2.8784313725490196,1732838400000
tank_1135,88.76862745098036,1732838400000
tank_1146,5.0,1732838400000
tank_1149,0.0,1732838400000
tank_1156,0.0,1732838400000
tank_1157,19.156862745098042,1732838400000
tank_1159,391.0,1732838400000
tank_1160,649.0,1732838400000
tank_1166,0.18823529411764706,1732838400000
tank_1170,29.349019607843136,1732838400000
tank_1175,0.0,1732838400000
tank_1177,0.0,1732838400000
tank_1179,6.08235294117647,1732838400000
tank_1181,146.88235294117646,1732838400000
tank_1186,0.0,1732838400000
tank_1187,19.337254901960783,1732838400000
tank_1190,0.0,1732838400000
tank_1192,22.984313725490196,1732838400000
tank_1196,0.0,1732838400000
tank_1197,1310.0,1732838400000
tank_1201,0.0,1732838400000
tank_1203,0.0,1732838400000
tank_1205,32.0,1732838400000
tank_1209,747.0,1732838400000
tank_1217,0.0,1732838400000
tank_1223,14.968627450980392,1732838400000
tank_1226,193.95686274509805,1732838400000
tank_1228,750.4823529411765,1732838400000
tank_1230,0.0,1732838400000
tank_1237,32.0,1732838400000
tank_1239,715.9176470588236,1732838400000
tank_1245,0.0,1732838400000
tank_1246,186.0,1732838400000
tank_1250,0.0,1732838400000
tank_1254,472.0,1732838400000
tank_1255,4.4980392156862745,1732838400000
tank_1258,210.0,1732838400000
tank_1261,0.0,1732838400000
tank_1262,1.0,1732838400000
tank_1263,63.0,1732838400000
tank_1265,85.58039215686274,1732838400000
tank_1270,0.0,1732838400000
tank_1272,14.870588235294118,1732838400000
tank_1275,0.0,1732838400000
tank_1276,139.0,1732838400000
tank_1279,0.0,1732838400000
tank_1280,0.0,1732838400000
tank_1284,0.0,1732838400000
tank_1285,12.607843137254902,1732838400000
tank_1286,153.8470588235294,1732838400000
tank_1290,37.0,1732838400000
tank_1291,18.0,1732838400000
tank_1293,0.0,1732838400000
tank_1295,1.6392156862745098,1732838400000
tank_1297,0.0,1732838400000
tank_1301,193.0,1732838400000
tank_1302,55.984313725490196,1732838400000
tank_1304,0.8196078431372549,1732838400000
tank_1305,124.77647058823528,1732838400000
tank_1313,1125.0,1732838400000
tank_1322,0.0,1732838400000
tank_1325,0.0,1732838400000
tank_1326,4.0,1732838400000
tank_1344,0.0,1732838400000
tank_1346,3.9333333333333336,1732838400000
tank_1349,0.0,1732838400000
tank_1353,1048.0,1732838400000
tank_1358,0.0,1732838400000
tank_1359,0.0,1732838400000
tank_1361,855.0,1732838400000
tank_1364,1130.0,1732838400000
tank_1365,3.0,1732838400000
tank_1372,0.0,1732838400000
tank_1374,123.0,1732838400000
tank_1378,414.0,1732838400000
tank_1380,66.0,1732838400000
tank_1386,437.164705882353,1732838400000
tank_1391,24.0,1732838400000
tank_1393,0.0,1732838400000
tank_1396,0.0,1732838400000
tank_1397,0.0,1732838400000
tank_1403,5.0,1732838400000
tank_1409,0.0,1732838400000
tank_1412,20.43529411764706,1732838400000
tank_1415,0.0,1732838400000
tank_1416,56.305882352941175,1732838400000
tank_1421,469.0,1732838400000
tank_1422,0.0,1732838400000
tank_1425,263.0,1732838400000
tank_1426,144.95686274509802,1732838400000
tank_1430,0.0,1732838400000
tank_1433,553.0,1732838400000
tank_1438,0.0,1732838400000
tank_1439,39.082352941176474,1732838400000
tank_1441,2.905882352941177,1732838400000
tank_1443,2.4,1732838400000
tank_1445,0.0,1732838400000
tank_1446,0.0,1732838400000
tank_1450,0.0,1732838400000
tank_1452,2.5137254901960784,1732838400000
tank_1456,0.0,1732838400000
tank_1466,0.0,1732838400000
tank_1471,0.0,1732838400000
tank_1475,600.0,1732838400000
tank_1486,1332.0,1732838400000
tank_1488,159.84313725490196,1732838400000
tank_1491,4.0,1732838400000
tank_1500,4.0,1732838400000
tank_1505,732.0,1732838400000
tank_1513,459.0,1732838400000
tank_1531,0.0,1732838400000
tank_1536,0.0,1732838400000
tank_1539,90.0,1732838400000
tank_1541,114.69019607843137,1732838400000
tank_1542,0.0,1732838400000
tank_1547,436.7647058823529,1732838400000
tank_1563,31.411764705882355,1732838400000
tank_1564,0.0,1732838400000
tank_1565,1689.0,1732838400000
tank_1567,27.0,1732838400000
tank_1568,0.0,1732838400000
tank_1573,221.0,1732838400000
tank_1583,0.0,1732838400000
tank_1587,851.0,1732838400000
tank_1588,0.0,1732838400000
tank_1592,0.0,1732838400000
tank_1594,77.0,1732838400000
tank_1595,11.0,1732838400000
tank_1597,0.0,1732838400000
tank_1598,32.47450980392157,1732838400000
tank_1600,0.0,1732838400000
tank_1604,0.0,1732838400000
tank_0002,0.0,1733875200000
tank_0004,0.0,1733875200000
tank_0005,0.5725490196078431,1733875200000
tank_0011,0.0,1733875200000
tank_0014,0.0,1733875200000
tank_0019,0.0,1733875200000
tank_0024,0.0,1733875200000
tank_0025,4.0,1733875200000
tank_0026,0.0,1733875200000
tank_0027,0.0,1733875200000
tank_0030,0.0,1733875200000
tank_0031,126.75686274509803,1733875200000
tank_0036,0.0,1733875200000
tank_0037,0.0,1733875200000
tank_0038,0.0,1733875200000
tank_0050,2.0,1733875200000
tank_0051,0.0,1733875200000
tank_0052,0.0,1733875200000
tank_0053,0.0,1733875200000
tank_0055,0.0,1733875200000
tank_0057,0.0,1733875200000
tank_0058,0.0,1733875200000
tank_0064,39.85098039215686,1733875200000
tank_0069,107.0,1733875200000
tank_0072,0.0,1733875200000
tank_0073,0.0,1733875200000
tank_0080,26.0,1733875200000
tank_0094,0.0,1733875200000
tank_0107,0.0,1733875200000
tank_0110,7.0,1733875200000
tank_0113,0.0,1733875200000
tank_0115,0.0,1733875200000
tank_0116,0.0,1733875200000
tank_0117,88.0,1733875200000
tank_0118,0.0,1733875200000
tank_0122,0.0,1733875200000
tank_0125,2.611764705882353,1733875200000
tank_0130,0.0,1733875200000
tank_0131,0.0,1733875200000
tank_0132,0.0,1733875200000
tank_0134,0.0,1733875200000
tank_0135,0.0,1733875200000
tank_0142,0.0,1733875200000
tank_0143,0.0,1733875200000
tank_0144,0.0,1733875200000
tank_0148,0.0,1733875200000
tank_0153,47.0,1733875200000
tank_0156,0.0,1733875200000
tank_0159,0.0,1733875200000
tank_0165,0.0,1733875200000
tank_0171,0.0,1733875200000
tank_0172,0.0,1733875200000
tank_0174,3.164705882352941,1733875200000
tank_0176,0.0,1733875200000
tank_0184,0.0,1733875200000
tank_0187,0.0,1733875200000
tank_0190,2.0,1733875200000
tank_0192,0.0,1733875200000
tank_0193,0.0,1733875200000
tank_0195,0.0,1733875200000
tank_0199,0.0,1733875200000
tank_0204,0.0,1733875200000
tank_0205,0.0,1733875200000
tank_0207,0.0,1733875200000
tank_0209,0.0,1733875200000
tank_0213,0.0,1733875200000
tank_0217,0.0,1733875200000
tank_0220,0.0,1733875200000
tank_0221,0.0,1733875200000
tank_0225,0.0,1733875200000
tank_0226,0.0,1733875200000
tank_0228,0.0,1733875200000
tank_0229,0.0,1733875200000
tank_0231,0.0,1733875200000
tank_0233,0.0,1733875200000
tank_0236,0.0,1733875200000
tank_0237,0.0,1733875200000
tank_0240,0.0,1733875200000
tank_0242,23.807843137254903,1733875200000
tank_0245,0.0,1733875200000
tank_0247,148.0,1733875200000
tank_0256,0.0,1733875200000
tank_0257,0.0,1733875200000
tank_0260,0.0,1733875200000
tank_0261,0.0,1733875200000
tank_0264,4.0,1733875200000
tank_0273,339.0,1733875200000
tank_0276,0.0,1733875200000
tank_0278,0.0,1733875200000
tank_0280,0.0,1733875200000
tank_0291,2.0,1733875200000
tank_0292,0.0,1733875200000
tank_0296,0.0,1733875200000
tank_0297,14.552941176470588,1733875200000
tank_0299,0.0,1733875200000
tank_0300,0.0,1733875200000
tank_0301,1.396078431372549,1733875200000
tank_0307,21.0,1733875200000
tank_0309,15.925490196078432,1733875200000
tank_0313,0.0,1733875200000
tank_0314,0.0,1733875200000
tank_0319,10.0,1733875200000
tank_0321,0.0,1733875200000
tank_0327,0.0,1733875200000
tank_0337,0.0,1733875200000
tank_0338,0.0,1733875200000
tank_0339,0.0,1733875200000
tank_0342,5.654901960784314,1733875200000
tank_0345,0.0,1733875200000
tank_0346,0.0,1733875200000
tank_0349,233.0,1733875200000
tank_0350,0.0,1733875200000
tank_0353,0.0,1733875200000
tank_0356,0.0,1733875200000
tank_0360,0.0,1733875200000
tank_0361,0.0,1733875200000
tank_0362,0.0,1733875200000
tank_0364,0.0,1733875200000
tank_0366,3.854901960784314,1733875200000
tank_0369,0.0,1733875200000
tank_0375,0.0,1733875200000
tank_0379,2.0,1733875200000
tank_0381,0.0,1733875200000
tank_0386,31.0,1733875200000
tank_0390,31.35686274509804,1733875200000
tank_0397,0.0,1733875200000
tank_0399,0.0,1733875200000
tank_0404,146.2745098039216,1733875200000
tank_0409,0.0,1733875200000
tank_0420,0.0,1733875200000
tank_0425,0.0,1733875200000
tank_0431,0.0,1733875200000
tank_0432,0.0,1733875200000
tank_0435,13.0,1733875200000
tank_0436,0.0,1733875200000
tank_0438,12.776470588235295,1733875200000
tank_0443,0.0,1733875200000
tank_0444,0.0,1733875200000
tank_0447,0.0,1733875200000
tank_0448,0.0,1733875200000
tank_0449,0.0,1733875200000
tank_0455,2.003921568627451,1733875200000
tank_0460,7.223529411764706,1733875200000
tank_0462,219.0,1733875200000
tank_0466,0.0,1733875200000
tank_0471,0.0,1733875200000
tank_0473,0.0,1733875200000
tank_0474,0.0,1733875200000
tank_0481,0.0,1733875200000
tank_0485,0.0,1733875200000
tank_0489,0.0,1733875200000
tank_0491,0.0,1733875200000
tank_0494,0.0,1733875200000
tank_0497,0.0,1733875200000
tank_0498,0.0,1733875200000
tank_0502,0.0,1733875200000
tank_0505,0.0,1733875200000
tank_0509,0.0,1733875200000
tank_0512,299.09411764705885,1733875200000
tank_0514,0.0,1733875200000
tank_0515,0.0,1733875200000
tank_0521,23.0,1733875200000
tank_0524,0.0,1733875200000
tank_0526,49.87450980392157,1733875200000
tank_0533,0.0,1733875200000
tank_0534,0.0,1733875200000
tank_0536,0.0,1733875200000
tank_0537,0.0,1733875200000
tank_0541,0.0,1733875200000
tank_0547,0.0,1733875200000
tank_0552,0.0,1733875200000
tank_0555,6.0,1733875200000
tank_0556,0.0,1733875200000
tank_0557,0.0,1733875200000
tank_0560,0.0,1733875200000
tank_0561,0.0,1733875200000
tank_0566,0.0,1733875200000
tank_0567,0.0,1733875200000
tank_0568,0.0,1733875200000
tank_0574,59.0,1733875200000
tank_0579,206.0,1733875200000
tank_0583,185.0,1733875200000
tank_0587,0.0,1733875200000
tank_0589,0.0,1733875200000
tank_0590,109.0,1733875200000
tank_0592,0.0,1733875200000
tank_0593,0.0,1733875200000
tank_0595,0.0,1733875200000
tank_0600,0.0,1733875200000
tank_0604,0.0,1733875200000
tank_0606,0.0,1733875200000
tank_0607,10.749019607843138,1733875200000
tank_0608,381.0,1733875200000
tank_0610,0.0,1733875200000
tank_0611,0.5450980392156862,1733875200000
tank_0612,0.0,1733875200000
tank_0613,0.0,1733875200000
tank_0619,0.0,1733875200000
tank_0626,0.0,1733875200000
tank_0627,0.0,1733875200000
tank_0628,0.0,1733875200000
tank_0632,0.0,1733875200000
tank_0633,1.0,1733875200000
tank_0639,0.0,1733875200000
tank_0640,0.0,1733875200000
tank_0641,0.37254901960784315,1733875200000
tank_0643,2.0,1733875200000
tank_0646,0.0,1733875200000
tank_0663,0.0,1733875200000
tank_0664,0.0,1733875200000
tank_0666,0.0,1733875200000
tank_0667,0.0,1733875200000
tank_0670,19.0,1733875200000
tank_0675,0.0,1733875200000
tank_0676,649.0,1733875200000
tank_0678,0.0,1733875200000
tank_0681,0.0,1733875200000
tank_0687,3.0,1733875200000
tank_0688,210.0,1733875200000
tank_0697,0.0,1733875200000
tank_0720,9.862745098039216,1733875200000
tank_0722,0.0,1733875200000
tank_0724,0.0,1733875200000
tank_0725,24.0,1733875200000
tank_0728,0.0,1733875200000
tank_0730,0.0,1733875200000
tank_0731,726.0,1733875200000
tank_0732,0.0,1733875200000
tank_0737,557.0,1733875200000
tank_0739,0.0,1733875200000
tank_0740,0.0,1733875200000
tank_0746,0.0,1733875200000
tank_0748,0.0,1733875200000
tank_0749,0.0,1733875200000
tank_0752,0.0,1733875200000
tank_0760,0.0,1733875200000
tank_0770,0.0,1733875200000
tank_0772,0.0,1733875200000
tank_0788,0.0,1733875200000
tank_0789,0.0,1733875200000
tank_0792,0.0,1733875200000
tank_0797,26.0,1733875200000
tank_0800,537.4862745098039,1733875200000
tank_0802,15.913725490196079,1733875200000
tank_0803,0.0,1733875200000
tank_0808,13.188235294117646,1733875200000
tank_0810,12.0,1733875200000
tank_0811,0.0,1733875200000
tank_0812,49.0,1733875200000
tank_0813,12.015686274509804,1733875200000
tank_0816,2.9058823529411764,1733875200000
tank_0819,0.0,1733875200000
tank_0823,0.0,1733875200000
tank_0824,363.0,1733875200000
tank_0825,5.929411764705883,1733875200000
tank_0828,44.0,1733875200000
tank_0829,66.58039215686274,1733875200000
tank_0830,216.8941176470588,1733875200000
tank_0831,0.0,1733875200000
tank_0844,0.0,1733875200000
tank_0852,102.02745098039216,1733875200000
tank_0855,83.0,1733875200000
tank_0856,625.0,1733875200000
tank_0860,0.0,1733875200000
tank_0861,0.0,1733875200000
tank_0872,30.0,1733875200000
tank_0875,315.7450980392157,1733875200000
tank_0879,177.01568627450982,1733875200000
tank_0885,0.0,1733875200000
tank_0891,36.0,1733875200000
tank_0894,1017.0,1733875200000
tank_0898,478.0,1733875200000
tank_0900,92.22745098039213,1733875200000
tank_0901,155.81960784313725,1733875200000
tank_0902,163.0,1733875200000
tank_0914,50.984313725490196,1733875200000
tank_0917,452.0,1733875200000
tank_0919,124.0,1733875200000
tank_0920,281.84705882352944,1733875200000
tank_0922,191.0,1733875200000
tank_0923,109.80784313725489,1733875200000
tank_0924,0.0,1733875200000
tank_0926,0.0,1733875200000
tank_0927,5.2823529411764705,1733875200000
tank_0928,62.0,1733875200000
tank_0930,132.0,1733875200000
tank_0931,271.0,1733875200000
tank_0933,0.0,1733875200000
tank_0934,0.0,1733875200000
tank_0937,0.0,1733875200000
tank_0938,0.0,1733875200000
tank_0939,2.996078431372549,1733875200000
tank_0944,131.0,1733875200000
tank_0946,0.0,1733875200000
tank_0952,42.694117647058825,1733875200000
tank_0958,0.0,1733875200000
tank_0962,1149.0,1733875200000
tank_0967,101.0,1733875200000
tank_0975,0.0,1733875200000
tank_0978,0.0,1733875200000
tank_0990,0.0,1733875200000
tank_0991,361.0,1733875200000
tank_0998,0.0,1733875200000
tank_0999,0.0,1733875200000
tank_1003,1001.0,1733875200000
tank_1004,0.0,1733875200000
tank_1014,512.9568627450981,1733875200000
tank_1026,189.8862745098039,1733875200000
tank_1031,90.79607843137254,1733875200000
tank_1032,8.16078431372549,1733875200000
tank_1034,0.0,1733875200000
tank_1042,36.0,1733875200000
tank_1045,11.0,1733875200000
tank_1049,131.99607843137255,1733875200000
tank_1055,66.89803921568628,1733875200000
tank_1061,41.94509803921569,1733875200000
tank_1062,0.0,1733875200000
tank_1064,0.0,1733875200000
tank_1065,9.301960784313726,1733875200000
tank_1066,0.0,1733875200000
tank_1070,62.0,1733875200000
tank_1073,25.0,1733875200000
tank_1083,0.0,1733875200000
tank_1086,14.0,1733875200000
tank_1088,27.180392156862744,1733875200000
tank_1089,25.8,1733875200000
tank_1090,197.58823529411765,1733875200000
tank_1091,0.0,1733875200000
tank_1094,1264.0,1733875200000
tank_1095,10.0,1733875200000
tank_1104,7.768627450980392,1733875200000
tank_1113,44.0,1733875200000
tank_1116,0.0,1733875200000
tank_1117,0.0,1733875200000
tank_1120,352.98039215686276,1733875200000
tank_1121,239.0,1733875200000
tank_1124,28.815686274509805,1733875200000
tank_1128,73.0,1733875200000
tank_1134,0.7686274509803922,1733875200000
tank_1135,69.34901960784313,1733875200000
tank_1146,0.0,1733875200000
tank_1149,0.0,1733875200000
tank_1156,0.0,1733875200000
tank_1157,20.352941176470594,1733875200000
tank_1159,352.0,1733875200000
tank_1160,653.0,1733875200000
tank_1166,0.0196078431372549,1733875200000
tank_1170,32.345098039215685,1733875200000
tank_1175,0.0,1733875200000
tank_1177,0.0,1733875200000
tank_1179,2.0,1733875200000
tank_1181,145.94117647058823,1733875200000
tank_1186,0.0,1733875200000
tank_1187,20.458823529411767,1733875200000
tank_1190,0.0,1733875200000
tank_1192,23.984313725490196,1733875200000
tank_1196,0.0,1733875200000
tank_1197,1325.0,1733875200000
tank_1201,0.0,1733875200000
tank_1203,0.0,1733875200000
tank_1205,9.0,1733875200000
tank_1209,1083.0,1733875200000
tank_1217,0.0,1733875200000
tank_1223,13.0,1733875200000
tank_1226,184.72549019607843,1733875200000
tank_1228,637.0,1733875200000
tank_1230,0.0,1733875200000
tank_1237,37.0,1733875200000
tank_1239,654.0,1733875200000
tank_1245,0.0,1733875200000
tank_1246,171.0,1733875200000
tank_1250,0.0,1733875200000
tank_1254,452.0,1733875200000
tank_1255,2.0,1733875200000
tank_1258,217.0,1733875200000
tank_1261,0.0,1733875200000
tank_1262,0.0,1733875200000
tank_1263,61.0,1733875200000
tank_1265,73.0,1733875200000
tank_1270,0.0,1733875200000
tank_1272,3.996078431372549,1733875200000
tank_1275,0.0,1733875200000
tank_1276,128.95294117647057,1733875200000
tank_1279,0.0,1733875200000
tank_1280,0.0,1733875200000
tank_1284,0.0,1733875200000
tank_1285,15.423529411764704,1733875200000
tank_1286,125.06274509803922,1733875200000
tank_1290,36.71764705882353,1733875200000
tank_1291,15.0,1733875200000
tank_1293,0.0,1733875200000
tank_1295,0.0,1733875200000
tank_1297,0.0,1733875200000
tank_1301,201.0,1733875200000
tank_1302,75.0,1733875200000
tank_1304,0.0,1733875200000
tank_1305,126.4313725490196,1733875200000
tank_1313,1175.0,1733875200000
tank_1322,0.0,1733875200000
tank_1325,0.0,1733875200000
tank_1326,0.0,1733875200000
tank_1344,0.0,1733875200000
tank_1346,0.0,1733875200000
tank_1349,0.0,1733875200000
tank_1353,1152.0,1733875200000
tank_1358,0.0,1733875200000
tank_1359,0.0,1733875200000
tank_1361,919.0,1733875200000
tank_1364,1278.0,1733875200000
tank_1365,0.0,1733875200000
tank_1372,0.0,1733875200000
tank_1374,194.0,1733875200000
tank_1378,393.0,1733875200000
tank_1380,70.3921568627451,1733875200000
tank_1386,498.15686274509807,1733875200000
tank_1391,21.0,1733875200000
tank_1393,0.0,1733875200000
tank_1396,0.0,1733875200000
tank_1397,0.0,1733875200000
tank_1403,3.0,1733875200000
tank_1409,0.0,1733875200000
tank_1412,25.83137254901961,1733875200000
tank_1415,0.0,1733875200000
tank_1416,48.86666666666667,1733875200000
tank_1421,432.0,1733875200000
tank_1422,0.0,1733875200000
tank_1425,245.0,1733875200000
tank_1426,143.20392156862744,1733875200000
tank_1430,0.0,1733875200000
tank_1433,480.0,1733875200000
tank_1438,0.0,1733875200000
tank_1439,29.89803921568627,1733875200000
tank_1441,0.0,1733875200000
tank_1443,1.607843137254902,1733875200000
tank_1445,0.0,1733875200000
tank_1446,0.0,1733875200000
tank_1450,0.0,1733875200000
tank_1452,0.0,1733875200000
tank_1456,0.0,1733875200000
tank_1466,0.0,1733875200000
tank_1471,0.0,1733875200000
tank_1475,600.7803921568627,1733875200000
tank_1486,1341.0,1733875200000
tank_1488,137.0,1733875200000
tank_1491,2.0,1733875200000
tank_1500,0.0,1733875200000
tank_1505,614.0,1733875200000
tank_1513,290.0,1733875200000
tank_1531,0.0,1733875200000
tank_1536,0.0,1733875200000
tank_1539,64.0,1733875200000
tank_1541,110.69019607843137,1733875200000
tank_1542,0.0,1733875200000
tank_1547,412.0,1733875200000
tank_1563,31.24313725490196,1733875200000
tank_1564,0.0,1733875200000
tank_1565,913.0,1733875200000
tank_1567,3.0,1733875200000
tank_1568,0.0,1733875200000
tank_1573,223.0,1733875200000
tank_1583,0.0,1733875200000
tank_1587,260.0,1733875200000
tank_1588,0.0,1733875200000
tank_1592,0.0,1733875200000
tank_1594,65.0,1733875200000
tank_1595,8.0,1733875200000
tank_1597,0.0,1733875200000
tank_1598,32.32941176470588,1733875200000
tank_1600,0.0,1733875200000
tank_1604,0.0,1733875200000
tank_0002,0.0,1734912000000
tank_0004,0.0,1734912000000
tank_0005,0.0,1734912000000
tank_0011,0.0,1734912000000
tank_0014,0.0,1734912000000
tank_0019,0.0,1734912000000
tank_0024,0.0,1734912000000
tank_0025,0.0,1734912000000
tank_0026,0.0,1734912000000
tank_0027,0.0,1734912000000
tank_0030,0.0,1734912000000
tank_0031,127.8,1734912000000
tank_0036,0.0,1734912000000
tank_0037,0.0,1734912000000
tank_0038,0.0,1734912000000
tank_0050,2.0,1734912000000
tank_0051,0.0,1734912000000
tank_0052,0.0,1734912000000
tank_0053,0.0,1734912000000
tank_0055,0.0,1734912000000
tank_0057,0.0,1734912000000
tank_0058,0.0,1734912000000
tank_0064,42.0,1734912000000
tank_0069,103.0,1734912000000
tank_0072,0.0,1734912000000
tank_0073,0.0,1734912000000
tank_0080,25.95294117647059,1734912000000
tank_0094,0.0,1734912000000
tank_0107,0.0,1734912000000
tank_0110,4.0,1734912000000
tank_0113,0.0,1734912000000
tank_0115,0.0,1734912000000
tank_0116,1.0,1734912000000
tank_0117,80.0,1734912000000
tank_0118,0.0,1734912000000
tank_0122,0.0,1734912000000
tank_0125,4.0,1734912000000
tank_0130,0.0,1734912000000
tank_0131,0.0,1734912000000
tank_0132,0.0,1734912000000
tank_0134,0.0,1734912000000
tank_0135,0.0,1734912000000
tank_0142,0.0,1734912000000
tank_0143,0.0,1734912000000
tank_0144,0.0,1734912000000
tank_0148,0.0,1734912000000
tank_0153,24.0,1734912000000
tank_0156,1.0,1734912000000
tank_0159,0.0,1734912000000
tank_0165,6.0,1734912000000
tank_0171,0.0,1734912000000
tank_0172,0.0,1734912000000
tank_0174,6.145098039215686,1734912000000
tank_0176,0.0,1734912000000
tank_0184,0.0,1734912000000
tank_0187,0.0,1734912000000
tank_0190,11.505882352941176,1734912000000
tank_0192,0.0,1734912000000
tank_0193,0.0,1734912000000
tank_0195,4.0,1734912000000
tank_0199,0.0,1734912000000
tank_0204,4.0,1734912000000
tank_0205,0.0,1734912000000
tank_0207,0.0,1734912000000
tank_0209,0.0,1734912000000
tank_0213,0.0,1734912000000
tank_0217,0.0,1734912000000
tank_0220,0.0,1734912000000
tank_0221,0.0,1734912000000
tank_0225,0.0,1734912000000
tank_0226,0.0,1734912000000
tank_0228,0.0,1734912000000
tank_0229,0.0,1734912000000
tank_0231,0.0,1734912000000
tank_0233,0.0,1734912000000
tank_0236,0.0,1734912000000
tank_0237,0.0,1734912000000
tank_0240,0.0,1734912000000
tank_0242,20.0,1734912000000
tank_0245,0.0,1734912000000
tank_0247,137.0,1734912000000
tank_0256,0.0,1734912000000
tank_0257,0.0,1734912000000
tank_0260,0.0,1734912000000
tank_0261,0.0,1734912000000
tank_0264,2.0,1734912000000
tank_0273,355.0,1734912000000
tank_0276,0.0,1734912000000
tank_0278,0.0,1734912000000
tank_0280,0.0,1734912000000
tank_0291,0.0,1734912000000
tank_0292,0.0,1734912000000
tank_0296,0.0,1734912000000
tank_0297,19.0,1734912000000
tank_0299,0.0,1734912000000
tank_0300,0.5019607843137255,1734912000000
tank_0301,0.0,1734912000000
tank_0307,11.0,1734912000000
tank_0309,24.988235294117647,1734912000000
tank_0313,0.0,1734912000000
tank_0314,0.0,1734912000000
tank_0319,9.0,1734912000000
tank_0321,0.0,1734912000000
tank_0327,0.0,1734912000000
tank_0337,0.0,1734912000000
tank_0338,5.0,1734912000000
tank_0339,0.0,1734912000000
tank_0342,6.0,1734912000000
tank_0345,0.0,1734912000000
tank_0346,0.0,1734912000000
tank_0349,210.0,1734912000000
tank_0350,1.0,1734912000000
tank_0353,0.0,1734912000000
tank_0356,0.0,1734912000000
tank_0360,0.0,1734912000000
tank_0361,0.0,1734912000000
tank_0362,0.0,1734912000000
tank_0364,0.0,1734912000000
tank_0366,2.0,1734912000000
tank_0369,0.0,1734912000000
tank_0375,0.0,1734912000000
tank_0379,3.992156862745098,1734912000000
tank_0381,0.0,1734912000000
tank_0386,26.0,1734912000000
tank_0390,11.0,1734912000000
tank_0397,0.0,1734912000000
tank_0399,0.0,1734912000000
tank_0404,128.99607843137255,1734912000000
tank_0409,0.0,1734912000000
tank_0420,0.0,1734912000000
tank_0425,0.4196078431372549,1734912000000
tank_0431,0.0,1734912000000
tank_0432,0.0,1734912000000
tank_0435,3.0,1734912000000
tank_0436,0.0,1734912000000
tank_0438,15.0,1734912000000
tank_0443,0.0,1734912000000
tank_0444,0.0,1734912000000
tank_0447,5.603921568627451,1734912000000
tank_0448,0.0,1734912000000
tank_0449,0.0,1734912000000
tank_0455,6.52156862745098,1734912000000
tank_0460,0.0,1734912000000
tank_0462,207.0,1734912000000
tank_0466,0.0,1734912000000
tank_0471,0.0,1734912000000
tank_0473,0.5725490196078432,1734912000000
tank_0474,0.0,1734912000000
tank_0481,6.0,1734912000000
tank_0485,0.0,1734912000000
tank_0489,0.0,1734912000000
tank_0491,0.0,1734912000000
tank_0494,0.0,1734912000000
tank_0497,0.0,1734912000000
tank_0498,0.0,1734912000000
tank_0502,0.0,1734912000000
tank_0505,0.0,1734912000000
tank_0509,0.0,1734912000000
tank_0512,313.5843137254902,1734912000000
tank_0514,0.0,1734912000000
tank_0515,0.0,1734912000000
tank_0521,26.0,1734912000000
tank_0524,0.0,1734912000000
tank_0526,48.0,1734912000000
tank_0533,0.0,1734912000000
tank_0534,0.0,1734912000000
tank_0536,0.0,1734912000000
tank_0537,0.0,1734912000000
tank_0541,0.0,1734912000000
tank_0547,0.0,1734912000000
tank_0552,0.0,1734912000000
tank_0555,4.0,1734912000000
tank_0556,0.0,1734912000000
tank_0557,0.0,1734912000000
tank_0560,0.0,1734912000000
tank_0561,0.0,1734912000000
tank_0566,0.0,1734912000000
tank_0567,0.0,1734912000000
tank_0568,1.607843137254902,1734912000000
tank_0574,55.0,1734912000000
tank_0579,184.0,1734912000000
tank_0583,190.0,1734912000000
tank_0587,0.0,1734912000000
tank_0589,0.0,1734912000000
tank_0590,118.0,1734912000000
tank_0592,0.0,1734912000000
tank_0593,0.0,1734912000000
tank_0595,0.0,1734912000000
tank_0600,0.0,1734912000000
tank_0604,0.0,1734912000000
tank_0606,0.0,1734912000000
tank_0607,11.24705882352941,1734912000000
tank_0608,787.9686274509804,1734912000000
tank_0610,8.850980392156863,1734912000000
tank_0611,0.0,1734912000000
tank_0612,0.0,1734912000000
tank_0613,4.0,1734912000000
tank_0619,0.0,1734912000000
tank_0626,0.0,1734912000000
tank_0627,0.0,1734912000000
tank_0628,0.0,1734912000000
tank_0632,0.0,1734912000000
tank_0633,2.145098039215686,1734912000000
tank_0639,0.0,1734912000000
tank_0640,0.0,1734912000000
tank_0641,1.0,1734912000000
tank_0643,3.0,1734912000000
tank_0646,0.0,1734912000000
tank_0663,0.0,1734912000000
tank_0664,0.0,1734912000000
tank_0666,0.0,1734912000000
tank_0667,0.0,1734912000000
tank_0670,14.0,1734912000000
tank_0675,0.0,1734912000000
tank_0676,648.0,1734912000000
tank_0678,0.0,1734912000000
tank_0681,0.0,1734912000000
tank_0687,9.0,1734912000000
tank_0688,298.0,1734912000000
tank_0697,0.0,1734912000000
tank_0720,11.0,1734912000000
tank_0722,0.0,1734912000000
tank_0724,0.0,1734912000000
tank_0725,26.0,1734912000000
tank_0728,0.0,1734912000000
tank_0730,0.0,1734912000000
tank_0731,988.0,1734912000000
tank_0732,0.0,1734912000000
tank_0737,572.0,1734912000000
tank_0739,0.0,1734912000000
tank_0740,0.0,1734912000000
tank_0746,0.0,1734912000000
tank_0748,0.0,1734912000000
tank_0749,0.0,1734912000000
tank_0752,0.0,1734912000000
tank_0760,0.0,1734912000000
tank_0770,0.0,1734912000000
tank_0772,0.0,1734912000000
tank_0788,0.0,1734912000000
tank_0789,0.0,1734912000000
tank_0792,9.0,1734912000000
tank_0797,8.0,1734912000000
tank_0800,513.5725490196078,1734912000000
tank_0802,19.847058823529412,1734912000000
tank_0803,2.776470588235294,1734912000000
tank_0808,13.145098039215686,1734912000000
tank_0810,11.0,1734912000000
tank_0811,1.0,1734912000000
tank_0812,60.0,1734912000000
tank_0813,3.050980392156863,1734912000000
tank_0816,10.698039215686274,1734912000000
tank_0819,0.0,1734912000000
tank_0823,0.0,1734912000000
tank_0824,330.0,1734912000000
tank_0825,10.690196078431374,1734912000000
tank_0828,31.623529411764707,1734912000000
tank_0829,69.9843137254902,1734912000000
tank_0830,133.0,1734912000000
tank_0831,0.0,1734912000000
tank_0844,0.0,1734912000000
tank_0852,68.0,1734912000000
tank_0855,89.0,1734912000000
tank_0856,809.0,1734912000000
tank_0860,0.0,1734912000000
tank_0861,0.0,1734912000000
tank_0872,28.0,1734912000000
tank_0875,396.1176470588235,1734912000000
tank_0879,175.23137254901962,1734912000000
tank_0885,0.0,1734912000000
tank_0891,29.0,1734912000000
tank_0894,1309.0,1734912000000
tank_0898,460.0,1734912000000
tank_0900,68.70196078431373,1734912000000
tank_0901,149.64705882352942,1734912000000
tank_0902,189.0,1734912000000
tank_0914,59.0,1734912000000
tank_0917,403.0,1734912000000
tank_0919,113.0,1734912000000
tank_0920,294.0,1734912000000
tank_0922,185.0,1734912000000
tank_0923,90.74901960784314,1734912000000
tank_0924,1.0,1734912000000
tank_0926,0.0,1734912000000
tank_0927,0.0,1734912000000
tank_0928,55.4078431372549,1734912000000
tank_0930,132.0,1734912000000
tank_0931,287.0,1734912000000
tank_0933,0.0,1734912000000
tank_0934,0.0,1734912000000
tank_0937,0.0,1734912000000
tank_0938,0.0,1734912000000
tank_0939,1.9098039215686273,1734912000000
tank_0944,129.9921568627451,1734912000000
tank_0946,0.0,1734912000000
tank_0952,50.674509803921566,1734912000000
tank_0958,0.0,1734912000000
tank_0962,1617.0,1734912000000
tank_0967,70.0,1734912000000
tank_0975,0.0,1734912000000
tank_0978,0.0,1734912000000
tank_0990,0.0,1734912000000
tank_0991,600.0,1734912000000
tank_0998,0.0,1734912000000
tank_0999,0.0,1734912000000
tank_1003,1276.9176470588236,1734912000000
tank_1004,1.780392156862745,1734912000000
tank_1014,618.0,1734912000000
tank_1026,258.9490196078431,1734912000000
tank_1031,76.72156862745098,1734912000000
tank_1032,20.850980392156863,1734912000000
tank_1034,5.886274509803922,1734912000000
tank_1042,41.89411764705882,1734912000000
tank_1045,34.0,1734912000000
tank_1049,123.86666666666667,1734912000000
tank_1055,48.26274509803922,1734912000000
tank_1061,36.83529411764706,1734912000000
tank_1062,0.0,1734912000000
tank_1064,0.0,1734912000000
tank_1065,8.125490196078433,1734912000000
tank_1066,0.0,1734912000000
tank_1070,184.0,1734912000000
tank_1073,68.0,1734912000000
tank_1083,0.0,1734912000000
tank_1086,19.0,1734912000000
tank_1088,17.219607843137254,1734912000000
tank_1089,27.0,1734912000000
tank_1090,195.71372549019608,1734912000000
tank_1091,0.0,1734912000000
tank_1094,1614.0,1734912000000
tank_1095,8.0,1734912000000
tank_1104,4.427450980392157,1734912000000
tank_1113,35.984313725490196,1734912000000
tank_1116,0.0,1734912000000
tank_1117,0.0,1734912000000
tank_1120,337.0,1734912000000
tank_1121,463.0,1734912000000
tank_1124,31.48627450980392,1734912000000
tank_1128,59.0,1734912000000
tank_1134,0.0,1734912000000
tank_1135,74.50196078431372,1734912000000
tank_1146,0.0,1734912000000
tank_1149,0.0,1734912000000
tank_1156,0.0,1734912000000
tank_1157,28.933333333333337,1734912000000
tank_1159,354.0,1734912000000
tank_1160,664.0,1734912000000
tank_1166,0.30980392156862746,1734912000000
tank_1170,25.49411764705882,1734912000000
tank_1175,0.0,1734912000000
tank_1177,2.003921568627451,1734912000000
tank_1179,0.0,1734912000000
tank_1181,136.73333333333335,1734912000000
tank_1186,0.0,1734912000000
tank_1187,19.337254901960783,1734912000000
tank_1190,0.0,1734912000000
tank_1192,23.0,1734912000000
tank_1196,0.0,1734912000000
tank_1197,1468.0,1734912000000
tank_1201,0.0,1734912000000
tank_1203,0.0,1734912000000
tank_1205,9.0,1734912000000
tank_1209,1032.0,1734912000000
tank_1217,0.0,1734912000000
tank_1223,12.654901960784313,1734912000000
tank_1226,189.30588235294115,1734912000000
tank_1228,797.0,1734912000000
tank_1230,0.0,1734912000000
tank_1237,41.45098039215686,1734912000000
tank_1239,655.0,1734912000000
tank_1245,0.0,1734912000000
tank_1246,161.0,1734912000000
tank_1250,0.0,1734912000000
tank_1254,392.0,1734912000000
tank_1255,7.858823529411764,1734912000000
tank_1258,228.40392156862745,1734912000000
tank_1261,0.0,1734912000000
tank_1262,0.0,1734912000000
tank_1263,55.0,1734912000000
tank_1265,81.0,1734912000000
tank_1270,0.0,1734912000000
tank_1272,15.870588235294118,1734912000000
tank_1275,0.0,1734912000000
tank_1276,141.9294117647059,1734912000000
tank_1279,0.0,1734912000000
tank_1280,0.0,1734912000000
tank_1284,0.0,1734912000000
tank_1285,12.392156862745097,1734912000000
tank_1286,169.84313725490196,1734912000000
tank_1290,25.0,1734912000000
tank_1291,13.992156862745098,1734912000000
tank_1293,0.0,1734912000000
tank_1295,0.0,1734912000000
tank_1297,0.0,1734912000000
tank_1301,196.0,1734912000000
tank_1302,72.93725490196078,1734912000000
tank_1304,0.0,1734912000000
tank_1305,111.26666666666667,1734912000000
tank_1313,1212.0,1734912000000
tank_1322,0.0,1734912000000
tank_1325,0.0,1734912000000
tank_1326,0.0,1734912000000
tank_1344,0.0,1734912000000
tank_1346,2.556862745098039,1734912000000
tank_1349,0.0,1734912000000
tank_1353,1039.0,1734912000000
tank_1358,0.0,1734912000000
tank_1359,0.0,1734912000000
tank_1361,932.0,1734912000000
tank_1364,1065.0,1734912000000
tank_1365,0.0,1734912000000
tank_1372,0.0,1734912000000
tank_1374,129.0,1734912000000
tank_1378,486.0,1734912000000
tank_1380,71.0,1734912000000
tank_1386,487.09411764705885,1734912000000
tank_1391,17.0,1734912000000
tank_1393,0.0,1734912000000
tank_1396,0.0,1734912000000
tank_1397,0.0,1734912000000
tank_1403,1.0,1734912000000
tank_1409,0.0,1734912000000
tank_1412,15.807843137254903,1734912000000
tank_1415,0.0,1734912000000
tank_1416,53.58039215686274,1734912000000
tank_1421,431.0,1734912000000
tank_1422,0.0,1734912000000
tank_1425,230.0,1734912000000
tank_1426,105.51764705882353,1734912000000
tank_1430,0.0,1734912000000
tank_1433,462.0,1734912000000
tank_1438,0.0,1734912000000
tank_1439,10.0,1734912000000
tank_1441,2.9137254901960783,1734912000000
tank_1443,4.117647058823529,1734912000000
tank_1445,1.0,1734912000000
tank_1446,0.0,1734912000000
tank_1450,0.0,1734912000000
tank_1452,0.0,1734912000000
tank_1456,0.0,1734912000000
tank_1466,0.0,1734912000000
tank_1471,0.0,1734912000000
tank_1475,602.5137254901961,1734912000000
tank_1486,1273.0,1734912000000
tank_1488,137.89019607843136,1734912000000
tank_1491,0.0,1734912000000
tank_1500,0.0,1734912000000
tank_1505,581.0,1734912000000
tank_1513,314.0,1734912000000
tank_1531,0.0,1734912000000
tank_1536,0.0,1734912000000
tank_1539,70.0,1734912000000
tank_1541,123.69019607843137,1734912000000
tank_1542,0.0,1734912000000
tank_1547,398.0,1734912000000
tank_1563,28.83529411764706,1734912000000
tank_1564,0.0,1734912000000
tank_1565,1637.0,1734912000000
tank_1567,10.0,1734912000000
tank_1568,0.0,1734912000000
tank_1573,245.5137254901961,1734912000000
tank_1583,0.0,1734912000000
tank_1587,739.0,1734912000000
tank_1588,0.0,1734912000000
tank_1592,0.0,1734912000000
tank_1594,74.0,1734912000000
tank_1595,0.0,1734912000000
tank_1597,0.0,1734912000000
tank_1598,27.815686274509805,1734912000000
tank_1600,0.0,1734912000000
tank_1604,0.0,1734912000000
