tank_id,sum,date_ms
tank_0002,0.6235294117647059,1484006400000
tank_0004,0.0,1484006400000
tank_0005,44.94117647058823,1484006400000
tank_0011,2.1254901960784314,1484006400000
tank_0014,0.1411764705882353,1484006400000
tank_0019,5.0,1484006400000
tank_0024,77.73333333333333,1484006400000
tank_0025,0.0,1484006400000
tank_0026,13.2,1484006400000
tank_0027,9.95686274509804,1484006400000
tank_0030,0.0,1484006400000
tank_0031,10.75686274509804,1484006400000
tank_0036,10.552941176470588,1484006400000
tank_0037,0.0,1484006400000
tank_0038,36.63137254901961,1484006400000
tank_0050,66.21568627450979,1484006400000
tank_0051,13.964705882352941,1484006400000
tank_0052,2.219607843137255,1484006400000
tank_0053,97.02745098039217,1484006400000
tank_0055,0.0,1484006400000
tank_0057,82.75686274509803,1484006400000
tank_0058,0.0,1484006400000
tank_0064,106.50588235294117,1484006400000
tank_0069,8.890196078431373,1484006400000
tank_0072,0.0,1484006400000
tank_0073,4.043137254901961,1484006400000
tank_0080,17.0,1484006400000
tank_0094,1.3686274509803922,1484006400000
tank_0107,0.0784313725490196,1484006400000
tank_0110,1.0,1484006400000
tank_0113,53.73725490196078,1484006400000
tank_0115,0.0,1484006400000
tank_0116,6.290196078431372,1484006400000
tank_0117,187.9686274509804,1484006400000
tank_0118,0.0,1484006400000
tank_0122,0.0,1484006400000
tank_0125,70.1921568627451,1484006400000
tank_0130,0.8352941176470589,1484006400000
tank_0131,6.835294117647059,1484006400000
tank_0132,0.0,1484006400000
tank_0134,0.0,1484006400000
tank_0135,1.607843137254902,1484006400000
tank_0142,0.0,1484006400000
tank_0143,0.0,1484006400000
tank_0144,0.0,1484006400000
tank_0148,2.0,1484006400000
tank_0153,41.0,1484006400000
tank_0156,95.27058823529413,1484006400000
tank_0159,2.0,1484006400000
tank_0165,1.2588235294117647,1484006400000
tank_0171,0.0,1484006400000
tank_0172,0.0,1484006400000
tank_0174,12.815686274509805,1484006400000
tank_0176,30.584313725490194,1484006400000
tank_0184,1.7450980392156863,1484006400000
tank_0187,2.0,1484006400000
tank_0190,0.37254901960784315,1484006400000
tank_0192,0.12156862745098039,1484006400000
tank_0193,0.0,1484006400000
tank_0195,3.231372549019608,1484006400000
tank_0199,1.0705882352941176,1484006400000
tank_0204,0.0,1484006400000
tank_0205,0.0,1484006400000
tank_0207,0.0,1484006400000
tank_0209,0.0,1484006400000
tank_0213,0.0,1484006400000
tank_0217,0.0,1484006400000
tank_0220,0.0,1484006400000
tank_0221,1.1568627450980393,1484006400000
tank_0225,0.0,1484006400000
tank_0226,10.533333333333331,1484006400000
tank_0228,0.0,1484006400000
tank_0229,0.0,1484006400000
tank_0231,7.333333333333333,1484006400000
tank_0233,0.0,1484006400000
tank_0236,0.0,1484006400000
tank_0237,96.70588235294117,1484006400000
tank_0240,5.141176470588237,1484006400000
tank_0242,1.0,1484006400000
tank_0245,2.890196078431372,1484006400000
tank_0247,25.0,1484006400000
tank_0256,0.0,1484006400000
tank_0257,2.7450980392156863,1484006400000
tank_0260,0.607843137254902,1484006400000
tank_0261,0.0,1484006400000
tank_0264,0.0,1484006400000
tank_0273,4.0,1484006400000
tank_0276,0.0,1484006400000
tank_0278,22.392156862745097,1484006400000
tank_0280,3.580392156862745,1484006400000
tank_0291,0.0,1484006400000
tank_0292,35.90980392156863,1484006400000
tank_0296,0.0,1484006400000
tank_0297,12.941176470588236,1484006400000
tank_0299,0.0,1484006400000
tank_0300,12.882352941176471,1484006400000
tank_0301,1.4549019607843139,1484006400000
tank_0307,0.0,1484006400000
tank_0309,9.0,1484006400000
tank_0313,0.0,1484006400000
tank_0314,5.988235294117647,1484006400000
tank_0319,33.43921568627451,1484006400000
tank_0321,1.0627450980392157,1484006400000
tank_0327,0.0,1484006400000
tank_0337,2.0,1484006400000
tank_0338,4.0,1484006400000
tank_0339,59.04705882352941,1484006400000
tank_0342,16.46274509803921,1484006400000
tank_0345,4.32156862745098,1484006400000
tank_0346,8.349019607843136,1484006400000
tank_0349,0.0,1484006400000
tank_0350,2.0,1484006400000
tank_0353,276.0235294117646,1484006400000
tank_0356,0.0,1484006400000
tank_0360,15.76078431372549,1484006400000
tank_0361,32.96862745098039,1484006400000
tank_0362,0.0,1484006400000
tank_0364,4.301960784313725,1484006400000
tank_0366,56.384313725490195,1484006400000
tank_0369,0.0,1484006400000
tank_0375,1.4156862745098038,1484006400000
tank_0379,45.137254901960794,1484006400000
tank_0381,8.0,1484006400000
tank_0386,4.372549019607844,1484006400000
tank_0390,24.0,1484006400000
tank_0397,0.13725490196078433,1484006400000
tank_0399,4.070588235294117,1484006400000
tank_0404,1.5725490196078433,1484006400000
tank_0409,0.0,1484006400000
tank_0420,1.0,1484006400000
tank_0425,1.003921568627451,1484006400000
tank_0431,0.0,1484006400000
tank_0432,2.8784313725490196,1484006400000
tank_0435,0.9686274509803922,1484006400000
tank_0436,0.0,1484006400000
tank_0438,0.0,1484006400000
tank_0443,3.5254901960784313,1484006400000
tank_0444,0.0,1484006400000
tank_0447,3.164705882352941,1484006400000
tank_0448,8.91372549019608,1484006400000
tank_0449,0.0,1484006400000
tank_0455,0.16862745098039217,1484006400000
tank_0460,0.0,1484006400000
tank_0462,0.0,1484006400000
tank_0466,0.0,1484006400000
tank_0471,0.0,1484006400000
tank_0473,1.4509803921568627,1484006400000
tank_0474,0.0,1484006400000
tank_0481,36.8,1484006400000
tank_0485,0.0,1484006400000
tank_0489,0.0,1484006400000
tank_0491,0.0,1484006400000
tank_0494,0.0,1484006400000
tank_0497,7.211764705882353,1484006400000
tank_0498,0.0,1484006400000
tank_0502,0.0,1484006400000
tank_0505,0.0,1484006400000
tank_0509,0.0,1484006400000
tank_0512,2.0,1484006400000
tank_0514,0.0,1484006400000
tank_0515,1.0,1484006400000
tank_0521,0.0,1484006400000
tank_0524,0.0,1484006400000
tank_0526,0.0,1484006400000
tank_0533,11.0,1484006400000
tank_0534,0.0,1484006400000
tank_0536,0.0,1484006400000
tank_0537,0.0,1484006400000
tank_0541,0.0,1484006400000
tank_0547,3.435294117647059,1484006400000
tank_0552,7.407843137254902,1484006400000
tank_0555,0.0,1484006400000
tank_0556,0.0,1484006400000
tank_0557,0.25098039215686274,1484006400000
tank_0560,26.91372549019608,1484006400000
tank_0561,0.0,1484006400000
tank_0566,0.0,1484006400000
tank_0567,0.0,1484006400000
tank_0568,21.776470588235295,1484006400000
tank_0574,0.0,1484006400000
tank_0579,0.0,1484006400000
tank_0583,160.0,1484006400000
tank_0587,0.0,1484006400000
tank_0589,3.0,1484006400000
tank_0590,2.0,1484006400000
tank_0592,0.0,1484006400000
tank_0593,0.0,1484006400000
tank_0595,0.4980392156862745,1484006400000
tank_0600,0.054901960784313725,1484006400000
tank_0604,3.5058823529411764,1484006400000
tank_0606,10.0,1484006400000
tank_0607,17.69411764705882,1484006400000
tank_0608,97.0,1484006400000
tank_0610,4.0,1484006400000
tank_0611,1.7568627450980392,1484006400000
tank_0612,11.654901960784315,1484006400000
tank_0613,0.0,1484006400000
tank_0619,0.0,1484006400000
tank_0626,0.0,1484006400000
tank_0627,0.0,1484006400000
tank_0628,0.0,1484006400000
tank_0632,0.0,1484006400000
tank_0633,0.0,1484006400000
tank_0639,0.0,1484006400000
tank_0640,0.0,1484006400000
tank_0641,7.0,1484006400000
tank_0643,16.419607843137257,1484006400000
tank_0646,0.0,1484006400000
tank_0663,0.0,1484006400000
tank_0664,0.0,1484006400000
tank_0666,0.0,1484006400000
tank_0667,2.0,1484006400000
tank_0670,0.0,1484006400000
tank_0675,0.0,1484006400000
tank_0676,0.0,1484006400000
tank_0678,9.48235294117647,1484006400000
tank_0681,0.0,1484006400000
tank_0687,0.1843137254901961,1484006400000
tank_0688,0.0,1484006400000
tank_0697,16.635294117647057,1484006400000
tank_0720,9.035294117647059,1484006400000
tank_0722,0.0,1484006400000
tank_0724,14.521568627450979,1484006400000
tank_0725,9.0,1484006400000
tank_0728,0.0,1484006400000
tank_0730,3.1764705882352944,1484006400000
tank_0731,0.0,1484006400000
tank_0732,0.0,1484006400000
tank_0737,3.0,1484006400000
tank_0739,1.4980392156862745,1484006400000
tank_0740,64.3607843137255,1484006400000
tank_0746,0.0,1484006400000
tank_0748,0.0,1484006400000
tank_0749,0.0,1484006400000
tank_0752,1.4274509803921567,1484006400000
tank_0760,0.0,1484006400000
tank_0770,4.443137254901961,1484006400000
tank_0772,5.68235294117647,1484006400000
tank_0788,36.752941176470586,1484006400000
tank_0789,0.0,1484006400000
tank_0792,156.9764705882353,1484006400000
tank_0797,0.0,1484006400000
tank_0800,14.0,1484006400000
tank_0802,1.392156862745098,1484006400000
tank_0803,2.2745098039215685,1484006400000
tank_0808,20.890196078431373,1484006400000
tank_0810,0.0,1484006400000
tank_0811,16.85490196078431,1484006400000
tank_0812,0.0,1484006400000
tank_0813,1.6470588235294117,1484006400000
tank_0816,4.509803921568627,1484006400000
tank_0819,0.0,1484006400000
tank_0823,0.0,1484006400000
tank_0824,0.0,1484006400000
tank_0825,1.0,1484006400000
tank_0828,0.0,1484006400000
tank_0829,0.0,1484006400000
tank_0830,0.0,1484006400000
tank_0831,2.0431372549019606,1484006400000
tank_0844,0.0,1484006400000
tank_0852,15.576470588235294,1484006400000
tank_0855,0.0,1484006400000
tank_0856,572.0,1484006400000
tank_0860,0.0,1484006400000
tank_0861,0.0,1484006400000
tank_0872,0.0,1484006400000
tank_0875,1.9254901960784314,1484006400000
tank_0879,0.0,1484006400000
tank_0885,3.345098039215686,1484006400000
tank_0891,0.0,1484006400000
tank_0894,747.0,1484006400000
tank_0898,324.81960784313725,1484006400000
tank_0900,12.803921568627452,1484006400000
tank_0901,0.0,1484006400000
tank_0902,37.68235294117647,1484006400000
tank_0914,0.0,1484006400000
tank_0917,89.0,1484006400000
tank_0919,0.0,1484006400000
tank_0920,18.24313725490196,1484006400000
tank_0922,0.0,1484006400000
tank_0923,39.83921568627451,1484006400000
tank_0924,5.376470588235295,1484006400000
tank_0926,45.13725490196079,1484006400000
tank_0927,21.725490196078432,1484006400000
tank_0928,0.0,1484006400000
tank_0930,0.0,1484006400000
tank_0931,0.0,1484006400000
tank_0933,0.0,1484006400000
tank_0934,3.5490196078431375,1484006400000
tank_0937,7.933333333333334,1484006400000
tank_0938,0.0,1484006400000
tank_0939,0.0,1484006400000
tank_0944,32.0,1484006400000
tank_0946,6.090196078431372,1484006400000
tank_0952,3.372549019607843,1484006400000
tank_0958,0.0,1484006400000
tank_0962,629.9372549019608,1484006400000
tank_0967,0.21568627450980393,1484006400000
tank_0975,33.7764705882353,1484006400000
tank_0978,57.498039215686276,1484006400000
tank_0990,0.0,1484006400000
tank_0991,486.0,1484006400000
tank_0998,0.28627450980392155,1484006400000
tank_0999,0.0,1484006400000
tank_1003,17.0,1484006400000
tank_1004,0.0,1484006400000
tank_1014,2.0,1484006400000
tank_1026,68.0,1484006400000
tank_1031,2.0,1484006400000
tank_1032,1.0,1484006400000
tank_1034,0.0,1484006400000
tank_1042,0.0,1484006400000
tank_1045,0.0,1484006400000
tank_1049,0.0,1484006400000
tank_1055,5.623529411764705,1484006400000
tank_1061,0.0,1484006400000
tank_1062,0.0,1484006400000
tank_1064,0.0,1484006400000
tank_1065,2.976470588235294,1484006400000
tank_1066,100.72941176470589,1484006400000
tank_1070,0.0,1484006400000
tank_1073,32.0,1484006400000
tank_1083,0.0,1484006400000
tank_1086,44.0,1484006400000
tank_1088,7.0,1484006400000
tank_1089,0.0,1484006400000
tank_1090,0.0,1484006400000
tank_1091,20.73333333333333,1484006400000
tank_1094,163.0,1484006400000
tank_1095,0.0,1484006400000
tank_1104,0.0,1484006400000
tank_1113,19.0,1484006400000
tank_1116,1.0,1484006400000
tank_1117,0.0,1484006400000
tank_1120,233.0,1484006400000
tank_1121,0.0,1484006400000
tank_1124,27.835294117647056,1484006400000
tank_1128,0.0,1484006400000
tank_1134,2.8274509803921566,1484006400000
tank_1135,14.0,1484006400000
tank_1146,0.0,1484006400000
tank_1149,22.9843137254902,1484006400000
tank_1156,0.0,1484006400000
tank_1157,20.10588235294118,1484006400000
tank_1159,106.0,1484006400000
tank_1160,0.0,1484006400000
tank_1166,1.4431372549019608,1484006400000
tank_1170,27.71764705882353,1484006400000
tank_1175,0.0,1484006400000
tank_1177,0.0,1484006400000
tank_1179,5.137254901960785,1484006400000
tank_1181,212.54117647058823,1484006400000
tank_1186,0.0,1484006400000
tank_1187,25.929411764705886,1484006400000
tank_1190,4.0,1484006400000
tank_1192,0.0,1484006400000
tank_1196,22.862745098039216,1484006400000
tank_1197,0.0,1484006400000
tank_1201,0.0,1484006400000
tank_1203,24.61568627450981,1484006400000
tank_1205,315.4078431372549,1484006400000
tank_1209,688.0,1484006400000
tank_1217,1.4980392156862745,1484006400000
tank_1223,4.603921568627451,1484006400000
tank_1226,4.635294117647059,1484006400000
tank_1228,11.0,1484006400000
tank_1230,0.0,1484006400000
tank_1237,0.0,1484006400000
tank_1239,0.0,1484006400000
tank_1245,3.0,1484006400000
tank_1246,0.0,1484006400000
tank_1250,34.23529411764706,1484006400000
tank_1254,0.0,1484006400000
tank_1255,31.53725490196078,1484006400000
tank_1258,0.0,1484006400000
tank_1261,1.0431372549019609,1484006400000
tank_1262,2.776470588235294,1484006400000
tank_1263,9.0,1484006400000
tank_1265,0.0,1484006400000
tank_1270,10.0,1484006400000
tank_1272,0.0,1484006400000
tank_1275,0.0,1484006400000
tank_1276,0.0,1484006400000
tank_1279,10.0,1484006400000
tank_1280,14.145098039215686,1484006400000
tank_1284,0.0,1484006400000
tank_1285,7.125490196078432,1484006400000
tank_1286,49.0,1484006400000
tank_1290,0.0,1484006400000
tank_1291,0.0,1484006400000
tank_1293,0.0,1484006400000
tank_1295,16.011764705882353,1484006400000
tank_1297,92.0,1484006400000
tank_1301,0.0,1484006400000
tank_1302,0.0,1484006400000
tank_1304,19.17647058823529,1484006400000
tank_1305,0.0,1484006400000
tank_1313,0.0,1484006400000
tank_1322,0.0,1484006400000
tank_1325,44.976470588235294,1484006400000
tank_1326,15.270588235294118,1484006400000
tank_1344,1.0,1484006400000
tank_1346,7.933333333333334,1484006400000
tank_1349,0.0,1484006400000
tank_1353,0.0,1484006400000
tank_1358,0.0,1484006400000
tank_1359,8.705882352941176,1484006400000
tank_1361,0.0,1484006400000
tank_1364,0.0,1484006400000
tank_1365,0.0,1484006400000
tank_1372,66.90980392156862,1484006400000
tank_1374,0.0,1484006400000
tank_1378,0.0,1484006400000
tank_1380,0.0,1484006400000
tank_1386,0.0,1484006400000
tank_1391,0.0,1484006400000
tank_1393,0.0,1484006400000
tank_1396,37.0,1484006400000
tank_1397,0.27058823529411763,1484006400000
tank_1403,0.0,1484006400000
tank_1409,0.0,1484006400000
tank_1412,0.0,1484006400000
tank_1415,0.0,1484006400000
tank_1416,1.3254901960784313,1484006400000
tank_1421,0.0,1484006400000
tank_1422,3.8745098039215686,1484006400000
tank_1425,0.0,1484006400000
tank_1426,0.0,1484006400000
tank_1430,0.0,1484006400000
tank_1433,0.0,1484006400000
tank_1438,4.0,1484006400000
tank_1439,0.0,1484006400000
tank_1441,0.0,1484006400000
tank_1443,41.93725490196079,1484006400000
tank_1445,26.5921568627451,1484006400000
tank_1446,3.0,1484006400000
tank_1450,0.7333333333333333,1484006400000
tank_1452,7.325490196078431,1484006400000
tank_1456,0.0,1484006400000
tank_1466,0.0,1484006400000
tank_1471,0.0,1484006400000
tank_1475,0.0,1484006400000
tank_1486,0.0,1484006400000
tank_1488,16.0,1484006400000
tank_1491,0.0,1484006400000
tank_1500,0.0,1484006400000
tank_1505,0.0,1484006400000
tank_1513,3.0,1484006400000
tank_1531,1.0,1484006400000
tank_1536,2.0,1484006400000
tank_1539,0.0,1484006400000
tank_1541,4.0,1484006400000
tank_1542,0.050980392156862744,1484006400000
tank_1547,0.0,1484006400000
tank_1563,0.0,1484006400000
tank_1564,0.0,1484006400000
tank_1565,0.0,1484006400000
tank_1567,7.792156862745098,1484006400000
tank_1568,162.60392156862744,1484006400000
tank_1573,2.0,1484006400000
tank_1583,33.321568627450986,1484006400000
tank_1587,0.0,1484006400000
tank_1588,16.788235294117648,1484006400000
tank_1592,7.0,1484006400000
tank_1594,0.0,1484006400000
tank_1595,0.0,1484006400000
tank_1597,0.0,1484006400000
tank_1598,0.0,1484006400000
tank_1600,6.403921568627451,1484006400000
tank_1604,0.0,1484006400000
tank_0002,2.0,1485043200000
tank_0004,0.0,1485043200000
tank_0005,25.996078431372553,1485043200000
tank_0011,0.0,1485043200000
tank_0014,0.0,1485043200000
tank_0019,0.0,1485043200000
tank_0024,50.141176470588235,1485043200000
tank_0025,0.0,1485043200000
tank_0026,8.0,1485043200000
tank_0027,5.956862745098039,1485043200000
tank_0030,0.0,1485043200000
tank_0031,6.0,1485043200000
tank_0036,1.988235294117647,1485043200000
tank_0037,0.0,1485043200000
tank_0038,30.254901960784316,1485043200000
tank_0050,37.78039215686274,1485043200000
tank_0051,14.75294117647059,1485043200000
tank_0052,1.5058823529411764,1485043200000
tank_0053,82.68627450980394,1485043200000
tank_0055,0.0,1485043200000
tank_0057,100.74509803921569,1485043200000
tank_0058,0.0,1485043200000
tank_0064,74.28627450980392,1485043200000
tank_0069,7.231372549019607,1485043200000
tank_0072,0.0,1485043200000
tank_0073,2.384313725490196,1485043200000
tank_0080,14.0,1485043200000
tank_0094,0.0,1485043200000
tank_0107,0.0,1485043200000
tank_0110,0.0,1485043200000
tank_0113,45.22352941176471,1485043200000
tank_0115,0.0,1485043200000
tank_0116,4.333333333333334,1485043200000
tank_0117,175.0,1485043200000
tank_0118,0.0,1485043200000
tank_0122,6.0,1485043200000
tank_0125,56.6313725490196,1485043200000
tank_0130,4.71764705882353,1485043200000
tank_0131,0.0,1485043200000
tank_0132,0.0,1485043200000
tank_0134,0.0,1485043200000
tank_0135,0.4235294117647059,1485043200000
tank_0142,0.0,1485043200000
tank_0143,0.0,1485043200000
tank_0144,0.0,1485043200000
tank_0148,0.0,1485043200000
tank_0153,34.0,1485043200000
tank_0156,93.98431372549021,1485043200000
tank_0159,0.0,1485043200000
tank_0165,1.788235294117647,1485043200000
tank_0171,0.0,1485043200000
tank_0172,0.0,1485043200000
tank_0174,20.721568627450978,1485043200000
tank_0176,19.803921568627455,1485043200000
tank_0184,1.3725490196078431,1485043200000
tank_0187,0.0,1485043200000
tank_0190,1.611764705882353,1485043200000
tank_0192,0.0,1485043200000
tank_0193,0.0,1485043200000
tank_0195,0.0,1485043200000
tank_0199,0.0,1485043200000
tank_0204,0.0,1485043200000
tank_0205,0.0,1485043200000
tank_0207,0.0,1485043200000
tank_0209,0.26666666666666666,1485043200000
tank_0213,0.48627450980392156,1485043200000
tank_0217,0.0,1485043200000
tank_0220,0.0,1485043200000
tank_0221,4.352941176470588,1485043200000
tank_0225,0.0,1485043200000
tank_0226,7.984313725490196,1485043200000
tank_0228,0.0,1485043200000
tank_0229,0.0,1485043200000
tank_0231,0.0,1485043200000
tank_0233,0.0,1485043200000
tank_0236,18.250980392156862,1485043200000
tank_0237,75.74509803921568,1485043200000
tank_0240,0.4274509803921569,1485043200000
tank_0242,0.0,1485043200000
tank_0245,8.827450980392156,1485043200000
tank_0247,21.0,1485043200000
tank_0256,0.5764705882352941,1485043200000
tank_0257,3.796078431372549,1485043200000
tank_0260,0.0,1485043200000
tank_0261,0.0,1485043200000
tank_0264,0.0,1485043200000
tank_0273,16.0,1485043200000
tank_0276,0.0,1485043200000
tank_0278,20.28235294117647,1485043200000
tank_0280,0.0,1485043200000
tank_0291,0.0,1485043200000
tank_0292,10.980392156862745,1485043200000
tank_0296,0.0,1485043200000
tank_0297,4.337254901960785,1485043200000
tank_0299,9.650980392156862,1485043200000
tank_0300,8.286274509803922,1485043200000
tank_0301,3.4431372549019605,1485043200000
tank_0307,2.0,1485043200000
tank_0309,7.4980392156862745,1485043200000
tank_0313,0.0,1485043200000
tank_0314,2.4588235294117644,1485043200000
tank_0319,23.698039215686276,1485043200000
tank_0321,0.0,1485043200000
tank_0327,0.0,1485043200000
tank_0337,5.0,1485043200000
tank_0338,0.0,1485043200000
tank_0339,49.93333333333333,1485043200000
tank_0342,19.133333333333333,1485043200000
tank_0345,1.0,1485043200000
tank_0346,4.921568627450981,1485043200000
tank_0349,10.0,1485043200000
tank_0350,5.247058823529412,1485043200000
tank_0353,245.21960784313725,1485043200000
tank_0356,0.0,1485043200000
tank_0360,9.61176470588235,1485043200000
tank_0361,33.08627450980392,1485043200000
tank_0362,1.8235294117647058,1485043200000
tank_0364,10.431372549019606,1485043200000
tank_0366,26.470588235294116,1485043200000
tank_0369,0.0,1485043200000
tank_0375,1.2980392156862743,1485043200000
tank_0379,57.96862745098041,1485043200000
tank_0381,6.0,1485043200000
tank_0386,1.8862745098039215,1485043200000
tank_0390,23.0,1485043200000
tank_0397,0.2235294117647059,1485043200000
tank_0399,0.0,1485043200000
tank_0404,0.47843137254901963,1485043200000
tank_0409,0.0,1485043200000
tank_0420,0.0,1485043200000
tank_0425,0.0,1485043200000
tank_0431,0.0,1485043200000
tank_0432,3.2509803921568627,1485043200000
tank_0435,0.9882352941176471,1485043200000
tank_0436,2.0,1485043200000
tank_0438,0.4196078431372549,1485043200000
tank_0443,1.7490196078431373,1485043200000
tank_0444,2.0,1485043200000
tank_0447,1.4313725490196079,1485043200000
tank_0448,5.886274509803921,1485043200000
tank_0449,0.0,1485043200000
tank_0455,0.0,1485043200000
tank_0460,0.0,1485043200000
tank_0462,0.0,1485043200000
tank_0466,0.0,1485043200000
tank_0471,0.0,1485043200000
tank_0473,0.0,1485043200000
tank_0474,2.0,1485043200000
tank_0481,26.474509803921574,1485043200000
tank_0485,0.0,1485043200000
tank_0489,0.0,1485043200000
tank_0491,0.0,1485043200000
tank_0494,0.0,1485043200000
tank_0497,0.0,1485043200000
tank_0498,0.0,1485043200000
tank_0502,0.0,1485043200000
tank_0505,0.0,1485043200000
tank_0509,0.9803921568627451,1485043200000
tank_0512,4.0,1485043200000
tank_0514,0.0,1485043200000
tank_0515,0.0,1485043200000
tank_0521,0.0,1485043200000
tank_0524,0.0,1485043200000
tank_0526,0.0,1485043200000
tank_0533,0.2627450980392157,1485043200000
tank_0534,0.0,1485043200000
tank_0536,0.0,1485043200000
tank_0537,0.0,1485043200000
tank_0541,0.0,1485043200000
tank_0547,0.0,1485043200000
tank_0552,3.4156862745098038,1485043200000
tank_0555,0.0,1485043200000
tank_0556,0.0,1485043200000
tank_0557,2.2509803921568627,1485043200000
tank_0560,24.509803921568626,1485043200000
tank_0561,0.047058823529411764,1485043200000
tank_0566,0.0,1485043200000
tank_0567,0.0,1485043200000
tank_0568,15.525490196078433,1485043200000
tank_0574,0.0,1485043200000
tank_0579,0.0,1485043200000
tank_0583,132.0,1485043200000
tank_0587,0.0,1485043200000
tank_0589,0.0,1485043200000
tank_0590,0.0,1485043200000
tank_0592,0.0,1485043200000
tank_0593,0.0,1485043200000
tank_0595,0.25098039215686274,1485043200000
tank_0600,0.0,1485043200000
tank_0604,11.109803921568627,1485043200000
tank_0606,19.0,1485043200000
tank_0607,12.090196078431372,1485043200000
tank_0608,66.0,1485043200000
tank_0610,0.0,1485043200000
tank_0611,0.0,1485043200000
tank_0612,4.686274509803922,1485043200000
tank_0613,0.0,1485043200000
tank_0619,0.0,1485043200000
tank_0626,0.0,1485043200000
tank_0627,0.0,1485043200000
tank_0628,1.6274509803921569,1485043200000
tank_0632,0.0,1485043200000
tank_0633,0.0,1485043200000
tank_0639,0.0,1485043200000
tank_0640,0.0,1485043200000
tank_0641,6.623529411764705,1485043200000
tank_0643,20.850980392156863,1485043200000
tank_0646,0.15294117647058825,1485043200000
tank_0663,0.0,1485043200000
tank_0664,0.0,1485043200000
tank_0666,0.0,1485043200000
tank_0667,0.0,1485043200000
tank_0670,0.0,1485043200000
tank_0675,0.0,1485043200000
tank_0676,0.0,1485043200000
tank_0678,3.588235294117647,1485043200000
tank_0681,0.0,1485043200000
tank_0687,0.0,1485043200000
tank_0688,0.0,1485043200000
tank_0697,7.458823529411764,1485043200000
tank_0720,4.474509803921569,1485043200000
tank_0722,0.0,1485043200000
tank_0724,16.24313725490196,1485043200000
tank_0725,0.0,1485043200000
tank_0728,2.0901960784313727,1485043200000
tank_0730,1.7647058823529411,1485043200000
tank_0731,0.0,1485043200000
tank_0732,0.0,1485043200000
tank_0737,0.0,1485043200000
tank_0739,0.0,1485043200000
tank_0740,21.376470588235293,1485043200000
tank_0746,0.0,1485043200000
tank_0748,0.0,1485043200000
tank_0749,3.0,1485043200000
tank_0752,0.0,1485043200000
tank_0760,0.0,1485043200000
tank_0770,3.4862745098039216,1485043200000
tank_0772,4.68235294117647,1485043200000
tank_0788,23.243137254901956,1485043200000
tank_0789,0.0,1485043200000
tank_0792,131.98039215686276,1485043200000
tank_0797,0.0,1485043200000
tank_0800,25.0,1485043200000
tank_0802,0.0,1485043200000
tank_0803,1.772549019607843,1485043200000
tank_0808,8.850980392156863,1485043200000
tank_0810,0.0,1485043200000
tank_0811,15.250980392156864,1485043200000
tank_0812,0.0,1485043200000
tank_0813,0.6901960784313725,1485043200000
tank_0816,3.0,1485043200000
tank_0819,0.0,1485043200000
tank_0823,0.0,1485043200000
tank_0824,0.0,1485043200000
tank_0825,1.9294117647058824,1485043200000
tank_0828,0.0,1485043200000
tank_0829,0.0,1485043200000
tank_0830,0.0,1485043200000
tank_0831,3.223529411764706,1485043200000
tank_0844,0.0,1485043200000
tank_0852,12.701960784313727,1485043200000
tank_0855,0.0,1485043200000
tank_0856,246.0,1485043200000
tank_0860,0.0,1485043200000
tank_0861,0.0,1485043200000
tank_0872,0.0,1485043200000
tank_0875,0.0,1485043200000
tank_0879,0.0,1485043200000
tank_0885,0.0,1485043200000
tank_0891,0.0,1485043200000
tank_0894,303.0,1485043200000
tank_0898,301.0,1485043200000
tank_0900,13.337254901960785,1485043200000
tank_0901,0.0,1485043200000
tank_0902,33.0,1485043200000
tank_0914,0.0,1485043200000
tank_0917,98.0,1485043200000
tank_0919,0.0,1485043200000
tank_0920,16.96470588235294,1485043200000
tank_0922,0.0,1485043200000
tank_0923,38.18823529411765,1485043200000
tank_0924,3.8666666666666667,1485043200000
tank_0926,53.43529411764706,1485043200000
tank_0927,6.0,1485043200000
tank_0928,0.0,1485043200000
tank_0930,0.0,1485043200000
tank_0931,0.0,1485043200000
tank_0933,0.0,1485043200000
tank_0934,0.39215686274509803,1485043200000
tank_0937,0.0,1485043200000
tank_0938,0.0,1485043200000
tank_0939,0.0,1485043200000
tank_0944,27.0,1485043200000
tank_0946,7.180392156862745,1485043200000
tank_0952,1.9176470588235293,1485043200000
tank_0958,0.0,1485043200000
tank_0962,459.0,1485043200000
tank_0967,3.5176470588235293,1485043200000
tank_0975,30.403921568627453,1485043200000
tank_0978,15.686274509803923,1485043200000
tank_0990,0.0,1485043200000
tank_0991,131.0,1485043200000
tank_0998,5.294117647058824,1485043200000
tank_0999,0.0,1485043200000
tank_1003,14.0,1485043200000
tank_1004,3.0,1485043200000
tank_1014,0.0,1485043200000
tank_1026,55.0,1485043200000
tank_1031,1.0,1485043200000
tank_1032,0.0,1485043200000
tank_1034,0.0,1485043200000
tank_1042,0.0,1485043200000
tank_1045,0.0,1485043200000
tank_1049,0.0,1485043200000
tank_1055,9.074509803921568,1485043200000
tank_1061,0.0,1485043200000
tank_1062,0.0,1485043200000
tank_1064,0.0,1485043200000
tank_1065,0.9882352941176471,1485043200000
tank_1066,83.78823529411764,1485043200000
tank_1070,0.0,1485043200000
tank_1073,28.0,1485043200000
tank_1083,0.0,1485043200000
tank_1086,27.0,1485043200000
tank_1088,2.0,1485043200000
tank_1089,0.0,1485043200000
tank_1090,0.0,1485043200000
tank_1091,14.035294117647057,1485043200000
tank_1094,17.0,1485043200000
tank_1095,0.0,1485043200000
tank_1104,1.4980392156862745,1485043200000
tank_1113,7.0,1485043200000
tank_1116,0.0,1485043200000
tank_1117,0.0,1485043200000
tank_1120,204.36862745098037,1485043200000
tank_1121,0.0,1485043200000
tank_1124,9.0,1485043200000
tank_1128,0.0,1485043200000
tank_1134,0.0,1485043200000
tank_1135,3.0,1485043200000
tank_1146,0.0,1485043200000
tank_1149,28.26274509803922,1485043200000
tank_1156,0.0,1485043200000
tank_1157,12.925490196078433,1485043200000
tank_1159,31.0,1485043200000
tank_1160,0.0,1485043200000
tank_1166,0.0,1485043200000
tank_1170,17.24313725490196,1485043200000
tank_1175,0.0,1485043200000
tank_1177,0.0,1485043200000
tank_1179,3.196078431372549,1485043200000
tank_1181,95.94117647058823,1485043200000
tank_1186,0.0,1485043200000
tank_1187,31.54117647058824,1485043200000
tank_1190,15.498039215686276,1485043200000
tank_1192,1.7490196078431373,1485043200000
tank_1196,15.094117647058821,1485043200000
tank_1197,0.0,1485043200000
tank_1201,0.0,1485043200000
tank_1203,39.800000000000004,1485043200000
tank_1205,182.0,1485043200000
tank_1209,560.0,1485043200000
tank_1217,0.0,1485043200000
tank_1223,1.0,1485043200000
tank_1226,12.250980392156862,1485043200000
tank_1228,4.0,1485043200000
tank_1230,0.0,1485043200000
tank_1237,0.0,1485043200000
tank_1239,0.0,1485043200000
tank_1245,0.0,1485043200000
tank_1246,0.0,1485043200000
tank_1250,25.15294117647059,1485043200000
tank_1254,0.0,1485043200000
tank_1255,25.192156862745097,1485043200000
tank_1258,0.0,1485043200000
tank_1261,0.0,1485043200000
tank_1262,0.3254901960784314,1485043200000
tank_1263,7.662745098039216,1485043200000
tank_1265,0.0,1485043200000
tank_1270,3.0,1485043200000
tank_1272,0.0,1485043200000
tank_1275,1.5176470588235293,1485043200000
tank_1276,0.0,1485043200000
tank_1279,4.0,1485043200000
tank_1280,7.5058823529411764,1485043200000
tank_1284,0.0,1485043200000
tank_1285,0.0,1485043200000
tank_1286,38.0,1485043200000
tank_1290,0.0,1485043200000
tank_1291,0.0,1485043200000
tank_1293,0.0,1485043200000
tank_1295,11.223529411764705,1485043200000
tank_1297,65.0,1485043200000
tank_1301,0.0,1485043200000
tank_1302,0.0,1485043200000
tank_1304,14.99607843137255,1485043200000
tank_1305,0.0,1485043200000
tank_1313,0.0,1485043200000
tank_1322,0.0,1485043200000
tank_1325,4.0,1485043200000
tank_1326,8.141176470588235,1485043200000
tank_1344,1.0,1485043200000
tank_1346,0.0,1485043200000
tank_1349,0.0,1485043200000
tank_1353,0.0,1485043200000
tank_1358,0.0,1485043200000
tank_1359,7.811764705882354,1485043200000
tank_1361,0.0,1485043200000
tank_1364,0.0,1485043200000
tank_1365,0.0,1485043200000
tank_1372,26.0,1485043200000
tank_1374,0.0,1485043200000
tank_1378,0.0,1485043200000
tank_1380,0.0,1485043200000
tank_1386,0.0,1485043200000
tank_1391,0.0,1485043200000
tank_1393,0.0,1485043200000
tank_1396,2.0,1485043200000
tank_1397,1.380392156862745,1485043200000
tank_1403,0.0,1485043200000
tank_1409,0.0,1485043200000
tank_1412,0.0,1485043200000
tank_1415,0.0,1485043200000
tank_1416,0.33333333333333337,1485043200000
tank_1421,0.0,1485043200000
tank_1422,3.8627450980392157,1485043200000
tank_1425,0.0,1485043200000
tank_1426,0.0,1485043200000
tank_1430,0.0,1485043200000
tank_1433,0.0,1485043200000
tank_1438,1.0,1485043200000
tank_1439,0.0,1485043200000
tank_1441,0.0,1485043200000
tank_1443,33.34509803921569,1485043200000
tank_1445,14.376470588235295,1485043200000
tank_1446,0.0,1485043200000
tank_1450,0.0,1485043200000
tank_1452,5.247058823529411,1485043200000
tank_1456,0.0,1485043200000
tank_1466,0.0,1485043200000
tank_1471,0.0,1485043200000
tank_1475,0.0,1485043200000
tank_1486,0.0,1485043200000
tank_1488,14.0,1485043200000
tank_1491,0.0,1485043200000
tank_1500,0.0,1485043200000
tank_1505,0.0,1485043200000
tank_1513,4.0,1485043200000
tank_1531,0.0,1485043200000
tank_1536,0.0,1485043200000
tank_1539,0.0,1485043200000
tank_1541,0.0,1485043200000
tank_1542,0.18039215686274507,1485043200000
tank_1547,0.0,1485043200000
tank_1563,0.0,1485043200000
tank_1564,0.0,1485043200000
tank_1565,0.0,1485043200000
tank_1567,3.8313725490196076,1485043200000
tank_1568,143.0,1485043200000
tank_1573,2.0,1485043200000
tank_1583,4.247058823529412,1485043200000
tank_1587,0.0,1485043200000
tank_1588,0.0,1485043200000
tank_1592,4.0,1485043200000
tank_1594,0.0,1485043200000
tank_1595,0.0,1485043200000
tank_1597,0.0,1485043200000
tank_1598,0.0,1485043200000
tank_1600,0.0,1485043200000
tank_1604,0.0,1485043200000
tank_0002,4.0,1486080000000
tank_0004,1.6627450980392156,1486080000000
tank_0005,0.0,1486080000000
tank_0011,0.0,1486080000000
tank_0014,0.0,1486080000000
tank_0019,0.0,1486080000000
tank_0024,54.14901960784314,1486080000000
tank_0025,0.23529411764705882,1486080000000
tank_0026,23.313725490196077,1486080000000
tank_0027,5.921568627450981,1486080000000
tank_0030,0.0,1486080000000
tank_0031,12.870588235294118,1486080000000
tank_0036,0.0,1486080000000
tank_0037,0.0,1486080000000
tank_0038,7.666666666666667,1486080000000
tank_0050,58.4078431372549,1486080000000
tank_0051,4.607843137254902,1486080000000
tank_0052,7.5058823529411764,1486080000000
tank_0053,59.3921568627451,1486080000000
tank_0055,0.0,1486080000000
tank_0057,101.92549019607844,1486080000000
tank_0058,0.0,1486080000000
tank_0064,95.73725490196077,1486080000000
tank_0069,19.854901960784314,1486080000000
tank_0072,0.0,1486080000000
tank_0073,11.498039215686275,1486080000000
tank_0080,13.0,1486080000000
tank_0094,0.0,1486080000000
tank_0107,0.0,1486080000000
tank_0110,2.9647058823529413,1486080000000
tank_0113,27.19607843137255,1486080000000
tank_0115,2.164705882352941,1486080000000
tank_0116,2.615686274509804,1486080000000
tank_0117,252.97254901960784,1486080000000
tank_0118,0.0,1486080000000
tank_0122,0.0,1486080000000
tank_0125,75.09803921568627,1486080000000
tank_0130,7.305882352941177,1486080000000
tank_0131,0.0,1486080000000
tank_0132,0.0,1486080000000
tank_0134,0.0,1486080000000
tank_0135,6.0,1486080000000
tank_0142,0.0,1486080000000
tank_0143,0.0,1486080000000
tank_0144,0.0,1486080000000
tank_0148,0.4549019607843137,1486080000000
tank_0153,17.0,1486080000000
tank_0156,96.70980392156865,1486080000000
tank_0159,0.0,1486080000000
tank_0165,0.2627450980392157,1486080000000
tank_0171,0.0,1486080000000
tank_0172,2.0,1486080000000
tank_0174,16.945098039215686,1486080000000
tank_0176,37.36470588235294,1486080000000
tank_0184,11.564705882352941,1486080000000
tank_0187,0.0,1486080000000
tank_0190,1.4980392156862745,1486080000000
tank_0192,0.0,1486080000000
tank_0193,0.0,1486080000000
tank_0195,1.6941176470588235,1486080000000
tank_0199,0.0,1486080000000
tank_0204,0.0,1486080000000
tank_0205,0.0,1486080000000
tank_0207,1.0,1486080000000
tank_0209,0.0,1486080000000
tank_0213,0.0,1486080000000
tank_0217,0.0,1486080000000
tank_0220,0.0,1486080000000
tank_0221,0.6196078431372549,1486080000000
tank_0225,0.0,1486080000000
tank_0226,8.180392156862744,1486080000000
tank_0228,6.03921568627451,1486080000000
tank_0229,0.0,1486080000000
tank_0231,0.0,1486080000000
tank_0233,0.0,1486080000000
tank_0236,1.0784313725490196,1486080000000
tank_0237,71.65098039215685,1486080000000
tank_0240,1.396078431372549,1486080000000
tank_0242,0.0,1486080000000
tank_0245,0.0,1486080000000
tank_0247,27.0,1486080000000
tank_0256,0.0,1486080000000
tank_0257,7.8431372549019605,1486080000000
tank_0260,4.0549019607843135,1486080000000
tank_0261,0.0,1486080000000
tank_0264,0.0,1486080000000
tank_0273,10.0,1486080000000
tank_0276,0.0,1486080000000
tank_0278,30.819607843137252,1486080000000
tank_0280,2.568627450980392,1486080000000
tank_0291,1.0,1486080000000
tank_0292,21.83529411764706,1486080000000
tank_0296,0.0,1486080000000
tank_0297,9.062745098039215,1486080000000
tank_0299,9.792156862745099,1486080000000
tank_0300,6.678431372549019,1486080000000
tank_0301,6.247058823529412,1486080000000
tank_0307,0.0,1486080000000
tank_0309,5.0,1486080000000
tank_0313,0.0,1486080000000
tank_0314,1.6509803921568629,1486080000000
tank_0319,18.4078431372549,1486080000000
tank_0321,6.345098039215686,1486080000000
tank_0327,0.0,1486080000000
tank_0337,2.0,1486080000000
tank_0338,1.5058823529411764,1486080000000
tank_0339,37.90980392156863,1486080000000
tank_0342,31.454901960784312,1486080000000
tank_0345,3.2509803921568627,1486080000000
tank_0346,6.196078431372548,1486080000000
tank_0349,4.0,1486080000000
tank_0350,9.811764705882354,1486080000000
tank_0353,238.14901960784317,1486080000000
tank_0356,0.4745098039215686,1486080000000
tank_0360,5.137254901960784,1486080000000
tank_0361,23.545098039215688,1486080000000
tank_0362,0.0,1486080000000
tank_0364,14.427450980392155,1486080000000
tank_0366,32.93333333333333,1486080000000
tank_0369,0.0,1486080000000
tank_0375,4.258823529411765,1486080000000
tank_0379,60.80392156862746,1486080000000
tank_0381,4.0,1486080000000
tank_0386,3.4784313725490197,1486080000000
tank_0390,37.5843137254902,1486080000000
tank_0397,0.2235294117647059,1486080000000
tank_0399,0.0,1486080000000
tank_0404,4.08235294117647,1486080000000
tank_0409,0.0,1486080000000
tank_0420,0.12549019607843137,1486080000000
tank_0425,0.34509803921568627,1486080000000
tank_0431,0.0,1486080000000
tank_0432,3.050980392156863,1486080000000
tank_0435,0.0,1486080000000
tank_0436,2.0,1486080000000
tank_0438,0.0,1486080000000
tank_0443,1.6901960784313725,1486080000000
tank_0444,0.0,1486080000000
tank_0447,6.529411764705882,1486080000000
tank_0448,10.701960784313727,1486080000000
tank_0449,0.0,1486080000000
tank_0455,5.0,1486080000000
tank_0460,0.0,1486080000000
tank_0462,0.0,1486080000000
tank_0466,0.9294117647058824,1486080000000
tank_0471,1.1372549019607843,1486080000000
tank_0473,0.0,1486080000000
tank_0474,2.2588235294117647,1486080000000
tank_0481,23.654901960784315,1486080000000
tank_0485,0.0,1486080000000
tank_0489,0.0,1486080000000
tank_0491,2.0,1486080000000
tank_0494,0.0,1486080000000
tank_0497,0.0,1486080000000
tank_0498,0.0,1486080000000
tank_0502,0.0,1486080000000
tank_0505,0.0,1486080000000
tank_0509,0.0,1486080000000
tank_0512,4.0,1486080000000
tank_0514,0.0,1486080000000
tank_0515,0.0,1486080000000
tank_0521,0.0,1486080000000
tank_0524,0.0,1486080000000
tank_0526,0.0,1486080000000
tank_0533,0.0,1486080000000
tank_0534,0.4980392156862745,1486080000000
tank_0536,0.0,1486080000000
tank_0537,0.0,1486080000000
tank_0541,3.0,1486080000000
tank_0547,0.0,1486080000000
tank_0552,0.0,1486080000000
tank_0555,0.0,1486080000000
tank_0556,0.0,1486080000000
tank_0557,1.0,1486080000000
tank_0560,24.823529411764707,1486080000000
tank_0561,2.0,1486080000000
tank_0566,0.0,1486080000000
tank_0567,0.0,1486080000000
tank_0568,21.2078431372549,1486080000000
tank_0574,0.0,1486080000000
tank_0579,0.0,1486080000000
tank_0583,117.0,1486080000000
tank_0587,0.0,1486080000000
tank_0589,0.0,1486080000000
tank_0590,0.0,1486080000000
tank_0592,2.023529411764706,1486080000000
tank_0593,0.0,1486080000000
tank_0595,4.0,1486080000000
tank_0600,0.0,1486080000000
tank_0604,28.505882352941175,1486080000000
tank_0606,5.0,1486080000000
tank_0607,2.0,1486080000000
tank_0608,74.0,1486080000000
tank_0610,0.0,1486080000000
tank_0611,0.0,1486080000000
tank_0612,2.015686274509804,1486080000000
tank_0613,0.0,1486080000000
tank_0619,0.0,1486080000000
tank_0626,0.0,1486080000000
tank_0627,0.0,1486080000000
tank_0628,0.0,1486080000000
tank_0632,0.0,1486080000000
tank_0633,0.0,1486080000000
tank_0639,0.0,1486080000000
tank_0640,0.0,1486080000000
tank_0641,7.0,1486080000000
tank_0643,13.145098039215686,1486080000000
tank_0646,2.0,1486080000000
tank_0663,2.9098039215686278,1486080000000
tank_0664,0.0,1486080000000
tank_0666,0.0,1486080000000
tank_0667,4.976470588235294,1486080000000
tank_0670,0.0,1486080000000
tank_0675,0.0,1486080000000
tank_0676,0.0,1486080000000
tank_0678,4.454901960784314,1486080000000
tank_0681,0.0,1486080000000
tank_0687,0.0,1486080000000
tank_0688,1.0,1486080000000
tank_0697,3.0,1486080000000
tank_0720,7.211764705882352,1486080000000
tank_0722,2.0,1486080000000
tank_0724,12.356862745098038,1486080000000
tank_0725,1.0,1486080000000
tank_0728,4.47843137254902,1486080000000
tank_0730,0.1568627450980392,1486080000000
tank_0731,0.0,1486080000000
tank_0732,0.0,1486080000000
tank_0737,0.0,1486080000000
tank_0739,6.4980392156862745,1486080000000
tank_0740,61.85882352941177,1486080000000
tank_0746,0.0,1486080000000
tank_0748,0.0,1486080000000
tank_0749,0.6078431372549019,1486080000000
tank_0752,0.0196078431372549,1486080000000
tank_0760,0.0,1486080000000
tank_0770,3.772549019607843,1486080000000
tank_0772,1.0,1486080000000
tank_0788,0.0,1486080000000
tank_0789,2.0,1486080000000
tank_0792,148.45490196078427,1486080000000
tank_0797,0.0,1486080000000
tank_0800,42.0,1486080000000
tank_0802,0.0,1486080000000
tank_0803,0.7607843137254902,1486080000000
tank_0808,16.2078431372549,1486080000000
tank_0810,0.0,1486080000000
tank_0811,8.447058823529412,1486080000000
tank_0812,0.0,1486080000000
tank_0813,0.4117647058823529,1486080000000
tank_0816,3.0,1486080000000
tank_0819,0.0,1486080000000
tank_0823,0.0,1486080000000
tank_0824,0.0,1486080000000
tank_0825,0.0,1486080000000
tank_0828,0.0,1486080000000
tank_0829,0.0,1486080000000
tank_0830,0.0,1486080000000
tank_0831,8.047058823529412,1486080000000
tank_0844,0.0,1486080000000
tank_0852,23.02352941176471,1486080000000
tank_0855,0.0,1486080000000
tank_0856,576.0,1486080000000
tank_0860,0.0,1486080000000
tank_0861,0.0,1486080000000
tank_0872,0.0,1486080000000
tank_0875,1.0,1486080000000
tank_0879,0.0,1486080000000
tank_0885,0.7764705882352941,1486080000000
tank_0891,0.0,1486080000000
tank_0894,878.4274509803922,1486080000000
tank_0898,385.97254901960787,1486080000000
tank_0900,12.858823529411763,1486080000000
tank_0901,0.0,1486080000000
tank_0902,34.0,1486080000000
tank_0914,0.0,1486080000000
tank_0917,92.0,1486080000000
tank_0919,0.0,1486080000000
tank_0920,14.0,1486080000000
tank_0922,69.0,1486080000000
tank_0923,53.117647058823536,1486080000000
tank_0924,11.701960784313725,1486080000000
tank_0926,44.31764705882354,1486080000000
tank_0927,8.898039215686275,1486080000000
tank_0928,0.0,1486080000000
tank_0930,0.0,1486080000000
tank_0931,0.0,1486080000000
tank_0933,0.0,1486080000000
tank_0934,2.819607843137255,1486080000000
tank_0937,6.0,1486080000000
tank_0938,0.0,1486080000000
tank_0939,0.0,1486080000000
tank_0944,29.0,1486080000000
tank_0946,7.980392156862745,1486080000000
tank_0952,0.14901960784313725,1486080000000
tank_0958,0.0,1486080000000
tank_0962,536.0,1486080000000
tank_0967,2.1372549019607847,1486080000000
tank_0975,20.694117647058825,1486080000000
tank_0978,0.5058823529411764,1486080000000
tank_0990,0.0,1486080000000
tank_0991,447.0,1486080000000
tank_0998,0.0,1486080000000
tank_0999,0.0,1486080000000
tank_1003,11.0,1486080000000
tank_1004,9.0,1486080000000
tank_1014,3.0,1486080000000
tank_1026,46.0,1486080000000
tank_1031,0.0,1486080000000
tank_1032,0.0,1486080000000
tank_1034,0.0,1486080000000
tank_1042,0.0,1486080000000
tank_1045,0.0,1486080000000
tank_1049,0.0,1486080000000
tank_1055,4.309803921568628,1486080000000
tank_1061,0.0,1486080000000
tank_1062,0.0,1486080000000
tank_1064,0.0,1486080000000
tank_1065,0.9882352941176471,1486080000000
tank_1066,95.6470588235294,1486080000000
tank_1070,2.0,1486080000000
tank_1073,10.0,1486080000000
tank_1083,0.0,1486080000000
tank_1086,30.0,1486080000000
tank_1088,1.0,1486080000000
tank_1089,0.0,1486080000000
tank_1090,0.0,1486080000000
tank_1091,19.423529411764708,1486080000000
tank_1094,2.0,1486080000000
tank_1095,0.0,1486080000000
tank_1104,0.0,1486080000000
tank_1113,5.0,1486080000000
tank_1116,0.0,1486080000000
tank_1117,0.0,1486080000000
tank_1120,239.0,1486080000000
tank_1121,0.0,1486080000000
tank_1124,0.0,1486080000000
tank_1128,0.0,1486080000000
tank_1134,0.0,1486080000000
tank_1135,0.0,1486080000000
tank_1146,0.0,1486080000000
tank_1149,14.04313725490196,1486080000000
tank_1156,0.0,1486080000000
tank_1157,12.321568627450981,1486080000000
tank_1159,0.0,1486080000000
tank_1160,0.0,1486080000000
tank_1166,0.0,1486080000000
tank_1170,20.24313725490196,1486080000000
tank_1175,0.0,1486080000000
tank_1177,0.0,1486080000000
tank_1179,1.6745098039215687,1486080000000
tank_1181,208.2980392156863,1486080000000
tank_1186,0.0,1486080000000
tank_1187,12.996078431372547,1486080000000
tank_1190,6.0,1486080000000
tank_1192,1.4392156862745098,1486080000000
tank_1196,16.04313725490196,1486080000000
tank_1197,1146.0,1486080000000
tank_1201,0.0,1486080000000
tank_1203,52.21568627450982,1486080000000
tank_1205,135.90980392156862,1486080000000
tank_1209,576.0,1486080000000
tank_1217,0.0,1486080000000
tank_1223,7.027450980392157,1486080000000
tank_1226,12.501960784313724,1486080000000
tank_1228,5.0,1486080000000
tank_1230,0.0,1486080000000
tank_1237,0.0,1486080000000
tank_1239,0.0,1486080000000
tank_1245,1.0,1486080000000
tank_1246,0.0,1486080000000
tank_1250,20.235294117647058,1486080000000
tank_1254,0.0,1486080000000
tank_1255,25.341176470588234,1486080000000
tank_1258,0.0,1486080000000
tank_1261,1.0,1486080000000
tank_1262,0.3058823529411765,1486080000000
tank_1263,5.52156862745098,1486080000000
tank_1265,0.0,1486080000000
tank_1270,0.0,1486080000000
tank_1272,0.0,1486080000000
tank_1275,0.03529411764705882,1486080000000
tank_1276,0.0,1486080000000
tank_1279,0.0,1486080000000
tank_1280,1.156862745098039,1486080000000
tank_1284,0.0,1486080000000
tank_1285,0.0,1486080000000
tank_1286,12.0,1486080000000
tank_1290,0.0,1486080000000
tank_1291,0.0,1486080000000
tank_1293,0.0,1486080000000
tank_1295,27.835294117647056,1486080000000
tank_1297,41.0,1486080000000
tank_1301,0.0,1486080000000
tank_1302,1.0,1486080000000
tank_1304,15.207843137254903,1486080000000
tank_1305,0.0,1486080000000
tank_1313,0.0,1486080000000
tank_1322,0.0,1486080000000
tank_1325,0.0,1486080000000
tank_1326,9.83921568627451,1486080000000
tank_1344,0.0,1486080000000
tank_1346,5.317647058823528,1486080000000
tank_1349,0.0,1486080000000
tank_1353,0.0,1486080000000
tank_1358,0.0,1486080000000
tank_1359,14.52549019607843,1486080000000
tank_1361,0.0,1486080000000
tank_1364,0.0,1486080000000
tank_1365,0.0,1486080000000
tank_1372,20.0,1486080000000
tank_1374,0.0,1486080000000
tank_1378,0.0,1486080000000
tank_1380,0.0,1486080000000
tank_1386,0.0,1486080000000
tank_1391,0.0,1486080000000
tank_1393,0.0,1486080000000
tank_1396,2.0,1486080000000
tank_1397,0.0,1486080000000
tank_1403,0.0,1486080000000
tank_1409,0.0,1486080000000
tank_1412,0.0,1486080000000
tank_1415,4.0,1486080000000
tank_1416,2.6627450980392156,1486080000000
tank_1421,0.0,1486080000000
tank_1422,9.654901960784315,1486080000000
tank_1425,0.0,1486080000000
tank_1426,0.0,1486080000000
tank_1430,0.0,1486080000000
tank_1433,0.0,1486080000000
tank_1438,0.0,1486080000000
tank_1439,0.0,1486080000000
tank_1441,0.0,1486080000000
tank_1443,38.47058823529412,1486080000000
tank_1445,13.784313725490197,1486080000000
tank_1446,0.0,1486080000000
tank_1450,0.0,1486080000000
tank_1452,14.015686274509806,1486080000000
tank_1456,0.0,1486080000000
tank_1466,0.7490196078431373,1486080000000
tank_1471,0.7803921568627451,1486080000000
tank_1475,0.0,1486080000000
tank_1486,0.0,1486080000000
tank_1488,13.0,1486080000000
tank_1491,0.0,1486080000000
tank_1500,3.0,1486080000000
tank_1505,0.0,1486080000000
tank_1513,1.0,1486080000000
tank_1531,0.0,1486080000000
tank_1536,0.0,1486080000000
tank_1539,0.0,1486080000000
tank_1541,2.0,1486080000000
tank_1542,4.447058823529412,1486080000000
tank_1547,0.0,1486080000000
tank_1563,0.0,1486080000000
tank_1564,0.0,1486080000000
tank_1565,0.0,1486080000000
tank_1567,2.541176470588235,1486080000000
tank_1568,109.0,1486080000000
tank_1573,8.0,1486080000000
tank_1583,13.219607843137254,1486080000000
tank_1587,0.0,1486080000000
tank_1588,4.0,1486080000000
tank_1592,6.372549019607844,1486080000000
tank_1594,0.0,1486080000000
tank_1595,1.0,1486080000000
tank_1597,1.0,1486080000000
tank_1598,0.0,1486080000000
tank_1600,1.0,1486080000000
tank_1604,1.0,1486080000000
tank_0002,0.0,1488153600000
tank_0004,0.0,1488153600000
tank_0005,0.0,1488153600000
tank_0011,0.0,1488153600000
tank_0014,0.0,1488153600000
tank_0019,1.0,1488153600000
tank_0024,60.1764705882353,1488153600000
tank_0025,0.0,1488153600000
tank_0026,9.705882352941176,1488153600000
tank_0027,0.0,1488153600000
tank_0030,0.0,1488153600000
tank_0031,3.9960784313725486,1488153600000
tank_0036,0.0,1488153600000
tank_0037,0.0,1488153600000
tank_0038,45.5843137254902,1488153600000
tank_0050,42.83137254901961,1488153600000
tank_0051,4.564705882352941,1488153600000
tank_0052,7.419607843137255,1488153600000
tank_0053,86.07450980392157,1488153600000
tank_0055,6.356862745098039,1488153600000
tank_0057,105.68235294117648,1488153600000
tank_0058,0.0,1488153600000
tank_0064,115.58823529411764,1488153600000
tank_0069,15.87843137254902,1488153600000
tank_0072,0.0,1488153600000
tank_0073,0.0,1488153600000
tank_0080,16.6,1488153600000
tank_0094,0.0,1488153600000
tank_0107,0.0,1488153600000
tank_0110,0.0,1488153600000
tank_0113,26.470588235294116,1488153600000
tank_0115,0.0,1488153600000
tank_0116,5.0,1488153600000
tank_0117,224.0,1488153600000
tank_0118,0.0,1488153600000
tank_0122,2.5019607843137255,1488153600000
tank_0125,70.64313725490196,1488153600000
tank_0130,0.0,1488153600000
tank_0131,0.27058823529411763,1488153600000
tank_0132,0.0,1488153600000
tank_0134,0.0,1488153600000
tank_0135,6.666666666666667,1488153600000
tank_0142,0.0,1488153600000
tank_0143,0.0,1488153600000
tank_0144,0.0,1488153600000
tank_0148,0.0,1488153600000
tank_0153,10.0,1488153600000
tank_0156,96.5372549019608,1488153600000
tank_0159,0.8235294117647058,1488153600000
tank_0165,1.0,1488153600000
tank_0171,0.0,1488153600000
tank_0172,0.0,1488153600000
tank_0174,9.654901960784315,1488153600000
tank_0176,8.576470588235294,1488153600000
tank_0184,1.1529411764705881,1488153600000
tank_0187,0.0,1488153600000
tank_0190,1.2392156862745098,1488153600000
tank_0192,0.0,1488153600000
tank_0193,0.0,1488153600000
tank_0195,12.450980392156863,1488153600000
tank_0199,0.3568627450980392,1488153600000
tank_0204,0.0,1488153600000
tank_0205,1.3176470588235294,1488153600000
tank_0207,0.0,1488153600000
tank_0209,0.0,1488153600000
tank_0213,0.0,1488153600000
tank_0217,0.0,1488153600000
tank_0220,0.37254901960784315,1488153600000
tank_0221,8.776470588235293,1488153600000
tank_0225,0.0,1488153600000
tank_0226,7.294117647058823,1488153600000
tank_0228,1.815686274509804,1488153600000
tank_0229,0.0,1488153600000
tank_0231,2.2705882352941176,1488153600000
tank_0233,0.0,1488153600000
tank_0236,0.6431372549019608,1488153600000
tank_0237,47.08627450980392,1488153600000
tank_0240,0.0,1488153600000
tank_0242,0.0,1488153600000
tank_0245,0.011764705882352941,1488153600000
tank_0247,30.0,1488153600000
tank_0256,0.25098039215686274,1488153600000
tank_0257,0.0,1488153600000
tank_0260,0.0,1488153600000
tank_0261,0.0,1488153600000
tank_0264,0.0,1488153600000
tank_0273,2.0,1488153600000
tank_0276,0.0,1488153600000
tank_0278,22.619607843137253,1488153600000
tank_0280,0.0,1488153600000
tank_0291,0.0,1488153600000
tank_0292,13.215686274509803,1488153600000
tank_0296,0.0,1488153600000
tank_0297,6.980392156862744,1488153600000
tank_0299,6.0,1488153600000
tank_0300,11.082352941176472,1488153600000
tank_0301,3.3058823529411763,1488153600000
tank_0307,0.0,1488153600000
tank_0309,6.0,1488153600000
tank_0313,0.0,1488153600000
tank_0314,12.886274509803922,1488153600000
tank_0319,15.470588235294116,1488153600000
tank_0321,0.0,1488153600000
tank_0327,0.0,1488153600000
tank_0337,0.0,1488153600000
tank_0338,0.9215686274509803,1488153600000
tank_0339,35.3921568627451,1488153600000
tank_0342,16.807843137254903,1488153600000
tank_0345,2.8196078431372547,1488153600000
tank_0346,0.26274509803921564,1488153600000
tank_0349,2.0,1488153600000
tank_0350,0.0784313725490196,1488153600000
tank_0353,227.51372549019612,1488153600000
tank_0356,0.0,1488153600000
tank_0360,3.435294117647059,1488153600000
tank_0361,23.04705882352941,1488153600000
tank_0362,0.8941176470588236,1488153600000
tank_0364,18.51372549019608,1488153600000
tank_0366,17.07450980392157,1488153600000
tank_0369,0.0,1488153600000
tank_0375,0.19215686274509805,1488153600000
tank_0379,38.807843137254906,1488153600000
tank_0381,8.0,1488153600000
tank_0386,1.6235294117647059,1488153600000
tank_0390,25.0,1488153600000
tank_0397,0.0,1488153600000
tank_0399,4.0,1488153600000
tank_0404,2.23921568627451,1488153600000
tank_0409,2.8627450980392157,1488153600000
tank_0420,0.0,1488153600000
tank_0425,0.0,1488153600000
tank_0431,0.0,1488153600000
tank_0432,3.0,1488153600000
tank_0435,0.0,1488153600000
tank_0436,0.0,1488153600000
tank_0438,0.0,1488153600000
tank_0443,0.0,1488153600000
tank_0444,4.0,1488153600000
tank_0447,8.862745098039216,1488153600000
tank_0448,3.1333333333333333,1488153600000
tank_0449,0.0,1488153600000
tank_0455,0.0,1488153600000
tank_0460,0.0,1488153600000
tank_0462,0.0,1488153600000
tank_0466,0.0,1488153600000
tank_0471,0.0,1488153600000
tank_0473,0.0,1488153600000
tank_0474,2.380392156862745,1488153600000
tank_0481,28.01960784313726,1488153600000
tank_0485,0.0,1488153600000
tank_0489,0.0,1488153600000
tank_0491,0.0,1488153600000
tank_0494,0.0,1488153600000
tank_0497,0.996078431372549,1488153600000
tank_0498,0.9647058823529412,1488153600000
tank_0502,0.0,1488153600000
tank_0505,2.1098039215686275,1488153600000
tank_0509,4.0,1488153600000
tank_0512,0.0,1488153600000
tank_0514,0.0,1488153600000
tank_0515,0.0,1488153600000
tank_0521,0.0,1488153600000
tank_0524,0.0,1488153600000
tank_0526,2.0,1488153600000
tank_0533,8.0,1488153600000
tank_0534,0.0,1488153600000
tank_0536,0.0,1488153600000
tank_0537,0.0,1488153600000
tank_0541,0.0,1488153600000
tank_0547,0.0,1488153600000
tank_0552,3.792156862745098,1488153600000
tank_0555,0.0,1488153600000
tank_0556,0.0,1488153600000
tank_0557,10.376470588235293,1488153600000
tank_0560,17.141176470588235,1488153600000
tank_0561,0.0,1488153600000
tank_0566,0.0,1488153600000
tank_0567,0.0,1488153600000
tank_0568,19.694117647058825,1488153600000
tank_0574,0.0,1488153600000
tank_0579,0.0,1488153600000
tank_0583,77.0,1488153600000
tank_0587,0.0,1488153600000
tank_0589,0.0,1488153600000
tank_0590,0.0,1488153600000
tank_0592,0.0,1488153600000
tank_0593,0.0,1488153600000
tank_0595,7.003921568627451,1488153600000
tank_0600,2.0,1488153600000
tank_0604,7.560784313725489,1488153600000
tank_0606,10.0,1488153600000
tank_0607,9.317647058823528,1488153600000
tank_0608,45.0,1488153600000
tank_0610,0.0,1488153600000
tank_0611,11.529411764705882,1488153600000
tank_0612,7.376470588235295,1488153600000
tank_0613,0.0,1488153600000
tank_0619,0.0,1488153600000
tank_0626,0.0,1488153600000
tank_0627,0.0,1488153600000
tank_0628,0.0,1488153600000
tank_0632,0.0,1488153600000
tank_0633,0.0,1488153600000
tank_0639,0.0,1488153600000
tank_0640,0.0,1488153600000
tank_0641,0.2235294117647059,1488153600000
tank_0643,20.0,1488153600000
tank_0646,0.0,1488153600000
tank_0663,2.0,1488153600000
tank_0664,0.0,1488153600000
tank_0666,0.0,1488153600000
tank_0667,0.0,1488153600000
tank_0670,0.0,1488153600000
tank_0675,0.0,1488153600000
tank_0676,0.0,1488153600000
tank_0678,0.0,1488153600000
tank_0681,0.0,1488153600000
tank_0687,0.0,1488153600000
tank_0688,1.0,1488153600000
tank_0697,0.0,1488153600000
tank_0720,8.04313725490196,1488153600000
tank_0722,0.0,1488153600000
tank_0724,10.874509803921567,1488153600000
tank_0725,0.0,1488153600000
tank_0728,4.11764705882353,1488153600000
tank_0730,0.0,1488153600000
tank_0731,0.0,1488153600000
tank_0732,0.0,1488153600000
tank_0737,0.0,1488153600000
tank_0739,0.0,1488153600000
tank_0740,47.090196078431376,1488153600000
tank_0746,0.0,1488153600000
tank_0748,1.0,1488153600000
tank_0749,2.776470588235294,1488153600000
tank_0752,0.0,1488153600000
tank_0760,0.0,1488153600000
tank_0770,1.011764705882353,1488153600000
tank_0772,1.6666666666666665,1488153600000
tank_0788,0.0,1488153600000
tank_0789,0.0,1488153600000
tank_0792,112.64313725490199,1488153600000
tank_0797,0.0,1488153600000
tank_0800,17.0,1488153600000
tank_0802,0.0,1488153600000
tank_0803,4.2745098039215685,1488153600000
tank_0808,7.23921568627451,1488153600000
tank_0810,0.0,1488153600000
tank_0811,12.75686274509804,1488153600000
tank_0812,0.0,1488153600000
tank_0813,2.027450980392157,1488153600000
tank_0816,1.9058823529411764,1488153600000
tank_0819,0.0,1488153600000
tank_0823,0.0,1488153600000
tank_0824,0.0,1488153600000
tank_0825,0.0,1488153600000
tank_0828,0.0,1488153600000
tank_0829,0.0,1488153600000
tank_0830,0.0,1488153600000
tank_0831,10.650980392156864,1488153600000
tank_0844,0.0,1488153600000
tank_0852,12.69019607843137,1488153600000
tank_0855,0.0,1488153600000
tank_0856,476.0,1488153600000
tank_0860,0.0,1488153600000
tank_0861,0.0,1488153600000
tank_0872,0.0,1488153600000
tank_0875,0.0,1488153600000
tank_0879,0.0,1488153600000
tank_0885,0.0,1488153600000
tank_0891,0.0,1488153600000
tank_0894,691.0,1488153600000
tank_0898,347.0,1488153600000
tank_0900,29.839215686274507,1488153600000
tank_0901,0.0,1488153600000
tank_0902,30.0,1488153600000
tank_0914,0.0,1488153600000
tank_0917,83.0,1488153600000
tank_0919,0.0,1488153600000
tank_0920,5.0,1488153600000
tank_0922,42.0,1488153600000
tank_0923,49.85098039215686,1488153600000
tank_0924,2.219607843137255,1488153600000
tank_0926,44.278431372549036,1488153600000
tank_0927,43.831372549019605,1488153600000
tank_0928,3.0,1488153600000
tank_0930,0.0,1488153600000
tank_0931,0.0,1488153600000
tank_0933,0.0,1488153600000
tank_0934,1.0,1488153600000
tank_0937,0.0,1488153600000
tank_0938,0.0,1488153600000
tank_0939,0.0,1488153600000
tank_0944,7.0,1488153600000
tank_0946,1.603921568627451,1488153600000
tank_0952,7.7176470588235295,1488153600000
tank_0958,0.0,1488153600000
tank_0962,393.0,1488153600000
tank_0967,0.0,1488153600000
tank_0975,40.854901960784304,1488153600000
tank_0978,0.0,1488153600000
tank_0990,0.0,1488153600000
tank_0991,662.2901960784313,1488153600000
tank_0998,0.0,1488153600000
tank_0999,0.5450980392156862,1488153600000
tank_1003,14.0,1488153600000
tank_1004,0.0,1488153600000
tank_1014,0.0,1488153600000
tank_1026,37.0,1488153600000
tank_1031,0.0,1488153600000
tank_1032,3.0,1488153600000
tank_1034,0.0,1488153600000
tank_1042,0.0,1488153600000
tank_1045,0.0,1488153600000
tank_1049,0.0,1488153600000
tank_1055,2.0901960784313727,1488153600000
tank_1061,0.0,1488153600000
tank_1062,0.0,1488153600000
tank_1064,0.0,1488153600000
tank_1065,3.537254901960784,1488153600000
tank_1066,88.2078431372549,1488153600000
tank_1070,0.0,1488153600000
tank_1073,0.0,1488153600000
tank_1083,0.0,1488153600000
tank_1086,48.0,1488153600000
tank_1088,1.0,1488153600000
tank_1089,0.0,1488153600000
tank_1090,0.0,1488153600000
tank_1091,21.352941176470587,1488153600000
tank_1094,1.0,1488153600000
tank_1095,0.0,1488153600000
tank_1104,0.0,1488153600000
tank_1113,26.0,1488153600000
tank_1116,0.0,1488153600000
tank_1117,0.0,1488153600000
tank_1120,212.81176470588235,1488153600000
tank_1121,0.0,1488153600000
tank_1124,0.6274509803921569,1488153600000
tank_1128,0.0,1488153600000
tank_1134,0.45098039215686275,1488153600000
tank_1135,0.0,1488153600000
tank_1146,0.0,1488153600000
tank_1149,44.44313725490196,1488153600000
tank_1156,0.0,1488153600000
tank_1157,10.792156862745099,1488153600000
tank_1159,1.0,1488153600000
tank_1160,0.0,1488153600000
tank_1166,3.2941176470588234,1488153600000
tank_1170,22.6078431372549,1488153600000
tank_1175,0.0,1488153600000
tank_1177,0.0,1488153600000
tank_1179,1.7607843137254902,1488153600000
tank_1181,109.76078431372548,1488153600000
tank_1186,0.0,1488153600000
tank_1187,6.552941176470588,1488153600000
tank_1190,0.0,1488153600000
tank_1192,13.901960784313726,1488153600000
tank_1196,5.603921568627451,1488153600000
tank_1197,1406.4392156862746,1488153600000
tank_1201,0.0,1488153600000
tank_1203,6.0509803921568635,1488153600000
tank_1205,61.0,1488153600000
tank_1209,610.0,1488153600000
tank_1217,4.015686274509804,1488153600000
tank_1223,8.145098039215686,1488153600000
tank_1226,7.2627450980392165,1488153600000
tank_1228,7.0,1488153600000
tank_1230,0.6235294117647059,1488153600000
tank_1237,0.0,1488153600000
tank_1239,0.0,1488153600000
tank_1245,0.0,1488153600000
tank_1246,0.0,1488153600000
tank_1250,26.011764705882353,1488153600000
tank_1254,4.0,1488153600000
tank_1255,39.75686274509803,1488153600000
tank_1258,0.0,1488153600000
tank_1261,4.47843137254902,1488153600000
tank_1262,3.454901960784314,1488153600000
tank_1263,3.7333333333333334,1488153600000
tank_1265,0.0,1488153600000
tank_1270,0.0,1488153600000
tank_1272,0.0,1488153600000
tank_1275,0.0,1488153600000
tank_1276,0.0,1488153600000
tank_1279,0.0,1488153600000
tank_1280,2.0,1488153600000
tank_1284,3.0,1488153600000
tank_1285,2.0,1488153600000
tank_1286,28.0,1488153600000
tank_1290,0.0,1488153600000
tank_1291,0.0,1488153600000
tank_1293,0.0,1488153600000
tank_1295,16.898039215686275,1488153600000
tank_1297,9.0,1488153600000
tank_1301,0.0,1488153600000
tank_1302,2.0,1488153600000
tank_1304,6.541176470588235,1488153600000
tank_1305,0.0,1488153600000
tank_1313,0.0,1488153600000
tank_1322,0.0,1488153600000
tank_1325,0.0,1488153600000
tank_1326,11.592156862745098,1488153600000
tank_1344,6.0,1488153600000
tank_1346,0.0,1488153600000
tank_1349,0.0,1488153600000
tank_1353,0.0,1488153600000
tank_1358,0.0,1488153600000
tank_1359,10.79607843137255,1488153600000
tank_1361,0.0,1488153600000
tank_1364,0.0,1488153600000
tank_1365,0.0,1488153600000
tank_1372,9.0,1488153600000
tank_1374,0.0,1488153600000
tank_1378,0.0,1488153600000
tank_1380,0.0,1488153600000
tank_1386,0.0,1488153600000
tank_1391,0.0,1488153600000
tank_1393,0.0,1488153600000
tank_1396,0.0,1488153600000
tank_1397,0.0,1488153600000
tank_1403,0.0,1488153600000
tank_1409,0.0,1488153600000
tank_1412,0.0,1488153600000
tank_1415,2.8784313725490196,1488153600000
tank_1416,4.117647058823529,1488153600000
tank_1421,0.0,1488153600000
tank_1422,7.2705882352941185,1488153600000
tank_1425,0.0,1488153600000
tank_1426,0.0,1488153600000
tank_1430,0.0,1488153600000
tank_1433,0.0,1488153600000
tank_1438,0.0,1488153600000
tank_1439,0.0,1488153600000
tank_1441,0.0,1488153600000
tank_1443,42.00392156862746,1488153600000
tank_1445,38.152941176470584,1488153600000
tank_1446,0.0,1488153600000
tank_1450,3.1294117647058823,1488153600000
tank_1452,0.0,1488153600000
tank_1456,0.06274509803921569,1488153600000
tank_1466,0.0,1488153600000
tank_1471,0.0,1488153600000
tank_1475,0.0,1488153600000
tank_1486,0.0,1488153600000
tank_1488,13.0,1488153600000
tank_1491,0.0,1488153600000
tank_1500,0.0,1488153600000
tank_1505,0.0,1488153600000
tank_1513,7.0,1488153600000
tank_1531,6.0,1488153600000
tank_1536,0.0,1488153600000
tank_1539,0.0,1488153600000
tank_1541,0.0,1488153600000
tank_1542,2.447058823529412,1488153600000
tank_1547,0.0,1488153600000
tank_1563,0.0,1488153600000
tank_1564,0.8941176470588236,1488153600000
tank_1565,0.0,1488153600000
tank_1567,5.8313725490196076,1488153600000
tank_1568,53.0,1488153600000
tank_1573,7.0,1488153600000
tank_1583,34.45490196078431,1488153600000
tank_1587,2.0,1488153600000
tank_1588,8.0,1488153600000
tank_1592,10.145098039215688,1488153600000
tank_1594,0.0,1488153600000
tank_1595,0.16862745098039217,1488153600000
tank_1597,0.0,1488153600000
tank_1598,0.0,1488153600000
tank_1600,2.572549019607843,1488153600000
tank_1604,4.0,1488153600000
tank_0002,5.250980392156862,1489190400000
tank_0004,2.7490196078431373,1489190400000
tank_0005,0.0,1489190400000
tank_0011,0.12549019607843137,1489190400000
tank_0014,0.0,1489190400000
tank_0019,2.0,1489190400000
tank_0024,41.180392156862744,1489190400000
tank_0025,0.0,1489190400000
tank_0026,4.407843137254901,1489190400000
tank_0027,0.0,1489190400000
tank_0030,0.0,1489190400000
tank_0031,9.501960784313725,1489190400000
tank_0036,0.0,1489190400000
tank_0037,0.0,1489190400000
tank_0038,18.384313725490195,1489190400000
tank_0050,68.6549019607843,1489190400000
tank_0051,1.0,1489190400000
tank_0052,4.0,1489190400000
tank_0053,102.61176470588238,1489190400000
tank_0055,0.7333333333333333,1489190400000
tank_0057,100.20392156862746,1489190400000
tank_0058,0.0,1489190400000
tank_0064,119.99607843137252,1489190400000
tank_0069,21.431372549019603,1489190400000
tank_0072,0.0,1489190400000
tank_0073,1.0,1489190400000
tank_0080,13.0,1489190400000
tank_0094,0.0,1489190400000
tank_0107,0.0,1489190400000
tank_0110,0.0,1489190400000
tank_0113,20.6,1489190400000
tank_0115,0.6980392156862745,1489190400000
tank_0116,0.43529411764705883,1489190400000
tank_0117,208.89019607843136,1489190400000
tank_0118,0.0,1489190400000
tank_0122,0.0,1489190400000
tank_0125,81.50588235294119,1489190400000
tank_0130,1.6509803921568627,1489190400000
tank_0131,0.0,1489190400000
tank_0132,0.0,1489190400000
tank_0134,0.0,1489190400000
tank_0135,3.9215686274509802,1489190400000
tank_0142,0.0,1489190400000
tank_0143,0.0,1489190400000
tank_0144,0.0,1489190400000
tank_0148,3.0,1489190400000
tank_0153,27.0,1489190400000
tank_0156,106.89019607843139,1489190400000
tank_0159,0.0,1489190400000
tank_0165,0.34509803921568627,1489190400000
tank_0171,0.0,1489190400000
tank_0172,0.0,1489190400000
tank_0174,15.537254901960786,1489190400000
tank_0176,27.47843137254902,1489190400000
tank_0184,2.372549019607843,1489190400000
tank_0187,0.0,1489190400000
tank_0190,0.0,1489190400000
tank_0192,0.0,1489190400000
tank_0193,0.0,1489190400000
tank_0195,2.6509803921568627,1489190400000
tank_0199,6.250980392156863,1489190400000
tank_0204,0.0,1489190400000
tank_0205,0.0,1489190400000
tank_0207,5.0,1489190400000
tank_0209,0.0,1489190400000
tank_0213,0.0,1489190400000
tank_0217,0.0,1489190400000
tank_0220,1.0,1489190400000
tank_0221,0.6431372549019608,1489190400000
tank_0225,0.0,1489190400000
tank_0226,6.662745098039216,1489190400000
tank_0228,0.0,1489190400000
tank_0229,0.0,1489190400000
tank_0231,1.6235294117647059,1489190400000
tank_0233,0.0,1489190400000
tank_0236,0.0,1489190400000
tank_0237,62.28235294117648,1489190400000
tank_0240,1.0313725490196077,1489190400000
tank_0242,0.0,1489190400000
tank_0245,3.3098039215686272,1489190400000
tank_0247,28.0,1489190400000
tank_0256,3.5019607843137255,1489190400000
tank_0257,0.4980392156862745,1489190400000
tank_0260,0.4980392156862745,1489190400000
tank_0261,0.0,1489190400000
tank_0264,0.0,1489190400000
tank_0273,3.0,1489190400000
tank_0276,0.0,1489190400000
tank_0278,18.54901960784314,1489190400000
tank_0280,0.0,1489190400000
tank_0291,0.0,1489190400000
tank_0292,32.2,1489190400000
tank_0296,0.0,1489190400000
tank_0297,9.843137254901961,1489190400000
tank_0299,8.403921568627451,1489190400000
tank_0300,18.239215686274513,1489190400000
tank_0301,2.2470588235294118,1489190400000
tank_0307,0.0,1489190400000
tank_0309,15.0,1489190400000
tank_0313,0.0,1489190400000
tank_0314,4.874509803921568,1489190400000
tank_0319,20.105882352941176,1489190400000
tank_0321,1.7098039215686276,1489190400000
tank_0327,0.0,1489190400000
tank_0337,0.0,1489190400000
tank_0338,0.0,1489190400000
tank_0339,45.59215686274509,1489190400000
tank_0342,18.772549019607844,1489190400000
tank_0345,6.56078431372549,1489190400000
tank_0346,0.8745098039215686,1489190400000
tank_0349,0.0,1489190400000
tank_0350,3.588235294117647,1489190400000
tank_0353,257.88627450980397,1489190400000
tank_0356,0.0,1489190400000
tank_0360,0.9058823529411765,1489190400000
tank_0361,38.09803921568627,1489190400000
tank_0362,0.0,1489190400000
tank_0364,6.360784313725489,1489190400000
tank_0366,30.12156862745098,1489190400000
tank_0369,0.0,1489190400000
tank_0375,3.0823529411764707,1489190400000
tank_0379,45.13725490196078,1489190400000
tank_0381,0.0,1489190400000
tank_0386,3.3294117647058825,1489190400000
tank_0390,38.498039215686276,1489190400000
tank_0397,0.06666666666666667,1489190400000
tank_0399,0.0,1489190400000
tank_0404,2.3019607843137257,1489190400000
tank_0409,1.0,1489190400000
tank_0420,1.396078431372549,1489190400000
tank_0425,0.0,1489190400000
tank_0431,0.0,1489190400000
tank_0432,0.0,1489190400000
tank_0435,0.0,1489190400000
tank_0436,3.0,1489190400000
tank_0438,0.11764705882352941,1489190400000
tank_0443,6.76078431372549,1489190400000
tank_0444,20.0,1489190400000
tank_0447,1.7647058823529411,1489190400000
tank_0448,1.6745098039215687,1489190400000
tank_0449,0.0,1489190400000
tank_0455,0.0,1489190400000
tank_0460,0.0,1489190400000
tank_0462,0.0,1489190400000
tank_0466,0.0,1489190400000
tank_0471,0.0,1489190400000
tank_0473,0.0,1489190400000
tank_0474,2.1137254901960785,1489190400000
tank_0481,30.611764705882358,1489190400000
tank_0485,0.0,1489190400000
tank_0489,0.0,1489190400000
tank_0491,0.0,1489190400000
tank_0494,7.0,1489190400000
tank_0497,0.0,1489190400000
tank_0498,0.0,1489190400000
tank_0502,0.0,1489190400000
tank_0505,0.0,1489190400000
tank_0509,0.0,1489190400000
tank_0512,1.9803921568627452,1489190400000
tank_0514,0.0,1489190400000
tank_0515,0.0,1489190400000
tank_0521,0.0,1489190400000
tank_0524,0.0,1489190400000
tank_0526,0.0,1489190400000
tank_0533,2.0,1489190400000
tank_0534,0.0,1489190400000
tank_0536,0.0,1489190400000
tank_0537,0.0,1489190400000
tank_0541,0.0,1489190400000
tank_0547,0.0,1489190400000
tank_0552,0.0,1489190400000
tank_0555,0.0,1489190400000
tank_0556,0.0,1489190400000
tank_0557,6.627450980392155,1489190400000
tank_0560,14.533333333333333,1489190400000
tank_0561,0.0,1489190400000
tank_0566,0.0,1489190400000
tank_0567,0.0,1489190400000
tank_0568,22.32156862745098,1489190400000
tank_0574,0.0,1489190400000
tank_0579,0.0,1489190400000
tank_0583,46.0,1489190400000
tank_0587,0.0,1489190400000
tank_0589,0.0,1489190400000
tank_0590,0.0,1489190400000
tank_0592,0.0,1489190400000
tank_0593,0.0,1489190400000
tank_0595,0.4980392156862745,1489190400000
tank_0600,5.0,1489190400000
tank_0604,6.611764705882353,1489190400000
tank_0606,35.0,1489190400000
tank_0607,10.960784313725489,1489190400000
tank_0608,0.0,1489190400000
tank_0610,0.0,1489190400000
tank_0611,5.325490196078431,1489190400000
tank_0612,11.529411764705882,1489190400000
tank_0613,0.1803921568627451,1489190400000
tank_0619,3.0,1489190400000
tank_0626,0.0,1489190400000
tank_0627,0.0,1489190400000
tank_0628,0.0,1489190400000
tank_0632,0.0,1489190400000
tank_0633,0.0,1489190400000
tank_0639,0.0,1489190400000
tank_0640,0.0,1489190400000
tank_0641,5.0,1489190400000
tank_0643,21.419607843137253,1489190400000
tank_0646,0.24313725490196078,1489190400000
tank_0663,1.8156862745098037,1489190400000
tank_0664,0.0,1489190400000
tank_0666,0.0,1489190400000
tank_0667,4.078431372549019,1489190400000
tank_0670,0.0,1489190400000
tank_0675,0.0,1489190400000
tank_0676,0.0,1489190400000
tank_0678,0.44313725490196076,1489190400000
tank_0681,2.0,1489190400000
tank_0687,0.0,1489190400000
tank_0688,0.0,1489190400000
tank_0697,0.0,1489190400000
tank_0720,8.23529411764706,1489190400000
tank_0722,0.23137254901960785,1489190400000
tank_0724,18.19607843137255,1489190400000
tank_0725,3.0,1489190400000
tank_0728,0.0,1489190400000
tank_0730,0.0,1489190400000
tank_0731,0.0,1489190400000
tank_0732,0.0,1489190400000
tank_0737,0.0,1489190400000
tank_0739,0.4235294117647059,1489190400000
tank_0740,73.27450980392157,1489190400000
tank_0746,0.0,1489190400000
tank_0748,0.6235294117647059,1489190400000
tank_0749,11.698039215686274,1489190400000
tank_0752,0.0,1489190400000
tank_0760,0.0,1489190400000
tank_0770,4.525490196078431,1489190400000
tank_0772,0.0,1489190400000
tank_0788,0.0,1489190400000
tank_0789,1.0,1489190400000
tank_0792,101.17647058823532,1489190400000
tank_0797,0.0,1489190400000
tank_0800,29.760784313725487,1489190400000
tank_0802,0.0,1489190400000
tank_0803,3.2745098039215685,1489190400000
tank_0808,6.215686274509803,1489190400000
tank_0810,0.0,1489190400000
tank_0811,7.0,1489190400000
tank_0812,0.0,1489190400000
tank_0813,0.0,1489190400000
tank_0816,0.0,1489190400000
tank_0819,0.0,1489190400000
tank_0823,0.0,1489190400000
tank_0824,0.0,1489190400000
tank_0825,0.0,1489190400000
tank_0828,0.0,1489190400000
tank_0829,0.0,1489190400000
tank_0830,0.0,1489190400000
tank_0831,6.552941176470588,1489190400000
tank_0844,0.0,1489190400000
tank_0852,36.60392156862745,1489190400000
tank_0855,0.0,1489190400000
tank_0856,321.0,1489190400000
tank_0860,0.0,1489190400000
tank_0861,0.0,1489190400000
tank_0872,0.0,1489190400000
tank_0875,7.0,1489190400000
tank_0879,0.0,1489190400000
tank_0885,0.0,1489190400000
tank_0891,0.0,1489190400000
tank_0894,139.0,1489190400000
tank_0898,80.0,1489190400000
tank_0900,18.396078431372548,1489190400000
tank_0901,0.0,1489190400000
tank_0902,0.0,1489190400000
tank_0914,0.0,1489190400000
tank_0917,22.0,1489190400000
tank_0919,0.0,1489190400000
tank_0920,42.258823529411764,1489190400000
tank_0922,24.0,1489190400000
tank_0923,74.46274509803922,1489190400000
tank_0924,4.0549019607843135,1489190400000
tank_0926,59.745098039215684,1489190400000
tank_0927,23.580392156862743,1489190400000
tank_0928,5.0,1489190400000
tank_0930,0.0,1489190400000
tank_0931,0.0,1489190400000
tank_0933,0.0,1489190400000
tank_0934,0.0,1489190400000
tank_0937,0.0,1489190400000
tank_0938,4.894117647058824,1489190400000
tank_0939,0.0,1489190400000
tank_0944,0.0,1489190400000
tank_0946,1.607843137254902,1489190400000
tank_0952,9.984313725490196,1489190400000
tank_0958,0.0,1489190400000
tank_0962,284.0,1489190400000
tank_0967,0.0,1489190400000
tank_0975,34.61960784313725,1489190400000
tank_0978,2.0,1489190400000
tank_0990,0.0,1489190400000
tank_0991,593.0,1489190400000
tank_0998,0.0,1489190400000
tank_0999,0.0,1489190400000
tank_1003,1.0,1489190400000
tank_1004,0.03529411764705882,1489190400000
tank_1014,1.0,1489190400000
tank_1026,8.0,1489190400000
tank_1031,0.0,1489190400000
tank_1032,2.0,1489190400000
tank_1034,0.0,1489190400000
tank_1042,0.0,1489190400000
tank_1045,0.0,1489190400000
tank_1049,0.0,1489190400000
tank_1055,3.615686274509804,1489190400000
tank_1061,0.0,1489190400000
tank_1062,0.0,1489190400000
tank_1064,0.0,1489190400000
tank_1065,0.0,1489190400000
tank_1066,99.4549019607843,1489190400000
tank_1070,0.0,1489190400000
tank_1073,0.0,1489190400000
tank_1083,0.0,1489190400000
tank_1086,35.0,1489190400000
tank_1088,1.0,1489190400000
tank_1089,0.0,1489190400000
tank_1090,0.0,1489190400000
tank_1091,25.972549019607843,1489190400000
tank_1094,0.0,1489190400000
tank_1095,0.0,1489190400000
tank_1104,0.0,1489190400000
tank_1113,35.0,1489190400000
tank_1116,0.0,1489190400000
tank_1117,0.0,1489190400000
tank_1120,127.0,1489190400000
tank_1121,0.0,1489190400000
tank_1124,5.325490196078432,1489190400000
tank_1128,0.0,1489190400000
tank_1134,0.0,1489190400000
tank_1135,0.0,1489190400000
tank_1146,0.0,1489190400000
tank_1149,34.45882352941177,1489190400000
tank_1156,0.0,1489190400000
tank_1157,6.03529411764706,1489190400000
tank_1159,0.0,1489190400000
tank_1160,0.0,1489190400000
tank_1166,0.06666666666666667,1489190400000
tank_1170,21.96862745098039,1489190400000
tank_1175,0.0,1489190400000
tank_1177,0.0,1489190400000
tank_1179,4.5019607843137255,1489190400000
tank_1181,56.819607843137256,1489190400000
tank_1186,0.0,1489190400000
tank_1187,6.533333333333333,1489190400000
tank_1190,9.780392156862746,1489190400000
tank_1192,1.9803921568627452,1489190400000
tank_1196,3.011764705882353,1489190400000
tank_1197,1278.0,1489190400000
tank_1201,0.0,1489190400000
tank_1203,16.04313725490196,1489190400000
tank_1205,26.0,1489190400000
tank_1209,220.0,1489190400000
tank_1217,1.0,1489190400000
tank_1223,0.0,1489190400000
tank_1226,8.250980392156862,1489190400000
tank_1228,0.0,1489190400000
tank_1230,0.0,1489190400000
tank_1237,0.0,1489190400000
tank_1239,0.0,1489190400000
tank_1245,0.0,1489190400000
tank_1246,2.0,1489190400000
tank_1250,33.33725490196078,1489190400000
tank_1254,2.0,1489190400000
tank_1255,45.07843137254901,1489190400000
tank_1258,0.0,1489190400000
tank_1261,3.619607843137255,1489190400000
tank_1262,1.549019607843137,1489190400000
tank_1263,6.662745098039216,1489190400000
tank_1265,0.0,1489190400000
tank_1270,0.0,1489190400000
tank_1272,0.0,1489190400000
tank_1275,0.0,1489190400000
tank_1276,0.0,1489190400000
tank_1279,0.0,1489190400000
tank_1280,11.803921568627452,1489190400000
tank_1284,0.0,1489190400000
tank_1285,2.0,1489190400000
tank_1286,24.0,1489190400000
tank_1290,0.0,1489190400000
tank_1291,0.0,1489190400000
tank_1293,0.0,1489190400000
tank_1295,21.03921568627451,1489190400000
tank_1297,9.0,1489190400000
tank_1301,0.0,1489190400000
tank_1302,6.0,1489190400000
tank_1304,3.3019607843137253,1489190400000
tank_1305,0.0,1489190400000
tank_1313,0.0,1489190400000
tank_1322,0.0,1489190400000
tank_1325,0.0,1489190400000
tank_1326,0.0,1489190400000
tank_1344,0.0,1489190400000
tank_1346,1.0,1489190400000
tank_1349,0.0,1489190400000
tank_1353,0.0,1489190400000
tank_1358,0.0,1489190400000
tank_1359,18.682352941176465,1489190400000
tank_1361,0.0,1489190400000
tank_1364,4.0,1489190400000
tank_1365,0.0,1489190400000
tank_1372,2.0,1489190400000
tank_1374,0.0,1489190400000
tank_1378,0.0,1489190400000
tank_1380,0.0,1489190400000
tank_1386,0.0,1489190400000
tank_1391,0.0,1489190400000
tank_1393,1.0,1489190400000
tank_1396,0.0,1489190400000
tank_1397,0.0,1489190400000
tank_1403,0.0,1489190400000
tank_1409,0.0,1489190400000
tank_1412,0.0,1489190400000
tank_1415,4.87843137254902,1489190400000
tank_1416,2.949019607843137,1489190400000
tank_1421,0.0,1489190400000
tank_1422,2.8627450980392157,1489190400000
tank_1425,0.0,1489190400000
tank_1426,0.0,1489190400000
tank_1430,0.0,1489190400000
tank_1433,3.0,1489190400000
tank_1438,0.0,1489190400000
tank_1439,0.0,1489190400000
tank_1441,0.0,1489190400000
tank_1443,40.95686274509804,1489190400000
tank_1445,20.611764705882354,1489190400000
tank_1446,0.0,1489190400000
tank_1450,4.392156862745098,1489190400000
tank_1452,1.4117647058823528,1489190400000
tank_1456,0.0,1489190400000
tank_1466,0.6235294117647059,1489190400000
tank_1471,0.0,1489190400000
tank_1475,0.0,1489190400000
tank_1486,0.0,1489190400000
tank_1488,5.0,1489190400000
tank_1491,0.0,1489190400000
tank_1500,0.0,1489190400000
tank_1505,0.0,1489190400000
tank_1513,2.0,1489190400000
tank_1531,2.0,1489190400000
tank_1536,0.0,1489190400000
tank_1539,0.0,1489190400000
tank_1541,0.0,1489190400000
tank_1542,0.0,1489190400000
tank_1547,0.0,1489190400000
tank_1563,0.0,1489190400000
tank_1564,0.0,1489190400000
tank_1565,0.0,1489190400000
tank_1567,9.792156862745099,1489190400000
tank_1568,50.0,1489190400000
tank_1573,0.0,1489190400000
tank_1583,20.34901960784314,1489190400000
tank_1587,2.0,1489190400000
tank_1588,2.9372549019607845,1489190400000
tank_1592,23.388235294117646,1489190400000
tank_1594,0.0,1489190400000
tank_1595,5.0,1489190400000
tank_1597,0.0,1489190400000
tank_1598,0.0,1489190400000
tank_1600,1.4901960784313726,1489190400000
tank_1604,2.929411764705882,1489190400000
tank_0002,0.0,1490227200000
tank_0004,0.7490196078431373,1490227200000
tank_0005,0.0,1490227200000
tank_0011,1.1254901960784314,1490227200000
tank_0014,0.0,1490227200000
tank_0019,0.0,1490227200000
tank_0024,49.75686274509804,1490227200000
tank_0025,0.37254901960784315,1490227200000
tank_0026,1.0,1490227200000
tank_0027,0.0,1490227200000
tank_0030,0.0,1490227200000
tank_0031,7.5019607843137255,1490227200000
tank_0036,0.0,1490227200000
tank_0037,0.0,1490227200000
tank_0038,37.1529411764706,1490227200000
tank_0050,79.71764705882353,1490227200000
tank_0051,2.9647058823529413,1490227200000
tank_0052,6.6039215686274515,1490227200000
tank_0053,91.34901960784313,1490227200000
tank_0055,0.0,1490227200000
tank_0057,91.89411764705882,1490227200000
tank_0058,0.0,1490227200000
tank_0064,129.55294117647054,1490227200000
tank_0069,16.6,1490227200000
tank_0072,0.0,1490227200000
tank_0073,1.0,1490227200000
tank_0080,8.0,1490227200000
tank_0094,0.0,1490227200000
tank_0107,1.7294117647058824,1490227200000
tank_0110,7.0,1490227200000
tank_0113,36.32941176470588,1490227200000
tank_0115,0.0,1490227200000
tank_0116,2.572549019607843,1490227200000
tank_0117,238.43921568627448,1490227200000
tank_0118,0.0,1490227200000
tank_0122,0.0,1490227200000
tank_0125,76.74509803921569,1490227200000
tank_0130,4.313725490196078,1490227200000
tank_0131,0.0,1490227200000
tank_0132,0.0,1490227200000
tank_0134,0.0,1490227200000
tank_0135,3.533333333333333,1490227200000
tank_0142,0.0,1490227200000
tank_0143,0.0,1490227200000
tank_0144,0.0,1490227200000
tank_0148,4.929411764705883,1490227200000
tank_0153,10.0,1490227200000
tank_0156,108.47843137254904,1490227200000
tank_0159,1.6313725490196078,1490227200000
tank_0165,0.0,1490227200000
tank_0171,0.0,1490227200000
tank_0172,0.0,1490227200000
tank_0174,17.75294117647059,1490227200000
tank_0176,21.521568627450982,1490227200000
tank_0184,0.7490196078431373,1490227200000
tank_0187,0.0,1490227200000
tank_0190,8.670588235294117,1490227200000
tank_0192,3.6509803921568627,1490227200000
tank_0193,1.4313725490196079,1490227200000
tank_0195,14.352941176470587,1490227200000
tank_0199,2.0,1490227200000
tank_0204,0.0,1490227200000
tank_0205,4.0,1490227200000
tank_0207,0.0,1490227200000
tank_0209,0.0,1490227200000
tank_0213,0.0,1490227200000
tank_0217,0.788235294117647,1490227200000
tank_0220,1.7882352941176471,1490227200000
tank_0221,6.003921568627451,1490227200000
tank_0225,0.0,1490227200000
tank_0226,13.780392156862746,1490227200000
tank_0228,3.0,1490227200000
tank_0229,0.0,1490227200000
tank_0231,0.0,1490227200000
tank_0233,0.0,1490227200000
tank_0236,16.0,1490227200000
tank_0237,40.52549019607843,1490227200000
tank_0240,1.5686274509803921,1490227200000
tank_0242,1.0,1490227200000
tank_0245,0.0,1490227200000
tank_0247,23.0,1490227200000
tank_0256,0.0,1490227200000
tank_0257,1.0392156862745099,1490227200000
tank_0260,3.4941176470588236,1490227200000
tank_0261,2.0,1490227200000
tank_0264,0.0,1490227200000
tank_0273,11.0,1490227200000
tank_0276,0.0,1490227200000
tank_0278,0.6235294117647059,1490227200000
tank_0280,0.0,1490227200000
tank_0291,0.0,1490227200000
tank_0292,9.584313725490196,1490227200000
tank_0296,0.0,1490227200000
tank_0297,5.88235294117647,1490227200000
tank_0299,0.0,1490227200000
tank_0300,13.84705882352941,1490227200000
tank_0301,0.7490196078431373,1490227200000
tank_0307,5.0,1490227200000
tank_0309,7.0,1490227200000
tank_0313,0.0,1490227200000
tank_0314,13.247058823529414,1490227200000
tank_0319,32.082352941176474,1490227200000
tank_0321,11.266666666666666,1490227200000
tank_0327,0.0,1490227200000
tank_0337,0.0,1490227200000
tank_0338,0.0,1490227200000
tank_0339,57.6156862745098,1490227200000
tank_0342,8.686274509803921,1490227200000
tank_0345,9.72156862745098,1490227200000
tank_0346,0.0,1490227200000
tank_0349,0.0,1490227200000
tank_0350,1.8745098039215686,1490227200000
tank_0353,199.5607843137255,1490227200000
tank_0356,0.0,1490227200000
tank_0360,2.6862745098039214,1490227200000
tank_0361,22.498039215686276,1490227200000
tank_0362,0.0,1490227200000
tank_0364,8.6,1490227200000
tank_0366,25.501960784313724,1490227200000
tank_0369,0.0,1490227200000
tank_0375,0.0,1490227200000
tank_0379,31.015686274509807,1490227200000
tank_0381,0.0,1490227200000
tank_0386,2.8980392156862744,1490227200000
tank_0390,40.062745098039215,1490227200000
tank_0397,2.0,1490227200000
tank_0399,0.0,1490227200000
tank_0404,2.9254901960784316,1490227200000
tank_0409,0.0,1490227200000
tank_0420,0.0,1490227200000
tank_0425,0.0,1490227200000
tank_0431,0.0,1490227200000
tank_0432,0.25098039215686274,1490227200000
tank_0435,0.0,1490227200000
tank_0436,0.0,1490227200000
tank_0438,1.6470588235294117,1490227200000
tank_0443,1.815686274509804,1490227200000
tank_0444,0.0,1490227200000
tank_0447,6.462745098039216,1490227200000
tank_0448,0.0,1490227200000
tank_0449,0.0,1490227200000
tank_0455,1.0,1490227200000
tank_0460,0.0,1490227200000
tank_0462,0.0,1490227200000
tank_0466,0.0,1490227200000
tank_0471,0.0,1490227200000
tank_0473,0.0,1490227200000
tank_0474,0.8784313725490196,1490227200000
tank_0481,13.152941176470588,1490227200000
tank_0485,0.0,1490227200000
tank_0489,0.0,1490227200000
tank_0491,0.0,1490227200000
tank_0494,0.0,1490227200000
tank_0497,0.0,1490227200000
tank_0498,0.0,1490227200000
tank_0502,0.0,1490227200000
tank_0505,1.2509803921568627,1490227200000
tank_0509,0.0,1490227200000
tank_0512,0.0,1490227200000
tank_0514,0.0,1490227200000
tank_0515,0.0,1490227200000
tank_0521,0.0,1490227200000
tank_0524,0.0,1490227200000
tank_0526,0.0,1490227200000
tank_0533,1.0,1490227200000
tank_0534,0.0,1490227200000
tank_0536,0.0,1490227200000
tank_0537,0.0,1490227200000
tank_0541,0.0,1490227200000
tank_0547,0.0,1490227200000
tank_0552,0.0,1490227200000
tank_0555,0.0,1490227200000
tank_0556,0.0,1490227200000
tank_0557,2.019607843137255,1490227200000
tank_0560,14.007843137254902,1490227200000
tank_0561,0.0,1490227200000
tank_0566,0.0,1490227200000
tank_0567,0.0,1490227200000
tank_0568,25.211764705882352,1490227200000
tank_0574,0.0,1490227200000
tank_0579,0.0,1490227200000
tank_0583,32.0,1490227200000
tank_0587,0.0,1490227200000
tank_0589,0.0,1490227200000
tank_0590,0.0,1490227200000
tank_0592,3.0,1490227200000
tank_0593,0.0,1490227200000
tank_0595,4.003921568627451,1490227200000
tank_0600,1.0,1490227200000
tank_0604,5.474509803921569,1490227200000
tank_0606,9.0,1490227200000
tank_0607,6.247058823529412,1490227200000
tank_0608,0.0,1490227200000
tank_0610,0.0,1490227200000
tank_0611,2.0,1490227200000
tank_0612,6.0,1490227200000
tank_0613,0.0,1490227200000
tank_0619,0.0,1490227200000
tank_0626,1.6823529411764706,1490227200000
tank_0627,0.0,1490227200000
tank_0628,0.0,1490227200000
tank_0632,0.0,1490227200000
tank_0633,0.0,1490227200000
tank_0639,0.0,1490227200000
tank_0640,0.0,1490227200000
tank_0641,3.0,1490227200000
tank_0643,5.031372549019608,1490227200000
tank_0646,0.0,1490227200000
tank_0663,0.0,1490227200000
tank_0664,0.0,1490227200000
tank_0666,0.0,1490227200000
tank_0667,0.23137254901960785,1490227200000
tank_0670,0.0,1490227200000
tank_0675,0.0,1490227200000
tank_0676,0.0,1490227200000
tank_0678,0.0,1490227200000
tank_0681,0.0,1490227200000
tank_0687,0.0,1490227200000
tank_0688,2.0,1490227200000
tank_0697,0.8823529411764706,1490227200000
tank_0720,7.47450980392157,1490227200000
tank_0722,0.0,1490227200000
tank_0724,17.47450980392157,1490227200000
tank_0725,0.0,1490227200000
tank_0728,3.0,1490227200000
tank_0730,0.12549019607843137,1490227200000
tank_0731,0.0,1490227200000
tank_0732,0.0,1490227200000
tank_0737,0.0,1490227200000
tank_0739,0.0,1490227200000
tank_0740,80.15686274509804,1490227200000
tank_0746,0.0,1490227200000
tank_0748,3.0,1490227200000
tank_0749,6.062745098039216,1490227200000
tank_0752,0.6235294117647059,1490227200000
tank_0760,0.0,1490227200000
tank_0770,5.9450980392156865,1490227200000
tank_0772,3.0,1490227200000
tank_0788,0.0,1490227200000
tank_0789,0.0,1490227200000
tank_0792,112.34117647058825,1490227200000
tank_0797,0.0,1490227200000
tank_0800,32.0,1490227200000
tank_0802,2.9803921568627447,1490227200000
tank_0803,1.2745098039215685,1490227200000
tank_0808,1.6784313725490196,1490227200000
tank_0810,0.0,1490227200000
tank_0811,0.19215686274509805,1490227200000
tank_0812,0.0,1490227200000
tank_0813,0.6470588235294117,1490227200000
tank_0816,0.0,1490227200000
tank_0819,1.0,1490227200000
tank_0823,0.0,1490227200000
tank_0824,0.0,1490227200000
tank_0825,0.0,1490227200000
tank_0828,0.0,1490227200000
tank_0829,0.0,1490227200000
tank_0830,0.0,1490227200000
tank_0831,7.901960784313726,1490227200000
tank_0844,0.0,1490227200000
tank_0852,36.54117647058824,1490227200000
tank_0855,0.0,1490227200000
tank_0856,354.0,1490227200000
tank_0860,0.0,1490227200000
tank_0861,0.0,1490227200000
tank_0872,0.0,1490227200000
tank_0875,0.0,1490227200000
tank_0879,0.0,1490227200000
tank_0885,0.0,1490227200000
tank_0891,0.0,1490227200000
tank_0894,542.0,1490227200000
tank_0898,225.0,1490227200000
tank_0900,19.992156862745098,1490227200000
tank_0901,0.0,1490227200000
tank_0902,23.0,1490227200000
tank_0914,0.0,1490227200000
tank_0917,67.0,1490227200000
tank_0919,1.0,1490227200000
tank_0920,10.584313725490196,1490227200000
tank_0922,8.0,1490227200000
tank_0923,19.23137254901961,1490227200000
tank_0924,13.921568627450977,1490227200000
tank_0926,42.180392156862744,1490227200000
tank_0927,12.027450980392157,1490227200000
tank_0928,0.0,1490227200000
tank_0930,0.0,1490227200000
tank_0931,0.0,1490227200000
tank_0933,0.0,1490227200000
tank_0934,14.647058823529413,1490227200000
tank_0937,10.909803921568628,1490227200000
tank_0938,0.0,1490227200000
tank_0939,0.0,1490227200000
tank_0944,1.0,1490227200000
tank_0946,8.333333333333332,1490227200000
tank_0952,3.1607843137254896,1490227200000
tank_0958,7.474509803921569,1490227200000
tank_0962,185.0,1490227200000
tank_0967,1.1372549019607843,1490227200000
tank_0975,42.89411764705882,1490227200000
tank_0978,0.0,1490227200000
tank_0990,0.0,1490227200000
tank_0991,406.0,1490227200000
tank_0998,0.0,1490227200000
tank_0999,0.0,1490227200000
tank_1003,5.0,1490227200000
tank_1004,0.0,1490227200000
tank_1014,3.0,1490227200000
tank_1026,19.0,1490227200000
tank_1031,0.0,1490227200000
tank_1032,5.996078431372549,1490227200000
tank_1034,0.0,1490227200000
tank_1042,0.0,1490227200000
tank_1045,0.0,1490227200000
tank_1049,0.0,1490227200000
tank_1055,1.6235294117647059,1490227200000
tank_1061,0.0,1490227200000
tank_1062,0.8431372549019608,1490227200000
tank_1064,0.0,1490227200000
tank_1065,0.0,1490227200000
tank_1066,89.23921568627452,1490227200000
tank_1070,0.0,1490227200000
tank_1073,0.0,1490227200000
tank_1083,0.0,1490227200000
tank_1086,43.91372549019608,1490227200000
tank_1088,2.0,1490227200000
tank_1089,0.0,1490227200000
tank_1090,0.0,1490227200000
tank_1091,20.352941176470587,1490227200000
tank_1094,0.0,1490227200000
tank_1095,0.0,1490227200000
tank_1104,0.0,1490227200000
tank_1113,30.0,1490227200000
tank_1116,0.0,1490227200000
tank_1117,0.0,1490227200000
tank_1120,181.0,1490227200000
tank_1121,0.0,1490227200000
tank_1124,1.9254901960784312,1490227200000
tank_1128,0.0,1490227200000
tank_1134,0.0,1490227200000
tank_1135,0.0,1490227200000
tank_1146,0.0,1490227200000
tank_1149,40.76862745098038,1490227200000
tank_1156,0.0,1490227200000
tank_1157,7.592156862745099,1490227200000
tank_1159,0.0,1490227200000
tank_1160,0.0,1490227200000
tank_1166,0.7607843137254902,1490227200000
tank_1170,24.96862745098039,1490227200000
tank_1175,0.0,1490227200000
tank_1177,0.0,1490227200000
tank_1179,1.8588235294117648,1490227200000
tank_1181,23.0,1490227200000
tank_1186,0.0,1490227200000
tank_1187,4.533333333333333,1490227200000
tank_1190,2.5294117647058822,1490227200000
tank_1192,5.980392156862745,1490227200000
tank_1196,6.552941176470588,1490227200000
tank_1197,1188.0,1490227200000
tank_1201,0.0,1490227200000
tank_1203,24.349019607843132,1490227200000
tank_1205,1.0,1490227200000
tank_1209,566.0,1490227200000
tank_1217,0.0,1490227200000
tank_1223,3.0,1490227200000
tank_1226,2.0,1490227200000
tank_1228,1.0,1490227200000
tank_1230,0.0,1490227200000
tank_1237,0.0,1490227200000
tank_1239,0.0,1490227200000
tank_1245,0.0,1490227200000
tank_1246,3.0,1490227200000
tank_1250,33.54117647058823,1490227200000
tank_1254,0.0,1490227200000
tank_1255,21.16862745098039,1490227200000
tank_1258,0.0,1490227200000
tank_1261,2.043137254901961,1490227200000
tank_1262,0.0,1490227200000
tank_1263,5.235294117647058,1490227200000
tank_1265,0.0,1490227200000
tank_1270,0.0,1490227200000
tank_1272,0.0,1490227200000
tank_1275,0.0,1490227200000
tank_1276,0.0,1490227200000
tank_1279,0.0,1490227200000
tank_1280,3.9176470588235293,1490227200000
tank_1284,0.0,1490227200000
tank_1285,4.729411764705882,1490227200000
tank_1286,13.0,1490227200000
tank_1290,0.0,1490227200000
tank_1291,0.0,1490227200000
tank_1293,0.0,1490227200000
tank_1295,7.925490196078432,1490227200000
tank_1297,0.0,1490227200000
tank_1301,0.0,1490227200000
tank_1302,0.0,1490227200000
tank_1304,14.450980392156865,1490227200000
tank_1305,0.0,1490227200000
tank_1313,0.0,1490227200000
tank_1322,0.0,1490227200000
tank_1325,0.0,1490227200000
tank_1326,5.647058823529411,1490227200000
tank_1344,0.0,1490227200000
tank_1346,4.0,1490227200000
tank_1349,0.0,1490227200000
tank_1353,0.0,1490227200000
tank_1358,0.0,1490227200000
tank_1359,3.9058823529411764,1490227200000
tank_1361,0.0,1490227200000
tank_1364,0.0,1490227200000
tank_1365,0.0,1490227200000
tank_1372,2.0,1490227200000
tank_1374,0.0,1490227200000
tank_1378,0.0,1490227200000
tank_1380,0.0,1490227200000
tank_1386,0.0,1490227200000
tank_1391,0.0,1490227200000
tank_1393,0.0,1490227200000
tank_1396,0.0,1490227200000
tank_1397,0.6313725490196078,1490227200000
tank_1403,0.0,1490227200000
tank_1409,0.0,1490227200000
tank_1412,0.0,1490227200000
tank_1415,14.129411764705884,1490227200000
tank_1416,10.85490196078431,1490227200000
tank_1421,0.0,1490227200000
tank_1422,10.125490196078431,1490227200000
tank_1425,0.0,1490227200000
tank_1426,0.0,1490227200000
tank_1430,0.0,1490227200000
tank_1433,0.0,1490227200000
tank_1438,1.0,1490227200000
tank_1439,0.0,1490227200000
tank_1441,0.0,1490227200000
tank_1443,35.48235294117648,1490227200000
tank_1445,20.647058823529413,1490227200000
tank_1446,0.0,1490227200000
tank_1450,1.1058823529411765,1490227200000
tank_1452,2.0,1490227200000
tank_1456,0.0,1490227200000
tank_1466,0.0,1490227200000
tank_1471,0.0,1490227200000
tank_1475,0.0,1490227200000
tank_1486,0.0,1490227200000
tank_1488,9.0,1490227200000
tank_1491,0.0,1490227200000
tank_1500,0.0,1490227200000
tank_1505,0.0,1490227200000
tank_1513,0.0,1490227200000
tank_1531,0.0,1490227200000
tank_1536,0.0,1490227200000
tank_1539,0.0,1490227200000
tank_1541,0.0,1490227200000
tank_1542,4.0,1490227200000
tank_1547,0.0,1490227200000
tank_1563,0.0,1490227200000
tank_1564,0.0,1490227200000
tank_1565,0.0,1490227200000
tank_1567,4.0,1490227200000
tank_1568,8.0,1490227200000
tank_1573,5.0,1490227200000
tank_1583,17.811764705882354,1490227200000
tank_1587,0.0,1490227200000
tank_1588,0.6196078431372549,1490227200000
tank_1592,21.760784313725487,1490227200000
tank_1594,0.0,1490227200000
tank_1595,3.0,1490227200000
tank_1597,3.0,1490227200000
tank_1598,0.0,1490227200000
tank_1600,6.627450980392156,1490227200000
tank_1604,2.0,1490227200000
tank_0002,0.0,1491264000000
tank_0004,0.0,1491264000000
tank_0005,0.0,1491264000000
tank_0011,0.9019607843137255,1491264000000
tank_0014,0.0,1491264000000
tank_0019,0.0,1491264000000
tank_0024,45.70196078431373,1491264000000
tank_0025,0.0,1491264000000
tank_0026,0.0,1491264000000
tank_0027,0.0,1491264000000
tank_0030,0.0,1491264000000
tank_0031,0.0,1491264000000
tank_0036,0.0,1491264000000
tank_0037,0.0,1491264000000
tank_0038,0.0,1491264000000
tank_0050,73.45882352941179,1491264000000
tank_0051,0.0,1491264000000
tank_0052,0.23529411764705882,1491264000000
tank_0053,9.850980392156863,1491264000000
tank_0055,0.0,1491264000000
tank_0057,8.0,1491264000000
tank_0058,0.0,1491264000000
tank_0064,151.56470588235297,1491264000000
tank_0069,1.9843137254901961,1491264000000
tank_0072,0.0,1491264000000
tank_0073,0.0,1491264000000
tank_0080,9.952941176470588,1491264000000
tank_0094,0.0,1491264000000
tank_0107,0.0,1491264000000
tank_0110,1.0,1491264000000
tank_0113,34.160784313725486,1491264000000
tank_0115,0.0,1491264000000
tank_0116,0.0,1491264000000
tank_0117,52.984313725490196,1491264000000
tank_0118,0.0,1491264000000
tank_0122,0.0,1491264000000
tank_0125,8.0,1491264000000
tank_0130,0.0,1491264000000
tank_0131,5.24313725490196,1491264000000
tank_0132,0.0,1491264000000
tank_0134,0.0784313725490196,1491264000000
tank_0135,0.0,1491264000000
tank_0142,0.0,1491264000000
tank_0143,0.0,1491264000000
tank_0144,0.0,1491264000000
tank_0148,0.0,1491264000000
tank_0153,29.0,1491264000000
tank_0156,9.15686274509804,1491264000000
tank_0159,0.2,1491264000000
tank_0165,0.25882352941176473,1491264000000
tank_0171,0.0,1491264000000
tank_0172,0.0,1491264000000
tank_0174,10.952941176470588,1491264000000
tank_0176,0.0,1491264000000
tank_0184,0.0,1491264000000
tank_0187,0.0,1491264000000
tank_0190,0.25098039215686274,1491264000000
tank_0192,9.435294117647057,1491264000000
tank_0193,0.0,1491264000000
tank_0195,0.0,1491264000000
tank_0199,0.0,1491264000000
tank_0204,0.0,1491264000000
tank_0205,0.0,1491264000000
tank_0207,0.0,1491264000000
tank_0209,0.0,1491264000000
tank_0213,0.6666666666666667,1491264000000
tank_0217,0.0,1491264000000
tank_0220,2.0,1491264000000
tank_0221,10.650980392156864,1491264000000
tank_0225,0.0,1491264000000
tank_0226,4.741176470588235,1491264000000
tank_0228,0.0,1491264000000
tank_0229,0.0,1491264000000
tank_0231,0.6235294117647059,1491264000000
tank_0233,0.0,1491264000000
tank_0236,12.75686274509804,1491264000000
tank_0237,74.99215686274509,1491264000000
tank_0240,0.0,1491264000000
tank_0242,1.0,1491264000000
tank_0245,1.1725490196078432,1491264000000
tank_0247,29.0,1491264000000
tank_0256,0.25098039215686274,1491264000000
tank_0257,0.0,1491264000000
tank_0260,0.0,1491264000000
tank_0261,0.0,1491264000000
tank_0264,0.0,1491264000000
tank_0273,26.0,1491264000000
tank_0276,0.0,1491264000000
tank_0278,0.0,1491264000000
tank_0280,0.0,1491264000000
tank_0291,0.0,1491264000000
tank_0292,4.513725490196078,1491264000000
tank_0296,0.0,1491264000000
tank_0297,3.31764705882353,1491264000000
tank_0299,0.0,1491264000000
tank_0300,1.9803921568627452,1491264000000
tank_0301,0.0,1491264000000
tank_0307,0.0,1491264000000
tank_0309,4.0,1491264000000
tank_0313,0.0,1491264000000
tank_0314,0.0,1491264000000
tank_0319,22.86274509803922,1491264000000
tank_0321,0.0,1491264000000
tank_0327,0.0,1491264000000
tank_0337,1.6,1491264000000
tank_0338,0.0,1491264000000
tank_0339,6.2823529411764705,1491264000000
tank_0342,1.0,1491264000000
tank_0345,0.0,1491264000000
tank_0346,0.0,1491264000000
tank_0349,1.0,1491264000000
tank_0350,0.0,1491264000000
tank_0353,13.407843137254902,1491264000000
tank_0356,0.0,1491264000000
tank_0360,4.517647058823529,1491264000000
tank_0361,9.760784313725491,1491264000000
tank_0362,0.0,1491264000000
tank_0364,0.0,1491264000000
tank_0366,0.0,1491264000000
tank_0369,0.0,1491264000000
tank_0375,0.0,1491264000000
tank_0379,6.184313725490195,1491264000000
tank_0381,0.0,1491264000000
tank_0386,2.372549019607843,1491264000000
tank_0390,40.6,1491264000000
tank_0397,0.0,1491264000000
tank_0399,1.0,1491264000000
tank_0404,9.443137254901961,1491264000000
tank_0409,0.0,1491264000000
tank_0420,0.0,1491264000000
tank_0425,0.0,1491264000000
tank_0431,0.0,1491264000000
tank_0432,0.0,1491264000000
tank_0435,0.0,1491264000000
tank_0436,0.0,1491264000000
tank_0438,0.603921568627451,1491264000000
tank_0443,0.0,1491264000000
tank_0444,4.0,1491264000000
tank_0447,1.0,1491264000000
tank_0448,0.0,1491264000000
tank_0449,0.0,1491264000000
tank_0455,0.0,1491264000000
tank_0460,0.0,1491264000000
tank_0462,0.0,1491264000000
tank_0466,0.0,1491264000000
tank_0471,0.0,1491264000000
tank_0473,0.0,1491264000000
tank_0474,0.0,1491264000000
tank_0481,1.0,1491264000000
tank_0485,0.0,1491264000000
tank_0489,1.9725490196078432,1491264000000
tank_0491,0.0,1491264000000
tank_0494,0.0,1491264000000
tank_0497,1.992156862745098,1491264000000
tank_0498,2.682352941176471,1491264000000
tank_0502,0.0,1491264000000
tank_0505,5.513725490196078,1491264000000
tank_0509,0.0,1491264000000
tank_0512,0.0,1491264000000
tank_0514,0.0,1491264000000
tank_0515,0.0,1491264000000
tank_0521,0.0,1491264000000
tank_0524,0.0,1491264000000
tank_0526,0.0,1491264000000
tank_0533,0.0,1491264000000
tank_0534,0.0,1491264000000
tank_0536,0.0,1491264000000
tank_0537,0.0,1491264000000
tank_0541,0.0,1491264000000
tank_0547,0.0,1491264000000
tank_0552,0.0,1491264000000
tank_0555,0.0,1491264000000
tank_0556,0.0,1491264000000
tank_0557,0.0,1491264000000
tank_0560,2.831372549019608,1491264000000
tank_0561,0.0,1491264000000
tank_0566,0.0,1491264000000
tank_0567,0.0,1491264000000
tank_0568,26.882352941176475,1491264000000
tank_0574,0.0,1491264000000
tank_0579,0.0,1491264000000
tank_0583,12.0,1491264000000
tank_0587,0.0,1491264000000
tank_0589,0.0,1491264000000
tank_0590,0.0,1491264000000
tank_0592,0.0,1491264000000
tank_0593,0.0,1491264000000
tank_0595,0.0,1491264000000
tank_0600,15.101960784313727,1491264000000
tank_0604,10.533333333333331,1491264000000
tank_0606,2.0,1491264000000
tank_0607,4.0,1491264000000
tank_0608,0.0,1491264000000
tank_0610,0.0,1491264000000
tank_0611,4.639215686274509,1491264000000
tank_0612,12.04313725490196,1491264000000
tank_0613,0.0,1491264000000
tank_0619,0.0,1491264000000
tank_0626,0.0,1491264000000
tank_0627,0.0,1491264000000
tank_0628,0.0,1491264000000
tank_0632,1.0,1491264000000
tank_0633,0.0,1491264000000
tank_0639,0.0,1491264000000
tank_0640,0.0,1491264000000
tank_0641,4.223529411764706,1491264000000
tank_0643,18.976470588235294,1491264000000
tank_0646,0.047058823529411764,1491264000000
tank_0663,3.2745098039215685,1491264000000
tank_0664,0.0,1491264000000
tank_0666,0.0,1491264000000
tank_0667,3.9058823529411764,1491264000000
tank_0670,0.0,1491264000000
tank_0675,0.0,1491264000000
tank_0676,0.0,1491264000000
tank_0678,0.0,1491264000000
tank_0681,2.0,1491264000000
tank_0687,0.0,1491264000000
tank_0688,0.0,1491264000000
tank_0697,0.0,1491264000000
tank_0720,14.427450980392157,1491264000000
tank_0722,3.8274509803921566,1491264000000
tank_0724,0.0,1491264000000
tank_0725,0.0,1491264000000
tank_0728,0.0,1491264000000
tank_0730,0.0,1491264000000
tank_0731,0.0,1491264000000
tank_0732,0.0,1491264000000
tank_0737,0.0,1491264000000
tank_0739,0.0,1491264000000
tank_0740,2.0,1491264000000
tank_0746,0.0,1491264000000
tank_0748,1.0,1491264000000
tank_0749,0.0,1491264000000
tank_0752,0.0,1491264000000
tank_0760,0.0,1491264000000
tank_0770,3.0,1491264000000
tank_0772,2.0,1491264000000
tank_0788,0.0,1491264000000
tank_0789,0.0,1491264000000
tank_0792,101.6078431372549,1491264000000
tank_0797,0.0,1491264000000
tank_0800,27.0,1491264000000
tank_0802,0.0,1491264000000
tank_0803,0.2627450980392157,1491264000000
tank_0808,1.4431372549019605,1491264000000
tank_0810,0.0,1491264000000
tank_0811,2.6901960784313728,1491264000000
tank_0812,0.0,1491264000000
tank_0813,0.32941176470588235,1491264000000
tank_0816,0.0,1491264000000
tank_0819,1.0,1491264000000
tank_0823,0.0,1491264000000
tank_0824,0.0,1491264000000
tank_0825,0.0,1491264000000
tank_0828,0.0,1491264000000
tank_0829,0.0,1491264000000
tank_0830,0.0,1491264000000
tank_0831,13.874509803921569,1491264000000
tank_0844,0.0,1491264000000
tank_0852,0.0,1491264000000
tank_0855,0.0,1491264000000
tank_0856,437.0,1491264000000
tank_0860,0.0,1491264000000
tank_0861,0.0,1491264000000
tank_0872,0.0,1491264000000
tank_0875,0.0,1491264000000
tank_0879,0.0,1491264000000
tank_0885,0.0,1491264000000
tank_0891,0.0,1491264000000
tank_0894,544.0,1491264000000
tank_0898,215.0,1491264000000
tank_0900,0.996078431372549,1491264000000
tank_0901,0.0,1491264000000
tank_0902,24.0,1491264000000
tank_0914,0.0,1491264000000
tank_0917,85.0,1491264000000
tank_0919,0.0,1491264000000
tank_0920,15.443137254901961,1491264000000
tank_0922,16.0,1491264000000
tank_0923,0.0,1491264000000
tank_0924,7.858823529411765,1491264000000
tank_0926,52.831372549019626,1491264000000
tank_0927,11.760784313725491,1491264000000
tank_0928,0.0,1491264000000
tank_0930,0.0,1491264000000
tank_0931,0.0,1491264000000
tank_0933,0.0,1491264000000
tank_0934,7.8196078431372555,1491264000000
tank_0937,1.0,1491264000000
tank_0938,0.0,1491264000000
tank_0939,0.0,1491264000000
tank_0944,0.0,1491264000000
tank_0946,8.196078431372548,1491264000000
tank_0952,1.0862745098039215,1491264000000
tank_0958,0.0,1491264000000
tank_0962,124.0,1491264000000
tank_0967,3.337254901960784,1491264000000
tank_0975,27.403921568627453,1491264000000
tank_0978,0.0,1491264000000
tank_0990,0.0,1491264000000
tank_0991,434.0,1491264000000
tank_0998,0.0,1491264000000
tank_0999,0.0,1491264000000
tank_1003,9.0,1491264000000
tank_1004,0.0,1491264000000
tank_1014,0.0,1491264000000
tank_1026,12.0,1491264000000
tank_1031,0.0,1491264000000
tank_1032,0.6941176470588235,1491264000000
tank_1034,0.0,1491264000000
tank_1042,0.0,1491264000000
tank_1045,0.0,1491264000000
tank_1049,0.0,1491264000000
tank_1055,0.0,1491264000000
tank_1061,0.0,1491264000000
tank_1062,0.0,1491264000000
tank_1064,0.0,1491264000000
tank_1065,0.0,1491264000000
tank_1066,24.984313725490193,1491264000000
tank_1070,0.0,1491264000000
tank_1073,0.0,1491264000000
tank_1083,0.0,1491264000000
tank_1086,48.91372549019608,1491264000000
tank_1088,0.0,1491264000000
tank_1089,0.0,1491264000000
tank_1090,0.0,1491264000000
tank_1091,29.070588235294117,1491264000000
tank_1094,0.0,1491264000000
tank_1095,0.0,1491264000000
tank_1104,0.0,1491264000000
tank_1113,29.0,1491264000000
tank_1116,3.6941176470588237,1491264000000
tank_1117,0.0,1491264000000
tank_1120,155.0,1491264000000
tank_1121,0.0,1491264000000
tank_1124,0.0,1491264000000
tank_1128,0.0,1491264000000
tank_1134,0.0,1491264000000
tank_1135,0.0,1491264000000
tank_1146,0.0,1491264000000
tank_1149,31.164705882352944,1491264000000
tank_1156,1.0,1491264000000
tank_1157,8.380392156862746,1491264000000
tank_1159,0.0,1491264000000
tank_1160,0.0,1491264000000
tank_1166,2.0745098039215684,1491264000000
tank_1170,19.23921568627451,1491264000000
tank_1175,0.0,1491264000000
tank_1177,1.0,1491264000000
tank_1179,6.145098039215687,1491264000000
tank_1181,9.0,1491264000000
tank_1186,0.0,1491264000000
tank_1187,11.972549019607843,1491264000000
tank_1190,10.815686274509805,1491264000000
tank_1192,10.0,1491264000000
tank_1196,0.0,1491264000000
tank_1197,1021.0,1491264000000
tank_1201,0.0,1491264000000
tank_1203,15.509803921568626,1491264000000
tank_1205,6.0,1491264000000
tank_1209,498.9607843137255,1491264000000
tank_1217,0.0,1491264000000
tank_1223,0.0,1491264000000
tank_1226,0.0,1491264000000
tank_1228,0.0,1491264000000
tank_1230,0.0,1491264000000
tank_1237,0.0,1491264000000
tank_1239,0.0,1491264000000
tank_1245,0.0,1491264000000
tank_1246,0.0,1491264000000
tank_1250,29.21176470588236,1491264000000
tank_1254,0.0,1491264000000
tank_1255,51.545098039215674,1491264000000
tank_1258,0.0,1491264000000
tank_1261,6.403921568627451,1491264000000
tank_1262,0.0,1491264000000
tank_1263,5.52156862745098,1491264000000
tank_1265,0.0,1491264000000
tank_1270,0.0,1491264000000
tank_1272,0.0,1491264000000
tank_1275,2.56078431372549,1491264000000
tank_1276,0.0,1491264000000
tank_1279,0.0,1491264000000
tank_1280,0.0,1491264000000
tank_1284,0.0,1491264000000
tank_1285,0.0,1491264000000
tank_1286,8.0,1491264000000
tank_1290,0.0,1491264000000
tank_1291,0.0,1491264000000
tank_1293,0.0,1491264000000
tank_1295,18.70980392156863,1491264000000
tank_1297,0.0,1491264000000
tank_1301,0.0,1491264000000
tank_1302,0.0,1491264000000
tank_1304,17.04705882352941,1491264000000
tank_1305,0.0,1491264000000
tank_1313,0.0,1491264000000
tank_1322,0.0,1491264000000
tank_1325,0.0,1491264000000
tank_1326,0.0,1491264000000
tank_1344,1.0,1491264000000
tank_1346,6.9411764705882355,1491264000000
tank_1349,2.1921568627450982,1491264000000
tank_1353,3.0,1491264000000
tank_1358,1.0,1491264000000
tank_1359,24.0,1491264000000
tank_1361,0.0,1491264000000
tank_1364,2.0,1491264000000
tank_1365,0.0,1491264000000
tank_1372,0.0,1491264000000
tank_1374,0.0,1491264000000
tank_1378,0.0,1491264000000
tank_1380,0.0,1491264000000
tank_1386,0.0,1491264000000
tank_1391,0.0,1491264000000
tank_1393,0.0,1491264000000
tank_1396,0.0,1491264000000
tank_1397,4.466666666666667,1491264000000
tank_1403,0.7490196078431373,1491264000000
tank_1409,3.0,1491264000000
tank_1412,0.0,1491264000000
tank_1415,0.0,1491264000000
tank_1416,0.0,1491264000000
tank_1421,0.0,1491264000000
tank_1422,5.270588235294118,1491264000000
tank_1425,0.0,1491264000000
tank_1426,0.0,1491264000000
tank_1430,0.0,1491264000000
tank_1433,0.0,1491264000000
tank_1438,1.0,1491264000000
tank_1439,0.0,1491264000000
tank_1441,0.0,1491264000000
tank_1443,37.3764705882353,1491264000000
tank_1445,2.0,1491264000000
tank_1446,0.0,1491264000000
tank_1450,2.1294117647058823,1491264000000
tank_1452,12.117647058823529,1491264000000
tank_1456,0.0,1491264000000
tank_1466,0.0,1491264000000
tank_1471,0.0,1491264000000
tank_1475,0.0,1491264000000
tank_1486,0.0,1491264000000
tank_1488,2.0,1491264000000
tank_1491,0.0,1491264000000
tank_1500,0.0,1491264000000
tank_1505,0.0,1491264000000
tank_1513,0.0,1491264000000
tank_1531,0.0,1491264000000
tank_1536,0.0,1491264000000
tank_1539,0.0,1491264000000
tank_1541,0.0,1491264000000
tank_1542,0.1764705882352941,1491264000000
tank_1547,0.0,1491264000000
tank_1563,0.0,1491264000000
tank_1564,0.0,1491264000000
tank_1565,0.0,1491264000000
tank_1567,0.0,1491264000000
tank_1568,0.0,1491264000000
tank_1573,0.0,1491264000000
tank_1583,19.105882352941173,1491264000000
tank_1587,0.0,1491264000000
tank_1588,2.768627450980392,1491264000000
tank_1592,24.57254901960784,1491264000000
tank_1594,0.0,1491264000000
tank_1595,0.0,1491264000000
tank_1597,0.0,1491264000000
tank_1598,0.0,1491264000000
tank_1600,11.278431372549019,1491264000000
tank_1604,4.0,1491264000000
tank_0002,6.176470588235294,1492300800000
tank_0004,0.0,1492300800000
tank_0005,0.0,1492300800000
tank_0011,0.0,1492300800000
tank_0014,0.1568627450980392,1492300800000
tank_0019,13.980392156862745,1492300800000
tank_0024,35.521568627450975,1492300800000
tank_0025,0.0,1492300800000
tank_0026,9.16470588235294,1492300800000
tank_0027,2.0,1492300800000
tank_0030,0.0,1492300800000
tank_0031,6.109803921568627,1492300800000
tank_0036,0.0,1492300800000
tank_0037,0.0,1492300800000
tank_0038,26.89019607843138,1492300800000
tank_0050,71.21568627450982,1492300800000
tank_0051,8.388235294117647,1492300800000
tank_0052,9.0,1492300800000
tank_0053,155.09411764705882,1492300800000
tank_0055,0.0,1492300800000
tank_0057,103.20000000000002,1492300800000
tank_0058,0.0,1492300800000
tank_0064,161.5372549019608,1492300800000
tank_0069,9.129411764705882,1492300800000
tank_0072,0.0,1492300800000
tank_0073,0.14901960784313725,1492300800000
tank_0080,8.0,1492300800000
tank_0094,0.0,1492300800000
tank_0107,5.070588235294117,1492300800000
tank_0110,5.0,1492300800000
tank_0113,51.694117647058825,1492300800000
tank_0115,0.0,1492300800000
tank_0116,1.6313725490196078,1492300800000
tank_0117,284.7098039215686,1492300800000
tank_0118,0.0,1492300800000
tank_0122,4.0,1492300800000
tank_0125,86.10196078431373,1492300800000
tank_0130,2.792156862745098,1492300800000
tank_0131,0.0,1492300800000
tank_0132,0.0,1492300800000
tank_0134,1.0,1492300800000
tank_0135,4.0,1492300800000
tank_0142,3.0,1492300800000
tank_0143,0.0,1492300800000
tank_0144,0.0,1492300800000
tank_0148,7.0,1492300800000
tank_0153,29.6,1492300800000
tank_0156,108.3450980392157,1492300800000
tank_0159,0.0,1492300800000
tank_0165,0.0,1492300800000
tank_0171,0.0,1492300800000
tank_0172,3.1686274509803924,1492300800000
tank_0174,10.364705882352942,1492300800000
tank_0176,30.623529411764707,1492300800000
tank_0184,0.0,1492300800000
tank_0187,0.0,1492300800000
tank_0190,2.6392156862745098,1492300800000
tank_0192,4.0,1492300800000
tank_0193,7.133333333333333,1492300800000
tank_0195,6.501960784313726,1492300800000
tank_0199,3.372549019607843,1492300800000
tank_0204,0.0,1492300800000
tank_0205,3.0,1492300800000
tank_0207,2.164705882352941,1492300800000
tank_0209,0.26666666666666666,1492300800000
tank_0213,0.0,1492300800000
tank_0217,0.592156862745098,1492300800000
tank_0220,7.482352941176471,1492300800000
tank_0221,1.6,1492300800000
tank_0225,0.0,1492300800000
tank_0226,6.20392156862745,1492300800000
tank_0228,0.5294117647058824,1492300800000
tank_0229,2.0,1492300800000
tank_0231,5.784313725490197,1492300800000
tank_0233,1.7294117647058822,1492300800000
tank_0236,15.501960784313725,1492300800000
tank_0237,76.45490196078431,1492300800000
tank_0240,16.992156862745098,1492300800000
tank_0242,8.0,1492300800000
tank_0245,1.611764705882353,1492300800000
tank_0247,39.0,1492300800000
tank_0256,3.4823529411764707,1492300800000
tank_0257,9.921568627450982,1492300800000
tank_0260,5.133333333333333,1492300800000
tank_0261,0.0,1492300800000
tank_0264,0.0,1492300800000
tank_0273,12.0,1492300800000
tank_0276,4.0,1492300800000
tank_0278,21.101960784313725,1492300800000
tank_0280,1.2745098039215685,1492300800000
tank_0291,0.0,1492300800000
tank_0292,26.945098039215686,1492300800000
tank_0296,0.0,1492300800000
tank_0297,18.949019607843137,1492300800000
tank_0299,15.913725490196079,1492300800000
tank_0300,20.23921568627451,1492300800000
tank_0301,8.635294117647058,1492300800000
tank_0307,2.0,1492300800000
tank_0309,9.984313725490196,1492300800000
tank_0313,0.0,1492300800000
tank_0314,0.0,1492300800000
tank_0319,33.74901960784313,1492300800000
tank_0321,7.0627450980392155,1492300800000
tank_0327,0.0,1492300800000
tank_0337,1.0,1492300800000
tank_0338,0.6352941176470588,1492300800000
tank_0339,23.678431372549024,1492300800000
tank_0342,40.054901960784335,1492300800000
tank_0345,5.980392156862744,1492300800000
tank_0346,2.603921568627451,1492300800000
tank_0349,0.0,1492300800000
tank_0350,7.55294117647059,1492300800000
tank_0353,251.164705882353,1492300800000
tank_0356,0.0,1492300800000
tank_0360,5.811764705882353,1492300800000
tank_0361,22.96078431372549,1492300800000
tank_0362,0.0,1492300800000
tank_0364,5.262745098039215,1492300800000
tank_0366,41.34901960784313,1492300800000
tank_0369,0.0,1492300800000
tank_0375,0.0,1492300800000
tank_0379,23.800000000000004,1492300800000
tank_0381,0.0,1492300800000
tank_0386,10.101960784313725,1492300800000
tank_0390,27.580392156862747,1492300800000
tank_0397,0.0,1492300800000
tank_0399,0.0,1492300800000
tank_0404,6.517647058823529,1492300800000
tank_0409,0.8352941176470589,1492300800000
tank_0420,0.0,1492300800000
tank_0425,0.0,1492300800000
tank_0431,0.0,1492300800000
tank_0432,0.0,1492300800000
tank_0435,0.0,1492300800000
tank_0436,2.0,1492300800000
tank_0438,0.07450980392156863,1492300800000
tank_0443,0.0,1492300800000
tank_0444,13.0,1492300800000
tank_0447,3.1254901960784314,1492300800000
tank_0448,3.7411764705882353,1492300800000
tank_0449,0.8745098039215686,1492300800000
tank_0455,0.0,1492300800000
tank_0460,0.0,1492300800000
tank_0462,0.0,1492300800000
tank_0466,0.0,1492300800000
tank_0471,0.0,1492300800000
tank_0473,0.0,1492300800000
tank_0474,3.6980392156862747,1492300800000
tank_0481,23.741176470588236,1492300800000
tank_0485,0.0,1492300800000
tank_0489,0.0,1492300800000
tank_0491,4.0,1492300800000
tank_0494,0.0,1492300800000
tank_0497,0.0,1492300800000
tank_0498,0.0,1492300800000
tank_0502,0.0,1492300800000
tank_0505,4.0,1492300800000
tank_0509,6.0,1492300800000
tank_0512,1.9803921568627452,1492300800000
tank_0514,0.0,1492300800000
tank_0515,0.0,1492300800000
tank_0521,0.0,1492300800000
tank_0524,0.4980392156862745,1492300800000
tank_0526,0.0,1492300800000
tank_0533,0.0,1492300800000
tank_0534,0.0,1492300800000
tank_0536,0.0,1492300800000
tank_0537,0.0,1492300800000
tank_0541,3.0,1492300800000
tank_0547,0.0,1492300800000
tank_0552,3.180392156862745,1492300800000
tank_0555,0.0,1492300800000
tank_0556,0.0,1492300800000
tank_0557,5.396078431372548,1492300800000
tank_0560,14.176470588235293,1492300800000
tank_0561,2.0,1492300800000
tank_0566,0.0,1492300800000
tank_0567,0.0,1492300800000
tank_0568,24.580392156862747,1492300800000
tank_0574,0.0,1492300800000
tank_0579,0.0,1492300800000
tank_0583,0.0,1492300800000
tank_0587,0.0,1492300800000
tank_0589,0.0,1492300800000
tank_0590,4.0,1492300800000
tank_0592,0.0,1492300800000
tank_0593,0.0,1492300800000
tank_0595,7.752941176470588,1492300800000
tank_0600,8.470588235294118,1492300800000
tank_0604,2.0,1492300800000
tank_0606,13.0,1492300800000
tank_0607,11.92549019607843,1492300800000
tank_0608,0.0,1492300800000
tank_0610,0.0,1492300800000
tank_0611,2.0,1492300800000
tank_0612,8.015686274509804,1492300800000
tank_0613,0.0,1492300800000
tank_0619,0.0,1492300800000
tank_0626,0.0,1492300800000
tank_0627,0.0,1492300800000
tank_0628,0.0,1492300800000
tank_0632,0.0,1492300800000
tank_0633,0.0,1492300800000
tank_0639,0.0,1492300800000
tank_0640,0.0,1492300800000
tank_0641,0.0,1492300800000
tank_0643,16.325490196078434,1492300800000
tank_0646,6.666666666666667,1492300800000
tank_0663,3.4705882352941178,1492300800000
tank_0664,0.0,1492300800000
tank_0666,0.0,1492300800000
tank_0667,4.427450980392157,1492300800000
tank_0670,0.0,1492300800000
tank_0675,0.0,1492300800000
tank_0676,0.0,1492300800000
tank_0678,2.9372549019607845,1492300800000
tank_0681,0.0,1492300800000
tank_0687,0.0,1492300800000
tank_0688,8.0,1492300800000
tank_0697,0.7529411764705882,1492300800000
tank_0720,12.341176470588232,1492300800000
tank_0722,0.0,1492300800000
tank_0724,11.49019607843137,1492300800000
tank_0725,3.0,1492300800000
tank_0728,8.807843137254903,1492300800000
tank_0730,5.333333333333334,1492300800000
tank_0731,0.0,1492300800000
tank_0732,0.0,1492300800000
tank_0737,0.0,1492300800000
tank_0739,0.0,1492300800000
tank_0740,60.662745098039224,1492300800000
tank_0746,0.0,1492300800000
tank_0748,10.749019607843138,1492300800000
tank_0749,38.66274509803921,1492300800000
tank_0752,0.00784313725490196,1492300800000
tank_0760,0.0,1492300800000
tank_0770,1.5686274509803921,1492300800000
tank_0772,3.8078431372549018,1492300800000
tank_0788,0.0,1492300800000
tank_0789,6.082352941176471,1492300800000
tank_0792,97.38431372549019,1492300800000
tank_0797,0.0,1492300800000
tank_0800,30.0,1492300800000
tank_0802,0.0,1492300800000
tank_0803,0.2627450980392157,1492300800000
tank_0808,0.6235294117647059,1492300800000
tank_0810,0.0,1492300800000
tank_0811,15.384313725490195,1492300800000
tank_0812,0.0,1492300800000
tank_0813,1.2,1492300800000
tank_0816,1.2980392156862743,1492300800000
tank_0819,2.0,1492300800000
tank_0823,0.0,1492300800000
tank_0824,0.0,1492300800000
tank_0825,0.0,1492300800000
tank_0828,0.0,1492300800000
tank_0829,0.0,1492300800000
tank_0830,0.0,1492300800000
tank_0831,9.294117647058822,1492300800000
tank_0844,0.0,1492300800000
tank_0852,24.541176470588237,1492300800000
tank_0855,0.0,1492300800000
tank_0856,0.0,1492300800000
tank_0860,0.0,1492300800000
tank_0861,0.0,1492300800000
tank_0872,0.0,1492300800000
tank_0875,5.0,1492300800000
tank_0879,0.0,1492300800000
tank_0885,0.058823529411764705,1492300800000
tank_0891,0.0,1492300800000
tank_0894,0.0,1492300800000
tank_0898,1.0,1492300800000
tank_0900,19.376470588235293,1492300800000
tank_0901,0.0,1492300800000
tank_0902,0.0,1492300800000
tank_0914,0.0,1492300800000
tank_0917,2.0,1492300800000
tank_0919,0.0,1492300800000
tank_0920,7.647058823529412,1492300800000
tank_0922,2.0,1492300800000
tank_0923,45.0,1492300800000
tank_0924,0.0,1492300800000
tank_0926,60.96078431372548,1492300800000
tank_0927,16.517647058823528,1492300800000
tank_0928,0.0,1492300800000
tank_0930,0.0,1492300800000
tank_0931,0.0,1492300800000
tank_0933,0.0,1492300800000
tank_0934,0.0,1492300800000
tank_0937,2.0,1492300800000
tank_0938,0.0,1492300800000
tank_0939,0.0,1492300800000
tank_0944,0.0,1492300800000
tank_0946,3.0,1492300800000
tank_0952,7.458823529411765,1492300800000
tank_0958,0.0,1492300800000
tank_0962,4.0,1492300800000
tank_0967,3.4196078431372547,1492300800000
tank_0975,43.0156862745098,1492300800000
tank_0978,12.0,1492300800000
tank_0990,0.0,1492300800000
tank_0991,0.0,1492300800000
tank_0998,0.0,1492300800000
tank_0999,0.0,1492300800000
tank_1003,30.0,1492300800000
tank_1004,0.0,1492300800000
tank_1014,8.0,1492300800000
tank_1026,9.0,1492300800000
tank_1031,0.0,1492300800000
tank_1032,4.525490196078431,1492300800000
tank_1034,0.0,1492300800000
tank_1042,0.0,1492300800000
tank_1045,0.0,1492300800000
tank_1049,0.0,1492300800000
tank_1055,7.517647058823529,1492300800000
tank_1061,0.0,1492300800000
tank_1062,0.0,1492300800000
tank_1064,0.0,1492300800000
tank_1065,0.0,1492300800000
tank_1066,98.63137254901962,1492300800000
tank_1070,9.0,1492300800000
tank_1073,0.0,1492300800000
tank_1083,0.0,1492300800000
tank_1086,50.0,1492300800000
tank_1088,1.0,1492300800000
tank_1089,0.0,1492300800000
tank_1090,0.0,1492300800000
tank_1091,32.898039215686275,1492300800000
tank_1094,0.0,1492300800000
tank_1095,0.0,1492300800000
tank_1104,0.0,1492300800000
tank_1113,24.0,1492300800000
tank_1116,2.925490196078431,1492300800000
tank_1117,0.0,1492300800000
tank_1120,100.0,1492300800000
tank_1121,0.0,1492300800000
tank_1124,5.905882352941177,1492300800000
tank_1128,0.0,1492300800000
tank_1134,0.0,1492300800000
tank_1135,0.0,1492300800000
tank_1146,0.0,1492300800000
tank_1149,31.447058823529414,1492300800000
tank_1156,0.0,1492300800000
tank_1157,7.090196078431371,1492300800000
tank_1159,0.0,1492300800000
tank_1160,0.0,1492300800000
tank_1166,1.4431372549019608,1492300800000
tank_1170,13.24313725490196,1492300800000
tank_1175,0.0,1492300800000
tank_1177,0.25098039215686274,1492300800000
tank_1179,4.098039215686274,1492300800000
tank_1181,2.0,1492300800000
tank_1186,0.0,1492300800000
tank_1187,12.0,1492300800000
tank_1190,5.529411764705882,1492300800000
tank_1192,4.0,1492300800000
tank_1196,1.5725490196078433,1492300800000
tank_1197,488.0,1492300800000
tank_1201,0.0,1492300800000
tank_1203,24.886274509803926,1492300800000
tank_1205,0.0,1492300800000
tank_1209,150.0,1492300800000
tank_1217,3.0980392156862746,1492300800000
tank_1223,6.9450980392156865,1492300800000
tank_1226,3.32156862745098,1492300800000
tank_1228,0.0,1492300800000
tank_1230,0.0,1492300800000
tank_1237,0.0,1492300800000
tank_1239,0.0,1492300800000
tank_1245,0.0,1492300800000
tank_1246,1.0,1492300800000
tank_1250,33.325490196078434,1492300800000
tank_1254,0.0,1492300800000
tank_1255,27.16078431372549,1492300800000
tank_1258,0.0,1492300800000
tank_1261,2.168627450980392,1492300800000
tank_1262,9.176470588235292,1492300800000
tank_1263,0.0,1492300800000
tank_1265,0.0,1492300800000
tank_1270,0.0,1492300800000
tank_1272,0.0,1492300800000
tank_1275,0.0,1492300800000
tank_1276,0.0,1492300800000
tank_1279,0.0,1492300800000
tank_1280,9.588235294117649,1492300800000
tank_1284,3.6588235294117646,1492300800000
tank_1285,2.0,1492300800000
tank_1286,0.0,1492300800000
tank_1290,0.0,1492300800000
tank_1291,0.0,1492300800000
tank_1293,0.0,1492300800000
tank_1295,16.03921568627451,1492300800000
tank_1297,0.7764705882352941,1492300800000
tank_1301,0.0,1492300800000
tank_1302,0.0,1492300800000
tank_1304,1.9803921568627452,1492300800000
tank_1305,0.0,1492300800000
tank_1313,0.0,1492300800000
tank_1322,0.0,1492300800000
tank_1325,0.0,1492300800000
tank_1326,14.458823529411763,1492300800000
tank_1344,4.0,1492300800000
tank_1346,1.8745098039215686,1492300800000
tank_1349,0.0,1492300800000
tank_1353,0.0,1492300800000
tank_1358,0.0,1492300800000
tank_1359,6.101960784313725,1492300800000
tank_1361,0.0,1492300800000
tank_1364,0.0,1492300800000
tank_1365,0.0,1492300800000
tank_1372,0.0,1492300800000
tank_1374,0.0,1492300800000
tank_1378,0.0,1492300800000
tank_1380,0.0,1492300800000
tank_1386,0.0,1492300800000
tank_1391,0.0,1492300800000
tank_1393,0.0,1492300800000
tank_1396,1.4980392156862745,1492300800000
tank_1397,0.0,1492300800000
tank_1403,0.0,1492300800000
tank_1409,0.0,1492300800000
tank_1412,0.0,1492300800000
tank_1415,30.070588235294117,1492300800000
tank_1416,6.325490196078431,1492300800000
tank_1421,0.0,1492300800000
tank_1422,8.654901960784313,1492300800000
tank_1425,3.0,1492300800000
tank_1426,0.0,1492300800000
tank_1430,0.0,1492300800000
tank_1433,0.0,1492300800000
tank_1438,2.6745098039215685,1492300800000
tank_1439,0.0,1492300800000
tank_1441,0.0,1492300800000
tank_1443,39.03921568627452,1492300800000
tank_1445,25.0,1492300800000
tank_1446,0.0,1492300800000
tank_1450,5.427450980392157,1492300800000
tank_1452,0.24313725490196078,1492300800000
tank_1456,0.0,1492300800000
tank_1466,0.0,1492300800000
tank_1471,0.0,1492300800000
tank_1475,0.0,1492300800000
tank_1486,0.0,1492300800000
tank_1488,19.0,1492300800000
tank_1491,0.0,1492300800000
tank_1500,0.09803921568627451,1492300800000
tank_1505,0.0,1492300800000
tank_1513,0.0,1492300800000
tank_1531,8.0,1492300800000
tank_1536,0.0,1492300800000
tank_1539,0.0,1492300800000
tank_1541,0.0,1492300800000
tank_1542,0.7725490196078431,1492300800000
tank_1547,0.0,1492300800000
tank_1563,0.0,1492300800000
tank_1564,1.0,1492300800000
tank_1565,7.0,1492300800000
tank_1567,7.8313725490196076,1492300800000
tank_1568,2.0,1492300800000
tank_1573,4.0,1492300800000
tank_1583,35.45490196078431,1492300800000
tank_1587,0.0,1492300800000
tank_1588,4.1647058823529415,1492300800000
tank_1592,34.60000000000001,1492300800000
tank_1594,0.0,1492300800000
tank_1595,1.0,1492300800000
tank_1597,0.0,1492300800000
tank_1598,0.0,1492300800000
tank_1600,16.27843137254902,1492300800000
tank_1604,0.0,1492300800000
tank_0002,0.6235294117647059,1493337600000
tank_0004,0.0,1493337600000
tank_0005,0.0,1493337600000
tank_0011,0.0,1493337600000
tank_0014,0.0,1493337600000
tank_0019,1.0,1493337600000
tank_0024,0.0,1493337600000
tank_0025,0.0,1493337600000
tank_0026,21.71764705882353,1493337600000
tank_0027,5.0,1493337600000
tank_0030,0.0,1493337600000
tank_0031,8.564705882352941,1493337600000
tank_0036,0.0,1493337600000
tank_0037,0.0,1493337600000
tank_0038,14.305882352941179,1493337600000
tank_0050,66.72156862745099,1493337600000
tank_0051,3.0,1493337600000
tank_0052,9.36078431372549,1493337600000
tank_0053,136.29411764705887,1493337600000
tank_0055,2.835294117647059,1493337600000
tank_0057,104.30588235294118,1493337600000
tank_0058,0.0,1493337600000
tank_0064,155.90588235294118,1493337600000
tank_0069,14.91764705882353,1493337600000
tank_0072,0.0,1493337600000
tank_0073,0.0,1493337600000
tank_0080,13.0,1493337600000
tank_0094,0.0,1493337600000
tank_0107,0.0,1493337600000
tank_0110,0.0,1493337600000
tank_0113,3.9058823529411764,1493337600000
tank_0115,0.0,1493337600000
tank_0116,0.25098039215686274,1493337600000
tank_0117,238.6156862745098,1493337600000
tank_0118,0.0,1493337600000
tank_0122,0.0,1493337600000
tank_0125,3.0,1493337600000
tank_0130,2.023529411764706,1493337600000
tank_0131,0.0,1493337600000
tank_0132,0.0,1493337600000
tank_0134,16.929411764705883,1493337600000
tank_0135,13.031372549019608,1493337600000
tank_0142,0.0,1493337600000
tank_0143,0.0,1493337600000
tank_0144,0.0,1493337600000
tank_0148,18.105882352941176,1493337600000
tank_0153,34.0,1493337600000
tank_0156,85.52156862745099,1493337600000
tank_0159,0.0,1493337600000
tank_0165,0.0,1493337600000
tank_0171,0.0,1493337600000
tank_0172,2.772549019607843,1493337600000
tank_0174,3.0,1493337600000
tank_0176,0.0,1493337600000
tank_0184,0.4,1493337600000
tank_0187,0.0,1493337600000
tank_0190,2.7450980392156863,1493337600000
tank_0192,1.0392156862745097,1493337600000
tank_0193,0.0,1493337600000
tank_0195,6.901960784313725,1493337600000
tank_0199,0.0,1493337600000
tank_0204,0.0,1493337600000
tank_0205,1.0,1493337600000
tank_0207,3.4274509803921567,1493337600000
tank_0209,12.541176470588235,1493337600000
tank_0213,0.3411764705882353,1493337600000
tank_0217,0.0,1493337600000
tank_0220,0.0,1493337600000
tank_0221,0.0,1493337600000
tank_0225,0.0,1493337600000
tank_0226,13.533333333333333,1493337600000
tank_0228,5.6117647058823525,1493337600000
tank_0229,0.0,1493337600000
tank_0231,14.525490196078433,1493337600000
tank_0233,0.0,1493337600000
tank_0236,6.5019607843137255,1493337600000
tank_0237,74.8313725490196,1493337600000
tank_0240,9.701960784313727,1493337600000
tank_0242,0.0,1493337600000
tank_0245,0.0,1493337600000
tank_0247,2.0,1493337600000
tank_0256,1.0,1493337600000
tank_0257,1.4588235294117649,1493337600000
tank_0260,0.0,1493337600000
tank_0261,2.0,1493337600000
tank_0264,0.0,1493337600000
tank_0273,20.0,1493337600000
tank_0276,2.0,1493337600000
tank_0278,11.372549019607844,1493337600000
tank_0280,4.984313725490196,1493337600000
tank_0291,0.0,1493337600000
tank_0292,27.49411764705883,1493337600000
tank_0296,0.0,1493337600000
tank_0297,6.4117647058823515,1493337600000
tank_0299,2.419607843137255,1493337600000
tank_0300,17.086274509803918,1493337600000
tank_0301,0.5529411764705883,1493337600000
tank_0307,3.0,1493337600000
tank_0309,12.0,1493337600000
tank_0313,0.0,1493337600000
tank_0314,2.2588235294117642,1493337600000
tank_0319,28.509803921568633,1493337600000
tank_0321,15.38823529411765,1493337600000
tank_0327,11.329411764705881,1493337600000
tank_0337,5.0,1493337600000
tank_0338,0.0,1493337600000
tank_0339,36.839215686274514,1493337600000
tank_0342,31.172549019607843,1493337600000
tank_0345,0.0,1493337600000
tank_0346,0.0,1493337600000
tank_0349,0.0,1493337600000
tank_0350,0.0,1493337600000
tank_0353,258.5960784313726,1493337600000
tank_0356,0.0,1493337600000
tank_0360,5.976470588235293,1493337600000
tank_0361,11.086274509803921,1493337600000
tank_0362,0.0,1493337600000
tank_0364,0.0,1493337600000
tank_0366,2.0,1493337600000
tank_0369,0.0,1493337600000
tank_0375,0.0,1493337600000
tank_0379,36.90980392156863,1493337600000
tank_0381,0.0,1493337600000
tank_0386,0.0,1493337600000
tank_0390,17.0,1493337600000
tank_0397,0.0,1493337600000
tank_0399,0.0,1493337600000
tank_0404,9.066666666666666,1493337600000
tank_0409,0.0,1493337600000
tank_0420,0.0,1493337600000
tank_0425,0.0,1493337600000
tank_0431,0.0,1493337600000
tank_0432,1.8352941176470587,1493337600000
tank_0435,0.0,1493337600000
tank_0436,5.0,1493337600000
tank_0438,1.3686274509803922,1493337600000
tank_0443,2.0,1493337600000
tank_0444,2.0,1493337600000
tank_0447,12.149019607843139,1493337600000
tank_0448,0.0,1493337600000
tank_0449,0.0,1493337600000
tank_0455,5.976470588235294,1493337600000
tank_0460,0.0,1493337600000
tank_0462,0.0,1493337600000
tank_0466,0.0,1493337600000
tank_0471,0.0,1493337600000
tank_0473,4.0,1493337600000
tank_0474,1.392156862745098,1493337600000
tank_0481,48.98823529411766,1493337600000
tank_0485,0.0,1493337600000
tank_0489,0.0,1493337600000
tank_0491,0.0,1493337600000
tank_0494,0.0,1493337600000
tank_0497,1.5686274509803924,1493337600000
tank_0498,0.0,1493337600000
tank_0502,0.0,1493337600000
tank_0505,0.0,1493337600000
tank_0509,1.0,1493337600000
tank_0512,0.0,1493337600000
tank_0514,0.0,1493337600000
tank_0515,0.0,1493337600000
tank_0521,0.0,1493337600000
tank_0524,0.0,1493337600000
tank_0526,0.0,1493337600000
tank_0533,1.0,1493337600000
tank_0534,1.3568627450980393,1493337600000
tank_0536,0.0,1493337600000
tank_0537,0.0,1493337600000
tank_0541,0.0,1493337600000
tank_0547,1.1450980392156862,1493337600000
tank_0552,2.0,1493337600000
tank_0555,0.0,1493337600000
tank_0556,0.0,1493337600000
tank_0557,4.752941176470586,1493337600000
tank_0560,20.67843137254902,1493337600000
tank_0561,0.0,1493337600000
tank_0566,0.0,1493337600000
tank_0567,0.0,1493337600000
tank_0568,43.411764705882355,1493337600000
tank_0574,0.0,1493337600000
tank_0579,0.0,1493337600000
tank_0583,0.0,1493337600000
tank_0587,1.9686274509803923,1493337600000
tank_0589,3.9529411764705884,1493337600000
tank_0590,0.0,1493337600000
tank_0592,5.0,1493337600000
tank_0593,0.0,1493337600000
tank_0595,0.0,1493337600000
tank_0600,14.12156862745098,1493337600000
tank_0604,5.094117647058823,1493337600000
tank_0606,6.0,1493337600000
tank_0607,7.090196078431372,1493337600000
tank_0608,0.0,1493337600000
tank_0610,0.0,1493337600000
tank_0611,7.701960784313726,1493337600000
tank_0612,1.9372549019607843,1493337600000
tank_0613,1.0,1493337600000
tank_0619,0.0,1493337600000
tank_0626,0.0,1493337600000
tank_0627,0.0,1493337600000
tank_0628,0.0,1493337600000
tank_0632,1.2470588235294118,1493337600000
tank_0633,0.0,1493337600000
tank_0639,0.0,1493337600000
tank_0640,0.0,1493337600000
tank_0641,0.19215686274509805,1493337600000
tank_0643,24.580392156862747,1493337600000
tank_0646,8.176470588235293,1493337600000
tank_0663,25.08235294117647,1493337600000
tank_0664,0.0,1493337600000
tank_0666,3.5294117647058822,1493337600000
tank_0667,12.090196078431374,1493337600000
tank_0670,0.0,1493337600000
tank_0675,1.5137254901960784,1493337600000
tank_0676,0.0,1493337600000
tank_0678,12.933333333333332,1493337600000
tank_0681,0.6,1493337600000
tank_0687,0.0,1493337600000
tank_0688,0.0,1493337600000
tank_0697,0.0,1493337600000
tank_0720,10.0,1493337600000
tank_0722,0.0,1493337600000
tank_0724,32.50196078431373,1493337600000
tank_0725,0.0,1493337600000
tank_0728,32.94117647058824,1493337600000
tank_0730,0.0,1493337600000
tank_0731,0.0,1493337600000
tank_0732,0.0,1493337600000
tank_0737,0.0,1493337600000
tank_0739,0.0,1493337600000
tank_0740,94.98823529411764,1493337600000
tank_0746,0.0,1493337600000
tank_0748,0.0,1493337600000
tank_0749,36.55294117647059,1493337600000
tank_0752,1.011764705882353,1493337600000
tank_0760,0.0,1493337600000
tank_0770,0.011764705882352941,1493337600000
tank_0772,0.0,1493337600000
tank_0788,0.0,1493337600000
tank_0789,8.250980392156862,1493337600000
tank_0792,175.64313725490192,1493337600000
tank_0797,0.0,1493337600000
tank_0800,41.5921568627451,1493337600000
tank_0802,4.568627450980392,1493337600000
tank_0803,0.2627450980392157,1493337600000
tank_0808,2.545098039215686,1493337600000
tank_0810,0.0,1493337600000
tank_0811,8.556862745098039,1493337600000
tank_0812,0.0,1493337600000
tank_0813,1.7843137254901962,1493337600000
tank_0816,0.0,1493337600000
tank_0819,0.0,1493337600000
tank_0823,0.0,1493337600000
tank_0824,0.0,1493337600000
tank_0825,1.9294117647058824,1493337600000
tank_0828,0.0,1493337600000
tank_0829,0.0,1493337600000
tank_0830,0.0,1493337600000
tank_0831,46.160784313725486,1493337600000
tank_0844,0.0,1493337600000
tank_0852,31.39607843137255,1493337600000
tank_0855,0.0,1493337600000
tank_0856,131.0,1493337600000
tank_0860,0.0,1493337600000
tank_0861,0.0,1493337600000
tank_0872,0.0,1493337600000
tank_0875,0.27058823529411763,1493337600000
tank_0879,0.0,1493337600000
tank_0885,6.698039215686275,1493337600000
tank_0891,0.0,1493337600000
tank_0894,215.0,1493337600000
tank_0898,94.0,1493337600000
tank_0900,21.51372549019608,1493337600000
tank_0901,0.0,1493337600000
tank_0902,12.0,1493337600000
tank_0914,0.0,1493337600000
tank_0917,46.0,1493337600000
tank_0919,0.0,1493337600000
tank_0920,24.75294117647059,1493337600000
tank_0922,3.0,1493337600000
tank_0923,31.733333333333334,1493337600000
tank_0924,8.117647058823529,1493337600000
tank_0926,37.764705882352935,1493337600000
tank_0927,26.980392156862745,1493337600000
tank_0928,0.0,1493337600000
tank_0930,0.0,1493337600000
tank_0931,0.0,1493337600000
tank_0933,11.086274509803921,1493337600000
tank_0934,0.0,1493337600000
tank_0937,3.0,1493337600000
tank_0938,0.0,1493337600000
tank_0939,0.0,1493337600000
tank_0944,0.0,1493337600000
tank_0946,5.0,1493337600000
tank_0952,4.372549019607844,1493337600000
tank_0958,0.0,1493337600000
tank_0962,53.0,1493337600000
tank_0967,2.1372549019607847,1493337600000
tank_0975,39.823529411764696,1493337600000
tank_0978,0.0,1493337600000
tank_0990,0.0,1493337600000
tank_0991,118.0,1493337600000
tank_0998,0.0,1493337600000
tank_0999,0.0,1493337600000
tank_1003,8.0,1493337600000
tank_1004,4.658823529411765,1493337600000
tank_1014,3.0,1493337600000
tank_1026,3.0,1493337600000
tank_1031,0.0,1493337600000
tank_1032,8.0,1493337600000
tank_1034,0.0,1493337600000
tank_1042,0.0,1493337600000
tank_1045,0.0,1493337600000
tank_1049,0.0,1493337600000
tank_1055,1.0,1493337600000
tank_1061,0.0,1493337600000
tank_1062,0.0,1493337600000
tank_1064,0.0,1493337600000
tank_1065,0.0,1493337600000
tank_1066,110.80000000000003,1493337600000
tank_1070,0.0,1493337600000
tank_1073,0.0,1493337600000
tank_1083,0.0,1493337600000
tank_1086,63.0,1493337600000
tank_1088,0.0,1493337600000
tank_1089,0.0,1493337600000
tank_1090,0.0,1493337600000
tank_1091,35.01960784313726,1493337600000
tank_1094,0.0,1493337600000
tank_1095,0.0,1493337600000
tank_1104,3.0,1493337600000
tank_1113,21.0,1493337600000
tank_1116,2.701960784313725,1493337600000
tank_1117,0.0,1493337600000
tank_1120,124.0,1493337600000
tank_1121,0.0,1493337600000
tank_1124,0.9411764705882353,1493337600000
tank_1128,0.0,1493337600000
tank_1134,0.0,1493337600000
tank_1135,0.0,1493337600000
tank_1146,0.5215686274509804,1493337600000
tank_1149,0.0,1493337600000
tank_1156,1.3607843137254902,1493337600000
tank_1157,11.870588235294118,1493337600000
tank_1159,0.0,1493337600000
tank_1160,0.0,1493337600000
tank_1166,2.0666666666666664,1493337600000
tank_1170,16.607843137254903,1493337600000
tank_1175,0.0,1493337600000
tank_1177,0.0,1493337600000
tank_1179,5.639215686274509,1493337600000
tank_1181,0.0,1493337600000
tank_1186,0.0,1493337600000
tank_1187,0.0,1493337600000
tank_1190,2.7490196078431373,1493337600000
tank_1192,0.0,1493337600000
tank_1196,0.0,1493337600000
tank_1197,731.0,1493337600000
tank_1201,0.0,1493337600000
tank_1203,9.290196078431373,1493337600000
tank_1205,4.0,1493337600000
tank_1209,247.0,1493337600000
tank_1217,15.16078431372549,1493337600000
tank_1223,3.9450980392156865,1493337600000
tank_1226,0.0,1493337600000
tank_1228,3.0,1493337600000
tank_1230,0.0,1493337600000
tank_1237,0.0,1493337600000
tank_1239,0.0,1493337600000
tank_1245,0.0,1493337600000
tank_1246,8.0,1493337600000
tank_1250,24.24313725490196,1493337600000
tank_1254,0.0,1493337600000
tank_1255,30.686274509803912,1493337600000
tank_1258,0.0,1493337600000
tank_1261,5.992156862745097,1493337600000
tank_1262,3.9529411764705884,1493337600000
tank_1263,3.6627450980392156,1493337600000
tank_1265,0.0,1493337600000
tank_1270,0.0,1493337600000
tank_1272,0.0,1493337600000
tank_1275,2.56078431372549,1493337600000
tank_1276,0.0,1493337600000
tank_1279,0.0,1493337600000
tank_1280,0.7921568627450981,1493337600000
tank_1284,4.623529411764705,1493337600000
tank_1285,0.0,1493337600000
tank_1286,1.0,1493337600000
tank_1290,0.0,1493337600000
tank_1291,0.0,1493337600000
tank_1293,0.0,1493337600000
tank_1295,16.129411764705882,1493337600000
tank_1297,6.792156862745098,1493337600000
tank_1301,0.0,1493337600000
tank_1302,0.0,1493337600000
tank_1304,23.458823529411763,1493337600000
tank_1305,0.0,1493337600000
tank_1313,0.0,1493337600000
tank_1322,0.0,1493337600000
tank_1325,0.0,1493337600000
tank_1326,0.0,1493337600000
tank_1344,3.0,1493337600000
tank_1346,5.623529411764705,1493337600000
tank_1349,0.09803921568627451,1493337600000
tank_1353,0.0,1493337600000
tank_1358,0.0,1493337600000
tank_1359,41.701960784313734,1493337600000
tank_1361,0.0,1493337600000
tank_1364,0.0,1493337600000
tank_1365,0.0,1493337600000
tank_1372,0.0,1493337600000
tank_1374,0.0,1493337600000
tank_1378,0.0,1493337600000
tank_1380,0.0,1493337600000
tank_1386,0.0,1493337600000
tank_1391,0.0,1493337600000
tank_1393,1.0,1493337600000
tank_1396,0.0,1493337600000
tank_1397,0.0,1493337600000
tank_1403,0.0,1493337600000
tank_1409,8.0,1493337600000
tank_1412,0.0,1493337600000
tank_1415,31.521568627450982,1493337600000
tank_1416,0.0,1493337600000
tank_1421,0.0,1493337600000
tank_1422,2.8627450980392157,1493337600000
tank_1425,0.0,1493337600000
tank_1426,0.0,1493337600000
tank_1430,0.0,1493337600000
tank_1433,0.0,1493337600000
tank_1438,0.0,1493337600000
tank_1439,0.0,1493337600000
tank_1441,1.0,1493337600000
tank_1443,17.317647058823532,1493337600000
tank_1445,0.0,1493337600000
tank_1446,0.0,1493337600000
tank_1450,13.07843137254902,1493337600000
tank_1452,0.0,1493337600000
tank_1456,0.0,1493337600000
tank_1466,0.0,1493337600000
tank_1471,0.0,1493337600000
tank_1475,0.0,1493337600000
tank_1486,0.0,1493337600000
tank_1488,0.0,1493337600000
tank_1491,0.0,1493337600000
tank_1500,0.0,1493337600000
tank_1505,0.0,1493337600000
tank_1513,0.0,1493337600000
tank_1531,0.0,1493337600000
tank_1536,0.0,1493337600000
tank_1539,0.0,1493337600000
tank_1541,8.0,1493337600000
tank_1542,3.3568627450980393,1493337600000
tank_1547,0.0,1493337600000
tank_1563,0.0,1493337600000
tank_1564,0.0,1493337600000
tank_1565,0.0,1493337600000
tank_1567,1.0,1493337600000
tank_1568,0.0,1493337600000
tank_1573,0.0,1493337600000
tank_1583,15.035294117647059,1493337600000
tank_1587,0.0,1493337600000
tank_1588,3.164705882352941,1493337600000
tank_1592,28.878431372549016,1493337600000
tank_1594,0.0,1493337600000
tank_1595,0.0,1493337600000
tank_1597,0.0,1493337600000
tank_1598,0.0,1493337600000
tank_1600,21.35294117647059,1493337600000
tank_1604,0.0,1493337600000
tank_0002,12.533333333333331,1494374400000
tank_0004,0.0,1494374400000
tank_0005,0.0,1494374400000
tank_0011,2.0627450980392155,1494374400000
tank_0014,0.0,1494374400000
tank_0019,22.886274509803922,1494374400000
tank_0024,96.43137254901961,1494374400000
tank_0025,3.619607843137255,1494374400000
tank_0026,32.47450980392157,1494374400000
tank_0027,6.764705882352941,1494374400000
tank_0030,5.752941176470588,1494374400000
tank_0031,5.694117647058823,1494374400000
tank_0036,0.0,1494374400000
tank_0037,1.0,1494374400000
tank_0038,38.031372549019615,1494374400000
tank_0050,84.83921568627454,1494374400000
tank_0051,16.847058823529412,1494374400000
tank_0052,17.49411764705882,1494374400000
tank_0053,148.47058823529412,1494374400000
tank_0055,5.317647058823528,1494374400000
tank_0057,111.51372549019608,1494374400000
tank_0058,0.0,1494374400000
tank_0064,166.3843137254902,1494374400000
tank_0069,19.741176470588233,1494374400000
tank_0072,0.0,1494374400000
tank_0073,0.30980392156862746,1494374400000
tank_0080,10.0,1494374400000
tank_0094,0.0,1494374400000
tank_0107,11.44705882352941,1494374400000
tank_0110,37.0,1494374400000
tank_0113,52.37254901960784,1494374400000
tank_0115,0.0,1494374400000
tank_0116,2.631372549019608,1494374400000
tank_0117,259.6745098039216,1494374400000
tank_0118,0.0,1494374400000
tank_0122,0.0,1494374400000
tank_0125,97.72549019607843,1494374400000
tank_0130,24.462745098039218,1494374400000
tank_0131,8.188235294117646,1494374400000
tank_0132,0.0,1494374400000
tank_0134,21.909803921568628,1494374400000
tank_0135,24.1921568627451,1494374400000
tank_0142,4.517647058823529,1494374400000
tank_0143,0.0,1494374400000
tank_0144,0.42745098039215684,1494374400000
tank_0148,6.0,1494374400000
tank_0153,33.0,1494374400000
tank_0156,110.04313725490196,1494374400000
tank_0159,0.0,1494374400000
tank_0165,3.227450980392157,1494374400000
tank_0171,0.0,1494374400000
tank_0172,0.2627450980392157,1494374400000
tank_0174,17.36078431372549,1494374400000
tank_0176,25.541176470588237,1494374400000
tank_0184,7.007843137254902,1494374400000
tank_0187,0.0,1494374400000
tank_0190,9.611764705882354,1494374400000
tank_0192,17.91372549019608,1494374400000
tank_0193,0.0,1494374400000
tank_0195,14.376470588235295,1494374400000
tank_0199,3.980392156862745,1494374400000
tank_0204,0.0,1494374400000
tank_0205,4.250980392156863,1494374400000
tank_0207,0.0,1494374400000
tank_0209,5.0,1494374400000
tank_0213,0.0,1494374400000
tank_0217,0.0,1494374400000
tank_0220,0.0,1494374400000
tank_0221,33.23529411764707,1494374400000
tank_0225,0.0,1494374400000
tank_0226,27.960784313725494,1494374400000
tank_0228,11.980392156862747,1494374400000
tank_0229,13.482352941176469,1494374400000
tank_0231,0.25882352941176473,1494374400000
tank_0233,4.125490196078431,1494374400000
tank_0236,14.0,1494374400000
tank_0237,122.7372549019608,1494374400000
tank_0240,10.937254901960783,1494374400000
tank_0242,15.0,1494374400000
tank_0245,0.0,1494374400000
tank_0247,22.43921568627451,1494374400000
tank_0256,17.552941176470583,1494374400000
tank_0257,0.0,1494374400000
tank_0260,0.996078431372549,1494374400000
tank_0261,2.462745098039216,1494374400000
tank_0264,0.0,1494374400000
tank_0273,25.588235294117645,1494374400000
tank_0276,0.0,1494374400000
tank_0278,21.725490196078432,1494374400000
tank_0280,4.349019607843137,1494374400000
tank_0291,0.0,1494374400000
tank_0292,55.866666666666674,1494374400000
tank_0296,0.0,1494374400000
tank_0297,10.215686274509805,1494374400000
tank_0299,34.82745098039216,1494374400000
tank_0300,14.650980392156862,1494374400000
tank_0301,3.1176470588235294,1494374400000
tank_0307,6.0,1494374400000
tank_0309,5.0,1494374400000
tank_0313,0.0,1494374400000
tank_0314,1.811764705882353,1494374400000
tank_0319,37.07058823529412,1494374400000
tank_0321,11.054901960784315,1494374400000
tank_0327,0.08627450980392157,1494374400000
tank_0337,18.345098039215685,1494374400000
tank_0338,2.0,1494374400000
tank_0339,38.192156862745094,1494374400000
tank_0342,15.313725490196077,1494374400000
tank_0345,21.945098039215686,1494374400000
tank_0346,4.407843137254901,1494374400000
tank_0349,5.0,1494374400000
tank_0350,0.0,1494374400000
tank_0353,335.3019607843137,1494374400000
tank_0356,1.6588235294117646,1494374400000
tank_0360,8.96862745098039,1494374400000
tank_0361,63.33725490196079,1494374400000
tank_0362,1.0,1494374400000
tank_0364,0.6235294117647059,1494374400000
tank_0366,37.37647058823529,1494374400000
tank_0369,0.0,1494374400000
tank_0375,2.9215686274509807,1494374400000
tank_0379,42.411764705882355,1494374400000
tank_0381,12.937254901960785,1494374400000
tank_0386,8.47843137254902,1494374400000
tank_0390,43.95686274509804,1494374400000
tank_0397,0.13725490196078433,1494374400000
tank_0399,0.0,1494374400000
tank_0404,6.03921568627451,1494374400000
tank_0409,0.0,1494374400000
tank_0420,0.0,1494374400000
tank_0425,0.0,1494374400000
tank_0431,0.6235294117647059,1494374400000
tank_0432,2.0,1494374400000
tank_0435,0.0,1494374400000
tank_0436,0.0,1494374400000
tank_0438,0.5764705882352941,1494374400000
tank_0443,2.7490196078431373,1494374400000
tank_0444,19.0,1494374400000
tank_0447,11.341176470588236,1494374400000
tank_0448,2.4901960784313726,1494374400000
tank_0449,1.0,1494374400000
tank_0455,6.313725490196078,1494374400000
tank_0460,1.0,1494374400000
tank_0462,0.0,1494374400000
tank_0466,0.0,1494374400000
tank_0471,0.0,1494374400000
tank_0473,3.0,1494374400000
tank_0474,0.39215686274509803,1494374400000
tank_0481,48.90588235294117,1494374400000
tank_0485,0.0,1494374400000
tank_0489,1.0,1494374400000
tank_0491,0.0,1494374400000
tank_0494,8.996078431372549,1494374400000
tank_0497,0.0,1494374400000
tank_0498,0.9686274509803922,1494374400000
tank_0502,1.0,1494374400000
tank_0505,17.141176470588235,1494374400000
tank_0509,3.376470588235294,1494374400000
tank_0512,0.0,1494374400000
tank_0514,0.0,1494374400000
tank_0515,2.592156862745098,1494374400000
tank_0521,0.0,1494374400000
tank_0524,11.384313725490196,1494374400000
tank_0526,0.0,1494374400000
tank_0533,0.0,1494374400000
tank_0534,2.0,1494374400000
tank_0536,0.0,1494374400000
tank_0537,0.0,1494374400000
tank_0541,4.0,1494374400000
tank_0547,1.0,1494374400000
tank_0552,3.2470588235294118,1494374400000
tank_0555,0.0,1494374400000
tank_0556,0.5372549019607843,1494374400000
tank_0557,3.2509803921568627,1494374400000
tank_0560,37.81568627450981,1494374400000
tank_0561,0.21568627450980393,1494374400000
tank_0566,0.0,1494374400000
tank_0567,0.0,1494374400000
tank_0568,44.30980392156863,1494374400000
tank_0574,0.0,1494374400000
tank_0579,0.0,1494374400000
tank_0583,1.4784313725490197,1494374400000
tank_0587,0.0,1494374400000
tank_0589,1.780392156862745,1494374400000
tank_0590,1.0,1494374400000
tank_0592,3.1411764705882352,1494374400000
tank_0593,0.0,1494374400000
tank_0595,0.0,1494374400000
tank_0600,23.023529411764706,1494374400000
tank_0604,8.572549019607843,1494374400000
tank_0606,18.0,1494374400000
tank_0607,13.176470588235293,1494374400000
tank_0608,0.0,1494374400000
tank_0610,0.0,1494374400000
tank_0611,0.0,1494374400000
tank_0612,6.286274509803921,1494374400000
tank_0613,1.0,1494374400000
tank_0619,0.0,1494374400000
tank_0626,0.0,1494374400000
tank_0627,0.611764705882353,1494374400000
tank_0628,3.9686274509803923,1494374400000
tank_0632,5.772549019607843,1494374400000
tank_0633,0.0,1494374400000
tank_0639,0.0,1494374400000
tank_0640,0.0,1494374400000
tank_0641,6.4,1494374400000
tank_0643,27.95294117647059,1494374400000
tank_0646,4.996078431372549,1494374400000
tank_0663,31.019607843137255,1494374400000
tank_0664,0.0,1494374400000
tank_0666,47.48627450980392,1494374400000
tank_0667,19.26274509803922,1494374400000
tank_0670,0.0,1494374400000
tank_0675,5.5019607843137255,1494374400000
tank_0676,0.0,1494374400000
tank_0678,14.647058823529411,1494374400000
tank_0681,20.29803921568628,1494374400000
tank_0687,0.0,1494374400000
tank_0688,0.0,1494374400000
tank_0697,2.203921568627451,1494374400000
tank_0720,5.231372549019608,1494374400000
tank_0722,5.0,1494374400000
tank_0724,22.24313725490196,1494374400000
tank_0725,1.0,1494374400000
tank_0728,22.752941176470586,1494374400000
tank_0730,3.0,1494374400000
tank_0731,0.0,1494374400000
tank_0732,0.0,1494374400000
tank_0737,0.0,1494374400000
tank_0739,1.5529411764705883,1494374400000
tank_0740,134.85882352941178,1494374400000
tank_0746,0.0,1494374400000
tank_0748,18.231372549019607,1494374400000
tank_0749,19.42745098039216,1494374400000
tank_0752,5.709803921568627,1494374400000
tank_0760,0.0,1494374400000
tank_0770,5.803921568627451,1494374400000
tank_0772,6.0,1494374400000
tank_0788,0.0,1494374400000
tank_0789,7.407843137254902,1494374400000
tank_0792,177.9647058823529,1494374400000
tank_0797,0.0,1494374400000
tank_0800,24.866666666666667,1494374400000
tank_0802,3.1333333333333333,1494374400000
tank_0803,2.76078431372549,1494374400000
tank_0808,11.0,1494374400000
tank_0810,0.0,1494374400000
tank_0811,14.780392156862744,1494374400000
tank_0812,0.0,1494374400000
tank_0813,0.5647058823529412,1494374400000
tank_0816,1.0,1494374400000
tank_0819,0.0,1494374400000
tank_0823,0.0,1494374400000
tank_0824,0.0,1494374400000
tank_0825,0.0,1494374400000
tank_0828,0.0,1494374400000
tank_0829,0.0,1494374400000
tank_0830,0.0,1494374400000
tank_0831,24.63921568627451,1494374400000
tank_0844,0.0,1494374400000
tank_0852,21.423529411764704,1494374400000
tank_0855,0.0,1494374400000
tank_0856,81.0,1494374400000
tank_0860,0.0,1494374400000
tank_0861,0.0,1494374400000
tank_0872,0.0,1494374400000
tank_0875,5.0,1494374400000
tank_0879,0.0,1494374400000
tank_0885,0.0,1494374400000
tank_0891,0.0,1494374400000
tank_0894,97.0,1494374400000
tank_0898,101.0,1494374400000
tank_0900,0.0,1494374400000
tank_0901,0.0,1494374400000
tank_0902,0.0,1494374400000
tank_0914,0.0,1494374400000
tank_0917,49.0,1494374400000
tank_0919,0.0,1494374400000
tank_0920,18.96470588235294,1494374400000
tank_0922,0.0,1494374400000
tank_0923,0.0,1494374400000
tank_0924,6.333333333333334,1494374400000
tank_0926,28.407843137254904,1494374400000
tank_0927,0.0,1494374400000
tank_0928,0.0,1494374400000
tank_0930,0.0,1494374400000
tank_0931,0.0,1494374400000
tank_0933,0.0,1494374400000
tank_0934,1.0,1494374400000
tank_0937,1.2470588235294118,1494374400000
tank_0938,0.0,1494374400000
tank_0939,0.0,1494374400000
tank_0944,0.0,1494374400000
tank_0946,3.1058823529411765,1494374400000
tank_0952,1.9137254901960783,1494374400000
tank_0958,2.0,1494374400000
tank_0962,11.0,1494374400000
tank_0967,3.7333333333333334,1494374400000
tank_0975,56.36470588235295,1494374400000
tank_0978,19.11764705882353,1494374400000
tank_0990,0.0,1494374400000
tank_0991,44.0,1494374400000
tank_0998,0.0,1494374400000
tank_0999,7.317647058823529,1494374400000
tank_1003,8.0,1494374400000
tank_1004,13.227450980392158,1494374400000
tank_1014,0.0,1494374400000
tank_1026,0.0,1494374400000
tank_1031,0.0,1494374400000
tank_1032,3.011764705882353,1494374400000
tank_1034,0.0,1494374400000
tank_1042,0.0,1494374400000
tank_1045,0.0,1494374400000
tank_1049,0.0,1494374400000
tank_1055,1.7372549019607844,1494374400000
tank_1061,0.0,1494374400000
tank_1062,0.0,1494374400000
tank_1064,0.0,1494374400000
tank_1065,0.0,1494374400000
tank_1066,105.45882352941179,1494374400000
tank_1070,0.0,1494374400000
tank_1073,0.0,1494374400000
tank_1083,0.0,1494374400000
tank_1086,61.0,1494374400000
tank_1088,5.9450980392156865,1494374400000
tank_1089,0.0,1494374400000
tank_1090,0.0,1494374400000
tank_1091,38.07450980392157,1494374400000
tank_1094,0.0,1494374400000
tank_1095,0.0,1494374400000
tank_1104,0.0,1494374400000
tank_1113,6.0,1494374400000
tank_1116,7.0549019607843135,1494374400000
tank_1117,0.0,1494374400000
tank_1120,108.0,1494374400000
tank_1121,1.0,1494374400000
tank_1124,1.0,1494374400000
tank_1128,0.0,1494374400000
tank_1134,0.0,1494374400000
tank_1135,0.0,1494374400000
tank_1146,0.0,1494374400000
tank_1149,13.627450980392156,1494374400000
tank_1156,0.0,1494374400000
tank_1157,14.980392156862747,1494374400000
tank_1159,0.0,1494374400000
tank_1160,0.0,1494374400000
tank_1166,1.7294117647058822,1494374400000
tank_1170,26.49019607843137,1494374400000
tank_1175,0.0,1494374400000
tank_1177,0.0,1494374400000
tank_1179,0.0,1494374400000
tank_1181,0.0,1494374400000
tank_1186,0.0,1494374400000
tank_1187,0.0,1494374400000
tank_1190,12.28627450980392,1494374400000
tank_1192,14.749019607843136,1494374400000
tank_1196,0.2901960784313725,1494374400000
tank_1197,658.0,1494374400000
tank_1201,0.0,1494374400000
tank_1203,17.176470588235293,1494374400000
tank_1205,0.0,1494374400000
tank_1209,364.0,1494374400000
tank_1217,3.486274509803921,1494374400000
tank_1223,0.2,1494374400000
tank_1226,0.0,1494374400000
tank_1228,0.0,1494374400000
tank_1230,1.8274509803921568,1494374400000
tank_1237,0.0,1494374400000
tank_1239,0.0,1494374400000
tank_1245,0.0,1494374400000
tank_1246,0.0,1494374400000
tank_1250,0.0,1494374400000
tank_1254,0.0,1494374400000
tank_1255,8.0,1494374400000
tank_1258,0.0,1494374400000
tank_1261,3.368627450980392,1494374400000
tank_1262,17.109803921568627,1494374400000
tank_1263,0.0,1494374400000
tank_1265,0.0,1494374400000
tank_1270,0.0,1494374400000
tank_1272,2.0,1494374400000
tank_1275,5.650980392156862,1494374400000
tank_1276,0.0,1494374400000
tank_1279,0.0,1494374400000
tank_1280,0.0,1494374400000
tank_1284,0.8745098039215686,1494374400000
tank_1285,4.0,1494374400000
tank_1286,0.0,1494374400000
tank_1290,0.0,1494374400000
tank_1291,0.0,1494374400000
tank_1293,0.0,1494374400000
tank_1295,3.8274509803921566,1494374400000
tank_1297,0.0,1494374400000
tank_1301,0.0,1494374400000
tank_1302,0.0,1494374400000
tank_1304,1.8705882352941177,1494374400000
tank_1305,0.0,1494374400000
tank_1313,0.0,1494374400000
tank_1322,0.0,1494374400000
tank_1325,0.0,1494374400000
tank_1326,0.0,1494374400000
tank_1344,0.0,1494374400000
tank_1346,0.0,1494374400000
tank_1349,0.09803921568627451,1494374400000
tank_1353,4.866666666666666,1494374400000
tank_1358,0.0,1494374400000
tank_1359,20.596078431372543,1494374400000
tank_1361,0.0,1494374400000
tank_1364,0.0,1494374400000
tank_1365,0.0,1494374400000
tank_1372,0.0,1494374400000
tank_1374,0.0,1494374400000
tank_1378,0.0,1494374400000
tank_1380,0.0,1494374400000
tank_1386,0.0,1494374400000
tank_1391,0.0,1494374400000
tank_1393,0.0,1494374400000
tank_1396,0.0,1494374400000
tank_1397,0.0,1494374400000
tank_1403,0.0,1494374400000
tank_1409,0.0,1494374400000
tank_1412,0.0,1494374400000
tank_1415,27.035294117647062,1494374400000
tank_1416,0.0,1494374400000
tank_1421,0.0,1494374400000
tank_1422,12.721568627450981,1494374400000
tank_1425,0.0,1494374400000
tank_1426,0.0,1494374400000
tank_1430,0.0,1494374400000
tank_1433,5.0,1494374400000
tank_1438,0.0,1494374400000
tank_1439,0.0,1494374400000
tank_1441,5.0,1494374400000
tank_1443,51.9921568627451,1494374400000
tank_1445,12.619607843137256,1494374400000
tank_1446,0.0,1494374400000
tank_1450,0.0,1494374400000
tank_1452,10.07843137254902,1494374400000
tank_1456,0.0,1494374400000
tank_1466,1.7490196078431373,1494374400000
tank_1471,0.0,1494374400000
tank_1475,0.0,1494374400000
tank_1486,0.0,1494374400000
tank_1488,5.0,1494374400000
tank_1491,0.0,1494374400000
tank_1500,0.0,1494374400000
tank_1505,0.0,1494374400000
tank_1513,0.0,1494374400000
tank_1531,2.0,1494374400000
tank_1536,0.0,1494374400000
tank_1539,0.0,1494374400000
tank_1541,11.0,1494374400000
tank_1542,0.0,1494374400000
tank_1547,0.0,1494374400000
tank_1563,0.0,1494374400000
tank_1564,4.290196078431373,1494374400000
tank_1565,0.0,1494374400000
tank_1567,4.0,1494374400000
tank_1568,0.0,1494374400000
tank_1573,3.0,1494374400000
tank_1583,0.25098039215686274,1494374400000
tank_1587,8.0,1494374400000
tank_1588,0.0,1494374400000
tank_1592,14.0,1494374400000
tank_1594,0.0,1494374400000
tank_1595,0.0,1494374400000
tank_1597,0.0,1494374400000
tank_1598,0.0,1494374400000
tank_1600,7.2784313725490195,1494374400000
tank_1604,2.0392156862745097,1494374400000
tank_0002,0.0,1495411200000
tank_0004,0.0,1495411200000
tank_0005,0.0,1495411200000
tank_0011,3.1254901960784314,1495411200000
tank_0014,0.0,1495411200000
tank_0019,37.1529411764706,1495411200000
tank_0024,78.078431372549,1495411200000
tank_0025,0.0,1495411200000
tank_0026,62.478431372549025,1495411200000
tank_0027,0.0,1495411200000
tank_0030,21.121568627450984,1495411200000
tank_0031,8.274509803921568,1495411200000
tank_0036,0.0,1495411200000
tank_0037,0.0,1495411200000
tank_0038,36.5686274509804,1495411200000
tank_0050,122.36470588235295,1495411200000
tank_0051,23.333333333333332,1495411200000
tank_0052,20.133333333333333,1495411200000
tank_0053,141.74901960784317,1495411200000
tank_0055,0.6235294117647059,1495411200000
tank_0057,96.08627450980393,1495411200000
tank_0058,0.0,1495411200000
tank_0064,169.26274509803926,1495411200000
tank_0069,35.62352941176471,1495411200000
tank_0072,0.0,1495411200000
tank_0073,4.552941176470588,1495411200000
tank_0080,7.0,1495411200000
tank_0094,0.0,1495411200000
tank_0107,11.211764705882352,1495411200000
tank_0110,37.96470588235294,1495411200000
tank_0113,49.34117647058823,1495411200000
tank_0115,0.43529411764705883,1495411200000
tank_0116,12.129411764705882,1495411200000
tank_0117,273.7607843137255,1495411200000
tank_0118,0.0,1495411200000
tank_0122,4.5019607843137255,1495411200000
tank_0125,113.18039215686274,1495411200000
tank_0130,8.219607843137254,1495411200000
tank_0131,5.552941176470588,1495411200000
tank_0132,0.0,1495411200000
tank_0134,2.0,1495411200000
tank_0135,17.94901960784314,1495411200000
tank_0142,12.96078431372549,1495411200000
tank_0143,0.0,1495411200000
tank_0144,1.8705882352941177,1495411200000
tank_0148,35.98039215686274,1495411200000
tank_0153,32.976470588235294,1495411200000
tank_0156,103.26666666666668,1495411200000
tank_0159,8.580392156862745,1495411200000
tank_0165,3.0,1495411200000
tank_0171,0.0,1495411200000
tank_0172,1.5607843137254902,1495411200000
tank_0174,17.0078431372549,1495411200000
tank_0176,20.6,1495411200000
tank_0184,0.0,1495411200000
tank_0187,0.0,1495411200000
tank_0190,10.003921568627451,1495411200000
tank_0192,8.537254901960784,1495411200000
tank_0193,6.0,1495411200000
tank_0195,25.54901960784313,1495411200000
tank_0199,2.7450980392156863,1495411200000
tank_0204,0.0,1495411200000
tank_0205,10.501960784313725,1495411200000
tank_0207,2.211764705882353,1495411200000
tank_0209,4.0,1495411200000
tank_0213,1.4588235294117649,1495411200000
tank_0217,1.0,1495411200000
tank_0220,0.0,1495411200000
tank_0221,33.50980392156863,1495411200000
tank_0225,0.0,1495411200000
tank_0226,18.031372549019608,1495411200000
tank_0228,4.88235294117647,1495411200000
tank_0229,1.3764705882352941,1495411200000
tank_0231,0.25882352941176473,1495411200000
tank_0233,5.125490196078431,1495411200000
tank_0236,14.0,1495411200000
tank_0237,189.36862745098043,1495411200000
tank_0240,17.341176470588234,1495411200000
tank_0242,8.0,1495411200000
tank_0245,11.015686274509804,1495411200000
tank_0247,28.0,1495411200000
tank_0256,22.48627450980392,1495411200000
tank_0257,0.996078431372549,1495411200000
tank_0260,4.96078431372549,1495411200000
tank_0261,16.63529411764706,1495411200000
tank_0264,0.0,1495411200000
tank_0273,27.0,1495411200000
tank_0276,2.376470588235294,1495411200000
tank_0278,27.521568627450982,1495411200000
tank_0280,0.0,1495411200000
tank_0291,0.0,1495411200000
tank_0292,45.95294117647059,1495411200000
tank_0296,0.0,1495411200000
tank_0297,5.88235294117647,1495411200000
tank_0299,45.23529411764706,1495411200000
tank_0300,9.301960784313726,1495411200000
tank_0301,8.094117647058823,1495411200000
tank_0307,3.0,1495411200000
tank_0309,9.0,1495411200000
tank_0313,0.0,1495411200000
tank_0314,4.007843137254902,1495411200000
tank_0319,29.333333333333336,1495411200000
tank_0321,11.415686274509804,1495411200000
tank_0327,0.0,1495411200000
tank_0337,30.00392156862745,1495411200000
tank_0338,0.0,1495411200000
tank_0339,61.50588235294117,1495411200000
tank_0342,34.57647058823531,1495411200000
tank_0345,11.572549019607843,1495411200000
tank_0346,2.0,1495411200000
tank_0349,13.749019607843138,1495411200000
tank_0350,1.7137254901960786,1495411200000
tank_0353,389.98431372549015,1495411200000
tank_0356,0.0,1495411200000
tank_0360,11.239215686274513,1495411200000
tank_0361,55.07058823529412,1495411200000
tank_0362,6.1607843137254905,1495411200000
tank_0364,15.509803921568626,1495411200000
tank_0366,37.64705882352941,1495411200000
tank_0369,0.0,1495411200000
tank_0375,0.0,1495411200000
tank_0379,45.60392156862745,1495411200000
tank_0381,11.345098039215687,1495411200000
tank_0386,26.305882352941175,1495411200000
tank_0390,58.89411764705883,1495411200000
tank_0397,0.06666666666666667,1495411200000
tank_0399,0.0,1495411200000
tank_0404,10.050980392156864,1495411200000
tank_0409,0.0,1495411200000
tank_0420,0.0,1495411200000
tank_0425,1.7490196078431373,1495411200000
tank_0431,0.0,1495411200000
tank_0432,4.203921568627451,1495411200000
tank_0435,0.00392156862745098,1495411200000
tank_0436,0.0,1495411200000
tank_0438,0.0,1495411200000
tank_0443,0.0,1495411200000
tank_0444,46.0,1495411200000
tank_0447,23.815686274509805,1495411200000
tank_0448,2.0,1495411200000
tank_0449,0.21176470588235294,1495411200000
tank_0455,8.372549019607844,1495411200000
tank_0460,0.0,1495411200000
tank_0462,0.0,1495411200000
tank_0466,1.0666666666666667,1495411200000
tank_0471,0.0,1495411200000
tank_0473,2.392156862745098,1495411200000
tank_0474,1.0156862745098039,1495411200000
tank_0481,55.866666666666674,1495411200000
tank_0485,0.0,1495411200000
tank_0489,0.0,1495411200000
tank_0491,0.0,1495411200000
tank_0494,4.556862745098039,1495411200000
tank_0497,0.0,1495411200000
tank_0498,1.0,1495411200000
tank_0502,0.0,1495411200000
tank_0505,13.858823529411763,1495411200000
tank_0509,0.3411764705882353,1495411200000
tank_0512,6.772549019607844,1495411200000
tank_0514,0.0,1495411200000
tank_0515,4.0,1495411200000
tank_0521,0.0,1495411200000
tank_0524,9.662745098039215,1495411200000
tank_0526,0.0,1495411200000
tank_0533,3.0,1495411200000
tank_0534,9.666666666666666,1495411200000
tank_0536,0.0,1495411200000
tank_0537,0.0,1495411200000
tank_0541,12.498039215686276,1495411200000
tank_0547,0.0,1495411200000
tank_0552,7.760784313725489,1495411200000
tank_0555,0.0,1495411200000
tank_0556,1.2235294117647058,1495411200000
tank_0557,4.396078431372548,1495411200000
tank_0560,27.482352941176472,1495411200000
tank_0561,5.047058823529412,1495411200000
tank_0566,0.0,1495411200000
tank_0567,2.0,1495411200000
tank_0568,32.25098039215686,1495411200000
tank_0574,0.0,1495411200000
tank_0579,0.0,1495411200000
tank_0583,0.0,1495411200000
tank_0587,0.0,1495411200000
tank_0589,0.0,1495411200000
tank_0590,4.0,1495411200000
tank_0592,7.517647058823529,1495411200000
tank_0593,0.0,1495411200000
tank_0595,6.623529411764705,1495411200000
tank_0600,17.309803921568626,1495411200000
tank_0604,11.75294117647059,1495411200000
tank_0606,4.0,1495411200000
tank_0607,16.95294117647059,1495411200000
tank_0608,0.0,1495411200000
tank_0610,0.0,1495411200000
tank_0611,0.0,1495411200000
tank_0612,12.223529411764705,1495411200000
tank_0613,3.243137254901961,1495411200000
tank_0619,6.764705882352942,1495411200000
tank_0626,11.0,1495411200000
tank_0627,0.0,1495411200000
tank_0628,1.9960784313725493,1495411200000
tank_0632,2.5058823529411764,1495411200000
tank_0633,0.0,1495411200000
tank_0639,2.0,1495411200000
tank_0640,0.11764705882352941,1495411200000
tank_0641,6.4,1495411200000
tank_0643,35.96078431372549,1495411200000
tank_0646,5.752941176470588,1495411200000
tank_0663,7.603921568627452,1495411200000
tank_0664,0.0,1495411200000
tank_0666,40.69411764705883,1495411200000
tank_0667,30.79607843137255,1495411200000
tank_0670,0.0,1495411200000
tank_0675,16.52549019607843,1495411200000
tank_0676,0.0,1495411200000
tank_0678,3.674509803921569,1495411200000
tank_0681,26.67450980392157,1495411200000
tank_0687,0.0,1495411200000
tank_0688,1.6941176470588235,1495411200000
tank_0697,8.2,1495411200000
tank_0720,13.619607843137256,1495411200000
tank_0722,0.7921568627450981,1495411200000
tank_0724,29.839215686274507,1495411200000
tank_0725,3.0,1495411200000
tank_0728,17.905882352941177,1495411200000
tank_0730,0.0,1495411200000
tank_0731,0.0,1495411200000
tank_0732,0.0,1495411200000
tank_0737,0.0,1495411200000
tank_0739,0.0,1495411200000
tank_0740,120.87058823529412,1495411200000
tank_0746,0.0,1495411200000
tank_0748,15.670588235294117,1495411200000
tank_0749,41.65882352941176,1495411200000
tank_0752,4.929411764705883,1495411200000
tank_0760,0.0,1495411200000
tank_0770,4.192156862745097,1495411200000
tank_0772,3.623529411764706,1495411200000
tank_0788,0.0,1495411200000
tank_0789,13.529411764705879,1495411200000
tank_0792,156.2117647058823,1495411200000
tank_0797,0.0,1495411200000
tank_0800,28.55294117647059,1495411200000
tank_0802,1.0,1495411200000
tank_0803,3.8705882352941177,1495411200000
tank_0808,16.79607843137255,1495411200000
tank_0810,0.0,1495411200000
tank_0811,17.36078431372549,1495411200000
tank_0812,0.0,1495411200000
tank_0813,0.26666666666666666,1495411200000
tank_0816,7.984313725490196,1495411200000
tank_0819,9.0,1495411200000
tank_0823,0.0,1495411200000
tank_0824,0.0,1495411200000
tank_0825,2.0,1495411200000
tank_0828,0.0,1495411200000
tank_0829,0.0,1495411200000
tank_0830,0.0,1495411200000
tank_0831,35.39607843137255,1495411200000
tank_0844,1.196078431372549,1495411200000
tank_0852,48.490196078431374,1495411200000
tank_0855,0.0,1495411200000
tank_0856,0.0,1495411200000
tank_0860,3.0,1495411200000
tank_0861,0.0,1495411200000
tank_0872,0.0,1495411200000
tank_0875,5.0,1495411200000
tank_0879,0.0,1495411200000
tank_0885,0.0,1495411200000
tank_0891,0.0,1495411200000
tank_0894,37.0,1495411200000
tank_0898,6.0,1495411200000
tank_0900,20.062745098039212,1495411200000
tank_0901,4.0,1495411200000
tank_0902,0.0,1495411200000
tank_0914,0.0,1495411200000
tank_0917,4.0,1495411200000
tank_0919,6.0,1495411200000
tank_0920,26.0,1495411200000
tank_0922,0.0,1495411200000
tank_0923,38.57254901960784,1495411200000
tank_0924,2.5686274509803924,1495411200000
tank_0926,6.2745098039215685,1495411200000
tank_0927,30.737254901960785,1495411200000
tank_0928,6.0,1495411200000
tank_0930,0.0,1495411200000
tank_0931,0.0,1495411200000
tank_0933,0.0,1495411200000
tank_0934,27.776470588235295,1495411200000
tank_0937,0.0,1495411200000
tank_0938,0.0,1495411200000
tank_0939,0.0,1495411200000
tank_0944,0.0,1495411200000
tank_0946,6.0,1495411200000
tank_0952,6.866666666666665,1495411200000
tank_0958,2.0,1495411200000
tank_0962,11.0,1495411200000
tank_0967,3.7333333333333334,1495411200000
tank_0975,82.31764705882354,1495411200000
tank_0978,60.58039215686274,1495411200000
tank_0990,0.0,1495411200000
tank_0991,50.0,1495411200000
tank_0998,2.1999999999999997,1495411200000
tank_0999,7.094117647058824,1495411200000
tank_1003,24.0,1495411200000
tank_1004,17.215686274509807,1495411200000
tank_1014,0.0,1495411200000
tank_1026,0.0,1495411200000
tank_1031,0.0,1495411200000
tank_1032,6.537254901960784,1495411200000
tank_1034,2.0,1495411200000
tank_1042,0.0,1495411200000
tank_1045,0.0,1495411200000
tank_1049,0.0,1495411200000
tank_1055,5.384313725490195,1495411200000
tank_1061,0.0,1495411200000
tank_1062,6.450980392156862,1495411200000
tank_1064,0.0,1495411200000
tank_1065,0.0,1495411200000
tank_1066,136.9921568627451,1495411200000
tank_1070,7.0,1495411200000
tank_1073,0.0,1495411200000
tank_1083,0.0,1495411200000
tank_1086,69.0,1495411200000
tank_1088,5.9450980392156865,1495411200000
tank_1089,0.0,1495411200000
tank_1090,0.0,1495411200000
tank_1091,38.050980392156866,1495411200000
tank_1094,1.0,1495411200000
tank_1095,0.0,1495411200000
tank_1104,2.6705882352941175,1495411200000
tank_1113,2.0,1495411200000
tank_1116,7.0549019607843135,1495411200000
tank_1117,0.0,1495411200000
tank_1120,24.0,1495411200000
tank_1121,0.0,1495411200000
tank_1124,4.780392156862746,1495411200000
tank_1128,0.0,1495411200000
tank_1134,2.2509803921568627,1495411200000
tank_1135,0.0,1495411200000
tank_1146,0.0,1495411200000
tank_1149,34.721568627450985,1495411200000
tank_1156,0.5215686274509804,1495411200000
tank_1157,14.9921568627451,1495411200000
tank_1159,0.0,1495411200000
tank_1160,0.0,1495411200000
tank_1166,0.0,1495411200000
tank_1170,18.12549019607843,1495411200000
tank_1175,0.0,1495411200000
tank_1177,2.8196078431372547,1495411200000
tank_1179,2.3490196078431373,1495411200000
tank_1181,0.0,1495411200000
tank_1186,0.0,1495411200000
tank_1187,28.56078431372549,1495411200000
tank_1190,1.1764705882352942,1495411200000
tank_1192,17.980392156862745,1495411200000
tank_1196,4.231372549019608,1495411200000
tank_1197,424.0,1495411200000
tank_1201,0.0,1495411200000
tank_1203,25.376470588235293,1495411200000
tank_1205,4.0,1495411200000
tank_1209,39.0,1495411200000
tank_1217,12.847058823529412,1495411200000
tank_1223,7.23921568627451,1495411200000
tank_1226,7.145098039215687,1495411200000
tank_1228,0.0,1495411200000
tank_1230,1.5647058823529412,1495411200000
tank_1237,0.0,1495411200000
tank_1239,0.0,1495411200000
tank_1245,0.0,1495411200000
tank_1246,19.572549019607845,1495411200000
tank_1250,40.32156862745098,1495411200000
tank_1254,11.0,1495411200000
tank_1255,36.58823529411764,1495411200000
tank_1258,0.14509803921568626,1495411200000
tank_1261,5.458823529411764,1495411200000
tank_1262,17.011764705882353,1495411200000
tank_1263,0.0,1495411200000
tank_1265,0.0,1495411200000
tank_1270,0.0,1495411200000
tank_1272,0.0,1495411200000
tank_1275,0.0,1495411200000
tank_1276,0.0,1495411200000
tank_1279,0.0,1495411200000
tank_1280,7.768627450980392,1495411200000
tank_1284,1.0,1495411200000
tank_1285,7.098039215686275,1495411200000
tank_1286,0.0,1495411200000
tank_1290,0.0,1495411200000
tank_1291,0.0,1495411200000
tank_1293,0.0,1495411200000
tank_1295,24.55294117647059,1495411200000
tank_1297,2.792156862745098,1495411200000
tank_1301,0.0,1495411200000
tank_1302,0.0,1495411200000
tank_1304,23.701960784313723,1495411200000
tank_1305,0.0,1495411200000
tank_1313,0.0,1495411200000
tank_1322,0.0,1495411200000
tank_1325,0.0,1495411200000
tank_1326,10.635294117647058,1495411200000
tank_1344,0.0,1495411200000
tank_1346,7.376470588235294,1495411200000
tank_1349,1.0,1495411200000
tank_1353,0.0,1495411200000
tank_1358,0.4470588235294118,1495411200000
tank_1359,28.34509803921569,1495411200000
tank_1361,0.0,1495411200000
tank_1364,10.0,1495411200000
tank_1365,0.0,1495411200000
tank_1372,0.0,1495411200000
tank_1374,0.0,1495411200000
tank_1378,0.0,1495411200000
tank_1380,5.0,1495411200000
tank_1386,0.0,1495411200000
tank_1391,0.0,1495411200000
tank_1393,5.0,1495411200000
tank_1396,0.0,1495411200000
tank_1397,1.0,1495411200000
tank_1403,0.0,1495411200000
tank_1409,0.0,1495411200000
tank_1412,0.0,1495411200000
tank_1415,27.705882352941178,1495411200000
tank_1416,5.0,1495411200000
tank_1421,0.0,1495411200000
tank_1422,13.243137254901962,1495411200000
tank_1425,5.9372549019607845,1495411200000
tank_1426,0.0,1495411200000
tank_1430,0.0,1495411200000
tank_1433,0.0,1495411200000
tank_1438,11.850980392156863,1495411200000
tank_1439,0.0,1495411200000
tank_1441,3.0,1495411200000
tank_1443,58.68235294117646,1495411200000
tank_1445,28.341176470588238,1495411200000
tank_1446,0.0,1495411200000
tank_1450,19.490196078431374,1495411200000
tank_1452,21.968627450980392,1495411200000
tank_1456,4.552941176470588,1495411200000
tank_1466,0.0,1495411200000
tank_1471,0.0,1495411200000
tank_1475,0.0,1495411200000
tank_1486,0.0,1495411200000
tank_1488,5.0,1495411200000
tank_1491,0.0,1495411200000
tank_1500,1.0,1495411200000
tank_1505,0.0,1495411200000
tank_1513,7.0,1495411200000
tank_1531,7.0,1495411200000
tank_1536,0.0,1495411200000
tank_1539,0.0,1495411200000
tank_1541,14.0,1495411200000
tank_1542,5.0,1495411200000
tank_1547,0.0,1495411200000
tank_1563,0.0,1495411200000
tank_1564,10.541176470588237,1495411200000
tank_1565,4.0,1495411200000
tank_1567,7.262745098039216,1495411200000
tank_1568,0.0,1495411200000
tank_1573,11.0,1495411200000
tank_1583,22.37254901960784,1495411200000
tank_1587,0.0,1495411200000
tank_1588,4.0,1495411200000
tank_1592,39.47450980392156,1495411200000
tank_1594,0.0,1495411200000
tank_1595,0.0,1495411200000
tank_1597,0.0,1495411200000
tank_1598,0.0,1495411200000
tank_1600,16.560784313725488,1495411200000
tank_1604,4.03921568627451,1495411200000
tank_0002,1.9176470588235293,1496448000000
tank_0004,8.568627450980394,1496448000000
tank_0005,0.0,1496448000000
tank_0011,3.1254901960784314,1496448000000
tank_0014,0.0,1496448000000
tank_0019,17.925490196078428,1496448000000
tank_0024,44.81176470588236,1496448000000
tank_0025,0.8470588235294118,1496448000000
tank_0026,37.321568627450986,1496448000000
tank_0027,1.0,1496448000000
tank_0030,1.6705882352941175,1496448000000
tank_0031,10.031372549019608,1496448000000
tank_0036,0.5294117647058824,1496448000000
tank_0037,18.333333333333336,1496448000000
tank_0038,14.964705882352941,1496448000000
tank_0050,62.71764705882352,1496448000000
tank_0051,7.066666666666666,1496448000000
tank_0052,20.968627450980392,1496448000000
tank_0053,82.95294117647059,1496448000000
tank_0055,13.070588235294116,1496448000000
tank_0057,81.7686274509804,1496448000000
tank_0058,0.0,1496448000000
tank_0064,143.28235294117647,1496448000000
tank_0069,8.250980392156864,1496448000000
tank_0072,0.0,1496448000000
tank_0073,0.0,1496448000000
tank_0080,8.0,1496448000000
tank_0094,0.0,1496448000000
tank_0107,25.596078431372547,1496448000000
tank_0110,13.0,1496448000000
tank_0113,40.709803921568614,1496448000000
tank_0115,0.0,1496448000000
tank_0116,3.380392156862745,1496448000000
tank_0117,286.0,1496448000000
tank_0118,0.0,1496448000000
tank_0122,2.7058823529411766,1496448000000
tank_0125,73.9843137254902,1496448000000
tank_0130,17.227450980392156,1496448000000
tank_0131,4.596078431372549,1496448000000
tank_0132,0.0,1496448000000
tank_0134,3.9098039215686273,1496448000000
tank_0135,10.866666666666667,1496448000000
tank_0142,11.737254901960783,1496448000000
tank_0143,0.0,1496448000000
tank_0144,1.8705882352941177,1496448000000
tank_0148,53.745098039215684,1496448000000
tank_0153,8.6,1496448000000
tank_0156,106.32156862745099,1496448000000
tank_0159,41.709803921568636,1496448000000
tank_0165,7.913725490196079,1496448000000
tank_0171,0.0,1496448000000
tank_0172,0.0,1496448000000
tank_0174,15.462745098039216,1496448000000
tank_0176,19.0,1496448000000
tank_0184,0.0,1496448000000
tank_0187,0.0,1496448000000
tank_0190,19.466666666666665,1496448000000
tank_0192,0.0,1496448000000
tank_0193,0.07450980392156863,1496448000000
tank_0195,115.84705882352942,1496448000000
tank_0199,14.411764705882351,1496448000000
tank_0204,0.0,1496448000000
tank_0205,43.74901960784313,1496448000000
tank_0207,0.054901960784313725,1496448000000
tank_0209,0.12549019607843137,1496448000000
tank_0213,0.0,1496448000000
tank_0217,0.0,1496448000000
tank_0220,4.0,1496448000000
tank_0221,28.600000000000005,1496448000000
tank_0225,0.0,1496448000000
tank_0226,24.129411764705882,1496448000000
tank_0228,2.5921568627450977,1496448000000
tank_0229,0.27058823529411763,1496448000000
tank_0231,0.0,1496448000000
tank_0233,30.223529411764705,1496448000000
tank_0236,1.0,1496448000000
tank_0237,4.407843137254902,1496448000000
tank_0240,1.3176470588235292,1496448000000
tank_0242,0.0,1496448000000
tank_0245,4.576470588235294,1496448000000
tank_0247,6.0,1496448000000
tank_0256,2.3450980392156864,1496448000000
tank_0257,5.184313725490196,1496448000000
tank_0260,1.1294117647058823,1496448000000
tank_0261,35.23529411764706,1496448000000
tank_0264,0.0,1496448000000
tank_0273,5.0,1496448000000
tank_0276,0.0,1496448000000
tank_0278,19.749019607843138,1496448000000
tank_0280,0.0,1496448000000
tank_0291,0.0,1496448000000
tank_0292,56.7843137254902,1496448000000
tank_0296,0.0,1496448000000
tank_0297,8.513725490196078,1496448000000
tank_0299,30.16078431372549,1496448000000
tank_0300,13.301960784313724,1496448000000
tank_0301,25.89803921568628,1496448000000
tank_0307,0.0,1496448000000
tank_0309,3.0,1496448000000
tank_0313,0.0,1496448000000
tank_0314,9.749019607843136,1496448000000
tank_0319,10.654901960784315,1496448000000
tank_0321,36.2078431372549,1496448000000
tank_0327,0.8980392156862744,1496448000000
tank_0337,22.96470588235294,1496448000000
tank_0338,0.0,1496448000000
tank_0339,33.90196078431373,1496448000000
tank_0342,22.019607843137255,1496448000000
tank_0345,0.0,1496448000000
tank_0346,1.0823529411764707,1496448000000
tank_0349,2.0,1496448000000
tank_0350,0.0,1496448000000
tank_0353,289.7803921568628,1496448000000
tank_0356,0.0,1496448000000
tank_0360,14.270588235294118,1496448000000
tank_0361,56.15686274509804,1496448000000
tank_0362,9.0,1496448000000
tank_0364,5.2862745098039206,1496448000000
tank_0366,31.403921568627453,1496448000000
tank_0369,0.0,1496448000000
tank_0375,0.0,1496448000000
tank_0379,16.847058823529412,1496448000000
tank_0381,2.8,1496448000000
tank_0386,45.91764705882353,1496448000000
tank_0390,10.0,1496448000000
tank_0397,0.011764705882352941,1496448000000
tank_0399,0.0,1496448000000
tank_0404,0.3333333333333333,1496448000000
tank_0409,0.0,1496448000000
tank_0420,0.0,1496448000000
tank_0425,0.7450980392156863,1496448000000
tank_0431,0.0,1496448000000
tank_0432,2.4980392156862745,1496448000000
tank_0435,1.988235294117647,1496448000000
tank_0436,4.0,1496448000000
tank_0438,0.0,1496448000000
tank_0443,0.9176470588235294,1496448000000
tank_0444,0.0,1496448000000
tank_0447,100.09411764705882,1496448000000
tank_0448,0.0,1496448000000
tank_0449,0.0,1496448000000
tank_0455,19.741176470588236,1496448000000
tank_0460,0.0,1496448000000
tank_0462,0.0,1496448000000
tank_0466,1.8509803921568628,1496448000000
tank_0471,0.0,1496448000000
tank_0473,13.411764705882353,1496448000000
tank_0474,18.788235294117648,1496448000000
tank_0481,68.72941176470589,1496448000000
tank_0485,0.0,1496448000000
tank_0489,0.0,1496448000000
tank_0491,4.0,1496448000000
tank_0494,14.231372549019605,1496448000000
tank_0497,10.784313725490197,1496448000000
tank_0498,0.0,1496448000000
tank_0502,0.0,1496448000000
tank_0505,27.619607843137253,1496448000000
tank_0509,2.352941176470588,1496448000000
tank_0512,9.0,1496448000000
tank_0514,0.0,1496448000000
tank_0515,0.0,1496448000000
tank_0521,0.0,1496448000000
tank_0524,0.0,1496448000000
tank_0526,18.0,1496448000000
tank_0533,10.0,1496448000000
tank_0534,4.4941176470588236,1496448000000
tank_0536,0.0,1496448000000
tank_0537,0.0,1496448000000
tank_0541,4.996078431372549,1496448000000
tank_0547,0.0,1496448000000
tank_0552,0.0,1496448000000
tank_0555,0.0,1496448000000
tank_0556,7.925490196078431,1496448000000
tank_0557,0.25098039215686274,1496448000000
tank_0560,38.05490196078432,1496448000000
tank_0561,0.0,1496448000000
tank_0566,0.0,1496448000000
tank_0567,0.0,1496448000000
tank_0568,45.482352941176465,1496448000000
tank_0574,0.0,1496448000000
tank_0579,0.0,1496448000000
tank_0583,4.0,1496448000000
tank_0587,0.0,1496448000000
tank_0589,1.9686274509803923,1496448000000
tank_0590,6.0,1496448000000
tank_0592,2.0,1496448000000
tank_0593,1.2627450980392159,1496448000000
tank_0595,0.0,1496448000000
tank_0600,7.352941176470589,1496448000000
tank_0604,27.59607843137255,1496448000000
tank_0606,15.0,1496448000000
tank_0607,9.0,1496448000000
tank_0608,0.0,1496448000000
tank_0610,0.0,1496448000000
tank_0611,0.0,1496448000000
tank_0612,9.20392156862745,1496448000000
tank_0613,0.0,1496448000000
tank_0619,14.882352941176471,1496448000000
tank_0626,0.0,1496448000000
tank_0627,0.0,1496448000000
tank_0628,0.0,1496448000000
tank_0632,0.0,1496448000000
tank_0633,0.0,1496448000000
tank_0639,0.0,1496448000000
tank_0640,0.0,1496448000000
tank_0641,0.0,1496448000000
tank_0643,17.333333333333336,1496448000000
tank_0646,2.984313725490196,1496448000000
tank_0663,0.0,1496448000000
tank_0664,0.0,1496448000000
tank_0666,0.0,1496448000000
tank_0667,13.231372549019607,1496448000000
tank_0670,0.0,1496448000000
tank_0675,0.0,1496448000000
tank_0676,8.0,1496448000000
tank_0678,0.0,1496448000000
tank_0681,0.0,1496448000000
tank_0687,0.0,1496448000000
tank_0688,0.0,1496448000000
tank_0697,0.0,1496448000000
tank_0720,5.345098039215686,1496448000000
tank_0722,0.0,1496448000000
tank_0724,2.0,1496448000000
tank_0725,0.0,1496448000000
tank_0728,0.0,1496448000000
tank_0730,0.0,1496448000000
tank_0731,0.0,1496448000000
tank_0732,0.0,1496448000000
tank_0737,0.0,1496448000000
tank_0739,0.0,1496448000000
tank_0740,6.807843137254903,1496448000000
tank_0746,0.0,1496448000000
tank_0748,0.0,1496448000000
tank_0749,0.0,1496448000000
tank_0752,1.0,1496448000000
tank_0760,0.0,1496448000000
tank_0770,0.0,1496448000000
tank_0772,0.0,1496448000000
tank_0788,0.0,1496448000000
tank_0789,0.0,1496448000000
tank_0792,39.44313725490196,1496448000000
tank_0797,0.0,1496448000000
tank_0800,21.0,1496448000000
tank_0802,0.0,1496448000000
tank_0803,0.0,1496448000000
tank_0808,0.0,1496448000000
tank_0810,0.0,1496448000000
tank_0811,7.2823529411764705,1496448000000
tank_0812,0.0,1496448000000
tank_0813,0.0,1496448000000
tank_0816,0.0,1496448000000
tank_0819,0.0,1496448000000
tank_0823,0.0,1496448000000
tank_0824,0.0,1496448000000
tank_0825,0.0,1496448000000
tank_0828,0.0,1496448000000
tank_0829,0.0,1496448000000
tank_0830,0.0,1496448000000
tank_0831,0.0,1496448000000
tank_0844,0.0,1496448000000
tank_0852,4.0,1496448000000
tank_0855,0.0,1496448000000
tank_0856,99.0,1496448000000
tank_0860,0.0,1496448000000
tank_0861,0.0,1496448000000
tank_0872,0.0,1496448000000
tank_0875,0.0,1496448000000
tank_0879,0.0,1496448000000
tank_0885,0.0,1496448000000
tank_0891,0.0,1496448000000
tank_0894,144.0,1496448000000
tank_0898,9.0,1496448000000
tank_0900,5.47843137254902,1496448000000
tank_0901,0.0,1496448000000
tank_0902,0.0,1496448000000
tank_0914,0.0,1496448000000
tank_0917,27.0,1496448000000
tank_0919,0.0,1496448000000
tank_0920,27.17254901960785,1496448000000
tank_0922,0.0,1496448000000
tank_0923,7.474509803921569,1496448000000
tank_0924,10.239215686274509,1496448000000
tank_0926,9.447058823529412,1496448000000
tank_0927,8.333333333333332,1496448000000
tank_0928,0.0,1496448000000
tank_0930,0.0,1496448000000
tank_0931,0.0,1496448000000
tank_0933,0.0,1496448000000
tank_0934,64.54901960784314,1496448000000
tank_0937,13.368627450980394,1496448000000
tank_0938,1.0,1496448000000
tank_0939,0.0,1496448000000
tank_0944,0.0,1496448000000
tank_0946,9.933333333333334,1496448000000
tank_0952,2.450980392156863,1496448000000
tank_0958,0.0,1496448000000
tank_0962,0.0,1496448000000
tank_0967,2.9215686274509802,1496448000000
tank_0975,63.40392156862745,1496448000000
tank_0978,0.0,1496448000000
tank_0990,0.0,1496448000000
tank_0991,92.0,1496448000000
tank_0998,0.0,1496448000000
tank_0999,0.0,1496448000000
tank_1003,0.0,1496448000000
tank_1004,0.0,1496448000000
tank_1014,0.0,1496448000000
tank_1026,0.0,1496448000000
tank_1031,0.0,1496448000000
tank_1032,0.0,1496448000000
tank_1034,0.3411764705882353,1496448000000
tank_1042,0.0,1496448000000
tank_1045,0.0,1496448000000
tank_1049,0.0,1496448000000
tank_1055,2.996078431372549,1496448000000
tank_1061,0.0,1496448000000
tank_1062,0.0,1496448000000
tank_1064,0.0,1496448000000
tank_1065,0.0,1496448000000
tank_1066,2.1215686274509804,1496448000000
tank_1070,0.0,1496448000000
tank_1073,0.0,1496448000000
tank_1083,0.0,1496448000000
tank_1086,0.0,1496448000000
tank_1088,0.0,1496448000000
tank_1089,0.0,1496448000000
tank_1090,0.0,1496448000000
tank_1091,0.0,1496448000000
tank_1094,0.0,1496448000000
tank_1095,0.0,1496448000000
tank_1104,0.0,1496448000000
tank_1113,0.0,1496448000000
tank_1116,1.6392156862745098,1496448000000
tank_1117,0.0,1496448000000
tank_1120,39.0,1496448000000
tank_1121,0.0,1496448000000
tank_1124,0.0,1496448000000
tank_1128,0.0,1496448000000
tank_1134,0.0,1496448000000
tank_1135,0.0,1496448000000
tank_1146,0.0,1496448000000
tank_1149,26.066666666666666,1496448000000
tank_1156,0.0,1496448000000
tank_1157,6.262745098039216,1496448000000
tank_1159,0.0,1496448000000
tank_1160,0.0,1496448000000
tank_1166,0.0,1496448000000
tank_1170,12.24313725490196,1496448000000
tank_1175,0.0,1496448000000
tank_1177,2.0,1496448000000
tank_1179,0.0,1496448000000
tank_1181,0.0,1496448000000
tank_1186,0.0,1496448000000
tank_1187,0.0,1496448000000
tank_1190,0.0,1496448000000
tank_1192,0.0,1496448000000
tank_1196,0.0,1496448000000
tank_1197,413.0,1496448000000
tank_1201,0.0,1496448000000
tank_1203,5.670588235294118,1496448000000
tank_1205,0.0,1496448000000
tank_1209,53.0,1496448000000
tank_1217,0.0,1496448000000
tank_1223,0.0,1496448000000
tank_1226,0.25098039215686274,1496448000000
tank_1228,0.0,1496448000000
tank_1230,0.0,1496448000000
tank_1237,0.0,1496448000000
tank_1239,0.0,1496448000000
tank_1245,2.3058823529411763,1496448000000
tank_1246,0.0,1496448000000
tank_1250,12.145098039215686,1496448000000
tank_1254,0.0,1496448000000
tank_1255,0.0,1496448000000
tank_1258,1.0,1496448000000
tank_1261,0.0,1496448000000
tank_1262,8.215686274509803,1496448000000
tank_1263,3.8588235294117648,1496448000000
tank_1265,0.0,1496448000000
tank_1270,0.0,1496448000000
tank_1272,0.0,1496448000000
tank_1275,0.0,1496448000000
tank_1276,0.0,1496448000000
tank_1279,0.0,1496448000000
tank_1280,0.0,1496448000000
tank_1284,0.0,1496448000000
tank_1285,0.0,1496448000000
tank_1286,0.0,1496448000000
tank_1290,0.0,1496448000000
tank_1291,0.0,1496448000000
tank_1293,0.0,1496448000000
tank_1295,0.0,1496448000000
tank_1297,0.0,1496448000000
tank_1301,0.0,1496448000000
tank_1302,0.0,1496448000000
tank_1304,0.0,1496448000000
tank_1305,0.0,1496448000000
tank_1313,0.0,1496448000000
tank_1322,0.0,1496448000000
tank_1325,0.0,1496448000000
tank_1326,1.0,1496448000000
tank_1344,0.0,1496448000000
tank_1346,5.043137254901961,1496448000000
tank_1349,0.0,1496448000000
tank_1353,0.0,1496448000000
tank_1358,0.0,1496448000000
tank_1359,0.0,1496448000000
tank_1361,0.0,1496448000000
tank_1364,0.0,1496448000000
tank_1365,0.0,1496448000000
tank_1372,0.0,1496448000000
tank_1374,0.0,1496448000000
tank_1378,0.0,1496448000000
tank_1380,0.0,1496448000000
tank_1386,0.0,1496448000000
tank_1391,0.0,1496448000000
tank_1393,0.0,1496448000000
tank_1396,0.0,1496448000000
tank_1397,0.0,1496448000000
tank_1403,0.0,1496448000000
tank_1409,21.0,1496448000000
tank_1412,0.0,1496448000000
tank_1415,0.0,1496448000000
tank_1416,1.0588235294117647,1496448000000
tank_1421,0.0,1496448000000
tank_1422,1.8627450980392157,1496448000000
tank_1425,0.0,1496448000000
tank_1426,0.0,1496448000000
tank_1430,0.0,1496448000000
tank_1433,0.0,1496448000000
tank_1438,0.0,1496448000000
tank_1439,0.0,1496448000000
tank_1441,0.0,1496448000000
tank_1443,1.7490196078431373,1496448000000
tank_1445,0.0,1496448000000
tank_1446,0.0,1496448000000
tank_1450,0.0,1496448000000
tank_1452,0.0,1496448000000
tank_1456,0.0,1496448000000
tank_1466,0.0,1496448000000
tank_1471,0.0,1496448000000
tank_1475,0.0,1496448000000
tank_1486,0.0,1496448000000
tank_1488,0.0,1496448000000
tank_1491,0.0,1496448000000
tank_1500,0.0,1496448000000
tank_1505,0.0,1496448000000
tank_1513,0.0,1496448000000
tank_1531,0.0,1496448000000
tank_1536,0.0,1496448000000
tank_1539,0.0,1496448000000
tank_1541,0.0,1496448000000
tank_1542,0.0,1496448000000
tank_1547,0.0,1496448000000
tank_1563,0.0,1496448000000
tank_1564,0.0,1496448000000
tank_1565,0.0,1496448000000
tank_1567,0.0,1496448000000
tank_1568,0.0,1496448000000
tank_1573,0.0,1496448000000
tank_1583,0.0,1496448000000
tank_1587,0.0,1496448000000
tank_1588,0.0,1496448000000
tank_1592,0.0,1496448000000
tank_1594,0.0,1496448000000
tank_1595,0.0,1496448000000
tank_1597,0.0,1496448000000
tank_1598,0.0,1496448000000
tank_1600,1.0,1496448000000
tank_1604,1.0,1496448000000
tank_0002,14.61176470588235,1497484800000
tank_0004,0.0,1497484800000
tank_0005,0.0,1497484800000
tank_0011,0.0,1497484800000
tank_0014,3.2470588235294118,1497484800000
tank_0019,13.0,1497484800000
tank_0024,80.91372549019609,1497484800000
tank_0025,0.0,1497484800000
tank_0026,6.898039215686274,1497484800000
tank_0027,1.0,1497484800000
tank_0030,3.0,1497484800000
tank_0031,22.0,1497484800000
tank_0036,0.0,1497484800000
tank_0037,0.0,1497484800000
tank_0038,32.788235294117655,1497484800000
tank_0050,63.38823529411765,1497484800000
tank_0051,8.596078431372549,1497484800000
tank_0052,2.0,1497484800000
tank_0053,86.01176470588237,1497484800000
tank_0055,0.0,1497484800000
tank_0057,64.96470588235294,1497484800000
tank_0058,0.32941176470588235,1497484800000
tank_0064,114.38823529411768,1497484800000
tank_0069,18.709803921568625,1497484800000
tank_0072,0.0,1497484800000
tank_0073,0.0,1497484800000
tank_0080,8.0,1497484800000
tank_0094,0.0,1497484800000
tank_0107,3.0,1497484800000
tank_0110,52.0,1497484800000
tank_0113,30.403921568627453,1497484800000
tank_0115,0.0,1497484800000
tank_0116,3.619607843137255,1497484800000
tank_0117,135.0,1497484800000
tank_0118,0.0,1497484800000
tank_0122,0.0,1497484800000
tank_0125,49.15294117647059,1497484800000
tank_0130,5.105882352941176,1497484800000
tank_0131,2.0,1497484800000
tank_0132,0.0,1497484800000
tank_0134,3.0,1497484800000
tank_0135,15.827450980392157,1497484800000
tank_0142,3.6117647058823525,1497484800000
tank_0143,0.0,1497484800000
tank_0144,0.42745098039215684,1497484800000
tank_0148,1.1803921568627451,1497484800000
tank_0153,8.0,1497484800000
tank_0156,95.51764705882354,1497484800000
tank_0159,4.0588235294117645,1497484800000
tank_0165,4.886274509803921,1497484800000
tank_0171,1.3529411764705883,1497484800000
tank_0172,0.0,1497484800000
tank_0174,18.30588235294118,1497484800000
tank_0176,16.901960784313726,1497484800000
tank_0184,0.0,1497484800000
tank_0187,0.0,1497484800000
tank_0190,2.0,1497484800000
tank_0192,13.482352941176469,1497484800000
tank_0193,0.0,1497484800000
tank_0195,30.631372549019606,1497484800000
tank_0199,2.9647058823529413,1497484800000
tank_0204,0.0,1497484800000
tank_0205,0.5294117647058824,1497484800000
tank_0207,0.0,1497484800000
tank_0209,9.24705882352941,1497484800000
tank_0213,0.0,1497484800000
tank_0217,0.0,1497484800000
tank_0220,1.0,1497484800000
tank_0221,17.698039215686272,1497484800000
tank_0225,0.0,1497484800000
tank_0226,9.050980392156863,1497484800000
tank_0228,4.360784313725491,1497484800000
tank_0229,1.0745098039215686,1497484800000
tank_0231,12.15294117647059,1497484800000
tank_0233,2.0,1497484800000
tank_0236,5.0,1497484800000
tank_0237,46.06274509803921,1497484800000
tank_0240,10.380392156862746,1497484800000
tank_0242,11.0,1497484800000
tank_0245,2.4745098039215687,1497484800000
tank_0247,8.0,1497484800000
tank_0256,0.0,1497484800000
tank_0257,0.0,1497484800000
tank_0260,0.4980392156862745,1497484800000
tank_0261,3.0,1497484800000
tank_0264,0.0,1497484800000
tank_0273,17.0,1497484800000
tank_0276,0.0,1497484800000
tank_0278,7.486274509803922,1497484800000
tank_0280,0.0,1497484800000
tank_0291,0.0,1497484800000
tank_0292,28.443137254901963,1497484800000
tank_0296,0.0,1497484800000
tank_0297,3.658823529411765,1497484800000
tank_0299,22.43137254901961,1497484800000
tank_0300,17.05882352941176,1497484800000
tank_0301,4.396078431372549,1497484800000
tank_0307,5.0,1497484800000
tank_0309,0.0,1497484800000
tank_0313,0.0,1497484800000
tank_0314,0.0392156862745098,1497484800000
tank_0319,21.239215686274513,1497484800000
tank_0321,14.866666666666669,1497484800000
tank_0327,0.0,1497484800000
tank_0337,0.0,1497484800000
tank_0338,0.0,1497484800000
tank_0339,32.29803921568627,1497484800000
tank_0342,25.26666666666667,1497484800000
tank_0345,0.0,1497484800000
tank_0346,2.8627450980392157,1497484800000
tank_0349,1.0,1497484800000
tank_0350,0.0,1497484800000
tank_0353,67.65490196078431,1497484800000
tank_0356,0.0,1497484800000
tank_0360,1.9176470588235295,1497484800000
tank_0361,34.21176470588235,1497484800000
tank_0362,0.0,1497484800000
tank_0364,7.196078431372548,1497484800000
tank_0366,34.8,1497484800000
tank_0369,0.0,1497484800000
tank_0375,0.0,1497484800000
tank_0379,18.847058823529416,1497484800000
tank_0381,1.0,1497484800000
tank_0386,45.75686274509804,1497484800000
tank_0390,43.803921568627445,1497484800000
tank_0397,0.12549019607843137,1497484800000
tank_0399,0.0,1497484800000
tank_0404,20.92156862745098,1497484800000
tank_0409,0.0,1497484800000
tank_0420,0.0,1497484800000
tank_0425,0.0,1497484800000
tank_0431,0.0,1497484800000
tank_0432,2.5019607843137255,1497484800000
tank_0435,0.0,1497484800000
tank_0436,0.0,1497484800000
tank_0438,0.0,1497484800000
tank_0443,2.7490196078431373,1497484800000
tank_0444,0.0,1497484800000
tank_0447,33.18431372549019,1497484800000
tank_0448,0.22745098039215686,1497484800000
tank_0449,0.0,1497484800000
tank_0455,5.0,1497484800000
tank_0460,1.0,1497484800000
tank_0462,0.0,1497484800000
tank_0466,2.9568627450980394,1497484800000
tank_0471,1.0,1497484800000
tank_0473,5.0,1497484800000
tank_0474,1.8980392156862744,1497484800000
tank_0481,10.494117647058824,1497484800000
tank_0485,0.0,1497484800000
tank_0489,0.0,1497484800000
tank_0491,0.0,1497484800000
tank_0494,5.0,1497484800000
tank_0497,0.0,1497484800000
tank_0498,2.0431372549019606,1497484800000
tank_0502,0.0,1497484800000
tank_0505,0.0,1497484800000
tank_0509,0.37254901960784315,1497484800000
tank_0512,0.0,1497484800000
tank_0514,0.0,1497484800000
tank_0515,3.9686274509803923,1497484800000
tank_0521,0.0,1497484800000
tank_0524,6.0,1497484800000
tank_0526,7.0,1497484800000
tank_0533,1.0,1497484800000
tank_0534,0.0,1497484800000
tank_0536,0.0,1497484800000
tank_0537,0.0,1497484800000
tank_0541,1.0,1497484800000
tank_0547,0.0,1497484800000
tank_0552,3.8784313725490196,1497484800000
tank_0555,0.0,1497484800000
tank_0556,0.0,1497484800000
tank_0557,0.0,1497484800000
tank_0560,27.811764705882354,1497484800000
tank_0561,5.254901960784314,1497484800000
tank_0566,0.0,1497484800000
tank_0567,0.0,1497484800000
tank_0568,10.219607843137254,1497484800000
tank_0574,0.0,1497484800000
tank_0579,0.0,1497484800000
tank_0583,0.0,1497484800000
tank_0587,0.8745098039215686,1497484800000
tank_0589,0.0,1497484800000
tank_0590,0.0,1497484800000
tank_0592,0.0,1497484800000
tank_0593,3.592156862745098,1497484800000
tank_0595,7.854901960784313,1497484800000
tank_0600,23.36078431372549,1497484800000
tank_0604,11.866666666666667,1497484800000
tank_0606,3.0,1497484800000
tank_0607,8.988235294117647,1497484800000
tank_0608,0.0,1497484800000
tank_0610,0.0,1497484800000
tank_0611,2.0,1497484800000
tank_0612,7.52156862745098,1497484800000
tank_0613,0.0,1497484800000
tank_0619,3.0,1497484800000
tank_0626,0.0,1497484800000
tank_0627,0.0,1497484800000
tank_0628,0.0,1497484800000
tank_0632,0.0,1497484800000
tank_0633,0.0,1497484800000
tank_0639,2.9490196078431374,1497484800000
tank_0640,0.2549019607843137,1497484800000
tank_0641,7.431372549019608,1497484800000
tank_0643,14.454901960784314,1497484800000
tank_0646,0.0,1497484800000
tank_0663,10.27843137254902,1497484800000
tank_0664,3.0,1497484800000
tank_0666,0.0,1497484800000
tank_0667,0.0,1497484800000
tank_0670,0.0,1497484800000
tank_0675,0.0,1497484800000
tank_0676,0.0,1497484800000
tank_0678,0.19215686274509805,1497484800000
tank_0681,0.0,1497484800000
tank_0687,0.0,1497484800000
tank_0688,7.0,1497484800000
tank_0697,3.184313725490196,1497484800000
tank_0720,1.6313725490196078,1497484800000
tank_0722,0.10980392156862745,1497484800000
tank_0724,6.905882352941176,1497484800000
tank_0725,0.0,1497484800000
tank_0728,7.1803921568627445,1497484800000
tank_0730,0.12549019607843137,1497484800000
tank_0731,0.0,1497484800000
tank_0732,0.0,1497484800000
tank_0737,0.0,1497484800000
tank_0739,0.7490196078431373,1497484800000
tank_0740,57.12549019607843,1497484800000
tank_0746,0.0,1497484800000
tank_0748,2.0,1497484800000
tank_0749,27.698039215686276,1497484800000
tank_0752,3.3058823529411763,1497484800000
tank_0760,0.0,1497484800000
tank_0770,4.105882352941176,1497484800000
tank_0772,1.4156862745098038,1497484800000
tank_0788,0.0,1497484800000
tank_0789,2.0,1497484800000
tank_0792,165.07058823529408,1497484800000
tank_0797,0.0,1497484800000
tank_0800,22.0,1497484800000
tank_0802,0.0,1497484800000
tank_0803,1.2745098039215685,1497484800000
tank_0808,8.098039215686274,1497484800000
tank_0810,0.0,1497484800000
tank_0811,15.250980392156864,1497484800000
tank_0812,0.0,1497484800000
tank_0813,1.792156862745098,1497484800000
tank_0816,0.0,1497484800000
tank_0819,0.0,1497484800000
tank_0823,0.0,1497484800000
tank_0824,0.0,1497484800000
tank_0825,0.0,1497484800000
tank_0828,0.0,1497484800000
tank_0829,0.0,1497484800000
tank_0830,0.0,1497484800000
tank_0831,35.258823529411764,1497484800000
tank_0844,0.0,1497484800000
tank_0852,25.976470588235294,1497484800000
tank_0855,0.0,1497484800000
tank_0856,4.0,1497484800000
tank_0860,0.0,1497484800000
tank_0861,1.7176470588235295,1497484800000
tank_0872,0.0,1497484800000
tank_0875,22.0,1497484800000
tank_0879,0.0,1497484800000
tank_0885,0.2,1497484800000
tank_0891,0.0,1497484800000
tank_0894,47.0,1497484800000
tank_0898,0.0,1497484800000
tank_0900,4.988235294117647,1497484800000
tank_0901,1.2431372549019608,1497484800000
tank_0902,0.0,1497484800000
tank_0914,0.0,1497484800000
tank_0917,2.0,1497484800000
tank_0919,0.0,1497484800000
tank_0920,15.647058823529411,1497484800000
tank_0922,0.0,1497484800000
tank_0923,6.796078431372549,1497484800000
tank_0924,49.682352941176475,1497484800000
tank_0926,107.26666666666664,1497484800000
tank_0927,5.070588235294117,1497484800000
tank_0928,0.0,1497484800000
tank_0930,0.0,1497484800000
tank_0931,0.0,1497484800000
tank_0933,0.0,1497484800000
tank_0934,64.95686274509804,1497484800000
tank_0937,25.839215686274507,1497484800000
tank_0938,0.0,1497484800000
tank_0939,0.0,1497484800000
tank_0944,0.0,1497484800000
tank_0946,11.623529411764705,1497484800000
tank_0952,0.7921568627450981,1497484800000
tank_0958,0.0,1497484800000
tank_0962,0.0,1497484800000
tank_0967,3.1333333333333333,1497484800000
tank_0975,57.82352941176471,1497484800000
tank_0978,87.01176470588233,1497484800000
tank_0990,0.0,1497484800000
tank_0991,1.0,1497484800000
tank_0998,2.1254901960784314,1497484800000
tank_0999,3.0,1497484800000
tank_1003,4.0,1497484800000
tank_1004,21.71764705882353,1497484800000
tank_1014,2.0,1497484800000
tank_1026,0.0,1497484800000
tank_1031,0.0,1497484800000
tank_1032,5.0,1497484800000
tank_1034,0.0,1497484800000
tank_1042,0.0,1497484800000
tank_1045,0.0,1497484800000
tank_1049,0.0,1497484800000
tank_1055,6.419607843137255,1497484800000
tank_1061,0.0,1497484800000
tank_1062,2.4784313725490197,1497484800000
tank_1064,0.0,1497484800000
tank_1065,0.0,1497484800000
tank_1066,131.1921568627451,1497484800000
tank_1070,0.0,1497484800000
tank_1073,4.0,1497484800000
tank_1083,0.0,1497484800000
tank_1086,29.0,1497484800000
tank_1088,11.749019607843138,1497484800000
tank_1089,0.0,1497484800000
tank_1090,0.0,1497484800000
tank_1091,3.8196078431372547,1497484800000
tank_1094,0.0,1497484800000
tank_1095,5.788235294117648,1497484800000
tank_1104,0.0,1497484800000
tank_1113,0.0,1497484800000
tank_1116,0.47843137254901963,1497484800000
tank_1117,0.0,1497484800000
tank_1120,13.0,1497484800000
tank_1121,0.0,1497484800000
tank_1124,8.513725490196078,1497484800000
tank_1128,0.0,1497484800000
tank_1134,0.0,1497484800000
tank_1135,0.0,1497484800000
tank_1146,0.0,1497484800000
tank_1149,30.75686274509804,1497484800000
tank_1156,0.0,1497484800000
tank_1157,9.196078431372548,1497484800000
tank_1159,0.0,1497484800000
tank_1160,0.0,1497484800000
tank_1166,0.3333333333333333,1497484800000
tank_1170,29.49019607843137,1497484800000
tank_1175,0.0,1497484800000
tank_1177,8.784313725490195,1497484800000
tank_1179,22.964705882352938,1497484800000
tank_1181,0.0,1497484800000
tank_1186,0.0,1497484800000
tank_1187,0.0,1497484800000
tank_1190,17.0,1497484800000
tank_1192,0.7490196078431373,1497484800000
tank_1196,7.40392156862745,1497484800000
tank_1197,103.0,1497484800000
tank_1201,0.0,1497484800000
tank_1203,37.08235294117646,1497484800000
tank_1205,0.0,1497484800000
tank_1209,21.0,1497484800000
tank_1217,16.03529411764706,1497484800000
tank_1223,0.0,1497484800000
tank_1226,0.0,1497484800000
tank_1228,3.0,1497484800000
tank_1230,3.988235294117647,1497484800000
tank_1237,0.0,1497484800000
tank_1239,0.0,1497484800000
tank_1245,0.0,1497484800000
tank_1246,17.694117647058825,1497484800000
tank_1250,16.549019607843135,1497484800000
tank_1254,0.0,1497484800000
tank_1255,51.345098039215685,1497484800000
tank_1258,0.0,1497484800000
tank_1261,2.1372549019607843,1497484800000
tank_1262,5.709803921568627,1497484800000
tank_1263,0.0,1497484800000
tank_1265,0.0,1497484800000
tank_1270,0.0,1497484800000
tank_1272,0.7607843137254902,1497484800000
tank_1275,2.0,1497484800000
tank_1276,0.0,1497484800000
tank_1279,0.0,1497484800000
tank_1280,7.462745098039216,1497484800000
tank_1284,0.0,1497484800000
tank_1285,0.0,1497484800000
tank_1286,0.0,1497484800000
tank_1290,0.0,1497484800000
tank_1291,0.0,1497484800000
tank_1293,0.0,1497484800000
tank_1295,21.03921568627451,1497484800000
tank_1297,3.0,1497484800000
tank_1301,0.0,1497484800000
tank_1302,0.0,1497484800000
tank_1304,10.76078431372549,1497484800000
tank_1305,0.0,1497484800000
tank_1313,0.0,1497484800000
tank_1322,0.0,1497484800000
tank_1325,0.0,1497484800000
tank_1326,2.2627450980392156,1497484800000
tank_1344,5.113725490196078,1497484800000
tank_1346,5.03921568627451,1497484800000
tank_1349,6.96078431372549,1497484800000
tank_1353,16.0,1497484800000
tank_1358,0.0,1497484800000
tank_1359,20.74117647058823,1497484800000
tank_1361,0.0,1497484800000
tank_1364,1.0,1497484800000
tank_1365,0.0,1497484800000
tank_1372,0.0,1497484800000
tank_1374,0.0,1497484800000
tank_1378,0.0,1497484800000
tank_1380,1.0,1497484800000
tank_1386,0.0,1497484800000
tank_1391,0.0,1497484800000
tank_1393,0.0,1497484800000
tank_1396,0.0,1497484800000
tank_1397,0.0,1497484800000
tank_1403,0.0,1497484800000
tank_1409,0.0,1497484800000
tank_1412,0.0,1497484800000
tank_1415,45.13725490196078,1497484800000
tank_1416,1.184313725490196,1497484800000
tank_1421,0.0,1497484800000
tank_1422,18.572549019607845,1497484800000
tank_1425,0.0,1497484800000
tank_1426,0.0,1497484800000
tank_1430,0.0,1497484800000
tank_1433,0.0,1497484800000
tank_1438,2.0,1497484800000
tank_1439,0.0,1497484800000
tank_1441,3.6549019607843136,1497484800000
tank_1443,35.33725490196079,1497484800000
tank_1445,37.92156862745098,1497484800000
tank_1446,0.0,1497484800000
tank_1450,0.0,1497484800000
tank_1452,11.780392156862746,1497484800000
tank_1456,0.0,1497484800000
tank_1466,3.7019607843137257,1497484800000
tank_1471,1.2352941176470587,1497484800000
tank_1475,0.0,1497484800000
tank_1486,0.0,1497484800000
tank_1488,3.0,1497484800000
tank_1491,0.0,1497484800000
tank_1500,0.0,1497484800000
tank_1505,0.0,1497484800000
tank_1513,0.0,1497484800000
tank_1531,0.0,1497484800000
tank_1536,0.0,1497484800000
tank_1539,0.0,1497484800000
tank_1541,0.0,1497484800000
tank_1542,2.211764705882353,1497484800000
tank_1547,0.0,1497484800000
tank_1563,0.0,1497484800000
tank_1564,0.0,1497484800000
tank_1565,0.0,1497484800000
tank_1567,0.0,1497484800000
tank_1568,0.0,1497484800000
tank_1573,0.0,1497484800000
tank_1583,0.41568627450980394,1497484800000
tank_1587,9.0,1497484800000
tank_1588,0.0,1497484800000
tank_1592,28.141176470588235,1497484800000
tank_1594,0.0,1497484800000
tank_1595,0.0,1497484800000
tank_1597,0.0,1497484800000
tank_1598,0.0,1497484800000
tank_1600,43.50588235294118,1497484800000
tank_1604,0.0196078431372549,1497484800000
tank_0002,2.623529411764706,1498521600000
tank_0004,0.7647058823529411,1498521600000
tank_0005,0.0,1498521600000
tank_0011,8.0,1498521600000
tank_0014,0.0,1498521600000
tank_0019,21.34901960784314,1498521600000
tank_0024,32.83921568627451,1498521600000
tank_0025,0.0,1498521600000
tank_0026,1.996078431372549,1498521600000
tank_0027,0.0,1498521600000
tank_0030,0.8274509803921568,1498521600000
tank_0031,6.0,1498521600000
tank_0036,0.0,1498521600000
tank_0037,0.0,1498521600000
tank_0038,21.73725490196079,1498521600000
tank_0050,74.05098039215686,1498521600000
tank_0051,11.184313725490197,1498521600000
tank_0052,7.59607843137255,1498521600000
tank_0053,92.42745098039218,1498521600000
tank_0055,0.6235294117647059,1498521600000
tank_0057,39.129411764705885,1498521600000
tank_0058,2.415686274509804,1498521600000
tank_0064,105.01960784313724,1498521600000
tank_0069,12.0,1498521600000
tank_0072,0.0,1498521600000
tank_0073,0.0,1498521600000
tank_0080,8.0,1498521600000
tank_0094,0.0,1498521600000
tank_0107,0.0,1498521600000
tank_0110,20.0,1498521600000
tank_0113,40.199999999999996,1498521600000
tank_0115,0.0,1498521600000
tank_0116,2.6627450980392156,1498521600000
tank_0117,31.0,1498521600000
tank_0118,0.0,1498521600000
tank_0122,0.0,1498521600000
tank_0125,94.31372549019608,1498521600000
tank_0130,4.411764705882353,1498521600000
tank_0131,0.0,1498521600000
tank_0132,0.0,1498521600000
tank_0134,0.0,1498521600000
tank_0135,6.905882352941177,1498521600000
tank_0142,6.0588235294117645,1498521600000
tank_0143,0.0,1498521600000
tank_0144,0.0,1498521600000
tank_0148,3.0,1498521600000
tank_0153,20.0,1498521600000
tank_0156,93.85490196078433,1498521600000
tank_0159,2.372549019607843,1498521600000
tank_0165,1.4588235294117646,1498521600000
tank_0171,0.0,1498521600000
tank_0172,0.0,1498521600000
tank_0174,17.909803921568624,1498521600000
tank_0176,10.0,1498521600000
tank_0184,2.3215686274509806,1498521600000
tank_0187,0.0,1498521600000
tank_0190,8.925490196078432,1498521600000
tank_0192,0.0,1498521600000
tank_0193,6.286274509803921,1498521600000
tank_0195,14.874509803921569,1498521600000
tank_0199,1.0705882352941176,1498521600000
tank_0204,0.0,1498521600000
tank_0205,3.4745098039215687,1498521600000
tank_0207,0.0,1498521600000
tank_0209,0.0,1498521600000
tank_0213,0.0,1498521600000
tank_0217,0.0,1498521600000
tank_0220,0.20392156862745098,1498521600000
tank_0221,7.7176470588235295,1498521600000
tank_0225,0.0,1498521600000
tank_0226,4.803921568627451,1498521600000
tank_0228,0.0,1498521600000
tank_0229,0.0,1498521600000
tank_0231,0.0,1498521600000
tank_0233,14.823529411764703,1498521600000
tank_0236,0.4980392156862745,1498521600000
tank_0237,92.97647058823529,1498521600000
tank_0240,7.525490196078431,1498521600000
tank_0242,0.0,1498521600000
tank_0245,0.0,1498521600000
tank_0247,13.0,1498521600000
tank_0256,6.0,1498521600000
tank_0257,0.0,1498521600000
tank_0260,2.623529411764706,1498521600000
tank_0261,2.0,1498521600000
tank_0264,0.0,1498521600000
tank_0273,21.0,1498521600000
tank_0276,0.0,1498521600000
tank_0278,5.964705882352941,1498521600000
tank_0280,0.0,1498521600000
tank_0291,0.0,1498521600000
tank_0292,9.945098039215686,1498521600000
tank_0296,0.0,1498521600000
tank_0297,0.3058823529411765,1498521600000
tank_0299,50.35686274509805,1498521600000
tank_0300,6.513725490196079,1498521600000
tank_0301,4.145098039215686,1498521600000
tank_0307,0.0,1498521600000
tank_0309,2.0,1498521600000
tank_0313,0.0,1498521600000
tank_0314,0.7333333333333333,1498521600000
tank_0319,25.431372549019613,1498521600000
tank_0321,18.976470588235294,1498521600000
tank_0327,0.0,1498521600000
tank_0337,0.0,1498521600000
tank_0338,0.0,1498521600000
tank_0339,5.780392156862745,1498521600000
tank_0342,4.498039215686274,1498521600000
tank_0345,7.337254901960784,1498521600000
tank_0346,1.5254901960784313,1498521600000
tank_0349,0.0,1498521600000
tank_0350,0.0,1498521600000
tank_0353,58.47450980392157,1498521600000
tank_0356,0.0,1498521600000
tank_0360,0.6862745098039216,1498521600000
tank_0361,29.992156862745098,1498521600000
tank_0362,0.0,1498521600000
tank_0364,4.850980392156863,1498521600000
tank_0366,12.737254901960783,1498521600000
tank_0369,0.0,1498521600000
tank_0375,0.8745098039215686,1498521600000
tank_0379,14.129411764705882,1498521600000
tank_0381,0.0,1498521600000
tank_0386,23.262745098039215,1498521600000
tank_0390,51.36470588235294,1498521600000
tank_0397,0.0,1498521600000
tank_0399,0.0,1498521600000
tank_0404,26.26274509803922,1498521600000
tank_0409,0.0,1498521600000
tank_0420,0.0,1498521600000
tank_0425,0.0,1498521600000
tank_0431,0.0,1498521600000
tank_0432,1.0627450980392157,1498521600000
tank_0435,0.0,1498521600000
tank_0436,0.0,1498521600000
tank_0438,1.6666666666666665,1498521600000
tank_0443,2.384313725490196,1498521600000
tank_0444,0.0,1498521600000
tank_0447,4.482352941176471,1498521600000
tank_0448,7.694117647058823,1498521600000
tank_0449,0.0,1498521600000
tank_0455,5.0,1498521600000
tank_0460,0.0,1498521600000
tank_0462,0.0,1498521600000
tank_0466,1.0,1498521600000
tank_0471,0.0,1498521600000
tank_0473,2.0,1498521600000
tank_0474,1.4941176470588236,1498521600000
tank_0481,18.69019607843137,1498521600000
tank_0485,0.0,1498521600000
tank_0489,0.0,1498521600000
tank_0491,1.0,1498521600000
tank_0494,0.0,1498521600000
tank_0497,0.0,1498521600000
tank_0498,0.0,1498521600000
tank_0502,5.0,1498521600000
tank_0505,0.0,1498521600000
tank_0509,0.0,1498521600000
tank_0512,0.0,1498521600000
tank_0514,0.0,1498521600000
tank_0515,0.11764705882352941,1498521600000
tank_0521,0.0,1498521600000
tank_0524,0.12549019607843137,1498521600000
tank_0526,13.0,1498521600000
tank_0533,1.0,1498521600000
tank_0534,0.0,1498521600000
tank_0536,0.0,1498521600000
tank_0537,0.0,1498521600000
tank_0541,2.2823529411764705,1498521600000
tank_0547,0.0,1498521600000
tank_0552,0.0,1498521600000
tank_0555,0.0,1498521600000
tank_0556,5.984313725490195,1498521600000
tank_0557,3.0,1498521600000
tank_0560,11.0,1498521600000
tank_0561,1.0,1498521600000
tank_0566,0.0,1498521600000
tank_0567,0.0,1498521600000
tank_0568,1.996078431372549,1498521600000
tank_0574,0.0,1498521600000
tank_0579,0.0,1498521600000
tank_0583,0.0,1498521600000
tank_0587,0.0,1498521600000
tank_0589,0.0,1498521600000
tank_0590,0.0,1498521600000
tank_0592,0.0,1498521600000
tank_0593,1.0,1498521600000
tank_0595,0.0,1498521600000
tank_0600,5.580392156862745,1498521600000
tank_0604,7.188235294117648,1498521600000
tank_0606,0.0,1498521600000
tank_0607,12.086274509803921,1498521600000
tank_0608,0.0,1498521600000
tank_0610,0.0,1498521600000
tank_0611,0.0,1498521600000
tank_0612,6.776470588235294,1498521600000
tank_0613,0.0,1498521600000
tank_0619,0.0,1498521600000
tank_0626,2.341176470588235,1498521600000
tank_0627,0.0,1498521600000
tank_0628,0.0,1498521600000
tank_0632,0.0,1498521600000
tank_0633,0.0,1498521600000
tank_0639,0.0,1498521600000
tank_0640,0.11764705882352941,1498521600000
tank_0641,2.4,1498521600000
tank_0643,9.145098039215686,1498521600000
tank_0646,0.0,1498521600000
tank_0663,10.0,1498521600000
tank_0664,0.0,1498521600000
tank_0666,0.4627450980392157,1498521600000
tank_0667,3.137254901960784,1498521600000
tank_0670,0.0,1498521600000
tank_0675,0.0,1498521600000
tank_0676,0.0,1498521600000
tank_0678,4.317647058823529,1498521600000
tank_0681,4.0,1498521600000
tank_0687,0.0,1498521600000
tank_0688,0.0,1498521600000
tank_0697,5.682352941176471,1498521600000
tank_0720,0.0,1498521600000
tank_0722,0.0,1498521600000
tank_0724,11.411764705882353,1498521600000
tank_0725,0.0,1498521600000
tank_0728,2.0,1498521600000
tank_0730,4.807843137254902,1498521600000
tank_0731,0.0,1498521600000
tank_0732,0.0,1498521600000
tank_0737,0.0,1498521600000
tank_0739,0.7490196078431373,1498521600000
tank_0740,90.26666666666668,1498521600000
tank_0746,0.0,1498521600000
tank_0748,4.0,1498521600000
tank_0749,21.63529411764706,1498521600000
tank_0752,0.0,1498521600000
tank_0760,0.0,1498521600000
tank_0770,7.854901960784313,1498521600000
tank_0772,0.0,1498521600000
tank_0788,0.0,1498521600000
tank_0789,21.392156862745093,1498521600000
tank_0792,163.6941176470588,1498521600000
tank_0797,0.0,1498521600000
tank_0800,33.0,1498521600000
tank_0802,0.0,1498521600000
tank_0803,4.2745098039215685,1498521600000
tank_0808,9.80392156862745,1498521600000
tank_0810,0.0,1498521600000
tank_0811,3.0,1498521600000
tank_0812,0.0,1498521600000
tank_0813,1.6549019607843136,1498521600000
tank_0816,0.0,1498521600000
tank_0819,0.0,1498521600000
tank_0823,0.0,1498521600000
tank_0824,0.0,1498521600000
tank_0825,0.0,1498521600000
tank_0828,0.0,1498521600000
tank_0829,0.0,1498521600000
tank_0830,0.0,1498521600000
tank_0831,39.290196078431364,1498521600000
tank_0844,0.0,1498521600000
tank_0852,15.227450980392156,1498521600000
tank_0855,0.0,1498521600000
tank_0856,0.0,1498521600000
tank_0860,0.0,1498521600000
tank_0861,0.0,1498521600000
tank_0872,0.0,1498521600000
tank_0875,13.0,1498521600000
tank_0879,0.0,1498521600000
tank_0885,0.058823529411764705,1498521600000
tank_0891,0.0,1498521600000
tank_0894,0.0,1498521600000
tank_0898,0.0,1498521600000
tank_0900,5.68235294117647,1498521600000
tank_0901,2.0,1498521600000
tank_0902,0.0,1498521600000
tank_0914,0.0,1498521600000
tank_0917,0.0,1498521600000
tank_0919,0.0,1498521600000
tank_0920,4.0,1498521600000
tank_0922,0.0,1498521600000
tank_0923,0.0,1498521600000
tank_0924,62.74117647058825,1498521600000
tank_0926,97.72941176470586,1498521600000
tank_0927,1.0,1498521600000
tank_0928,0.0,1498521600000
tank_0930,0.0,1498521600000
tank_0931,0.0,1498521600000
tank_0933,0.0,1498521600000
tank_0934,76.11372549019609,1498521600000
tank_0937,15.294117647058824,1498521600000
tank_0938,0.396078431372549,1498521600000
tank_0939,0.0,1498521600000
tank_0944,0.0,1498521600000
tank_0946,11.843137254901961,1498521600000
tank_0952,11.0,1498521600000
tank_0958,0.0,1498521600000
tank_0962,0.7803921568627451,1498521600000
tank_0967,2.3490196078431373,1498521600000
tank_0975,72.98431372549018,1498521600000
tank_0978,92.16470588235292,1498521600000
tank_0990,0.0,1498521600000
tank_0991,0.0,1498521600000
tank_0998,4.556862745098039,1498521600000
tank_0999,6.952941176470588,1498521600000
tank_1003,15.0,1498521600000
tank_1004,8.6,1498521600000
tank_1014,0.0,1498521600000
tank_1026,0.0,1498521600000
tank_1031,0.0,1498521600000
tank_1032,0.0,1498521600000
tank_1034,0.050980392156862744,1498521600000
tank_1042,0.0,1498521600000
tank_1045,0.0,1498521600000
tank_1049,0.0,1498521600000
tank_1055,2.623529411764706,1498521600000
tank_1061,0.0,1498521600000
tank_1062,0.0,1498521600000
tank_1064,0.00784313725490196,1498521600000
tank_1065,0.0,1498521600000
tank_1066,101.89019607843139,1498521600000
tank_1070,0.0,1498521600000
tank_1073,0.0,1498521600000
tank_1083,0.0,1498521600000
tank_1086,23.0,1498521600000
tank_1088,12.847058823529412,1498521600000
tank_1089,0.0,1498521600000
tank_1090,0.0,1498521600000
tank_1091,15.741176470588234,1498521600000
tank_1094,0.0,1498521600000
tank_1095,0.21176470588235294,1498521600000
tank_1104,0.0,1498521600000
tank_1113,0.0,1498521600000
tank_1116,4.105882352941176,1498521600000
tank_1117,0.0,1498521600000
tank_1120,21.0,1498521600000
tank_1121,0.0,1498521600000
tank_1124,3.0431372549019606,1498521600000
tank_1128,0.0,1498521600000
tank_1134,0.34509803921568627,1498521600000
tank_1135,0.0,1498521600000
tank_1146,0.0,1498521600000
tank_1149,7.537254901960784,1498521600000
tank_1156,0.0,1498521600000
tank_1157,11.321568627450981,1498521600000
tank_1159,0.0,1498521600000
tank_1160,0.0,1498521600000
tank_1166,0.0,1498521600000
tank_1170,22.97254901960784,1498521600000
tank_1175,0.0,1498521600000
tank_1177,1.0,1498521600000
tank_1179,13.64313725490196,1498521600000
tank_1181,0.0,1498521600000
tank_1186,0.0,1498521600000
tank_1187,0.0,1498521600000
tank_1190,8.0,1498521600000
tank_1192,0.0,1498521600000
tank_1196,1.0,1498521600000
tank_1197,2.0,1498521600000
tank_1201,0.0,1498521600000
tank_1203,53.69411764705884,1498521600000
tank_1205,8.0,1498521600000
tank_1209,1.0,1498521600000
tank_1217,0.8941176470588235,1498521600000
tank_1223,0.0,1498521600000
tank_1226,0.0,1498521600000
tank_1228,6.0,1498521600000
tank_1230,0.0,1498521600000
tank_1237,0.0,1498521600000
tank_1239,0.0,1498521600000
tank_1245,0.0,1498521600000
tank_1246,6.945098039215686,1498521600000
tank_1250,1.0,1498521600000
tank_1254,0.0,1498521600000
tank_1255,6.9411764705882355,1498521600000
tank_1258,0.0,1498521600000
tank_1261,2.9921568627450985,1498521600000
tank_1262,10.196078431372548,1498521600000
tank_1263,0.0,1498521600000
tank_1265,0.0,1498521600000
tank_1270,0.0,1498521600000
tank_1272,0.0,1498521600000
tank_1275,0.0,1498521600000
tank_1276,0.0,1498521600000
tank_1279,0.0,1498521600000
tank_1280,4.545098039215686,1498521600000
tank_1284,0.0,1498521600000
tank_1285,0.0,1498521600000
tank_1286,0.0,1498521600000
tank_1290,0.0,1498521600000
tank_1291,0.0,1498521600000
tank_1293,0.0,1498521600000
tank_1295,6.752941176470587,1498521600000
tank_1297,0.0,1498521600000
tank_1301,0.0,1498521600000
tank_1302,0.0,1498521600000
tank_1304,4.68235294117647,1498521600000
tank_1305,0.0,1498521600000
tank_1313,0.0,1498521600000
tank_1322,0.0,1498521600000
tank_1325,0.0,1498521600000
tank_1326,0.0,1498521600000
tank_1344,2.0,1498521600000
tank_1346,7.035294117647058,1498521600000
tank_1349,10.0,1498521600000
tank_1353,11.0,1498521600000
tank_1358,0.0,1498521600000
tank_1359,27.58823529411765,1498521600000
tank_1361,4.0,1498521600000
tank_1364,2.0,1498521600000
tank_1365,0.0,1498521600000
tank_1372,0.0,1498521600000
tank_1374,72.0,1498521600000
tank_1378,0.0,1498521600000
tank_1380,0.0,1498521600000
tank_1386,0.0,1498521600000
tank_1391,0.0,1498521600000
tank_1393,0.0,1498521600000
tank_1396,0.0,1498521600000
tank_1397,0.0,1498521600000
tank_1403,1.7490196078431373,1498521600000
tank_1409,0.0,1498521600000
tank_1412,0.0,1498521600000
tank_1415,30.36862745098039,1498521600000
tank_1416,1.0,1498521600000
tank_1421,0.0,1498521600000
tank_1422,10.098039215686276,1498521600000
tank_1425,0.0,1498521600000
tank_1426,0.0,1498521600000
tank_1430,0.0,1498521600000
tank_1433,0.0,1498521600000
tank_1438,3.0,1498521600000
tank_1439,0.0,1498521600000
tank_1441,2.0,1498521600000
tank_1443,17.70196078431373,1498521600000
tank_1445,27.08627450980392,1498521600000
tank_1446,0.0,1498521600000
tank_1450,0.0,1498521600000
tank_1452,0.0,1498521600000
tank_1456,0.0,1498521600000
tank_1466,4.0,1498521600000
tank_1471,1.2588235294117647,1498521600000
tank_1475,0.0,1498521600000
tank_1486,0.0,1498521600000
tank_1488,0.0,1498521600000
tank_1491,0.0,1498521600000
tank_1500,2.0,1498521600000
tank_1505,0.0,1498521600000
tank_1513,0.0,1498521600000
tank_1531,0.0,1498521600000
tank_1536,0.0,1498521600000
tank_1539,0.0,1498521600000
tank_1541,0.0,1498521600000
tank_1542,0.0,1498521600000
tank_1547,0.0,1498521600000
tank_1563,0.0,1498521600000
tank_1564,0.0,1498521600000
tank_1565,0.0,1498521600000
tank_1567,0.0,1498521600000
tank_1568,0.0,1498521600000
tank_1573,0.0,1498521600000
tank_1583,0.5803921568627451,1498521600000
tank_1587,0.0,1498521600000
tank_1588,3.0392156862745097,1498521600000
tank_1592,0.39607843137254906,1498521600000
tank_1594,0.0,1498521600000
tank_1595,0.0,1498521600000
tank_1597,0.0,1498521600000
tank_1598,0.0,1498521600000
tank_1600,23.84705882352941,1498521600000
tank_1604,0.0,1498521600000
tank_0002,4.0,1499558400000
tank_0004,2.8078431372549018,1499558400000
tank_0005,2.0,1499558400000
tank_0011,4.325490196078431,1499558400000
tank_0014,0.0,1499558400000
tank_0019,0.0,1499558400000
tank_0024,21.105882352941176,1499558400000
tank_0025,0.0,1499558400000
tank_0026,14.419607843137255,1499558400000
tank_0027,0.0,1499558400000
tank_0030,1.8352941176470587,1499558400000
tank_0031,10.0,1499558400000
tank_0036,0.0,1499558400000
tank_0037,0.0,1499558400000
tank_0038,17.31372549019608,1499558400000
tank_0050,56.69019607843138,1499558400000
tank_0051,10.870588235294118,1499558400000
tank_0052,2.0,1499558400000
tank_0053,101.96862745098039,1499558400000
tank_0055,0.7607843137254902,1499558400000
tank_0057,36.372549019607845,1499558400000
tank_0058,1.3568627450980393,1499558400000
tank_0064,153.42745098039217,1499558400000
tank_0069,2.4980392156862745,1499558400000
tank_0072,0.0,1499558400000
tank_0073,0.0,1499558400000
tank_0080,8.0,1499558400000
tank_0094,1.7568627450980392,1499558400000
tank_0107,0.0,1499558400000
tank_0110,19.28235294117647,1499558400000
tank_0113,12.39607843137255,1499558400000
tank_0115,6.576470588235294,1499558400000
tank_0116,2.0,1499558400000
tank_0117,69.0,1499558400000
tank_0118,0.0,1499558400000
tank_0122,0.0,1499558400000
tank_0125,34.745098039215684,1499558400000
tank_0130,6.980392156862745,1499558400000
tank_0131,0.0,1499558400000
tank_0132,0.0,1499558400000
tank_0134,2.0,1499558400000
tank_0135,3.435294117647059,1499558400000
tank_0142,0.0,1499558400000
tank_0143,2.0,1499558400000
tank_0144,0.0,1499558400000
tank_0148,1.0,1499558400000
tank_0153,5.0,1499558400000
tank_0156,96.08235294117648,1499558400000
tank_0159,0.0,1499558400000
tank_0165,2.015686274509804,1499558400000
tank_0171,0.0,1499558400000
tank_0172,0.0,1499558400000
tank_0174,24.27843137254902,1499558400000
tank_0176,9.996078431372549,1499558400000
tank_0184,2.364705882352941,1499558400000
tank_0187,0.0,1499558400000
tank_0190,2.764705882352941,1499558400000
tank_0192,0.0,1499558400000
tank_0193,4.0,1499558400000
tank_0195,15.78823529411765,1499558400000
tank_0199,0.5490196078431373,1499558400000
tank_0204,0.0,1499558400000
tank_0205,0.0,1499558400000
tank_0207,0.0,1499558400000
tank_0209,0.0,1499558400000
tank_0213,0.0,1499558400000
tank_0217,0.0,1499558400000
tank_0220,0.10980392156862745,1499558400000
tank_0221,4.584313725490196,1499558400000
tank_0225,0.0,1499558400000
tank_0226,8.294117647058822,1499558400000
tank_0228,0.0,1499558400000
tank_0229,0.4666666666666667,1499558400000
tank_0231,5.580392156862746,1499558400000
tank_0233,9.0,1499558400000
tank_0236,0.4980392156862745,1499558400000
tank_0237,72.34901960784312,1499558400000
tank_0240,11.0078431372549,1499558400000
tank_0242,3.0,1499558400000
tank_0245,1.176470588235294,1499558400000
tank_0247,8.0,1499558400000
tank_0256,7.294117647058823,1499558400000
tank_0257,0.0,1499558400000
tank_0260,0.0,1499558400000
tank_0261,0.0,1499558400000
tank_0264,0.0,1499558400000
tank_0273,13.0,1499558400000
tank_0276,0.0,1499558400000
tank_0278,4.0,1499558400000
tank_0280,0.0,1499558400000
tank_0291,0.0,1499558400000
tank_0292,8.792156862745099,1499558400000
tank_0296,0.0,1499558400000
tank_0297,4.607843137254902,1499558400000
tank_0299,29.949019607843134,1499558400000
tank_0300,9.247058823529413,1499558400000
tank_0301,6.396078431372549,1499558400000
tank_0307,6.0,1499558400000
tank_0309,0.0,1499558400000
tank_0313,0.0,1499558400000
tank_0314,0.0,1499558400000
tank_0319,14.313725490196079,1499558400000
tank_0321,11.87843137254902,1499558400000
tank_0327,3.7411764705882353,1499558400000
tank_0337,6.772549019607843,1499558400000
tank_0338,0.0,1499558400000
tank_0339,19.69019607843137,1499558400000
tank_0342,7.603921568627451,1499558400000
tank_0345,0.0,1499558400000
tank_0346,0.0,1499558400000
tank_0349,0.0,1499558400000
tank_0350,0.0,1499558400000
tank_0353,92.19607843137256,1499558400000
tank_0356,0.0,1499558400000
tank_0360,2.627450980392157,1499558400000
tank_0361,10.458823529411765,1499558400000
tank_0362,4.0,1499558400000
tank_0364,2.792156862745098,1499558400000
tank_0366,14.0,1499558400000
tank_0369,0.0,1499558400000
tank_0375,0.0,1499558400000
tank_0379,18.066666666666674,1499558400000
tank_0381,0.0,1499558400000
tank_0386,10.0,1499558400000
tank_0390,30.682352941176475,1499558400000
tank_0397,0.0,1499558400000
tank_0399,0.0,1499558400000
tank_0404,7.5137254901960775,1499558400000
tank_0409,2.0,1499558400000
tank_0420,0.0,1499558400000
tank_0425,0.0,1499558400000
tank_0431,0.0,1499558400000
tank_0432,0.0,1499558400000
tank_0435,0.0,1499558400000
tank_0436,1.0,1499558400000
tank_0438,0.0,1499558400000
tank_0443,0.0,1499558400000
tank_0444,0.0,1499558400000
tank_0447,9.294117647058822,1499558400000
tank_0448,3.325490196078431,1499558400000
tank_0449,0.0,1499558400000
tank_0455,2.0,1499558400000
tank_0460,0.0,1499558400000
tank_0462,0.0,1499558400000
tank_0466,2.8274509803921566,1499558400000
tank_0471,2.0,1499558400000
tank_0473,0.0,1499558400000
tank_0474,3.4431372549019605,1499558400000
tank_0481,21.203921568627454,1499558400000
tank_0485,0.0,1499558400000
tank_0489,0.0,1499558400000
tank_0491,0.0,1499558400000
tank_0494,0.0,1499558400000
tank_0497,0.1411764705882353,1499558400000
tank_0498,0.23529411764705882,1499558400000
tank_0502,0.0,1499558400000
tank_0505,2.1098039215686275,1499558400000
tank_0509,0.0,1499558400000
tank_0512,0.0,1499558400000
tank_0514,0.0,1499558400000
tank_0515,2.0,1499558400000
tank_0521,0.0,1499558400000
tank_0524,0.0,1499558400000
tank_0526,23.0,1499558400000
tank_0533,1.0,1499558400000
tank_0534,0.0,1499558400000
tank_0536,0.0,1499558400000
tank_0537,0.0,1499558400000
tank_0541,0.0,1499558400000
tank_0547,0.0,1499558400000
tank_0552,0.03137254901960784,1499558400000
tank_0555,2.0,1499558400000
tank_0556,0.7490196078431373,1499558400000
tank_0557,4.0,1499558400000
tank_0560,22.50196078431373,1499558400000
tank_0561,4.0,1499558400000
tank_0566,0.0,1499558400000
tank_0567,0.0,1499558400000
tank_0568,10.356862745098038,1499558400000
tank_0574,0.0,1499558400000
tank_0579,0.0,1499558400000
tank_0583,0.0,1499558400000
tank_0587,0.0,1499558400000
tank_0589,0.0,1499558400000
tank_0590,3.0,1499558400000
tank_0592,0.0,1499558400000
tank_0593,0.8313725490196078,1499558400000
tank_0595,0.0,1499558400000
tank_0600,7.0,1499558400000
tank_0604,4.588235294117647,1499558400000
tank_0606,5.0,1499558400000
tank_0607,1.0,1499558400000
tank_0608,0.0,1499558400000
tank_0610,0.0,1499558400000
tank_0611,1.0,1499558400000
tank_0612,0.39215686274509803,1499558400000
tank_0613,0.3568627450980392,1499558400000
tank_0619,0.0,1499558400000
tank_0626,3.0,1499558400000
tank_0627,0.0,1499558400000
tank_0628,1.4588235294117649,1499558400000
tank_0632,0.0,1499558400000
tank_0633,0.0,1499558400000
tank_0639,0.0,1499558400000
tank_0640,0.0,1499558400000
tank_0641,0.0,1499558400000
tank_0643,0.0,1499558400000
tank_0646,0.0,1499558400000
tank_0663,0.0,1499558400000
tank_0664,0.0,1499558400000
tank_0666,1.9803921568627452,1499558400000
tank_0667,0.0,1499558400000
tank_0670,0.0,1499558400000
tank_0675,0.0,1499558400000
tank_0676,0.0,1499558400000
tank_0678,1.807843137254902,1499558400000
tank_0681,0.0,1499558400000
tank_0687,0.0,1499558400000
tank_0688,0.0,1499558400000
tank_0697,11.066666666666668,1499558400000
tank_0720,0.2549019607843137,1499558400000
tank_0722,0.0,1499558400000
tank_0724,10.133333333333333,1499558400000
tank_0725,2.0,1499558400000
tank_0728,4.101960784313725,1499558400000
tank_0730,2.8745098039215686,1499558400000
tank_0731,0.0,1499558400000
tank_0732,0.0,1499558400000
tank_0737,0.0,1499558400000
tank_0739,0.7490196078431373,1499558400000
tank_0740,46.482352941176465,1499558400000
tank_0746,0.0,1499558400000
tank_0748,0.0,1499558400000
tank_0749,6.0588235294117645,1499558400000
tank_0752,3.572549019607843,1499558400000
tank_0760,0.0,1499558400000
tank_0770,1.9254901960784312,1499558400000
tank_0772,1.0,1499558400000
tank_0788,3.0,1499558400000
tank_0789,12.0,1499558400000
tank_0792,130.24313725490197,1499558400000
tank_0797,0.0,1499558400000
tank_0800,31.0,1499558400000
tank_0802,0.0,1499558400000
tank_0803,0.0,1499558400000
tank_0808,6.0,1499558400000
tank_0810,0.0,1499558400000
tank_0811,0.0,1499558400000
tank_0812,0.0,1499558400000
tank_0813,0.0,1499558400000
tank_0816,0.0,1499558400000
tank_0819,1.0,1499558400000
tank_0823,0.0,1499558400000
tank_0824,0.0,1499558400000
tank_0825,0.0,1499558400000
tank_0828,0.0,1499558400000
tank_0829,0.0,1499558400000
tank_0830,0.0,1499558400000
tank_0831,38.21568627450979,1499558400000
tank_0844,0.0,1499558400000
tank_0852,4.0,1499558400000
tank_0855,0.0,1499558400000
tank_0856,0.0,1499558400000
tank_0860,0.0,1499558400000
tank_0861,0.0,1499558400000
tank_0872,0.0,1499558400000
tank_0875,4.0,1499558400000
tank_0879,0.0,1499558400000
tank_0885,0.0,1499558400000
tank_0891,0.0,1499558400000
tank_0894,0.0,1499558400000
tank_0898,0.0,1499558400000
tank_0900,0.03137254901960784,1499558400000
tank_0901,0.0,1499558400000
tank_0902,0.0,1499558400000
tank_0914,0.0,1499558400000
tank_0917,0.0,1499558400000
tank_0919,0.0,1499558400000
tank_0920,0.0,1499558400000
tank_0922,0.0,1499558400000
tank_0923,32.0,1499558400000
tank_0924,54.756862745098026,1499558400000
tank_0926,92.98039215686273,1499558400000
tank_0927,2.0,1499558400000
tank_0928,0.0,1499558400000
tank_0930,0.0,1499558400000
tank_0931,0.0,1499558400000
tank_0933,7.0588235294117645,1499558400000
tank_0934,56.15686274509804,1499558400000
tank_0937,10.0,1499558400000
tank_0938,20.16862745098039,1499558400000
tank_0939,0.0,1499558400000
tank_0944,0.0,1499558400000
tank_0946,26.227450980392156,1499558400000
tank_0952,4.6117647058823525,1499558400000
tank_0958,0.0,1499558400000
tank_0962,0.0,1499558400000
tank_0967,0.0,1499558400000
tank_0975,0.0,1499558400000
tank_0978,69.0627450980392,1499558400000
tank_0990,0.0,1499558400000
tank_0991,0.0,1499558400000
tank_0998,8.16862745098039,1499558400000
tank_0999,0.0,1499558400000
tank_1003,9.0,1499558400000
tank_1004,2.1098039215686275,1499558400000
tank_1014,0.0,1499558400000
tank_1026,0.0,1499558400000
tank_1031,0.0,1499558400000
tank_1032,2.2941176470588234,1499558400000
tank_1034,0.0,1499558400000
tank_1042,0.0,1499558400000
tank_1045,0.0,1499558400000
tank_1049,0.0,1499558400000
tank_1055,4.215686274509804,1499558400000
tank_1061,0.0,1499558400000
tank_1062,0.01568627450980392,1499558400000
tank_1064,0.0,1499558400000
tank_1065,0.0,1499558400000
tank_1066,109.63529411764706,1499558400000
tank_1070,0.0,1499558400000
tank_1073,15.0,1499558400000
tank_1083,0.0,1499558400000
tank_1086,19.0,1499558400000
tank_1088,4.0,1499558400000
tank_1089,0.0,1499558400000
tank_1090,0.0,1499558400000
tank_1091,27.819607843137256,1499558400000
tank_1094,0.0,1499558400000
tank_1095,0.0,1499558400000
tank_1104,0.0,1499558400000
tank_1113,0.0,1499558400000
tank_1116,0.0,1499558400000
tank_1117,0.0,1499558400000
tank_1120,8.0,1499558400000
tank_1121,0.0,1499558400000
tank_1124,4.745098039215687,1499558400000
tank_1128,0.0,1499558400000
tank_1134,1.6784313725490194,1499558400000
tank_1135,0.0,1499558400000
tank_1146,0.0,1499558400000
tank_1149,22.55294117647059,1499558400000
tank_1156,0.0,1499558400000
tank_1157,6.427450980392157,1499558400000
tank_1159,0.0,1499558400000
tank_1160,0.0,1499558400000
tank_1166,0.12941176470588237,1499558400000
tank_1170,28.08627450980392,1499558400000
tank_1175,0.0,1499558400000
tank_1177,2.0,1499558400000
tank_1179,7.803921568627452,1499558400000
tank_1181,0.0,1499558400000
tank_1186,0.0,1499558400000
tank_1187,0.0,1499558400000
tank_1190,5.513725490196078,1499558400000
tank_1192,4.447058823529412,1499558400000
tank_1196,0.5686274509803921,1499558400000
tank_1197,79.0,1499558400000
tank_1201,0.0,1499558400000
tank_1203,52.64313725490197,1499558400000
tank_1205,0.0,1499558400000
tank_1209,5.0,1499558400000
tank_1217,5.0392156862745106,1499558400000
tank_1223,3.0,1499558400000
tank_1226,0.0,1499558400000
tank_1228,4.0,1499558400000
tank_1230,4.992156862745098,1499558400000
tank_1237,0.0,1499558400000
tank_1239,0.0,1499558400000
tank_1245,0.0,1499558400000
tank_1246,0.0,1499558400000
tank_1250,11.0,1499558400000
tank_1254,0.0,1499558400000
tank_1255,36.78039215686274,1499558400000
tank_1258,0.0,1499558400000
tank_1261,4.423529411764705,1499558400000
tank_1262,1.5686274509803921,1499558400000
tank_1263,1.0,1499558400000
tank_1265,0.0,1499558400000
tank_1270,0.0,1499558400000
tank_1272,0.0,1499558400000
tank_1275,1.2823529411764705,1499558400000
tank_1276,0.0,1499558400000
tank_1279,0.0,1499558400000
tank_1280,5.592156862745099,1499558400000
tank_1284,0.0,1499558400000
tank_1285,0.0,1499558400000
tank_1286,0.0,1499558400000
tank_1290,0.0,1499558400000
tank_1291,0.0,1499558400000
tank_1293,0.0,1499558400000
tank_1295,14.35686274509804,1499558400000
tank_1297,0.0,1499558400000
tank_1301,0.0,1499558400000
tank_1302,0.0,1499558400000
tank_1304,5.823529411764706,1499558400000
tank_1305,0.0,1499558400000
tank_1313,0.0,1499558400000
tank_1322,0.0,1499558400000
tank_1325,0.0,1499558400000
tank_1326,0.0,1499558400000
tank_1344,0.0,1499558400000
tank_1346,0.0,1499558400000
tank_1349,0.0,1499558400000
tank_1353,84.0,1499558400000
tank_1358,0.0,1499558400000
tank_1359,12.596078431372549,1499558400000
tank_1361,20.0,1499558400000
tank_1364,0.0,1499558400000
tank_1365,0.0,1499558400000
tank_1372,0.0,1499558400000
tank_1374,46.0,1499558400000
tank_1378,0.0,1499558400000
tank_1380,0.0,1499558400000
tank_1386,0.0,1499558400000
tank_1391,0.0,1499558400000
tank_1393,0.0,1499558400000
tank_1396,0.0,1499558400000
tank_1397,0.0,1499558400000
tank_1403,0.0,1499558400000
tank_1409,0.0,1499558400000
tank_1412,0.0,1499558400000
tank_1415,14.823529411764707,1499558400000
tank_1416,5.03921568627451,1499558400000
tank_1421,0.0,1499558400000
tank_1422,2.2705882352941176,1499558400000
tank_1425,0.0,1499558400000
tank_1426,0.0,1499558400000
tank_1430,0.0,1499558400000
tank_1433,0.0,1499558400000
tank_1438,0.0,1499558400000
tank_1439,0.0,1499558400000
tank_1441,0.0,1499558400000
tank_1443,27.733333333333334,1499558400000
tank_1445,24.050980392156863,1499558400000
tank_1446,0.0,1499558400000
tank_1450,3.0,1499558400000
tank_1452,1.9490196078431372,1499558400000
tank_1456,3.0,1499558400000
tank_1466,0.0,1499558400000
tank_1471,0.0,1499558400000
tank_1475,0.0,1499558400000
tank_1486,0.0,1499558400000
tank_1488,0.0,1499558400000
tank_1491,0.0,1499558400000
tank_1500,0.0,1499558400000
tank_1505,0.0,1499558400000
tank_1513,0.0,1499558400000
tank_1531,0.0,1499558400000
tank_1536,0.0,1499558400000
tank_1539,0.0,1499558400000
tank_1541,0.0,1499558400000
tank_1542,1.2117647058823529,1499558400000
tank_1547,0.0,1499558400000
tank_1563,0.0,1499558400000
tank_1564,0.0,1499558400000
tank_1565,0.0,1499558400000
tank_1567,0.0,1499558400000
tank_1568,0.0,1499558400000
tank_1573,0.0,1499558400000
tank_1583,1.1254901960784314,1499558400000
tank_1587,0.0,1499558400000
tank_1588,0.0,1499558400000
tank_1592,2.7450980392156863,1499558400000
tank_1594,0.0,1499558400000
tank_1595,0.0,1499558400000
tank_1597,2.0,1499558400000
tank_1598,0.0,1499558400000
tank_1600,36.450980392156865,1499558400000
tank_1604,2.0,1499558400000
tank_0002,0.0,1500595200000
tank_0004,6.7176470588235295,1500595200000
tank_0005,2.0,1500595200000
tank_0011,2.0,1500595200000
tank_0014,0.0,1500595200000
tank_0019,2.372549019607843,1500595200000
tank_0024,16.886274509803922,1500595200000
tank_0025,0.0,1500595200000
tank_0026,2.0,1500595200000
tank_0027,0.0,1500595200000
tank_0030,0.0,1500595200000
tank_0031,4.0,1500595200000
tank_0036,0.0,1500595200000
tank_0037,0.0,1500595200000
tank_0038,0.8274509803921568,1500595200000
tank_0050,13.349019607843136,1500595200000
tank_0051,2.7215686274509805,1500595200000
tank_0052,8.2,1500595200000
tank_0053,18.28627450980392,1500595200000
tank_0055,0.13333333333333333,1500595200000
tank_0057,11.0,1500595200000
tank_0058,0.0,1500595200000
tank_0064,56.25098039215687,1500595200000
tank_0069,7.984313725490196,1500595200000
tank_0072,0.0,1500595200000
tank_0073,0.0,1500595200000
tank_0080,5.0,1500595200000
tank_0094,0.0,1500595200000
tank_0107,4.36078431372549,1500595200000
tank_0110,3.0,1500595200000
tank_0113,0.0,1500595200000
tank_0115,0.0,1500595200000
tank_0116,0.0,1500595200000
tank_0117,19.0,1500595200000
tank_0118,0.0,1500595200000
tank_0122,3.0,1500595200000
tank_0125,30.89803921568627,1500595200000
tank_0130,6.5058823529411764,1500595200000
tank_0131,0.0,1500595200000
tank_0132,0.0,1500595200000
tank_0134,1.0,1500595200000
tank_0135,0.996078431372549,1500595200000
tank_0142,0.0,1500595200000
tank_0143,0.0,1500595200000
tank_0144,0.0,1500595200000
tank_0148,0.0,1500595200000
tank_0153,0.0,1500595200000
tank_0156,51.13333333333334,1500595200000
tank_0159,0.0,1500595200000
tank_0165,0.0,1500595200000
tank_0171,0.0,1500595200000
tank_0172,0.0,1500595200000
tank_0174,4.482352941176471,1500595200000
tank_0176,1.3137254901960782,1500595200000
tank_0184,3.7137254901960786,1500595200000
tank_0187,0.0,1500595200000
tank_0190,6.862745098039215,1500595200000
tank_0192,0.0,1500595200000
tank_0193,0.0,1500595200000
tank_0195,0.0,1500595200000
tank_0199,1.8745098039215686,1500595200000
tank_0204,0.0,1500595200000
tank_0205,0.0,1500595200000
tank_0207,0.0,1500595200000
tank_0209,0.0,1500595200000
tank_0213,0.0,1500595200000
tank_0217,0.0,1500595200000
tank_0220,0.0,1500595200000
tank_0221,1.0,1500595200000
tank_0225,0.0,1500595200000
tank_0226,0.0,1500595200000
tank_0228,0.0,1500595200000
tank_0229,5.286274509803922,1500595200000
tank_0231,0.6588235294117648,1500595200000
tank_0233,5.0,1500595200000
tank_0236,4.011764705882353,1500595200000
tank_0237,56.945098039215694,1500595200000
tank_0240,0.03529411764705882,1500595200000
tank_0242,2.0,1500595200000
tank_0245,0.3333333333333333,1500595200000
tank_0247,7.0,1500595200000
tank_0256,4.219607843137255,1500595200000
tank_0257,0.0,1500595200000
tank_0260,0.0,1500595200000
tank_0261,0.0,1500595200000
tank_0264,0.0,1500595200000
tank_0273,8.0,1500595200000
tank_0276,5.0,1500595200000
tank_0278,5.0,1500595200000
tank_0280,0.0,1500595200000
tank_0291,0.0,1500595200000
tank_0292,5.294117647058824,1500595200000
tank_0296,0.0,1500595200000
tank_0297,3.0117647058823533,1500595200000
tank_0299,19.70980392156863,1500595200000
tank_0300,14.16078431372549,1500595200000
tank_0301,1.0,1500595200000
tank_0307,0.0,1500595200000
tank_0309,2.0,1500595200000
tank_0313,0.0,1500595200000
tank_0314,0.0,1500595200000
tank_0319,20.286274509803924,1500595200000
tank_0321,0.29411764705882354,1500595200000
tank_0327,0.0,1500595200000
tank_0337,14.772549019607844,1500595200000
tank_0338,0.0,1500595200000
tank_0339,0.0,1500595200000
tank_0342,3.835294117647059,1500595200000
tank_0345,1.0,1500595200000
tank_0346,1.8745098039215686,1500595200000
tank_0349,4.0,1500595200000
tank_0350,0.6235294117647059,1500595200000
tank_0353,11.184313725490195,1500595200000
tank_0356,0.0,1500595200000
tank_0360,0.0,1500595200000
tank_0361,16.64705882352941,1500595200000
tank_0362,4.0,1500595200000
tank_0364,3.807843137254902,1500595200000
tank_0366,9.501960784313725,1500595200000
tank_0369,0.0,1500595200000
tank_0375,0.0,1500595200000
tank_0379,1.8745098039215686,1500595200000
tank_0381,0.0,1500595200000
tank_0386,3.0,1500595200000
tank_0390,22.0,1500595200000
tank_0397,0.0,1500595200000
tank_0399,0.0,1500595200000
tank_0404,34.56078431372549,1500595200000
tank_0409,0.0,1500595200000
tank_0420,0.0,1500595200000
tank_0425,2.0,1500595200000
tank_0431,0.0,1500595200000
tank_0432,0.0,1500595200000
tank_0435,0.0,1500595200000
tank_0436,0.0,1500595200000
tank_0438,0.07450980392156863,1500595200000
tank_0443,1.0235294117647058,1500595200000
tank_0444,0.0,1500595200000
tank_0447,2.0,1500595200000
tank_0448,1.0,1500595200000
tank_0449,0.0,1500595200000
tank_0455,0.0,1500595200000
tank_0460,0.0,1500595200000
tank_0462,0.0,1500595200000
tank_0466,0.0,1500595200000
tank_0471,0.0,1500595200000
tank_0473,0.0,1500595200000
tank_0474,5.607843137254902,1500595200000
tank_0481,18.109803921568627,1500595200000
tank_0485,0.0,1500595200000
tank_0489,0.0,1500595200000
tank_0491,0.0,1500595200000
tank_0494,6.517647058823529,1500595200000
tank_0497,0.0,1500595200000
tank_0498,0.0,1500595200000
tank_0502,0.0,1500595200000
tank_0505,0.0,1500595200000
tank_0509,0.0,1500595200000
tank_0512,0.0,1500595200000
tank_0514,0.0,1500595200000
tank_0515,0.0,1500595200000
tank_0521,0.0,1500595200000
tank_0524,0.0,1500595200000
tank_0526,27.0,1500595200000
tank_0533,0.0,1500595200000
tank_0534,0.0,1500595200000
tank_0536,0.0,1500595200000
tank_0537,0.0,1500595200000
tank_0541,0.0,1500595200000
tank_0547,0.0,1500595200000
tank_0552,0.0,1500595200000
tank_0555,0.0,1500595200000
tank_0556,0.8745098039215686,1500595200000
tank_0557,0.0,1500595200000
tank_0560,13.368627450980393,1500595200000
tank_0561,1.0235294117647058,1500595200000
tank_0566,0.0,1500595200000
tank_0567,0.0,1500595200000
tank_0568,4.4980392156862745,1500595200000
tank_0574,0.0,1500595200000
tank_0579,0.0,1500595200000
tank_0583,0.0,1500595200000
tank_0587,0.0,1500595200000
tank_0589,0.0,1500595200000
tank_0590,0.0,1500595200000
tank_0592,1.2470588235294118,1500595200000
tank_0593,0.0,1500595200000
tank_0595,0.0,1500595200000
tank_0600,2.8784313725490196,1500595200000
tank_0604,4.031372549019608,1500595200000
tank_0606,2.0,1500595200000
tank_0607,4.0,1500595200000
tank_0608,0.0,1500595200000
tank_0610,0.0,1500595200000
tank_0611,15.619607843137253,1500595200000
tank_0612,0.0,1500595200000
tank_0613,1.9058823529411764,1500595200000
tank_0619,0.0,1500595200000
tank_0626,0.0,1500595200000
tank_0627,0.0,1500595200000
tank_0628,2.243137254901961,1500595200000
tank_0632,0.0,1500595200000
tank_0633,0.0,1500595200000
tank_0639,3.988235294117647,1500595200000
tank_0640,0.6,1500595200000
tank_0641,2.623529411764706,1500595200000
tank_0643,5.0,1500595200000
tank_0646,3.227450980392157,1500595200000
tank_0663,3.0,1500595200000
tank_0664,0.0,1500595200000
tank_0666,17.850980392156863,1500595200000
tank_0667,32.090196078431376,1500595200000
tank_0670,0.0,1500595200000
tank_0675,7.352941176470589,1500595200000
tank_0676,0.0,1500595200000
tank_0678,3.627450980392157,1500595200000
tank_0681,0.0,1500595200000
tank_0687,0.0,1500595200000
tank_0688,1.0,1500595200000
tank_0697,7.090196078431372,1500595200000
tank_0720,1.0,1500595200000
tank_0722,8.0,1500595200000
tank_0724,4.474509803921569,1500595200000
tank_0725,0.0,1500595200000
tank_0728,7.043137254901961,1500595200000
tank_0730,0.25098039215686274,1500595200000
tank_0731,0.0,1500595200000
tank_0732,0.0,1500595200000
tank_0737,0.0,1500595200000
tank_0739,0.2196078431372549,1500595200000
tank_0740,58.10588235294117,1500595200000
tank_0746,0.0,1500595200000
tank_0748,8.631372549019607,1500595200000
tank_0749,18.4,1500595200000
tank_0752,2.968627450980392,1500595200000
tank_0760,14.0,1500595200000
tank_0770,2.6705882352941175,1500595200000
tank_0772,10.247058823529413,1500595200000
tank_0788,0.0,1500595200000
tank_0789,36.886274509803926,1500595200000
tank_0792,241.36078431372545,1500595200000
tank_0797,0.0,1500595200000
tank_0800,41.0,1500595200000
tank_0802,0.0,1500595200000
tank_0803,6.2745098039215685,1500595200000
tank_0808,7.098039215686274,1500595200000
tank_0810,0.0,1500595200000
tank_0811,5.9372549019607845,1500595200000
tank_0812,0.0,1500595200000
tank_0813,0.7019607843137254,1500595200000
tank_0816,1.0,1500595200000
tank_0819,0.0,1500595200000
tank_0823,0.0,1500595200000
tank_0824,0.0,1500595200000
tank_0825,0.0,1500595200000
tank_0828,0.0,1500595200000
tank_0829,0.0,1500595200000
tank_0830,0.0,1500595200000
tank_0831,23.13725490196079,1500595200000
tank_0844,0.40784313725490196,1500595200000
tank_0852,0.0,1500595200000
tank_0855,3.0,1500595200000
tank_0856,1.0,1500595200000
tank_0860,0.0,1500595200000
tank_0861,0.0,1500595200000
tank_0872,0.0,1500595200000
tank_0875,10.0,1500595200000
tank_0879,0.0,1500595200000
tank_0885,0.0,1500595200000
tank_0891,0.0,1500595200000
tank_0894,28.0,1500595200000
tank_0898,0.0,1500595200000
tank_0900,2.0,1500595200000
tank_0901,0.0,1500595200000
tank_0902,0.0,1500595200000
tank_0914,0.0,1500595200000
tank_0917,0.0,1500595200000
tank_0919,2.0,1500595200000
tank_0920,0.0,1500595200000
tank_0922,0.0,1500595200000
tank_0923,5.0,1500595200000
tank_0924,54.96078431372549,1500595200000
tank_0926,83.40784313725491,1500595200000
tank_0927,0.0,1500595200000
tank_0928,0.0,1500595200000
tank_0930,0.0,1500595200000
tank_0931,0.0,1500595200000
tank_0933,17.250980392156865,1500595200000
tank_0934,36.40784313725491,1500595200000
tank_0937,2.0,1500595200000
tank_0938,16.768627450980393,1500595200000
tank_0939,1.5019607843137255,1500595200000
tank_0944,0.0,1500595200000
tank_0946,49.25098039215686,1500595200000
tank_0952,8.972549019607843,1500595200000
tank_0958,1.6352941176470588,1500595200000
tank_0962,0.0,1500595200000
tank_0967,0.0,1500595200000
tank_0975,4.149019607843137,1500595200000
tank_0978,53.1764705882353,1500595200000
tank_0990,0.0,1500595200000
tank_0991,0.0,1500595200000
tank_0998,3.3058823529411763,1500595200000
tank_0999,0.0,1500595200000
tank_1003,0.0,1500595200000
tank_1004,2.0,1500595200000
tank_1014,0.0,1500595200000
tank_1026,0.0,1500595200000
tank_1031,0.0,1500595200000
tank_1032,2.0,1500595200000
tank_1034,0.0,1500595200000
tank_1042,0.0,1500595200000
tank_1045,0.0,1500595200000
tank_1049,0.0,1500595200000
tank_1055,0.21568627450980393,1500595200000
tank_1061,0.0,1500595200000
tank_1062,3.5725490196078433,1500595200000
tank_1064,0.00784313725490196,1500595200000
tank_1065,4.12156862745098,1500595200000
tank_1066,50.933333333333344,1500595200000
tank_1070,0.0,1500595200000
tank_1073,17.0,1500595200000
tank_1083,0.0,1500595200000
tank_1086,15.709803921568628,1500595200000
tank_1088,1.0,1500595200000
tank_1089,0.0,1500595200000
tank_1090,0.0,1500595200000
tank_1091,0.0,1500595200000
tank_1094,0.0,1500595200000
tank_1095,0.0,1500595200000
tank_1104,3.164705882352941,1500595200000
tank_1113,0.0,1500595200000
tank_1116,3.2745098039215685,1500595200000
tank_1117,0.0,1500595200000
tank_1120,19.0,1500595200000
tank_1121,0.0,1500595200000
tank_1124,17.15686274509804,1500595200000
tank_1128,0.0,1500595200000
tank_1134,0.0,1500595200000
tank_1135,0.0,1500595200000
tank_1146,0.0,1500595200000
tank_1149,9.501960784313725,1500595200000
tank_1156,2.0941176470588236,1500595200000
tank_1157,15.643137254901964,1500595200000
tank_1159,0.0,1500595200000
tank_1160,0.0,1500595200000
tank_1166,0.4862745098039216,1500595200000
tank_1170,29.701960784313723,1500595200000
tank_1175,0.0,1500595200000
tank_1177,2.0352941176470587,1500595200000
tank_1179,0.0,1500595200000
tank_1181,0.0,1500595200000
tank_1186,0.0,1500595200000
tank_1187,0.0,1500595200000
tank_1190,4.713725490196079,1500595200000
tank_1192,2.372549019607843,1500595200000
tank_1196,0.0392156862745098,1500595200000
tank_1197,0.0,1500595200000
tank_1201,0.0,1500595200000
tank_1203,40.25490196078432,1500595200000
tank_1205,2.0,1500595200000
tank_1209,40.0,1500595200000
tank_1217,0.0,1500595200000
tank_1223,3.0,1500595200000
tank_1226,0.0,1500595200000
tank_1228,0.0,1500595200000
tank_1230,0.7490196078431373,1500595200000
tank_1237,0.0,1500595200000
tank_1239,0.0,1500595200000
tank_1245,0.0,1500595200000
tank_1246,5.0,1500595200000
tank_1250,6.0,1500595200000
tank_1254,0.0,1500595200000
tank_1255,9.882352941176471,1500595200000
tank_1258,0.0,1500595200000
tank_1261,10.67450980392157,1500595200000
tank_1262,1.2078431372549019,1500595200000
tank_1263,0.0,1500595200000
tank_1265,0.0,1500595200000
tank_1270,0.0,1500595200000
tank_1272,0.0,1500595200000
tank_1275,6.745098039215686,1500595200000
tank_1276,0.0,1500595200000
tank_1279,0.0,1500595200000
tank_1280,6.180392156862745,1500595200000
tank_1284,0.0,1500595200000
tank_1285,0.0,1500595200000
tank_1286,0.0,1500595200000
tank_1290,0.0,1500595200000
tank_1291,0.0,1500595200000
tank_1293,0.0,1500595200000
tank_1295,9.0,1500595200000
tank_1297,0.0,1500595200000
tank_1301,0.0,1500595200000
tank_1302,0.0,1500595200000
tank_1304,5.215686274509803,1500595200000
tank_1305,0.0,1500595200000
tank_1313,0.0,1500595200000
tank_1322,0.0,1500595200000
tank_1325,0.0,1500595200000
tank_1326,6.3882352941176475,1500595200000
tank_1344,0.0,1500595200000
tank_1346,0.0,1500595200000
tank_1349,4.0,1500595200000
tank_1353,80.0,1500595200000
tank_1358,0.0,1500595200000
tank_1359,15.988235294117645,1500595200000
tank_1361,36.0,1500595200000
tank_1364,0.0,1500595200000
tank_1365,0.0,1500595200000
tank_1372,0.0,1500595200000
tank_1374,306.0,1500595200000
tank_1378,0.0,1500595200000
tank_1380,0.0,1500595200000
tank_1386,0.0,1500595200000
tank_1391,0.0,1500595200000
tank_1393,0.0,1500595200000
tank_1396,0.0,1500595200000
tank_1397,0.0,1500595200000
tank_1403,0.0,1500595200000
tank_1409,0.0,1500595200000
tank_1412,0.0,1500595200000
tank_1415,0.0,1500595200000
tank_1416,8.80392156862745,1500595200000
tank_1421,0.0,1500595200000
tank_1422,6.745098039215687,1500595200000
tank_1425,0.0,1500595200000
tank_1426,0.0,1500595200000
tank_1430,0.0,1500595200000
tank_1433,0.0,1500595200000
tank_1438,3.0627450980392155,1500595200000
tank_1439,0.0,1500595200000
tank_1441,3.0,1500595200000
tank_1443,22.482352941176472,1500595200000
tank_1445,26.650980392156864,1500595200000
tank_1446,0.0,1500595200000
tank_1450,2.1058823529411765,1500595200000
tank_1452,1.8823529411764706,1500595200000
tank_1456,0.0,1500595200000
tank_1466,0.0,1500595200000
tank_1471,0.0,1500595200000
tank_1475,0.0,1500595200000
tank_1486,0.0,1500595200000
tank_1488,0.0,1500595200000
tank_1491,0.0,1500595200000
tank_1500,0.0,1500595200000
tank_1505,0.0,1500595200000
tank_1513,0.0,1500595200000
tank_1531,0.0,1500595200000
tank_1536,0.0,1500595200000
tank_1539,0.0,1500595200000
tank_1541,0.0,1500595200000
tank_1542,2.1254901960784314,1500595200000
tank_1547,0.0,1500595200000
tank_1563,0.0,1500595200000
tank_1564,0.0,1500595200000
tank_1565,0.0,1500595200000
tank_1567,0.0,1500595200000
tank_1568,0.0,1500595200000
tank_1573,0.0,1500595200000
tank_1583,3.4980392156862745,1500595200000
tank_1587,0.0,1500595200000
tank_1588,1.188235294117647,1500595200000
tank_1592,8.0,1500595200000
tank_1594,0.0,1500595200000
tank_1595,0.0,1500595200000
tank_1597,0.0,1500595200000
tank_1598,0.0,1500595200000
tank_1600,6.929411764705883,1500595200000
tank_1604,0.0,1500595200000
tank_0002,0.0,1501632000000
tank_0004,0.0,1501632000000
tank_0005,0.0,1501632000000
tank_0011,0.0,1501632000000
tank_0014,0.6235294117647059,1501632000000
tank_0019,0.0,1501632000000
tank_0024,38.96470588235294,1501632000000
tank_0025,0.0,1501632000000
tank_0026,1.0,1501632000000
tank_0027,0.0,1501632000000
tank_0030,0.0,1501632000000
tank_0031,0.0,1501632000000
tank_0036,0.0,1501632000000
tank_0037,0.0,1501632000000
tank_0038,23.419607843137257,1501632000000
tank_0050,37.031372549019615,1501632000000
tank_0051,0.37254901960784315,1501632000000
tank_0052,9.219607843137254,1501632000000
tank_0053,66.43921568627451,1501632000000
tank_0055,1.3568627450980393,1501632000000
tank_0057,45.30196078431373,1501632000000
tank_0058,0.0,1501632000000
tank_0064,144.9843137254902,1501632000000
tank_0069,11.27843137254902,1501632000000
tank_0072,0.0,1501632000000
tank_0073,0.0,1501632000000
tank_0080,4.0,1501632000000
tank_0094,0.0,1501632000000
tank_0107,0.0,1501632000000
tank_0110,14.0,1501632000000
tank_0113,8.807843137254903,1501632000000
tank_0115,2.0,1501632000000
tank_0116,2.627450980392157,1501632000000
tank_0117,83.0,1501632000000
tank_0118,0.0,1501632000000
tank_0122,0.0,1501632000000
tank_0125,61.501960784313724,1501632000000
tank_0130,10.274509803921568,1501632000000
tank_0131,0.0,1501632000000
tank_0132,0.0,1501632000000
tank_0134,5.0,1501632000000
tank_0135,3.2470588235294113,1501632000000
tank_0142,3.0,1501632000000
tank_0143,0.0,1501632000000
tank_0144,0.0,1501632000000
tank_0148,0.0,1501632000000
tank_0153,7.0,1501632000000
tank_0156,78.10196078431372,1501632000000
tank_0159,1.0,1501632000000
tank_0165,0.0,1501632000000
tank_0171,0.0,1501632000000
tank_0172,0.0,1501632000000
tank_0174,12.094117647058823,1501632000000
tank_0176,9.0,1501632000000
tank_0184,8.329411764705881,1501632000000
tank_0187,0.0,1501632000000
tank_0190,4.074509803921568,1501632000000
tank_0192,0.0,1501632000000
tank_0193,0.0,1501632000000
tank_0195,20.48627450980392,1501632000000
tank_0199,2.9294117647058826,1501632000000
tank_0204,0.0,1501632000000
tank_0205,0.0,1501632000000
tank_0207,0.0,1501632000000
tank_0209,0.0,1501632000000
tank_0213,0.0,1501632000000
tank_0217,0.0,1501632000000
tank_0220,1.0,1501632000000
tank_0221,16.066666666666663,1501632000000
tank_0225,0.0,1501632000000
tank_0226,14.180392156862744,1501632000000
tank_0228,0.0,1501632000000
tank_0229,7.741176470588235,1501632000000
tank_0231,0.0,1501632000000
tank_0233,7.376470588235295,1501632000000
tank_0236,0.0,1501632000000
tank_0237,75.10588235294117,1501632000000
tank_0240,3.341176470588235,1501632000000
tank_0242,5.0,1501632000000
tank_0245,2.901960784313725,1501632000000
tank_0247,9.0,1501632000000
tank_0256,0.0,1501632000000
tank_0257,0.7333333333333333,1501632000000
tank_0260,2.4980392156862745,1501632000000
tank_0261,0.0,1501632000000
tank_0264,0.0,1501632000000
tank_0273,16.0,1501632000000
tank_0276,0.0,1501632000000
tank_0278,0.7490196078431373,1501632000000
tank_0280,2.9725490196078432,1501632000000
tank_0291,0.0,1501632000000
tank_0292,7.2862745098039206,1501632000000
tank_0296,0.0,1501632000000
tank_0297,0.6588235294117648,1501632000000
tank_0299,22.627450980392158,1501632000000
tank_0300,4.482352941176471,1501632000000
tank_0301,3.0,1501632000000
tank_0307,0.0,1501632000000
tank_0309,5.0,1501632000000
tank_0313,0.0,1501632000000
tank_0314,0.07058823529411765,1501632000000
tank_0319,18.580392156862743,1501632000000
tank_0321,4.298039215686274,1501632000000
tank_0327,0.0,1501632000000
tank_0337,5.0,1501632000000
tank_0338,1.0,1501632000000
tank_0339,3.8078431372549018,1501632000000
tank_0342,1.2980392156862743,1501632000000
tank_0345,0.0,1501632000000
tank_0346,3.0823529411764703,1501632000000
tank_0349,1.0,1501632000000
tank_0350,3.5843137254901962,1501632000000
tank_0353,77.40392156862748,1501632000000
tank_0356,0.0,1501632000000
tank_0360,0.6862745098039216,1501632000000
tank_0361,24.63529411764706,1501632000000
tank_0362,0.0,1501632000000
tank_0364,5.199999999999999,1501632000000
tank_0366,19.615686274509805,1501632000000
tank_0369,0.0,1501632000000
tank_0375,0.0,1501632000000
tank_0379,10.992156862745098,1501632000000
tank_0381,0.0,1501632000000
tank_0386,0.0,1501632000000
tank_0390,32.0,1501632000000
tank_0397,1.1372549019607843,1501632000000
tank_0399,0.0,1501632000000
tank_0404,3.4784313725490197,1501632000000
tank_0409,0.0,1501632000000
tank_0420,0.0,1501632000000
tank_0425,0.0,1501632000000
tank_0431,0.0,1501632000000
tank_0432,0.3058823529411765,1501632000000
tank_0435,0.0,1501632000000
tank_0436,3.635294117647059,1501632000000
tank_0438,1.0705882352941176,1501632000000
tank_0443,0.0,1501632000000
tank_0444,8.0,1501632000000
tank_0447,21.870588235294118,1501632000000
tank_0448,0.0,1501632000000
tank_0449,0.0,1501632000000
tank_0455,0.0,1501632000000
tank_0460,0.0,1501632000000
tank_0462,0.0,1501632000000
tank_0466,1.0,1501632000000
tank_0471,0.0,1501632000000
tank_0473,0.0,1501632000000
tank_0474,1.2431372549019608,1501632000000
tank_0481,24.792156862745102,1501632000000
tank_0485,0.0,1501632000000
tank_0489,0.0,1501632000000
tank_0491,2.984313725490196,1501632000000
tank_0494,0.0,1501632000000
tank_0497,1.9686274509803923,1501632000000
tank_0498,0.0,1501632000000
tank_0502,0.0,1501632000000
tank_0505,0.0,1501632000000
tank_0509,0.0,1501632000000
tank_0512,0.0,1501632000000
tank_0514,0.0,1501632000000
tank_0515,0.0,1501632000000
tank_0521,0.0,1501632000000
tank_0524,0.0,1501632000000
tank_0526,18.0,1501632000000
tank_0533,0.0,1501632000000
tank_0534,0.0,1501632000000
tank_0536,0.0,1501632000000
tank_0537,0.0,1501632000000
tank_0541,12.0,1501632000000
tank_0547,0.0,1501632000000
tank_0552,0.0,1501632000000
tank_0555,2.0,1501632000000
tank_0556,2.976470588235294,1501632000000
tank_0557,1.1254901960784314,1501632000000
tank_0560,12.992156862745098,1501632000000
tank_0561,13.03921568627451,1501632000000
tank_0566,1.0,1501632000000
tank_0567,0.0,1501632000000
tank_0568,14.062745098039215,1501632000000
tank_0574,0.0,1501632000000
tank_0579,0.0,1501632000000
tank_0583,0.0,1501632000000
tank_0587,0.0,1501632000000
tank_0589,0.0,1501632000000
tank_0590,2.0,1501632000000
tank_0592,1.0,1501632000000
tank_0593,0.0,1501632000000
tank_0595,1.4980392156862745,1501632000000
tank_0600,9.0,1501632000000
tank_0604,2.623529411764706,1501632000000
tank_0606,2.0,1501632000000
tank_0607,0.09019607843137255,1501632000000
tank_0608,0.0,1501632000000
tank_0610,0.0,1501632000000
tank_0611,1.0,1501632000000
tank_0612,0.0,1501632000000
tank_0613,2.9450980392156865,1501632000000
tank_0619,0.0,1501632000000
tank_0626,0.0,1501632000000
tank_0627,0.0,1501632000000
tank_0628,0.0,1501632000000
tank_0632,0.0,1501632000000
tank_0633,0.0,1501632000000
tank_0639,1.0,1501632000000
tank_0640,0.11764705882352941,1501632000000
tank_0641,0.0,1501632000000
tank_0643,0.0,1501632000000
tank_0646,0.8745098039215686,1501632000000
tank_0663,2.0,1501632000000
tank_0664,0.0,1501632000000
tank_0666,0.0,1501632000000
tank_0667,0.0,1501632000000
tank_0670,0.0,1501632000000
tank_0675,0.0,1501632000000
tank_0676,0.0,1501632000000
tank_0678,3.650980392156863,1501632000000
tank_0681,0.0,1501632000000
tank_0687,0.0,1501632000000
tank_0688,4.0,1501632000000
tank_0697,2.0,1501632000000
tank_0720,0.0,1501632000000
tank_0722,0.0,1501632000000
tank_0724,2.0,1501632000000
tank_0725,3.0,1501632000000
tank_0728,4.0,1501632000000
tank_0730,2.2509803921568627,1501632000000
tank_0731,0.0,1501632000000
tank_0732,0.0,1501632000000
tank_0737,0.0,1501632000000
tank_0739,1.203921568627451,1501632000000
tank_0740,29.23921568627451,1501632000000
tank_0746,0.0,1501632000000
tank_0748,0.0,1501632000000
tank_0749,12.415686274509802,1501632000000
tank_0752,0.0196078431372549,1501632000000
tank_0760,10.0,1501632000000
tank_0770,0.0,1501632000000
tank_0772,4.68235294117647,1501632000000
tank_0788,27.64705882352941,1501632000000
tank_0789,5.686274509803922,1501632000000
tank_0792,123.77254901960782,1501632000000
tank_0797,0.0,1501632000000
tank_0800,43.0,1501632000000
tank_0802,0.0,1501632000000
tank_0803,7.776470588235294,1501632000000
tank_0808,8.866666666666667,1501632000000
tank_0810,0.0,1501632000000
tank_0811,10.090196078431372,1501632000000
tank_0812,0.0,1501632000000
tank_0813,0.4549019607843137,1501632000000
tank_0816,0.0,1501632000000
tank_0819,0.0,1501632000000
tank_0823,0.0,1501632000000
tank_0824,0.0,1501632000000
tank_0825,0.0,1501632000000
tank_0828,0.0,1501632000000
tank_0829,0.0,1501632000000
tank_0830,0.0,1501632000000
tank_0831,11.898039215686277,1501632000000
tank_0844,0.0,1501632000000
tank_0852,10.0,1501632000000
tank_0855,0.0,1501632000000
tank_0856,0.0,1501632000000
tank_0860,0.0,1501632000000
tank_0861,0.5254901960784314,1501632000000
tank_0872,0.0,1501632000000
tank_0875,5.0,1501632000000
tank_0879,0.0,1501632000000
tank_0885,0.0,1501632000000
tank_0891,0.0,1501632000000
tank_0894,18.0,1501632000000
tank_0898,0.0,1501632000000
tank_0900,8.0,1501632000000
tank_0901,0.0,1501632000000
tank_0902,0.0,1501632000000
tank_0914,0.0,1501632000000
tank_0917,0.0,1501632000000
tank_0919,0.0,1501632000000
tank_0920,1.3176470588235294,1501632000000
tank_0922,0.0,1501632000000
tank_0923,3.0,1501632000000
tank_0924,35.77254901960784,1501632000000
tank_0926,92.06666666666666,1501632000000
tank_0927,5.862745098039214,1501632000000
tank_0928,0.0,1501632000000
tank_0930,0.0,1501632000000
tank_0931,0.0,1501632000000
tank_0933,28.73725490196079,1501632000000
tank_0934,35.07058823529412,1501632000000
tank_0937,4.729411764705882,1501632000000
tank_0938,15.04313725490196,1501632000000
tank_0939,0.0,1501632000000
tank_0944,0.0,1501632000000
tank_0946,84.11764705882352,1501632000000
tank_0952,1.188235294117647,1501632000000
tank_0958,1.0,1501632000000
tank_0962,0.0,1501632000000
tank_0967,2.3450980392156864,1501632000000
tank_0975,1.6352941176470588,1501632000000
tank_0978,57.674509803921566,1501632000000
tank_0990,0.0,1501632000000
tank_0991,0.0,1501632000000
tank_0998,3.5254901960784313,1501632000000
tank_0999,5.313725490196078,1501632000000
tank_1003,16.0,1501632000000
tank_1004,0.3254901960784314,1501632000000
tank_1014,0.0,1501632000000
tank_1026,0.0,1501632000000
tank_1031,0.0,1501632000000
tank_1032,3.0,1501632000000
tank_1034,0.0,1501632000000
tank_1042,0.0,1501632000000
tank_1045,0.0,1501632000000
tank_1049,0.0,1501632000000
tank_1055,0.0,1501632000000
tank_1061,0.0,1501632000000
tank_1062,0.0,1501632000000
tank_1064,0.0,1501632000000
tank_1065,1.0,1501632000000
tank_1066,75.11372549019609,1501632000000
tank_1070,0.0,1501632000000
tank_1073,6.0,1501632000000
tank_1083,0.0,1501632000000
tank_1086,19.392156862745097,1501632000000
tank_1088,11.0,1501632000000
tank_1089,0.0,1501632000000
tank_1090,0.0,1501632000000
tank_1091,15.701960784313725,1501632000000
tank_1094,0.0,1501632000000
tank_1095,0.0,1501632000000
tank_1104,0.0,1501632000000
tank_1113,0.0,1501632000000
tank_1116,0.0,1501632000000
tank_1117,0.0,1501632000000
tank_1120,15.0,1501632000000
tank_1121,0.0,1501632000000
tank_1124,0.0,1501632000000
tank_1128,0.0,1501632000000
tank_1134,0.0,1501632000000
tank_1135,0.0,1501632000000
tank_1146,0.0,1501632000000
tank_1149,15.074509803921568,1501632000000
tank_1156,0.0,1501632000000
tank_1157,14.498039215686276,1501632000000
tank_1159,0.0,1501632000000
tank_1160,0.0,1501632000000
tank_1166,0.0,1501632000000
tank_1170,26.96862745098039,1501632000000
tank_1175,0.0,1501632000000
tank_1177,0.0,1501632000000
tank_1179,0.0,1501632000000
tank_1181,0.0,1501632000000
tank_1186,0.0,1501632000000
tank_1187,8.0,1501632000000
tank_1190,1.7490196078431373,1501632000000
tank_1192,2.372549019607843,1501632000000
tank_1196,0.0,1501632000000
tank_1197,0.0,1501632000000
tank_1201,0.0,1501632000000
tank_1203,40.98823529411766,1501632000000
tank_1205,0.0,1501632000000
tank_1209,27.0,1501632000000
tank_1217,0.0,1501632000000
tank_1223,1.0,1501632000000
tank_1226,0.0,1501632000000
tank_1228,0.0,1501632000000
tank_1230,0.0,1501632000000
tank_1237,0.0,1501632000000
tank_1239,0.0,1501632000000
tank_1245,0.0,1501632000000
tank_1246,0.0,1501632000000
tank_1250,4.4980392156862745,1501632000000
tank_1254,0.0,1501632000000
tank_1255,12.36078431372549,1501632000000
tank_1258,0.0,1501632000000
tank_1261,4.654901960784313,1501632000000
tank_1262,3.9568627450980394,1501632000000
tank_1263,0.0,1501632000000
tank_1265,0.0,1501632000000
tank_1270,0.0,1501632000000
tank_1272,1.0,1501632000000
tank_1275,0.0,1501632000000
tank_1276,0.0,1501632000000
tank_1279,0.0,1501632000000
tank_1280,11.984313725490196,1501632000000
tank_1284,0.0,1501632000000
tank_1285,0.9450980392156862,1501632000000
tank_1286,0.0,1501632000000
tank_1290,0.0,1501632000000
tank_1291,0.0,1501632000000
tank_1293,0.0,1501632000000
tank_1295,12.533333333333335,1501632000000
tank_1297,0.0,1501632000000
tank_1301,0.0,1501632000000
tank_1302,0.0,1501632000000
tank_1304,6.741176470588234,1501632000000
tank_1305,0.0,1501632000000
tank_1313,0.0,1501632000000
tank_1322,0.0,1501632000000
tank_1325,0.0,1501632000000
tank_1326,4.031372549019608,1501632000000
tank_1344,0.0,1501632000000
tank_1346,0.0,1501632000000
tank_1349,0.0,1501632000000
tank_1353,64.0,1501632000000
tank_1358,0.0,1501632000000
tank_1359,0.5294117647058824,1501632000000
tank_1361,0.0,1501632000000
tank_1364,2.0,1501632000000
tank_1365,0.0,1501632000000
tank_1372,0.0,1501632000000
tank_1374,49.0,1501632000000
tank_1378,0.0,1501632000000
tank_1380,0.0,1501632000000
tank_1386,0.0,1501632000000
tank_1391,0.0,1501632000000
tank_1393,0.0,1501632000000
tank_1396,0.0,1501632000000
tank_1397,0.27058823529411763,1501632000000
tank_1403,0.0,1501632000000
tank_1409,0.0,1501632000000
tank_1412,0.0,1501632000000
tank_1415,0.0,1501632000000
tank_1416,2.368627450980392,1501632000000
tank_1421,0.0,1501632000000
tank_1422,8.768627450980393,1501632000000
tank_1425,0.0,1501632000000
tank_1426,0.0,1501632000000
tank_1430,0.0,1501632000000
tank_1433,0.0,1501632000000
tank_1438,7.627450980392156,1501632000000
tank_1439,0.0,1501632000000
tank_1441,0.0,1501632000000
tank_1443,32.92549019607844,1501632000000
tank_1445,26.227450980392156,1501632000000
tank_1446,0.0,1501632000000
tank_1450,0.0,1501632000000
tank_1452,9.498039215686275,1501632000000
tank_1456,0.0,1501632000000
tank_1466,0.0,1501632000000
tank_1471,0.0,1501632000000
tank_1475,0.0,1501632000000
tank_1486,0.0,1501632000000
tank_1488,0.0,1501632000000
tank_1491,0.0,1501632000000
tank_1500,0.0,1501632000000
tank_1505,0.0,1501632000000
tank_1513,0.0,1501632000000
tank_1531,0.0,1501632000000
tank_1536,0.0,1501632000000
tank_1539,0.0,1501632000000
tank_1541,0.0,1501632000000
tank_1542,1.2117647058823529,1501632000000
tank_1547,0.0,1501632000000
tank_1563,0.0,1501632000000
tank_1564,0.0,1501632000000
tank_1565,0.0,1501632000000
tank_1567,0.0,1501632000000
tank_1568,0.0,1501632000000
tank_1573,0.0,1501632000000
tank_1583,1.4117647058823528,1501632000000
tank_1587,0.0,1501632000000
tank_1588,0.0,1501632000000
tank_1592,0.0,1501632000000
tank_1594,0.0,1501632000000
tank_1595,0.0,1501632000000
tank_1597,2.0,1501632000000
tank_1598,0.0,1501632000000
tank_1600,2.023529411764706,1501632000000
tank_1604,1.0,1501632000000
tank_0002,0.0,1502668800000
tank_0004,0.0,1502668800000
tank_0005,0.0,1502668800000
tank_0011,0.0,1502668800000
tank_0014,0.0,1502668800000
tank_0019,2.0,1502668800000
tank_0024,0.0,1502668800000
tank_0025,0.7215686274509804,1502668800000
tank_0026,6.12156862745098,1502668800000
tank_0027,1.0,1502668800000
tank_0030,0.0,1502668800000
tank_0031,0.0,1502668800000
tank_0036,0.0,1502668800000
tank_0037,0.0,1502668800000
tank_0038,16.694117647058825,1502668800000
tank_0050,60.83921568627451,1502668800000
tank_0051,5.050980392156863,1502668800000
tank_0052,13.294117647058822,1502668800000
tank_0053,55.51372549019608,1502668800000
tank_0055,0.5058823529411764,1502668800000
tank_0057,0.0,1502668800000
tank_0058,0.0,1502668800000
tank_0064,204.8039215686275,1502668800000
tank_0069,0.0,1502668800000
tank_0072,0.0,1502668800000
tank_0073,0.0,1502668800000
tank_0080,8.0,1502668800000
tank_0094,0.0,1502668800000
tank_0107,0.0,1502668800000
tank_0110,0.0,1502668800000
tank_0113,0.0,1502668800000
tank_0115,0.0,1502668800000
tank_0116,0.403921568627451,1502668800000
tank_0117,124.0,1502668800000
tank_0118,0.0,1502668800000
tank_0122,0.0,1502668800000
tank_0125,25.66666666666667,1502668800000
tank_0130,5.11764705882353,1502668800000
tank_0131,0.0,1502668800000
tank_0132,0.0,1502668800000
tank_0134,2.0,1502668800000
tank_0135,13.92156862745098,1502668800000
tank_0142,0.0,1502668800000
tank_0143,5.32156862745098,1502668800000
tank_0144,0.0,1502668800000
tank_0148,0.0,1502668800000
tank_0153,13.0,1502668800000
tank_0156,21.627450980392155,1502668800000
tank_0159,0.0,1502668800000
tank_0165,0.6352941176470588,1502668800000
tank_0171,5.0,1502668800000
tank_0172,1.3176470588235294,1502668800000
tank_0174,1.5333333333333332,1502668800000
tank_0176,8.0,1502668800000
tank_0184,3.0,1502668800000
tank_0187,0.0,1502668800000
tank_0190,2.372549019607843,1502668800000
tank_0192,0.0,1502668800000
tank_0193,0.0,1502668800000
tank_0195,2.576470588235294,1502668800000
tank_0199,0.0,1502668800000
tank_0204,0.0,1502668800000
tank_0205,0.0,1502668800000
tank_0207,0.0,1502668800000
tank_0209,0.0,1502668800000
tank_0213,0.0,1502668800000
tank_0217,0.0,1502668800000
tank_0220,0.0,1502668800000
tank_0221,0.35294117647058826,1502668800000
tank_0225,0.0,1502668800000
tank_0226,0.0,1502668800000
tank_0228,0.0,1502668800000
tank_0229,14.525490196078433,1502668800000
tank_0231,0.0,1502668800000
tank_0233,0.0,1502668800000
tank_0236,9.0,1502668800000
tank_0237,12.56078431372549,1502668800000
tank_0240,0.592156862745098,1502668800000
tank_0242,0.0,1502668800000
tank_0245,2.7921568627450983,1502668800000
tank_0247,9.0,1502668800000
tank_0256,0.0,1502668800000
tank_0257,0.0,1502668800000
tank_0260,1.4941176470588236,1502668800000
tank_0261,0.0,1502668800000
tank_0264,0.0,1502668800000
tank_0273,15.0,1502668800000
tank_0276,1.0,1502668800000
tank_0278,3.8745098039215686,1502668800000
tank_0280,9.631372549019607,1502668800000
tank_0291,0.0,1502668800000
tank_0292,9.768627450980391,1502668800000
tank_0296,0.0,1502668800000
tank_0297,0.0,1502668800000
tank_0299,20.415686274509802,1502668800000
tank_0300,2.6745098039215685,1502668800000
tank_0301,0.0,1502668800000
tank_0307,0.0,1502668800000
tank_0309,0.0,1502668800000
tank_0313,0.0,1502668800000
tank_0314,2.1215686274509804,1502668800000
tank_0319,10.972549019607843,1502668800000
tank_0321,3.0,1502668800000
tank_0327,0.0,1502668800000
tank_0337,8.996078431372549,1502668800000
tank_0338,0.0,1502668800000
tank_0339,0.0,1502668800000
tank_0342,0.0,1502668800000
tank_0345,5.807843137254903,1502668800000
tank_0346,2.0823529411764707,1502668800000
tank_0349,0.0,1502668800000
tank_0350,2.396078431372549,1502668800000
tank_0353,33.79607843137255,1502668800000
tank_0356,0.0,1502668800000
tank_0360,0.0,1502668800000
tank_0361,38.694117647058825,1502668800000
tank_0362,0.0,1502668800000
tank_0364,6.419607843137255,1502668800000
tank_0366,17.254901960784313,1502668800000
tank_0369,0.0,1502668800000
tank_0375,0.0,1502668800000
tank_0379,9.611764705882353,1502668800000
tank_0381,0.0,1502668800000
tank_0386,6.443137254901961,1502668800000
tank_0390,0.0,1502668800000
tank_0397,0.0,1502668800000
tank_0399,0.0,1502668800000
tank_0404,5.47843137254902,1502668800000
tank_0409,0.0,1502668800000
tank_0420,0.0,1502668800000
tank_0425,0.0,1502668800000
tank_0431,0.0,1502668800000
tank_0432,1.4627450980392158,1502668800000
tank_0435,0.0,1502668800000
tank_0436,0.0,1502668800000
tank_0438,0.0,1502668800000
tank_0443,0.0,1502668800000
tank_0444,0.0,1502668800000
tank_0447,13.0,1502668800000
tank_0448,0.0,1502668800000
tank_0449,0.0,1502668800000
tank_0455,0.0,1502668800000
tank_0460,0.0,1502668800000
tank_0462,0.0,1502668800000
tank_0466,0.0,1502668800000
tank_0471,0.0,1502668800000
tank_0473,0.0,1502668800000
tank_0474,9.0,1502668800000
tank_0481,12.125490196078431,1502668800000
tank_0485,0.0,1502668800000
tank_0489,3.8705882352941177,1502668800000
tank_0491,0.0,1502668800000
tank_0494,0.0,1502668800000
tank_0497,6.8274509803921575,1502668800000
tank_0498,0.0,1502668800000
tank_0502,0.0,1502668800000
tank_0505,1.0588235294117647,1502668800000
tank_0509,0.0,1502668800000
tank_0512,0.0,1502668800000
tank_0514,0.0,1502668800000
tank_0515,0.0,1502668800000
tank_0521,0.0,1502668800000
tank_0524,0.0,1502668800000
tank_0526,11.0,1502668800000
tank_0533,6.250980392156863,1502668800000
tank_0534,0.0,1502668800000
tank_0536,0.0,1502668800000
tank_0537,0.0,1502668800000
tank_0541,0.0,1502668800000
tank_0547,0.0,1502668800000
tank_0552,2.6588235294117646,1502668800000
tank_0555,0.0,1502668800000
tank_0556,0.0,1502668800000
tank_0557,0.0,1502668800000
tank_0560,14.415686274509802,1502668800000
tank_0561,10.149019607843137,1502668800000
tank_0566,0.0,1502668800000
tank_0567,0.0,1502668800000
tank_0568,20.945098039215686,1502668800000
tank_0574,0.0,1502668800000
tank_0579,0.0,1502668800000
tank_0583,0.0,1502668800000
tank_0587,0.0,1502668800000
tank_0589,0.0,1502668800000
tank_0590,2.0,1502668800000
tank_0592,0.0,1502668800000
tank_0593,0.0,1502668800000
tank_0595,3.0,1502668800000
tank_0600,8.094117647058823,1502668800000
tank_0604,25.75686274509804,1502668800000
tank_0606,1.0431372549019609,1502668800000
tank_0607,5.799999999999999,1502668800000
tank_0608,0.0,1502668800000
tank_0610,0.0,1502668800000
tank_0611,7.250980392156862,1502668800000
tank_0612,0.058823529411764705,1502668800000
tank_0613,6.23921568627451,1502668800000
tank_0619,2.0,1502668800000
tank_0626,0.0,1502668800000
tank_0627,0.0,1502668800000
tank_0628,0.20784313725490197,1502668800000
tank_0632,0.0,1502668800000
tank_0633,0.0,1502668800000
tank_0639,0.0,1502668800000
tank_0640,0.0,1502668800000
tank_0641,0.0,1502668800000
tank_0643,3.0,1502668800000
tank_0646,2.984313725490196,1502668800000
tank_0663,0.0,1502668800000
tank_0664,0.0,1502668800000
tank_0666,0.0,1502668800000
tank_0667,4.0,1502668800000
tank_0670,0.0,1502668800000
tank_0675,5.8235294117647065,1502668800000
tank_0676,0.0,1502668800000
tank_0678,6.35686274509804,1502668800000
tank_0681,0.0,1502668800000
tank_0687,0.0,1502668800000
tank_0688,3.0,1502668800000
tank_0697,0.0,1502668800000
tank_0720,2.623529411764706,1502668800000
tank_0722,0.0,1502668800000
tank_0724,7.0,1502668800000
tank_0725,0.0,1502668800000
tank_0728,6.921568627450981,1502668800000
tank_0730,0.0,1502668800000
tank_0731,0.0,1502668800000
tank_0732,0.0,1502668800000
tank_0737,25.0,1502668800000
tank_0739,0.0,1502668800000
tank_0740,39.30588235294118,1502668800000
tank_0746,0.0,1502668800000
tank_0748,0.0,1502668800000
tank_0749,14.552941176470588,1502668800000
tank_0752,0.0196078431372549,1502668800000
tank_0760,0.0,1502668800000
tank_0770,0.0,1502668800000
tank_0772,0.0,1502668800000
tank_0788,44.97254901960785,1502668800000
tank_0789,22.76470588235294,1502668800000
tank_0792,59.478431372549025,1502668800000
tank_0797,0.0,1502668800000
tank_0800,64.83921568627451,1502668800000
tank_0802,0.0,1502668800000
tank_0803,1.776470588235294,1502668800000
tank_0808,12.741176470588236,1502668800000
tank_0810,0.0,1502668800000
tank_0811,14.149019607843137,1502668800000
tank_0812,0.0,1502668800000
tank_0813,1.8901960784313725,1502668800000
tank_0816,0.0,1502668800000
tank_0819,5.952941176470588,1502668800000
tank_0823,0.0,1502668800000
tank_0824,0.0,1502668800000
tank_0825,0.0,1502668800000
tank_0828,0.0,1502668800000
tank_0829,1.0,1502668800000
tank_0830,0.0,1502668800000
tank_0831,17.14901960784314,1502668800000
tank_0844,0.0,1502668800000
tank_0852,9.749019607843138,1502668800000
tank_0855,0.0,1502668800000
tank_0856,0.0,1502668800000
tank_0860,0.0,1502668800000
tank_0861,0.8901960784313725,1502668800000
tank_0872,0.0,1502668800000
tank_0875,0.0,1502668800000
tank_0879,0.0,1502668800000
tank_0885,0.0,1502668800000
tank_0891,0.0,1502668800000
tank_0894,28.0,1502668800000
tank_0898,0.0,1502668800000
tank_0900,9.556862745098039,1502668800000
tank_0901,0.0,1502668800000
tank_0902,0.0,1502668800000
tank_0914,0.0,1502668800000
tank_0917,0.0,1502668800000
tank_0919,2.0,1502668800000
tank_0920,2.0,1502668800000
tank_0922,0.0,1502668800000
tank_0923,6.047058823529412,1502668800000
tank_0924,29.517647058823528,1502668800000
tank_0926,91.45490196078431,1502668800000
tank_0927,19.596078431372543,1502668800000
tank_0928,0.0,1502668800000
tank_0930,0.0,1502668800000
tank_0931,0.0,1502668800000
tank_0933,18.04705882352941,1502668800000
tank_0934,52.41960784313726,1502668800000
tank_0937,6.772549019607843,1502668800000
tank_0938,20.254901960784313,1502668800000
tank_0939,0.0,1502668800000
tank_0944,0.0,1502668800000
tank_0946,107.88235294117646,1502668800000
tank_0952,0.37254901960784315,1502668800000
tank_0958,0.0,1502668800000
tank_0962,0.0,1502668800000
tank_0967,1.0,1502668800000
tank_0975,0.0,1502668800000
tank_0978,68.71764705882353,1502668800000
tank_0990,0.0,1502668800000
tank_0991,0.0,1502668800000
tank_0998,10.560784313725488,1502668800000
tank_0999,0.0,1502668800000
tank_1003,4.0,1502668800000
tank_1004,0.0,1502668800000
tank_1014,0.0,1502668800000
tank_1026,0.0,1502668800000
tank_1031,0.0,1502668800000
tank_1032,4.870588235294118,1502668800000
tank_1034,0.0,1502668800000
tank_1042,0.0,1502668800000
tank_1045,0.0,1502668800000
tank_1049,0.0,1502668800000
tank_1055,2.7333333333333334,1502668800000
tank_1061,0.0,1502668800000
tank_1062,0.0,1502668800000
tank_1064,0.0,1502668800000
tank_1065,0.0,1502668800000
tank_1066,56.14901960784315,1502668800000
tank_1070,0.0,1502668800000
tank_1073,7.0,1502668800000
tank_1083,0.0,1502668800000
tank_1086,7.0,1502668800000
tank_1088,18.294117647058822,1502668800000
tank_1089,0.0,1502668800000
tank_1090,0.0,1502668800000
tank_1091,0.0,1502668800000
tank_1094,0.0,1502668800000
tank_1095,0.0,1502668800000
tank_1104,0.0,1502668800000
tank_1113,0.0,1502668800000
tank_1116,3.925490196078431,1502668800000
tank_1117,0.0,1502668800000
tank_1120,2.0,1502668800000
tank_1121,0.0,1502668800000
tank_1124,1.0,1502668800000
tank_1128,0.0,1502668800000
tank_1134,0.0,1502668800000
tank_1135,0.0,1502668800000
tank_1146,0.0,1502668800000
tank_1149,17.152941176470595,1502668800000
tank_1156,0.3686274509803922,1502668800000
tank_1157,13.964705882352943,1502668800000
tank_1159,0.0,1502668800000
tank_1160,0.0,1502668800000
tank_1166,0.5607843137254902,1502668800000
tank_1170,30.97254901960784,1502668800000
tank_1175,0.0,1502668800000
tank_1177,12.0,1502668800000
tank_1179,4.3999999999999995,1502668800000
tank_1181,0.0,1502668800000
tank_1186,0.0,1502668800000
tank_1187,0.0,1502668800000
tank_1190,7.176470588235294,1502668800000
tank_1192,20.0,1502668800000
tank_1196,0.047058823529411764,1502668800000
tank_1197,0.0,1502668800000
tank_1201,0.0,1502668800000
tank_1203,10.27843137254902,1502668800000
tank_1205,0.0,1502668800000
tank_1209,4.0,1502668800000
tank_1217,3.4745098039215687,1502668800000
tank_1223,0.0,1502668800000
tank_1226,0.0,1502668800000
tank_1228,0.0,1502668800000
tank_1230,6.749019607843138,1502668800000
tank_1237,0.0,1502668800000
tank_1239,0.0,1502668800000
tank_1245,0.8705882352941177,1502668800000
tank_1246,3.0,1502668800000
tank_1250,7.0,1502668800000
tank_1254,0.0,1502668800000
tank_1255,34.88627450980392,1502668800000
tank_1258,0.0,1502668800000
tank_1261,2.8588235294117648,1502668800000
tank_1262,2.7058823529411766,1502668800000
tank_1263,0.0,1502668800000
tank_1265,0.0,1502668800000
tank_1270,0.0,1502668800000
tank_1272,0.0,1502668800000
tank_1275,3.9019607843137254,1502668800000
tank_1276,0.0,1502668800000
tank_1279,0.0,1502668800000
tank_1280,0.0,1502668800000
tank_1284,0.0,1502668800000
tank_1285,0.0,1502668800000
tank_1286,0.0,1502668800000
tank_1290,0.0,1502668800000
tank_1291,0.0,1502668800000
tank_1293,0.0,1502668800000
tank_1295,7.827450980392157,1502668800000
tank_1297,0.0,1502668800000
tank_1301,0.0,1502668800000
tank_1302,0.0,1502668800000
tank_1304,5.584313725490196,1502668800000
tank_1305,0.0,1502668800000
tank_1313,0.0,1502668800000
tank_1322,0.0,1502668800000
tank_1325,0.0,1502668800000
tank_1326,0.0,1502668800000
tank_1344,0.0,1502668800000
tank_1346,0.0,1502668800000
tank_1349,8.0,1502668800000
tank_1353,73.0,1502668800000
tank_1358,0.0,1502668800000
tank_1359,0.0,1502668800000
tank_1361,4.0,1502668800000
tank_1364,0.0,1502668800000
tank_1365,0.0,1502668800000
tank_1372,0.0,1502668800000
tank_1374,26.0,1502668800000
tank_1378,0.0,1502668800000
tank_1380,0.0,1502668800000
tank_1386,0.0,1502668800000
tank_1391,0.0,1502668800000
tank_1393,0.0,1502668800000
tank_1396,0.0,1502668800000
tank_1397,0.0,1502668800000
tank_1403,0.0,1502668800000
tank_1409,0.0,1502668800000
tank_1412,0.0,1502668800000
tank_1415,0.0,1502668800000
tank_1416,0.23529411764705882,1502668800000
tank_1421,0.0,1502668800000
tank_1422,16.59607843137255,1502668800000
tank_1425,0.0,1502668800000
tank_1426,0.0,1502668800000
tank_1430,0.0,1502668800000
tank_1433,0.0,1502668800000
tank_1438,4.0,1502668800000
tank_1439,0.0,1502668800000
tank_1441,4.0,1502668800000
tank_1443,51.356862745098034,1502668800000
tank_1445,69.97254901960784,1502668800000
tank_1446,0.0,1502668800000
tank_1450,0.0,1502668800000
tank_1452,12.549019607843137,1502668800000
tank_1456,0.0,1502668800000
tank_1466,0.0,1502668800000
tank_1471,0.0,1502668800000
tank_1475,0.0,1502668800000
tank_1486,0.0,1502668800000
tank_1488,0.0,1502668800000
tank_1491,0.0,1502668800000
tank_1500,0.0,1502668800000
tank_1505,0.0,1502668800000
tank_1513,0.0,1502668800000
tank_1531,0.0,1502668800000
tank_1536,0.0,1502668800000
tank_1539,0.0,1502668800000
tank_1541,0.0,1502668800000
tank_1542,0.0,1502668800000
tank_1547,0.0,1502668800000
tank_1563,0.0,1502668800000
tank_1564,0.0,1502668800000
tank_1565,4.0,1502668800000
tank_1567,0.0,1502668800000
tank_1568,0.0,1502668800000
tank_1573,0.0,1502668800000
tank_1583,3.5568627450980395,1502668800000
tank_1587,0.0,1502668800000
tank_1588,0.0,1502668800000
tank_1592,0.0,1502668800000
tank_1594,0.0,1502668800000
tank_1595,0.0,1502668800000
tank_1597,0.0,1502668800000
tank_1598,0.0,1502668800000
tank_1600,3.572549019607843,1502668800000
tank_1604,0.0,1502668800000
tank_0002,0.0,1503705600000
tank_0004,0.0,1503705600000
tank_0005,0.0,1503705600000
tank_0011,0.0,1503705600000
tank_0014,0.0,1503705600000
tank_0019,0.0,1503705600000
tank_0024,0.0,1503705600000
tank_0025,0.0,1503705600000
tank_0026,0.0,1503705600000
tank_0027,0.0,1503705600000
tank_0030,0.0,1503705600000
tank_0031,6.0,1503705600000
tank_0036,0.0,1503705600000
tank_0037,0.0,1503705600000
tank_0038,0.0,1503705600000
tank_0050,0.0,1503705600000
tank_0051,0.0,1503705600000
tank_0052,0.0,1503705600000
tank_0053,0.0,1503705600000
tank_0055,0.0,1503705600000
tank_0057,0.0,1503705600000
tank_0058,0.0,1503705600000
tank_0064,0.0,1503705600000
tank_0069,0.0,1503705600000
tank_0072,0.0,1503705600000
tank_0073,0.0,1503705600000
tank_0080,7.0,1503705600000
tank_0094,0.0,1503705600000
tank_0107,0.0,1503705600000
tank_0110,0.0,1503705600000
tank_0113,0.0,1503705600000
tank_0115,0.0,1503705600000
tank_0116,0.0,1503705600000
tank_0117,0.0,1503705600000
tank_0118,0.0,1503705600000
tank_0122,0.0,1503705600000
tank_0125,0.0,1503705600000
tank_0130,0.0,1503705600000
tank_0131,0.0,1503705600000
tank_0132,0.0,1503705600000
tank_0134,0.0,1503705600000
tank_0135,0.0,1503705600000
tank_0142,0.0,1503705600000
tank_0143,0.0,1503705600000
tank_0144,0.0,1503705600000
tank_0148,0.0,1503705600000
tank_0153,0.0,1503705600000
tank_0156,0.0,1503705600000
tank_0159,0.0,1503705600000
tank_0165,0.0,1503705600000
tank_0171,0.0,1503705600000
tank_0172,0.0,1503705600000
tank_0174,0.0,1503705600000
tank_0176,0.0,1503705600000
tank_0184,0.0,1503705600000
tank_0187,0.0,1503705600000
tank_0190,0.0,1503705600000
tank_0192,0.0,1503705600000
tank_0193,0.0,1503705600000
tank_0195,0.0,1503705600000
tank_0199,0.0,1503705600000
tank_0204,0.0,1503705600000
tank_0205,0.0,1503705600000
tank_0207,0.0,1503705600000
tank_0209,0.0,1503705600000
tank_0213,0.0,1503705600000
tank_0217,0.0,1503705600000
tank_0220,0.0,1503705600000
tank_0221,0.0,1503705600000
tank_0225,0.0,1503705600000
tank_0226,0.0,1503705600000
tank_0228,0.0,1503705600000
tank_0229,0.0,1503705600000
tank_0231,0.0,1503705600000
tank_0233,0.0,1503705600000
tank_0236,0.0,1503705600000
tank_0237,0.0,1503705600000
tank_0240,0.0,1503705600000
tank_0242,0.0,1503705600000
tank_0245,0.0,1503705600000
tank_0247,0.0,1503705600000
tank_0256,0.0,1503705600000
tank_0257,0.0,1503705600000
tank_0260,0.0,1503705600000
tank_0261,0.0,1503705600000
tank_0264,0.0,1503705600000
tank_0273,2.0,1503705600000
tank_0276,0.0,1503705600000
tank_0278,0.0,1503705600000
tank_0280,0.0,1503705600000
tank_0291,0.0,1503705600000
tank_0292,0.0,1503705600000
tank_0296,0.0,1503705600000
tank_0297,0.0,1503705600000
tank_0299,0.0,1503705600000
tank_0300,0.0,1503705600000
tank_0301,0.0,1503705600000
tank_0307,0.0,1503705600000
tank_0309,0.0,1503705600000
tank_0313,0.0,1503705600000
tank_0314,0.0,1503705600000
tank_0319,0.0,1503705600000
tank_0321,0.0,1503705600000
tank_0327,0.0,1503705600000
tank_0337,0.0,1503705600000
tank_0338,0.0,1503705600000
tank_0339,0.0,1503705600000
tank_0342,0.0,1503705600000
tank_0345,0.0,1503705600000
tank_0346,0.0,1503705600000
tank_0349,0.0,1503705600000
tank_0350,0.0,1503705600000
tank_0353,0.0,1503705600000
tank_0356,0.0,1503705600000
tank_0360,0.0,1503705600000
tank_0361,0.0,1503705600000
tank_0362,0.0,1503705600000
tank_0364,0.0,1503705600000
tank_0366,1.0,1503705600000
tank_0369,0.0,1503705600000
tank_0375,0.0,1503705600000
tank_0379,0.0,1503705600000
tank_0381,0.0,1503705600000
tank_0386,0.0,1503705600000
tank_0390,0.0,1503705600000
tank_0397,0.0,1503705600000
tank_0399,0.0,1503705600000
tank_0404,1.0,1503705600000
tank_0409,0.0,1503705600000
tank_0420,0.0,1503705600000
tank_0425,0.0,1503705600000
tank_0431,0.0,1503705600000
tank_0432,0.0,1503705600000
tank_0435,0.0,1503705600000
tank_0436,0.0,1503705600000
tank_0438,0.0,1503705600000
tank_0443,0.0,1503705600000
tank_0444,0.0,1503705600000
tank_0447,0.0,1503705600000
tank_0448,0.0,1503705600000
tank_0449,0.0,1503705600000
tank_0455,0.0,1503705600000
tank_0460,0.0,1503705600000
tank_0462,0.0,1503705600000
tank_0466,0.0,1503705600000
tank_0471,0.0,1503705600000
tank_0473,0.0,1503705600000
tank_0474,0.0,1503705600000
tank_0481,0.0,1503705600000
tank_0485,0.0,1503705600000
tank_0489,0.0,1503705600000
tank_0491,0.0,1503705600000
tank_0494,0.0,1503705600000
tank_0497,0.0,1503705600000
tank_0498,0.0,1503705600000
tank_0502,0.0,1503705600000
tank_0505,0.0,1503705600000
tank_0509,0.0,1503705600000
tank_0512,0.0,1503705600000
tank_0514,0.0,1503705600000
tank_0515,0.0,1503705600000
tank_0521,0.0,1503705600000
tank_0524,0.0,1503705600000
tank_0526,7.0,1503705600000
tank_0533,0.0,1503705600000
tank_0534,0.0,1503705600000
tank_0536,0.0,1503705600000
tank_0537,0.0,1503705600000
tank_0541,0.0,1503705600000
tank_0547,0.0,1503705600000
tank_0552,0.0,1503705600000
tank_0555,0.0,1503705600000
tank_0556,0.0,1503705600000
tank_0557,0.0,1503705600000
tank_0560,0.0,1503705600000
tank_0561,0.0,1503705600000
tank_0566,0.0,1503705600000
tank_0567,0.0,1503705600000
tank_0568,0.0,1503705600000
tank_0574,0.0,1503705600000
tank_0579,0.0,1503705600000
tank_0583,2.0,1503705600000
tank_0587,0.0,1503705600000
tank_0589,0.0,1503705600000
tank_0590,0.0,1503705600000
tank_0592,0.0,1503705600000
tank_0593,0.0,1503705600000
tank_0595,0.0,1503705600000
tank_0600,0.0,1503705600000
tank_0604,0.0,1503705600000
tank_0606,0.0,1503705600000
tank_0607,0.0,1503705600000
tank_0608,0.0,1503705600000
tank_0610,0.0,1503705600000
tank_0611,0.0,1503705600000
tank_0612,0.0,1503705600000
tank_0613,0.0,1503705600000
tank_0619,0.0,1503705600000
tank_0626,0.0,1503705600000
tank_0627,0.0,1503705600000
tank_0628,0.0,1503705600000
tank_0632,0.0,1503705600000
tank_0633,0.0,1503705600000
tank_0639,0.0,1503705600000
tank_0640,0.0,1503705600000
tank_0641,0.0,1503705600000
tank_0643,0.0,1503705600000
tank_0646,0.0,1503705600000
tank_0663,0.0,1503705600000
tank_0664,0.0,1503705600000
tank_0666,0.0,1503705600000
tank_0667,0.0,1503705600000
tank_0670,0.0,1503705600000
tank_0675,0.0,1503705600000
tank_0676,0.0,1503705600000
tank_0678,0.0,1503705600000
tank_0681,0.0,1503705600000
tank_0687,0.0,1503705600000
tank_0688,0.0,1503705600000
tank_0697,0.0,1503705600000
tank_0720,0.0,1503705600000
tank_0722,0.0,1503705600000
tank_0724,0.0,1503705600000
tank_0725,0.0,1503705600000
tank_0728,0.0,1503705600000
tank_0730,0.0,1503705600000
tank_0731,0.0,1503705600000
tank_0732,0.0,1503705600000
tank_0737,0.0,1503705600000
tank_0739,0.0,1503705600000
tank_0740,0.0,1503705600000
tank_0746,0.0,1503705600000
tank_0748,0.0,1503705600000
tank_0749,0.0,1503705600000
tank_0752,0.0,1503705600000
tank_0760,0.0,1503705600000
tank_0770,0.0,1503705600000
tank_0772,0.0,1503705600000
tank_0788,18.0,1503705600000
tank_0789,0.0,1503705600000
tank_0792,11.768627450980393,1503705600000
tank_0797,0.0,1503705600000
tank_0800,0.0,1503705600000
tank_0802,0.0,1503705600000
tank_0803,0.7607843137254902,1503705600000
tank_0808,2.0,1503705600000
tank_0810,0.0,1503705600000
tank_0811,5.0,1503705600000
tank_0812,0.0,1503705600000
tank_0813,0.0,1503705600000
tank_0816,0.0,1503705600000
tank_0819,0.0,1503705600000
tank_0823,0.0,1503705600000
tank_0824,0.0,1503705600000
tank_0825,0.0,1503705600000
tank_0828,0.0,1503705600000
tank_0829,0.0,1503705600000
tank_0830,0.0,1503705600000
tank_0831,0.0,1503705600000
tank_0844,0.0,1503705600000
tank_0852,0.0,1503705600000
tank_0855,0.0,1503705600000
tank_0856,0.0,1503705600000
tank_0860,0.0,1503705600000
tank_0861,0.0,1503705600000
tank_0872,0.0,1503705600000
tank_0875,0.0,1503705600000
tank_0879,0.0,1503705600000
tank_0885,0.0,1503705600000
tank_0891,0.0,1503705600000
tank_0894,0.0,1503705600000
tank_0898,0.0,1503705600000
tank_0900,0.0,1503705600000
tank_0901,0.0,1503705600000
tank_0902,0.0,1503705600000
tank_0914,0.0,1503705600000
tank_0917,0.0,1503705600000
tank_0919,0.0,1503705600000
tank_0920,0.0,1503705600000
tank_0922,0.0,1503705600000
tank_0923,0.0,1503705600000
tank_0924,0.0,1503705600000
tank_0926,0.0,1503705600000
tank_0927,0.0,1503705600000
tank_0928,0.0,1503705600000
tank_0930,0.0,1503705600000
tank_0931,0.0,1503705600000
tank_0933,0.0,1503705600000
tank_0934,0.0,1503705600000
tank_0937,0.0,1503705600000
tank_0938,0.0,1503705600000
tank_0939,0.0,1503705600000
tank_0944,0.0,1503705600000
tank_0946,0.0,1503705600000
tank_0952,0.0,1503705600000
tank_0958,0.0,1503705600000
tank_0962,0.0,1503705600000
tank_0967,0.0,1503705600000
tank_0975,0.0,1503705600000
tank_0978,0.0,1503705600000
tank_0990,0.0,1503705600000
tank_0991,0.0,1503705600000
tank_0998,0.0,1503705600000
tank_0999,0.0,1503705600000
tank_1003,0.0,1503705600000
tank_1004,0.0,1503705600000
tank_1014,0.0,1503705600000
tank_1026,0.0,1503705600000
tank_1031,0.0,1503705600000
tank_1032,0.0,1503705600000
tank_1034,0.0,1503705600000
tank_1042,0.0,1503705600000
tank_1045,0.0,1503705600000
tank_1049,0.0,1503705600000
tank_1055,1.6235294117647059,1503705600000
tank_1061,0.0,1503705600000
tank_1062,0.0,1503705600000
tank_1064,0.0,1503705600000
tank_1065,0.0,1503705600000
tank_1066,2.796078431372549,1503705600000
tank_1070,0.0,1503705600000
tank_1073,0.0,1503705600000
tank_1083,0.0,1503705600000
tank_1086,0.0,1503705600000
tank_1088,0.0,1503705600000
tank_1089,0.0,1503705600000
tank_1090,0.0,1503705600000
tank_1091,0.0,1503705600000
tank_1094,0.0,1503705600000
tank_1095,0.0,1503705600000
tank_1104,0.0,1503705600000
tank_1113,0.0,1503705600000
tank_1116,0.0,1503705600000
tank_1117,0.0,1503705600000
tank_1120,3.0,1503705600000
tank_1121,0.0,1503705600000
tank_1124,0.0,1503705600000
tank_1128,0.0,1503705600000
tank_1134,0.0,1503705600000
tank_1135,0.0,1503705600000
tank_1146,0.0,1503705600000
tank_1149,0.0,1503705600000
tank_1156,0.0,1503705600000
tank_1157,9.392156862745098,1503705600000
tank_1159,0.0,1503705600000
tank_1160,0.0,1503705600000
tank_1166,0.0,1503705600000
tank_1170,1.2431372549019608,1503705600000
tank_1175,0.0,1503705600000
tank_1177,0.0,1503705600000
tank_1179,0.0,1503705600000
tank_1181,0.0,1503705600000
tank_1186,0.0,1503705600000
tank_1187,0.0,1503705600000
tank_1190,0.0,1503705600000
tank_1192,0.0,1503705600000
tank_1196,0.0,1503705600000
tank_1197,0.0,1503705600000
tank_1201,0.0,1503705600000
tank_1203,0.0,1503705600000
tank_1205,0.0,1503705600000
tank_1209,0.0,1503705600000
tank_1217,0.0,1503705600000
tank_1223,0.0,1503705600000
tank_1226,0.0,1503705600000
tank_1228,0.0,1503705600000
tank_1230,0.0,1503705600000
tank_1237,0.0,1503705600000
tank_1239,0.0,1503705600000
tank_1245,0.0,1503705600000
tank_1246,0.0,1503705600000
tank_1250,0.0,1503705600000
tank_1254,0.0,1503705600000
tank_1255,0.0,1503705600000
tank_1258,0.0,1503705600000
tank_1261,0.0,1503705600000
tank_1262,0.0,1503705600000
tank_1263,0.0,1503705600000
tank_1265,0.0,1503705600000
tank_1270,0.0,1503705600000
tank_1272,0.0,1503705600000
tank_1275,0.0,1503705600000
tank_1276,0.0,1503705600000
tank_1279,0.0,1503705600000
tank_1280,0.0,1503705600000
tank_1284,0.0,1503705600000
tank_1285,0.0,1503705600000
tank_1286,0.0,1503705600000
tank_1290,0.0,1503705600000
tank_1291,0.0,1503705600000
tank_1293,0.0,1503705600000
tank_1295,0.0,1503705600000
tank_1297,0.0,1503705600000
tank_1301,0.0,1503705600000
tank_1302,0.0,1503705600000
tank_1304,0.0,1503705600000
tank_1305,0.0,1503705600000
tank_1313,0.0,1503705600000
tank_1322,0.0,1503705600000
tank_1325,0.0,1503705600000
tank_1326,0.0,1503705600000
tank_1344,0.0,1503705600000
tank_1346,0.0,1503705600000
tank_1349,0.0,1503705600000
tank_1353,11.0,1503705600000
tank_1358,0.0,1503705600000
tank_1359,0.0,1503705600000
tank_1361,0.0,1503705600000
tank_1364,0.0,1503705600000
tank_1365,0.0,1503705600000
tank_1372,0.0,1503705600000
tank_1374,0.0,1503705600000
tank_1378,0.0,1503705600000
tank_1380,0.0,1503705600000
tank_1386,0.0,1503705600000
tank_1391,0.0,1503705600000
tank_1393,0.0,1503705600000
tank_1396,0.0,1503705600000
tank_1397,0.0,1503705600000
tank_1403,0.0,1503705600000
tank_1409,0.0,1503705600000
tank_1412,0.0,1503705600000
tank_1415,0.0,1503705600000
tank_1416,0.0,1503705600000
tank_1421,0.0,1503705600000
tank_1422,0.0,1503705600000
tank_1425,0.0,1503705600000
tank_1426,0.0,1503705600000
tank_1430,0.0,1503705600000
tank_1433,0.0,1503705600000
tank_1438,0.0,1503705600000
tank_1439,0.0,1503705600000
tank_1441,0.0,1503705600000
tank_1443,0.0,1503705600000
tank_1445,0.0,1503705600000
tank_1446,0.0,1503705600000
tank_1450,0.0,1503705600000
tank_1452,0.0,1503705600000
tank_1456,0.0,1503705600000
tank_1466,0.0,1503705600000
tank_1471,0.0,1503705600000
tank_1475,0.0,1503705600000
tank_1486,0.0,1503705600000
tank_1488,0.0,1503705600000
tank_1491,0.0,1503705600000
tank_1500,0.0,1503705600000
tank_1505,0.0,1503705600000
tank_1513,0.0,1503705600000
tank_1531,0.0,1503705600000
tank_1536,0.0,1503705600000
tank_1539,0.0,1503705600000
tank_1541,0.0,1503705600000
tank_1542,0.0,1503705600000
tank_1547,0.0,1503705600000
tank_1563,0.0,1503705600000
tank_1564,0.0,1503705600000
tank_1565,0.0,1503705600000
tank_1567,0.0,1503705600000
tank_1568,0.0,1503705600000
tank_1573,0.0,1503705600000
tank_1583,0.0,1503705600000
tank_1587,0.0,1503705600000
tank_1588,0.0,1503705600000
tank_1592,0.0,1503705600000
tank_1594,0.0,1503705600000
tank_1595,0.0,1503705600000
tank_1597,0.0,1503705600000
tank_1598,0.0,1503705600000
tank_1600,0.0,1503705600000
tank_1604,0.0,1503705600000
tank_0002,0.0,1504742400000
tank_0004,0.0,1504742400000
tank_0005,0.0,1504742400000
tank_0011,0.0,1504742400000
tank_0014,0.0,1504742400000
tank_0019,0.0,1504742400000
tank_0024,0.0,1504742400000
tank_0025,0.0,1504742400000
tank_0026,0.0,1504742400000
tank_0027,0.0,1504742400000
tank_0030,0.0,1504742400000
tank_0031,0.0,1504742400000
tank_0036,0.0,1504742400000
tank_0037,0.0,1504742400000
tank_0038,0.0,1504742400000
tank_0050,0.0,1504742400000
tank_0051,0.0,1504742400000
tank_0052,0.0,1504742400000
tank_0053,0.0,1504742400000
tank_0055,0.0,1504742400000
tank_0057,0.0,1504742400000
tank_0058,0.0,1504742400000
tank_0064,0.0,1504742400000
tank_0069,0.0,1504742400000
tank_0072,0.0,1504742400000
tank_0073,0.0,1504742400000
tank_0080,3.0,1504742400000
tank_0094,0.0,1504742400000
tank_0107,0.0,1504742400000
tank_0110,2.0,1504742400000
tank_0113,0.0,1504742400000
tank_0115,0.0,1504742400000
tank_0116,0.0,1504742400000
tank_0117,0.0,1504742400000
tank_0118,0.0,1504742400000
tank_0122,0.0,1504742400000
tank_0125,0.0,1504742400000
tank_0130,0.0,1504742400000
tank_0131,0.0,1504742400000
tank_0132,0.0,1504742400000
tank_0134,0.0,1504742400000
tank_0135,0.0,1504742400000
tank_0142,0.0,1504742400000
tank_0143,0.0,1504742400000
tank_0144,0.0,1504742400000
tank_0148,0.0,1504742400000
tank_0153,0.0,1504742400000
tank_0156,0.0,1504742400000
tank_0159,0.0,1504742400000
tank_0165,0.0,1504742400000
tank_0171,0.0,1504742400000
tank_0172,0.0,1504742400000
tank_0174,0.0,1504742400000
tank_0176,0.0,1504742400000
tank_0184,0.0,1504742400000
tank_0187,0.0,1504742400000
tank_0190,0.0,1504742400000
tank_0192,0.0,1504742400000
tank_0193,0.0,1504742400000
tank_0195,0.0,1504742400000
tank_0199,0.0,1504742400000
tank_0204,0.0,1504742400000
tank_0205,0.0,1504742400000
tank_0207,0.0,1504742400000
tank_0209,0.0,1504742400000
tank_0213,1.0,1504742400000
tank_0217,0.0,1504742400000
tank_0220,0.0,1504742400000
tank_0221,0.0,1504742400000
tank_0225,0.0,1504742400000
tank_0226,0.0,1504742400000
tank_0228,0.0,1504742400000
tank_0229,0.0,1504742400000
tank_0231,0.0,1504742400000
tank_0233,0.0,1504742400000
tank_0236,0.0,1504742400000
tank_0237,0.0,1504742400000
tank_0240,0.0,1504742400000
tank_0242,14.807843137254903,1504742400000
tank_0245,0.0,1504742400000
tank_0247,0.0,1504742400000
tank_0256,0.0,1504742400000
tank_0257,0.0,1504742400000
tank_0260,0.0,1504742400000
tank_0261,0.0,1504742400000
tank_0264,0.0,1504742400000
tank_0273,0.0,1504742400000
tank_0276,0.0,1504742400000
tank_0278,0.0,1504742400000
tank_0280,0.0,1504742400000
tank_0291,0.0,1504742400000
tank_0292,0.0,1504742400000
tank_0296,0.0,1504742400000
tank_0297,0.0,1504742400000
tank_0299,0.0,1504742400000
tank_0300,0.0,1504742400000
tank_0301,0.0,1504742400000
tank_0307,0.0,1504742400000
tank_0309,0.0,1504742400000
tank_0313,0.0,1504742400000
tank_0314,0.0,1504742400000
tank_0319,0.0,1504742400000
tank_0321,0.0,1504742400000
tank_0327,0.0,1504742400000
tank_0337,0.0,1504742400000
tank_0338,0.0,1504742400000
tank_0339,0.0,1504742400000
tank_0342,0.0,1504742400000
tank_0345,0.0,1504742400000
tank_0346,0.0,1504742400000
tank_0349,0.0,1504742400000
tank_0350,0.0,1504742400000
tank_0353,0.0,1504742400000
tank_0356,0.0,1504742400000
tank_0360,0.0,1504742400000
tank_0361,0.0,1504742400000
tank_0362,0.0,1504742400000
tank_0364,0.0,1504742400000
tank_0366,0.0,1504742400000
tank_0369,0.0,1504742400000
tank_0375,0.0,1504742400000
tank_0379,0.0,1504742400000
tank_0381,0.0,1504742400000
tank_0386,0.0,1504742400000
tank_0390,0.0,1504742400000
tank_0397,0.0,1504742400000
tank_0399,0.0,1504742400000
tank_0404,2.0,1504742400000
tank_0409,0.0,1504742400000
tank_0420,0.0,1504742400000
tank_0425,0.0,1504742400000
tank_0431,0.0,1504742400000
tank_0432,0.0,1504742400000
tank_0435,0.0,1504742400000
tank_0436,0.0,1504742400000
tank_0438,0.0,1504742400000
tank_0443,0.0,1504742400000
tank_0444,0.0,1504742400000
tank_0447,0.0,1504742400000
tank_0448,0.0,1504742400000
tank_0449,0.0,1504742400000
tank_0455,0.0,1504742400000
tank_0460,0.0,1504742400000
tank_0462,0.0,1504742400000
tank_0466,0.0,1504742400000
tank_0471,0.0,1504742400000
tank_0473,0.0,1504742400000
tank_0474,0.0,1504742400000
tank_0481,0.0,1504742400000
tank_0485,0.0,1504742400000
tank_0489,0.0,1504742400000
tank_0491,0.0,1504742400000
tank_0494,0.0,1504742400000
tank_0497,0.0,1504742400000
tank_0498,0.0,1504742400000
tank_0502,0.0,1504742400000
tank_0505,0.0,1504742400000
tank_0509,0.0,1504742400000
tank_0512,0.0,1504742400000
tank_0514,0.0,1504742400000
tank_0515,0.0,1504742400000
tank_0521,0.0,1504742400000
tank_0524,0.0,1504742400000
tank_0526,21.0,1504742400000
tank_0533,0.0,1504742400000
tank_0534,0.0,1504742400000
tank_0536,0.0,1504742400000
tank_0537,0.0,1504742400000
tank_0541,0.0,1504742400000
tank_0547,0.0,1504742400000
tank_0552,0.0,1504742400000
tank_0555,3.0,1504742400000
tank_0556,0.0,1504742400000
tank_0557,0.0,1504742400000
tank_0560,0.0,1504742400000
tank_0561,0.0,1504742400000
tank_0566,0.0,1504742400000
tank_0567,0.0,1504742400000
tank_0568,0.0,1504742400000
tank_0574,0.0,1504742400000
tank_0579,0.0,1504742400000
tank_0583,19.0,1504742400000
tank_0587,0.0,1504742400000
tank_0589,0.0,1504742400000
tank_0590,0.0,1504742400000
tank_0592,0.0,1504742400000
tank_0593,0.0,1504742400000
tank_0595,0.0,1504742400000
tank_0600,0.0,1504742400000
tank_0604,0.0,1504742400000
tank_0606,0.0,1504742400000
tank_0607,0.0,1504742400000
tank_0608,19.0,1504742400000
tank_0610,0.0,1504742400000
tank_0611,0.0,1504742400000
tank_0612,0.0,1504742400000
tank_0613,0.0,1504742400000
tank_0619,0.0,1504742400000
tank_0626,0.0,1504742400000
tank_0627,0.0,1504742400000
tank_0628,0.0,1504742400000
tank_0632,0.0,1504742400000
tank_0633,0.0,1504742400000
tank_0639,0.0,1504742400000
tank_0640,0.0,1504742400000
tank_0641,0.0,1504742400000
tank_0643,0.0,1504742400000
tank_0646,0.0,1504742400000
tank_0663,0.0,1504742400000
tank_0664,4.0,1504742400000
tank_0666,0.0,1504742400000
tank_0667,0.0,1504742400000
tank_0670,0.0,1504742400000
tank_0675,0.0,1504742400000
tank_0676,0.0,1504742400000
tank_0678,0.0,1504742400000
tank_0681,0.0,1504742400000
tank_0687,1.0,1504742400000
tank_0688,0.0,1504742400000
tank_0697,0.0,1504742400000
tank_0720,0.0,1504742400000
tank_0722,0.0,1504742400000
tank_0724,0.0,1504742400000
tank_0725,0.0,1504742400000
tank_0728,0.0,1504742400000
tank_0730,0.0,1504742400000
tank_0731,0.0,1504742400000
tank_0732,0.0,1504742400000
tank_0737,0.0,1504742400000
tank_0739,0.0,1504742400000
tank_0740,0.0,1504742400000
tank_0746,0.0,1504742400000
tank_0748,0.0,1504742400000
tank_0749,0.0,1504742400000
tank_0752,0.0,1504742400000
tank_0760,0.0,1504742400000
tank_0770,0.0,1504742400000
tank_0772,0.0,1504742400000
tank_0788,0.0,1504742400000
tank_0789,0.0,1504742400000
tank_0792,1.0,1504742400000
tank_0797,65.0,1504742400000
tank_0800,0.0,1504742400000
tank_0802,11.96078431372549,1504742400000
tank_0803,0.0,1504742400000
tank_0808,1.188235294117647,1504742400000
tank_0810,0.0,1504742400000
tank_0811,0.0,1504742400000
tank_0812,0.0,1504742400000
tank_0813,0.0,1504742400000
tank_0816,0.0,1504742400000
tank_0819,14.0,1504742400000
tank_0823,0.0,1504742400000
tank_0824,35.0,1504742400000
tank_0825,0.0,1504742400000
tank_0828,2.0,1504742400000
tank_0829,27.984313725490196,1504742400000
tank_0830,0.0,1504742400000
tank_0831,0.0,1504742400000
tank_0844,0.0,1504742400000
tank_0852,27.0,1504742400000
tank_0855,0.0,1504742400000
tank_0856,0.0,1504742400000
tank_0860,0.0,1504742400000
tank_0861,0.0,1504742400000
tank_0872,0.0,1504742400000
tank_0875,180.0,1504742400000
tank_0879,11.996078431372549,1504742400000
tank_0885,0.0,1504742400000
tank_0891,0.0,1504742400000
tank_0894,44.0,1504742400000
tank_0898,0.0,1504742400000
tank_0900,0.0,1504742400000
tank_0901,30.0,1504742400000
tank_0902,0.0,1504742400000
tank_0914,36.984313725490196,1504742400000
tank_0917,0.0,1504742400000
tank_0919,0.0,1504742400000
tank_0920,396.4313725490196,1504742400000
tank_0922,0.0,1504742400000
tank_0923,0.0,1504742400000
tank_0924,0.0,1504742400000
tank_0926,0.0,1504742400000
tank_0927,0.0,1504742400000
tank_0928,11.0,1504742400000
tank_0930,0.0,1504742400000
tank_0931,0.0,1504742400000
tank_0933,0.0,1504742400000
tank_0934,0.0,1504742400000
tank_0937,0.0,1504742400000
tank_0938,0.0,1504742400000
tank_0939,0.0,1504742400000
tank_0944,13.0,1504742400000
tank_0946,0.0,1504742400000
tank_0952,0.0,1504742400000
tank_0958,0.0,1504742400000
tank_0962,0.0,1504742400000
tank_0967,0.0,1504742400000
tank_0975,0.0,1504742400000
tank_0978,0.0,1504742400000
tank_0990,0.0,1504742400000
tank_0991,0.0,1504742400000
tank_0998,0.0,1504742400000
tank_0999,0.0,1504742400000
tank_1003,481.0,1504742400000
tank_1004,0.0,1504742400000
tank_1014,0.0,1504742400000
tank_1026,26.0,1504742400000
tank_1031,0.0,1504742400000
tank_1032,0.0,1504742400000
tank_1034,0.0,1504742400000
tank_1042,0.0,1504742400000
tank_1045,0.0,1504742400000
tank_1049,10.0,1504742400000
tank_1055,0.0,1504742400000
tank_1061,0.0,1504742400000
tank_1062,0.0,1504742400000
tank_1064,0.0,1504742400000
tank_1065,0.0,1504742400000
tank_1066,0.0,1504742400000
tank_1070,0.0,1504742400000
tank_1073,0.0,1504742400000
tank_1083,8.0,1504742400000
tank_1086,0.0,1504742400000
tank_1088,0.0,1504742400000
tank_1089,0.0,1504742400000
tank_1090,6.0,1504742400000
tank_1091,0.0,1504742400000
tank_1094,0.0,1504742400000
tank_1095,0.0,1504742400000
tank_1104,0.0,1504742400000
tank_1113,2.0,1504742400000
tank_1116,0.0,1504742400000
tank_1117,0.0,1504742400000
tank_1120,16.0,1504742400000
tank_1121,0.0,1504742400000
tank_1124,15.964705882352941,1504742400000
tank_1128,0.0,1504742400000
tank_1134,0.0,1504742400000
tank_1135,0.0,1504742400000
tank_1146,0.0,1504742400000
tank_1149,0.0,1504742400000
tank_1156,0.0,1504742400000
tank_1157,10.149019607843139,1504742400000
tank_1159,0.0,1504742400000
tank_1160,0.0,1504742400000
tank_1166,0.0,1504742400000
tank_1170,4.094117647058823,1504742400000
tank_1175,0.0,1504742400000
tank_1177,0.0,1504742400000
tank_1179,0.0,1504742400000
tank_1181,0.0,1504742400000
tank_1186,0.0,1504742400000
tank_1187,0.0,1504742400000
tank_1190,0.0,1504742400000
tank_1192,29.0,1504742400000
tank_1196,0.0,1504742400000
tank_1197,0.0,1504742400000
tank_1201,0.0,1504742400000
tank_1203,0.0,1504742400000
tank_1205,7.0,1504742400000
tank_1209,24.0,1504742400000
tank_1217,0.0,1504742400000
tank_1223,6.9450980392156865,1504742400000
tank_1226,0.0,1504742400000
tank_1228,67.0,1504742400000
tank_1230,0.0,1504742400000
tank_1237,0.0,1504742400000
tank_1239,0.0,1504742400000
tank_1245,0.0,1504742400000
tank_1246,239.6313725490196,1504742400000
tank_1250,0.0,1504742400000
tank_1254,0.0,1504742400000
tank_1255,0.0,1504742400000
tank_1258,0.0,1504742400000
tank_1261,0.0,1504742400000
tank_1262,0.0,1504742400000
tank_1263,0.0,1504742400000
tank_1265,6.0,1504742400000
tank_1270,3.0,1504742400000
tank_1272,0.0,1504742400000
tank_1275,0.0,1504742400000
tank_1276,0.0,1504742400000
tank_1279,0.0,1504742400000
tank_1280,0.0,1504742400000
tank_1284,0.0,1504742400000
tank_1285,0.0,1504742400000
tank_1286,33.0,1504742400000
tank_1290,0.0,1504742400000
tank_1291,0.0,1504742400000
tank_1293,0.0,1504742400000
tank_1295,0.0,1504742400000
tank_1297,23.0,1504742400000
tank_1301,0.0,1504742400000
tank_1302,0.0,1504742400000
tank_1304,0.0,1504742400000
tank_1305,10.0,1504742400000
tank_1313,0.0,1504742400000
tank_1322,0.0,1504742400000
tank_1325,0.0,1504742400000
tank_1326,0.0,1504742400000
tank_1344,0.0,1504742400000
tank_1346,0.0,1504742400000
tank_1349,0.0,1504742400000
tank_1353,38.0,1504742400000
tank_1358,0.0,1504742400000
tank_1359,0.0,1504742400000
tank_1361,0.0,1504742400000
tank_1364,139.0,1504742400000
tank_1365,0.0,1504742400000
tank_1372,0.0,1504742400000
tank_1374,30.0,1504742400000
tank_1378,0.0,1504742400000
tank_1380,0.0,1504742400000
tank_1386,0.0,1504742400000
tank_1391,0.0,1504742400000
tank_1393,42.419607843137264,1504742400000
tank_1396,2.0,1504742400000
tank_1397,0.0,1504742400000
tank_1403,18.0,1504742400000
tank_1409,0.0,1504742400000
tank_1412,0.0,1504742400000
tank_1415,0.0,1504742400000
tank_1416,0.0,1504742400000
tank_1421,0.0,1504742400000
tank_1422,0.0,1504742400000
tank_1425,0.0,1504742400000
tank_1426,0.0,1504742400000
tank_1430,0.0,1504742400000
tank_1433,0.0,1504742400000
tank_1438,0.0,1504742400000
tank_1439,0.0,1504742400000
tank_1441,0.0,1504742400000
tank_1443,0.0,1504742400000
tank_1445,58.0,1504742400000
tank_1446,0.0,1504742400000
tank_1450,0.0,1504742400000
tank_1452,0.0,1504742400000
tank_1456,20.211764705882352,1504742400000
tank_1466,0.0,1504742400000
tank_1471,0.0,1504742400000
tank_1475,0.0,1504742400000
tank_1486,0.0,1504742400000
tank_1488,0.0,1504742400000
tank_1491,0.0,1504742400000
tank_1500,16.866666666666667,1504742400000
tank_1505,0.0,1504742400000
tank_1513,0.0,1504742400000
tank_1531,41.0,1504742400000
tank_1536,0.0,1504742400000
tank_1539,0.0,1504742400000
tank_1541,0.0,1504742400000
tank_1542,0.0,1504742400000
tank_1547,0.0,1504742400000
tank_1563,0.0,1504742400000
tank_1564,0.0,1504742400000
tank_1565,39.0,1504742400000
tank_1567,0.0,1504742400000
tank_1568,0.0,1504742400000
tank_1573,0.0,1504742400000
tank_1583,66.35686274509804,1504742400000
tank_1587,0.0,1504742400000
tank_1588,0.0,1504742400000
tank_1592,0.0,1504742400000
tank_1594,0.0,1504742400000
tank_1595,0.0,1504742400000
tank_1597,0.0,1504742400000
tank_1598,5.0,1504742400000
tank_1600,0.0,1504742400000
tank_1604,0.0,1504742400000
tank_0002,0.0,1505779200000
tank_0004,0.0,1505779200000
tank_0005,0.0,1505779200000
tank_0011,0.0,1505779200000
tank_0014,0.0,1505779200000
tank_0019,0.0,1505779200000
tank_0024,0.0,1505779200000
tank_0025,0.0,1505779200000
tank_0026,0.0,1505779200000
tank_0027,0.0,1505779200000
tank_0030,0.0,1505779200000
tank_0031,0.0,1505779200000
tank_0036,0.0,1505779200000
tank_0037,0.0,1505779200000
tank_0038,0.0,1505779200000
tank_0050,0.0,1505779200000
tank_0051,0.0,1505779200000
tank_0052,0.0,1505779200000
tank_0053,0.0,1505779200000
tank_0055,0.0,1505779200000
tank_0057,0.0,1505779200000
tank_0058,1.4313725490196076,1505779200000
tank_0064,0.0,1505779200000
tank_0069,0.0,1505779200000
tank_0072,0.0,1505779200000
tank_0073,0.0,1505779200000
tank_0080,8.0,1505779200000
tank_0094,0.0,1505779200000
tank_0107,0.0,1505779200000
tank_0110,0.0,1505779200000
tank_0113,0.0,1505779200000
tank_0115,0.0,1505779200000
tank_0116,0.0,1505779200000
tank_0117,0.0,1505779200000
tank_0118,0.0,1505779200000
tank_0122,0.0,1505779200000
tank_0125,9.0,1505779200000
tank_0130,0.0,1505779200000
tank_0131,0.0,1505779200000
tank_0132,0.0,1505779200000
tank_0134,0.0,1505779200000
tank_0135,0.0,1505779200000
tank_0142,0.0,1505779200000
tank_0143,0.0,1505779200000
tank_0144,0.0,1505779200000
tank_0148,0.0,1505779200000
tank_0153,0.0,1505779200000
tank_0156,0.0,1505779200000
tank_0159,0.0,1505779200000
tank_0165,0.0,1505779200000
tank_0171,0.0,1505779200000
tank_0172,0.0,1505779200000
tank_0174,0.0,1505779200000
tank_0176,0.0,1505779200000
tank_0184,0.0,1505779200000
tank_0187,0.0,1505779200000
tank_0190,0.0,1505779200000
tank_0192,0.0,1505779200000
tank_0193,0.0,1505779200000
tank_0195,0.0,1505779200000
tank_0199,0.0,1505779200000
tank_0204,0.0,1505779200000
tank_0205,0.0,1505779200000
tank_0207,0.0,1505779200000
tank_0209,0.0,1505779200000
tank_0213,2.0,1505779200000
tank_0217,0.0,1505779200000
tank_0220,0.0,1505779200000
tank_0221,0.0,1505779200000
tank_0225,0.0,1505779200000
tank_0226,0.0,1505779200000
tank_0228,0.0,1505779200000
tank_0229,0.0,1505779200000
tank_0231,0.0,1505779200000
tank_0233,0.0,1505779200000
tank_0236,0.0,1505779200000
tank_0237,77.0,1505779200000
tank_0240,0.0,1505779200000
tank_0242,6.0,1505779200000
tank_0245,0.0,1505779200000
tank_0247,0.0,1505779200000
tank_0256,0.0,1505779200000
tank_0257,0.0,1505779200000
tank_0260,0.0,1505779200000
tank_0261,0.0,1505779200000
tank_0264,0.0,1505779200000
tank_0273,0.0,1505779200000
tank_0276,0.0,1505779200000
tank_0278,0.0,1505779200000
tank_0280,0.0,1505779200000
tank_0291,0.0,1505779200000
tank_0292,0.0,1505779200000
tank_0296,0.0,1505779200000
tank_0297,0.0,1505779200000
tank_0299,0.0,1505779200000
tank_0300,0.0,1505779200000
tank_0301,0.0,1505779200000
tank_0307,2.0,1505779200000
tank_0309,0.0,1505779200000
tank_0313,0.0,1505779200000
tank_0314,0.0,1505779200000
tank_0319,0.0,1505779200000
tank_0321,0.0,1505779200000
tank_0327,0.0,1505779200000
tank_0337,0.0,1505779200000
tank_0338,0.0,1505779200000
tank_0339,0.0,1505779200000
tank_0342,0.0,1505779200000
tank_0345,0.0,1505779200000
tank_0346,0.0,1505779200000
tank_0349,0.0,1505779200000
tank_0350,0.0,1505779200000
tank_0353,0.0,1505779200000
tank_0356,0.0,1505779200000
tank_0360,0.0,1505779200000
tank_0361,0.0,1505779200000
tank_0362,0.0,1505779200000
tank_0364,0.0,1505779200000
tank_0366,0.0,1505779200000
tank_0369,0.0,1505779200000
tank_0375,0.0,1505779200000
tank_0379,0.0,1505779200000
tank_0381,0.0,1505779200000
tank_0386,0.0,1505779200000
tank_0390,13.0,1505779200000
tank_0397,0.0,1505779200000
tank_0399,0.0,1505779200000
tank_0404,6.0,1505779200000
tank_0409,0.0,1505779200000
tank_0420,0.0,1505779200000
tank_0425,0.0,1505779200000
tank_0431,0.0,1505779200000
tank_0432,0.0,1505779200000
tank_0435,0.0,1505779200000
tank_0436,0.0,1505779200000
tank_0438,0.0,1505779200000
tank_0443,0.0,1505779200000
tank_0444,0.0,1505779200000
tank_0447,0.0,1505779200000
tank_0448,0.0,1505779200000
tank_0449,0.0,1505779200000
tank_0455,0.0,1505779200000
tank_0460,0.0,1505779200000
tank_0462,0.0,1505779200000
tank_0466,0.0,1505779200000
tank_0471,0.0,1505779200000
tank_0473,0.0,1505779200000
tank_0474,0.0,1505779200000
tank_0481,0.0,1505779200000
tank_0485,0.0,1505779200000
tank_0489,0.0,1505779200000
tank_0491,0.0,1505779200000
tank_0494,0.0,1505779200000
tank_0497,0.0,1505779200000
tank_0498,0.0,1505779200000
tank_0502,0.0,1505779200000
tank_0505,0.0,1505779200000
tank_0509,0.0,1505779200000
tank_0512,0.0,1505779200000
tank_0514,0.0,1505779200000
tank_0515,0.0,1505779200000
tank_0521,0.0,1505779200000
tank_0524,0.0,1505779200000
tank_0526,10.0,1505779200000
tank_0533,0.0,1505779200000
tank_0534,0.0,1505779200000
tank_0536,0.0,1505779200000
tank_0537,0.0,1505779200000
tank_0541,0.0,1505779200000
tank_0547,0.0,1505779200000
tank_0552,0.0,1505779200000
tank_0555,25.0,1505779200000
tank_0556,0.0,1505779200000
tank_0557,0.0,1505779200000
tank_0560,0.0,1505779200000
tank_0561,0.0,1505779200000
tank_0566,0.0,1505779200000
tank_0567,0.0,1505779200000
tank_0568,1.0,1505779200000
tank_0574,0.0,1505779200000
tank_0579,0.0,1505779200000
tank_0583,179.0,1505779200000
tank_0587,0.0,1505779200000
tank_0589,0.0,1505779200000
tank_0590,0.0,1505779200000
tank_0592,0.0,1505779200000
tank_0593,0.0,1505779200000
tank_0595,0.0,1505779200000
tank_0600,0.0,1505779200000
tank_0604,0.0,1505779200000
tank_0606,0.0,1505779200000
tank_0607,0.0,1505779200000
tank_0608,0.0,1505779200000
tank_0610,0.0,1505779200000
tank_0611,0.0,1505779200000
tank_0612,0.0,1505779200000
tank_0613,0.0,1505779200000
tank_0619,0.0,1505779200000
tank_0626,0.0,1505779200000
tank_0627,0.0,1505779200000
tank_0628,0.0,1505779200000
tank_0632,0.0,1505779200000
tank_0633,0.0,1505779200000
tank_0639,0.0,1505779200000
tank_0640,0.0,1505779200000
tank_0641,0.0,1505779200000
tank_0643,0.0,1505779200000
tank_0646,0.0,1505779200000
tank_0663,0.0,1505779200000
tank_0664,0.0,1505779200000
tank_0666,0.0,1505779200000
tank_0667,0.0,1505779200000
tank_0670,0.0,1505779200000
tank_0675,0.0,1505779200000
tank_0676,0.0,1505779200000
tank_0678,0.0,1505779200000
tank_0681,0.0,1505779200000
tank_0687,0.0,1505779200000
tank_0688,0.0,1505779200000
tank_0697,0.0,1505779200000
tank_0720,0.0,1505779200000
tank_0722,0.0,1505779200000
tank_0724,0.0,1505779200000
tank_0725,11.0,1505779200000
tank_0728,0.0,1505779200000
tank_0730,0.0,1505779200000
tank_0731,0.0,1505779200000
tank_0732,0.0,1505779200000
tank_0737,0.0,1505779200000
tank_0739,0.0,1505779200000
tank_0740,0.0,1505779200000
tank_0746,0.0,1505779200000
tank_0748,0.0,1505779200000
tank_0749,0.0,1505779200000
tank_0752,0.0,1505779200000
tank_0760,0.0,1505779200000
tank_0770,0.0,1505779200000
tank_0772,0.0,1505779200000
tank_0788,0.0,1505779200000
tank_0789,0.0,1505779200000
tank_0792,10.784313725490197,1505779200000
tank_0797,36.0,1505779200000
tank_0800,0.0,1505779200000
tank_0802,11.0,1505779200000
tank_0803,0.2627450980392157,1505779200000
tank_0808,5.352941176470588,1505779200000
tank_0810,0.0,1505779200000
tank_0811,1.0,1505779200000
tank_0812,0.0,1505779200000
tank_0813,0.0,1505779200000
tank_0816,7.87843137254902,1505779200000
tank_0819,1.0,1505779200000
tank_0823,0.0,1505779200000
tank_0824,13.0,1505779200000
tank_0825,0.0,1505779200000
tank_0828,0.0,1505779200000
tank_0829,14.0,1505779200000
tank_0830,0.0,1505779200000
tank_0831,0.0,1505779200000
tank_0844,0.0,1505779200000
tank_0852,24.109803921568627,1505779200000
tank_0855,58.0,1505779200000
tank_0856,0.0,1505779200000
tank_0860,0.0,1505779200000
tank_0861,0.0,1505779200000
tank_0872,0.0,1505779200000
tank_0875,52.43921568627451,1505779200000
tank_0879,6.996078431372549,1505779200000
tank_0885,0.0,1505779200000
tank_0891,0.0,1505779200000
tank_0894,0.0,1505779200000
tank_0898,0.0,1505779200000
tank_0900,9.525490196078431,1505779200000
tank_0901,11.0,1505779200000
tank_0902,0.0,1505779200000
tank_0914,15.984313725490196,1505779200000
tank_0917,0.0,1505779200000
tank_0919,0.0,1505779200000
tank_0920,66.0,1505779200000
tank_0922,2.0,1505779200000
tank_0923,0.0,1505779200000
tank_0924,0.0,1505779200000
tank_0926,0.0,1505779200000
tank_0927,0.0,1505779200000
tank_0928,0.0,1505779200000
tank_0930,53.0,1505779200000
tank_0931,0.0,1505779200000
tank_0933,0.0,1505779200000
tank_0934,0.0,1505779200000
tank_0937,0.0,1505779200000
tank_0938,0.0,1505779200000
tank_0939,0.0,1505779200000
tank_0944,25.0,1505779200000
tank_0946,0.0,1505779200000
tank_0952,0.0,1505779200000
tank_0958,0.0,1505779200000
tank_0962,0.0,1505779200000
tank_0967,0.0,1505779200000
tank_0975,0.0,1505779200000
tank_0978,0.0,1505779200000
tank_0990,0.0,1505779200000
tank_0991,0.0,1505779200000
tank_0998,0.0,1505779200000
tank_0999,3.890196078431373,1505779200000
tank_1003,79.0,1505779200000
tank_1004,0.0,1505779200000
tank_1014,0.0,1505779200000
tank_1026,57.0,1505779200000
tank_1031,0.0,1505779200000
tank_1032,0.0,1505779200000
tank_1034,0.0,1505779200000
tank_1042,4.0,1505779200000
tank_1045,0.0,1505779200000
tank_1049,18.0,1505779200000
tank_1055,4.541176470588235,1505779200000
tank_1061,5.0,1505779200000
tank_1062,0.0,1505779200000
tank_1064,0.0,1505779200000
tank_1065,0.0,1505779200000
tank_1066,0.0,1505779200000
tank_1070,0.0,1505779200000
tank_1073,4.0,1505779200000
tank_1083,0.0,1505779200000
tank_1086,0.0,1505779200000
tank_1088,8.72549019607843,1505779200000
tank_1089,8.0,1505779200000
tank_1090,0.0,1505779200000
tank_1091,0.0,1505779200000
tank_1094,0.0,1505779200000
tank_1095,3.0,1505779200000
tank_1104,0.0,1505779200000
tank_1113,4.0,1505779200000
tank_1116,0.0,1505779200000
tank_1117,0.0,1505779200000
tank_1120,2.0,1505779200000
tank_1121,0.0,1505779200000
tank_1124,21.619607843137256,1505779200000
tank_1128,0.0,1505779200000
tank_1134,0.0,1505779200000
tank_1135,0.0,1505779200000
tank_1146,2.0,1505779200000
tank_1149,0.0,1505779200000
tank_1156,0.0,1505779200000
tank_1157,12.964705882352943,1505779200000
tank_1159,0.0,1505779200000
tank_1160,0.0,1505779200000
tank_1166,0.0,1505779200000
tank_1170,12.63921568627451,1505779200000
tank_1175,0.0,1505779200000
tank_1177,0.0,1505779200000
tank_1179,0.0,1505779200000
tank_1181,0.0,1505779200000
tank_1186,0.0,1505779200000
tank_1187,0.0,1505779200000
tank_1190,0.0,1505779200000
tank_1192,26.0,1505779200000
tank_1196,0.0,1505779200000
tank_1197,13.0,1505779200000
tank_1201,0.0,1505779200000
tank_1203,0.0,1505779200000
tank_1205,2.0,1505779200000
tank_1209,30.0,1505779200000
tank_1217,0.0,1505779200000
tank_1223,4.9450980392156865,1505779200000
tank_1226,0.0,1505779200000
tank_1228,72.0,1505779200000
tank_1230,0.0,1505779200000
tank_1237,0.0,1505779200000
tank_1239,0.0,1505779200000
tank_1245,0.0,1505779200000
tank_1246,227.65098039215684,1505779200000
tank_1250,0.0,1505779200000
tank_1254,0.0,1505779200000
tank_1255,0.0,1505779200000
tank_1258,0.0,1505779200000
tank_1261,0.0,1505779200000
tank_1262,0.0,1505779200000
tank_1263,0.0,1505779200000
tank_1265,9.0,1505779200000
tank_1270,0.0,1505779200000
tank_1272,0.0,1505779200000
tank_1275,0.0,1505779200000
tank_1276,0.0,1505779200000
tank_1279,0.0,1505779200000
tank_1280,0.0,1505779200000
tank_1284,0.0,1505779200000
tank_1285,0.0,1505779200000
tank_1286,43.0,1505779200000
tank_1290,0.0,1505779200000
tank_1291,0.0,1505779200000
tank_1293,0.0,1505779200000
tank_1295,0.0,1505779200000
tank_1297,1.0,1505779200000
tank_1301,0.0,1505779200000
tank_1302,0.0,1505779200000
tank_1304,0.0,1505779200000
tank_1305,20.0,1505779200000
tank_1313,0.0,1505779200000
tank_1322,0.0,1505779200000
tank_1325,0.0,1505779200000
tank_1326,0.0,1505779200000
tank_1344,0.0,1505779200000
tank_1346,0.3333333333333333,1505779200000
tank_1349,0.0,1505779200000
tank_1353,15.0,1505779200000
tank_1358,0.0,1505779200000
tank_1359,0.0,1505779200000
tank_1361,0.0,1505779200000
tank_1364,34.0,1505779200000
tank_1365,0.0,1505779200000
tank_1372,0.0,1505779200000
tank_1374,5.0,1505779200000
tank_1378,0.0,1505779200000
tank_1380,0.0,1505779200000
tank_1386,5.0,1505779200000
tank_1391,0.0,1505779200000
tank_1393,50.74901960784314,1505779200000
tank_1396,12.0,1505779200000
tank_1397,0.0,1505779200000
tank_1403,25.294117647058826,1505779200000
tank_1409,0.0,1505779200000
tank_1412,0.0,1505779200000
tank_1415,0.0,1505779200000
tank_1416,0.0,1505779200000
tank_1421,0.0,1505779200000
tank_1422,0.0,1505779200000
tank_1425,0.0,1505779200000
tank_1426,0.0,1505779200000
tank_1430,0.0,1505779200000
tank_1433,0.0,1505779200000
tank_1438,1.8196078431372549,1505779200000
tank_1439,0.0,1505779200000
tank_1441,0.0,1505779200000
tank_1443,0.0,1505779200000
tank_1445,144.0,1505779200000
tank_1446,0.0,1505779200000
tank_1450,0.0,1505779200000
tank_1452,0.0,1505779200000
tank_1456,0.0,1505779200000
tank_1466,0.0,1505779200000
tank_1471,0.0,1505779200000
tank_1475,0.0,1505779200000
tank_1486,0.0,1505779200000
tank_1488,0.0,1505779200000
tank_1491,0.0,1505779200000
tank_1500,33.490196078431374,1505779200000
tank_1505,0.0,1505779200000
tank_1513,0.0,1505779200000
tank_1531,37.0,1505779200000
tank_1536,2.0,1505779200000
tank_1539,0.0,1505779200000
tank_1541,0.0,1505779200000
tank_1542,11.737254901960783,1505779200000
tank_1547,0.0,1505779200000
tank_1563,0.0,1505779200000
tank_1564,0.0,1505779200000
tank_1565,1.0,1505779200000
tank_1567,0.0,1505779200000
tank_1568,3.0,1505779200000
tank_1573,0.0,1505779200000
tank_1583,37.976470588235294,1505779200000
tank_1587,0.0,1505779200000
tank_1588,18.0,1505779200000
tank_1592,0.0,1505779200000
tank_1594,0.0,1505779200000
tank_1595,0.0,1505779200000
tank_1597,0.0,1505779200000
tank_1598,0.0,1505779200000
tank_1600,0.0,1505779200000
tank_1604,0.0,1505779200000
tank_0002,0.0,1506816000000
tank_0004,0.0,1506816000000
tank_0005,0.0,1506816000000
tank_0011,0.0,1506816000000
tank_0014,0.0,1506816000000
tank_0019,0.0,1506816000000
tank_0024,0.0,1506816000000
tank_0025,0.0,1506816000000
tank_0026,0.0,1506816000000
tank_0027,0.0,1506816000000
tank_0030,0.0,1506816000000
tank_0031,4.0,1506816000000
tank_0036,0.0,1506816000000
tank_0037,0.0,1506816000000
tank_0038,0.0,1506816000000
tank_0050,0.0,1506816000000
tank_0051,0.0,1506816000000
tank_0052,0.0,1506816000000
tank_0053,0.0,1506816000000
tank_0055,0.0,1506816000000
tank_0057,0.0,1506816000000
tank_0058,0.0,1506816000000
tank_0064,0.0,1506816000000
tank_0069,0.0,1506816000000
tank_0072,0.0,1506816000000
tank_0073,0.0,1506816000000
tank_0080,10.0,1506816000000
tank_0094,0.0,1506816000000
tank_0107,0.0,1506816000000
tank_0110,0.0,1506816000000
tank_0113,0.0,1506816000000
tank_0115,0.0,1506816000000
tank_0116,0.0,1506816000000
tank_0117,0.0,1506816000000
tank_0118,0.0,1506816000000
tank_0122,0.0,1506816000000
tank_0125,6.0,1506816000000
tank_0130,0.0,1506816000000
tank_0131,0.0,1506816000000
tank_0132,0.0,1506816000000
tank_0134,0.0,1506816000000
tank_0135,0.0,1506816000000
tank_0142,0.0,1506816000000
tank_0143,0.0,1506816000000
tank_0144,0.0,1506816000000
tank_0148,0.0,1506816000000
tank_0153,0.0,1506816000000
tank_0156,0.0,1506816000000
tank_0159,0.0,1506816000000
tank_0165,0.0,1506816000000
tank_0171,0.0,1506816000000
tank_0172,0.0,1506816000000
tank_0174,0.0,1506816000000
tank_0176,0.0,1506816000000
tank_0184,0.0,1506816000000
tank_0187,0.0,1506816000000
tank_0190,0.0,1506816000000
tank_0192,0.0,1506816000000
tank_0193,0.0,1506816000000
tank_0195,1.0,1506816000000
tank_0199,0.0,1506816000000
tank_0204,0.0,1506816000000
tank_0205,0.0,1506816000000
tank_0207,0.0,1506816000000
tank_0209,0.0,1506816000000
tank_0213,7.0,1506816000000
tank_0217,0.0,1506816000000
tank_0220,0.0,1506816000000
tank_0221,0.0,1506816000000
tank_0225,0.0,1506816000000
tank_0226,0.0,1506816000000
tank_0228,0.0,1506816000000
tank_0229,0.0,1506816000000
tank_0231,0.0,1506816000000
tank_0233,0.0,1506816000000
tank_0236,0.0,1506816000000
tank_0237,93.0,1506816000000
tank_0240,0.0,1506816000000
tank_0242,0.0,1506816000000
tank_0245,0.0,1506816000000
tank_0247,0.0,1506816000000
tank_0256,0.0,1506816000000
tank_0257,0.0,1506816000000
tank_0260,0.0,1506816000000
tank_0261,0.0,1506816000000
tank_0264,0.0,1506816000000
tank_0273,1.0,1506816000000
tank_0276,0.0,1506816000000
tank_0278,0.0,1506816000000
tank_0280,0.0,1506816000000
tank_0291,0.0,1506816000000
tank_0292,0.0,1506816000000
tank_0296,0.0,1506816000000
tank_0297,0.0,1506816000000
tank_0299,0.0,1506816000000
tank_0300,1.6823529411764706,1506816000000
tank_0301,0.0,1506816000000
tank_0307,0.0,1506816000000
tank_0309,0.0,1506816000000
tank_0313,0.0,1506816000000
tank_0314,0.0,1506816000000
tank_0319,0.0,1506816000000
tank_0321,0.0,1506816000000
tank_0327,0.0,1506816000000
tank_0337,0.0,1506816000000
tank_0338,0.0,1506816000000
tank_0339,0.0,1506816000000
tank_0342,0.0,1506816000000
tank_0345,0.0,1506816000000
tank_0346,0.0,1506816000000
tank_0349,0.0,1506816000000
tank_0350,0.0,1506816000000
tank_0353,0.0,1506816000000
tank_0356,0.0,1506816000000
tank_0360,0.0,1506816000000
tank_0361,0.0,1506816000000
tank_0362,0.0,1506816000000
tank_0364,0.0,1506816000000
tank_0366,0.0,1506816000000
tank_0369,0.0,1506816000000
tank_0375,0.0,1506816000000
tank_0379,0.0,1506816000000
tank_0381,0.0,1506816000000
tank_0386,0.0,1506816000000
tank_0390,12.0,1506816000000
tank_0397,0.0,1506816000000
tank_0399,0.0,1506816000000
tank_0404,1.0,1506816000000
tank_0409,0.0,1506816000000
tank_0420,0.0,1506816000000
tank_0425,0.0,1506816000000
tank_0431,0.0,1506816000000
tank_0432,0.0,1506816000000
tank_0435,0.0,1506816000000
tank_0436,0.0,1506816000000
tank_0438,0.0,1506816000000
tank_0443,0.0,1506816000000
tank_0444,0.0,1506816000000
tank_0447,0.0,1506816000000
tank_0448,0.0,1506816000000
tank_0449,0.0,1506816000000
tank_0455,0.0,1506816000000
tank_0460,0.0,1506816000000
tank_0462,0.0,1506816000000
tank_0466,0.0,1506816000000
tank_0471,0.0,1506816000000
tank_0473,0.0,1506816000000
tank_0474,0.0,1506816000000
tank_0481,0.0,1506816000000
tank_0485,0.0,1506816000000
tank_0489,0.0,1506816000000
tank_0491,0.0,1506816000000
tank_0494,0.0,1506816000000
tank_0497,0.0,1506816000000
tank_0498,0.0,1506816000000
tank_0502,0.0,1506816000000
tank_0505,0.0,1506816000000
tank_0509,0.0,1506816000000
tank_0512,0.0,1506816000000
tank_0514,0.0,1506816000000
tank_0515,0.0,1506816000000
tank_0521,0.0,1506816000000
tank_0524,0.0,1506816000000
tank_0526,20.0,1506816000000
tank_0533,0.0,1506816000000
tank_0534,0.0,1506816000000
tank_0536,0.0,1506816000000
tank_0537,0.0,1506816000000
tank_0541,0.0,1506816000000
tank_0547,0.0,1506816000000
tank_0552,0.0,1506816000000
tank_0555,16.0,1506816000000
tank_0556,0.0,1506816000000
tank_0557,0.0,1506816000000
tank_0560,0.0,1506816000000
tank_0561,0.0,1506816000000
tank_0566,0.0,1506816000000
tank_0567,0.0,1506816000000
tank_0568,0.0,1506816000000
tank_0574,0.0,1506816000000
tank_0579,0.0,1506816000000
tank_0583,49.0,1506816000000
tank_0587,0.0,1506816000000
tank_0589,0.0,1506816000000
tank_0590,0.0,1506816000000
tank_0592,0.0,1506816000000
tank_0593,0.0,1506816000000
tank_0595,0.0,1506816000000
tank_0600,0.0,1506816000000
tank_0604,0.0,1506816000000
tank_0606,0.0,1506816000000
tank_0607,0.0,1506816000000
tank_0608,0.0,1506816000000
tank_0610,0.0,1506816000000
tank_0611,0.0,1506816000000
tank_0612,0.0,1506816000000
tank_0613,0.0,1506816000000
tank_0619,0.0,1506816000000
tank_0626,0.0,1506816000000
tank_0627,0.0,1506816000000
tank_0628,0.0,1506816000000
tank_0632,0.0,1506816000000
tank_0633,0.0,1506816000000
tank_0639,0.0,1506816000000
tank_0640,0.37254901960784315,1506816000000
tank_0641,0.0,1506816000000
tank_0643,0.0,1506816000000
tank_0646,0.0,1506816000000
tank_0663,0.0,1506816000000
tank_0664,1.0,1506816000000
tank_0666,0.0,1506816000000
tank_0667,0.0,1506816000000
tank_0670,0.0,1506816000000
tank_0675,0.0,1506816000000
tank_0676,0.0,1506816000000
tank_0678,2.0,1506816000000
tank_0681,0.0,1506816000000
tank_0687,0.0,1506816000000
tank_0688,0.0,1506816000000
tank_0697,0.0,1506816000000
tank_0720,0.0,1506816000000
tank_0722,0.0,1506816000000
tank_0724,0.0,1506816000000
tank_0725,14.0,1506816000000
tank_0728,0.0,1506816000000
tank_0730,0.0,1506816000000
tank_0731,0.0,1506816000000
tank_0732,0.0,1506816000000
tank_0737,5.0,1506816000000
tank_0739,0.0,1506816000000
tank_0740,0.0,1506816000000
tank_0746,0.0,1506816000000
tank_0748,0.0,1506816000000
tank_0749,0.0,1506816000000
tank_0752,0.0,1506816000000
tank_0760,0.0,1506816000000
tank_0770,0.0,1506816000000
tank_0772,0.0,1506816000000
tank_0788,0.0,1506816000000
tank_0789,1.0,1506816000000
tank_0792,11.133333333333333,1506816000000
tank_0797,48.0,1506816000000
tank_0800,0.0,1506816000000
tank_0802,6.0,1506816000000
tank_0803,0.0,1506816000000
tank_0808,0.0,1506816000000
tank_0810,0.0,1506816000000
tank_0811,0.0,1506816000000
tank_0812,0.0,1506816000000
tank_0813,2.1647058823529415,1506816000000
tank_0816,1.0,1506816000000
tank_0819,0.0,1506816000000
tank_0823,0.0,1506816000000
tank_0824,7.0,1506816000000
tank_0825,0.0,1506816000000
tank_0828,0.0,1506816000000
tank_0829,26.984313725490196,1506816000000
tank_0830,0.0,1506816000000
tank_0831,0.0,1506816000000
tank_0844,0.0,1506816000000
tank_0852,25.0,1506816000000
tank_0855,63.0,1506816000000
tank_0856,2.0,1506816000000
tank_0860,0.0,1506816000000
tank_0861,0.0,1506816000000
tank_0872,0.0,1506816000000
tank_0875,120.0,1506816000000
tank_0879,17.99607843137255,1506816000000
tank_0885,0.0,1506816000000
tank_0891,0.0,1506816000000
tank_0894,22.0,1506816000000
tank_0898,0.0,1506816000000
tank_0900,0.0,1506816000000
tank_0901,12.0,1506816000000
tank_0902,0.0,1506816000000
tank_0914,7.0,1506816000000
tank_0917,0.0,1506816000000
tank_0919,0.0,1506816000000
tank_0920,51.0,1506816000000
tank_0922,5.0,1506816000000
tank_0923,0.0,1506816000000
tank_0924,0.0,1506816000000
tank_0926,0.0,1506816000000
tank_0927,0.0,1506816000000
tank_0928,0.0,1506816000000
tank_0930,55.0,1506816000000
tank_0931,0.0,1506816000000
tank_0933,0.0,1506816000000
tank_0934,0.0,1506816000000
tank_0937,0.0,1506816000000
tank_0938,0.0,1506816000000
tank_0939,0.0,1506816000000
tank_0944,25.0,1506816000000
tank_0946,0.0,1506816000000
tank_0952,0.0,1506816000000
tank_0958,0.0,1506816000000
tank_0962,0.0,1506816000000
tank_0967,0.0,1506816000000
tank_0975,0.0,1506816000000
tank_0978,0.0,1506816000000
tank_0990,0.0,1506816000000
tank_0991,0.0,1506816000000
tank_0998,0.0,1506816000000
tank_0999,0.0,1506816000000
tank_1003,113.0,1506816000000
tank_1004,0.0,1506816000000
tank_1014,0.0,1506816000000
tank_1026,122.0,1506816000000
tank_1031,0.0,1506816000000
tank_1032,0.0,1506816000000
tank_1034,2.0,1506816000000
tank_1042,2.0,1506816000000
tank_1045,1.0,1506816000000
tank_1049,39.0,1506816000000
tank_1055,0.0,1506816000000
tank_1061,5.0,1506816000000
tank_1062,0.0,1506816000000
tank_1064,0.0,1506816000000
tank_1065,0.0,1506816000000
tank_1066,0.0,1506816000000
tank_1070,0.0,1506816000000
tank_1073,3.0,1506816000000
tank_1083,3.0,1506816000000
tank_1086,0.0,1506816000000
tank_1088,2.0,1506816000000
tank_1089,12.0,1506816000000
tank_1090,0.0,1506816000000
tank_1091,0.0,1506816000000
tank_1094,0.0,1506816000000
tank_1095,2.0,1506816000000
tank_1104,0.0,1506816000000
tank_1113,5.0,1506816000000
tank_1116,0.0,1506816000000
tank_1117,0.0,1506816000000
tank_1120,22.0,1506816000000
tank_1121,0.0,1506816000000
tank_1124,21.35686274509804,1506816000000
tank_1128,0.0,1506816000000
tank_1134,0.0,1506816000000
tank_1135,2.0,1506816000000
tank_1146,0.0,1506816000000
tank_1149,0.0,1506816000000
tank_1156,0.0,1506816000000
tank_1157,10.611764705882353,1506816000000
tank_1159,0.0,1506816000000
tank_1160,0.0,1506816000000
tank_1166,0.0,1506816000000
tank_1170,24.717647058823527,1506816000000
tank_1175,0.0,1506816000000
tank_1177,0.0,1506816000000
tank_1179,0.0,1506816000000
tank_1181,0.0,1506816000000
tank_1186,0.0,1506816000000
tank_1187,0.0,1506816000000
tank_1190,0.0,1506816000000
tank_1192,22.0,1506816000000
tank_1196,0.0,1506816000000
tank_1197,0.0,1506816000000
tank_1201,0.0,1506816000000
tank_1203,0.8509803921568628,1506816000000
tank_1205,18.0,1506816000000
tank_1209,29.0,1506816000000
tank_1217,0.0,1506816000000
tank_1223,4.9450980392156865,1506816000000
tank_1226,0.0,1506816000000
tank_1228,61.0,1506816000000
tank_1230,0.0,1506816000000
tank_1237,0.0,1506816000000
tank_1239,0.0,1506816000000
tank_1245,0.0,1506816000000
tank_1246,148.0,1506816000000
tank_1250,0.0,1506816000000
tank_1254,0.0,1506816000000
tank_1255,0.0,1506816000000
tank_1258,0.0,1506816000000
tank_1261,0.0,1506816000000
tank_1262,0.0,1506816000000
tank_1263,0.0,1506816000000
tank_1265,7.0,1506816000000
tank_1270,4.0,1506816000000
tank_1272,0.0,1506816000000
tank_1275,0.0,1506816000000
tank_1276,0.0,1506816000000
tank_1279,0.0,1506816000000
tank_1280,0.0,1506816000000
tank_1284,0.0,1506816000000
tank_1285,0.0,1506816000000
tank_1286,33.0,1506816000000
tank_1290,0.0,1506816000000
tank_1291,0.0,1506816000000
tank_1293,0.0,1506816000000
tank_1295,0.0,1506816000000
tank_1297,23.0,1506816000000
tank_1301,0.0,1506816000000
tank_1302,0.0,1506816000000
tank_1304,0.0,1506816000000
tank_1305,14.0,1506816000000
tank_1313,0.0,1506816000000
tank_1322,0.0,1506816000000
tank_1325,0.0,1506816000000
tank_1326,0.0,1506816000000
tank_1344,0.0,1506816000000
tank_1346,0.0,1506816000000
tank_1349,0.0,1506816000000
tank_1353,92.0,1506816000000
tank_1358,0.0,1506816000000
tank_1359,0.0,1506816000000
tank_1361,0.0,1506816000000
tank_1364,32.0,1506816000000
tank_1365,0.0,1506816000000
tank_1372,0.0,1506816000000
tank_1374,30.0,1506816000000
tank_1378,0.0,1506816000000
tank_1380,0.0,1506816000000
tank_1386,0.0,1506816000000
tank_1391,0.0,1506816000000
tank_1393,13.607843137254903,1506816000000
tank_1396,6.0,1506816000000
tank_1397,0.0,1506816000000
tank_1403,13.0,1506816000000
tank_1409,0.0,1506816000000
tank_1412,0.0,1506816000000
tank_1415,0.0,1506816000000
tank_1416,0.0,1506816000000
tank_1421,0.0,1506816000000
tank_1422,0.0,1506816000000
tank_1425,0.0,1506816000000
tank_1426,0.0,1506816000000
tank_1430,0.0,1506816000000
tank_1433,0.0,1506816000000
tank_1438,0.0,1506816000000
tank_1439,0.0,1506816000000
tank_1441,0.0,1506816000000
tank_1443,0.0,1506816000000
tank_1445,84.0,1506816000000
tank_1446,0.0,1506816000000
tank_1450,0.0,1506816000000
tank_1452,0.0,1506816000000
tank_1456,0.9137254901960784,1506816000000
tank_1466,0.0,1506816000000
tank_1471,0.0,1506816000000
tank_1475,0.0,1506816000000
tank_1486,0.0,1506816000000
tank_1488,0.0,1506816000000
tank_1491,0.0,1506816000000
tank_1500,21.490196078431374,1506816000000
tank_1505,0.0,1506816000000
tank_1513,0.0,1506816000000
tank_1531,59.0,1506816000000
tank_1536,0.0,1506816000000
tank_1539,0.0,1506816000000
tank_1541,0.0,1506816000000
tank_1542,5.0,1506816000000
tank_1547,0.0,1506816000000
tank_1563,0.0,1506816000000
tank_1564,0.0,1506816000000
tank_1565,1.0,1506816000000
tank_1567,0.0,1506816000000
tank_1568,0.0,1506816000000
tank_1573,0.0,1506816000000
tank_1583,44.101960784313725,1506816000000
tank_1587,0.0,1506816000000
tank_1588,8.0,1506816000000
tank_1592,0.0,1506816000000
tank_1594,2.0,1506816000000
tank_1595,0.0,1506816000000
tank_1597,0.0,1506816000000
tank_1598,0.0,1506816000000
tank_1600,0.0,1506816000000
tank_1604,0.0,1506816000000
tank_0002,0.0,1507852800000
tank_0004,0.0,1507852800000
tank_0005,0.0,1507852800000
tank_0011,0.0,1507852800000
tank_0014,0.0,1507852800000
tank_0019,0.0,1507852800000
tank_0024,0.0,1507852800000
tank_0025,0.0,1507852800000
tank_0026,0.0,1507852800000
tank_0027,0.0,1507852800000
tank_0030,0.0,1507852800000
tank_0031,9.0,1507852800000
tank_0036,0.17254901960784313,1507852800000
tank_0037,0.0,1507852800000
tank_0038,0.0,1507852800000
tank_0050,0.0,1507852800000
tank_0051,0.0,1507852800000
tank_0052,0.0,1507852800000
tank_0053,0.0,1507852800000
tank_0055,0.0,1507852800000
tank_0057,0.0,1507852800000
tank_0058,0.0,1507852800000
tank_0064,0.0,1507852800000
tank_0069,0.0,1507852800000
tank_0072,0.0,1507852800000
tank_0073,0.0,1507852800000
tank_0080,9.0,1507852800000
tank_0094,0.0,1507852800000
tank_0107,0.0,1507852800000
tank_0110,0.0,1507852800000
tank_0113,0.0,1507852800000
tank_0115,0.0,1507852800000
tank_0116,0.0,1507852800000
tank_0117,47.0,1507852800000
tank_0118,0.0,1507852800000
tank_0122,0.0,1507852800000
tank_0125,0.0,1507852800000
tank_0130,0.0,1507852800000
tank_0131,0.0,1507852800000
tank_0132,0.0,1507852800000
tank_0134,0.0,1507852800000
tank_0135,0.0,1507852800000
tank_0142,0.0,1507852800000
tank_0143,0.0,1507852800000
tank_0144,0.0,1507852800000
tank_0148,0.0,1507852800000
tank_0153,0.0,1507852800000
tank_0156,0.0,1507852800000
tank_0159,0.0,1507852800000
tank_0165,0.0,1507852800000
tank_0171,0.0,1507852800000
tank_0172,0.0,1507852800000
tank_0174,0.0,1507852800000
tank_0176,0.0,1507852800000
tank_0184,0.0,1507852800000
tank_0187,0.0,1507852800000
tank_0190,0.37254901960784315,1507852800000
tank_0192,0.0,1507852800000
tank_0193,0.0,1507852800000
tank_0195,0.0,1507852800000
tank_0199,0.0,1507852800000
tank_0204,0.0,1507852800000
tank_0205,0.0,1507852800000
tank_0207,0.0,1507852800000
tank_0209,0.0,1507852800000
tank_0213,3.0,1507852800000
tank_0217,0.0,1507852800000
tank_0220,0.0,1507852800000
tank_0221,0.0,1507852800000
tank_0225,0.0,1507852800000
tank_0226,0.0,1507852800000
tank_0228,0.0,1507852800000
tank_0229,0.0,1507852800000
tank_0231,0.0,1507852800000
tank_0233,0.0,1507852800000
tank_0236,0.0,1507852800000
tank_0237,94.0,1507852800000
tank_0240,0.0,1507852800000
tank_0242,0.0,1507852800000
tank_0245,0.0,1507852800000
tank_0247,0.0,1507852800000
tank_0256,0.0,1507852800000
tank_0257,0.0,1507852800000
tank_0260,0.0,1507852800000
tank_0261,0.0,1507852800000
tank_0264,0.0,1507852800000
tank_0273,8.0,1507852800000
tank_0276,0.0,1507852800000
tank_0278,0.0,1507852800000
tank_0280,0.0,1507852800000
tank_0291,0.0,1507852800000
tank_0292,0.0,1507852800000
tank_0296,0.0,1507852800000
tank_0297,0.0,1507852800000
tank_0299,0.0,1507852800000
tank_0300,2.682352941176471,1507852800000
tank_0301,0.0,1507852800000
tank_0307,0.0,1507852800000
tank_0309,0.0,1507852800000
tank_0313,0.13333333333333333,1507852800000
tank_0314,0.0,1507852800000
tank_0319,0.0,1507852800000
tank_0321,0.0,1507852800000
tank_0327,0.0,1507852800000
tank_0337,0.0,1507852800000
tank_0338,0.0,1507852800000
tank_0339,0.0,1507852800000
tank_0342,0.0,1507852800000
tank_0345,0.0,1507852800000
tank_0346,0.0,1507852800000
tank_0349,0.0,1507852800000
tank_0350,0.0,1507852800000
tank_0353,0.0,1507852800000
tank_0356,0.0,1507852800000
tank_0360,0.0,1507852800000
tank_0361,0.0,1507852800000
tank_0362,0.0,1507852800000
tank_0364,0.0,1507852800000
tank_0366,0.0,1507852800000
tank_0369,0.0,1507852800000
tank_0375,0.0,1507852800000
tank_0379,0.0,1507852800000
tank_0381,0.0,1507852800000
tank_0386,14.0,1507852800000
tank_0390,4.0,1507852800000
tank_0397,0.0,1507852800000
tank_0399,0.0,1507852800000
tank_0404,0.0,1507852800000
tank_0409,0.0,1507852800000
tank_0420,0.0,1507852800000
tank_0425,0.0,1507852800000
tank_0431,0.0,1507852800000
tank_0432,0.0,1507852800000
tank_0435,0.0,1507852800000
tank_0436,0.0,1507852800000
tank_0438,0.0,1507852800000
tank_0443,0.0,1507852800000
tank_0444,0.0,1507852800000
tank_0447,0.0,1507852800000
tank_0448,0.0,1507852800000
tank_0449,0.0,1507852800000
tank_0455,0.0,1507852800000
tank_0460,0.0,1507852800000
tank_0462,0.0,1507852800000
tank_0466,0.0,1507852800000
tank_0471,0.0,1507852800000
tank_0473,0.0,1507852800000
tank_0474,0.0,1507852800000
tank_0481,0.0,1507852800000
tank_0485,0.0,1507852800000
tank_0489,0.0,1507852800000
tank_0491,0.0,1507852800000
tank_0494,0.0,1507852800000
tank_0497,0.0,1507852800000
tank_0498,0.0,1507852800000
tank_0502,0.0,1507852800000
tank_0505,0.0,1507852800000
tank_0509,0.0,1507852800000
tank_0512,16.0,1507852800000
tank_0514,0.0,1507852800000
tank_0515,0.0,1507852800000
tank_0521,4.0,1507852800000
tank_0524,0.0,1507852800000
tank_0526,49.74901960784314,1507852800000
tank_0533,0.0,1507852800000
tank_0534,0.0,1507852800000
tank_0536,0.0,1507852800000
tank_0537,0.0,1507852800000
tank_0541,0.0,1507852800000
tank_0547,0.0,1507852800000
tank_0552,0.0,1507852800000
tank_0555,11.0,1507852800000
tank_0556,0.0,1507852800000
tank_0557,0.0,1507852800000
tank_0560,0.0,1507852800000
tank_0561,0.0,1507852800000
tank_0566,0.0,1507852800000
tank_0567,0.0,1507852800000
tank_0568,0.0,1507852800000
tank_0574,13.0,1507852800000
tank_0579,0.0,1507852800000
tank_0583,175.0,1507852800000
tank_0587,0.0,1507852800000
tank_0589,0.0,1507852800000
tank_0590,19.0,1507852800000
tank_0592,0.0,1507852800000
tank_0593,0.0,1507852800000
tank_0595,0.0,1507852800000
tank_0600,0.0,1507852800000
tank_0604,0.0,1507852800000
tank_0606,0.0,1507852800000
tank_0607,0.0,1507852800000
tank_0608,208.0,1507852800000
tank_0610,0.0,1507852800000
tank_0611,0.0,1507852800000
tank_0612,0.0,1507852800000
tank_0613,0.0,1507852800000
tank_0619,66.08235294117648,1507852800000
tank_0626,0.0,1507852800000
tank_0627,0.0,1507852800000
tank_0628,0.0,1507852800000
tank_0632,0.0,1507852800000
tank_0633,0.0,1507852800000
tank_0639,0.0,1507852800000
tank_0640,0.0,1507852800000
tank_0641,0.0,1507852800000
tank_0643,0.0,1507852800000
tank_0646,0.0,1507852800000
tank_0663,0.0,1507852800000
tank_0664,22.0,1507852800000
tank_0666,0.0,1507852800000
tank_0667,0.0,1507852800000
tank_0670,0.0,1507852800000
tank_0675,0.0,1507852800000
tank_0676,394.0,1507852800000
tank_0678,0.0,1507852800000
tank_0681,0.0,1507852800000
tank_0687,36.70196078431372,1507852800000
tank_0688,209.0,1507852800000
tank_0697,0.0,1507852800000
tank_0720,7.0,1507852800000
tank_0722,0.0,1507852800000
tank_0724,0.0,1507852800000
tank_0725,27.909803921568624,1507852800000
tank_0728,0.0,1507852800000
tank_0730,0.0,1507852800000
tank_0731,339.0,1507852800000
tank_0732,0.0,1507852800000
tank_0737,283.0,1507852800000
tank_0739,0.0,1507852800000
tank_0740,0.0,1507852800000
tank_0746,0.0,1507852800000
tank_0748,0.0,1507852800000
tank_0749,0.0,1507852800000
tank_0752,0.0,1507852800000
tank_0760,15.278431372549019,1507852800000
tank_0770,0.0,1507852800000
tank_0772,0.0,1507852800000
tank_0788,0.0,1507852800000
tank_0789,0.0,1507852800000
tank_0792,0.0,1507852800000
tank_0797,75.95294117647059,1507852800000
tank_0800,253.0,1507852800000
tank_0802,53.62745098039214,1507852800000
tank_0803,0.0,1507852800000
tank_0808,2.0,1507852800000
tank_0810,0.0,1507852800000
tank_0811,0.0,1507852800000
tank_0812,0.0,1507852800000
tank_0813,0.0,1507852800000
tank_0816,0.0,1507852800000
tank_0819,0.0,1507852800000
tank_0823,0.0,1507852800000
tank_0824,688.0,1507852800000
tank_0825,46.98039215686274,1507852800000
tank_0828,3.0,1507852800000
tank_0829,87.05490196078432,1507852800000
tank_0830,0.0,1507852800000
tank_0831,0.0,1507852800000
tank_0844,0.0,1507852800000
tank_0852,115.36078431372549,1507852800000
tank_0855,97.98039215686275,1507852800000
tank_0856,34.0,1507852800000
tank_0860,0.0,1507852800000
tank_0861,3.7450980392156863,1507852800000
tank_0872,4.0,1507852800000
tank_0875,355.4470588235294,1507852800000
tank_0879,20.0,1507852800000
tank_0885,0.0,1507852800000
tank_0891,32.0,1507852800000
tank_0894,71.0,1507852800000
tank_0898,13.0,1507852800000
tank_0900,101.8,1507852800000
tank_0901,493.01960784313724,1507852800000
tank_0902,0.0,1507852800000
tank_0914,121.3921568627451,1507852800000
tank_0917,77.0,1507852800000
tank_0919,291.17254901960786,1507852800000
tank_0920,764.5098039215687,1507852800000
tank_0922,7.0,1507852800000
tank_0923,76.47450980392158,1507852800000
tank_0924,0.0,1507852800000
tank_0926,0.0,1507852800000
tank_0927,2.854901960784314,1507852800000
tank_0928,19.0,1507852800000
tank_0930,63.0,1507852800000
tank_0931,174.0,1507852800000
tank_0933,0.0,1507852800000
tank_0934,0.0,1507852800000
tank_0937,0.0,1507852800000
tank_0938,0.0,1507852800000
tank_0939,0.0,1507852800000
tank_0944,111.9921568627451,1507852800000
tank_0946,0.0,1507852800000
tank_0952,44.0,1507852800000
tank_0958,0.0,1507852800000
tank_0962,15.0,1507852800000
tank_0967,6.0,1507852800000
tank_0975,0.0,1507852800000
tank_0978,0.0,1507852800000
tank_0990,0.0,1507852800000
tank_0991,215.0,1507852800000
tank_0998,0.0,1507852800000
tank_0999,0.0,1507852800000
tank_1003,333.0,1507852800000
tank_1004,0.0,1507852800000
tank_1014,233.0,1507852800000
tank_1026,233.0,1507852800000
tank_1031,2.0,1507852800000
tank_1032,0.0,1507852800000
tank_1034,0.050980392156862744,1507852800000
tank_1042,2.0,1507852800000
tank_1045,14.0,1507852800000
tank_1049,80.99607843137255,1507852800000
tank_1055,0.0,1507852800000
tank_1061,21.79607843137255,1507852800000
tank_1062,0.0,1507852800000
tank_1064,0.0,1507852800000
tank_1065,0.0,1507852800000
tank_1066,0.0,1507852800000
tank_1070,11.0,1507852800000
tank_1073,47.0,1507852800000
tank_1083,46.0,1507852800000
tank_1086,23.0,1507852800000
tank_1088,0.0,1507852800000
tank_1089,36.745098039215684,1507852800000
tank_1090,6.0,1507852800000
tank_1091,0.0,1507852800000
tank_1094,370.0,1507852800000
tank_1095,8.0,1507852800000
tank_1104,1.8745098039215686,1507852800000
tank_1113,29.0,1507852800000
tank_1116,0.0,1507852800000
tank_1117,0.0,1507852800000
tank_1120,160.0,1507852800000
tank_1121,2.0,1507852800000
tank_1124,28.1843137254902,1507852800000
tank_1128,0.0,1507852800000
tank_1134,0.0,1507852800000
tank_1135,28.0,1507852800000
tank_1146,27.0,1507852800000
tank_1149,0.0,1507852800000
tank_1156,0.0,1507852800000
tank_1157,11.486274509803922,1507852800000
tank_1159,0.0,1507852800000
tank_1160,0.0,1507852800000
tank_1166,0.0,1507852800000
tank_1170,18.721568627450978,1507852800000
tank_1175,0.0,1507852800000
tank_1177,0.0,1507852800000
tank_1179,0.0,1507852800000
tank_1181,121.0,1507852800000
tank_1186,0.0,1507852800000
tank_1187,0.0,1507852800000
tank_1190,2.0,1507852800000
tank_1192,31.96470588235294,1507852800000
tank_1196,0.0,1507852800000
tank_1197,257.0,1507852800000
tank_1201,64.0,1507852800000
tank_1203,1.4980392156862745,1507852800000
tank_1205,96.0,1507852800000
tank_1209,18.0,1507852800000
tank_1217,0.0,1507852800000
tank_1223,9.388235294117646,1507852800000
tank_1226,0.0,1507852800000
tank_1228,120.0,1507852800000
tank_1230,0.0,1507852800000
tank_1237,0.0,1507852800000
tank_1239,0.0,1507852800000
tank_1245,0.0,1507852800000
tank_1246,190.67843137254903,1507852800000
tank_1250,0.0,1507852800000
tank_1254,0.0,1507852800000
tank_1255,0.0,1507852800000
tank_1258,0.0,1507852800000
tank_1261,0.0,1507852800000
tank_1262,0.0,1507852800000
tank_1263,0.0,1507852800000
tank_1265,7.0,1507852800000
tank_1270,19.976470588235294,1507852800000
tank_1272,0.0,1507852800000
tank_1275,0.0,1507852800000
tank_1276,0.0,1507852800000
tank_1279,7.0,1507852800000
tank_1280,0.0,1507852800000
tank_1284,0.0,1507852800000
tank_1285,0.0,1507852800000
tank_1286,16.0,1507852800000
tank_1290,0.0,1507852800000
tank_1291,0.0,1507852800000
tank_1293,20.0,1507852800000
tank_1295,0.0,1507852800000
tank_1297,38.0,1507852800000
tank_1301,0.0,1507852800000
tank_1302,0.0,1507852800000
tank_1304,0.0,1507852800000
tank_1305,31.0,1507852800000
tank_1313,0.0,1507852800000
tank_1322,0.0,1507852800000
tank_1325,0.0,1507852800000
tank_1326,0.0,1507852800000
tank_1344,0.0,1507852800000
tank_1346,0.0,1507852800000
tank_1349,0.0,1507852800000
tank_1353,59.0,1507852800000
tank_1358,0.0,1507852800000
tank_1359,0.0,1507852800000
tank_1361,0.0,1507852800000
tank_1364,132.0,1507852800000
tank_1365,0.0,1507852800000
tank_1372,0.0,1507852800000
tank_1374,32.0,1507852800000
tank_1378,0.0,1507852800000
tank_1380,0.0,1507852800000
tank_1386,0.0,1507852800000
tank_1391,0.0,1507852800000
tank_1393,30.83921568627451,1507852800000
tank_1396,2.0,1507852800000
tank_1397,0.0,1507852800000
tank_1403,24.662745098039217,1507852800000
tank_1409,61.0,1507852800000
tank_1412,0.0,1507852800000
tank_1415,0.0,1507852800000
tank_1416,0.0,1507852800000
tank_1421,0.0,1507852800000
tank_1422,0.0,1507852800000
tank_1425,0.0,1507852800000
tank_1426,0.0,1507852800000
tank_1430,0.0,1507852800000
tank_1433,0.0,1507852800000
tank_1438,0.0,1507852800000
tank_1439,0.0,1507852800000
tank_1441,0.0,1507852800000
tank_1443,0.0,1507852800000
tank_1445,101.0,1507852800000
tank_1446,0.0,1507852800000
tank_1450,0.0,1507852800000
tank_1452,0.0,1507852800000
tank_1456,0.0,1507852800000
tank_1466,0.0,1507852800000
tank_1471,0.0,1507852800000
tank_1475,0.0,1507852800000
tank_1486,0.0,1507852800000
tank_1488,0.0,1507852800000
tank_1491,0.0,1507852800000
tank_1500,29.149019607843137,1507852800000
tank_1505,0.0,1507852800000
tank_1513,0.0,1507852800000
tank_1531,57.0,1507852800000
tank_1536,0.0,1507852800000
tank_1539,0.0,1507852800000
tank_1541,0.0,1507852800000
tank_1542,1.0,1507852800000
tank_1547,0.0,1507852800000
tank_1563,0.0,1507852800000
tank_1564,0.0,1507852800000
tank_1565,2.0,1507852800000
tank_1567,0.0,1507852800000
tank_1568,0.0,1507852800000
tank_1573,0.0,1507852800000
tank_1583,47.74901960784314,1507852800000
tank_1587,71.0,1507852800000
tank_1588,18.0,1507852800000
tank_1592,0.0,1507852800000
tank_1594,5.0,1507852800000
tank_1595,0.0,1507852800000
tank_1597,0.0,1507852800000
tank_1598,0.0,1507852800000
tank_1600,0.0,1507852800000
tank_1604,0.0,1507852800000
tank_0002,0.0,1508889600000
tank_0004,0.0,1508889600000
tank_0005,0.0,1508889600000
tank_0011,0.0,1508889600000
tank_0014,0.0,1508889600000
tank_0019,0.0,1508889600000
tank_0024,0.0,1508889600000
tank_0025,0.0,1508889600000
tank_0026,0.0,1508889600000
tank_0027,1.1294117647058823,1508889600000
tank_0030,0.0,1508889600000
tank_0031,6.0,1508889600000
tank_0036,0.0,1508889600000
tank_0037,0.0,1508889600000
tank_0038,0.0,1508889600000
tank_0050,0.0,1508889600000
tank_0051,0.0,1508889600000
tank_0052,0.0,1508889600000
tank_0053,0.0,1508889600000
tank_0055,0.0,1508889600000
tank_0057,19.0,1508889600000
tank_0058,0.0,1508889600000
tank_0064,0.0,1508889600000
tank_0069,16.0,1508889600000
tank_0072,0.0,1508889600000
tank_0073,0.0,1508889600000
tank_0080,30.0,1508889600000
tank_0094,0.0,1508889600000
tank_0107,0.0,1508889600000
tank_0110,0.0,1508889600000
tank_0113,0.0,1508889600000
tank_0115,0.0,1508889600000
tank_0116,0.0,1508889600000
tank_0117,76.0,1508889600000
tank_0118,0.0,1508889600000
tank_0122,0.0,1508889600000
tank_0125,0.0,1508889600000
tank_0130,0.0,1508889600000
tank_0131,0.0,1508889600000
tank_0132,0.0,1508889600000
tank_0134,0.0,1508889600000
tank_0135,0.0,1508889600000
tank_0142,0.0,1508889600000
tank_0143,0.0,1508889600000
tank_0144,0.0,1508889600000
tank_0148,0.0,1508889600000
tank_0153,0.0,1508889600000
tank_0156,0.0,1508889600000
tank_0159,0.0,1508889600000
tank_0165,0.0,1508889600000
tank_0171,0.0,1508889600000
tank_0172,0.0,1508889600000
tank_0174,0.0,1508889600000
tank_0176,0.0,1508889600000
tank_0184,0.0,1508889600000
tank_0187,0.0,1508889600000
tank_0190,0.0,1508889600000
tank_0192,0.0,1508889600000
tank_0193,0.0,1508889600000
tank_0195,0.0,1508889600000
tank_0199,0.0,1508889600000
tank_0204,0.0,1508889600000
tank_0205,0.0,1508889600000
tank_0207,0.0,1508889600000
tank_0209,0.0,1508889600000
tank_0213,8.0,1508889600000
tank_0217,0.0,1508889600000
tank_0220,0.0,1508889600000
tank_0221,0.0,1508889600000
tank_0225,0.0,1508889600000
tank_0226,0.0,1508889600000
tank_0228,0.0,1508889600000
tank_0229,0.0,1508889600000
tank_0231,0.0,1508889600000
tank_0233,0.0,1508889600000
tank_0236,0.0,1508889600000
tank_0237,69.0,1508889600000
tank_0240,0.0,1508889600000
tank_0242,0.0,1508889600000
tank_0245,0.0,1508889600000
tank_0247,2.0,1508889600000
tank_0256,0.0,1508889600000
tank_0257,0.0,1508889600000
tank_0260,0.0,1508889600000
tank_0261,0.0,1508889600000
tank_0264,0.0,1508889600000
tank_0273,128.0,1508889600000
tank_0276,0.0,1508889600000
tank_0278,0.0,1508889600000
tank_0280,0.0,1508889600000
tank_0291,0.0,1508889600000
tank_0292,0.0,1508889600000
tank_0296,0.0,1508889600000
tank_0297,13.63921568627451,1508889600000
tank_0299,0.0,1508889600000
tank_0300,0.7215686274509804,1508889600000
tank_0301,0.0,1508889600000
tank_0307,0.0,1508889600000
tank_0309,26.92549019607843,1508889600000
tank_0313,0.0,1508889600000
tank_0314,0.0,1508889600000
tank_0319,0.0,1508889600000
tank_0321,0.0,1508889600000
tank_0327,0.0,1508889600000
tank_0337,0.0,1508889600000
tank_0338,0.0,1508889600000
tank_0339,0.0,1508889600000
tank_0342,9.0,1508889600000
tank_0345,0.0,1508889600000
tank_0346,0.0,1508889600000
tank_0349,252.0,1508889600000
tank_0350,0.0,1508889600000
tank_0353,22.0,1508889600000
tank_0356,0.0,1508889600000
tank_0360,3.0,1508889600000
tank_0361,0.0,1508889600000
tank_0362,0.0,1508889600000
tank_0364,0.0,1508889600000
tank_0366,0.0,1508889600000
tank_0369,0.0,1508889600000
tank_0375,0.0,1508889600000
tank_0379,0.0,1508889600000
tank_0381,0.0,1508889600000
tank_0386,57.75686274509804,1508889600000
tank_0390,0.0,1508889600000
tank_0397,0.0,1508889600000
tank_0399,0.0,1508889600000
tank_0404,3.0,1508889600000
tank_0409,0.0,1508889600000
tank_0420,0.0,1508889600000
tank_0425,0.0,1508889600000
tank_0431,169.8862745098039,1508889600000
tank_0432,0.0,1508889600000
tank_0435,114.0,1508889600000
tank_0436,0.0,1508889600000
tank_0438,0.0,1508889600000
tank_0443,0.0,1508889600000
tank_0444,374.0,1508889600000
tank_0447,0.0,1508889600000
tank_0448,0.0,1508889600000
tank_0449,0.0,1508889600000
tank_0455,0.0,1508889600000
tank_0460,0.0,1508889600000
tank_0462,172.0,1508889600000
tank_0466,0.0,1508889600000
tank_0471,0.0,1508889600000
tank_0473,0.0,1508889600000
tank_0474,0.0,1508889600000
tank_0481,2.0,1508889600000
tank_0485,0.0,1508889600000
tank_0489,0.0,1508889600000
tank_0491,0.0,1508889600000
tank_0494,0.0,1508889600000
tank_0497,0.0,1508889600000
tank_0498,0.0,1508889600000
tank_0502,0.0,1508889600000
tank_0505,0.0,1508889600000
tank_0509,0.0,1508889600000
tank_0512,168.0,1508889600000
tank_0514,0.0,1508889600000
tank_0515,0.0,1508889600000
tank_0521,50.0,1508889600000
tank_0524,0.0,1508889600000
tank_0526,73.0,1508889600000
tank_0533,0.0,1508889600000
tank_0534,0.0,1508889600000
tank_0536,2.0,1508889600000
tank_0537,0.0,1508889600000
tank_0541,0.0,1508889600000
tank_0547,0.0,1508889600000
tank_0552,0.0,1508889600000
tank_0555,22.0,1508889600000
tank_0556,0.0,1508889600000
tank_0557,0.0,1508889600000
tank_0560,0.0,1508889600000
tank_0561,0.0,1508889600000
tank_0566,0.0,1508889600000
tank_0567,0.0,1508889600000
tank_0568,0.0,1508889600000
tank_0574,69.0,1508889600000
tank_0579,74.0,1508889600000
tank_0583,339.0,1508889600000
tank_0587,0.0,1508889600000
tank_0589,0.0,1508889600000
tank_0590,75.0,1508889600000
tank_0592,0.0,1508889600000
tank_0593,0.0,1508889600000
tank_0595,0.0,1508889600000
tank_0600,0.0,1508889600000
tank_0604,0.0,1508889600000
tank_0606,0.0,1508889600000
tank_0607,0.0,1508889600000
tank_0608,318.0,1508889600000
tank_0610,0.0,1508889600000
tank_0611,0.0,1508889600000
tank_0612,0.0,1508889600000
tank_0613,0.0,1508889600000
tank_0619,84.90980392156864,1508889600000
tank_0626,0.0,1508889600000
tank_0627,0.0,1508889600000
tank_0628,0.0,1508889600000
tank_0632,0.0,1508889600000
tank_0633,0.0,1508889600000
tank_0639,0.0,1508889600000
tank_0640,0.0,1508889600000
tank_0641,0.0,1508889600000
tank_0643,0.0,1508889600000
tank_0646,0.0,1508889600000
tank_0663,0.0,1508889600000
tank_0664,26.423529411764704,1508889600000
tank_0666,0.0,1508889600000
tank_0667,0.0,1508889600000
tank_0670,0.0,1508889600000
tank_0675,0.0,1508889600000
tank_0676,495.0,1508889600000
tank_0678,0.0,1508889600000
tank_0681,0.0,1508889600000
tank_0687,17.0,1508889600000
tank_0688,309.0,1508889600000
tank_0697,0.0,1508889600000
tank_0720,15.862745098039216,1508889600000
tank_0722,0.0,1508889600000
tank_0724,0.0,1508889600000
tank_0725,25.44705882352941,1508889600000
tank_0728,0.0,1508889600000
tank_0730,0.0,1508889600000
tank_0731,733.0,1508889600000
tank_0732,0.0,1508889600000
tank_0737,363.0,1508889600000
tank_0739,0.0,1508889600000
tank_0740,0.0,1508889600000
tank_0746,0.0,1508889600000
tank_0748,0.0,1508889600000
tank_0749,0.0,1508889600000
tank_0752,0.0,1508889600000
tank_0760,0.0,1508889600000
tank_0770,0.0,1508889600000
tank_0772,0.0,1508889600000
tank_0788,0.0,1508889600000
tank_0789,0.0,1508889600000
tank_0792,0.0,1508889600000
tank_0797,102.56470588235294,1508889600000
tank_0800,272.0,1508889600000
tank_0802,65.17254901960783,1508889600000
tank_0803,0.0,1508889600000
tank_0808,0.0,1508889600000
tank_0810,0.0,1508889600000
tank_0811,0.0,1508889600000
tank_0812,0.0,1508889600000
tank_0813,0.0,1508889600000
tank_0816,0.0,1508889600000
tank_0819,24.278431372549022,1508889600000
tank_0823,0.0,1508889600000
tank_0824,665.0,1508889600000
tank_0825,47.2313725490196,1508889600000
tank_0828,6.0,1508889600000
tank_0829,91.37254901960785,1508889600000
tank_0830,0.0,1508889600000
tank_0831,0.0,1508889600000
tank_0844,0.0,1508889600000
tank_0852,174.74901960784314,1508889600000
tank_0855,103.0,1508889600000
tank_0856,258.0,1508889600000
tank_0860,0.0,1508889600000
tank_0861,31.337254901960783,1508889600000
tank_0872,6.0,1508889600000
tank_0875,414.2392156862745,1508889600000
tank_0879,31.99607843137255,1508889600000
tank_0885,0.0,1508889600000
tank_0891,48.0,1508889600000
tank_0894,246.0,1508889600000
tank_0898,44.0,1508889600000
tank_0900,128.32549019607842,1508889600000
tank_0901,489.2705882352941,1508889600000
tank_0902,33.0,1508889600000
tank_0914,102.95294117647059,1508889600000
tank_0917,273.0,1508889600000
tank_0919,221.14901960784314,1508889600000
tank_0920,739.9764705882354,1508889600000
tank_0922,12.0,1508889600000
tank_0923,89.50588235294117,1508889600000
tank_0924,0.0,1508889600000
tank_0926,0.0,1508889600000
tank_0927,5.372549019607844,1508889600000
tank_0928,19.0,1508889600000
tank_0930,101.0,1508889600000
tank_0931,264.0,1508889600000
tank_0933,0.0,1508889600000
tank_0934,0.0,1508889600000
tank_0937,0.0,1508889600000
tank_0938,0.0,1508889600000
tank_0939,0.0,1508889600000
tank_0944,124.9921568627451,1508889600000
tank_0946,0.0,1508889600000
tank_0952,40.0,1508889600000
tank_0958,0.0,1508889600000
tank_0962,33.0,1508889600000
tank_0967,6.0,1508889600000
tank_0975,0.0,1508889600000
tank_0978,0.0,1508889600000
tank_0990,0.0,1508889600000
tank_0991,263.0,1508889600000
tank_0998,0.0,1508889600000
tank_0999,0.0,1508889600000
tank_1003,1219.0,1508889600000
tank_1004,0.0,1508889600000
tank_1014,151.0,1508889600000
tank_1026,242.0,1508889600000
tank_1031,0.0,1508889600000
tank_1032,0.0,1508889600000
tank_1034,0.0,1508889600000
tank_1042,0.0,1508889600000
tank_1045,31.0,1508889600000
tank_1049,129.86274509803923,1508889600000
tank_1055,0.0,1508889600000
tank_1061,37.67058823529412,1508889600000
tank_1062,0.0,1508889600000
tank_1064,0.0,1508889600000
tank_1065,0.0,1508889600000
tank_1066,0.0,1508889600000
tank_1070,2.0,1508889600000
tank_1073,50.0,1508889600000
tank_1083,60.0,1508889600000
tank_1086,2.0,1508889600000
tank_1088,0.0,1508889600000
tank_1089,47.411764705882355,1508889600000
tank_1090,2.988235294117647,1508889600000
tank_1091,0.0,1508889600000
tank_1094,340.0,1508889600000
tank_1095,2.0,1508889600000
tank_1104,0.0,1508889600000
tank_1113,26.0,1508889600000
tank_1116,0.0,1508889600000
tank_1117,0.0,1508889600000
tank_1120,203.11764705882354,1508889600000
tank_1121,0.0,1508889600000
tank_1124,23.705882352941178,1508889600000
tank_1128,0.0,1508889600000
tank_1134,0.0,1508889600000
tank_1135,37.0,1508889600000
tank_1146,12.0,1508889600000
tank_1149,0.0,1508889600000
tank_1156,0.0,1508889600000
tank_1157,8.61176470588235,1508889600000
tank_1159,55.0,1508889600000
tank_1160,0.0,1508889600000
tank_1166,0.0,1508889600000
tank_1170,3.0,1508889600000
tank_1175,0.0,1508889600000
tank_1177,0.0,1508889600000
tank_1179,0.0,1508889600000
tank_1181,110.94901960784314,1508889600000
tank_1186,0.0,1508889600000
tank_1187,0.0,1508889600000
tank_1190,1.0,1508889600000
tank_1192,29.980392156862745,1508889600000
tank_1196,0.0,1508889600000
tank_1197,114.0,1508889600000
tank_1201,72.0,1508889600000
tank_1203,0.0,1508889600000
tank_1205,87.0,1508889600000
tank_1209,272.0,1508889600000
tank_1217,0.0,1508889600000
tank_1223,13.388235294117647,1508889600000
tank_1226,0.0,1508889600000
tank_1228,176.0,1508889600000
tank_1230,0.0,1508889600000
tank_1237,0.0,1508889600000
tank_1239,0.0,1508889600000
tank_1245,0.0,1508889600000
tank_1246,239.54117647058823,1508889600000
tank_1250,0.0,1508889600000
tank_1254,0.0,1508889600000
tank_1255,0.0,1508889600000
tank_1258,0.0,1508889600000
tank_1261,0.0,1508889600000
tank_1262,0.0,1508889600000
tank_1263,0.0,1508889600000
tank_1265,11.0,1508889600000
tank_1270,11.929411764705883,1508889600000
tank_1272,0.0,1508889600000
tank_1275,0.0,1508889600000
tank_1276,0.0,1508889600000
tank_1279,25.992156862745098,1508889600000
tank_1280,0.0,1508889600000
tank_1284,0.0,1508889600000
tank_1285,0.0,1508889600000
tank_1286,39.0,1508889600000
tank_1290,0.0,1508889600000
tank_1291,0.0,1508889600000
tank_1293,7.0,1508889600000
tank_1295,0.0,1508889600000
tank_1297,96.0,1508889600000
tank_1301,0.0,1508889600000
tank_1302,0.0,1508889600000
tank_1304,0.0,1508889600000
tank_1305,31.0,1508889600000
tank_1313,0.0,1508889600000
tank_1322,0.0,1508889600000
tank_1325,0.0,1508889600000
tank_1326,0.0,1508889600000
tank_1344,0.0,1508889600000
tank_1346,0.0,1508889600000
tank_1349,0.0,1508889600000
tank_1353,108.0,1508889600000
tank_1358,0.0,1508889600000
tank_1359,0.0,1508889600000
tank_1361,46.0,1508889600000
tank_1364,523.0,1508889600000
tank_1365,0.0,1508889600000
tank_1372,4.0,1508889600000
tank_1374,438.4980392156863,1508889600000
tank_1378,0.0,1508889600000
tank_1380,0.0,1508889600000
tank_1386,0.0,1508889600000
tank_1391,0.0,1508889600000
tank_1393,36.23137254901961,1508889600000
tank_1396,20.0,1508889600000
tank_1397,0.0,1508889600000
tank_1403,27.66666666666667,1508889600000
tank_1409,294.0,1508889600000
tank_1412,0.0,1508889600000
tank_1415,0.0,1508889600000
tank_1416,0.0,1508889600000
tank_1421,0.0,1508889600000
tank_1422,0.0,1508889600000
tank_1425,0.0,1508889600000
tank_1426,0.0,1508889600000
tank_1430,0.0,1508889600000
tank_1433,0.0,1508889600000
tank_1438,0.0,1508889600000
tank_1439,0.0,1508889600000
tank_1441,0.0,1508889600000
tank_1443,0.0,1508889600000
tank_1445,107.88235294117646,1508889600000
tank_1446,0.0,1508889600000
tank_1450,0.0,1508889600000
tank_1452,0.0,1508889600000
tank_1456,0.0,1508889600000
tank_1466,0.0,1508889600000
tank_1471,0.0,1508889600000
tank_1475,0.0,1508889600000
tank_1486,0.0,1508889600000
tank_1488,0.0,1508889600000
tank_1491,0.0,1508889600000
tank_1500,38.490196078431374,1508889600000
tank_1505,0.0,1508889600000
tank_1513,0.0,1508889600000
tank_1531,59.0,1508889600000
tank_1536,12.0,1508889600000
tank_1539,0.0,1508889600000
tank_1541,0.0,1508889600000
tank_1542,7.0,1508889600000
tank_1547,0.0,1508889600000
tank_1563,0.0,1508889600000
tank_1564,0.0,1508889600000
tank_1565,52.0,1508889600000
tank_1567,0.0,1508889600000
tank_1568,8.0,1508889600000
tank_1573,0.0,1508889600000
tank_1583,56.73725490196078,1508889600000
tank_1587,30.0,1508889600000
tank_1588,90.17254901960786,1508889600000
tank_1592,0.0,1508889600000
tank_1594,0.0,1508889600000
tank_1595,0.0,1508889600000
tank_1597,0.0,1508889600000
tank_1598,0.0,1508889600000
tank_1600,0.0,1508889600000
tank_1604,0.0,1508889600000
tank_0002,0.0,1509926400000
tank_0004,0.0,1509926400000
tank_0005,0.0,1509926400000
tank_0011,0.0,1509926400000
tank_0014,0.0,1509926400000
tank_0019,0.0,1509926400000
tank_0024,0.0,1509926400000
tank_0025,0.0,1509926400000
tank_0026,0.0,1509926400000
tank_0027,2.8745098039215686,1509926400000
tank_0030,0.0,1509926400000
tank_0031,0.0,1509926400000
tank_0036,0.0,1509926400000
tank_0037,0.0,1509926400000
tank_0038,0.0,1509926400000
tank_0050,0.0,1509926400000
tank_0051,0.0,1509926400000
tank_0052,0.0,1509926400000
tank_0053,0.0,1509926400000
tank_0055,0.0,1509926400000
tank_0057,8.0,1509926400000
tank_0058,0.0,1509926400000
tank_0064,9.662745098039217,1509926400000
tank_0069,18.0,1509926400000
tank_0072,0.0,1509926400000
tank_0073,0.0,1509926400000
tank_0080,32.0,1509926400000
tank_0094,0.0,1509926400000
tank_0107,0.0,1509926400000
tank_0110,0.0,1509926400000
tank_0113,0.0,1509926400000
tank_0115,0.0,1509926400000
tank_0116,2.0,1509926400000
tank_0117,65.0,1509926400000
tank_0118,0.0,1509926400000
tank_0122,0.0,1509926400000
tank_0125,0.0,1509926400000
tank_0130,0.0,1509926400000
tank_0131,0.0,1509926400000
tank_0132,0.0,1509926400000
tank_0134,0.0,1509926400000
tank_0135,0.0,1509926400000
tank_0142,0.0,1509926400000
tank_0143,0.0,1509926400000
tank_0144,0.0,1509926400000
tank_0148,0.0,1509926400000
tank_0153,0.0,1509926400000
tank_0156,0.0,1509926400000
tank_0159,0.0,1509926400000
tank_0165,0.0,1509926400000
tank_0171,0.0,1509926400000
tank_0172,0.0,1509926400000
tank_0174,0.0,1509926400000
tank_0176,0.0,1509926400000
tank_0184,0.0,1509926400000
tank_0187,0.0,1509926400000
tank_0190,0.0,1509926400000
tank_0192,0.0,1509926400000
tank_0193,0.0,1509926400000
tank_0195,0.0,1509926400000
tank_0199,0.0,1509926400000
tank_0204,0.0,1509926400000
tank_0205,0.0,1509926400000
tank_0207,0.054901960784313725,1509926400000
tank_0209,0.0,1509926400000
tank_0213,3.0,1509926400000
tank_0217,0.0,1509926400000
tank_0220,0.0,1509926400000
tank_0221,0.0,1509926400000
tank_0225,0.0,1509926400000
tank_0226,0.0,1509926400000
tank_0228,0.0,1509926400000
tank_0229,0.0,1509926400000
tank_0231,1.3411764705882354,1509926400000
tank_0233,0.0,1509926400000
tank_0236,0.0,1509926400000
tank_0237,52.0,1509926400000
tank_0240,0.0,1509926400000
tank_0242,0.0,1509926400000
tank_0245,0.0,1509926400000
tank_0247,0.0,1509926400000
tank_0256,0.0,1509926400000
tank_0257,0.0,1509926400000
tank_0260,0.0,1509926400000
tank_0261,0.0,1509926400000
tank_0264,0.0,1509926400000
tank_0273,123.0,1509926400000
tank_0276,0.0,1509926400000
tank_0278,0.0,1509926400000
tank_0280,0.0,1509926400000
tank_0291,0.0,1509926400000
tank_0292,0.0,1509926400000
tank_0296,0.0,1509926400000
tank_0297,8.0,1509926400000
tank_0299,0.0,1509926400000
tank_0300,0.0,1509926400000
tank_0301,0.0,1509926400000
tank_0307,0.0,1509926400000
tank_0309,22.8,1509926400000
tank_0313,0.0,1509926400000
tank_0314,0.0,1509926400000
tank_0319,0.0,1509926400000
tank_0321,0.0,1509926400000
tank_0327,0.0,1509926400000
tank_0337,0.0,1509926400000
tank_0338,0.0,1509926400000
tank_0339,0.0,1509926400000
tank_0342,6.0,1509926400000
tank_0345,0.0,1509926400000
tank_0346,0.0,1509926400000
tank_0349,182.0,1509926400000
tank_0350,0.0,1509926400000
tank_0353,21.0,1509926400000
tank_0356,0.0,1509926400000
tank_0360,0.0,1509926400000
tank_0361,0.0,1509926400000
tank_0362,0.0,1509926400000
tank_0364,0.0,1509926400000
tank_0366,0.0,1509926400000
tank_0369,0.0,1509926400000
tank_0375,0.0,1509926400000
tank_0379,0.0,1509926400000
tank_0381,0.0,1509926400000
tank_0386,19.0,1509926400000
tank_0390,0.0,1509926400000
tank_0397,0.0,1509926400000
tank_0399,0.0,1509926400000
tank_0404,5.0,1509926400000
tank_0409,0.0,1509926400000
tank_0420,0.0,1509926400000
tank_0425,0.0,1509926400000
tank_0431,85.0,1509926400000
tank_0432,2.0,1509926400000
tank_0435,81.0,1509926400000
tank_0436,0.0,1509926400000
tank_0438,0.0,1509926400000
tank_0443,0.0,1509926400000
tank_0444,177.0,1509926400000
tank_0447,0.0,1509926400000
tank_0448,0.0,1509926400000
tank_0449,0.0,1509926400000
tank_0455,0.0,1509926400000
tank_0460,0.0,1509926400000
tank_0462,26.0,1509926400000
tank_0466,0.0,1509926400000
tank_0471,0.0,1509926400000
tank_0473,0.0,1509926400000
tank_0474,0.0,1509926400000
tank_0481,0.0,1509926400000
tank_0485,0.0,1509926400000
tank_0489,0.0,1509926400000
tank_0491,0.0,1509926400000
tank_0494,0.0,1509926400000
tank_0497,0.0,1509926400000
tank_0498,0.0,1509926400000
tank_0502,0.0,1509926400000
tank_0505,0.0,1509926400000
tank_0509,0.0,1509926400000
tank_0512,106.0,1509926400000
tank_0514,0.0,1509926400000
tank_0515,0.0,1509926400000
tank_0521,25.0,1509926400000
tank_0524,0.0,1509926400000
tank_0526,55.87450980392157,1509926400000
tank_0533,0.0,1509926400000
tank_0534,0.0,1509926400000
tank_0536,0.0,1509926400000
tank_0537,0.0,1509926400000
tank_0541,0.0,1509926400000
tank_0547,0.0,1509926400000
tank_0552,0.0,1509926400000
tank_0555,18.886274509803922,1509926400000
tank_0556,0.0,1509926400000
tank_0557,0.0,1509926400000
tank_0560,0.0,1509926400000
tank_0561,0.0,1509926400000
tank_0566,0.0,1509926400000
tank_0567,0.0,1509926400000
tank_0568,0.0,1509926400000
tank_0574,47.0,1509926400000
tank_0579,49.0,1509926400000
tank_0583,176.0,1509926400000
tank_0587,0.0,1509926400000
tank_0589,0.0,1509926400000
tank_0590,32.0,1509926400000
tank_0592,0.0,1509926400000
tank_0593,0.0,1509926400000
tank_0595,0.0,1509926400000
tank_0600,0.0,1509926400000
tank_0604,0.0,1509926400000
tank_0606,0.0,1509926400000
tank_0607,0.0,1509926400000
tank_0608,35.0,1509926400000
tank_0610,0.0,1509926400000
tank_0611,0.0,1509926400000
tank_0612,0.0,1509926400000
tank_0613,0.0,1509926400000
tank_0619,76.91372549019609,1509926400000
tank_0626,0.0,1509926400000
tank_0627,0.0,1509926400000
tank_0628,0.0,1509926400000
tank_0632,0.0,1509926400000
tank_0633,0.0,1509926400000
tank_0639,0.0,1509926400000
tank_0640,0.0,1509926400000
tank_0641,0.0,1509926400000
tank_0643,0.0,1509926400000
tank_0646,0.0,1509926400000
tank_0663,0.0,1509926400000
tank_0664,19.423529411764704,1509926400000
tank_0666,0.0,1509926400000
tank_0667,0.0,1509926400000
tank_0670,0.0,1509926400000
tank_0675,0.0,1509926400000
tank_0676,316.0,1509926400000
tank_0678,3.203921568627451,1509926400000
tank_0681,0.0,1509926400000
tank_0687,0.0,1509926400000
tank_0688,61.0,1509926400000
tank_0697,0.0,1509926400000
tank_0720,18.862745098039216,1509926400000
tank_0722,0.0,1509926400000
tank_0724,0.0,1509926400000
tank_0725,18.0,1509926400000
tank_0728,0.0,1509926400000
tank_0730,0.0,1509926400000
tank_0731,66.0,1509926400000
tank_0732,0.0,1509926400000
tank_0737,69.0,1509926400000
tank_0739,0.0,1509926400000
tank_0740,0.0,1509926400000
tank_0746,0.0,1509926400000
tank_0748,0.0,1509926400000
tank_0749,0.0,1509926400000
tank_0752,0.0,1509926400000
tank_0760,0.0,1509926400000
tank_0770,0.0,1509926400000
tank_0772,0.0,1509926400000
tank_0788,0.0,1509926400000
tank_0789,0.0,1509926400000
tank_0792,0.0,1509926400000
tank_0797,52.0,1509926400000
tank_0800,149.0,1509926400000
tank_0802,37.91764705882353,1509926400000
tank_0803,0.0,1509926400000
tank_0808,1.9607843137254901,1509926400000
tank_0810,0.0,1509926400000
tank_0811,0.0,1509926400000
tank_0812,0.0,1509926400000
tank_0813,0.32941176470588235,1509926400000
tank_0816,0.0,1509926400000
tank_0819,25.0,1509926400000
tank_0823,0.0,1509926400000
tank_0824,175.0,1509926400000
tank_0825,47.0,1509926400000
tank_0828,1.0,1509926400000
tank_0829,71.9843137254902,1509926400000
tank_0830,0.0,1509926400000
tank_0831,0.0,1509926400000
tank_0844,0.0,1509926400000
tank_0852,101.8,1509926400000
tank_0855,91.0,1509926400000
tank_0856,304.0,1509926400000
tank_0860,0.0,1509926400000
tank_0861,27.0,1509926400000
tank_0872,2.0,1509926400000
tank_0875,133.0,1509926400000
tank_0879,0.0,1509926400000
tank_0885,0.0,1509926400000
tank_0891,2.0,1509926400000
tank_0894,216.0,1509926400000
tank_0898,22.0,1509926400000
tank_0900,98.78823529411764,1509926400000
tank_0901,267.0,1509926400000
tank_0902,27.0,1509926400000
tank_0914,29.0,1509926400000
tank_0917,89.0,1509926400000
tank_0919,105.96470588235294,1509926400000
tank_0920,236.71764705882353,1509926400000
tank_0922,7.0,1509926400000
tank_0923,31.38823529411765,1509926400000
tank_0924,0.0,1509926400000
tank_0926,0.0,1509926400000
tank_0927,5.854901960784314,1509926400000
tank_0928,11.0,1509926400000
tank_0930,75.0,1509926400000
tank_0931,37.0,1509926400000
tank_0933,0.0,1509926400000
tank_0934,0.0,1509926400000
tank_0937,0.0,1509926400000
tank_0938,0.0,1509926400000
tank_0939,0.0,1509926400000
tank_0944,79.0,1509926400000
tank_0946,0.0,1509926400000
tank_0952,28.0,1509926400000
tank_0958,0.0,1509926400000
tank_0962,7.0,1509926400000
tank_0967,3.0,1509926400000
tank_0975,0.0,1509926400000
tank_0978,0.0,1509926400000
tank_0990,0.0,1509926400000
tank_0991,7.0,1509926400000
tank_0998,0.0,1509926400000
tank_0999,0.0,1509926400000
tank_1003,317.0,1509926400000
tank_1004,0.0,1509926400000
tank_1014,110.0,1509926400000
tank_1026,136.0,1509926400000
tank_1031,0.0,1509926400000
tank_1032,0.0,1509926400000
tank_1034,0.0,1509926400000
tank_1042,1.0,1509926400000
tank_1045,25.0,1509926400000
tank_1049,57.0,1509926400000
tank_1055,1.4980392156862745,1509926400000
tank_1061,31.92156862745098,1509926400000
tank_1062,0.0,1509926400000
tank_1064,0.0,1509926400000
tank_1065,0.0,1509926400000
tank_1066,0.0,1509926400000
tank_1070,0.0,1509926400000
tank_1073,3.0,1509926400000
tank_1083,20.0,1509926400000
tank_1086,0.0,1509926400000
tank_1088,4.0,1509926400000
tank_1089,29.0,1509926400000
tank_1090,0.0,1509926400000
tank_1091,0.3411764705882353,1509926400000
tank_1094,51.0,1509926400000
tank_1095,4.0,1509926400000
tank_1104,0.0,1509926400000
tank_1113,25.0,1509926400000
tank_1116,0.0,1509926400000
tank_1117,0.0,1509926400000
tank_1120,136.63529411764705,1509926400000
tank_1121,0.0,1509926400000
tank_1124,17.96470588235294,1509926400000
tank_1128,0.0,1509926400000
tank_1134,0.0,1509926400000
tank_1135,4.0,1509926400000
tank_1146,8.0,1509926400000
tank_1149,0.0,1509926400000
tank_1156,0.0,1509926400000
tank_1157,9.95686274509804,1509926400000
tank_1159,7.0,1509926400000
tank_1160,0.0,1509926400000
tank_1166,0.0,1509926400000
tank_1170,16.24313725490196,1509926400000
tank_1175,0.0,1509926400000
tank_1177,0.0,1509926400000
tank_1179,0.0,1509926400000
tank_1181,38.94117647058823,1509926400000
tank_1186,0.0,1509926400000
tank_1187,0.0,1509926400000
tank_1190,0.0,1509926400000
tank_1192,26.0,1509926400000
tank_1196,0.0,1509926400000
tank_1197,2.0,1509926400000
tank_1201,3.0,1509926400000
tank_1203,0.0,1509926400000
tank_1205,15.0,1509926400000
tank_1209,79.0,1509926400000
tank_1217,0.0,1509926400000
tank_1223,9.945098039215686,1509926400000
tank_1226,0.0,1509926400000
tank_1228,75.0,1509926400000
tank_1230,0.0,1509926400000
tank_1237,0.0,1509926400000
tank_1239,0.0,1509926400000
tank_1245,0.0,1509926400000
tank_1246,94.0,1509926400000
tank_1250,0.0,1509926400000
tank_1254,0.0,1509926400000
tank_1255,0.0,1509926400000
tank_1258,0.0,1509926400000
tank_1261,0.0,1509926400000
tank_1262,0.0,1509926400000
tank_1263,0.0,1509926400000
tank_1265,1.0,1509926400000
tank_1270,6.929411764705883,1509926400000
tank_1272,0.0,1509926400000
tank_1275,0.0,1509926400000
tank_1276,0.0,1509926400000
tank_1279,2.0,1509926400000
tank_1280,0.0,1509926400000
tank_1284,0.0,1509926400000
tank_1285,0.0,1509926400000
tank_1286,14.0,1509926400000
tank_1290,0.0,1509926400000
tank_1291,0.0,1509926400000
tank_1293,0.0,1509926400000
tank_1295,0.0,1509926400000
tank_1297,29.0,1509926400000
tank_1301,0.0,1509926400000
tank_1302,0.0,1509926400000
tank_1304,0.0,1509926400000
tank_1305,4.0,1509926400000
tank_1313,0.0,1509926400000
tank_1322,0.0,1509926400000
tank_1325,0.0,1509926400000
tank_1326,0.0,1509926400000
tank_1344,0.0,1509926400000
tank_1346,0.0,1509926400000
tank_1349,0.0,1509926400000
tank_1353,113.0,1509926400000
tank_1358,0.0,1509926400000
tank_1359,0.0,1509926400000
tank_1361,32.0,1509926400000
tank_1364,75.0,1509926400000
tank_1365,0.0,1509926400000
tank_1372,5.0,1509926400000
tank_1374,122.0,1509926400000
tank_1378,0.0,1509926400000
tank_1380,0.0,1509926400000
tank_1386,0.0,1509926400000
tank_1391,0.0,1509926400000
tank_1393,21.133333333333333,1509926400000
tank_1396,12.0,1509926400000
tank_1397,0.0,1509926400000
tank_1403,17.0,1509926400000
tank_1409,27.0,1509926400000
tank_1412,0.0,1509926400000
tank_1415,0.0,1509926400000
tank_1416,0.0,1509926400000
tank_1421,0.0,1509926400000
tank_1422,0.0,1509926400000
tank_1425,0.0,1509926400000
tank_1426,0.0,1509926400000
tank_1430,0.0,1509926400000
tank_1433,0.0,1509926400000
tank_1438,0.0,1509926400000
tank_1439,0.0,1509926400000
tank_1441,0.0,1509926400000
tank_1443,0.0,1509926400000
tank_1445,33.0,1509926400000
tank_1446,0.0,1509926400000
tank_1450,0.0,1509926400000
tank_1452,0.0,1509926400000
tank_1456,0.0,1509926400000
tank_1466,0.0,1509926400000
tank_1471,0.0,1509926400000
tank_1475,0.0,1509926400000
tank_1486,0.0,1509926400000
tank_1488,0.0,1509926400000
tank_1491,0.0,1509926400000
tank_1500,10.525490196078431,1509926400000
tank_1505,0.0,1509926400000
tank_1513,0.0,1509926400000
tank_1531,60.0,1509926400000
tank_1536,1.0,1509926400000
tank_1539,0.0,1509926400000
tank_1541,0.0,1509926400000
tank_1542,0.0,1509926400000
tank_1547,0.0,1509926400000
tank_1563,0.0,1509926400000
tank_1564,0.0,1509926400000
tank_1565,4.0,1509926400000
tank_1567,0.0,1509926400000
tank_1568,4.0,1509926400000
tank_1573,0.0,1509926400000
tank_1583,44.247058823529414,1509926400000
tank_1587,0.0,1509926400000
tank_1588,39.75686274509804,1509926400000
tank_1592,0.0,1509926400000
tank_1594,0.0,1509926400000
tank_1595,0.0,1509926400000
tank_1597,0.0,1509926400000
tank_1598,0.0,1509926400000
tank_1600,0.0,1509926400000
tank_1604,0.0,1509926400000
tank_0002,0.0,1510963200000
tank_0004,0.0,1510963200000
tank_0005,0.0,1510963200000
tank_0011,0.0,1510963200000
tank_0014,0.0,1510963200000
tank_0019,0.0,1510963200000
tank_0024,0.0,1510963200000
tank_0025,0.0,1510963200000
tank_0026,0.0,1510963200000
tank_0027,7.0,1510963200000
tank_0030,0.0,1510963200000
tank_0031,3.0,1510963200000
tank_0036,0.0,1510963200000
tank_0037,0.0,1510963200000
tank_0038,0.0,1510963200000
tank_0050,0.0,1510963200000
tank_0051,0.0,1510963200000
tank_0052,0.0,1510963200000
tank_0053,7.662745098039216,1510963200000
tank_0055,0.0,1510963200000
tank_0057,0.0,1510963200000
tank_0058,0.0,1510963200000
tank_0064,14.301960784313726,1510963200000
tank_0069,24.0,1510963200000
tank_0072,0.0,1510963200000
tank_0073,0.0,1510963200000
tank_0080,45.372549019607845,1510963200000
tank_0094,0.0,1510963200000
tank_0107,0.0,1510963200000
tank_0110,0.0,1510963200000
tank_0113,0.0,1510963200000
tank_0115,0.0,1510963200000
tank_0116,7.0,1510963200000
tank_0117,55.0,1510963200000
tank_0118,0.0,1510963200000
tank_0122,0.0,1510963200000
tank_0125,7.043137254901961,1510963200000
tank_0130,0.0,1510963200000
tank_0131,0.0,1510963200000
tank_0132,0.0,1510963200000
tank_0134,0.0,1510963200000
tank_0135,2.0,1510963200000
tank_0142,0.0,1510963200000
tank_0143,0.0,1510963200000
tank_0144,0.0,1510963200000
tank_0148,0.0,1510963200000
tank_0153,0.0,1510963200000
tank_0156,0.0,1510963200000
tank_0159,0.0,1510963200000
tank_0165,1.0,1510963200000
tank_0171,0.0,1510963200000
tank_0172,0.0,1510963200000
tank_0174,2.0352941176470587,1510963200000
tank_0176,0.0,1510963200000
tank_0184,0.0,1510963200000
tank_0187,0.0,1510963200000
tank_0190,0.615686274509804,1510963200000
tank_0192,0.0,1510963200000
tank_0193,0.0,1510963200000
tank_0195,0.0,1510963200000
tank_0199,0.0,1510963200000
tank_0204,0.0,1510963200000
tank_0205,0.0,1510963200000
tank_0207,0.0,1510963200000
tank_0209,0.0,1510963200000
tank_0213,4.0,1510963200000
tank_0217,0.0,1510963200000
tank_0220,0.0,1510963200000
tank_0221,0.0,1510963200000
tank_0225,0.0,1510963200000
tank_0226,0.0,1510963200000
tank_0228,3.4039215686274513,1510963200000
tank_0229,0.0,1510963200000
tank_0231,0.0,1510963200000
tank_0233,0.0,1510963200000
tank_0236,0.0,1510963200000
tank_0237,50.87450980392157,1510963200000
tank_0240,0.0,1510963200000
tank_0242,0.0,1510963200000
tank_0245,0.0,1510963200000
tank_0247,1.0,1510963200000
tank_0256,0.0,1510963200000
tank_0257,0.0,1510963200000
tank_0260,0.0,1510963200000
tank_0261,0.0,1510963200000
tank_0264,0.0,1510963200000
tank_0273,104.0,1510963200000
tank_0276,0.0,1510963200000
tank_0278,0.0,1510963200000
tank_0280,0.0,1510963200000
tank_0291,0.0,1510963200000
tank_0292,11.352941176470587,1510963200000
tank_0296,0.0,1510963200000
tank_0297,11.0,1510963200000
tank_0299,0.0,1510963200000
tank_0300,0.0,1510963200000
tank_0301,0.0,1510963200000
tank_0307,0.0,1510963200000
tank_0309,8.925490196078432,1510963200000
tank_0313,0.0,1510963200000
tank_0314,0.0,1510963200000
tank_0319,0.0,1510963200000
tank_0321,0.0,1510963200000
tank_0327,0.0,1510963200000
tank_0337,0.0,1510963200000
tank_0338,0.0,1510963200000
tank_0339,0.0,1510963200000
tank_0342,6.0,1510963200000
tank_0345,0.0,1510963200000
tank_0346,0.0,1510963200000
tank_0349,160.0,1510963200000
tank_0350,0.4980392156862745,1510963200000
tank_0353,18.0,1510963200000
tank_0356,0.0,1510963200000
tank_0360,0.0,1510963200000
tank_0361,0.0,1510963200000
tank_0362,0.0,1510963200000
tank_0364,0.01568627450980392,1510963200000
tank_0366,0.0,1510963200000
tank_0369,0.0,1510963200000
tank_0375,0.0,1510963200000
tank_0379,0.0,1510963200000
tank_0381,0.0,1510963200000
tank_0386,20.0,1510963200000
tank_0390,2.0,1510963200000
tank_0397,0.0,1510963200000
tank_0399,0.0,1510963200000
tank_0404,7.0,1510963200000
tank_0409,0.0,1510963200000
tank_0420,0.0,1510963200000
tank_0425,0.0,1510963200000
tank_0431,137.0,1510963200000
tank_0432,2.313725490196078,1510963200000
tank_0435,99.0,1510963200000
tank_0436,0.0,1510963200000
tank_0438,0.0,1510963200000
tank_0443,0.0,1510963200000
tank_0444,317.0,1510963200000
tank_0447,0.3568627450980392,1510963200000
tank_0448,0.0,1510963200000
tank_0449,0.0,1510963200000
tank_0455,0.0,1510963200000
tank_0460,0.0,1510963200000
tank_0462,142.80392156862746,1510963200000
tank_0466,0.0,1510963200000
tank_0471,0.0,1510963200000
tank_0473,0.0,1510963200000
tank_0474,5.325490196078431,1510963200000
tank_0481,13.490196078431373,1510963200000
tank_0485,0.0,1510963200000
tank_0489,0.0,1510963200000
tank_0491,0.0,1510963200000
tank_0494,0.0,1510963200000
tank_0497,0.0,1510963200000
tank_0498,0.0,1510963200000
tank_0502,0.0,1510963200000
tank_0505,0.0,1510963200000
tank_0509,0.0,1510963200000
tank_0512,144.0,1510963200000
tank_0514,0.0,1510963200000
tank_0515,0.0,1510963200000
tank_0521,38.0,1510963200000
tank_0524,0.0,1510963200000
tank_0526,58.74901960784314,1510963200000
tank_0533,0.0,1510963200000
tank_0534,0.0,1510963200000
tank_0536,0.0,1510963200000
tank_0537,0.0,1510963200000
tank_0541,0.0,1510963200000
tank_0547,0.0,1510963200000
tank_0552,0.0,1510963200000
tank_0555,15.0,1510963200000
tank_0556,0.0,1510963200000
tank_0557,0.0,1510963200000
tank_0560,0.0,1510963200000
tank_0561,0.0,1510963200000
tank_0566,0.0,1510963200000
tank_0567,0.0,1510963200000
tank_0568,0.0,1510963200000
tank_0574,65.0,1510963200000
tank_0579,51.0,1510963200000
tank_0583,285.0,1510963200000
tank_0587,0.0,1510963200000
tank_0589,0.0,1510963200000
tank_0590,66.0,1510963200000
tank_0592,0.0,1510963200000
tank_0593,0.0,1510963200000
tank_0595,0.0,1510963200000
tank_0600,0.37254901960784315,1510963200000
tank_0604,0.0,1510963200000
tank_0606,0.0,1510963200000
tank_0607,0.0,1510963200000
tank_0608,310.0,1510963200000
tank_0610,0.0,1510963200000
tank_0611,0.0,1510963200000
tank_0612,0.0,1510963200000
tank_0613,0.0,1510963200000
tank_0619,64.8156862745098,1510963200000
tank_0626,0.0,1510963200000
tank_0627,0.0,1510963200000
tank_0628,0.0,1510963200000
tank_0632,0.0,1510963200000
tank_0633,0.0,1510963200000
tank_0639,0.0,1510963200000
tank_0640,0.0,1510963200000
tank_0641,0.0,1510963200000
tank_0643,0.0,1510963200000
tank_0646,0.0,1510963200000
tank_0663,0.0,1510963200000
tank_0664,20.423529411764704,1510963200000
tank_0666,0.0,1510963200000
tank_0667,0.0,1510963200000
tank_0670,0.0,1510963200000
tank_0675,0.0,1510963200000
tank_0676,516.0,1510963200000
tank_0678,1.6980392156862745,1510963200000
tank_0681,0.0,1510963200000
tank_0687,3.0,1510963200000
tank_0688,206.0,1510963200000
tank_0697,0.0,1510963200000
tank_0720,23.0,1510963200000
tank_0722,0.0,1510963200000
tank_0724,0.0,1510963200000
tank_0725,13.0,1510963200000
tank_0728,0.0,1510963200000
tank_0730,0.0,1510963200000
tank_0731,707.0,1510963200000
tank_0732,0.0,1510963200000
tank_0737,416.0,1510963200000
tank_0739,0.0,1510963200000
tank_0740,2.0,1510963200000
tank_0746,0.0,1510963200000
tank_0748,0.0,1510963200000
tank_0749,0.0,1510963200000
tank_0752,0.0,1510963200000
tank_0760,0.0,1510963200000
tank_0770,0.0,1510963200000
tank_0772,0.0,1510963200000
tank_0788,0.0,1510963200000
tank_0789,0.0,1510963200000
tank_0792,7.47843137254902,1510963200000
tank_0797,77.0,1510963200000
tank_0800,115.0,1510963200000
tank_0802,62.52941176470587,1510963200000
tank_0803,0.0,1510963200000
tank_0808,3.0,1510963200000
tank_0810,0.0,1510963200000
tank_0811,0.0,1510963200000
tank_0812,0.0,1510963200000
tank_0813,0.0392156862745098,1510963200000
tank_0816,5.0,1510963200000
tank_0819,15.48235294117647,1510963200000
tank_0823,0.0,1510963200000
tank_0824,721.0,1510963200000
tank_0825,53.10588235294117,1510963200000
tank_0828,0.0,1510963200000
tank_0829,92.02745098039215,1510963200000
tank_0830,0.0,1510963200000
tank_0831,0.0,1510963200000
tank_0844,0.0,1510963200000
tank_0852,121.74901960784314,1510963200000
tank_0855,108.0,1510963200000
tank_0856,562.0,1510963200000
tank_0860,0.0,1510963200000
tank_0861,24.0,1510963200000
tank_0872,0.0,1510963200000
tank_0875,354.66274509803924,1510963200000
tank_0879,28.784313725490197,1510963200000
tank_0885,0.0,1510963200000
tank_0891,49.0,1510963200000
tank_0894,487.0,1510963200000
tank_0898,127.0,1510963200000
tank_0900,65.25098039215686,1510963200000
tank_0901,430.43529411764706,1510963200000
tank_0902,33.0,1510963200000
tank_0914,65.90588235294118,1510963200000
tank_0917,157.0,1510963200000
tank_0919,77.0,1510963200000
tank_0920,679.0980392156863,1510963200000
tank_0922,14.0,1510963200000
tank_0923,20.0,1510963200000
tank_0924,0.0,1510963200000
tank_0926,0.0,1510963200000
tank_0927,0.8549019607843137,1510963200000
tank_0928,0.0,1510963200000
tank_0930,109.0,1510963200000
tank_0931,263.0,1510963200000
tank_0933,0.0,1510963200000
tank_0934,0.0,1510963200000
tank_0937,0.0,1510963200000
tank_0938,0.0,1510963200000
tank_0939,0.0,1510963200000
tank_0944,121.9921568627451,1510963200000
tank_0946,0.0,1510963200000
tank_0952,32.0,1510963200000
tank_0958,0.0,1510963200000
tank_0962,1.0,1510963200000
tank_0967,5.0,1510963200000
tank_0975,0.0,1510963200000
tank_0978,0.0,1510963200000
tank_0990,0.0,1510963200000
tank_0991,294.0,1510963200000
tank_0998,0.0,1510963200000
tank_0999,0.0,1510963200000
tank_1003,1225.0,1510963200000
tank_1004,0.0,1510963200000
tank_1014,100.0,1510963200000
tank_1026,226.0,1510963200000
tank_1031,0.0,1510963200000
tank_1032,2.0,1510963200000
tank_1034,0.0,1510963200000
tank_1042,0.0,1510963200000
tank_1045,21.0,1510963200000
tank_1049,133.99607843137255,1510963200000
tank_1055,2.1254901960784314,1510963200000
tank_1061,41.247058823529414,1510963200000
tank_1062,0.0,1510963200000
tank_1064,0.0,1510963200000
tank_1065,0.0,1510963200000
tank_1066,0.0,1510963200000
tank_1070,0.0,1510963200000
tank_1073,45.0,1510963200000
tank_1083,56.0,1510963200000
tank_1086,18.0,1510963200000
tank_1088,1.9450980392156862,1510963200000
tank_1089,43.0,1510963200000
tank_1090,9.0,1510963200000
tank_1091,0.0,1510963200000
tank_1094,4.0,1510963200000
tank_1095,0.0,1510963200000
tank_1104,3.0,1510963200000
tank_1113,25.0,1510963200000
tank_1116,0.0,1510963200000
tank_1117,0.0,1510963200000
tank_1120,189.0,1510963200000
tank_1121,0.0,1510963200000
tank_1124,18.929411764705883,1510963200000
tank_1128,0.0,1510963200000
tank_1134,0.0,1510963200000
tank_1135,7.0,1510963200000
tank_1146,35.549019607843135,1510963200000
tank_1149,0.0,1510963200000
tank_1156,0.0,1510963200000
tank_1157,19.39607843137255,1510963200000
tank_1159,0.0,1510963200000
tank_1160,0.0,1510963200000
tank_1166,2.2470588235294118,1510963200000
tank_1170,29.12549019607843,1510963200000
tank_1175,0.0,1510963200000
tank_1177,0.0,1510963200000
tank_1179,0.28627450980392155,1510963200000
tank_1181,168.65882352941176,1510963200000
tank_1186,0.0,1510963200000
tank_1187,0.0,1510963200000
tank_1190,0.0,1510963200000
tank_1192,23.0,1510963200000
tank_1196,0.0,1510963200000
tank_1197,1002.0,1510963200000
tank_1201,72.0,1510963200000
tank_1203,0.0,1510963200000
tank_1205,65.0,1510963200000
tank_1209,344.0,1510963200000
tank_1217,0.0,1510963200000
tank_1223,11.388235294117647,1510963200000
tank_1226,0.0,1510963200000
tank_1228,154.0,1510963200000
tank_1230,0.0,1510963200000
tank_1237,0.0,1510963200000
tank_1239,0.0,1510963200000
tank_1245,15.537254901960784,1510963200000
tank_1246,105.0,1510963200000
tank_1250,0.0,1510963200000
tank_1254,0.0,1510963200000
tank_1255,0.0,1510963200000
tank_1258,0.0,1510963200000
tank_1261,0.0,1510963200000
tank_1262,0.0,1510963200000
tank_1263,0.0,1510963200000
tank_1265,3.0,1510963200000
tank_1270,12.952941176470588,1510963200000
tank_1272,0.0,1510963200000
tank_1275,0.0,1510963200000
tank_1276,0.0,1510963200000
tank_1279,17.0,1510963200000
tank_1280,0.0,1510963200000
tank_1284,0.0,1510963200000
tank_1285,0.0,1510963200000
tank_1286,37.0,1510963200000
tank_1290,0.0,1510963200000
tank_1291,0.0,1510963200000
tank_1293,0.0,1510963200000
tank_1295,0.0,1510963200000
tank_1297,69.0,1510963200000
tank_1301,0.0,1510963200000
tank_1302,0.0,1510963200000
tank_1304,0.0,1510963200000
tank_1305,15.0,1510963200000
tank_1313,0.0,1510963200000
tank_1322,0.0,1510963200000
tank_1325,0.0,1510963200000
tank_1326,0.0,1510963200000
tank_1344,0.0,1510963200000
tank_1346,0.0,1510963200000
tank_1349,0.0,1510963200000
tank_1353,127.0,1510963200000
tank_1358,0.0,1510963200000
tank_1359,0.08235294117647059,1510963200000
tank_1361,49.0,1510963200000
tank_1364,519.0,1510963200000
tank_1365,0.0,1510963200000
tank_1372,10.0,1510963200000
tank_1374,407.8862745098039,1510963200000
tank_1378,13.0,1510963200000
tank_1380,0.0,1510963200000
tank_1386,0.0,1510963200000
tank_1391,0.0,1510963200000
tank_1393,36.12549019607844,1510963200000
tank_1396,24.0,1510963200000
tank_1397,0.0,1510963200000
tank_1403,11.0,1510963200000
tank_1409,357.0,1510963200000
tank_1412,0.0,1510963200000
tank_1415,0.0,1510963200000
tank_1416,0.0,1510963200000
tank_1421,7.0,1510963200000
tank_1422,0.0,1510963200000
tank_1425,0.0,1510963200000
tank_1426,0.0,1510963200000
tank_1430,0.0,1510963200000
tank_1433,0.0,1510963200000
tank_1438,0.0,1510963200000
tank_1439,0.0,1510963200000
tank_1441,0.0,1510963200000
tank_1443,0.0,1510963200000
tank_1445,60.0,1510963200000
tank_1446,0.0,1510963200000
tank_1450,0.0,1510963200000
tank_1452,0.0,1510963200000
tank_1456,0.0,1510963200000
tank_1466,0.0,1510963200000
tank_1471,0.0,1510963200000
tank_1475,0.0,1510963200000
tank_1486,0.0,1510963200000
tank_1488,0.0,1510963200000
tank_1491,0.0,1510963200000
tank_1500,32.490196078431374,1510963200000
tank_1505,0.0,1510963200000
tank_1513,0.0,1510963200000
tank_1531,65.0,1510963200000
tank_1536,14.0,1510963200000
tank_1539,0.0,1510963200000
tank_1541,0.0,1510963200000
tank_1542,0.0,1510963200000
tank_1547,0.0,1510963200000
tank_1563,0.0,1510963200000
tank_1564,0.0,1510963200000
tank_1565,11.0,1510963200000
tank_1567,0.0,1510963200000
tank_1568,4.0,1510963200000
tank_1573,0.0,1510963200000
tank_1583,35.247058823529414,1510963200000
tank_1587,0.0,1510963200000
tank_1588,40.72941176470589,1510963200000
tank_1592,0.0,1510963200000
tank_1594,0.0,1510963200000
tank_1595,0.0,1510963200000
tank_1597,0.0,1510963200000
tank_1598,0.0,1510963200000
tank_1600,0.0,1510963200000
tank_1604,0.0,1510963200000
tank_0002,0.0,1512000000000
tank_0004,0.0,1512000000000
tank_0005,8.866666666666667,1512000000000
tank_0011,0.0,1512000000000
tank_0014,0.0,1512000000000
tank_0019,0.0,1512000000000
tank_0024,16.46666666666667,1512000000000
tank_0025,0.0,1512000000000
tank_0026,0.0,1512000000000
tank_0027,2.0,1512000000000
tank_0030,0.0,1512000000000
tank_0031,0.0,1512000000000
tank_0036,0.0,1512000000000
tank_0037,0.0,1512000000000
tank_0038,3.4980392156862745,1512000000000
tank_0050,8.003921568627451,1512000000000
tank_0051,0.0,1512000000000
tank_0052,0.0,1512000000000
tank_0053,6.909803921568628,1512000000000
tank_0055,0.0,1512000000000
tank_0057,0.0,1512000000000
tank_0058,0.0,1512000000000
tank_0064,28.066666666666666,1512000000000
tank_0069,9.0,1512000000000
tank_0072,0.0,1512000000000
tank_0073,0.0,1512000000000
tank_0080,41.090196078431376,1512000000000
tank_0094,0.0,1512000000000
tank_0107,0.0,1512000000000
tank_0110,0.0,1512000000000
tank_0113,0.0,1512000000000
tank_0115,0.0,1512000000000
tank_0116,8.0,1512000000000
tank_0117,54.0,1512000000000
tank_0118,0.0,1512000000000
tank_0122,0.0,1512000000000
tank_0125,7.0,1512000000000
tank_0130,2.0,1512000000000
tank_0131,0.0,1512000000000
tank_0132,0.0,1512000000000
tank_0134,1.0,1512000000000
tank_0135,5.4941176470588236,1512000000000
tank_0142,0.0,1512000000000
tank_0143,0.0,1512000000000
tank_0144,0.0,1512000000000
tank_0148,0.0,1512000000000
tank_0153,0.0,1512000000000
tank_0156,1.1803921568627451,1512000000000
tank_0159,0.0,1512000000000
tank_0165,0.0,1512000000000
tank_0171,0.0,1512000000000
tank_0172,0.0,1512000000000
tank_0174,10.79607843137255,1512000000000
tank_0176,0.0,1512000000000
tank_0184,0.0,1512000000000
tank_0187,0.0,1512000000000
tank_0190,1.9137254901960785,1512000000000
tank_0192,0.0,1512000000000
tank_0193,0.0,1512000000000
tank_0195,0.0,1512000000000
tank_0199,0.0,1512000000000
tank_0204,0.0,1512000000000
tank_0205,0.0,1512000000000
tank_0207,0.0,1512000000000
tank_0209,0.0,1512000000000
tank_0213,14.0,1512000000000
tank_0217,0.0,1512000000000
tank_0220,0.0,1512000000000
tank_0221,0.0,1512000000000
tank_0225,0.0,1512000000000
tank_0226,0.0,1512000000000
tank_0228,4.0,1512000000000
tank_0229,0.0,1512000000000
tank_0231,0.0,1512000000000
tank_0233,0.0,1512000000000
tank_0236,7.913725490196079,1512000000000
tank_0237,49.0,1512000000000
tank_0240,0.0,1512000000000
tank_0242,0.0,1512000000000
tank_0245,0.0,1512000000000
tank_0247,0.0,1512000000000
tank_0256,0.0,1512000000000
tank_0257,0.0,1512000000000
tank_0260,0.0,1512000000000
tank_0261,0.0,1512000000000
tank_0264,0.0,1512000000000
tank_0273,78.0,1512000000000
tank_0276,0.0,1512000000000
tank_0278,0.0,1512000000000
tank_0280,0.0,1512000000000
tank_0291,2.0,1512000000000
tank_0292,24.84313725490196,1512000000000
tank_0296,0.0,1512000000000
tank_0297,9.0,1512000000000
tank_0299,0.0,1512000000000
tank_0300,0.7215686274509804,1512000000000
tank_0301,0.0,1512000000000
tank_0307,0.0,1512000000000
tank_0309,6.0,1512000000000
tank_0313,0.0,1512000000000
tank_0314,0.0,1512000000000
tank_0319,3.0,1512000000000
tank_0321,1.9529411764705882,1512000000000
tank_0327,0.0,1512000000000
tank_0337,0.0,1512000000000
tank_0338,0.0,1512000000000
tank_0339,0.0,1512000000000
tank_0342,0.0,1512000000000
tank_0345,0.0,1512000000000
tank_0346,0.0,1512000000000
tank_0349,109.0,1512000000000
tank_0350,0.0,1512000000000
tank_0353,18.188235294117646,1512000000000
tank_0356,0.0,1512000000000
tank_0360,0.0,1512000000000
tank_0361,0.0,1512000000000
tank_0362,0.0,1512000000000
tank_0364,0.6352941176470588,1512000000000
tank_0366,6.0,1512000000000
tank_0369,0.0,1512000000000
tank_0375,0.0,1512000000000
tank_0379,6.113725490196078,1512000000000
tank_0381,0.0,1512000000000
tank_0386,8.0,1512000000000
tank_0390,2.0,1512000000000
tank_0397,0.0,1512000000000
tank_0399,0.0,1512000000000
tank_0404,4.0,1512000000000
tank_0409,0.0,1512000000000
tank_0420,0.0,1512000000000
tank_0425,0.0,1512000000000
tank_0431,40.0,1512000000000
tank_0432,0.0,1512000000000
tank_0435,45.0,1512000000000
tank_0436,0.0,1512000000000
tank_0438,0.0,1512000000000
tank_0443,0.0,1512000000000
tank_0444,177.0,1512000000000
tank_0447,0.37254901960784315,1512000000000
tank_0448,0.0,1512000000000
tank_0449,2.0,1512000000000
tank_0455,0.0,1512000000000
tank_0460,0.0,1512000000000
tank_0462,23.0,1512000000000
tank_0466,0.0,1512000000000
tank_0471,0.0,1512000000000
tank_0473,0.0,1512000000000
tank_0474,2.5058823529411764,1512000000000
tank_0481,15.972549019607841,1512000000000
tank_0485,0.0,1512000000000
tank_0489,0.0,1512000000000
tank_0491,0.0,1512000000000
tank_0494,0.0,1512000000000
tank_0497,0.0,1512000000000
tank_0498,0.0,1512000000000
tank_0502,0.0,1512000000000
tank_0505,0.0,1512000000000
tank_0509,0.0,1512000000000
tank_0512,78.0,1512000000000
tank_0514,0.0,1512000000000
tank_0515,0.0,1512000000000
tank_0521,9.0,1512000000000
tank_0524,0.0,1512000000000
tank_0526,38.0,1512000000000
tank_0533,0.0,1512000000000
tank_0534,0.0,1512000000000
tank_0536,0.0,1512000000000
tank_0537,0.0,1512000000000
tank_0541,0.0,1512000000000
tank_0547,0.0,1512000000000
tank_0552,0.0,1512000000000
tank_0555,18.0,1512000000000
tank_0556,0.0,1512000000000
tank_0557,0.0,1512000000000
tank_0560,0.0,1512000000000
tank_0561,0.0,1512000000000
tank_0566,0.0,1512000000000
tank_0567,0.0,1512000000000
tank_0568,0.09803921568627451,1512000000000
tank_0574,42.0,1512000000000
tank_0579,3.0,1512000000000
tank_0583,116.0,1512000000000
tank_0587,0.0,1512000000000
tank_0589,0.0,1512000000000
tank_0590,17.0,1512000000000
tank_0592,0.0,1512000000000
tank_0593,3.0,1512000000000
tank_0595,0.0,1512000000000
tank_0600,0.0,1512000000000
tank_0604,0.0,1512000000000
tank_0606,0.0,1512000000000
tank_0607,0.0,1512000000000
tank_0608,67.0,1512000000000
tank_0610,0.0,1512000000000
tank_0611,0.0,1512000000000
tank_0612,0.0,1512000000000
tank_0613,0.0,1512000000000
tank_0619,36.0,1512000000000
tank_0626,0.0,1512000000000
tank_0627,0.0,1512000000000
tank_0628,0.0,1512000000000
tank_0632,0.0,1512000000000
tank_0633,0.0,1512000000000
tank_0639,0.0,1512000000000
tank_0640,0.0,1512000000000
tank_0641,2.0,1512000000000
tank_0643,0.0,1512000000000
tank_0646,0.0,1512000000000
tank_0663,0.0,1512000000000
tank_0664,19.0,1512000000000
tank_0666,0.0,1512000000000
tank_0667,0.0,1512000000000
tank_0670,0.0,1512000000000
tank_0675,0.0,1512000000000
tank_0676,114.0,1512000000000
tank_0678,1.0,1512000000000
tank_0681,0.0,1512000000000
tank_0687,0.0,1512000000000
tank_0688,21.0,1512000000000
tank_0697,0.0,1512000000000
tank_0720,12.0,1512000000000
tank_0722,0.0,1512000000000
tank_0724,0.0,1512000000000
tank_0725,8.0,1512000000000
tank_0728,0.0,1512000000000
tank_0730,0.0,1512000000000
tank_0731,43.0,1512000000000
tank_0732,0.0,1512000000000
tank_0737,40.0,1512000000000
tank_0739,0.0,1512000000000
tank_0740,0.0,1512000000000
tank_0746,0.0,1512000000000
tank_0748,0.0,1512000000000
tank_0749,0.0,1512000000000
tank_0752,0.0,1512000000000
tank_0760,0.0,1512000000000
tank_0770,0.0,1512000000000
tank_0772,0.0,1512000000000
tank_0788,0.0,1512000000000
tank_0789,0.12941176470588237,1512000000000
tank_0792,38.227450980392156,1512000000000
tank_0797,30.0,1512000000000
tank_0800,84.0,1512000000000
tank_0802,15.745098039215685,1512000000000
tank_0803,0.0,1512000000000
tank_0808,22.36470588235294,1512000000000
tank_0810,0.0,1512000000000
tank_0811,0.0,1512000000000
tank_0812,0.0,1512000000000
tank_0813,2.3450980392156864,1512000000000
tank_0816,7.364705882352942,1512000000000
tank_0819,0.0,1512000000000
tank_0823,0.0,1512000000000
tank_0824,241.0,1512000000000
tank_0825,50.4235294117647,1512000000000
tank_0828,0.0,1512000000000
tank_0829,84.58431372549019,1512000000000
tank_0830,0.0,1512000000000
tank_0831,0.0,1512000000000
tank_0844,0.0,1512000000000
tank_0852,68.0,1512000000000
tank_0855,93.0,1512000000000
tank_0856,163.0,1512000000000
tank_0860,0.0,1512000000000
tank_0861,3.0,1512000000000
tank_0872,0.0,1512000000000
tank_0875,102.0,1512000000000
tank_0879,22.99607843137255,1512000000000
tank_0885,0.0,1512000000000
tank_0891,6.0,1512000000000
tank_0894,205.0,1512000000000
tank_0898,134.0,1512000000000
tank_0900,40.0,1512000000000
tank_0901,223.84313725490196,1512000000000
tank_0902,6.0,1512000000000
tank_0914,40.0,1512000000000
tank_0917,84.0,1512000000000
tank_0919,32.78431372549019,1512000000000
tank_0920,252.81176470588235,1512000000000
tank_0922,2.0,1512000000000
tank_0923,12.0,1512000000000
tank_0924,0.0,1512000000000
tank_0926,4.0,1512000000000
tank_0927,2.1254901960784314,1512000000000
tank_0928,0.0,1512000000000
tank_0930,86.0,1512000000000
tank_0931,79.0,1512000000000
tank_0933,0.0,1512000000000
tank_0934,0.8862745098039215,1512000000000
tank_0937,0.0,1512000000000
tank_0938,0.0,1512000000000
tank_0939,0.0,1512000000000
tank_0944,76.93333333333334,1512000000000
tank_0946,0.0,1512000000000
tank_0952,26.372549019607842,1512000000000
tank_0958,0.0,1512000000000
tank_0962,77.0,1512000000000
tank_0967,6.0,1512000000000
tank_0975,0.0,1512000000000
tank_0978,0.0,1512000000000
tank_0990,0.0,1512000000000
tank_0991,254.0,1512000000000
tank_0998,0.0,1512000000000
tank_0999,0.0,1512000000000
tank_1003,289.0,1512000000000
tank_1004,3.0,1512000000000
tank_1014,15.0,1512000000000
tank_1026,171.0,1512000000000
tank_1031,0.0,1512000000000
tank_1032,4.007843137254902,1512000000000
tank_1034,0.9529411764705882,1512000000000
tank_1042,11.0,1512000000000
tank_1045,25.0,1512000000000
tank_1049,62.0,1512000000000
tank_1055,2.2980392156862743,1512000000000
tank_1061,37.17254901960784,1512000000000
tank_1062,0.0,1512000000000
tank_1064,0.0,1512000000000
tank_1065,0.0,1512000000000
tank_1066,4.956862745098039,1512000000000
tank_1070,0.0,1512000000000
tank_1073,2.0,1512000000000
tank_1083,28.0,1512000000000
tank_1086,11.0,1512000000000
tank_1088,0.0,1512000000000
tank_1089,37.98039215686275,1512000000000
tank_1090,3.0,1512000000000
tank_1091,0.0,1512000000000
tank_1094,0.0,1512000000000
tank_1095,0.0,1512000000000
tank_1104,0.0,1512000000000
tank_1113,21.0,1512000000000
tank_1116,1.4705882352941178,1512000000000
tank_1117,0.0,1512000000000
tank_1120,157.0,1512000000000
tank_1121,0.0,1512000000000
tank_1124,14.71372549019608,1512000000000
tank_1128,0.0,1512000000000
tank_1134,0.0,1512000000000
tank_1135,1.0,1512000000000
tank_1146,26.337254901960787,1512000000000
tank_1149,0.0,1512000000000
tank_1156,0.0,1512000000000
tank_1157,20.98823529411765,1512000000000
tank_1159,96.0,1512000000000
tank_1160,0.0,1512000000000
tank_1166,0.0,1512000000000
tank_1170,24.976470588235294,1512000000000
tank_1175,0.0,1512000000000
tank_1177,1.0,1512000000000
tank_1179,0.40784313725490196,1512000000000
tank_1181,87.0,1512000000000
tank_1186,0.0,1512000000000
tank_1187,0.0,1512000000000
tank_1190,0.0,1512000000000
tank_1192,25.690196078431374,1512000000000
tank_1196,0.0,1512000000000
tank_1197,216.0,1512000000000
tank_1201,52.0,1512000000000
tank_1203,2.0,1512000000000
tank_1205,60.0,1512000000000
tank_1209,145.0,1512000000000
tank_1217,0.0,1512000000000
tank_1223,9.945098039215686,1512000000000
tank_1226,0.0,1512000000000
tank_1228,58.0,1512000000000
tank_1230,0.0,1512000000000
tank_1237,0.0,1512000000000
tank_1239,0.0,1512000000000
tank_1245,37.772549019607844,1512000000000
tank_1246,50.0,1512000000000
tank_1250,0.0,1512000000000
tank_1254,0.0,1512000000000
tank_1255,0.0,1512000000000
tank_1258,0.0,1512000000000
tank_1261,1.1372549019607843,1512000000000
tank_1262,0.0,1512000000000
tank_1263,0.0,1512000000000
tank_1265,11.0,1512000000000
tank_1270,11.0,1512000000000
tank_1272,0.0,1512000000000
tank_1275,0.0,1512000000000
tank_1276,0.0,1512000000000
tank_1279,11.0,1512000000000
tank_1280,0.0,1512000000000
tank_1284,0.0,1512000000000
tank_1285,0.0,1512000000000
tank_1286,32.0,1512000000000
tank_1290,0.0,1512000000000
tank_1291,0.0,1512000000000
tank_1293,0.0,1512000000000
tank_1295,0.4196078431372549,1512000000000
tank_1297,85.0,1512000000000
tank_1301,0.0,1512000000000
tank_1302,0.0,1512000000000
tank_1304,0.0,1512000000000
tank_1305,9.0,1512000000000
tank_1313,0.0,1512000000000
tank_1322,0.0,1512000000000
tank_1325,0.0,1512000000000
tank_1326,0.788235294117647,1512000000000
tank_1344,0.0,1512000000000
tank_1346,0.0,1512000000000
tank_1349,0.0,1512000000000
tank_1353,94.0,1512000000000
tank_1358,0.0,1512000000000
tank_1359,0.0,1512000000000
tank_1361,10.0,1512000000000
tank_1364,140.0,1512000000000
tank_1365,0.0,1512000000000
tank_1372,3.0,1512000000000
tank_1374,127.0,1512000000000
tank_1378,2.0,1512000000000
tank_1380,0.0,1512000000000
tank_1386,0.0,1512000000000
tank_1391,0.0,1512000000000
tank_1393,20.658823529411766,1512000000000
tank_1396,26.0,1512000000000
tank_1397,0.0,1512000000000
tank_1403,6.0,1512000000000
tank_1409,109.0,1512000000000
tank_1412,0.0,1512000000000
tank_1415,0.0,1512000000000
tank_1416,0.0,1512000000000
tank_1421,20.0,1512000000000
tank_1422,0.0,1512000000000
tank_1425,0.0,1512000000000
tank_1426,0.0,1512000000000
tank_1430,0.0,1512000000000
tank_1433,0.0,1512000000000
tank_1438,0.0,1512000000000
tank_1439,0.0,1512000000000
tank_1441,0.0,1512000000000
tank_1443,5.019607843137255,1512000000000
tank_1445,56.0,1512000000000
tank_1446,0.0,1512000000000
tank_1450,0.0,1512000000000
tank_1452,0.0,1512000000000
tank_1456,0.0,1512000000000
tank_1466,0.0,1512000000000
tank_1471,0.0,1512000000000
tank_1475,0.0,1512000000000
tank_1486,0.0,1512000000000
tank_1488,0.0,1512000000000
tank_1491,0.0,1512000000000
tank_1500,29.149019607843137,1512000000000
tank_1505,0.0,1512000000000
tank_1513,0.0,1512000000000
tank_1531,46.0,1512000000000
tank_1536,19.0,1512000000000
tank_1539,0.0,1512000000000
tank_1541,0.0,1512000000000
tank_1542,0.0,1512000000000
tank_1547,0.0,1512000000000
tank_1563,0.0,1512000000000
tank_1564,0.0,1512000000000
tank_1565,0.0,1512000000000
tank_1567,0.0,1512000000000
tank_1568,0.0,1512000000000
tank_1573,0.0,1512000000000
tank_1583,17.24705882352941,1512000000000
tank_1587,0.0,1512000000000
tank_1588,19.0,1512000000000
tank_1592,0.0,1512000000000
tank_1594,0.0,1512000000000
tank_1595,0.0,1512000000000
tank_1597,0.0,1512000000000
tank_1598,0.0,1512000000000
tank_1600,1.8862745098039215,1512000000000
tank_1604,0.0,1512000000000
tank_0002,0.0,1513036800000
tank_0004,0.0,1513036800000
tank_0005,4.0,1513036800000
tank_0011,0.0,1513036800000
tank_0014,0.0,1513036800000
tank_0019,0.3254901960784314,1513036800000
tank_0024,16.498039215686276,1513036800000
tank_0025,0.0,1513036800000
tank_0026,0.0,1513036800000
tank_0027,13.0,1513036800000
tank_0030,0.0,1513036800000
tank_0031,0.0,1513036800000
tank_0036,0.0,1513036800000
tank_0037,0.0,1513036800000
tank_0038,5.96078431372549,1513036800000
tank_0050,12.007843137254902,1513036800000
tank_0051,0.0,1513036800000
tank_0052,0.0,1513036800000
tank_0053,2.67843137254902,1513036800000
tank_0055,4.250980392156863,1513036800000
tank_0057,2.0,1513036800000
tank_0058,0.0,1513036800000
tank_0064,42.87058823529412,1513036800000
tank_0069,14.0,1513036800000
tank_0072,0.0,1513036800000
tank_0073,0.0,1513036800000
tank_0080,40.12156862745098,1513036800000
tank_0094,0.0,1513036800000
tank_0107,0.0,1513036800000
tank_0110,1.0,1513036800000
tank_0113,7.764705882352941,1513036800000
tank_0115,0.0,1513036800000
tank_0116,2.435294117647059,1513036800000
tank_0117,71.0,1513036800000
tank_0118,0.0,1513036800000
tank_0122,0.0,1513036800000
tank_0125,22.909803921568628,1513036800000
tank_0130,0.0,1513036800000
tank_0131,2.32156862745098,1513036800000
tank_0132,0.0,1513036800000
tank_0134,7.0,1513036800000
tank_0135,9.447058823529412,1513036800000
tank_0142,0.0,1513036800000
tank_0143,0.0,1513036800000
tank_0144,0.0,1513036800000
tank_0148,0.0,1513036800000
tank_0153,0.0,1513036800000
tank_0156,5.745098039215685,1513036800000
tank_0159,0.0,1513036800000
tank_0165,0.0,1513036800000
tank_0171,0.0,1513036800000
tank_0172,0.0,1513036800000
tank_0174,6.823529411764706,1513036800000
tank_0176,3.0,1513036800000
tank_0184,1.0,1513036800000
tank_0187,0.0,1513036800000
tank_0190,9.764705882352942,1513036800000
tank_0192,0.0,1513036800000
tank_0193,0.0,1513036800000
tank_0195,0.0,1513036800000
tank_0199,0.0,1513036800000
tank_0204,0.0,1513036800000
tank_0205,0.0,1513036800000
tank_0207,0.0,1513036800000
tank_0209,0.0,1513036800000
tank_0213,8.0,1513036800000
tank_0217,0.0,1513036800000
tank_0220,0.0,1513036800000
tank_0221,0.0,1513036800000
tank_0225,0.0,1513036800000
tank_0226,0.0,1513036800000
tank_0228,1.8588235294117648,1513036800000
tank_0229,0.0,1513036800000
tank_0231,0.0,1513036800000
tank_0233,0.0,1513036800000
tank_0236,4.0,1513036800000
tank_0237,63.0,1513036800000
tank_0240,1.8509803921568628,1513036800000
tank_0242,0.0,1513036800000
tank_0245,0.0,1513036800000
tank_0247,1.0,1513036800000
tank_0256,0.0,1513036800000
tank_0257,0.0,1513036800000
tank_0260,2.0,1513036800000
tank_0261,0.0,1513036800000
tank_0264,0.0,1513036800000
tank_0273,90.0,1513036800000
tank_0276,0.0,1513036800000
tank_0278,6.2784313725490195,1513036800000
tank_0280,1.9725490196078432,1513036800000
tank_0291,0.0,1513036800000
tank_0292,31.95294117647059,1513036800000
tank_0296,0.0,1513036800000
tank_0297,5.0,1513036800000
tank_0299,0.0,1513036800000
tank_0300,2.1333333333333333,1513036800000
tank_0301,0.0,1513036800000
tank_0307,0.0,1513036800000
tank_0309,0.0,1513036800000
tank_0313,0.0,1513036800000
tank_0314,0.0,1513036800000
tank_0319,4.0,1513036800000
tank_0321,7.866666666666667,1513036800000
tank_0327,0.0,1513036800000
tank_0337,0.0,1513036800000
tank_0338,0.0,1513036800000
tank_0339,13.431372549019608,1513036800000
tank_0342,3.0,1513036800000
tank_0345,0.0,1513036800000
tank_0346,0.5490196078431373,1513036800000
tank_0349,107.0,1513036800000
tank_0350,1.5333333333333332,1513036800000
tank_0353,17.729411764705883,1513036800000
tank_0356,0.0,1513036800000
tank_0360,0.0,1513036800000
tank_0361,1.5843137254901962,1513036800000
tank_0362,3.0,1513036800000
tank_0364,0.0,1513036800000
tank_0366,1.0,1513036800000
tank_0369,0.0,1513036800000
tank_0375,0.0,1513036800000
tank_0379,14.733333333333334,1513036800000
tank_0381,0.0,1513036800000
tank_0386,0.0,1513036800000
tank_0390,3.0,1513036800000
tank_0397,0.0,1513036800000
tank_0399,0.0,1513036800000
tank_0404,2.0,1513036800000
tank_0409,0.0,1513036800000
tank_0420,0.0,1513036800000
tank_0425,0.0,1513036800000
tank_0431,140.0,1513036800000
tank_0432,0.6274509803921569,1513036800000
tank_0435,58.0,1513036800000
tank_0436,0.0,1513036800000
tank_0438,0.0,1513036800000
tank_0443,0.0,1513036800000
tank_0444,245.0,1513036800000
tank_0447,0.3568627450980392,1513036800000
tank_0448,0.0,1513036800000
tank_0449,0.0,1513036800000
tank_0455,0.0,1513036800000
tank_0460,0.0,1513036800000
tank_0462,65.0,1513036800000
tank_0466,6.662745098039216,1513036800000
tank_0471,0.0,1513036800000
tank_0473,0.0,1513036800000
tank_0474,3.0,1513036800000
tank_0481,24.850980392156867,1513036800000
tank_0485,0.0,1513036800000
tank_0489,0.0,1513036800000
tank_0491,0.0,1513036800000
tank_0494,0.0,1513036800000
tank_0497,0.0,1513036800000
tank_0498,0.0,1513036800000
tank_0502,0.0,1513036800000
tank_0505,0.0,1513036800000
tank_0509,2.423529411764706,1513036800000
tank_0512,107.0,1513036800000
tank_0514,0.0,1513036800000
tank_0515,0.0,1513036800000
tank_0521,22.0,1513036800000
tank_0524,0.0,1513036800000
tank_0526,56.0,1513036800000
tank_0533,0.0,1513036800000
tank_0534,0.0,1513036800000
tank_0536,0.0,1513036800000
tank_0537,0.0,1513036800000
tank_0541,0.0,1513036800000
tank_0547,0.0,1513036800000
tank_0552,0.9921568627450981,1513036800000
tank_0555,12.0,1513036800000
tank_0556,0.0,1513036800000
tank_0557,0.0,1513036800000
tank_0560,0.0,1513036800000
tank_0561,0.0,1513036800000
tank_0566,0.0,1513036800000
tank_0567,0.0,1513036800000
tank_0568,0.0,1513036800000
tank_0574,57.0,1513036800000
tank_0579,44.0,1513036800000
tank_0583,264.0,1513036800000
tank_0587,0.0,1513036800000
tank_0589,0.0,1513036800000
tank_0590,35.0,1513036800000
tank_0592,0.0,1513036800000
tank_0593,0.0,1513036800000
tank_0595,0.0,1513036800000
tank_0600,0.0,1513036800000
tank_0604,5.694117647058825,1513036800000
tank_0606,2.0,1513036800000
tank_0607,0.0,1513036800000
tank_0608,207.99607843137255,1513036800000
tank_0610,0.0,1513036800000
tank_0611,2.0,1513036800000
tank_0612,0.7490196078431373,1513036800000
tank_0613,0.0,1513036800000
tank_0619,37.498039215686276,1513036800000
tank_0626,0.0,1513036800000
tank_0627,0.0,1513036800000
tank_0628,0.0,1513036800000
tank_0632,0.0,1513036800000
tank_0633,0.0,1513036800000
tank_0639,0.0,1513036800000
tank_0640,0.0,1513036800000
tank_0641,2.0,1513036800000
tank_0643,0.0,1513036800000
tank_0646,0.0,1513036800000
tank_0663,0.0,1513036800000
tank_0664,12.0,1513036800000
tank_0666,0.0,1513036800000
tank_0667,1.6235294117647059,1513036800000
tank_0670,0.0,1513036800000
tank_0675,0.0,1513036800000
tank_0676,527.0,1513036800000
tank_0678,2.0,1513036800000
tank_0681,0.0,1513036800000
tank_0687,2.8862745098039215,1513036800000
tank_0688,6.0,1513036800000
tank_0697,0.0,1513036800000
tank_0720,11.0,1513036800000
tank_0722,0.0,1513036800000
tank_0724,0.0,1513036800000
tank_0725,8.0,1513036800000
tank_0728,0.0,1513036800000
tank_0730,0.0,1513036800000
tank_0731,315.0,1513036800000
tank_0732,0.0,1513036800000
tank_0737,443.0,1513036800000
tank_0739,0.0,1513036800000
tank_0740,14.0,1513036800000
tank_0746,0.0,1513036800000
tank_0748,0.0,1513036800000
tank_0749,0.0,1513036800000
tank_0752,0.0,1513036800000
tank_0760,0.0,1513036800000
tank_0770,0.0,1513036800000
tank_0772,0.0,1513036800000
tank_0788,0.0,1513036800000
tank_0789,0.0,1513036800000
tank_0792,60.95686274509804,1513036800000
tank_0797,32.95294117647059,1513036800000
tank_0800,58.0,1513036800000
tank_0802,28.450980392156865,1513036800000
tank_0803,2.776470588235294,1513036800000
tank_0808,13.796078431372548,1513036800000
tank_0810,0.0,1513036800000
tank_0811,0.0,1513036800000
tank_0812,0.0,1513036800000
tank_0813,0.0,1513036800000
tank_0816,0.0,1513036800000
tank_0819,0.0,1513036800000
tank_0823,0.0,1513036800000
tank_0824,657.0,1513036800000
tank_0825,54.188235294117646,1513036800000
tank_0828,0.0,1513036800000
tank_0829,75.56862745098039,1513036800000
tank_0830,0.0,1513036800000
tank_0831,0.0,1513036800000
tank_0844,0.0,1513036800000
tank_0852,90.0,1513036800000
tank_0855,109.98039215686275,1513036800000
tank_0856,630.0,1513036800000
tank_0860,0.0,1513036800000
tank_0861,9.0,1513036800000
tank_0872,0.0,1513036800000
tank_0875,332.0862745098039,1513036800000
tank_0879,25.0,1513036800000
tank_0885,0.0,1513036800000
tank_0891,18.0,1513036800000
tank_0894,709.0,1513036800000
tank_0898,144.0,1513036800000
tank_0900,31.0,1513036800000
tank_0901,215.6470588235294,1513036800000
tank_0902,38.0,1513036800000
tank_0914,48.984313725490196,1513036800000
tank_0917,33.0,1513036800000
tank_0919,4.0,1513036800000
tank_0920,537.8196078431372,1513036800000
tank_0922,11.0,1513036800000
tank_0923,18.87450980392157,1513036800000
tank_0924,8.0,1513036800000
tank_0926,13.525490196078431,1513036800000
tank_0927,15.23529411764706,1513036800000
tank_0928,0.0,1513036800000
tank_0930,59.0,1513036800000
tank_0931,236.0,1513036800000
tank_0933,0.0,1513036800000
tank_0934,1.4941176470588236,1513036800000
tank_0937,0.0,1513036800000
tank_0938,0.0,1513036800000
tank_0939,0.0,1513036800000
tank_0944,43.0,1513036800000
tank_0946,0.0,1513036800000
tank_0952,30.0,1513036800000
tank_0958,0.0,1513036800000
tank_0962,106.0,1513036800000
tank_0967,3.0,1513036800000
tank_0975,0.0,1513036800000
tank_0978,13.913725490196079,1513036800000
tank_0990,0.0,1513036800000
tank_0991,247.0,1513036800000
tank_0998,0.0,1513036800000
tank_0999,0.0,1513036800000
tank_1003,950.7490196078431,1513036800000
tank_1004,2.0,1513036800000
tank_1014,58.0,1513036800000
tank_1026,188.0,1513036800000
tank_1031,0.0,1513036800000
tank_1032,3.7803921568627454,1513036800000
tank_1034,0.0,1513036800000
tank_1042,16.898039215686275,1513036800000
tank_1045,11.0,1513036800000
tank_1049,102.0,1513036800000
tank_1055,2.403921568627451,1513036800000
tank_1061,18.0,1513036800000
tank_1062,0.0,1513036800000
tank_1064,0.0,1513036800000
tank_1065,3.0,1513036800000
tank_1066,2.372549019607843,1513036800000
tank_1070,0.0,1513036800000
tank_1073,46.0,1513036800000
tank_1083,59.0,1513036800000
tank_1086,16.0,1513036800000
tank_1088,2.87843137254902,1513036800000
tank_1089,44.70196078431373,1513036800000
tank_1090,0.0,1513036800000
tank_1091,0.0,1513036800000
tank_1094,0.0,1513036800000
tank_1095,0.0,1513036800000
tank_1104,0.0,1513036800000
tank_1113,12.0,1513036800000
tank_1116,6.462745098039216,1513036800000
tank_1117,0.0,1513036800000
tank_1120,189.0,1513036800000
tank_1121,0.0,1513036800000
tank_1124,0.0,1513036800000
tank_1128,0.0,1513036800000
tank_1134,1.3176470588235294,1513036800000
tank_1135,0.0,1513036800000
tank_1146,22.0,1513036800000
tank_1149,3.9411764705882355,1513036800000
tank_1156,0.0,1513036800000
tank_1157,24.7843137254902,1513036800000
tank_1159,69.0,1513036800000
tank_1160,0.0,1513036800000
tank_1166,0.12941176470588237,1513036800000
tank_1170,20.454901960784312,1513036800000
tank_1175,0.0,1513036800000
tank_1177,0.0,1513036800000
tank_1179,3.7058823529411766,1513036800000
tank_1181,161.94117647058823,1513036800000
tank_1186,0.0,1513036800000
tank_1187,1.0,1513036800000
tank_1190,0.7490196078431373,1513036800000
tank_1192,13.0,1513036800000
tank_1196,0.0,1513036800000
tank_1197,774.0,1513036800000
tank_1201,49.0,1513036800000
tank_1203,7.0,1513036800000
tank_1205,47.0,1513036800000
tank_1209,372.0,1513036800000
tank_1217,0.0,1513036800000
tank_1223,7.0,1513036800000
tank_1226,0.0,1513036800000
tank_1228,154.0,1513036800000
tank_1230,0.0,1513036800000
tank_1237,0.0,1513036800000
tank_1239,0.0,1513036800000
tank_1245,64.98039215686273,1513036800000
tank_1246,43.0,1513036800000
tank_1250,0.0,1513036800000
tank_1254,0.0,1513036800000
tank_1255,0.21176470588235294,1513036800000
tank_1258,0.0,1513036800000
tank_1261,0.0,1513036800000
tank_1262,0.0,1513036800000
tank_1263,0.0,1513036800000
tank_1265,8.0,1513036800000
tank_1270,11.0,1513036800000
tank_1272,0.0,1513036800000
tank_1275,0.0,1513036800000
tank_1276,0.0,1513036800000
tank_1279,6.0,1513036800000
tank_1280,0.0,1513036800000
tank_1284,0.0,1513036800000
tank_1285,0.0,1513036800000
tank_1286,42.0,1513036800000
tank_1290,0.0,1513036800000
tank_1291,0.0,1513036800000
tank_1293,0.0,1513036800000
tank_1295,7.458823529411765,1513036800000
tank_1297,64.0,1513036800000
tank_1301,0.0,1513036800000
tank_1302,0.0,1513036800000
tank_1304,6.670588235294118,1513036800000
tank_1305,3.8,1513036800000
tank_1313,0.0,1513036800000
tank_1322,0.0,1513036800000
tank_1325,0.0,1513036800000
tank_1326,0.0,1513036800000
tank_1344,0.0,1513036800000
tank_1346,2.0,1513036800000
tank_1349,0.0,1513036800000
tank_1353,138.0,1513036800000
tank_1358,0.0,1513036800000
tank_1359,0.0,1513036800000
tank_1361,44.0,1513036800000
tank_1364,401.0,1513036800000
tank_1365,0.0,1513036800000
tank_1372,4.0,1513036800000
tank_1374,309.0,1513036800000
tank_1378,7.0,1513036800000
tank_1380,0.0,1513036800000
tank_1386,3.0,1513036800000
tank_1391,0.0,1513036800000
tank_1393,28.239215686274513,1513036800000
tank_1396,18.0,1513036800000
tank_1397,0.0,1513036800000
tank_1403,3.0,1513036800000
tank_1409,242.0,1513036800000
tank_1412,0.0,1513036800000
tank_1415,0.0,1513036800000
tank_1416,0.0,1513036800000
tank_1421,91.0,1513036800000
tank_1422,0.0,1513036800000
tank_1425,272.0,1513036800000
tank_1426,0.0,1513036800000
tank_1430,0.0,1513036800000
tank_1433,57.0,1513036800000
tank_1438,0.0,1513036800000
tank_1439,0.0,1513036800000
tank_1441,0.0,1513036800000
tank_1443,4.035294117647059,1513036800000
tank_1445,49.79607843137255,1513036800000
tank_1446,0.0,1513036800000
tank_1450,0.0,1513036800000
tank_1452,0.0,1513036800000
tank_1456,0.0,1513036800000
tank_1466,0.0,1513036800000
tank_1471,0.0,1513036800000
tank_1475,0.0,1513036800000
tank_1486,0.0,1513036800000
tank_1488,0.0,1513036800000
tank_1491,0.0,1513036800000
tank_1500,32.490196078431374,1513036800000
tank_1505,0.0,1513036800000
tank_1513,0.0,1513036800000
tank_1531,54.0,1513036800000
tank_1536,0.0,1513036800000
tank_1539,0.0,1513036800000
tank_1541,0.0,1513036800000
tank_1542,0.0,1513036800000
tank_1547,0.0,1513036800000
tank_1563,0.0,1513036800000
tank_1564,0.0,1513036800000
tank_1565,0.0,1513036800000
tank_1567,0.0,1513036800000
tank_1568,0.0,1513036800000
tank_1573,0.0,1513036800000
tank_1583,10.0,1513036800000
tank_1587,0.0,1513036800000
tank_1588,4.0,1513036800000
tank_1592,0.0,1513036800000
tank_1594,0.0,1513036800000
tank_1595,0.0,1513036800000
tank_1597,0.0,1513036800000
tank_1598,0.0,1513036800000
tank_1600,0.0,1513036800000
tank_1604,0.0,1513036800000
tank_0002,0.0,1514073600000
tank_0004,0.0,1514073600000
tank_0005,0.0,1514073600000
tank_0011,0.0,1514073600000
tank_0014,0.0,1514073600000
tank_0019,0.0,1514073600000
tank_0024,13.0,1514073600000
tank_0025,0.0,1514073600000
tank_0026,6.3960784313725485,1514073600000
tank_0027,1.0,1514073600000
tank_0030,0.0,1514073600000
tank_0031,0.0,1514073600000
tank_0036,0.3254901960784314,1514073600000
tank_0037,0.0,1514073600000
tank_0038,9.490196078431374,1514073600000
tank_0050,22.941176470588232,1514073600000
tank_0051,0.0,1514073600000
tank_0052,3.3843137254901965,1514073600000
tank_0053,29.91372549019608,1514073600000
tank_0055,0.0,1514073600000
tank_0057,0.0,1514073600000
tank_0058,0.0,1514073600000
tank_0064,96.14901960784314,1514073600000
tank_0069,12.0,1514073600000
tank_0072,0.0,1514073600000
tank_0073,0.0,1514073600000
tank_0080,40.49411764705882,1514073600000
tank_0094,0.0,1514073600000
tank_0107,0.0,1514073600000
tank_0110,9.0,1514073600000
tank_0113,10.423529411764706,1514073600000
tank_0115,0.6980392156862745,1514073600000
tank_0116,9.184313725490195,1514073600000
tank_0117,67.0,1514073600000
tank_0118,0.0,1514073600000
tank_0122,0.0,1514073600000
tank_0125,43.443137254901956,1514073600000
tank_0130,1.0235294117647058,1514073600000
tank_0131,0.0,1514073600000
tank_0132,0.0,1514073600000
tank_0134,9.894117647058824,1514073600000
tank_0135,1.4980392156862745,1514073600000
tank_0142,0.0,1514073600000
tank_0143,0.0,1514073600000
tank_0144,0.0,1514073600000
tank_0148,0.0,1514073600000
tank_0153,0.0,1514073600000
tank_0156,29.125490196078424,1514073600000
tank_0159,0.0,1514073600000
tank_0165,0.34509803921568627,1514073600000
tank_0171,0.0,1514073600000
tank_0172,0.0,1514073600000
tank_0174,11.478431372549021,1514073600000
tank_0176,1.0,1514073600000
tank_0184,0.0,1514073600000
tank_0187,0.0,1514073600000
tank_0190,9.937254901960785,1514073600000
tank_0192,0.0,1514073600000
tank_0193,0.0,1514073600000
tank_0195,7.615686274509804,1514073600000
tank_0199,0.0,1514073600000
tank_0204,0.0,1514073600000
tank_0205,0.0,1514073600000
tank_0207,0.0,1514073600000
tank_0209,1.0,1514073600000
tank_0213,1.0,1514073600000
tank_0217,2.0,1514073600000
tank_0220,0.0,1514073600000
tank_0221,7.68235294117647,1514073600000
tank_0225,0.0,1514073600000
tank_0226,0.0,1514073600000
tank_0228,0.0,1514073600000
tank_0229,0.0,1514073600000
tank_0231,6.258823529411765,1514073600000
tank_0233,0.0,1514073600000
tank_0236,2.0,1514073600000
tank_0237,35.93333333333334,1514073600000
tank_0240,0.3411764705882353,1514073600000
tank_0242,0.0,1514073600000
tank_0245,0.0,1514073600000
tank_0247,0.0,1514073600000
tank_0256,0.0,1514073600000
tank_0257,0.0,1514073600000
tank_0260,1.0,1514073600000
tank_0261,0.0,1514073600000
tank_0264,0.0,1514073600000
tank_0273,81.0,1514073600000
tank_0276,0.0,1514073600000
tank_0278,3.0,1514073600000
tank_0280,0.0,1514073600000
tank_0291,1.0,1514073600000
tank_0292,36.427450980392166,1514073600000
tank_0296,0.0,1514073600000
tank_0297,7.0,1514073600000
tank_0299,0.0,1514073600000
tank_0300,2.1058823529411765,1514073600000
tank_0301,0.0,1514073600000
tank_0307,0.0,1514073600000
tank_0309,0.0,1514073600000
tank_0313,0.0,1514073600000
tank_0314,0.0,1514073600000
tank_0319,9.0,1514073600000
tank_0321,10.054901960784314,1514073600000
tank_0327,0.0,1514073600000
tank_0337,0.0,1514073600000
tank_0338,0.0,1514073600000
tank_0339,10.701960784313725,1514073600000
tank_0342,5.372549019607844,1514073600000
tank_0345,0.0,1514073600000
tank_0346,2.8588235294117648,1514073600000
tank_0349,113.0,1514073600000
tank_0350,0.6235294117647059,1514073600000
tank_0353,27.28235294117647,1514073600000
tank_0356,0.0,1514073600000
tank_0360,0.0,1514073600000
tank_0361,13.011764705882353,1514073600000
tank_0362,0.9568627450980393,1514073600000
tank_0364,2.2784313725490195,1514073600000
tank_0366,0.17254901960784313,1514073600000
tank_0369,0.0,1514073600000
tank_0375,0.0,1514073600000
tank_0379,17.46666666666667,1514073600000
tank_0381,0.0,1514073600000
tank_0386,2.0,1514073600000
tank_0390,7.0,1514073600000
tank_0397,0.0,1514073600000
tank_0399,0.0,1514073600000
tank_0404,1.0,1514073600000
tank_0409,0.0,1514073600000
tank_0420,0.0,1514073600000
tank_0425,0.0,1514073600000
tank_0431,126.0,1514073600000
tank_0432,0.5568627450980392,1514073600000
tank_0435,41.0,1514073600000
tank_0436,0.0,1514073600000
tank_0438,0.0,1514073600000
tank_0443,5.0,1514073600000
tank_0444,207.0,1514073600000
tank_0447,7.086274509803921,1514073600000
tank_0448,0.0,1514073600000
tank_0449,7.827450980392157,1514073600000
tank_0455,0.0,1514073600000
tank_0460,0.0,1514073600000
tank_0462,2.0,1514073600000
tank_0466,0.0,1514073600000
tank_0471,0.0,1514073600000
tank_0473,0.0,1514073600000
tank_0474,2.0,1514073600000
tank_0481,22.815686274509805,1514073600000
tank_0485,0.0,1514073600000
tank_0489,0.0,1514073600000
tank_0491,0.0,1514073600000
tank_0494,3.0,1514073600000
tank_0497,2.0,1514073600000
tank_0498,0.0,1514073600000
tank_0502,0.0,1514073600000
tank_0505,1.1176470588235294,1514073600000
tank_0509,0.0,1514073600000
tank_0512,77.0,1514073600000
tank_0514,0.0,1514073600000
tank_0515,0.0,1514073600000
tank_0521,25.0,1514073600000
tank_0524,0.0,1514073600000
tank_0526,46.0,1514073600000
tank_0533,1.0,1514073600000
tank_0534,0.0,1514073600000
tank_0536,0.0,1514073600000
tank_0537,0.0,1514073600000
tank_0541,0.0,1514073600000
tank_0547,0.0,1514073600000
tank_0552,2.0,1514073600000
tank_0555,20.0,1514073600000
tank_0556,0.0,1514073600000
tank_0557,0.0,1514073600000
tank_0560,5.180392156862745,1514073600000
tank_0561,0.0,1514073600000
tank_0566,0.0,1514073600000
tank_0567,0.0,1514073600000
tank_0568,0.34509803921568627,1514073600000
tank_0574,58.0,1514073600000
tank_0579,11.0,1514073600000
tank_0583,255.0,1514073600000
tank_0587,0.0,1514073600000
tank_0589,0.0,1514073600000
tank_0590,34.0,1514073600000
tank_0592,0.0,1514073600000
tank_0593,0.0,1514073600000
tank_0595,0.0,1514073600000
tank_0600,1.4117647058823528,1514073600000
tank_0604,0.0,1514073600000
tank_0606,0.0,1514073600000
tank_0607,0.0,1514073600000
tank_0608,231.0,1514073600000
tank_0610,0.0,1514073600000
tank_0611,3.0,1514073600000
tank_0612,7.0,1514073600000
tank_0613,0.0,1514073600000
tank_0619,16.0,1514073600000
tank_0626,0.0,1514073600000
tank_0627,0.0,1514073600000
tank_0628,0.0,1514073600000
tank_0632,1.4980392156862745,1514073600000
tank_0633,0.0,1514073600000
tank_0639,0.0,1514073600000
tank_0640,0.0,1514073600000
tank_0641,1.0,1514073600000
tank_0643,0.0,1514073600000
tank_0646,0.0,1514073600000
tank_0663,0.0,1514073600000
tank_0664,10.0,1514073600000
tank_0666,0.0,1514073600000
tank_0667,1.6235294117647059,1514073600000
tank_0670,0.0,1514073600000
tank_0675,0.0,1514073600000
tank_0676,512.0,1514073600000
tank_0678,11.301960784313726,1514073600000
tank_0681,0.0,1514073600000
tank_0687,0.0,1514073600000
tank_0688,0.0,1514073600000
tank_0697,2.0,1514073600000
tank_0720,9.0,1514073600000
tank_0722,0.0,1514073600000
tank_0724,3.0,1514073600000
tank_0725,0.0,1514073600000
tank_0728,0.0,1514073600000
tank_0730,0.0,1514073600000
tank_0731,648.0,1514073600000
tank_0732,0.0,1514073600000
tank_0737,304.0,1514073600000
tank_0739,0.0,1514073600000
tank_0740,15.11372549019608,1514073600000
tank_0746,0.0,1514073600000
tank_0748,0.0,1514073600000
tank_0749,0.0,1514073600000
tank_0752,0.0,1514073600000
tank_0760,0.0,1514073600000
tank_0770,0.0,1514073600000
tank_0772,0.0,1514073600000
tank_0788,0.0,1514073600000
tank_0789,0.0,1514073600000
tank_0792,73.99215686274508,1514073600000
tank_0797,5.0,1514073600000
tank_0800,93.32549019607843,1514073600000
tank_0802,18.725490196078432,1514073600000
tank_0803,7.772549019607843,1514073600000
tank_0808,26.749019607843138,1514073600000
tank_0810,0.0,1514073600000
tank_0811,0.0,1514073600000
tank_0812,0.0,1514073600000
tank_0813,1.0,1514073600000
tank_0816,1.0,1514073600000
tank_0819,0.0,1514073600000
tank_0823,0.0,1514073600000
tank_0824,618.0,1514073600000
tank_0825,52.094117647058816,1514073600000
tank_0828,0.0,1514073600000
tank_0829,78.74117647058824,1514073600000
tank_0830,0.0,1514073600000
tank_0831,0.0,1514073600000
tank_0844,0.0,1514073600000
tank_0852,45.0,1514073600000
tank_0855,100.0,1514073600000
tank_0856,840.0,1514073600000
tank_0860,1.0,1514073600000
tank_0861,4.0,1514073600000
tank_0872,0.0,1514073600000
tank_0875,272.4705882352941,1514073600000
tank_0879,24.99607843137255,1514073600000
tank_0885,0.0,1514073600000
tank_0891,10.0,1514073600000
tank_0894,835.0,1514073600000
tank_0898,386.0,1514073600000
tank_0900,39.92941176470588,1514073600000
tank_0901,119.35686274509804,1514073600000
tank_0902,34.68235294117647,1514073600000
tank_0914,36.95294117647059,1514073600000
tank_0917,215.0,1514073600000
tank_0919,0.0,1514073600000
tank_0920,276.843137254902,1514073600000
tank_0922,7.0,1514073600000
tank_0923,6.5058823529411764,1514073600000
tank_0924,3.6941176470588237,1514073600000
tank_0926,33.16470588235294,1514073600000
tank_0927,8.235294117647058,1514073600000
tank_0928,0.0,1514073600000
tank_0930,110.0,1514073600000
tank_0931,240.0,1514073600000
tank_0933,5.0,1514073600000
tank_0934,1.0,1514073600000
tank_0937,4.333333333333334,1514073600000
tank_0938,1.0,1514073600000
tank_0939,0.0,1514073600000
tank_0944,113.9921568627451,1514073600000
tank_0946,0.0,1514073600000
tank_0952,25.133333333333333,1514073600000
tank_0958,0.0,1514073600000
tank_0962,400.0,1514073600000
tank_0967,0.0,1514073600000
tank_0975,0.0,1514073600000
tank_0978,19.55294117647059,1514073600000
tank_0990,0.0,1514073600000
tank_0991,215.0,1514073600000
tank_0998,0.0,1514073600000
tank_0999,0.0,1514073600000
tank_1003,1098.0,1514073600000
tank_1004,0.9137254901960784,1514073600000
tank_1014,30.0,1514073600000
tank_1026,166.0,1514073600000
tank_1031,0.0,1514073600000
tank_1032,5.0,1514073600000
tank_1034,0.0,1514073600000
tank_1042,5.0,1514073600000
tank_1045,5.0,1514073600000
tank_1049,122.0,1514073600000
tank_1055,5.470588235294118,1514073600000
tank_1061,26.976470588235294,1514073600000
tank_1062,0.0,1514073600000
tank_1064,0.0,1514073600000
tank_1065,1.0,1514073600000
tank_1066,10.83529411764706,1514073600000
tank_1070,0.0,1514073600000
tank_1073,34.0,1514073600000
tank_1083,54.0,1514073600000
tank_1086,13.56078431372549,1514073600000
tank_1088,4.901960784313726,1514073600000
tank_1089,43.94509803921569,1514073600000
tank_1090,0.0,1514073600000
tank_1091,0.0,1514073600000
tank_1094,0.0,1514073600000
tank_1095,0.0,1514073600000
tank_1104,0.0,1514073600000
tank_1113,10.0,1514073600000
tank_1116,10.28235294117647,1514073600000
tank_1117,0.0,1514073600000
tank_1120,197.0,1514073600000
tank_1121,0.0,1514073600000
tank_1124,0.0,1514073600000
tank_1128,0.0,1514073600000
tank_1134,0.0,1514073600000
tank_1135,0.0,1514073600000
tank_1146,26.141176470588235,1514073600000
tank_1149,2.431372549019608,1514073600000
tank_1156,0.0,1514073600000
tank_1157,14.486274509803923,1514073600000
tank_1159,62.0,1514073600000
tank_1160,0.0,1514073600000
tank_1166,0.0,1514073600000
tank_1170,27.49019607843137,1514073600000
tank_1175,0.0,1514073600000
tank_1177,0.0,1514073600000
tank_1179,10.549019607843135,1514073600000
tank_1181,160.32156862745097,1514073600000
tank_1186,0.0,1514073600000
tank_1187,9.0,1514073600000
tank_1190,0.0,1514073600000
tank_1192,10.0,1514073600000
tank_1196,0.0,1514073600000
tank_1197,704.0,1514073600000
tank_1201,57.0,1514073600000
tank_1203,12.105882352941176,1514073600000
tank_1205,23.0,1514073600000
tank_1209,523.0,1514073600000
tank_1217,0.0,1514073600000
tank_1223,3.7411764705882353,1514073600000
tank_1226,0.0,1514073600000
tank_1228,95.0,1514073600000
tank_1230,0.0,1514073600000
tank_1237,0.0,1514073600000
tank_1239,0.0,1514073600000
tank_1245,203.57647058823534,1514073600000
tank_1246,21.0,1514073600000
tank_1250,5.0,1514073600000
tank_1254,0.0,1514073600000
tank_1255,0.37254901960784315,1514073600000
tank_1258,0.0,1514073600000
tank_1261,1.168627450980392,1514073600000
tank_1262,0.0,1514073600000
tank_1263,0.0,1514073600000
tank_1265,0.0,1514073600000
tank_1270,0.0,1514073600000
tank_1272,0.0,1514073600000
tank_1275,0.0,1514073600000
tank_1276,0.0,1514073600000
tank_1279,0.0,1514073600000
tank_1280,2.0,1514073600000
tank_1284,0.0,1514073600000
tank_1285,0.0,1514073600000
tank_1286,38.0,1514073600000
tank_1290,0.0,1514073600000
tank_1291,0.0,1514073600000
tank_1293,0.0,1514073600000
tank_1295,6.152941176470588,1514073600000
tank_1297,60.0,1514073600000
tank_1301,0.0,1514073600000
tank_1302,0.0,1514073600000
tank_1304,0.37254901960784315,1514073600000
tank_1305,0.0,1514073600000
tank_1313,0.0,1514073600000
tank_1322,0.0,1514073600000
tank_1325,0.0,1514073600000
tank_1326,0.0,1514073600000
tank_1344,0.0,1514073600000
tank_1346,0.0,1514073600000
tank_1349,0.0,1514073600000
tank_1353,137.92549019607844,1514073600000
tank_1358,0.0,1514073600000
tank_1359,0.0,1514073600000
tank_1361,52.0,1514073600000
tank_1364,273.0,1514073600000
tank_1365,0.0,1514073600000
tank_1372,2.0,1514073600000
tank_1374,402.98823529411766,1514073600000
tank_1378,479.0,1514073600000
tank_1380,0.0,1514073600000
tank_1386,1.0,1514073600000
tank_1391,0.0,1514073600000
tank_1393,25.32156862745098,1514073600000
tank_1396,14.0,1514073600000
tank_1397,0.0,1514073600000
tank_1403,0.0,1514073600000
tank_1409,136.0,1514073600000
tank_1412,0.0,1514073600000
tank_1415,0.0,1514073600000
tank_1416,0.0,1514073600000
tank_1421,105.0,1514073600000
tank_1422,2.0,1514073600000
tank_1425,343.9372549019608,1514073600000
tank_1426,0.0,1514073600000
tank_1430,0.0,1514073600000
tank_1433,214.0,1514073600000
tank_1438,0.0,1514073600000
tank_1439,0.0,1514073600000
tank_1441,0.0,1514073600000
tank_1443,8.894117647058824,1514073600000
tank_1445,41.65098039215686,1514073600000
tank_1446,0.0,1514073600000
tank_1450,0.0,1514073600000
tank_1452,1.0,1514073600000
tank_1456,0.0,1514073600000
tank_1466,0.0,1514073600000
tank_1471,0.0,1514073600000
tank_1475,0.0,1514073600000
tank_1486,509.0,1514073600000
tank_1488,2.0,1514073600000
tank_1491,0.0,1514073600000
tank_1500,25.490196078431374,1514073600000
tank_1505,0.0,1514073600000
tank_1513,413.0,1514073600000
tank_1531,78.0,1514073600000
tank_1536,2.0,1514073600000
tank_1539,0.0,1514073600000
tank_1541,0.0,1514073600000
tank_1542,0.0,1514073600000
tank_1547,0.0,1514073600000
tank_1563,0.0,1514073600000
tank_1564,0.0,1514073600000
tank_1565,1.0,1514073600000
tank_1567,0.0,1514073600000
tank_1568,0.0,1514073600000
tank_1573,0.0,1514073600000
tank_1583,14.0,1514073600000
tank_1587,0.0,1514073600000
tank_1588,4.0,1514073600000
tank_1592,0.0,1514073600000
tank_1594,0.0,1514073600000
tank_1595,0.0,1514073600000
tank_1597,0.0,1514073600000
tank_1598,0.0,1514073600000
tank_1600,0.0,1514073600000
tank_1604,0.0,1514073600000
