tank_id,sum,date_ms
tank_0002,0.0,1577836800000
tank_0004,0.0,1577836800000
tank_0005,0.0,1577836800000
tank_0011,0.0,1577836800000
tank_0014,0.0,1577836800000
tank_0019,0.0,1577836800000
tank_0024,0.0,1577836800000
tank_0025,0.0,1577836800000
tank_0026,0.0,1577836800000
tank_0027,4.003921568627451,1577836800000
tank_0030,0.0,1577836800000
tank_0031,4.0,1577836800000
tank_0036,0.0,1577836800000
tank_0037,0.0,1577836800000
tank_0038,3.8078431372549018,1577836800000
tank_0050,0.25098039215686274,1577836800000
tank_0051,0.0,1577836800000
tank_0052,0.0,1577836800000
tank_0053,19.890196078431373,1577836800000
tank_0055,0.0,1577836800000
tank_0057,7.0,1577836800000
tank_0058,0.0,1577836800000
tank_0064,17.509803921568626,1577836800000
tank_0069,1.588235294117647,1577836800000
tank_0072,0.0,1577836800000
tank_0073,0.0,1577836800000
tank_0080,13.0,1577836800000
tank_0094,0.0,1577836800000
tank_0107,0.0,1577836800000
tank_0110,14.894117647058824,1577836800000
tank_0113,4.784313725490196,1577836800000
tank_0115,0.0,1577836800000
tank_0116,0.0,1577836800000
tank_0117,75.0,1577836800000
tank_0118,0.0,1577836800000
tank_0122,0.0,1577836800000
tank_0125,5.0,1577836800000
tank_0130,0.5294117647058824,1577836800000
tank_0131,0.0,1577836800000
tank_0132,0.0,1577836800000
tank_0134,0.0,1577836800000
tank_0135,0.0,1577836800000
tank_0142,0.0,1577836800000
tank_0143,0.0,1577836800000
tank_0144,0.0,1577836800000
tank_0148,0.0,1577836800000
tank_0153,16.0,1577836800000
tank_0156,33.17254901960784,1577836800000
tank_0159,0.4196078431372549,1577836800000
tank_0165,4.882352941176471,1577836800000
tank_0171,0.0,1577836800000
tank_0172,0.0,1577836800000
tank_0174,13.176470588235295,1577836800000
tank_0176,0.0,1577836800000
tank_0184,0.0,1577836800000
tank_0187,0.0,1577836800000
tank_0190,0.0,1577836800000
tank_0192,0.0,1577836800000
tank_0193,0.0,1577836800000
tank_0195,25.721568627450974,1577836800000
tank_0199,10.0,1577836800000
tank_0204,0.0,1577836800000
tank_0205,5.227450980392157,1577836800000
tank_0207,0.8745098039215686,1577836800000
tank_0209,0.0,1577836800000
tank_0213,12.0,1577836800000
tank_0217,0.0,1577836800000
tank_0220,0.0,1577836800000
tank_0221,25.55686274509804,1577836800000
tank_0225,0.0,1577836800000
tank_0226,3.0,1577836800000
tank_0228,0.0,1577836800000
tank_0229,0.0,1577836800000
tank_0231,0.0,1577836800000
tank_0233,0.0,1577836800000
tank_0236,1.8823529411764706,1577836800000
tank_0237,16.07450980392157,1577836800000
tank_0240,0.0,1577836800000
tank_0242,0.0,1577836800000
tank_0245,0.0,1577836800000
tank_0247,36.0,1577836800000
tank_0256,0.0,1577836800000
tank_0257,0.0,1577836800000
tank_0260,4.843137254901961,1577836800000
tank_0261,0.0,1577836800000
tank_0264,0.0,1577836800000
tank_0273,8.0,1577836800000
tank_0276,0.0,1577836800000
tank_0278,1.0,1577836800000
tank_0280,0.0,1577836800000
tank_0291,0.0,1577836800000
tank_0292,6.552941176470588,1577836800000
tank_0296,0.0,1577836800000
tank_0297,7.0,1577836800000
tank_0299,0.0,1577836800000
tank_0300,4.933333333333334,1577836800000
tank_0301,0.4627450980392157,1577836800000
tank_0307,0.0,1577836800000
tank_0309,5.8,1577836800000
tank_0313,0.0,1577836800000
tank_0314,0.0,1577836800000
tank_0319,0.0,1577836800000
tank_0321,5.3843137254901965,1577836800000
tank_0327,0.0,1577836800000
tank_0337,0.0,1577836800000
tank_0338,4.035294117647059,1577836800000
tank_0339,6.956862745098039,1577836800000
tank_0342,0.0,1577836800000
tank_0345,0.0,1577836800000
tank_0346,0.0,1577836800000
tank_0349,24.0,1577836800000
tank_0350,0.0,1577836800000
tank_0353,74.46666666666667,1577836800000
tank_0356,0.0,1577836800000
tank_0360,0.0,1577836800000
tank_0361,24.8,1577836800000
tank_0362,0.0,1577836800000
tank_0364,0.0,1577836800000
tank_0366,11.905882352941177,1577836800000
tank_0369,0.0,1577836800000
tank_0375,0.0,1577836800000
tank_0379,9.427450980392157,1577836800000
tank_0381,0.0,1577836800000
tank_0386,0.0,1577836800000
tank_0390,0.0,1577836800000
tank_0397,0.0,1577836800000
tank_0399,0.0,1577836800000
tank_0404,23.807843137254903,1577836800000
tank_0409,0.0,1577836800000
tank_0420,0.0,1577836800000
tank_0425,0.0,1577836800000
tank_0431,0.0,1577836800000
tank_0432,1.6470588235294117,1577836800000
tank_0435,0.0,1577836800000
tank_0436,0.0,1577836800000
tank_0438,0.0,1577836800000
tank_0443,0.0,1577836800000
tank_0444,91.0,1577836800000
tank_0447,22.176470588235293,1577836800000
tank_0448,33.98039215686275,1577836800000
tank_0449,2.0,1577836800000
tank_0455,1.227450980392157,1577836800000
tank_0460,0.0,1577836800000
tank_0462,240.8392156862745,1577836800000
tank_0466,0.0,1577836800000
tank_0471,0.0,1577836800000
tank_0473,0.0,1577836800000
tank_0474,2.0,1577836800000
tank_0481,4.0,1577836800000
tank_0485,0.0,1577836800000
tank_0489,0.0,1577836800000
tank_0491,0.0,1577836800000
tank_0494,0.0,1577836800000
tank_0497,1.0,1577836800000
tank_0498,0.09803921568627451,1577836800000
tank_0502,0.0,1577836800000
tank_0505,0.0,1577836800000
tank_0509,0.37254901960784315,1577836800000
tank_0512,46.0,1577836800000
tank_0514,0.0,1577836800000
tank_0515,3.0,1577836800000
tank_0521,16.0,1577836800000
tank_0524,0.0,1577836800000
tank_0526,54.0,1577836800000
tank_0533,0.0,1577836800000
tank_0534,0.0,1577836800000
tank_0536,0.0,1577836800000
tank_0537,0.0,1577836800000
tank_0541,0.0,1577836800000
tank_0547,0.0,1577836800000
tank_0552,2.0,1577836800000
tank_0555,2.0,1577836800000
tank_0556,0.0,1577836800000
tank_0557,1.0,1577836800000
tank_0560,0.0,1577836800000
tank_0561,0.0,1577836800000
tank_0566,0.0,1577836800000
tank_0567,0.0,1577836800000
tank_0568,2.968627450980392,1577836800000
tank_0574,7.0,1577836800000
tank_0579,49.0,1577836800000
tank_0583,99.0,1577836800000
tank_0587,0.0,1577836800000
tank_0589,0.0,1577836800000
tank_0590,0.0,1577836800000
tank_0592,0.0,1577836800000
tank_0593,1.8941176470588235,1577836800000
tank_0595,0.0,1577836800000
tank_0600,2.0,1577836800000
tank_0604,0.5725490196078431,1577836800000
tank_0606,0.0,1577836800000
tank_0607,0.0,1577836800000
tank_0608,466.0,1577836800000
tank_0610,0.0,1577836800000
tank_0611,0.0,1577836800000
tank_0612,1.0431372549019609,1577836800000
tank_0613,5.0,1577836800000
tank_0619,2.0,1577836800000
tank_0626,0.0,1577836800000
tank_0627,0.0,1577836800000
tank_0628,0.0,1577836800000
tank_0632,0.0,1577836800000
tank_0633,0.0,1577836800000
tank_0639,0.0,1577836800000
tank_0640,0.0,1577836800000
tank_0641,0.0,1577836800000
tank_0643,7.0,1577836800000
tank_0646,0.0,1577836800000
tank_0663,0.0,1577836800000
tank_0664,0.0,1577836800000
tank_0666,0.0,1577836800000
tank_0667,0.0,1577836800000
tank_0670,0.0,1577836800000
tank_0675,0.0,1577836800000
tank_0676,491.0,1577836800000
tank_0678,0.25098039215686274,1577836800000
tank_0681,0.0,1577836800000
tank_0687,0.0,1577836800000
tank_0688,0.0,1577836800000
tank_0697,1.1254901960784314,1577836800000
tank_0720,24.60392156862745,1577836800000
tank_0722,0.0,1577836800000
tank_0724,1.0,1577836800000
tank_0725,0.0,1577836800000
tank_0728,0.0,1577836800000
tank_0730,0.0,1577836800000
tank_0731,0.0,1577836800000
tank_0732,0.0,1577836800000
tank_0737,339.0,1577836800000
tank_0739,0.0,1577836800000
tank_0740,31.745098039215684,1577836800000
tank_0746,0.8745098039215686,1577836800000
tank_0748,0.0,1577836800000
tank_0749,0.0,1577836800000
tank_0752,0.0,1577836800000
tank_0760,0.0,1577836800000
tank_0770,0.0,1577836800000
tank_0772,0.0,1577836800000
tank_0788,0.0,1577836800000
tank_0789,0.0,1577836800000
tank_0792,64.2156862745098,1577836800000
tank_0797,0.0,1577836800000
tank_0800,43.0,1577836800000
tank_0802,0.0,1577836800000
tank_0803,0.996078431372549,1577836800000
tank_0808,8.627450980392158,1577836800000
tank_0810,0.0,1577836800000
tank_0811,1.3019607843137255,1577836800000
tank_0812,0.0,1577836800000
tank_0813,6.290196078431372,1577836800000
tank_0816,0.0,1577836800000
tank_0819,0.0,1577836800000
tank_0823,0.0,1577836800000
tank_0824,464.0,1577836800000
tank_0825,0.0,1577836800000
tank_0828,0.0,1577836800000
tank_0829,67.37254901960785,1577836800000
tank_0830,0.0,1577836800000
tank_0831,11.231372549019609,1577836800000
tank_0844,0.0,1577836800000
tank_0852,25.862745098039216,1577836800000
tank_0855,61.0,1577836800000
tank_0856,513.0,1577836800000
tank_0860,1.0,1577836800000
tank_0861,0.0,1577836800000
tank_0872,0.0,1577836800000
tank_0875,113.74509803921569,1577836800000
tank_0879,0.0,1577836800000
tank_0885,0.0,1577836800000
tank_0891,2.0,1577836800000
tank_0894,236.0,1577836800000
tank_0898,368.87450980392157,1577836800000
tank_0900,21.0,1577836800000
tank_0901,131.0,1577836800000
tank_0902,44.0,1577836800000
tank_0914,3.0,1577836800000
tank_0917,677.6352941176472,1577836800000
tank_0919,0.0,1577836800000
tank_0920,57.97254901960784,1577836800000
tank_0922,8.0,1577836800000
tank_0923,0.0,1577836800000
tank_0924,0.0,1577836800000
tank_0926,7.921568627450981,1577836800000
tank_0927,0.0,1577836800000
tank_0928,0.0,1577836800000
tank_0930,52.0,1577836800000
tank_0931,0.0,1577836800000
tank_0933,0.0,1577836800000
tank_0934,0.0,1577836800000
tank_0937,0.0,1577836800000
tank_0938,0.0,1577836800000
tank_0939,0.0,1577836800000
tank_0944,114.0,1577836800000
tank_0946,5.0,1577836800000
tank_0952,4.0,1577836800000
tank_0958,2.0,1577836800000
tank_0962,698.0,1577836800000
tank_0967,4.0,1577836800000
tank_0975,0.0,1577836800000
tank_0978,29.607843137254907,1577836800000
tank_0990,0.0,1577836800000
tank_0991,0.0,1577836800000
tank_0998,8.0,1577836800000
tank_0999,0.0,1577836800000
tank_1003,460.0,1577836800000
tank_1004,0.0,1577836800000
tank_1014,64.0,1577836800000
tank_1026,149.0,1577836800000
tank_1031,21.94901960784314,1577836800000
tank_1032,0.0,1577836800000
tank_1034,0.0,1577836800000
tank_1042,40.0,1577836800000
tank_1045,10.0,1577836800000
tank_1049,113.0,1577836800000
tank_1055,11.015686274509804,1577836800000
tank_1061,15.752941176470587,1577836800000
tank_1062,0.0,1577836800000
tank_1064,0.0,1577836800000
tank_1065,0.12549019607843137,1577836800000
tank_1066,0.0,1577836800000
tank_1070,0.0,1577836800000
tank_1073,55.0,1577836800000
tank_1083,209.0,1577836800000
tank_1086,10.772549019607844,1577836800000
tank_1088,1.0,1577836800000
tank_1089,20.0,1577836800000
tank_1090,8.988235294117647,1577836800000
tank_1091,4.0,1577836800000
tank_1094,669.0,1577836800000
tank_1095,0.0,1577836800000
tank_1104,1.792156862745098,1577836800000
tank_1113,44.0,1577836800000
tank_1116,6.0,1577836800000
tank_1117,0.0,1577836800000
tank_1120,228.30980392156863,1577836800000
tank_1121,323.0,1577836800000
tank_1124,0.0,1577836800000
tank_1128,0.0,1577836800000
tank_1134,1.2745098039215685,1577836800000
tank_1135,0.0,1577836800000
tank_1146,2.0,1577836800000
tank_1149,0.0,1577836800000
tank_1156,0.0,1577836800000
tank_1157,15.486274509803923,1577836800000
tank_1159,157.0,1577836800000
tank_1160,437.0,1577836800000
tank_1166,0.5333333333333334,1577836800000
tank_1170,16.49411764705882,1577836800000
tank_1175,0.0,1577836800000
tank_1177,0.0,1577836800000
tank_1179,10.733333333333333,1577836800000
tank_1181,158.8470588235294,1577836800000
tank_1186,0.0,1577836800000
tank_1187,1.9725490196078432,1577836800000
tank_1190,3.0,1577836800000
tank_1192,7.0,1577836800000
tank_1196,0.0,1577836800000
tank_1197,1052.7490196078431,1577836800000
tank_1201,0.0,1577836800000
tank_1203,0.0,1577836800000
tank_1205,0.0,1577836800000
tank_1209,847.0,1577836800000
tank_1217,0.0,1577836800000
tank_1223,0.0,1577836800000
tank_1226,0.0,1577836800000
tank_1228,0.0,1577836800000
tank_1230,0.0,1577836800000
tank_1237,0.0,1577836800000
tank_1239,650.1176470588236,1577836800000
tank_1245,1.552941176470588,1577836800000
tank_1246,0.0,1577836800000
tank_1250,0.0,1577836800000
tank_1254,751.0,1577836800000
tank_1255,0.7450980392156863,1577836800000
tank_1258,30.0,1577836800000
tank_1261,1.6196078431372547,1577836800000
tank_1262,0.0,1577836800000
tank_1263,0.0,1577836800000
tank_1265,3.0,1577836800000
tank_1270,0.0,1577836800000
tank_1272,0.0,1577836800000
tank_1275,0.0,1577836800000
tank_1276,2.0,1577836800000
tank_1279,0.0,1577836800000
tank_1280,0.2823529411764706,1577836800000
tank_1284,0.0,1577836800000
tank_1285,0.0,1577836800000
tank_1286,0.0,1577836800000
tank_1290,0.0,1577836800000
tank_1291,0.0,1577836800000
tank_1293,0.0,1577836800000
tank_1295,1.0,1577836800000
tank_1297,0.0,1577836800000
tank_1301,2.0,1577836800000
tank_1302,18.0,1577836800000
tank_1304,0.0,1577836800000
tank_1305,0.0,1577836800000
tank_1313,154.0,1577836800000
tank_1322,0.0,1577836800000
tank_1325,0.0,1577836800000
tank_1326,0.0,1577836800000
tank_1344,0.0,1577836800000
tank_1346,0.0,1577836800000
tank_1349,0.0,1577836800000
tank_1353,365.0,1577836800000
tank_1358,0.0,1577836800000
tank_1359,0.0,1577836800000
tank_1361,298.0,1577836800000
tank_1364,1126.0,1577836800000
tank_1365,38.94117647058823,1577836800000
tank_1372,0.0,1577836800000
tank_1374,324.8078431372549,1577836800000
tank_1378,498.0,1577836800000
tank_1380,4.0,1577836800000
tank_1386,72.0,1577836800000
tank_1391,11.0,1577836800000
tank_1393,32.61960784313726,1577836800000
tank_1396,0.0,1577836800000
tank_1397,0.0,1577836800000
tank_1403,0.0,1577836800000
tank_1409,0.0,1577836800000
tank_1412,0.0,1577836800000
tank_1415,0.0,1577836800000
tank_1416,0.0,1577836800000
tank_1421,139.0,1577836800000
tank_1422,0.0,1577836800000
tank_1425,375.96078431372547,1577836800000
tank_1426,0.0,1577836800000
tank_1430,0.0,1577836800000
tank_1433,299.0,1577836800000
tank_1438,0.0,1577836800000
tank_1439,3.0,1577836800000
tank_1441,0.0,1577836800000
tank_1443,0.0,1577836800000
tank_1445,0.0,1577836800000
tank_1446,0.0,1577836800000
tank_1450,0.0,1577836800000
tank_1452,0.0,1577836800000
tank_1456,0.0,1577836800000
tank_1466,0.0,1577836800000
tank_1471,0.0,1577836800000
tank_1475,224.0,1577836800000
tank_1486,911.0,1577836800000
tank_1488,0.0,1577836800000
tank_1491,0.0,1577836800000
tank_1500,0.0,1577836800000
tank_1505,2.0,1577836800000
tank_1513,507.0,1577836800000
tank_1531,65.0,1577836800000
tank_1536,0.0,1577836800000
tank_1539,511.0,1577836800000
tank_1541,2.0,1577836800000
tank_1542,0.0,1577836800000
tank_1547,0.0,1577836800000
tank_1563,5.0,1577836800000
tank_1564,0.0,1577836800000
tank_1565,642.0,1577836800000
tank_1567,0.0,1577836800000
tank_1568,0.0,1577836800000
tank_1573,0.0,1577836800000
tank_1583,2.0,1577836800000
tank_1587,804.0,1577836800000
tank_1588,0.0,1577836800000
tank_1592,0.0,1577836800000
tank_1594,65.0,1577836800000
tank_1595,0.0,1577836800000
tank_1597,10.0,1577836800000
tank_1598,0.0,1577836800000
tank_1600,0.0,1577836800000
tank_1604,0.0,1577836800000
tank_0002,0.0,1578355200000
tank_0004,0.0,1578355200000
tank_0005,0.0,1578355200000
tank_0011,0.0,1578355200000
tank_0014,0.0,1578355200000
tank_0019,0.0,1578355200000
tank_0024,2.0,1578355200000
tank_0025,0.0,1578355200000
tank_0026,0.0,1578355200000
tank_0027,0.0,1578355200000
tank_0030,0.8745098039215686,1578355200000
tank_0031,8.0,1578355200000
tank_0036,5.066666666666666,1578355200000
tank_0037,0.0,1578355200000
tank_0038,8.403921568627451,1578355200000
tank_0050,11.305882352941177,1578355200000
tank_0051,0.0,1578355200000
tank_0052,0.0,1578355200000
tank_0053,35.258823529411764,1578355200000
tank_0055,0.0,1578355200000
tank_0057,1.0,1578355200000
tank_0058,0.0,1578355200000
tank_0064,26.768627450980393,1578355200000
tank_0069,0.0784313725490196,1578355200000
tank_0072,0.0,1578355200000
tank_0073,0.0,1578355200000
tank_0080,17.0,1578355200000
tank_0094,0.0,1578355200000
tank_0107,0.0,1578355200000
tank_0110,6.0,1578355200000
tank_0113,36.41568627450981,1578355200000
tank_0115,1.2549019607843137,1578355200000
tank_0116,5.129411764705882,1578355200000
tank_0117,58.0,1578355200000
tank_0118,0.0,1578355200000
tank_0122,0.0,1578355200000
tank_0125,9.6,1578355200000
tank_0130,5.066666666666666,1578355200000
tank_0131,0.0,1578355200000
tank_0132,0.0,1578355200000
tank_0134,3.43921568627451,1578355200000
tank_0135,0.0,1578355200000
tank_0142,0.0,1578355200000
tank_0143,0.0,1578355200000
tank_0144,0.0,1578355200000
tank_0148,0.0,1578355200000
tank_0153,8.0,1578355200000
tank_0156,49.22352941176472,1578355200000
tank_0159,0.29411764705882354,1578355200000
tank_0165,0.0,1578355200000
tank_0171,0.0,1578355200000
tank_0172,0.0,1578355200000
tank_0174,11.458823529411767,1578355200000
tank_0176,0.0,1578355200000
tank_0184,0.0,1578355200000
tank_0187,4.0,1578355200000
tank_0190,0.06274509803921569,1578355200000
tank_0192,0.5647058823529412,1578355200000
tank_0193,0.0,1578355200000
tank_0195,26.67450980392157,1578355200000
tank_0199,0.0,1578355200000
tank_0204,0.0,1578355200000
tank_0205,0.0,1578355200000
tank_0207,0.0,1578355200000
tank_0209,0.0,1578355200000
tank_0213,19.0,1578355200000
tank_0217,0.0,1578355200000
tank_0220,0.0,1578355200000
tank_0221,30.086274509803925,1578355200000
tank_0225,0.0,1578355200000
tank_0226,4.0,1578355200000
tank_0228,0.0,1578355200000
tank_0229,0.0,1578355200000
tank_0231,4.341176470588236,1578355200000
tank_0233,0.0,1578355200000
tank_0236,0.0,1578355200000
tank_0237,5.0,1578355200000
tank_0240,0.0,1578355200000
tank_0242,0.0,1578355200000
tank_0245,0.0,1578355200000
tank_0247,42.0,1578355200000
tank_0256,0.0,1578355200000
tank_0257,0.0,1578355200000
tank_0260,2.0,1578355200000
tank_0261,0.0,1578355200000
tank_0264,0.0,1578355200000
tank_0273,1.0,1578355200000
tank_0276,0.0,1578355200000
tank_0278,0.0,1578355200000
tank_0280,2.3529411764705883,1578355200000
tank_0291,0.0,1578355200000
tank_0292,10.450980392156861,1578355200000
tank_0296,0.0,1578355200000
tank_0297,8.0,1578355200000
tank_0299,2.0,1578355200000
tank_0300,7.125490196078433,1578355200000
tank_0301,2.0,1578355200000
tank_0307,0.0,1578355200000
tank_0309,0.0,1578355200000
tank_0313,0.0,1578355200000
tank_0314,1.0,1578355200000
tank_0319,0.0,1578355200000
tank_0321,4.0627450980392155,1578355200000
tank_0327,0.0,1578355200000
tank_0337,0.0,1578355200000
tank_0338,6.0,1578355200000
tank_0339,9.8,1578355200000
tank_0342,0.0,1578355200000
tank_0345,0.0,1578355200000
tank_0346,0.0,1578355200000
tank_0349,25.0,1578355200000
tank_0350,0.0,1578355200000
tank_0353,55.58039215686274,1578355200000
tank_0356,0.0,1578355200000
tank_0360,3.0,1578355200000
tank_0361,19.15686274509804,1578355200000
tank_0362,0.0,1578355200000
tank_0364,1.0,1578355200000
tank_0366,10.905882352941177,1578355200000
tank_0369,0.0,1578355200000
tank_0375,0.0,1578355200000
tank_0379,14.501960784313725,1578355200000
tank_0381,0.0,1578355200000
tank_0386,0.0,1578355200000
tank_0390,0.0,1578355200000
tank_0397,0.0,1578355200000
tank_0399,0.0,1578355200000
tank_0404,12.0,1578355200000
tank_0409,0.0,1578355200000
tank_0420,0.0,1578355200000
tank_0425,0.0,1578355200000
tank_0431,0.0,1578355200000
tank_0432,0.0,1578355200000
tank_0435,0.0,1578355200000
tank_0436,0.0,1578355200000
tank_0438,0.0,1578355200000
tank_0443,0.0,1578355200000
tank_0444,34.0,1578355200000
tank_0447,24.192156862745097,1578355200000
tank_0448,38.48235294117647,1578355200000
tank_0449,0.0,1578355200000
tank_0455,13.250980392156862,1578355200000
tank_0460,0.0,1578355200000
tank_0462,65.0,1578355200000
tank_0466,1.9607843137254903,1578355200000
tank_0471,0.0,1578355200000
tank_0473,0.0,1578355200000
tank_0474,3.0,1578355200000
tank_0481,15.039215686274508,1578355200000
tank_0485,0.0,1578355200000
tank_0489,0.0,1578355200000
tank_0491,0.0,1578355200000
tank_0494,0.0,1578355200000
tank_0497,0.0,1578355200000
tank_0498,0.0,1578355200000
tank_0502,0.0,1578355200000
tank_0505,0.0,1578355200000
tank_0509,0.37254901960784315,1578355200000
tank_0512,56.0,1578355200000
tank_0514,0.0,1578355200000
tank_0515,0.0,1578355200000
tank_0521,9.0,1578355200000
tank_0524,0.0,1578355200000
tank_0526,45.74901960784314,1578355200000
tank_0533,0.0,1578355200000
tank_0534,0.0,1578355200000
tank_0536,0.0,1578355200000
tank_0537,0.0,1578355200000
tank_0541,0.0,1578355200000
tank_0547,0.0,1578355200000
tank_0552,3.0,1578355200000
tank_0555,0.0,1578355200000
tank_0556,0.0,1578355200000
tank_0557,0.25098039215686274,1578355200000
tank_0560,0.0,1578355200000
tank_0561,0.0,1578355200000
tank_0566,0.0,1578355200000
tank_0567,0.0,1578355200000
tank_0568,2.592156862745098,1578355200000
tank_0574,3.0,1578355200000
tank_0579,24.0,1578355200000
tank_0583,31.0,1578355200000
tank_0587,0.0,1578355200000
tank_0589,0.0,1578355200000
tank_0590,0.0,1578355200000
tank_0592,0.0,1578355200000
tank_0593,0.0,1578355200000
tank_0595,0.0,1578355200000
tank_0600,5.0,1578355200000
tank_0604,0.0,1578355200000
tank_0606,0.0,1578355200000
tank_0607,1.0,1578355200000
tank_0608,171.0,1578355200000
tank_0610,0.0,1578355200000
tank_0611,0.0,1578355200000
tank_0612,0.0,1578355200000
tank_0613,0.0,1578355200000
tank_0619,0.0,1578355200000
tank_0626,1.0,1578355200000
tank_0627,0.0,1578355200000
tank_0628,0.0,1578355200000
tank_0632,0.0,1578355200000
tank_0633,0.0,1578355200000
tank_0639,0.0,1578355200000
tank_0640,0.0,1578355200000
tank_0641,0.43137254901960786,1578355200000
tank_0643,0.0,1578355200000
tank_0646,0.0,1578355200000
tank_0663,0.0,1578355200000
tank_0664,0.0,1578355200000
tank_0666,0.0,1578355200000
tank_0667,0.0,1578355200000
tank_0670,0.0,1578355200000
tank_0675,0.0,1578355200000
tank_0676,217.0,1578355200000
tank_0678,2.011764705882353,1578355200000
tank_0681,0.0,1578355200000
tank_0687,0.0,1578355200000
tank_0688,0.0,1578355200000
tank_0697,0.12549019607843137,1578355200000
tank_0720,25.69019607843137,1578355200000
tank_0722,0.0,1578355200000
tank_0724,0.0,1578355200000
tank_0725,0.0,1578355200000
tank_0728,0.0,1578355200000
tank_0730,0.0,1578355200000
tank_0731,0.0,1578355200000
tank_0732,0.0,1578355200000
tank_0737,93.0,1578355200000
tank_0739,0.0,1578355200000
tank_0740,8.905882352941177,1578355200000
tank_0746,0.0,1578355200000
tank_0748,0.0,1578355200000
tank_0749,0.0,1578355200000
tank_0752,0.0,1578355200000
tank_0760,0.0,1578355200000
tank_0770,0.0,1578355200000
tank_0772,0.0,1578355200000
tank_0788,0.0,1578355200000
tank_0789,0.0,1578355200000
tank_0792,102.87843137254903,1578355200000
tank_0797,0.0,1578355200000
tank_0800,31.0,1578355200000
tank_0802,1.0,1578355200000
tank_0803,4.776470588235294,1578355200000
tank_0808,15.270588235294118,1578355200000
tank_0810,0.0,1578355200000
tank_0811,4.0,1578355200000
tank_0812,0.0,1578355200000
tank_0813,2.011764705882353,1578355200000
tank_0816,3.0,1578355200000
tank_0819,0.0,1578355200000
tank_0823,0.0,1578355200000
tank_0824,48.0,1578355200000
tank_0825,0.0,1578355200000
tank_0828,0.0,1578355200000
tank_0829,52.372549019607845,1578355200000
tank_0830,0.0,1578355200000
tank_0831,3.611764705882353,1578355200000
tank_0844,0.0,1578355200000
tank_0852,21.180392156862748,1578355200000
tank_0855,44.0,1578355200000
tank_0856,338.0,1578355200000
tank_0860,5.0,1578355200000
tank_0861,0.0,1578355200000
tank_0872,0.0,1578355200000
tank_0875,31.0,1578355200000
tank_0879,0.0,1578355200000
tank_0885,0.0,1578355200000
tank_0891,0.0,1578355200000
tank_0894,121.0,1578355200000
tank_0898,247.0,1578355200000
tank_0900,8.0,1578355200000
tank_0901,117.0,1578355200000
tank_0902,10.0,1578355200000
tank_0914,0.0,1578355200000
tank_0917,406.97254901960787,1578355200000
tank_0919,0.0,1578355200000
tank_0920,29.0,1578355200000
tank_0922,4.0,1578355200000
tank_0923,0.0,1578355200000
tank_0924,0.0,1578355200000
tank_0926,2.8,1578355200000
tank_0927,0.0,1578355200000
tank_0928,0.0,1578355200000
tank_0930,31.0,1578355200000
tank_0931,0.0,1578355200000
tank_0933,0.0,1578355200000
tank_0934,0.0,1578355200000
tank_0937,0.0,1578355200000
tank_0938,0.0,1578355200000
tank_0939,0.0,1578355200000
tank_0944,101.0,1578355200000
tank_0946,0.0,1578355200000
tank_0952,0.0,1578355200000
tank_0958,0.0,1578355200000
tank_0962,939.0,1578355200000
tank_0967,3.0,1578355200000
tank_0975,0.0,1578355200000
tank_0978,9.701960784313727,1578355200000
tank_0990,0.0,1578355200000
tank_0991,0.0,1578355200000
tank_0998,1.8745098039215686,1578355200000
tank_0999,0.0,1578355200000
tank_1003,273.0,1578355200000
tank_1004,0.0,1578355200000
tank_1014,70.0,1578355200000
tank_1026,112.0,1578355200000
tank_1031,21.521568627450982,1578355200000
tank_1032,0.0,1578355200000
tank_1034,0.0,1578355200000
tank_1042,34.898039215686275,1578355200000
tank_1045,3.0,1578355200000
tank_1049,81.0,1578355200000
tank_1055,8.537254901960786,1578355200000
tank_1061,7.976470588235294,1578355200000
tank_1062,0.0,1578355200000
tank_1064,0.9764705882352941,1578355200000
tank_1065,2.537254901960784,1578355200000
tank_1066,1.0,1578355200000
tank_1070,0.0,1578355200000
tank_1073,57.0,1578355200000
tank_1083,149.0,1578355200000
tank_1086,10.0,1578355200000
tank_1088,6.215686274509804,1578355200000
tank_1089,19.0,1578355200000
tank_1090,0.0,1578355200000
tank_1091,0.0,1578355200000
tank_1094,368.0,1578355200000
tank_1095,0.0,1578355200000
tank_1104,0.4588235294117647,1578355200000
tank_1113,42.0,1578355200000
tank_1116,17.250980392156862,1578355200000
tank_1117,0.0,1578355200000
tank_1120,277.81176470588235,1578355200000
tank_1121,61.0,1578355200000
tank_1124,0.0,1578355200000
tank_1128,0.0,1578355200000
tank_1134,0.0,1578355200000
tank_1135,0.0,1578355200000
tank_1146,0.0,1578355200000
tank_1149,0.0,1578355200000
tank_1156,0.0,1578355200000
tank_1157,15.270588235294118,1578355200000
tank_1159,179.0,1578355200000
tank_1160,500.0,1578355200000
tank_1166,0.06666666666666667,1578355200000
tank_1170,17.97254901960784,1578355200000
tank_1175,0.0,1578355200000
tank_1177,0.0,1578355200000
tank_1179,12.8,1578355200000
tank_1181,150.4156862745098,1578355200000
tank_1186,0.0,1578355200000
tank_1187,4.235294117647059,1578355200000
tank_1190,0.0,1578355200000
tank_1192,2.0,1578355200000
tank_1196,0.0,1578355200000
tank_1197,1318.0,1578355200000
tank_1201,0.0,1578355200000
tank_1203,0.0,1578355200000
tank_1205,0.0,1578355200000
tank_1209,372.0,1578355200000
tank_1217,2.290196078431373,1578355200000
tank_1223,0.0,1578355200000
tank_1226,0.0,1578355200000
tank_1228,0.0,1578355200000
tank_1230,0.0,1578355200000
tank_1237,0.0,1578355200000
tank_1239,527.7764705882353,1578355200000
tank_1245,0.0,1578355200000
tank_1246,0.0,1578355200000
tank_1250,0.0,1578355200000
tank_1254,991.0,1578355200000
tank_1255,4.074509803921568,1578355200000
tank_1258,29.0,1578355200000
tank_1261,1.1372549019607843,1578355200000
tank_1262,0.0,1578355200000
tank_1263,2.0,1578355200000
tank_1265,0.0,1578355200000
tank_1270,0.0,1578355200000
tank_1272,0.0,1578355200000
tank_1275,0.0,1578355200000
tank_1276,10.0,1578355200000
tank_1279,0.0,1578355200000
tank_1280,0.0,1578355200000
tank_1284,0.0,1578355200000
tank_1285,0.0,1578355200000
tank_1286,0.0,1578355200000
tank_1290,0.0,1578355200000
tank_1291,0.0,1578355200000
tank_1293,0.0,1578355200000
tank_1295,0.0,1578355200000
tank_1297,0.0,1578355200000
tank_1301,26.0,1578355200000
tank_1302,6.0,1578355200000
tank_1304,0.8196078431372549,1578355200000
tank_1305,0.0,1578355200000
tank_1313,113.0,1578355200000
tank_1322,0.0,1578355200000
tank_1325,0.0,1578355200000
tank_1326,0.0,1578355200000
tank_1344,0.0,1578355200000
tank_1346,0.0,1578355200000
tank_1349,0.0,1578355200000
tank_1353,362.0,1578355200000
tank_1358,0.0,1578355200000
tank_1359,0.0,1578355200000
tank_1361,310.0,1578355200000
tank_1364,270.0,1578355200000
tank_1365,47.0,1578355200000
tank_1372,0.0,1578355200000
tank_1374,238.05490196078432,1578355200000
tank_1378,234.0,1578355200000
tank_1380,1.0,1578355200000
tank_1386,2.0,1578355200000
tank_1391,13.0,1578355200000
tank_1393,15.0,1578355200000
tank_1396,0.0,1578355200000
tank_1397,0.0,1578355200000
tank_1403,0.0,1578355200000
tank_1409,0.0,1578355200000
tank_1412,0.0,1578355200000
tank_1415,0.0,1578355200000
tank_1416,0.0,1578355200000
tank_1421,133.0,1578355200000
tank_1422,0.0,1578355200000
tank_1425,356.0,1578355200000
tank_1426,0.0,1578355200000
tank_1430,0.0,1578355200000
tank_1433,206.0,1578355200000
tank_1438,0.0,1578355200000
tank_1439,2.0,1578355200000
tank_1441,0.0,1578355200000
tank_1443,0.0,1578355200000
tank_1445,3.0,1578355200000
tank_1446,0.0,1578355200000
tank_1450,0.0,1578355200000
tank_1452,0.0,1578355200000
tank_1456,0.0,1578355200000
tank_1466,0.0,1578355200000
tank_1471,0.0,1578355200000
tank_1475,58.0,1578355200000
tank_1486,593.0,1578355200000
tank_1488,0.0,1578355200000
tank_1491,0.0,1578355200000
tank_1500,0.0,1578355200000
tank_1505,1.0,1578355200000
tank_1513,923.0,1578355200000
tank_1531,46.0,1578355200000
tank_1536,0.0,1578355200000
tank_1539,316.0,1578355200000
tank_1541,0.0,1578355200000
tank_1542,0.0,1578355200000
tank_1547,2.0,1578355200000
tank_1563,2.0,1578355200000
tank_1564,0.0,1578355200000
tank_1565,369.99607843137255,1578355200000
tank_1567,0.0,1578355200000
tank_1568,0.0,1578355200000
tank_1573,0.0,1578355200000
tank_1583,2.0,1578355200000
tank_1587,279.0,1578355200000
tank_1588,0.0,1578355200000
tank_1592,0.0,1578355200000
tank_1594,48.0,1578355200000
tank_1595,0.0,1578355200000
tank_1597,6.0,1578355200000
tank_1598,0.0,1578355200000
tank_1600,0.0,1578355200000
tank_1604,0.0,1578355200000
tank_0002,0.0,1578873600000
tank_0004,0.0,1578873600000
tank_0005,0.0,1578873600000
tank_0011,0.0,1578873600000
tank_0014,0.0,1578873600000
tank_0019,0.0,1578873600000
tank_0024,0.0,1578873600000
tank_0025,0.25098039215686274,1578873600000
tank_0026,0.0,1578873600000
tank_0027,0.0,1578873600000
tank_0030,0.7882352941176471,1578873600000
tank_0031,10.0,1578873600000
tank_0036,0.0,1578873600000
tank_0037,0.0,1578873600000
tank_0038,20.03137254901961,1578873600000
tank_0050,3.9215686274509807,1578873600000
tank_0051,0.0,1578873600000
tank_0052,0.37254901960784315,1578873600000
tank_0053,67.44313725490196,1578873600000
tank_0055,0.0,1578873600000
tank_0057,0.0,1578873600000
tank_0058,0.34509803921568627,1578873600000
tank_0064,35.41176470588236,1578873600000
tank_0069,6.956862745098039,1578873600000
tank_0072,0.0,1578873600000
tank_0073,0.0,1578873600000
tank_0080,15.0,1578873600000
tank_0094,0.0,1578873600000
tank_0107,1.0,1578873600000
tank_0110,37.0,1578873600000
tank_0113,33.10980392156863,1578873600000
tank_0115,8.823529411764705,1578873600000
tank_0116,1.0,1578873600000
tank_0117,91.0,1578873600000
tank_0118,0.0,1578873600000
tank_0122,0.0,1578873600000
tank_0125,18.513725490196077,1578873600000
tank_0130,11.807843137254903,1578873600000
tank_0131,0.0,1578873600000
tank_0132,0.0,1578873600000
tank_0134,10.149019607843137,1578873600000
tank_0135,12.996078431372549,1578873600000
tank_0142,0.0,1578873600000
tank_0143,0.0,1578873600000
tank_0144,0.0,1578873600000
tank_0148,1.7647058823529411,1578873600000
tank_0153,20.0,1578873600000
tank_0156,60.41960784313728,1578873600000
tank_0159,1.83921568627451,1578873600000
tank_0165,4.9411764705882355,1578873600000
tank_0171,0.0,1578873600000
tank_0172,0.0,1578873600000
tank_0174,7.349019607843138,1578873600000
tank_0176,2.0,1578873600000
tank_0184,0.0,1578873600000
tank_0187,2.0,1578873600000
tank_0190,0.7647058823529411,1578873600000
tank_0192,0.0,1578873600000
tank_0193,0.0,1578873600000
tank_0195,27.31764705882353,1578873600000
tank_0199,0.0,1578873600000
tank_0204,0.0,1578873600000
tank_0205,9.180392156862743,1578873600000
tank_0207,0.0,1578873600000
tank_0209,0.0,1578873600000
tank_0213,21.0,1578873600000
tank_0217,0.0,1578873600000
tank_0220,0.0,1578873600000
tank_0221,36.03137254901962,1578873600000
tank_0225,0.0,1578873600000
tank_0226,3.7333333333333334,1578873600000
tank_0228,0.0,1578873600000
tank_0229,0.0,1578873600000
tank_0231,4.258823529411765,1578873600000
tank_0233,0.0,1578873600000
tank_0236,0.0,1578873600000
tank_0237,18.749019607843138,1578873600000
tank_0240,0.0,1578873600000
tank_0242,0.0,1578873600000
tank_0245,0.0,1578873600000
tank_0247,43.0,1578873600000
tank_0256,0.0,1578873600000
tank_0257,0.0,1578873600000
tank_0260,3.9176470588235293,1578873600000
tank_0261,0.0,1578873600000
tank_0264,0.0,1578873600000
tank_0273,7.0,1578873600000
tank_0276,0.0,1578873600000
tank_0278,2.0,1578873600000
tank_0280,0.0,1578873600000
tank_0291,0.0,1578873600000
tank_0292,6.607843137254902,1578873600000
tank_0296,0.0,1578873600000
tank_0297,10.91764705882353,1578873600000
tank_0299,0.0,1578873600000
tank_0300,10.223529411764705,1578873600000
tank_0301,1.0,1578873600000
tank_0307,0.0,1578873600000
tank_0309,2.0,1578873600000
tank_0313,0.0,1578873600000
tank_0314,0.15294117647058825,1578873600000
tank_0319,0.0,1578873600000
tank_0321,8.976470588235294,1578873600000
tank_0327,0.0,1578873600000
tank_0337,0.0,1578873600000
tank_0338,1.0,1578873600000
tank_0339,39.560784313725485,1578873600000
tank_0342,2.8784313725490196,1578873600000
tank_0345,0.0,1578873600000
tank_0346,1.5490196078431373,1578873600000
tank_0349,32.0,1578873600000
tank_0350,1.215686274509804,1578873600000
tank_0353,65.91372549019609,1578873600000
tank_0356,0.0,1578873600000
tank_0360,0.0,1578873600000
tank_0361,26.43921568627451,1578873600000
tank_0362,0.0,1578873600000
tank_0364,1.376470588235294,1578873600000
tank_0366,4.172549019607843,1578873600000
tank_0369,0.0,1578873600000
tank_0375,0.0,1578873600000
tank_0379,32.08627450980393,1578873600000
tank_0381,0.0,1578873600000
tank_0386,0.0,1578873600000
tank_0390,0.0,1578873600000
tank_0397,0.0,1578873600000
tank_0399,0.0,1578873600000
tank_0404,20.580392156862743,1578873600000
tank_0409,0.0,1578873600000
tank_0420,0.0,1578873600000
tank_0425,0.0,1578873600000
tank_0431,0.0,1578873600000
tank_0432,0.0,1578873600000
tank_0435,0.0,1578873600000
tank_0436,0.0,1578873600000
tank_0438,0.0,1578873600000
tank_0443,0.0,1578873600000
tank_0444,87.0,1578873600000
tank_0447,43.545098039215695,1578873600000
tank_0448,32.98039215686275,1578873600000
tank_0449,0.050980392156862744,1578873600000
tank_0455,9.815686274509803,1578873600000
tank_0460,0.0,1578873600000
tank_0462,290.0,1578873600000
tank_0466,3.933333333333333,1578873600000
tank_0471,0.23137254901960785,1578873600000
tank_0473,3.0,1578873600000
tank_0474,4.105882352941176,1578873600000
tank_0481,24.294117647058822,1578873600000
tank_0485,0.0,1578873600000
tank_0489,0.0,1578873600000
tank_0491,0.0,1578873600000
tank_0494,0.0,1578873600000
tank_0497,4.0,1578873600000
tank_0498,0.7333333333333334,1578873600000
tank_0502,0.0,1578873600000
tank_0505,0.0,1578873600000
tank_0509,0.49411764705882355,1578873600000
tank_0512,45.0,1578873600000
tank_0514,0.0,1578873600000
tank_0515,4.0,1578873600000
tank_0521,9.0,1578873600000
tank_0524,0.0,1578873600000
tank_0526,47.0,1578873600000
tank_0533,0.0,1578873600000
tank_0534,0.0,1578873600000
tank_0536,0.0,1578873600000
tank_0537,0.0,1578873600000
tank_0541,3.243137254901961,1578873600000
tank_0547,6.0,1578873600000
tank_0552,1.007843137254902,1578873600000
tank_0555,2.0,1578873600000
tank_0556,0.0,1578873600000
tank_0557,2.5019607843137255,1578873600000
tank_0560,0.0,1578873600000
tank_0561,0.0,1578873600000
tank_0566,0.0,1578873600000
tank_0567,0.0,1578873600000
tank_0568,6.117647058823529,1578873600000
tank_0574,5.0,1578873600000
tank_0579,1.0,1578873600000
tank_0583,85.0,1578873600000
tank_0587,0.0,1578873600000
tank_0589,0.0,1578873600000
tank_0590,0.0,1578873600000
tank_0592,0.0,1578873600000
tank_0593,0.0,1578873600000
tank_0595,0.0,1578873600000
tank_0600,5.0,1578873600000
tank_0604,0.5607843137254902,1578873600000
tank_0606,1.0,1578873600000
tank_0607,3.870588235294117,1578873600000
tank_0608,670.0,1578873600000
tank_0610,0.0,1578873600000
tank_0611,3.0,1578873600000
tank_0612,0.0,1578873600000
tank_0613,0.7294117647058824,1578873600000
tank_0619,0.0,1578873600000
tank_0626,0.0,1578873600000
tank_0627,0.0,1578873600000
tank_0628,2.1921568627450982,1578873600000
tank_0632,0.0,1578873600000
tank_0633,0.25882352941176473,1578873600000
tank_0639,0.0,1578873600000
tank_0640,0.0,1578873600000
tank_0641,2.431372549019608,1578873600000
tank_0643,4.0,1578873600000
tank_0646,0.0,1578873600000
tank_0663,1.4156862745098038,1578873600000
tank_0664,0.0,1578873600000
tank_0666,0.0,1578873600000
tank_0667,0.0,1578873600000
tank_0670,0.0,1578873600000
tank_0675,0.0,1578873600000
tank_0676,521.0,1578873600000
tank_0678,9.08235294117647,1578873600000
tank_0681,0.0,1578873600000
tank_0687,0.0,1578873600000
tank_0688,0.0,1578873600000
tank_0697,0.0,1578873600000
tank_0720,15.690196078431372,1578873600000
tank_0722,0.0,1578873600000
tank_0724,0.0,1578873600000
tank_0725,0.0,1578873600000
tank_0728,0.0,1578873600000
tank_0730,0.01568627450980392,1578873600000
tank_0731,0.0,1578873600000
tank_0732,0.0,1578873600000
tank_0737,507.0,1578873600000
tank_0739,0.0,1578873600000
tank_0740,32.55294117647058,1578873600000
tank_0746,0.0,1578873600000
tank_0748,2.317647058823529,1578873600000
tank_0749,2.101960784313725,1578873600000
tank_0752,0.2,1578873600000
tank_0760,0.0,1578873600000
tank_0770,0.0,1578873600000
tank_0772,0.0,1578873600000
tank_0788,0.0,1578873600000
tank_0789,1.0,1578873600000
tank_0792,106.87843137254903,1578873600000
tank_0797,0.0,1578873600000
tank_0800,38.0,1578873600000
tank_0802,4.270588235294118,1578873600000
tank_0803,11.772549019607844,1578873600000
tank_0808,29.941176470588236,1578873600000
tank_0810,0.0,1578873600000
tank_0811,12.0,1578873600000
tank_0812,0.0,1578873600000
tank_0813,1.3372549019607844,1578873600000
tank_0816,1.0,1578873600000
tank_0819,0.0,1578873600000
tank_0823,0.0,1578873600000
tank_0824,350.0,1578873600000
tank_0825,0.0,1578873600000
tank_0828,0.0,1578873600000
tank_0829,63.984313725490196,1578873600000
tank_0830,0.0,1578873600000
tank_0831,14.443137254901961,1578873600000
tank_0844,0.0,1578873600000
tank_0852,30.39607843137255,1578873600000
tank_0855,58.0,1578873600000
tank_0856,1025.0,1578873600000
tank_0860,11.0,1578873600000
tank_0861,0.0,1578873600000
tank_0872,0.0,1578873600000
tank_0875,73.0,1578873600000
tank_0879,0.0,1578873600000
tank_0885,2.0,1578873600000
tank_0891,0.0,1578873600000
tank_0894,1060.0,1578873600000
tank_0898,558.8745098039216,1578873600000
tank_0900,15.0,1578873600000
tank_0901,102.89803921568628,1578873600000
tank_0902,128.0,1578873600000
tank_0914,0.0,1578873600000
tank_0917,644.0,1578873600000
tank_0919,0.0,1578873600000
tank_0920,44.88627450980392,1578873600000
tank_0922,6.0,1578873600000
tank_0923,4.0,1578873600000
tank_0924,6.188235294117647,1578873600000
tank_0926,1.0,1578873600000
tank_0927,0.0,1578873600000
tank_0928,0.0,1578873600000
tank_0930,30.0,1578873600000
tank_0931,0.0,1578873600000
tank_0933,0.0,1578873600000
tank_0934,0.0,1578873600000
tank_0937,0.0,1578873600000
tank_0938,0.0,1578873600000
tank_0939,0.0,1578873600000
tank_0944,126.9921568627451,1578873600000
tank_0946,0.7372549019607844,1578873600000
tank_0952,0.0,1578873600000
tank_0958,0.0,1578873600000
tank_0962,1194.6352941176472,1578873600000
tank_0967,4.91764705882353,1578873600000
tank_0975,2.623529411764706,1578873600000
tank_0978,66.95294117647059,1578873600000
tank_0990,0.0,1578873600000
tank_0991,0.0,1578873600000
tank_0998,0.0,1578873600000
tank_0999,0.0,1578873600000
tank_1003,681.0,1578873600000
tank_1004,3.0,1578873600000
tank_1014,73.0,1578873600000
tank_1026,143.0,1578873600000
tank_1031,20.94901960784314,1578873600000
tank_1032,0.6941176470588235,1578873600000
tank_1034,0.0,1578873600000
tank_1042,42.0,1578873600000
tank_1045,7.0,1578873600000
tank_1049,103.0,1578873600000
tank_1055,3.0941176470588236,1578873600000
tank_1061,7.0,1578873600000
tank_1062,0.1411764705882353,1578873600000
tank_1064,2.976470588235294,1578873600000
tank_1065,7.474509803921569,1578873600000
tank_1066,8.662745098039217,1578873600000
tank_1070,0.0,1578873600000
tank_1073,58.0,1578873600000
tank_1083,236.0,1578873600000
tank_1086,13.0,1578873600000
tank_1088,0.0,1578873600000
tank_1089,22.0,1578873600000
tank_1090,11.737254901960785,1578873600000
tank_1091,0.0,1578873600000
tank_1094,974.0,1578873600000
tank_1095,0.0,1578873600000
tank_1104,2.4980392156862745,1578873600000
tank_1113,45.0,1578873600000
tank_1116,23.482352941176472,1578873600000
tank_1117,0.0,1578873600000
tank_1120,296.4,1578873600000
tank_1121,349.89019607843136,1578873600000
tank_1124,0.0,1578873600000
tank_1128,0.0,1578873600000
tank_1134,0.45098039215686275,1578873600000
tank_1135,0.0,1578873600000
tank_1146,0.0,1578873600000
tank_1149,4.0,1578873600000
tank_1156,0.0,1578873600000
tank_1157,15.486274509803923,1578873600000
tank_1159,250.0,1578873600000
tank_1160,526.0,1578873600000
tank_1166,0.4274509803921569,1578873600000
tank_1170,17.33725490196078,1578873600000
tank_1175,0.0,1578873600000
tank_1177,0.0,1578873600000
tank_1179,13.423529411764706,1578873600000
tank_1181,184.7450980392157,1578873600000
tank_1186,0.0,1578873600000
tank_1187,3.0,1578873600000
tank_1190,7.0,1578873600000
tank_1192,0.0,1578873600000
tank_1196,0.0,1578873600000
tank_1197,1501.8666666666668,1578873600000
tank_1201,0.0,1578873600000
tank_1203,0.011764705882352941,1578873600000
tank_1205,0.0,1578873600000
tank_1209,811.0,1578873600000
tank_1217,0.06274509803921569,1578873600000
tank_1223,0.0,1578873600000
tank_1226,0.4117647058823529,1578873600000
tank_1228,0.0,1578873600000
tank_1230,0.0,1578873600000
tank_1237,0.0,1578873600000
tank_1239,738.7607843137255,1578873600000
tank_1245,1.1647058823529413,1578873600000
tank_1246,0.0,1578873600000
tank_1250,0.0,1578873600000
tank_1254,1426.0,1578873600000
tank_1255,2.6588235294117646,1578873600000
tank_1258,39.0,1578873600000
tank_1261,1.6196078431372547,1578873600000
tank_1262,1.2078431372549019,1578873600000
tank_1263,0.0,1578873600000
tank_1265,0.0,1578873600000
tank_1270,0.0,1578873600000
tank_1272,0.0,1578873600000
tank_1275,0.0,1578873600000
tank_1276,18.0,1578873600000
tank_1279,0.0,1578873600000
tank_1280,5.058823529411765,1578873600000
tank_1284,0.0,1578873600000
tank_1285,0.0,1578873600000
tank_1286,0.0,1578873600000
tank_1290,0.0,1578873600000
tank_1291,0.0,1578873600000
tank_1293,0.0,1578873600000
tank_1295,7.0,1578873600000
tank_1297,0.0,1578873600000
tank_1301,22.0,1578873600000
tank_1302,19.0,1578873600000
tank_1304,0.0,1578873600000
tank_1305,2.0352941176470587,1578873600000
tank_1313,154.0,1578873600000
tank_1322,0.0,1578873600000
tank_1325,0.0,1578873600000
tank_1326,0.0,1578873600000
tank_1344,0.0,1578873600000
tank_1346,0.0,1578873600000
tank_1349,0.0,1578873600000
tank_1353,401.0,1578873600000
tank_1358,0.0,1578873600000
tank_1359,0.0,1578873600000
tank_1361,366.0,1578873600000
tank_1364,1119.0,1578873600000
tank_1365,66.94117647058823,1578873600000
tank_1372,0.0,1578873600000
tank_1374,324.6392156862745,1578873600000
tank_1378,465.0,1578873600000
tank_1380,0.0,1578873600000
tank_1386,76.0,1578873600000
tank_1391,8.0,1578873600000
tank_1393,25.0,1578873600000
tank_1396,0.0,1578873600000
tank_1397,0.0,1578873600000
tank_1403,0.0,1578873600000
tank_1409,0.0,1578873600000
tank_1412,0.0,1578873600000
tank_1415,0.0,1578873600000
tank_1416,0.0,1578873600000
tank_1421,192.0,1578873600000
tank_1422,0.0,1578873600000
tank_1425,496.9725490196078,1578873600000
tank_1426,0.0,1578873600000
tank_1430,0.0,1578873600000
tank_1433,263.0,1578873600000
tank_1438,0.0,1578873600000
tank_1439,1.0,1578873600000
tank_1441,0.0,1578873600000
tank_1443,5.050980392156863,1578873600000
tank_1445,1.0,1578873600000
tank_1446,0.0,1578873600000
tank_1450,0.0,1578873600000
tank_1452,0.0,1578873600000
tank_1456,0.0,1578873600000
tank_1466,0.0,1578873600000
tank_1471,0.0,1578873600000
tank_1475,477.0,1578873600000
tank_1486,1425.0,1578873600000
tank_1488,0.0,1578873600000
tank_1491,0.0,1578873600000
tank_1500,0.0,1578873600000
tank_1505,26.0,1578873600000
tank_1513,544.0,1578873600000
tank_1531,70.0,1578873600000
tank_1536,0.0,1578873600000
tank_1539,550.0,1578873600000
tank_1541,3.0,1578873600000
tank_1542,0.0,1578873600000
tank_1547,18.0,1578873600000
tank_1563,6.0,1578873600000
tank_1564,0.0,1578873600000
tank_1565,722.9921568627451,1578873600000
tank_1567,0.0,1578873600000
tank_1568,0.0,1578873600000
tank_1573,0.0,1578873600000
tank_1583,11.24705882352941,1578873600000
tank_1587,905.9098039215686,1578873600000
tank_1588,1.196078431372549,1578873600000
tank_1592,0.0,1578873600000
tank_1594,54.0,1578873600000
tank_1595,0.0,1578873600000
tank_1597,11.0,1578873600000
tank_1598,0.0,1578873600000
tank_1600,0.0,1578873600000
tank_1604,0.0,1578873600000
tank_0002,0.0,1579392000000
tank_0004,0.0,1579392000000
tank_0005,0.0,1579392000000
tank_0011,0.0,1579392000000
tank_0014,0.0,1579392000000
tank_0019,0.0,1579392000000
tank_0024,3.4980392156862745,1579392000000
tank_0025,0.0,1579392000000
tank_0026,0.0,1579392000000
tank_0027,1.8431372549019607,1579392000000
tank_0030,1.4901960784313726,1579392000000
tank_0031,13.0,1579392000000
tank_0036,0.3137254901960784,1579392000000
tank_0037,0.0,1579392000000
tank_0038,9.086274509803921,1579392000000
tank_0050,2.0,1579392000000
tank_0051,0.0,1579392000000
tank_0052,5.0,1579392000000
tank_0053,74.78039215686276,1579392000000
tank_0055,0.0,1579392000000
tank_0057,10.0,1579392000000
tank_0058,0.0,1579392000000
tank_0064,32.56862745098039,1579392000000
tank_0069,4.078431372549019,1579392000000
tank_0072,0.0,1579392000000
tank_0073,0.0,1579392000000
tank_0080,16.0,1579392000000
tank_0094,0.0,1579392000000
tank_0107,0.0,1579392000000
tank_0110,22.298039215686277,1579392000000
tank_0113,48.60392156862745,1579392000000
tank_0115,8.376470588235295,1579392000000
tank_0116,0.0,1579392000000
tank_0117,83.0,1579392000000
tank_0118,0.0,1579392000000
tank_0122,0.0,1579392000000
tank_0125,14.905882352941177,1579392000000
tank_0130,4.88235294117647,1579392000000
tank_0131,0.0,1579392000000
tank_0132,0.0,1579392000000
tank_0134,2.2823529411764705,1579392000000
tank_0135,3.9215686274509802,1579392000000
tank_0142,4.0,1579392000000
tank_0143,0.0,1579392000000
tank_0144,0.0,1579392000000
tank_0148,4.0,1579392000000
tank_0153,12.0,1579392000000
tank_0156,78.9686274509804,1579392000000
tank_0159,2.9176470588235293,1579392000000
tank_0165,1.2509803921568627,1579392000000
tank_0171,0.0,1579392000000
tank_0172,0.0,1579392000000
tank_0174,12.858823529411765,1579392000000
tank_0176,0.0,1579392000000
tank_0184,0.0,1579392000000
tank_0187,4.0,1579392000000
tank_0190,0.30196078431372547,1579392000000
tank_0192,1.0,1579392000000
tank_0193,0.0,1579392000000
tank_0195,42.84313725490196,1579392000000
tank_0199,6.11764705882353,1579392000000
tank_0204,0.0,1579392000000
tank_0205,16.03529411764706,1579392000000
tank_0207,0.0,1579392000000
tank_0209,0.0,1579392000000
tank_0213,15.0,1579392000000
tank_0217,0.0,1579392000000
tank_0220,0.0,1579392000000
tank_0221,33.00784313725491,1579392000000
tank_0225,0.0,1579392000000
tank_0226,0.0,1579392000000
tank_0228,0.0,1579392000000
tank_0229,0.0,1579392000000
tank_0231,0.0,1579392000000
tank_0233,0.0,1579392000000
tank_0236,0.0,1579392000000
tank_0237,6.364705882352942,1579392000000
tank_0240,0.0,1579392000000
tank_0242,0.0,1579392000000
tank_0245,0.0,1579392000000
tank_0247,45.0,1579392000000
tank_0256,0.0,1579392000000
tank_0257,0.0,1579392000000
tank_0260,5.654901960784313,1579392000000
tank_0261,0.0,1579392000000
tank_0264,0.0,1579392000000
tank_0273,3.0,1579392000000
tank_0276,0.0,1579392000000
tank_0278,0.0,1579392000000
tank_0280,0.0,1579392000000
tank_0291,6.0,1579392000000
tank_0292,16.596078431372547,1579392000000
tank_0296,0.0,1579392000000
tank_0297,13.576470588235294,1579392000000
tank_0299,0.0,1579392000000
tank_0300,7.898039215686275,1579392000000
tank_0301,1.427450980392157,1579392000000
tank_0307,0.0,1579392000000
tank_0309,0.0,1579392000000
tank_0313,0.0,1579392000000
tank_0314,0.15294117647058825,1579392000000
tank_0319,0.0,1579392000000
tank_0321,13.749019607843138,1579392000000
tank_0327,0.0,1579392000000
tank_0337,0.0,1579392000000
tank_0338,0.0,1579392000000
tank_0339,39.89019607843137,1579392000000
tank_0342,0.3176470588235294,1579392000000
tank_0345,0.0,1579392000000
tank_0346,1.3725490196078431,1579392000000
tank_0349,31.0,1579392000000
tank_0350,0.0,1579392000000
tank_0353,105.47843137254903,1579392000000
tank_0356,0.0,1579392000000
tank_0360,7.0,1579392000000
tank_0361,18.968627450980392,1579392000000
tank_0362,0.0,1579392000000
tank_0364,0.7019607843137255,1579392000000
tank_0366,10.109803921568627,1579392000000
tank_0369,0.0,1579392000000
tank_0375,0.0,1579392000000
tank_0379,28.239215686274516,1579392000000
tank_0381,0.0,1579392000000
tank_0386,0.0,1579392000000
tank_0390,0.0,1579392000000
tank_0397,0.0,1579392000000
tank_0399,0.0,1579392000000
tank_0404,17.56078431372549,1579392000000
tank_0409,0.0,1579392000000
tank_0420,0.0,1579392000000
tank_0425,0.0,1579392000000
tank_0431,0.0,1579392000000
tank_0432,1.7176470588235295,1579392000000
tank_0435,0.0,1579392000000
tank_0436,0.0,1579392000000
tank_0438,0.0,1579392000000
tank_0443,0.0,1579392000000
tank_0444,74.0,1579392000000
tank_0447,41.62745098039216,1579392000000
tank_0448,18.980392156862745,1579392000000
tank_0449,0.0,1579392000000
tank_0455,10.227450980392156,1579392000000
tank_0460,0.0,1579392000000
tank_0462,172.0,1579392000000
tank_0466,3.9176470588235293,1579392000000
tank_0471,0.0,1579392000000
tank_0473,0.0,1579392000000
tank_0474,8.823529411764705,1579392000000
tank_0481,24.890196078431373,1579392000000
tank_0485,0.0,1579392000000
tank_0489,0.0,1579392000000
tank_0491,0.0,1579392000000
tank_0494,4.0,1579392000000
tank_0497,0.0,1579392000000
tank_0498,0.0,1579392000000
tank_0502,0.0,1579392000000
tank_0505,0.0,1579392000000
tank_0509,1.3137254901960784,1579392000000
tank_0512,45.0,1579392000000
tank_0514,0.0,1579392000000
tank_0515,1.0,1579392000000
tank_0521,6.0,1579392000000
tank_0524,0.0,1579392000000
tank_0526,50.0,1579392000000
tank_0533,0.0,1579392000000
tank_0534,3.0,1579392000000
tank_0536,0.0,1579392000000
tank_0537,0.0,1579392000000
tank_0541,0.3137254901960784,1579392000000
tank_0547,0.0,1579392000000
tank_0552,1.9411764705882353,1579392000000
tank_0555,0.0,1579392000000
tank_0556,0.0,1579392000000
tank_0557,9.749019607843136,1579392000000
tank_0560,0.0,1579392000000
tank_0561,0.0,1579392000000
tank_0566,0.0,1579392000000
tank_0567,0.0,1579392000000
tank_0568,1.6352941176470588,1579392000000
tank_0574,0.0,1579392000000
tank_0579,6.0,1579392000000
tank_0583,64.0,1579392000000
tank_0587,0.0,1579392000000
tank_0589,0.0,1579392000000
tank_0590,0.0,1579392000000
tank_0592,0.0,1579392000000
tank_0593,0.0,1579392000000
tank_0595,0.0,1579392000000
tank_0600,0.0,1579392000000
tank_0604,2.3098039215686272,1579392000000
tank_0606,1.0,1579392000000
tank_0607,6.984313725490196,1579392000000
tank_0608,564.0,1579392000000
tank_0610,0.0,1579392000000
tank_0611,5.988235294117647,1579392000000
tank_0612,2.0,1579392000000
tank_0613,3.0,1579392000000
tank_0619,3.0,1579392000000
tank_0626,0.0,1579392000000
tank_0627,0.0,1579392000000
tank_0628,1.192156862745098,1579392000000
tank_0632,0.0,1579392000000
tank_0633,0.0,1579392000000
tank_0639,0.0,1579392000000
tank_0640,0.0,1579392000000
tank_0641,3.0,1579392000000
tank_0643,8.325490196078432,1579392000000
tank_0646,0.0,1579392000000
tank_0663,0.0,1579392000000
tank_0664,0.0,1579392000000
tank_0666,0.0,1579392000000
tank_0667,1.8039215686274508,1579392000000
tank_0670,0.0,1579392000000
tank_0675,0.0,1579392000000
tank_0676,491.0,1579392000000
tank_0678,9.313725490196079,1579392000000
tank_0681,0.0,1579392000000
tank_0687,0.0,1579392000000
tank_0688,0.0,1579392000000
tank_0697,2.0,1579392000000
tank_0720,24.67843137254902,1579392000000
tank_0722,0.0,1579392000000
tank_0724,0.0,1579392000000
tank_0725,0.0,1579392000000
tank_0728,0.0,1579392000000
tank_0730,0.0,1579392000000
tank_0731,0.0,1579392000000
tank_0732,0.0,1579392000000
tank_0737,408.0,1579392000000
tank_0739,1.5529411764705883,1579392000000
tank_0740,30.419607843137253,1579392000000
tank_0746,0.0,1579392000000
tank_0748,0.0,1579392000000
tank_0749,0.0,1579392000000
tank_0752,1.0,1579392000000
tank_0760,3.0,1579392000000
tank_0770,0.0,1579392000000
tank_0772,0.0,1579392000000
tank_0788,0.0,1579392000000
tank_0789,0.0,1579392000000
tank_0792,98.15294117647058,1579392000000
tank_0797,0.0,1579392000000
tank_0800,42.0,1579392000000
tank_0802,0.0,1579392000000
tank_0803,3.2745098039215685,1579392000000
tank_0808,19.84313725490196,1579392000000
tank_0810,0.0,1579392000000
tank_0811,9.0,1579392000000
tank_0812,0.0,1579392000000
tank_0813,5.329411764705882,1579392000000
tank_0816,1.0,1579392000000
tank_0819,0.0,1579392000000
tank_0823,0.0,1579392000000
tank_0824,236.0,1579392000000
tank_0825,0.0,1579392000000
tank_0828,0.0,1579392000000
tank_0829,61.58039215686274,1579392000000
tank_0830,0.0,1579392000000
tank_0831,3.7058823529411766,1579392000000
tank_0844,0.0,1579392000000
tank_0852,16.749019607843138,1579392000000
tank_0855,55.0,1579392000000
tank_0856,1015.0,1579392000000
tank_0860,13.760784313725491,1579392000000
tank_0861,0.0,1579392000000
tank_0872,0.0,1579392000000
tank_0875,56.0,1579392000000
tank_0879,0.0,1579392000000
tank_0885,0.0,1579392000000
tank_0891,0.0,1579392000000
tank_0894,691.0,1579392000000
tank_0898,535.0,1579392000000
tank_0900,8.0,1579392000000
tank_0901,110.18039215686274,1579392000000
tank_0902,86.0,1579392000000
tank_0914,0.0,1579392000000
tank_0917,580.0,1579392000000
tank_0919,0.0,1579392000000
tank_0920,45.0,1579392000000
tank_0922,27.0,1579392000000
tank_0923,4.4941176470588236,1579392000000
tank_0924,6.0,1579392000000
tank_0926,9.0,1579392000000
tank_0927,3.0392156862745097,1579392000000
tank_0928,0.0,1579392000000
tank_0930,24.0,1579392000000
tank_0931,0.0,1579392000000
tank_0933,3.462745098039216,1579392000000
tank_0934,0.0,1579392000000
tank_0937,0.0,1579392000000
tank_0938,0.6235294117647059,1579392000000
tank_0939,0.0,1579392000000
tank_0944,114.9921568627451,1579392000000
tank_0946,0.0,1579392000000
tank_0952,0.0,1579392000000
tank_0958,0.0,1579392000000
tank_0962,1015.0,1579392000000
tank_0967,0.7490196078431373,1579392000000
tank_0975,0.0,1579392000000
tank_0978,79.41960784313726,1579392000000
tank_0990,0.0,1579392000000
tank_0991,0.0,1579392000000
tank_0998,0.0,1579392000000
tank_0999,0.0,1579392000000
tank_1003,657.0,1579392000000
tank_1004,2.0,1579392000000
tank_1014,55.0,1579392000000
tank_1026,133.0,1579392000000
tank_1031,20.772549019607844,1579392000000
tank_1032,7.0,1579392000000
tank_1034,0.0,1579392000000
tank_1042,38.7921568627451,1579392000000
tank_1045,2.0,1579392000000
tank_1049,95.0,1579392000000
tank_1055,7.752941176470588,1579392000000
tank_1061,1.0,1579392000000
tank_1062,0.0,1579392000000
tank_1064,2.9686274509803923,1579392000000
tank_1065,3.8784313725490196,1579392000000
tank_1066,3.2509803921568627,1579392000000
tank_1070,0.0,1579392000000
tank_1073,47.0,1579392000000
tank_1083,201.0,1579392000000
tank_1086,12.0,1579392000000
tank_1088,8.317647058823528,1579392000000
tank_1089,20.0,1579392000000
tank_1090,8.0,1579392000000
tank_1091,0.0,1579392000000
tank_1094,866.0,1579392000000
tank_1095,20.023529411764706,1579392000000
tank_1104,0.0,1579392000000
tank_1113,46.0,1579392000000
tank_1116,17.0,1579392000000
tank_1117,0.0,1579392000000
tank_1120,316.09411764705885,1579392000000
tank_1121,358.21568627450984,1579392000000
tank_1124,0.0,1579392000000
tank_1128,0.0,1579392000000
tank_1134,0.45098039215686275,1579392000000
tank_1135,0.0,1579392000000
tank_1146,0.0,1579392000000
tank_1149,0.0,1579392000000
tank_1156,0.0,1579392000000
tank_1157,16.486274509803923,1579392000000
tank_1159,237.0,1579392000000
tank_1160,476.0,1579392000000
tank_1166,0.0,1579392000000
tank_1170,14.454901960784312,1579392000000
tank_1175,0.0,1579392000000
tank_1177,0.0,1579392000000
tank_1179,0.0784313725490196,1579392000000
tank_1181,152.66666666666669,1579392000000
tank_1186,0.0,1579392000000
tank_1187,0.0,1579392000000
tank_1190,7.0,1579392000000
tank_1192,0.0,1579392000000
tank_1196,0.0,1579392000000
tank_1197,1603.0,1579392000000
tank_1201,0.0,1579392000000
tank_1203,1.5294117647058822,1579392000000
tank_1205,0.0,1579392000000
tank_1209,785.0,1579392000000
tank_1217,6.109803921568627,1579392000000
tank_1223,0.0,1579392000000
tank_1226,0.0,1579392000000
tank_1228,0.0,1579392000000
tank_1230,0.0,1579392000000
tank_1237,0.0,1579392000000
tank_1239,645.6549019607843,1579392000000
tank_1245,0.0,1579392000000
tank_1246,0.0,1579392000000
tank_1250,0.0,1579392000000
tank_1254,1316.0,1579392000000
tank_1255,4.47843137254902,1579392000000
tank_1258,35.0,1579392000000
tank_1261,0.0,1579392000000
tank_1262,1.4509803921568627,1579392000000
tank_1263,0.0,1579392000000
tank_1265,0.0,1579392000000
tank_1270,0.0,1579392000000
tank_1272,0.0,1579392000000
tank_1275,0.0,1579392000000
tank_1276,34.0,1579392000000
tank_1279,0.0,1579392000000
tank_1280,0.0,1579392000000
tank_1284,0.0,1579392000000
tank_1285,0.0,1579392000000
tank_1286,0.0,1579392000000
tank_1290,0.0,1579392000000
tank_1291,0.0,1579392000000
tank_1293,0.0,1579392000000
tank_1295,0.0,1579392000000
tank_1297,0.0,1579392000000
tank_1301,22.0,1579392000000
tank_1302,13.0,1579392000000
tank_1304,0.0,1579392000000
tank_1305,0.0,1579392000000
tank_1313,129.0,1579392000000
tank_1322,0.0,1579392000000
tank_1325,0.0,1579392000000
tank_1326,0.0,1579392000000
tank_1344,4.0,1579392000000
tank_1346,0.0,1579392000000
tank_1349,0.0,1579392000000
tank_1353,442.5098039215686,1579392000000
tank_1358,0.0,1579392000000
tank_1359,0.0,1579392000000
tank_1361,440.0,1579392000000
tank_1364,972.0,1579392000000
tank_1365,78.94117647058823,1579392000000
tank_1372,0.0,1579392000000
tank_1374,345.19607843137254,1579392000000
tank_1378,497.0,1579392000000
tank_1380,5.0,1579392000000
tank_1386,60.0,1579392000000
tank_1391,8.0,1579392000000
tank_1393,20.63921568627451,1579392000000
tank_1396,0.0,1579392000000
tank_1397,0.0,1579392000000
tank_1403,0.0,1579392000000
tank_1409,2.0,1579392000000
tank_1412,0.0,1579392000000
tank_1415,0.0,1579392000000
tank_1416,0.0,1579392000000
tank_1421,222.79999999999998,1579392000000
tank_1422,0.0,1579392000000
tank_1425,473.8509803921569,1579392000000
tank_1426,0.0,1579392000000
tank_1430,0.0,1579392000000
tank_1433,255.0,1579392000000
tank_1438,0.0,1579392000000
tank_1439,1.0,1579392000000
tank_1441,0.0,1579392000000
tank_1443,2.203921568627451,1579392000000
tank_1445,4.0,1579392000000
tank_1446,0.0,1579392000000
tank_1450,0.0,1579392000000
tank_1452,0.0,1579392000000
tank_1456,0.0,1579392000000
tank_1466,0.0,1579392000000
tank_1471,0.0,1579392000000
tank_1475,488.0,1579392000000
tank_1486,1408.0,1579392000000
tank_1488,0.0,1579392000000
tank_1491,0.0,1579392000000
tank_1500,0.0,1579392000000
tank_1505,39.0,1579392000000
tank_1513,890.0,1579392000000
tank_1531,62.0,1579392000000
tank_1536,0.0,1579392000000
tank_1539,284.0,1579392000000
tank_1541,27.0,1579392000000
tank_1542,0.0,1579392000000
tank_1547,1.0,1579392000000
tank_1563,4.0,1579392000000
tank_1564,0.0,1579392000000
tank_1565,500.9921568627451,1579392000000
tank_1567,0.0,1579392000000
tank_1568,0.0,1579392000000
tank_1573,0.0,1579392000000
tank_1583,0.0,1579392000000
tank_1587,895.964705882353,1579392000000
tank_1588,0.0,1579392000000
tank_1592,0.0,1579392000000
tank_1594,34.0,1579392000000
tank_1595,0.0,1579392000000
tank_1597,9.0,1579392000000
tank_1598,0.0,1579392000000
tank_1600,0.16862745098039217,1579392000000
tank_1604,0.0,1579392000000
tank_0002,0.0,1580428800000
tank_0004,0.0,1580428800000
tank_0005,0.0,1580428800000
tank_0011,0.0,1580428800000
tank_0014,0.0,1580428800000
tank_0019,0.0,1580428800000
tank_0024,7.047058823529412,1580428800000
tank_0025,0.0,1580428800000
tank_0026,0.0,1580428800000
tank_0027,0.0,1580428800000
tank_0030,6.909803921568628,1580428800000
tank_0031,6.0,1580428800000
tank_0036,3.5725490196078433,1580428800000
tank_0037,0.0,1580428800000
tank_0038,6.945098039215687,1580428800000
tank_0050,1.8823529411764706,1580428800000
tank_0051,0.0,1580428800000
tank_0052,0.0,1580428800000
tank_0053,61.51372549019609,1580428800000
tank_0055,0.0,1580428800000
tank_0057,3.0,1580428800000
tank_0058,0.0,1580428800000
tank_0064,34.19999999999999,1580428800000
tank_0069,3.1098039215686275,1580428800000
tank_0072,0.0,1580428800000
tank_0073,0.0,1580428800000
tank_0080,16.0,1580428800000
tank_0094,0.9176470588235294,1580428800000
tank_0107,6.0,1580428800000
tank_0110,16.0,1580428800000
tank_0113,43.37647058823529,1580428800000
tank_0115,3.0,1580428800000
tank_0116,2.0,1580428800000
tank_0117,102.0,1580428800000
tank_0118,0.0,1580428800000
tank_0122,0.0,1580428800000
tank_0125,14.44313725490196,1580428800000
tank_0130,4.231372549019608,1580428800000
tank_0131,0.0,1580428800000
tank_0132,0.0,1580428800000
tank_0134,3.1333333333333333,1580428800000
tank_0135,2.0,1580428800000
tank_0142,0.0,1580428800000
tank_0143,0.0,1580428800000
tank_0144,0.0,1580428800000
tank_0148,6.0,1580428800000
tank_0153,12.0,1580428800000
tank_0156,95.16470588235296,1580428800000
tank_0159,3.0274509803921568,1580428800000
tank_0165,3.0,1580428800000
tank_0171,0.0,1580428800000
tank_0172,0.0,1580428800000
tank_0174,14.486274509803922,1580428800000
tank_0176,4.172549019607843,1580428800000
tank_0184,1.0,1580428800000
tank_0187,0.0,1580428800000
tank_0190,1.6784313725490196,1580428800000
tank_0192,0.0,1580428800000
tank_0193,0.0,1580428800000
tank_0195,45.121568627450976,1580428800000
tank_0199,1.1803921568627451,1580428800000
tank_0204,0.0,1580428800000
tank_0205,5.976470588235295,1580428800000
tank_0207,0.0,1580428800000
tank_0209,0.2,1580428800000
tank_0213,17.0,1580428800000
tank_0217,0.0,1580428800000
tank_0220,1.0,1580428800000
tank_0221,29.01960784313726,1580428800000
tank_0225,0.0,1580428800000
tank_0226,5.0,1580428800000
tank_0228,0.0,1580428800000
tank_0229,6.9411764705882355,1580428800000
tank_0231,0.0,1580428800000
tank_0233,2.0,1580428800000
tank_0236,0.0,1580428800000
tank_0237,2.8666666666666667,1580428800000
tank_0240,0.0,1580428800000
tank_0242,0.0,1580428800000
tank_0245,0.0,1580428800000
tank_0247,47.0,1580428800000
tank_0256,1.1294117647058823,1580428800000
tank_0257,0.0,1580428800000
tank_0260,4.972549019607843,1580428800000
tank_0261,5.407843137254902,1580428800000
tank_0264,0.0,1580428800000
tank_0273,5.0,1580428800000
tank_0276,0.0,1580428800000
tank_0278,1.9372549019607843,1580428800000
tank_0280,0.0,1580428800000
tank_0291,1.0,1580428800000
tank_0292,5.568627450980392,1580428800000
tank_0296,0.0,1580428800000
tank_0297,3.0,1580428800000
tank_0299,4.4980392156862745,1580428800000
tank_0300,19.054901960784314,1580428800000
tank_0301,15.04313725490196,1580428800000
tank_0307,0.0,1580428800000
tank_0309,0.0,1580428800000
tank_0313,0.0,1580428800000
tank_0314,3.0,1580428800000
tank_0319,0.0,1580428800000
tank_0321,6.0627450980392155,1580428800000
tank_0327,0.0,1580428800000
tank_0337,0.0,1580428800000
tank_0338,8.223529411764705,1580428800000
tank_0339,29.30588235294118,1580428800000
tank_0342,0.33725490196078434,1580428800000
tank_0345,0.0,1580428800000
tank_0346,0.0,1580428800000
tank_0349,8.0,1580428800000
tank_0350,0.0,1580428800000
tank_0353,73.21568627450979,1580428800000
tank_0356,0.0,1580428800000
tank_0360,0.0,1580428800000
tank_0361,22.062745098039215,1580428800000
tank_0362,0.0,1580428800000
tank_0364,2.7137254901960786,1580428800000
tank_0366,9.20392156862745,1580428800000
tank_0369,0.0,1580428800000
tank_0375,0.0,1580428800000
tank_0379,20.46666666666667,1580428800000
tank_0381,0.0,1580428800000
tank_0386,0.0,1580428800000
tank_0390,0.0,1580428800000
tank_0397,0.011764705882352941,1580428800000
tank_0399,0.0,1580428800000
tank_0404,4.0,1580428800000
tank_0409,0.0,1580428800000
tank_0420,0.0,1580428800000
tank_0425,0.0,1580428800000
tank_0431,0.0,1580428800000
tank_0432,0.8745098039215686,1580428800000
tank_0435,0.0,1580428800000
tank_0436,0.0,1580428800000
tank_0438,0.0,1580428800000
tank_0443,0.0,1580428800000
tank_0444,44.0,1580428800000
tank_0447,42.423529411764704,1580428800000
tank_0448,2.0,1580428800000
tank_0449,0.0,1580428800000
tank_0455,6.572549019607843,1580428800000
tank_0460,0.0,1580428800000
tank_0462,166.0,1580428800000
tank_0466,0.0,1580428800000
tank_0471,0.0,1580428800000
tank_0473,0.0,1580428800000
tank_0474,11.372549019607844,1580428800000
tank_0481,26.019607843137255,1580428800000
tank_0485,0.0,1580428800000
tank_0489,0.0,1580428800000
tank_0491,0.0,1580428800000
tank_0494,1.0,1580428800000
tank_0497,0.0,1580428800000
tank_0498,1.0274509803921568,1580428800000
tank_0502,0.0,1580428800000
tank_0505,0.0,1580428800000
tank_0509,0.0,1580428800000
tank_0512,5.0,1580428800000
tank_0514,0.0,1580428800000
tank_0515,2.0,1580428800000
tank_0521,0.0,1580428800000
tank_0524,0.0,1580428800000
tank_0526,28.0,1580428800000
tank_0533,0.0,1580428800000
tank_0534,0.0,1580428800000
tank_0536,0.0,1580428800000
tank_0537,0.0,1580428800000
tank_0541,1.611764705882353,1580428800000
tank_0547,0.0,1580428800000
tank_0552,0.0,1580428800000
tank_0555,0.0,1580428800000
tank_0556,0.0,1580428800000
tank_0557,3.7529411764705882,1580428800000
tank_0560,0.0,1580428800000
tank_0561,3.0666666666666664,1580428800000
tank_0566,0.0,1580428800000
tank_0567,0.0,1580428800000
tank_0568,6.109803921568628,1580428800000
tank_0574,0.0,1580428800000
tank_0579,0.0,1580428800000
tank_0583,49.0,1580428800000
tank_0587,3.23921568627451,1580428800000
tank_0589,0.0,1580428800000
tank_0590,10.0,1580428800000
tank_0592,0.0,1580428800000
tank_0593,0.0,1580428800000
tank_0595,0.0,1580428800000
tank_0600,3.0,1580428800000
tank_0604,8.035294117647059,1580428800000
tank_0606,9.0,1580428800000
tank_0607,0.0,1580428800000
tank_0608,548.0,1580428800000
tank_0610,0.0,1580428800000
tank_0611,0.0,1580428800000
tank_0612,5.729411764705882,1580428800000
tank_0613,0.0,1580428800000
tank_0619,0.0,1580428800000
tank_0626,4.701960784313726,1580428800000
tank_0627,0.0,1580428800000
tank_0628,0.0,1580428800000
tank_0632,0.0,1580428800000
tank_0633,0.0,1580428800000
tank_0639,5.580392156862745,1580428800000
tank_0640,0.0,1580428800000
tank_0641,3.4,1580428800000
tank_0643,14.501960784313725,1580428800000
tank_0646,0.0,1580428800000
tank_0663,1.0,1580428800000
tank_0664,0.0,1580428800000
tank_0666,0.0,1580428800000
tank_0667,0.0,1580428800000
tank_0670,0.0,1580428800000
tank_0675,0.0,1580428800000
tank_0676,456.0,1580428800000
tank_0678,8.768627450980393,1580428800000
tank_0681,0.0,1580428800000
tank_0687,0.0,1580428800000
tank_0688,0.0,1580428800000
tank_0697,1.0666666666666667,1580428800000
tank_0720,24.69019607843137,1580428800000
tank_0722,0.0,1580428800000
tank_0724,1.0,1580428800000
tank_0725,0.0,1580428800000
tank_0728,0.0,1580428800000
tank_0730,0.12549019607843137,1580428800000
tank_0731,0.0,1580428800000
tank_0732,0.0,1580428800000
tank_0737,273.0,1580428800000
tank_0739,0.0,1580428800000
tank_0740,31.61176470588235,1580428800000
tank_0746,2.0,1580428800000
tank_0748,0.0,1580428800000
tank_0749,0.6078431372549019,1580428800000
tank_0752,2.0,1580428800000
tank_0760,0.0,1580428800000
tank_0770,0.0,1580428800000
tank_0772,0.0,1580428800000
tank_0788,0.0,1580428800000
tank_0789,0.0,1580428800000
tank_0792,128.50588235294117,1580428800000
tank_0797,0.0,1580428800000
tank_0800,34.0,1580428800000
tank_0802,4.184313725490196,1580428800000
tank_0803,5.772549019607843,1580428800000
tank_0808,2.8588235294117643,1580428800000
tank_0810,0.0,1580428800000
tank_0811,13.780392156862746,1580428800000
tank_0812,0.0,1580428800000
tank_0813,3.0,1580428800000
tank_0816,0.0,1580428800000
tank_0819,0.0,1580428800000
tank_0823,0.0,1580428800000
tank_0824,155.0,1580428800000
tank_0825,0.0,1580428800000
tank_0828,0.0,1580428800000
tank_0829,58.984313725490196,1580428800000
tank_0830,0.0,1580428800000
tank_0831,10.898039215686275,1580428800000
tank_0844,0.0,1580428800000
tank_0852,14.92156862745098,1580428800000
tank_0855,54.0,1580428800000
tank_0856,483.0,1580428800000
tank_0860,2.0,1580428800000
tank_0861,0.0,1580428800000
tank_0872,0.0,1580428800000
tank_0875,29.0,1580428800000
tank_0879,0.0,1580428800000
tank_0885,0.0,1580428800000
tank_0891,0.0,1580428800000
tank_0894,850.0,1580428800000
tank_0898,275.0,1580428800000
tank_0900,2.8901960784313725,1580428800000
tank_0901,62.51372549019608,1580428800000
tank_0902,74.0,1580428800000
tank_0914,0.0,1580428800000
tank_0917,570.0,1580428800000
tank_0919,7.847058823529412,1580428800000
tank_0920,36.46666666666667,1580428800000
tank_0922,105.0,1580428800000
tank_0923,0.0,1580428800000
tank_0924,3.3098039215686272,1580428800000
tank_0926,0.0,1580428800000
tank_0927,0.12549019607843137,1580428800000
tank_0928,0.0,1580428800000
tank_0930,0.0,1580428800000
tank_0931,0.0,1580428800000
tank_0933,0.0,1580428800000
tank_0934,0.0,1580428800000
tank_0937,0.0,1580428800000
tank_0938,0.0,1580428800000
tank_0939,0.0,1580428800000
tank_0944,107.0,1580428800000
tank_0946,1.0,1580428800000
tank_0952,0.0,1580428800000
tank_0958,0.0,1580428800000
tank_0962,1024.0,1580428800000
tank_0967,1.0901960784313727,1580428800000
tank_0975,0.0,1580428800000
tank_0978,1.0,1580428800000
tank_0990,0.0,1580428800000
tank_0991,0.0,1580428800000
tank_0998,0.0,1580428800000
tank_0999,0.0,1580428800000
tank_1003,496.0,1580428800000
tank_1004,3.792156862745098,1580428800000
tank_1014,33.0,1580428800000
tank_1026,131.0,1580428800000
tank_1031,19.772549019607844,1580428800000
tank_1032,0.0,1580428800000
tank_1034,0.0,1580428800000
tank_1042,32.85490196078432,1580428800000
tank_1045,0.0,1580428800000
tank_1049,87.0,1580428800000
tank_1055,0.14901960784313725,1580428800000
tank_1061,0.0,1580428800000
tank_1062,0.25098039215686274,1580428800000
tank_1064,1.0,1580428800000
tank_1065,1.772549019607843,1580428800000
tank_1066,32.84313725490196,1580428800000
tank_1070,0.0,1580428800000
tank_1073,47.0,1580428800000
tank_1083,245.0,1580428800000
tank_1086,12.0,1580428800000
tank_1088,9.945098039215686,1580428800000
tank_1089,20.0,1580428800000
tank_1090,6.0,1580428800000
tank_1091,0.0,1580428800000
tank_1094,933.0,1580428800000
tank_1095,0.7490196078431373,1580428800000
tank_1104,0.0,1580428800000
tank_1113,44.984313725490196,1580428800000
tank_1116,10.952941176470588,1580428800000
tank_1117,0.0,1580428800000
tank_1120,274.6313725490196,1580428800000
tank_1121,305.88627450980397,1580428800000
tank_1124,0.0,1580428800000
tank_1128,0.0,1580428800000
tank_1134,0.0,1580428800000
tank_1135,0.0,1580428800000
tank_1146,0.0,1580428800000
tank_1149,0.0,1580428800000
tank_1156,0.0,1580428800000
tank_1157,8.96470588235294,1580428800000
tank_1159,224.0,1580428800000
tank_1160,325.0,1580428800000
tank_1166,0.0,1580428800000
tank_1170,29.60392156862745,1580428800000
tank_1175,0.0,1580428800000
tank_1177,0.0,1580428800000
tank_1179,5.964705882352941,1580428800000
tank_1181,158.94117647058823,1580428800000
tank_1186,0.0,1580428800000
tank_1187,3.0509803921568626,1580428800000
tank_1190,2.0,1580428800000
tank_1192,0.0,1580428800000
tank_1196,9.427450980392157,1580428800000
tank_1197,1613.0,1580428800000
tank_1201,0.0,1580428800000
tank_1203,25.854901960784314,1580428800000
tank_1205,0.0,1580428800000
tank_1209,770.0,1580428800000
tank_1217,0.0,1580428800000
tank_1223,0.0,1580428800000
tank_1226,0.0,1580428800000
tank_1228,0.0,1580428800000
tank_1230,0.0,1580428800000
tank_1237,0.0,1580428800000
tank_1239,639.9254901960785,1580428800000
tank_1245,1.0156862745098039,1580428800000
tank_1246,0.0,1580428800000
tank_1250,0.0,1580428800000
tank_1254,1275.0,1580428800000
tank_1255,3.0,1580428800000
tank_1258,31.0,1580428800000
tank_1261,0.0,1580428800000
tank_1262,0.0,1580428800000
tank_1263,0.0,1580428800000
tank_1265,0.0,1580428800000
tank_1270,0.0,1580428800000
tank_1272,0.0,1580428800000
tank_1275,2.8627450980392157,1580428800000
tank_1276,23.0,1580428800000
tank_1279,0.0,1580428800000
tank_1280,1.2823529411764705,1580428800000
tank_1284,0.0,1580428800000
tank_1285,0.0,1580428800000
tank_1286,0.0,1580428800000
tank_1290,0.0,1580428800000
tank_1291,0.0,1580428800000
tank_1293,0.0,1580428800000
tank_1295,1.5137254901960786,1580428800000
tank_1297,0.0,1580428800000
tank_1301,7.0,1580428800000
tank_1302,10.0,1580428800000
tank_1304,1.3725490196078431,1580428800000
tank_1305,0.8,1580428800000
tank_1313,108.0,1580428800000
tank_1322,0.0,1580428800000
tank_1325,0.0,1580428800000
tank_1326,0.0,1580428800000
tank_1344,2.0,1580428800000
tank_1346,0.0,1580428800000
tank_1349,0.0,1580428800000
tank_1353,425.0,1580428800000
tank_1358,0.0,1580428800000
tank_1359,4.105882352941176,1580428800000
tank_1361,309.0,1580428800000
tank_1364,988.0,1580428800000
tank_1365,40.0,1580428800000
tank_1372,0.0,1580428800000
tank_1374,325.921568627451,1580428800000
tank_1378,440.85490196078433,1580428800000
tank_1380,0.0,1580428800000
tank_1386,36.0,1580428800000
tank_1391,0.0,1580428800000
tank_1393,13.0,1580428800000
tank_1396,0.0,1580428800000
tank_1397,0.0,1580428800000
tank_1403,0.0,1580428800000
tank_1409,0.0,1580428800000
tank_1412,0.0,1580428800000
tank_1415,6.784313725490196,1580428800000
tank_1416,0.0,1580428800000
tank_1421,177.03529411764706,1580428800000
tank_1422,0.0,1580428800000
tank_1425,478.0,1580428800000
tank_1426,0.0,1580428800000
tank_1430,0.0,1580428800000
tank_1433,184.0,1580428800000
tank_1438,1.0,1580428800000
tank_1439,0.0,1580428800000
tank_1441,0.0,1580428800000
tank_1443,0.0,1580428800000
tank_1445,1.0,1580428800000
tank_1446,0.0,1580428800000
tank_1450,0.0,1580428800000
tank_1452,0.0,1580428800000
tank_1456,0.0,1580428800000
tank_1466,0.0,1580428800000
tank_1471,0.0,1580428800000
tank_1475,252.0,1580428800000
tank_1486,671.0,1580428800000
tank_1488,0.0,1580428800000
tank_1491,0.0,1580428800000
tank_1500,0.0,1580428800000
tank_1505,28.0,1580428800000
tank_1513,282.0,1580428800000
tank_1531,32.0,1580428800000
tank_1536,0.0,1580428800000
tank_1539,310.0,1580428800000
tank_1541,18.0,1580428800000
tank_1542,0.0,1580428800000
tank_1547,0.0,1580428800000
tank_1563,2.0,1580428800000
tank_1564,0.0,1580428800000
tank_1565,509.9294117647059,1580428800000
tank_1567,0.0,1580428800000
tank_1568,0.0,1580428800000
tank_1573,0.0,1580428800000
tank_1583,11.0,1580428800000
tank_1587,597.0,1580428800000
tank_1588,0.0,1580428800000
tank_1592,0.0,1580428800000
tank_1594,41.0,1580428800000
tank_1595,0.0,1580428800000
tank_1597,9.0,1580428800000
tank_1598,0.0,1580428800000
tank_1600,3.168627450980392,1580428800000
tank_1604,0.0,1580428800000
tank_0002,0.3607843137254902,1581465600000
tank_0004,0.0,1581465600000
tank_0005,0.0,1581465600000
tank_0011,0.0,1581465600000
tank_0014,0.0,1581465600000
tank_0019,3.619607843137255,1581465600000
tank_0024,1.388235294117647,1581465600000
tank_0025,0.0,1581465600000
tank_0026,8.0,1581465600000
tank_0027,0.0,1581465600000
tank_0030,1.8274509803921568,1581465600000
tank_0031,4.0,1581465600000
tank_0036,3.0,1581465600000
tank_0037,0.0,1581465600000
tank_0038,13.196078431372548,1581465600000
tank_0050,4.949019607843137,1581465600000
tank_0051,0.0,1581465600000
tank_0052,0.0,1581465600000
tank_0053,67.10980392156864,1581465600000
tank_0055,0.0,1581465600000
tank_0057,14.0,1581465600000
tank_0058,0.6078431372549019,1581465600000
tank_0064,33.83529411764706,1581465600000
tank_0069,2.415686274509804,1581465600000
tank_0072,0.0,1581465600000
tank_0073,0.0,1581465600000
tank_0080,12.0,1581465600000
tank_0094,0.0,1581465600000
tank_0107,3.3411764705882354,1581465600000
tank_0110,20.0,1581465600000
tank_0113,48.99999999999999,1581465600000
tank_0115,1.1254901960784314,1581465600000
tank_0116,0.0,1581465600000
tank_0117,65.0,1581465600000
tank_0118,0.0,1581465600000
tank_0122,0.0,1581465600000
tank_0125,9.670588235294117,1581465600000
tank_0130,9.0,1581465600000
tank_0131,0.0,1581465600000
tank_0132,0.0,1581465600000
tank_0134,1.0,1581465600000
tank_0135,8.0,1581465600000
tank_0142,0.0,1581465600000
tank_0143,0.0,1581465600000
tank_0144,0.27058823529411763,1581465600000
tank_0148,10.211764705882352,1581465600000
tank_0153,5.0,1581465600000
tank_0156,99.68627450980392,1581465600000
tank_0159,11.498039215686273,1581465600000
tank_0165,0.0,1581465600000
tank_0171,0.0,1581465600000
tank_0172,2.56078431372549,1581465600000
tank_0174,13.819607843137256,1581465600000
tank_0176,5.392156862745098,1581465600000
tank_0184,0.0,1581465600000
tank_0187,0.0,1581465600000
tank_0190,3.764705882352941,1581465600000
tank_0192,2.0,1581465600000
tank_0193,0.0,1581465600000
tank_0195,51.95686274509803,1581465600000
tank_0199,10.941176470588236,1581465600000
tank_0204,0.0,1581465600000
tank_0205,15.337254901960785,1581465600000
tank_0207,0.0,1581465600000
tank_0209,0.07450980392156863,1581465600000
tank_0213,12.886274509803922,1581465600000
tank_0217,0.0,1581465600000
tank_0220,0.0,1581465600000
tank_0221,21.76078431372549,1581465600000
tank_0225,0.0,1581465600000
tank_0226,2.0784313725490198,1581465600000
tank_0228,0.0,1581465600000
tank_0229,0.0,1581465600000
tank_0231,0.4,1581465600000
tank_0233,0.0,1581465600000
tank_0236,0.0,1581465600000
tank_0237,6.925490196078432,1581465600000
tank_0240,0.11764705882352941,1581465600000
tank_0242,0.0,1581465600000
tank_0245,0.0,1581465600000
tank_0247,41.0,1581465600000
tank_0256,4.749019607843137,1581465600000
tank_0257,0.0,1581465600000
tank_0260,1.6274509803921569,1581465600000
tank_0261,4.0,1581465600000
tank_0264,0.0,1581465600000
tank_0273,4.0,1581465600000
tank_0276,0.0,1581465600000
tank_0278,0.9372549019607843,1581465600000
tank_0280,0.0,1581465600000
tank_0291,0.0,1581465600000
tank_0292,6.741176470588234,1581465600000
tank_0296,0.0,1581465600000
tank_0297,15.980392156862745,1581465600000
tank_0299,7.121568627450981,1581465600000
tank_0300,15.792156862745097,1581465600000
tank_0301,7.082352941176471,1581465600000
tank_0307,0.0,1581465600000
tank_0309,0.0,1581465600000
tank_0313,0.0,1581465600000
tank_0314,2.0,1581465600000
tank_0319,0.0,1581465600000
tank_0321,7.0627450980392155,1581465600000
tank_0327,0.0,1581465600000
tank_0337,0.0,1581465600000
tank_0338,4.482352941176471,1581465600000
tank_0339,19.721568627450978,1581465600000
tank_0342,8.341176470588236,1581465600000
tank_0345,0.0,1581465600000
tank_0346,0.0,1581465600000
tank_0349,6.0,1581465600000
tank_0350,0.0,1581465600000
tank_0353,66.98823529411766,1581465600000
tank_0356,0.0,1581465600000
tank_0360,0.0,1581465600000
tank_0361,13.815686274509805,1581465600000
tank_0362,0.0,1581465600000
tank_0364,1.2627450980392156,1581465600000
tank_0366,11.270588235294117,1581465600000
tank_0369,0.0,1581465600000
tank_0375,0.0,1581465600000
tank_0379,27.556862745098044,1581465600000
tank_0381,0.0,1581465600000
tank_0386,0.0,1581465600000
tank_0390,0.0,1581465600000
tank_0397,0.0,1581465600000
tank_0399,0.0,1581465600000
tank_0404,1.0,1581465600000
tank_0409,0.0,1581465600000
tank_0420,0.0,1581465600000
tank_0425,0.0,1581465600000
tank_0431,0.0,1581465600000
tank_0432,2.576470588235294,1581465600000
tank_0435,0.0,1581465600000
tank_0436,0.0,1581465600000
tank_0438,0.0,1581465600000
tank_0443,0.0,1581465600000
tank_0444,2.0,1581465600000
tank_0447,68.90588235294118,1581465600000
tank_0448,0.0,1581465600000
tank_0449,0.6235294117647059,1581465600000
tank_0455,11.250980392156862,1581465600000
tank_0460,0.0,1581465600000
tank_0462,74.0,1581465600000
tank_0466,5.458823529411765,1581465600000
tank_0471,0.0,1581465600000
tank_0473,4.0,1581465600000
tank_0474,7.996078431372549,1581465600000
tank_0481,34.792156862745095,1581465600000
tank_0485,0.0,1581465600000
tank_0489,0.0,1581465600000
tank_0491,0.0,1581465600000
tank_0494,0.0,1581465600000
tank_0497,0.8274509803921568,1581465600000
tank_0498,0.5450980392156863,1581465600000
tank_0502,0.0,1581465600000
tank_0505,0.4980392156862745,1581465600000
tank_0509,0.0,1581465600000
tank_0512,41.0,1581465600000
tank_0514,0.0,1581465600000
tank_0515,0.0,1581465600000
tank_0521,0.0,1581465600000
tank_0524,0.0,1581465600000
tank_0526,35.0,1581465600000
tank_0533,0.0,1581465600000
tank_0534,0.0,1581465600000
tank_0536,0.0,1581465600000
tank_0537,0.0,1581465600000
tank_0541,2.0,1581465600000
tank_0547,0.0,1581465600000
tank_0552,0.00784313725490196,1581465600000
tank_0555,0.0,1581465600000
tank_0556,0.0,1581465600000
tank_0557,2.0,1581465600000
tank_0560,0.0,1581465600000
tank_0561,0.08627450980392157,1581465600000
tank_0566,0.0,1581465600000
tank_0567,0.0,1581465600000
tank_0568,12.533333333333335,1581465600000
tank_0574,0.0,1581465600000
tank_0579,0.0,1581465600000
tank_0583,18.0,1581465600000
tank_0587,0.0,1581465600000
tank_0589,0.0,1581465600000
tank_0590,1.0,1581465600000
tank_0592,0.0,1581465600000
tank_0593,1.8941176470588235,1581465600000
tank_0595,0.23137254901960785,1581465600000
tank_0600,3.188235294117647,1581465600000
tank_0604,16.91372549019608,1581465600000
tank_0606,4.0,1581465600000
tank_0607,7.745098039215686,1581465600000
tank_0608,356.0,1581465600000
tank_0610,0.0,1581465600000
tank_0611,0.0,1581465600000
tank_0612,3.4980392156862745,1581465600000
tank_0613,0.0,1581465600000
tank_0619,0.0,1581465600000
tank_0626,0.0,1581465600000
tank_0627,0.0,1581465600000
tank_0628,0.0,1581465600000
tank_0632,2.772549019607843,1581465600000
tank_0633,0.0,1581465600000
tank_0639,1.0,1581465600000
tank_0640,0.0,1581465600000
tank_0641,0.0,1581465600000
tank_0643,25.541176470588237,1581465600000
tank_0646,0.15294117647058825,1581465600000
tank_0663,6.0,1581465600000
tank_0664,0.0,1581465600000
tank_0666,0.0,1581465600000
tank_0667,2.533333333333333,1581465600000
tank_0670,0.0,1581465600000
tank_0675,0.0,1581465600000
tank_0676,462.0,1581465600000
tank_0678,5.6000000000000005,1581465600000
tank_0681,0.0,1581465600000
tank_0687,0.0,1581465600000
tank_0688,0.0,1581465600000
tank_0697,0.0,1581465600000
tank_0720,12.003921568627451,1581465600000
tank_0722,0.10980392156862745,1581465600000
tank_0724,14.372549019607844,1581465600000
tank_0725,0.0,1581465600000
tank_0728,0.0,1581465600000
tank_0730,0.0,1581465600000
tank_0731,0.0,1581465600000
tank_0732,0.0,1581465600000
tank_0737,348.0,1581465600000
tank_0739,0.0,1581465600000
tank_0740,48.35686274509804,1581465600000
tank_0746,0.0,1581465600000
tank_0748,3.8745098039215686,1581465600000
tank_0749,4.258823529411765,1581465600000
tank_0752,0.1607843137254902,1581465600000
tank_0760,0.0,1581465600000
tank_0770,0.0,1581465600000
tank_0772,2.0,1581465600000
tank_0788,0.0,1581465600000
tank_0789,1.9490196078431372,1581465600000
tank_0792,100.89803921568627,1581465600000
tank_0797,0.0,1581465600000
tank_0800,48.0,1581465600000
tank_0802,11.101960784313725,1581465600000
tank_0803,4.0,1581465600000
tank_0808,3.996078431372549,1581465600000
tank_0810,0.0,1581465600000
tank_0811,17.1921568627451,1581465600000
tank_0812,0.0,1581465600000
tank_0813,2.0,1581465600000
tank_0816,1.0,1581465600000
tank_0819,0.0,1581465600000
tank_0823,0.0,1581465600000
tank_0824,109.0,1581465600000
tank_0825,0.0,1581465600000
tank_0828,0.0,1581465600000
tank_0829,59.69803921568628,1581465600000
tank_0830,0.0,1581465600000
tank_0831,17.658823529411762,1581465600000
tank_0844,0.0,1581465600000
tank_0852,3.7490196078431373,1581465600000
tank_0855,47.0,1581465600000
tank_0856,575.0,1581465600000
tank_0860,8.0,1581465600000
tank_0861,0.0,1581465600000
tank_0872,0.0,1581465600000
tank_0875,7.0,1581465600000
tank_0879,0.0,1581465600000
tank_0885,0.0,1581465600000
tank_0891,0.0,1581465600000
tank_0894,363.0,1581465600000
tank_0898,307.0,1581465600000
tank_0900,14.988235294117647,1581465600000
tank_0901,62.88235294117647,1581465600000
tank_0902,50.0,1581465600000
tank_0914,0.0,1581465600000
tank_0917,595.6352941176472,1581465600000
tank_0919,5.0,1581465600000
tank_0920,10.0,1581465600000
tank_0922,84.0,1581465600000
tank_0923,0.0,1581465600000
tank_0924,9.415686274509802,1581465600000
tank_0926,2.0,1581465600000
tank_0927,1.7490196078431373,1581465600000
tank_0928,0.0,1581465600000
tank_0930,0.0,1581465600000
tank_0931,0.0,1581465600000
tank_0933,2.462745098039216,1581465600000
tank_0934,1.5294117647058822,1581465600000
tank_0937,3.0,1581465600000
tank_0938,0.0,1581465600000
tank_0939,0.6352941176470588,1581465600000
tank_0944,110.0,1581465600000
tank_0946,1.0,1581465600000
tank_0952,0.0,1581465600000
tank_0958,0.0,1581465600000
tank_0962,634.0,1581465600000
tank_0967,0.7490196078431373,1581465600000
tank_0975,0.0,1581465600000
tank_0978,0.0,1581465600000
tank_0990,0.0,1581465600000
tank_0991,264.0,1581465600000
tank_0998,0.0,1581465600000
tank_0999,0.0,1581465600000
tank_1003,304.0,1581465600000
tank_1004,2.6549019607843136,1581465600000
tank_1014,1.0,1581465600000
tank_1026,114.0,1581465600000
tank_1031,30.607843137254903,1581465600000
tank_1032,0.0,1581465600000
tank_1034,0.0,1581465600000
tank_1042,35.898039215686275,1581465600000
tank_1045,0.0,1581465600000
tank_1049,90.0,1581465600000
tank_1055,0.2196078431372549,1581465600000
tank_1061,0.0,1581465600000
tank_1062,0.27450980392156865,1581465600000
tank_1064,2.4823529411764707,1581465600000
tank_1065,0.4980392156862745,1581465600000
tank_1066,20.043137254901957,1581465600000
tank_1070,0.0,1581465600000
tank_1073,41.0,1581465600000
tank_1083,233.70980392156864,1581465600000
tank_1086,2.0,1581465600000
tank_1088,4.0,1581465600000
tank_1089,18.0,1581465600000
tank_1090,1.0,1581465600000
tank_1091,8.376470588235295,1581465600000
tank_1094,758.0,1581465600000
tank_1095,0.0,1581465600000
tank_1104,0.0,1581465600000
tank_1113,42.0,1581465600000
tank_1116,17.341176470588234,1581465600000
tank_1117,0.0,1581465600000
tank_1120,290.98823529411766,1581465600000
tank_1121,391.921568627451,1581465600000
tank_1124,23.572549019607845,1581465600000
tank_1128,0.0,1581465600000
tank_1134,0.0,1581465600000
tank_1135,0.0,1581465600000
tank_1146,0.0,1581465600000
tank_1149,0.0,1581465600000
tank_1156,0.0,1581465600000
tank_1157,14.36078431372549,1581465600000
tank_1159,218.0,1581465600000
tank_1160,411.0,1581465600000
tank_1166,0.0,1581465600000
tank_1170,27.188235294117646,1581465600000
tank_1175,0.0,1581465600000
tank_1177,1.2509803921568627,1581465600000
tank_1179,15.913725490196079,1581465600000
tank_1181,159.65098039215687,1581465600000
tank_1186,0.0,1581465600000
tank_1187,3.5058823529411764,1581465600000
tank_1190,5.0,1581465600000
tank_1192,0.0,1581465600000
tank_1196,4.0,1581465600000
tank_1197,811.0,1581465600000
tank_1201,0.0,1581465600000
tank_1203,15.274509803921568,1581465600000
tank_1205,75.0,1581465600000
tank_1209,759.0,1581465600000
tank_1217,1.0,1581465600000
tank_1223,0.0,1581465600000
tank_1226,0.0,1581465600000
tank_1228,0.0,1581465600000
tank_1230,0.0,1581465600000
tank_1237,0.0,1581465600000
tank_1239,649.8901960784314,1581465600000
tank_1245,0.0,1581465600000
tank_1246,0.0,1581465600000
tank_1250,0.0,1581465600000
tank_1254,914.0,1581465600000
tank_1255,12.776470588235295,1581465600000
tank_1258,25.0,1581465600000
tank_1261,0.0,1581465600000
tank_1262,0.0,1581465600000
tank_1263,0.0,1581465600000
tank_1265,0.0,1581465600000
tank_1270,0.0,1581465600000
tank_1272,0.0,1581465600000
tank_1275,3.843137254901961,1581465600000
tank_1276,3.0,1581465600000
tank_1279,0.0,1581465600000
tank_1280,1.792156862745098,1581465600000
tank_1284,0.0,1581465600000
tank_1285,0.0,1581465600000
tank_1286,0.0,1581465600000
tank_1290,0.0,1581465600000
tank_1291,0.0,1581465600000
tank_1293,0.0,1581465600000
tank_1295,3.4,1581465600000
tank_1297,11.0,1581465600000
tank_1301,2.0,1581465600000
tank_1302,9.0,1581465600000
tank_1304,0.607843137254902,1581465600000
tank_1305,0.0,1581465600000
tank_1313,101.0,1581465600000
tank_1322,0.0,1581465600000
tank_1325,0.0,1581465600000
tank_1326,0.0,1581465600000
tank_1344,0.0,1581465600000
tank_1346,6.933333333333334,1581465600000
tank_1349,0.0,1581465600000
tank_1353,414.0,1581465600000
tank_1358,0.0,1581465600000
tank_1359,0.0,1581465600000
tank_1361,177.0,1581465600000
tank_1364,890.0,1581465600000
tank_1365,17.0,1581465600000
tank_1372,17.0,1581465600000
tank_1374,268.98823529411766,1581465600000
tank_1378,520.0,1581465600000
tank_1380,0.0,1581465600000
tank_1386,38.0,1581465600000
tank_1391,2.0,1581465600000
tank_1393,7.0,1581465600000
tank_1396,0.0,1581465600000
tank_1397,0.0,1581465600000
tank_1403,0.0,1581465600000
tank_1409,0.0,1581465600000
tank_1412,0.0,1581465600000
tank_1415,0.0,1581465600000
tank_1416,0.0,1581465600000
tank_1421,225.31764705882352,1581465600000
tank_1422,0.0,1581465600000
tank_1425,465.0,1581465600000
tank_1426,3.0,1581465600000
tank_1430,0.0,1581465600000
tank_1433,311.0,1581465600000
tank_1438,0.0,1581465600000
tank_1439,0.0,1581465600000
tank_1441,0.0,1581465600000
tank_1443,0.0,1581465600000
tank_1445,7.486274509803922,1581465600000
tank_1446,0.0,1581465600000
tank_1450,0.0,1581465600000
tank_1452,0.0,1581465600000
tank_1456,0.0,1581465600000
tank_1466,0.0,1581465600000
tank_1471,0.0,1581465600000
tank_1475,429.0,1581465600000
tank_1486,1205.0,1581465600000
tank_1488,0.0,1581465600000
tank_1491,0.0,1581465600000
tank_1500,0.0,1581465600000
tank_1505,32.0,1581465600000
tank_1513,899.0,1581465600000
tank_1531,37.0,1581465600000
tank_1536,0.0,1581465600000
tank_1539,447.6862745098039,1581465600000
tank_1541,18.0,1581465600000
tank_1542,0.0,1581465600000
tank_1547,47.0,1581465600000
tank_1563,3.0,1581465600000
tank_1564,0.0,1581465600000
tank_1565,384.0,1581465600000
tank_1567,0.0,1581465600000
tank_1568,0.0,1581465600000
tank_1573,0.0,1581465600000
tank_1583,0.2627450980392157,1581465600000
tank_1587,449.0,1581465600000
tank_1588,0.0,1581465600000
tank_1592,0.7450980392156863,1581465600000
tank_1594,33.0,1581465600000
tank_1595,0.0,1581465600000
tank_1597,1.0,1581465600000
tank_1598,0.0,1581465600000
tank_1600,9.760784313725491,1581465600000
tank_1604,0.0,1581465600000
tank_0002,0.0,1582502400000
tank_0004,0.0,1582502400000
tank_0005,0.0,1582502400000
tank_0011,0.0,1582502400000
tank_0014,0.0,1582502400000
tank_0019,0.0,1582502400000
tank_0024,15.015686274509804,1582502400000
tank_0025,0.0,1582502400000
tank_0026,5.4980392156862745,1582502400000
tank_0027,0.0,1582502400000
tank_0030,2.4941176470588236,1582502400000
tank_0031,8.0,1582502400000
tank_0036,0.6588235294117647,1582502400000
tank_0037,0.0,1582502400000
tank_0038,6.964705882352941,1582502400000
tank_0050,8.2,1582502400000
tank_0051,0.0,1582502400000
tank_0052,13.713725490196078,1582502400000
tank_0053,57.972549019607854,1582502400000
tank_0055,0.37254901960784315,1582502400000
tank_0057,7.0,1582502400000
tank_0058,0.0,1582502400000
tank_0064,45.145098039215696,1582502400000
tank_0069,4.513725490196078,1582502400000
tank_0072,0.0,1582502400000
tank_0073,0.0,1582502400000
tank_0080,13.952941176470588,1582502400000
tank_0094,0.0,1582502400000
tank_0107,2.0,1582502400000
tank_0110,23.0,1582502400000
tank_0113,51.996078431372545,1582502400000
tank_0115,1.8745098039215686,1582502400000
tank_0116,0.0,1582502400000
tank_0117,47.0,1582502400000
tank_0118,0.0,1582502400000
tank_0122,0.0,1582502400000
tank_0125,16.04313725490196,1582502400000
tank_0130,24.286274509803924,1582502400000
tank_0131,0.0,1582502400000
tank_0132,0.0,1582502400000
tank_0134,1.2823529411764705,1582502400000
tank_0135,0.0,1582502400000
tank_0142,7.0,1582502400000
tank_0143,0.0,1582502400000
tank_0144,0.37254901960784315,1582502400000
tank_0148,0.0,1582502400000
tank_0153,0.0,1582502400000
tank_0156,91.9450980392157,1582502400000
tank_0159,19.309803921568626,1582502400000
tank_0165,0.054901960784313725,1582502400000
tank_0171,0.0,1582502400000
tank_0172,0.4117647058823529,1582502400000
tank_0174,16.59607843137255,1582502400000
tank_0176,2.392156862745098,1582502400000
tank_0184,0.0,1582502400000
tank_0187,0.0,1582502400000
tank_0190,0.8509803921568627,1582502400000
tank_0192,0.0,1582502400000
tank_0193,0.0,1582502400000
tank_0195,21.411764705882355,1582502400000
tank_0199,15.333333333333334,1582502400000
tank_0204,0.0,1582502400000
tank_0205,19.66666666666667,1582502400000
tank_0207,0.0,1582502400000
tank_0209,0.12549019607843137,1582502400000
tank_0213,2.8588235294117648,1582502400000
tank_0217,0.0,1582502400000
tank_0220,0.0,1582502400000
tank_0221,22.074509803921565,1582502400000
tank_0225,0.0,1582502400000
tank_0226,7.0,1582502400000
tank_0228,0.0,1582502400000
tank_0229,0.0,1582502400000
tank_0231,0.0,1582502400000
tank_0233,0.09411764705882353,1582502400000
tank_0236,0.0,1582502400000
tank_0237,0.0,1582502400000
tank_0240,1.0,1582502400000
tank_0242,0.0,1582502400000
tank_0245,0.03529411764705882,1582502400000
tank_0247,39.0,1582502400000
tank_0256,8.28235294117647,1582502400000
tank_0257,0.0,1582502400000
tank_0260,0.0,1582502400000
tank_0261,0.0,1582502400000
tank_0264,0.0,1582502400000
tank_0273,1.0,1582502400000
tank_0276,0.0,1582502400000
tank_0278,6.0,1582502400000
tank_0280,0.0,1582502400000
tank_0291,0.0,1582502400000
tank_0292,4.509803921568627,1582502400000
tank_0296,0.0,1582502400000
tank_0297,6.352941176470589,1582502400000
tank_0299,10.0,1582502400000
tank_0300,8.607843137254902,1582502400000
tank_0301,4.749019607843137,1582502400000
tank_0307,0.0,1582502400000
tank_0309,0.0,1582502400000
tank_0313,0.0,1582502400000
tank_0314,1.8705882352941177,1582502400000
tank_0319,0.0,1582502400000
tank_0321,1.7490196078431373,1582502400000
tank_0327,0.0,1582502400000
tank_0337,0.0,1582502400000
tank_0338,13.678431372549017,1582502400000
tank_0339,57.737254901960775,1582502400000
tank_0342,4.0,1582502400000
tank_0345,0.0,1582502400000
tank_0346,1.5490196078431373,1582502400000
tank_0349,0.0,1582502400000
tank_0350,1.0,1582502400000
tank_0353,64.25490196078432,1582502400000
tank_0356,0.0,1582502400000
tank_0360,0.0,1582502400000
tank_0361,36.07843137254902,1582502400000
tank_0362,0.0,1582502400000
tank_0364,0.0,1582502400000
tank_0366,13.635294117647058,1582502400000
tank_0369,0.0,1582502400000
tank_0375,0.0,1582502400000
tank_0379,30.87450980392158,1582502400000
tank_0381,0.0,1582502400000
tank_0386,0.0,1582502400000
tank_0390,2.0,1582502400000
tank_0397,0.0,1582502400000
tank_0399,0.0,1582502400000
tank_0404,2.1921568627450982,1582502400000
tank_0409,0.0,1582502400000
tank_0420,0.0,1582502400000
tank_0425,0.0,1582502400000
tank_0431,0.0,1582502400000
tank_0432,0.0,1582502400000
tank_0435,0.0,1582502400000
tank_0436,0.0,1582502400000
tank_0438,0.0,1582502400000
tank_0443,0.0,1582502400000
tank_0444,2.0,1582502400000
tank_0447,24.388235294117646,1582502400000
tank_0448,2.0,1582502400000
tank_0449,0.0,1582502400000
tank_0455,11.572549019607843,1582502400000
tank_0460,0.0,1582502400000
tank_0462,77.0,1582502400000
tank_0466,7.768627450980393,1582502400000
tank_0471,4.0,1582502400000
tank_0473,3.0,1582502400000
tank_0474,11.60392156862745,1582502400000
tank_0481,30.294117647058826,1582502400000
tank_0485,0.0,1582502400000
tank_0489,0.0,1582502400000
tank_0491,0.0,1582502400000
tank_0494,1.7019607843137254,1582502400000
tank_0497,0.0,1582502400000
tank_0498,1.2941176470588236,1582502400000
tank_0502,0.0,1582502400000
tank_0505,0.0,1582502400000
tank_0509,0.0,1582502400000
tank_0512,32.0,1582502400000
tank_0514,0.0,1582502400000
tank_0515,0.0,1582502400000
tank_0521,0.0,1582502400000
tank_0524,1.0666666666666667,1582502400000
tank_0526,29.0,1582502400000
tank_0533,3.0,1582502400000
tank_0534,0.0,1582502400000
tank_0536,0.0,1582502400000
tank_0537,0.0,1582502400000
tank_0541,0.0,1582502400000
tank_0547,0.0,1582502400000
tank_0552,0.0,1582502400000
tank_0555,0.0,1582502400000
tank_0556,0.0,1582502400000
tank_0557,3.376470588235294,1582502400000
tank_0560,0.0,1582502400000
tank_0561,0.4901960784313726,1582502400000
tank_0566,0.0,1582502400000
tank_0567,1.0,1582502400000
tank_0568,12.505882352941178,1582502400000
tank_0574,0.0,1582502400000
tank_0579,0.0,1582502400000
tank_0583,14.0,1582502400000
tank_0587,0.0,1582502400000
tank_0589,0.0,1582502400000
tank_0590,3.0,1582502400000
tank_0592,0.0,1582502400000
tank_0593,0.26666666666666666,1582502400000
tank_0595,0.0,1582502400000
tank_0600,11.874509803921569,1582502400000
tank_0604,0.403921568627451,1582502400000
tank_0606,10.0,1582502400000
tank_0607,4.341176470588234,1582502400000
tank_0608,198.0,1582502400000
tank_0610,0.0,1582502400000
tank_0611,0.0,1582502400000
tank_0612,6.556862745098039,1582502400000
tank_0613,0.8156862745098039,1582502400000
tank_0619,0.0,1582502400000
tank_0626,1.0,1582502400000
tank_0627,0.0,1582502400000
tank_0628,0.6274509803921569,1582502400000
tank_0632,0.0,1582502400000
tank_0633,0.0,1582502400000
tank_0639,0.0,1582502400000
tank_0640,0.0,1582502400000
tank_0641,2.0,1582502400000
tank_0643,38.149019607843144,1582502400000
tank_0646,0.0,1582502400000
tank_0663,4.0,1582502400000
tank_0664,0.0,1582502400000
tank_0666,0.0,1582502400000
tank_0667,1.0509803921568628,1582502400000
tank_0670,0.0,1582502400000
tank_0675,0.5294117647058824,1582502400000
tank_0676,444.0,1582502400000
tank_0678,12.827450980392156,1582502400000
tank_0681,0.0,1582502400000
tank_0687,0.0,1582502400000
tank_0688,0.0,1582502400000
tank_0697,0.8745098039215686,1582502400000
tank_0720,9.427450980392157,1582502400000
tank_0722,0.10980392156862745,1582502400000
tank_0724,2.3098039215686272,1582502400000
tank_0725,0.0,1582502400000
tank_0728,0.0,1582502400000
tank_0730,0.0,1582502400000
tank_0731,0.0,1582502400000
tank_0732,0.0,1582502400000
tank_0737,287.0,1582502400000
tank_0739,0.0,1582502400000
tank_0740,34.89411764705883,1582502400000
tank_0746,0.0,1582502400000
tank_0748,6.031372549019608,1582502400000
tank_0749,5.337254901960785,1582502400000
tank_0752,0.0,1582502400000
tank_0760,0.0,1582502400000
tank_0770,1.6705882352941175,1582502400000
tank_0772,0.0,1582502400000
tank_0788,8.0,1582502400000
tank_0789,0.0,1582502400000
tank_0792,95.67058823529412,1582502400000
tank_0797,0.0,1582502400000
tank_0800,22.0,1582502400000
tank_0802,5.196078431372548,1582502400000
tank_0803,2.772549019607843,1582502400000
tank_0808,3.937254901960784,1582502400000
tank_0810,0.0,1582502400000
tank_0811,3.9058823529411764,1582502400000
tank_0812,0.0,1582502400000
tank_0813,0.09019607843137255,1582502400000
tank_0816,0.0,1582502400000
tank_0819,0.0,1582502400000
tank_0823,0.0,1582502400000
tank_0824,34.0,1582502400000
tank_0825,0.0,1582502400000
tank_0828,0.0,1582502400000
tank_0829,54.984313725490196,1582502400000
tank_0830,0.0,1582502400000
tank_0831,19.662745098039217,1582502400000
tank_0844,0.611764705882353,1582502400000
tank_0852,19.14509803921569,1582502400000
tank_0855,48.0,1582502400000
tank_0856,967.0,1582502400000
tank_0860,13.898039215686275,1582502400000
tank_0861,0.0,1582502400000
tank_0872,0.0,1582502400000
tank_0875,0.0,1582502400000
tank_0879,0.0,1582502400000
tank_0885,0.0,1582502400000
tank_0891,0.0,1582502400000
tank_0894,706.0,1582502400000
tank_0898,326.0,1582502400000
tank_0900,6.752941176470589,1582502400000
tank_0901,53.0,1582502400000
tank_0902,40.0,1582502400000
tank_0914,0.0,1582502400000
tank_0917,598.0,1582502400000
tank_0919,1.0,1582502400000
tank_0920,5.0,1582502400000
tank_0922,86.0,1582502400000
tank_0923,1.4352941176470588,1582502400000
tank_0924,8.909803921568628,1582502400000
tank_0926,17.623529411764707,1582502400000
tank_0927,0.0,1582502400000
tank_0928,0.0,1582502400000
tank_0930,0.0,1582502400000
tank_0931,0.0,1582502400000
tank_0933,0.0,1582502400000
tank_0934,3.533333333333333,1582502400000
tank_0937,0.0,1582502400000
tank_0938,6.0,1582502400000
tank_0939,1.0745098039215686,1582502400000
tank_0944,104.0,1582502400000
tank_0946,3.9137254901960787,1582502400000
tank_0952,2.0,1582502400000
tank_0958,0.0,1582502400000
tank_0962,748.0,1582502400000
tank_0967,1.9215686274509804,1582502400000
tank_0975,0.0,1582502400000
tank_0978,0.0,1582502400000
tank_0990,0.0,1582502400000
tank_0991,484.0,1582502400000
tank_0998,0.0,1582502400000
tank_0999,0.0,1582502400000
tank_1003,440.0,1582502400000
tank_1004,4.0,1582502400000
tank_1014,0.0,1582502400000
tank_1026,99.0,1582502400000
tank_1031,15.52156862745098,1582502400000
tank_1032,5.031372549019608,1582502400000
tank_1034,0.0,1582502400000
tank_1042,23.0,1582502400000
tank_1045,0.0,1582502400000
tank_1049,71.0,1582502400000
tank_1055,1.6823529411764706,1582502400000
tank_1061,0.0,1582502400000
tank_1062,0.0,1582502400000
tank_1064,0.0,1582502400000
tank_1065,0.0,1582502400000
tank_1066,4.2941176470588225,1582502400000
tank_1070,0.0,1582502400000
tank_1073,39.0,1582502400000
tank_1083,240.70980392156864,1582502400000
tank_1086,9.0,1582502400000
tank_1088,0.0,1582502400000
tank_1089,11.0,1582502400000
tank_1090,6.0,1582502400000
tank_1091,3.9450980392156865,1582502400000
tank_1094,786.0,1582502400000
tank_1095,0.0,1582502400000
tank_1104,0.0,1582502400000
tank_1113,45.0,1582502400000
tank_1116,18.250980392156862,1582502400000
tank_1117,0.0,1582502400000
tank_1120,285.67058823529413,1582502400000
tank_1121,204.8862745098039,1582502400000
tank_1124,17.96470588235294,1582502400000
tank_1128,0.0,1582502400000
tank_1134,0.0,1582502400000
tank_1135,25.847058823529412,1582502400000
tank_1146,0.0,1582502400000
tank_1149,0.0,1582502400000
tank_1156,0.0,1582502400000
tank_1157,14.486274509803923,1582502400000
tank_1159,199.0,1582502400000
tank_1160,336.0,1582502400000
tank_1166,0.0,1582502400000
tank_1170,13.24313725490196,1582502400000
tank_1175,0.0,1582502400000
tank_1177,0.0,1582502400000
tank_1179,8.819607843137254,1582502400000
tank_1181,158.94117647058823,1582502400000
tank_1186,0.0,1582502400000
tank_1187,0.6784313725490196,1582502400000
tank_1190,13.0,1582502400000
tank_1192,0.0,1582502400000
tank_1196,3.0,1582502400000
tank_1197,1304.0,1582502400000
tank_1201,0.0,1582502400000
tank_1203,0.0,1582502400000
tank_1205,110.0,1582502400000
tank_1209,789.0,1582502400000
tank_1217,0.0,1582502400000
tank_1223,0.0,1582502400000
tank_1226,0.0,1582502400000
tank_1228,0.0,1582502400000
tank_1230,0.0,1582502400000
tank_1237,0.0,1582502400000
tank_1239,618.8588235294118,1582502400000
tank_1245,0.0,1582502400000
tank_1246,0.0,1582502400000
tank_1250,0.0,1582502400000
tank_1254,914.0,1582502400000
tank_1255,8.337254901960787,1582502400000
tank_1258,19.0,1582502400000
tank_1261,0.592156862745098,1582502400000
tank_1262,1.2078431372549019,1582502400000
tank_1263,0.0,1582502400000
tank_1265,0.0,1582502400000
tank_1270,0.0,1582502400000
tank_1272,0.0,1582502400000
tank_1275,0.0,1582502400000
tank_1276,0.0,1582502400000
tank_1279,0.0,1582502400000
tank_1280,0.2823529411764706,1582502400000
tank_1284,0.0,1582502400000
tank_1285,0.0,1582502400000
tank_1286,0.0,1582502400000
tank_1290,0.0,1582502400000
tank_1291,0.0,1582502400000
tank_1293,9.0,1582502400000
tank_1295,1.5411764705882354,1582502400000
tank_1297,31.0,1582502400000
tank_1301,0.0,1582502400000
tank_1302,6.0,1582502400000
tank_1304,0.8470588235294118,1582502400000
tank_1305,1.7490196078431373,1582502400000
tank_1313,100.0,1582502400000
tank_1322,0.0,1582502400000
tank_1325,2.0,1582502400000
tank_1326,0.0,1582502400000
tank_1344,0.0,1582502400000
tank_1346,8.6,1582502400000
tank_1349,0.0,1582502400000
tank_1353,357.0,1582502400000
tank_1358,0.0,1582502400000
tank_1359,0.0,1582502400000
tank_1361,148.0,1582502400000
tank_1364,816.0,1582502400000
tank_1365,0.0,1582502400000
tank_1372,37.0,1582502400000
tank_1374,265.0,1582502400000
tank_1378,516.0,1582502400000
tank_1380,4.0,1582502400000
tank_1386,32.0,1582502400000
tank_1391,0.0,1582502400000
tank_1393,0.0,1582502400000
tank_1396,0.0,1582502400000
tank_1397,0.0,1582502400000
tank_1403,0.0,1582502400000
tank_1409,2.0,1582502400000
tank_1412,0.0,1582502400000
tank_1415,0.0,1582502400000
tank_1416,0.0,1582502400000
tank_1421,177.0,1582502400000
tank_1422,0.0,1582502400000
tank_1425,477.8509803921569,1582502400000
tank_1426,0.0,1582502400000
tank_1430,0.0,1582502400000
tank_1433,278.0,1582502400000
tank_1438,0.0,1582502400000
tank_1439,0.0,1582502400000
tank_1441,0.0,1582502400000
tank_1443,0.0,1582502400000
tank_1445,2.0,1582502400000
tank_1446,0.0,1582502400000
tank_1450,0.0,1582502400000
tank_1452,0.0,1582502400000
tank_1456,0.0,1582502400000
tank_1466,0.0,1582502400000
tank_1471,0.0,1582502400000
tank_1475,383.0,1582502400000
tank_1486,1377.0,1582502400000
tank_1488,0.0,1582502400000
tank_1491,0.0,1582502400000
tank_1500,0.0,1582502400000
tank_1505,30.0,1582502400000
tank_1513,822.0,1582502400000
tank_1531,11.0,1582502400000
tank_1536,0.0,1582502400000
tank_1539,366.0,1582502400000
tank_1541,37.0,1582502400000
tank_1542,0.0,1582502400000
tank_1547,10.0,1582502400000
tank_1563,0.0,1582502400000
tank_1564,0.0,1582502400000
tank_1565,515.9960784313726,1582502400000
tank_1567,0.0,1582502400000
tank_1568,0.0,1582502400000
tank_1573,0.0,1582502400000
tank_1583,0.23529411764705882,1582502400000
tank_1587,280.0,1582502400000
tank_1588,0.0,1582502400000
tank_1592,1.0,1582502400000
tank_1594,9.0,1582502400000
tank_1595,0.0,1582502400000
tank_1597,0.0,1582502400000
tank_1598,0.0,1582502400000
tank_1600,9.572549019607843,1582502400000
tank_1604,0.0,1582502400000
tank_0002,0.3607843137254902,1583539200000
tank_0004,0.0,1583539200000
tank_0005,0.0,1583539200000
tank_0011,0.0,1583539200000
tank_0014,0.0,1583539200000
tank_0019,1.188235294117647,1583539200000
tank_0024,7.443137254901961,1583539200000
tank_0025,0.0,1583539200000
tank_0026,1.0705882352941176,1583539200000
tank_0027,0.0,1583539200000
tank_0030,6.992156862745098,1583539200000
tank_0031,11.0,1583539200000
tank_0036,0.0,1583539200000
tank_0037,1.823529411764706,1583539200000
tank_0038,3.164705882352941,1583539200000
tank_0050,20.462745098039214,1583539200000
tank_0051,0.0,1583539200000
tank_0052,5.2,1583539200000
tank_0053,44.16470588235293,1583539200000
tank_0055,0.0,1583539200000
tank_0057,4.0,1583539200000
tank_0058,0.0,1583539200000
tank_0064,47.54509803921569,1583539200000
tank_0069,4.588235294117647,1583539200000
tank_0072,0.0,1583539200000
tank_0073,0.0,1583539200000
tank_0080,10.0,1583539200000
tank_0094,0.0,1583539200000
tank_0107,0.0,1583539200000
tank_0110,36.28235294117647,1583539200000
tank_0113,17.827450980392157,1583539200000
tank_0115,0.8745098039215686,1583539200000
tank_0116,0.0,1583539200000
tank_0117,41.0,1583539200000
tank_0118,0.0,1583539200000
tank_0122,0.0,1583539200000
tank_0125,24.12549019607843,1583539200000
tank_0130,15.345098039215687,1583539200000
tank_0131,0.0,1583539200000
tank_0132,0.0,1583539200000
tank_0134,1.0,1583539200000
tank_0135,4.219607843137255,1583539200000
tank_0142,3.0,1583539200000
tank_0143,0.0,1583539200000
tank_0144,0.37254901960784315,1583539200000
tank_0148,9.650980392156862,1583539200000
tank_0153,0.0,1583539200000
tank_0156,88.30980392156864,1583539200000
tank_0159,15.76470588235294,1583539200000
tank_0165,0.0,1583539200000
tank_0171,0.0,1583539200000
tank_0172,0.4117647058823529,1583539200000
tank_0174,5.545098039215687,1583539200000
tank_0176,2.1215686274509804,1583539200000
tank_0184,0.0,1583539200000
tank_0187,0.0,1583539200000
tank_0190,0.8509803921568627,1583539200000
tank_0192,1.0431372549019609,1583539200000
tank_0193,0.0,1583539200000
tank_0195,57.00392156862747,1583539200000
tank_0199,11.533333333333335,1583539200000
tank_0204,0.0,1583539200000
tank_0205,14.27450980392157,1583539200000
tank_0207,0.5411764705882353,1583539200000
tank_0209,1.776470588235294,1583539200000
tank_0213,0.0,1583539200000
tank_0217,3.0,1583539200000
tank_0220,0.0,1583539200000
tank_0221,11.913725490196077,1583539200000
tank_0225,0.0,1583539200000
tank_0226,17.50588235294118,1583539200000
tank_0228,0.0,1583539200000
tank_0229,0.0,1583539200000
tank_0231,4.0,1583539200000
tank_0233,0.0,1583539200000
tank_0236,0.0,1583539200000
tank_0237,4.0,1583539200000
tank_0240,0.0,1583539200000
tank_0242,0.0,1583539200000
tank_0245,0.0,1583539200000
tank_0247,40.0,1583539200000
tank_0256,2.9137254901960783,1583539200000
tank_0257,0.0,1583539200000
tank_0260,5.050980392156863,1583539200000
tank_0261,0.0,1583539200000
tank_0264,0.0,1583539200000
tank_0273,0.0,1583539200000
tank_0276,0.0,1583539200000
tank_0278,22.627450980392158,1583539200000
tank_0280,0.0,1583539200000
tank_0291,0.0,1583539200000
tank_0292,8.16470588235294,1583539200000
tank_0296,0.0,1583539200000
tank_0297,5.690196078431372,1583539200000
tank_0299,3.0,1583539200000
tank_0300,18.694117647058825,1583539200000
tank_0301,11.599999999999998,1583539200000
tank_0307,0.0,1583539200000
tank_0309,0.0,1583539200000
tank_0313,0.0,1583539200000
tank_0314,6.298039215686275,1583539200000
tank_0319,0.0,1583539200000
tank_0321,7.286274509803921,1583539200000
tank_0327,0.0,1583539200000
tank_0337,0.0,1583539200000
tank_0338,5.811764705882354,1583539200000
tank_0339,53.55294117647058,1583539200000
tank_0342,1.8784313725490196,1583539200000
tank_0345,0.0,1583539200000
tank_0346,0.0,1583539200000
tank_0349,0.0,1583539200000
tank_0350,1.4941176470588236,1583539200000
tank_0353,21.788235294117648,1583539200000
tank_0356,0.0,1583539200000
tank_0360,0.0,1583539200000
tank_0361,31.164705882352944,1583539200000
tank_0362,3.0,1583539200000
tank_0364,0.0,1583539200000
tank_0366,20.027450980392157,1583539200000
tank_0369,0.0,1583539200000
tank_0375,0.0,1583539200000
tank_0379,36.682352941176475,1583539200000
tank_0381,0.26666666666666666,1583539200000
tank_0386,0.0,1583539200000
tank_0390,2.0,1583539200000
tank_0397,0.0,1583539200000
tank_0399,0.0,1583539200000
tank_0404,0.19215686274509805,1583539200000
tank_0409,0.0,1583539200000
tank_0420,0.0,1583539200000
tank_0425,0.0,1583539200000
tank_0431,0.0,1583539200000
tank_0432,0.3411764705882353,1583539200000
tank_0435,0.0,1583539200000
tank_0436,0.0,1583539200000
tank_0438,0.0,1583539200000
tank_0443,0.0,1583539200000
tank_0444,0.0,1583539200000
tank_0447,46.7686274509804,1583539200000
tank_0448,0.0,1583539200000
tank_0449,0.0,1583539200000
tank_0455,5.572549019607843,1583539200000
tank_0460,0.0,1583539200000
tank_0462,48.0,1583539200000
tank_0466,3.0,1583539200000
tank_0471,0.0,1583539200000
tank_0473,0.3254901960784314,1583539200000
tank_0474,16.933333333333337,1583539200000
tank_0481,26.207843137254905,1583539200000
tank_0485,0.0,1583539200000
tank_0489,0.0,1583539200000
tank_0491,0.0,1583539200000
tank_0494,1.5254901960784313,1583539200000
tank_0497,1.0,1583539200000
tank_0498,0.0,1583539200000
tank_0502,0.0,1583539200000
tank_0505,0.0,1583539200000
tank_0509,1.388235294117647,1583539200000
tank_0512,12.0,1583539200000
tank_0514,0.0,1583539200000
tank_0515,0.26666666666666666,1583539200000
tank_0521,0.0,1583539200000
tank_0524,0.0,1583539200000
tank_0526,33.0,1583539200000
tank_0533,0.0,1583539200000
tank_0534,0.0,1583539200000
tank_0536,0.0,1583539200000
tank_0537,0.0,1583539200000
tank_0541,0.0,1583539200000
tank_0547,0.0,1583539200000
tank_0552,3.0,1583539200000
tank_0555,0.0,1583539200000
tank_0556,0.0,1583539200000
tank_0557,0.12549019607843137,1583539200000
tank_0560,0.0,1583539200000
tank_0561,0.0,1583539200000
tank_0566,0.0,1583539200000
tank_0567,0.0,1583539200000
tank_0568,0.0,1583539200000
tank_0574,0.0,1583539200000
tank_0579,0.0,1583539200000
tank_0583,0.0,1583539200000
tank_0587,0.0,1583539200000
tank_0589,0.0,1583539200000
tank_0590,1.0,1583539200000
tank_0592,0.0,1583539200000
tank_0593,0.0,1583539200000
tank_0595,0.0,1583539200000
tank_0600,4.0,1583539200000
tank_0604,6.9411764705882355,1583539200000
tank_0606,8.0,1583539200000
tank_0607,4.0,1583539200000
tank_0608,202.99607843137255,1583539200000
tank_0610,0.0,1583539200000
tank_0611,0.0,1583539200000
tank_0612,3.0,1583539200000
tank_0613,0.0,1583539200000
tank_0619,0.0,1583539200000
tank_0626,0.7647058823529411,1583539200000
tank_0627,0.0,1583539200000
tank_0628,0.0,1583539200000
tank_0632,3.0,1583539200000
tank_0633,0.0,1583539200000
tank_0639,0.0,1583539200000
tank_0640,0.0,1583539200000
tank_0641,0.0,1583539200000
tank_0643,23.0,1583539200000
tank_0646,0.0,1583539200000
tank_0663,0.0,1583539200000
tank_0664,0.0,1583539200000
tank_0666,0.0,1583539200000
tank_0667,0.0,1583539200000
tank_0670,0.0,1583539200000
tank_0675,0.0,1583539200000
tank_0676,422.0,1583539200000
tank_0678,0.9137254901960784,1583539200000
tank_0681,0.0,1583539200000
tank_0687,0.0,1583539200000
tank_0688,0.0,1583539200000
tank_0697,0.0,1583539200000
tank_0720,4.0,1583539200000
tank_0722,0.0,1583539200000
tank_0724,0.0,1583539200000
tank_0725,0.0,1583539200000
tank_0728,0.0,1583539200000
tank_0730,0.0,1583539200000
tank_0731,0.0,1583539200000
tank_0732,0.0,1583539200000
tank_0737,214.0,1583539200000
tank_0739,0.0,1583539200000
tank_0740,1.7490196078431373,1583539200000
tank_0746,1.223529411764706,1583539200000
tank_0748,3.4823529411764707,1583539200000
tank_0749,0.0,1583539200000
tank_0752,0.0,1583539200000
tank_0760,0.0,1583539200000
tank_0770,0.0,1583539200000
tank_0772,0.0,1583539200000
tank_0788,4.0,1583539200000
tank_0789,0.0,1583539200000
tank_0792,95.74117647058823,1583539200000
tank_0797,0.0,1583539200000
tank_0800,2.0,1583539200000
tank_0802,0.803921568627451,1583539200000
tank_0803,6.772549019607843,1583539200000
tank_0808,3.611764705882353,1583539200000
tank_0810,0.0,1583539200000
tank_0811,5.694117647058824,1583539200000
tank_0812,0.0,1583539200000
tank_0813,3.0,1583539200000
tank_0816,0.0,1583539200000
tank_0819,0.0,1583539200000
tank_0823,0.0,1583539200000
tank_0824,22.0,1583539200000
tank_0825,0.0,1583539200000
tank_0828,0.0,1583539200000
tank_0829,43.984313725490196,1583539200000
tank_0830,0.0,1583539200000
tank_0831,5.235294117647058,1583539200000
tank_0844,2.0,1583539200000
tank_0852,7.0,1583539200000
tank_0855,46.0,1583539200000
tank_0856,712.0,1583539200000
tank_0860,4.341176470588235,1583539200000
tank_0861,0.0,1583539200000
tank_0872,0.0,1583539200000
tank_0875,0.0,1583539200000
tank_0879,0.0,1583539200000
tank_0885,0.0,1583539200000
tank_0891,0.0,1583539200000
tank_0894,694.0,1583539200000
tank_0898,328.0,1583539200000
tank_0900,0.0,1583539200000
tank_0901,32.0,1583539200000
tank_0902,41.0,1583539200000
tank_0914,0.0,1583539200000
tank_0917,517.0,1583539200000
tank_0919,0.0,1583539200000
tank_0920,0.0,1583539200000
tank_0922,69.0,1583539200000
tank_0923,2.0,1583539200000
tank_0924,5.066666666666666,1583539200000
tank_0926,16.737254901960785,1583539200000
tank_0927,0.06666666666666667,1583539200000
tank_0928,0.0,1583539200000
tank_0930,0.0,1583539200000
tank_0931,0.0,1583539200000
tank_0933,0.0,1583539200000
tank_0934,0.0,1583539200000
tank_0937,0.0,1583539200000
tank_0938,1.0,1583539200000
tank_0939,0.0,1583539200000
tank_0944,87.0,1583539200000
tank_0946,12.807843137254903,1583539200000
tank_0952,0.0,1583539200000
tank_0958,0.0,1583539200000
tank_0962,670.0,1583539200000
tank_0967,0.7490196078431373,1583539200000
tank_0975,0.0,1583539200000
tank_0978,0.0,1583539200000
tank_0990,0.0,1583539200000
tank_0991,617.0,1583539200000
tank_0998,0.0,1583539200000
tank_0999,6.262745098039216,1583539200000
tank_1003,172.0,1583539200000
tank_1004,9.109803921568627,1583539200000
tank_1014,0.0,1583539200000
tank_1026,95.0,1583539200000
tank_1031,28.450980392156865,1583539200000
tank_1032,1.0,1583539200000
tank_1034,0.0,1583539200000
tank_1042,32.0,1583539200000
tank_1045,0.0,1583539200000
tank_1049,57.0,1583539200000
tank_1055,3.27843137254902,1583539200000
tank_1061,0.0,1583539200000
tank_1062,0.0,1583539200000
tank_1064,0.0,1583539200000
tank_1065,1.0,1583539200000
tank_1066,0.807843137254902,1583539200000
tank_1070,0.0,1583539200000
tank_1073,38.0,1583539200000
tank_1083,248.0,1583539200000
tank_1086,5.0,1583539200000
tank_1088,0.0,1583539200000
tank_1089,8.0,1583539200000
tank_1090,15.988235294117647,1583539200000
tank_1091,3.0,1583539200000
tank_1094,703.0,1583539200000
tank_1095,31.400000000000002,1583539200000
tank_1104,0.0,1583539200000
tank_1113,41.0,1583539200000
tank_1116,17.0,1583539200000
tank_1117,0.0,1583539200000
tank_1120,298.3137254901961,1583539200000
tank_1121,96.0,1583539200000
tank_1124,35.72156862745098,1583539200000
tank_1128,11.0,1583539200000
tank_1134,0.0,1583539200000
tank_1135,37.36470588235294,1583539200000
tank_1146,0.0,1583539200000
tank_1149,0.0,1583539200000
tank_1156,0.0,1583539200000
tank_1157,11.43529411764706,1583539200000
tank_1159,165.0,1583539200000
tank_1160,247.0,1583539200000
tank_1166,0.0,1583539200000
tank_1170,15.63921568627451,1583539200000
tank_1175,0.0,1583539200000
tank_1177,0.0,1583539200000
tank_1179,6.63921568627451,1583539200000
tank_1181,148.6156862745098,1583539200000
tank_1186,0.0,1583539200000
tank_1187,10.090196078431372,1583539200000
tank_1190,5.780392156862745,1583539200000
tank_1192,0.0,1583539200000
tank_1196,0.0,1583539200000
tank_1197,1547.0,1583539200000
tank_1201,0.0,1583539200000
tank_1203,0.0,1583539200000
tank_1205,200.0,1583539200000
tank_1209,252.0,1583539200000
tank_1217,0.0,1583539200000
tank_1223,0.0,1583539200000
tank_1226,0.0,1583539200000
tank_1228,23.0,1583539200000
tank_1230,0.0,1583539200000
tank_1237,0.0,1583539200000
tank_1239,379.9098039215686,1583539200000
tank_1245,0.0,1583539200000
tank_1246,0.0,1583539200000
tank_1250,0.0,1583539200000
tank_1254,549.0,1583539200000
tank_1255,5.7176470588235295,1583539200000
tank_1258,20.0,1583539200000
tank_1261,0.0,1583539200000
tank_1262,0.0,1583539200000
tank_1263,0.0,1583539200000
tank_1265,0.0,1583539200000
tank_1270,22.0,1583539200000
tank_1272,17.07843137254902,1583539200000
tank_1275,0.0,1583539200000
tank_1276,4.0,1583539200000
tank_1279,23.866666666666667,1583539200000
tank_1280,2.2823529411764705,1583539200000
tank_1284,0.0,1583539200000
tank_1285,0.0,1583539200000
tank_1286,0.0,1583539200000
tank_1290,0.0,1583539200000
tank_1291,0.0,1583539200000
tank_1293,6.0,1583539200000
tank_1295,4.231372549019608,1583539200000
tank_1297,77.0,1583539200000
tank_1301,0.0,1583539200000
tank_1302,8.0,1583539200000
tank_1304,0.0,1583539200000
tank_1305,0.0,1583539200000
tank_1313,104.0,1583539200000
tank_1322,0.0,1583539200000
tank_1325,158.7450980392157,1583539200000
tank_1326,0.0,1583539200000
tank_1344,1.0,1583539200000
tank_1346,3.0,1583539200000
tank_1349,0.0,1583539200000
tank_1353,333.0,1583539200000
tank_1358,0.0,1583539200000
tank_1359,0.0,1583539200000
tank_1361,117.0,1583539200000
tank_1364,127.0,1583539200000
tank_1365,0.0,1583539200000
tank_1372,117.81176470588235,1583539200000
tank_1374,182.0,1583539200000
tank_1378,457.0,1583539200000
tank_1380,1.0,1583539200000
tank_1386,15.0,1583539200000
tank_1391,0.0,1583539200000
tank_1393,0.0,1583539200000
tank_1396,16.0,1583539200000
tank_1397,0.0,1583539200000
tank_1403,0.0,1583539200000
tank_1409,6.0,1583539200000
tank_1412,0.0,1583539200000
tank_1415,0.0,1583539200000
tank_1416,0.0,1583539200000
tank_1421,155.0,1583539200000
tank_1422,0.0,1583539200000
tank_1425,479.0,1583539200000
tank_1426,0.0,1583539200000
tank_1430,0.0,1583539200000
tank_1433,234.0,1583539200000
tank_1438,0.0,1583539200000
tank_1439,0.0,1583539200000
tank_1441,0.0,1583539200000
tank_1443,0.0,1583539200000
tank_1445,4.91764705882353,1583539200000
tank_1446,4.0,1583539200000
tank_1450,0.0,1583539200000
tank_1452,0.0,1583539200000
tank_1456,0.0,1583539200000
tank_1466,0.0,1583539200000
tank_1471,0.0,1583539200000
tank_1475,46.0,1583539200000
tank_1486,422.0,1583539200000
tank_1488,0.0,1583539200000
tank_1491,0.0,1583539200000
tank_1500,0.0,1583539200000
tank_1505,42.0,1583539200000
tank_1513,346.0,1583539200000
tank_1531,12.0,1583539200000
tank_1536,0.0,1583539200000
tank_1539,311.0,1583539200000
tank_1541,23.0,1583539200000
tank_1542,0.0,1583539200000
tank_1547,16.0,1583539200000
tank_1563,0.0,1583539200000
tank_1564,0.0,1583539200000
tank_1565,339.0,1583539200000
tank_1567,0.2784313725490196,1583539200000
tank_1568,0.0,1583539200000
tank_1573,0.0,1583539200000
tank_1583,0.0,1583539200000
tank_1587,533.0,1583539200000
tank_1588,0.0,1583539200000
tank_1592,0.0,1583539200000
tank_1594,2.0,1583539200000
tank_1595,0.0,1583539200000
tank_1597,2.0,1583539200000
tank_1598,0.0,1583539200000
tank_1600,3.0,1583539200000
tank_1604,0.0,1583539200000
tank_0002,0.0,1584576000000
tank_0004,0.0,1584576000000
tank_0005,0.0,1584576000000
tank_0011,0.0,1584576000000
tank_0014,0.0,1584576000000
tank_0019,6.0,1584576000000
tank_0024,15.88627450980392,1584576000000
tank_0025,1.3568627450980393,1584576000000
tank_0026,1.0,1584576000000
tank_0027,1.0,1584576000000
tank_0030,0.0,1584576000000
tank_0031,4.0,1584576000000
tank_0036,0.0,1584576000000
tank_0037,4.8235294117647065,1584576000000
tank_0038,16.6078431372549,1584576000000
tank_0050,9.050980392156863,1584576000000
tank_0051,0.0,1584576000000
tank_0052,2.0,1584576000000
tank_0053,66.10980392156864,1584576000000
tank_0055,0.0,1584576000000
tank_0057,6.0,1584576000000
tank_0058,0.0,1584576000000
tank_0064,42.69019607843138,1584576000000
tank_0069,14.258823529411767,1584576000000
tank_0072,0.0,1584576000000
tank_0073,4.0,1584576000000
tank_0080,12.952941176470588,1584576000000
tank_0094,0.0,1584576000000
tank_0107,8.0,1584576000000
tank_0110,45.01960784313726,1584576000000
tank_0113,60.71764705882353,1584576000000
tank_0115,2.8745098039215686,1584576000000
tank_0116,0.796078431372549,1584576000000
tank_0117,29.0,1584576000000
tank_0118,0.0,1584576000000
tank_0122,0.0,1584576000000
tank_0125,31.09019607843137,1584576000000
tank_0130,17.27058823529412,1584576000000
tank_0131,0.0,1584576000000
tank_0132,0.0,1584576000000
tank_0134,0.0,1584576000000
tank_0135,0.0,1584576000000
tank_0142,0.5529411764705883,1584576000000
tank_0143,0.0,1584576000000
tank_0144,0.0,1584576000000
tank_0148,3.3490196078431373,1584576000000
tank_0153,0.0,1584576000000
tank_0156,93.68235294117648,1584576000000
tank_0159,20.02352941176471,1584576000000
tank_0165,0.0,1584576000000
tank_0171,0.0,1584576000000
tank_0172,0.4117647058823529,1584576000000
tank_0174,9.294117647058824,1584576000000
tank_0176,0.0,1584576000000
tank_0184,0.0,1584576000000
tank_0187,0.0,1584576000000
tank_0190,1.768627450980392,1584576000000
tank_0192,1.3764705882352941,1584576000000
tank_0193,0.5372549019607844,1584576000000
tank_0195,49.69803921568629,1584576000000
tank_0199,7.070588235294117,1584576000000
tank_0204,0.0,1584576000000
tank_0205,36.93333333333333,1584576000000
tank_0207,0.0,1584576000000
tank_0209,0.0,1584576000000
tank_0213,0.0,1584576000000
tank_0217,2.0,1584576000000
tank_0220,0.0,1584576000000
tank_0221,22.57254901960784,1584576000000
tank_0225,0.0,1584576000000
tank_0226,11.0,1584576000000
tank_0228,0.0,1584576000000
tank_0229,0.0,1584576000000
tank_0231,0.0,1584576000000
tank_0233,1.4980392156862745,1584576000000
tank_0236,3.0,1584576000000
tank_0237,6.325490196078431,1584576000000
tank_0240,0.0,1584576000000
tank_0242,0.0,1584576000000
tank_0245,0.0,1584576000000
tank_0247,22.0,1584576000000
tank_0256,5.262745098039216,1584576000000
tank_0257,0.0,1584576000000
tank_0260,3.9019607843137254,1584576000000
tank_0261,0.0,1584576000000
tank_0264,0.0,1584576000000
tank_0273,0.0,1584576000000
tank_0276,0.0,1584576000000
tank_0278,15.470588235294116,1584576000000
tank_0280,0.0,1584576000000
tank_0291,0.0,1584576000000
tank_0292,24.635294117647057,1584576000000
tank_0296,0.0,1584576000000
tank_0297,3.0,1584576000000
tank_0299,23.72156862745098,1584576000000
tank_0300,18.152941176470588,1584576000000
tank_0301,8.654901960784315,1584576000000
tank_0307,0.0,1584576000000
tank_0309,0.0,1584576000000
tank_0313,0.0,1584576000000
tank_0314,10.08235294117647,1584576000000
tank_0319,0.0,1584576000000
tank_0321,7.286274509803921,1584576000000
tank_0327,0.0,1584576000000
tank_0337,0.0,1584576000000
tank_0338,1.619607843137255,1584576000000
tank_0339,37.992156862745105,1584576000000
tank_0342,0.08235294117647059,1584576000000
tank_0345,0.0,1584576000000
tank_0346,0.0,1584576000000
tank_0349,0.0,1584576000000
tank_0350,1.5333333333333332,1584576000000
tank_0353,57.427450980392166,1584576000000
tank_0356,0.0,1584576000000
tank_0360,6.3803921568627455,1584576000000
tank_0361,31.729411764705883,1584576000000
tank_0362,0.0,1584576000000
tank_0364,0.0,1584576000000
tank_0366,29.0,1584576000000
tank_0369,0.0,1584576000000
tank_0375,0.0,1584576000000
tank_0379,41.07450980392157,1584576000000
tank_0381,0.0,1584576000000
tank_0386,0.0,1584576000000
tank_0390,1.0,1584576000000
tank_0397,0.0,1584576000000
tank_0399,0.0,1584576000000
tank_0404,2.403921568627451,1584576000000
tank_0409,0.0,1584576000000
tank_0420,0.0,1584576000000
tank_0425,0.0,1584576000000
tank_0431,0.0,1584576000000
tank_0432,0.0,1584576000000
tank_0435,0.0,1584576000000
tank_0436,0.0,1584576000000
tank_0438,0.0,1584576000000
tank_0443,0.0,1584576000000
tank_0444,0.0,1584576000000
tank_0447,51.937254901960785,1584576000000
tank_0448,0.0,1584576000000
tank_0449,0.0,1584576000000
tank_0455,5.572549019607843,1584576000000
tank_0460,0.0,1584576000000
tank_0462,0.0,1584576000000
tank_0466,0.0,1584576000000
tank_0471,2.0,1584576000000
tank_0473,0.8431372549019608,1584576000000
tank_0474,10.427450980392157,1584576000000
tank_0481,29.090196078431372,1584576000000
tank_0485,0.0,1584576000000
tank_0489,0.0,1584576000000
tank_0491,1.2509803921568627,1584576000000
tank_0494,0.0,1584576000000
tank_0497,5.854901960784314,1584576000000
tank_0498,0.0,1584576000000
tank_0502,0.0,1584576000000
tank_0505,2.0,1584576000000
tank_0509,1.388235294117647,1584576000000
tank_0512,15.0,1584576000000
tank_0514,0.0,1584576000000
tank_0515,2.0,1584576000000
tank_0521,0.0,1584576000000
tank_0524,4.0,1584576000000
tank_0526,23.0,1584576000000
tank_0533,0.0,1584576000000
tank_0534,0.4980392156862745,1584576000000
tank_0536,0.0,1584576000000
tank_0537,0.0,1584576000000
tank_0541,1.0,1584576000000
tank_0547,0.0,1584576000000
tank_0552,0.0,1584576000000
tank_0555,0.0,1584576000000
tank_0556,0.0,1584576000000
tank_0557,0.4235294117647059,1584576000000
tank_0560,0.0,1584576000000
tank_0561,0.0,1584576000000
tank_0566,0.0,1584576000000
tank_0567,0.0,1584576000000
tank_0568,15.952941176470588,1584576000000
tank_0574,0.0,1584576000000
tank_0579,0.0,1584576000000
tank_0583,0.0,1584576000000
tank_0587,0.0,1584576000000
tank_0589,0.0,1584576000000
tank_0590,1.0,1584576000000
tank_0592,0.0,1584576000000
tank_0593,0.0,1584576000000
tank_0595,1.4,1584576000000
tank_0600,9.0,1584576000000
tank_0604,2.67843137254902,1584576000000
tank_0606,2.8745098039215686,1584576000000
tank_0607,5.211764705882352,1584576000000
tank_0608,90.0,1584576000000
tank_0610,0.0,1584576000000
tank_0611,1.0,1584576000000
tank_0612,1.0431372549019609,1584576000000
tank_0613,3.0,1584576000000
tank_0619,0.0,1584576000000
tank_0626,3.686274509803922,1584576000000
tank_0627,0.0,1584576000000
tank_0628,5.168627450980392,1584576000000
tank_0632,0.0,1584576000000
tank_0633,0.0,1584576000000
tank_0639,0.0,1584576000000
tank_0640,0.0,1584576000000
tank_0641,2.0,1584576000000
tank_0643,33.61960784313726,1584576000000
tank_0646,0.0,1584576000000
tank_0663,17.0,1584576000000
tank_0664,0.0,1584576000000
tank_0666,4.125490196078431,1584576000000
tank_0667,0.0,1584576000000
tank_0670,0.0,1584576000000
tank_0675,1.7607843137254902,1584576000000
tank_0676,401.0,1584576000000
tank_0678,2.8235294117647056,1584576000000
tank_0681,0.0,1584576000000
tank_0687,0.0,1584576000000
tank_0688,0.0,1584576000000
tank_0697,1.6862745098039216,1584576000000
tank_0720,1.0,1584576000000
tank_0722,0.0,1584576000000
tank_0724,0.792156862745098,1584576000000
tank_0725,0.0,1584576000000
tank_0728,1.7568627450980392,1584576000000
tank_0730,0.0,1584576000000
tank_0731,0.0,1584576000000
tank_0732,0.0,1584576000000
tank_0737,112.0,1584576000000
tank_0739,0.0,1584576000000
tank_0740,57.047058823529404,1584576000000
tank_0746,0.0,1584576000000
tank_0748,0.0,1584576000000
tank_0749,9.611764705882353,1584576000000
tank_0752,0.03529411764705882,1584576000000
tank_0760,0.0,1584576000000
tank_0770,4.423529411764706,1584576000000
tank_0772,0.0,1584576000000
tank_0788,0.0,1584576000000
tank_0789,10.0,1584576000000
tank_0792,89.52156862745096,1584576000000
tank_0797,0.0,1584576000000
tank_0800,14.749019607843138,1584576000000
tank_0802,2.8078431372549018,1584576000000
tank_0803,7.772549019607843,1584576000000
tank_0808,0.0,1584576000000
tank_0810,0.0,1584576000000
tank_0811,2.1529411764705886,1584576000000
tank_0812,0.0,1584576000000
tank_0813,0.0,1584576000000
tank_0816,0.0,1584576000000
tank_0819,0.0,1584576000000
tank_0823,0.0,1584576000000
tank_0824,22.0,1584576000000
tank_0825,0.0,1584576000000
tank_0828,0.0,1584576000000
tank_0829,18.0,1584576000000
tank_0830,0.0,1584576000000
tank_0831,50.282352941176455,1584576000000
tank_0844,0.0,1584576000000
tank_0852,0.0,1584576000000
tank_0855,31.0,1584576000000
tank_0856,639.0,1584576000000
tank_0860,10.0,1584576000000
tank_0861,0.0,1584576000000
tank_0872,0.0,1584576000000
tank_0875,0.0,1584576000000
tank_0879,0.0,1584576000000
tank_0885,4.133333333333333,1584576000000
tank_0891,0.0,1584576000000
tank_0894,923.0,1584576000000
tank_0898,324.0,1584576000000
tank_0900,16.27843137254902,1584576000000
tank_0901,22.0,1584576000000
tank_0902,29.0,1584576000000
tank_0914,0.0,1584576000000
tank_0917,470.0,1584576000000
tank_0919,2.0,1584576000000
tank_0920,0.0,1584576000000
tank_0922,53.0,1584576000000
tank_0923,0.0,1584576000000
tank_0924,7.576470588235294,1584576000000
tank_0926,11.772549019607844,1584576000000
tank_0927,1.8784313725490196,1584576000000
tank_0928,0.0,1584576000000
tank_0930,0.0,1584576000000
tank_0931,0.0,1584576000000
tank_0933,0.0,1584576000000
tank_0934,1.5411764705882351,1584576000000
tank_0937,0.0,1584576000000
tank_0938,1.0,1584576000000
tank_0939,0.0,1584576000000
tank_0944,81.0,1584576000000
tank_0946,17.0,1584576000000
tank_0952,0.0,1584576000000
tank_0958,0.0,1584576000000
tank_0962,738.0,1584576000000
tank_0967,2.5607843137254904,1584576000000
tank_0975,0.0,1584576000000
tank_0978,1.0,1584576000000
tank_0990,0.0,1584576000000
tank_0991,473.81176470588235,1584576000000
tank_0998,0.0,1584576000000
tank_0999,3.403921568627451,1584576000000
tank_1003,108.0,1584576000000
tank_1004,2.0,1584576000000
tank_1014,0.0,1584576000000
tank_1026,78.0,1584576000000
tank_1031,23.01960784313726,1584576000000
tank_1032,0.0,1584576000000
tank_1034,0.0,1584576000000
tank_1042,52.0,1584576000000
tank_1045,0.0,1584576000000
tank_1049,49.0,1584576000000
tank_1055,1.1490196078431372,1584576000000
tank_1061,0.0,1584576000000
tank_1062,0.0,1584576000000
tank_1064,0.0,1584576000000
tank_1065,0.0,1584576000000
tank_1066,2.88235294117647,1584576000000
tank_1070,0.0,1584576000000
tank_1073,23.0,1584576000000
tank_1083,236.0,1584576000000
tank_1086,9.0,1584576000000
tank_1088,0.0,1584576000000
tank_1089,7.0,1584576000000
tank_1090,16.0,1584576000000
tank_1091,0.0,1584576000000
tank_1094,663.0,1584576000000
tank_1095,30.819607843137256,1584576000000
tank_1104,0.0,1584576000000
tank_1113,45.984313725490196,1584576000000
tank_1116,23.53333333333333,1584576000000
tank_1117,0.0,1584576000000
tank_1120,193.0,1584576000000
tank_1121,128.0,1584576000000
tank_1124,26.96078431372549,1584576000000
tank_1128,20.0,1584576000000
tank_1134,0.0,1584576000000
tank_1135,26.0,1584576000000
tank_1146,27.239215686274513,1584576000000
tank_1149,0.0,1584576000000
tank_1156,0.0,1584576000000
tank_1157,11.870588235294118,1584576000000
tank_1159,113.0,1584576000000
tank_1160,123.0,1584576000000
tank_1166,0.0,1584576000000
tank_1170,19.396078431372548,1584576000000
tank_1175,0.0,1584576000000
tank_1177,0.0,1584576000000
tank_1179,10.913725490196077,1584576000000
tank_1181,175.94117647058823,1584576000000
tank_1186,22.0,1584576000000
tank_1187,15.588235294117647,1584576000000
tank_1190,13.0,1584576000000
tank_1192,0.0,1584576000000
tank_1196,0.0,1584576000000
tank_1197,632.0,1584576000000
tank_1201,0.0,1584576000000
tank_1203,0.0,1584576000000
tank_1205,255.0,1584576000000
tank_1209,868.0,1584576000000
tank_1217,0.32941176470588235,1584576000000
tank_1223,0.0,1584576000000
tank_1226,0.0,1584576000000
tank_1228,20.0,1584576000000
tank_1230,0.0,1584576000000
tank_1237,0.0,1584576000000
tank_1239,561.6980392156863,1584576000000
tank_1245,0.0,1584576000000
tank_1246,30.0,1584576000000
tank_1250,0.0,1584576000000
tank_1254,371.0,1584576000000
tank_1255,6.8156862745098055,1584576000000
tank_1258,10.0,1584576000000
tank_1261,0.0,1584576000000
tank_1262,1.2078431372549019,1584576000000
tank_1263,0.0,1584576000000
tank_1265,0.0,1584576000000
tank_1270,29.0,1584576000000
tank_1272,5.772549019607843,1584576000000
tank_1275,4.901960784313726,1584576000000
tank_1276,0.0,1584576000000
tank_1279,38.69803921568628,1584576000000
tank_1280,5.8196078431372555,1584576000000
tank_1284,0.0,1584576000000
tank_1285,0.0,1584576000000
tank_1286,20.0,1584576000000
tank_1290,0.0,1584576000000
tank_1291,0.0,1584576000000
tank_1293,0.0,1584576000000
tank_1295,1.227450980392157,1584576000000
tank_1297,69.0,1584576000000
tank_1301,0.0,1584576000000
tank_1302,0.0,1584576000000
tank_1304,0.0,1584576000000
tank_1305,0.23529411764705882,1584576000000
tank_1313,109.0,1584576000000
tank_1322,0.0,1584576000000
tank_1325,114.99607843137255,1584576000000
tank_1326,0.0,1584576000000
tank_1344,0.0,1584576000000
tank_1346,7.6,1584576000000
tank_1349,0.0,1584576000000
tank_1353,310.0,1584576000000
tank_1358,0.0,1584576000000
tank_1359,0.0,1584576000000
tank_1361,89.0,1584576000000
tank_1364,156.0,1584576000000
tank_1365,0.0,1584576000000
tank_1372,65.0,1584576000000
tank_1374,215.0,1584576000000
tank_1378,472.0,1584576000000
tank_1380,7.0,1584576000000
tank_1386,10.0,1584576000000
tank_1391,0.0,1584576000000
tank_1393,0.0,1584576000000
tank_1396,0.0,1584576000000
tank_1397,0.0,1584576000000
tank_1403,0.0,1584576000000
tank_1409,0.0,1584576000000
tank_1412,0.0,1584576000000
tank_1415,0.0,1584576000000
tank_1416,0.0,1584576000000
tank_1421,155.0,1584576000000
tank_1422,0.0,1584576000000
tank_1425,467.0,1584576000000
tank_1426,0.0,1584576000000
tank_1430,0.0,1584576000000
tank_1433,216.0,1584576000000
tank_1438,0.0,1584576000000
tank_1439,0.0,1584576000000
tank_1441,2.0,1584576000000
tank_1443,0.0,1584576000000
tank_1445,6.0,1584576000000
tank_1446,0.0,1584576000000
tank_1450,0.0,1584576000000
tank_1452,0.0,1584576000000
tank_1456,2.0,1584576000000
tank_1466,1.7490196078431373,1584576000000
tank_1471,0.0,1584576000000
tank_1475,150.0,1584576000000
tank_1486,909.0,1584576000000
tank_1488,0.0,1584576000000
tank_1491,0.0,1584576000000
tank_1500,0.0,1584576000000
tank_1505,58.0,1584576000000
tank_1513,228.0,1584576000000
tank_1531,0.0,1584576000000
tank_1536,0.0,1584576000000
tank_1539,132.0,1584576000000
tank_1541,49.0,1584576000000
tank_1542,0.0,1584576000000
tank_1547,15.0,1584576000000
tank_1563,0.0,1584576000000
tank_1564,0.0,1584576000000
tank_1565,417.99607843137255,1584576000000
tank_1567,0.0,1584576000000
tank_1568,0.0,1584576000000
tank_1573,0.0,1584576000000
tank_1583,4.309803921568627,1584576000000
tank_1587,190.0,1584576000000
tank_1588,0.0,1584576000000
tank_1592,5.894117647058825,1584576000000
tank_1594,0.0,1584576000000
tank_1595,0.0,1584576000000
tank_1597,1.0,1584576000000
tank_1598,0.0,1584576000000
tank_1600,20.929411764705883,1584576000000
tank_1604,0.0,1584576000000
tank_0002,0.0,1585612800000
tank_0004,0.0,1585612800000
tank_0005,0.0,1585612800000
tank_0011,0.0,1585612800000
tank_0014,0.0,1585612800000
tank_0019,5.372549019607844,1585612800000
tank_0024,17.588235294117645,1585612800000
tank_0025,0.0,1585612800000
tank_0026,3.6666666666666665,1585612800000
tank_0027,0.0,1585612800000
tank_0030,2.4941176470588236,1585612800000
tank_0031,12.0,1585612800000
tank_0036,0.0,1585612800000
tank_0037,4.188235294117646,1585612800000
tank_0038,12.878431372549018,1585612800000
tank_0050,2.7921568627450983,1585612800000
tank_0051,0.0,1585612800000
tank_0052,0.0,1585612800000
tank_0053,72.36862745098041,1585612800000
tank_0055,0.13333333333333333,1585612800000
tank_0057,5.0,1585612800000
tank_0058,0.0,1585612800000
tank_0064,44.24705882352941,1585612800000
tank_0069,15.701960784313725,1585612800000
tank_0072,0.0,1585612800000
tank_0073,0.0,1585612800000
tank_0080,11.952941176470588,1585612800000
tank_0094,0.0,1585612800000
tank_0107,4.776470588235294,1585612800000
tank_0110,50.0,1585612800000
tank_0113,67.79215686274509,1585612800000
tank_0115,0.0,1585612800000
tank_0116,0.0,1585612800000
tank_0117,27.0,1585612800000
tank_0118,0.0,1585612800000
tank_0122,0.0,1585612800000
tank_0125,27.760784313725487,1585612800000
tank_0130,14.125490196078431,1585612800000
tank_0131,0.0,1585612800000
tank_0132,0.0,1585612800000
tank_0134,0.0,1585612800000
tank_0135,1.0,1585612800000
tank_0142,0.0,1585612800000
tank_0143,0.0,1585612800000
tank_0144,0.0,1585612800000
tank_0148,1.2117647058823529,1585612800000
tank_0153,0.0,1585612800000
tank_0156,98.51372549019608,1585612800000
tank_0159,11.466666666666665,1585612800000
tank_0165,0.0,1585612800000
tank_0171,0.0,1585612800000
tank_0172,0.0,1585612800000
tank_0174,14.247058823529413,1585612800000
tank_0176,7.83921568627451,1585612800000
tank_0184,0.0,1585612800000
tank_0187,5.368627450980392,1585612800000
tank_0190,2.2666666666666666,1585612800000
tank_0192,0.0,1585612800000
tank_0193,0.2,1585612800000
tank_0195,72.43137254901961,1585612800000
tank_0199,13.000000000000002,1585612800000
tank_0204,0.0,1585612800000
tank_0205,25.917647058823526,1585612800000
tank_0207,0.0,1585612800000
tank_0209,0.0,1585612800000
tank_0213,0.0,1585612800000
tank_0217,0.0,1585612800000
tank_0220,0.0,1585612800000
tank_0221,14.450980392156861,1585612800000
tank_0225,0.0,1585612800000
tank_0226,23.729411764705883,1585612800000
tank_0228,0.0,1585612800000
tank_0229,0.0,1585612800000
tank_0231,0.0,1585612800000
tank_0233,0.0,1585612800000
tank_0236,0.0,1585612800000
tank_0237,5.0,1585612800000
tank_0240,2.0,1585612800000
tank_0242,0.0,1585612800000
tank_0245,2.325490196078431,1585612800000
tank_0247,4.0,1585612800000
tank_0256,3.0,1585612800000
tank_0257,0.0,1585612800000
tank_0260,0.5568627450980392,1585612800000
tank_0261,0.0,1585612800000
tank_0264,0.0,1585612800000
tank_0273,0.0,1585612800000
tank_0276,0.0,1585612800000
tank_0278,17.12156862745098,1585612800000
tank_0280,0.0,1585612800000
tank_0291,0.0,1585612800000
tank_0292,34.96862745098039,1585612800000
tank_0296,0.0,1585612800000
tank_0297,2.3058823529411763,1585612800000
tank_0299,19.121568627450984,1585612800000
tank_0300,16.905882352941177,1585612800000
tank_0301,1.396078431372549,1585612800000
tank_0307,0.0,1585612800000
tank_0309,0.0,1585612800000
tank_0313,0.0,1585612800000
tank_0314,12.07843137254902,1585612800000
tank_0319,0.0,1585612800000
tank_0321,0.0,1585612800000
tank_0327,0.0,1585612800000
tank_0337,0.0,1585612800000
tank_0338,1.0,1585612800000
tank_0339,39.6078431372549,1585612800000
tank_0342,2.4980392156862745,1585612800000
tank_0345,0.0,1585612800000
tank_0346,0.0,1585612800000
tank_0349,0.0,1585612800000
tank_0350,0.0,1585612800000
tank_0353,79.50588235294119,1585612800000
tank_0356,0.0,1585612800000
tank_0360,2.380392156862745,1585612800000
tank_0361,35.92156862745098,1585612800000
tank_0362,0.0,1585612800000
tank_0364,0.0,1585612800000
tank_0366,12.847058823529412,1585612800000
tank_0369,0.0,1585612800000
tank_0375,0.0,1585612800000
tank_0379,47.51764705882353,1585612800000
tank_0381,0.0,1585612800000
tank_0386,1.0,1585612800000
tank_0390,5.0,1585612800000
tank_0397,0.011764705882352941,1585612800000
tank_0399,0.3568627450980392,1585612800000
tank_0404,1.0941176470588236,1585612800000
tank_0409,0.0,1585612800000
tank_0420,0.0,1585612800000
tank_0425,0.0,1585612800000
tank_0431,0.0,1585612800000
tank_0432,1.2509803921568627,1585612800000
tank_0435,0.0,1585612800000
tank_0436,0.0,1585612800000
tank_0438,0.0,1585612800000
tank_0443,0.0,1585612800000
tank_0444,0.0,1585612800000
tank_0447,30.513725490196077,1585612800000
tank_0448,0.0,1585612800000
tank_0449,0.0,1585612800000
tank_0455,2.2509803921568627,1585612800000
tank_0460,0.0,1585612800000
tank_0462,0.0,1585612800000
tank_0466,6.7098039215686285,1585612800000
tank_0471,0.0,1585612800000
tank_0473,1.0,1585612800000
tank_0474,16.827450980392157,1585612800000
tank_0481,37.956862745098036,1585612800000
tank_0485,0.0,1585612800000
tank_0489,0.0,1585612800000
tank_0491,0.0,1585612800000
tank_0494,6.0,1585612800000
tank_0497,2.0,1585612800000
tank_0498,0.0,1585612800000
tank_0502,0.0,1585612800000
tank_0505,0.0,1585612800000
tank_0509,0.0,1585612800000
tank_0512,10.0,1585612800000
tank_0514,0.0,1585612800000
tank_0515,0.0,1585612800000
tank_0521,0.0,1585612800000
tank_0524,0.0,1585612800000
tank_0526,25.0,1585612800000
tank_0533,0.0,1585612800000
tank_0534,0.08235294117647059,1585612800000
tank_0536,0.0,1585612800000
tank_0537,0.0,1585612800000
tank_0541,0.0,1585612800000
tank_0547,0.9450980392156862,1585612800000
tank_0552,1.0,1585612800000
tank_0555,0.0,1585612800000
tank_0556,0.0,1585612800000
tank_0557,3.627450980392157,1585612800000
tank_0560,6.537254901960784,1585612800000
tank_0561,0.0,1585612800000
tank_0566,0.0,1585612800000
tank_0567,0.0,1585612800000
tank_0568,6.227450980392157,1585612800000
tank_0574,0.0,1585612800000
tank_0579,0.0,1585612800000
tank_0583,3.0,1585612800000
tank_0587,0.0,1585612800000
tank_0589,0.0,1585612800000
tank_0590,1.0,1585612800000
tank_0592,0.0,1585612800000
tank_0593,0.3176470588235294,1585612800000
tank_0595,0.0,1585612800000
tank_0600,1.8745098039215686,1585612800000
tank_0604,5.066666666666666,1585612800000
tank_0606,3.0,1585612800000
tank_0607,1.0,1585612800000
tank_0608,88.0,1585612800000
tank_0610,0.0,1585612800000
tank_0611,0.0,1585612800000
tank_0612,2.556862745098039,1585612800000
tank_0613,4.0,1585612800000
tank_0619,0.0,1585612800000
tank_0626,0.0,1585612800000
tank_0627,0.0,1585612800000
tank_0628,2.0980392156862746,1585612800000
tank_0632,1.0,1585612800000
tank_0633,0.0,1585612800000
tank_0639,0.0,1585612800000
tank_0640,0.0,1585612800000
tank_0641,0.0,1585612800000
tank_0643,21.70980392156863,1585612800000
tank_0646,0.0,1585612800000
tank_0663,8.0,1585612800000
tank_0664,0.0,1585612800000
tank_0666,0.0,1585612800000
tank_0667,0.0,1585612800000
tank_0670,0.0,1585612800000
tank_0675,0.0,1585612800000
tank_0676,338.0,1585612800000
tank_0678,0.4666666666666667,1585612800000
tank_0681,0.0,1585612800000
tank_0687,0.0,1585612800000
tank_0688,0.0,1585612800000
tank_0697,1.6862745098039216,1585612800000
tank_0720,0.8117647058823529,1585612800000
tank_0722,2.0,1585612800000
tank_0724,13.309803921568626,1585612800000
tank_0725,0.0,1585612800000
tank_0728,1.2431372549019608,1585612800000
tank_0730,0.0,1585612800000
tank_0731,0.0,1585612800000
tank_0732,0.0,1585612800000
tank_0737,9.0,1585612800000
tank_0739,1.0,1585612800000
tank_0740,52.66274509803922,1585612800000
tank_0746,4.050980392156863,1585612800000
tank_0748,1.007843137254902,1585612800000
tank_0749,6.329411764705881,1585612800000
tank_0752,4.117647058823529,1585612800000
tank_0760,0.0,1585612800000
tank_0770,0.011764705882352941,1585612800000
tank_0772,0.0,1585612800000
tank_0788,0.0,1585612800000
tank_0789,18.0,1585612800000
tank_0792,62.317647058823525,1585612800000
tank_0797,0.0,1585612800000
tank_0800,18.0,1585612800000
tank_0802,2.0,1585612800000
tank_0803,6.772549019607843,1585612800000
tank_0808,4.0,1585612800000
tank_0810,0.0,1585612800000
tank_0811,1.9607843137254903,1585612800000
tank_0812,0.0,1585612800000
tank_0813,0.0,1585612800000
tank_0816,0.0,1585612800000
tank_0819,0.0,1585612800000
tank_0823,0.0,1585612800000
tank_0824,1.0,1585612800000
tank_0825,0.0,1585612800000
tank_0828,0.0,1585612800000
tank_0829,29.0,1585612800000
tank_0830,0.0,1585612800000
tank_0831,26.196078431372552,1585612800000
tank_0844,0.0,1585612800000
tank_0852,0.0,1585612800000
tank_0855,25.0,1585612800000
tank_0856,855.0,1585612800000
tank_0860,11.388235294117647,1585612800000
tank_0861,0.0,1585612800000
tank_0872,0.0,1585612800000
tank_0875,0.0,1585612800000
tank_0879,0.0,1585612800000
tank_0885,5.788235294117647,1585612800000
tank_0891,0.0,1585612800000
tank_0894,913.0,1585612800000
tank_0898,310.0,1585612800000
tank_0900,24.87843137254902,1585612800000
tank_0901,8.0,1585612800000
tank_0902,25.0,1585612800000
tank_0914,0.0,1585612800000
tank_0917,403.0,1585612800000
tank_0919,1.0,1585612800000
tank_0920,0.0,1585612800000
tank_0922,34.0,1585612800000
tank_0923,0.8549019607843138,1585612800000
tank_0924,10.498039215686275,1585612800000
tank_0926,2.0,1585612800000
tank_0927,0.12549019607843137,1585612800000
tank_0928,0.0,1585612800000
tank_0930,0.0,1585612800000
tank_0931,0.0,1585612800000
tank_0933,0.25098039215686274,1585612800000
tank_0934,2.0,1585612800000
tank_0937,0.0,1585612800000
tank_0938,0.0,1585612800000
tank_0939,0.0,1585612800000
tank_0944,72.0,1585612800000
tank_0946,8.745098039215687,1585612800000
tank_0952,0.0,1585612800000
tank_0958,0.0,1585612800000
tank_0962,714.0,1585612800000
tank_0967,1.9215686274509804,1585612800000
tank_0975,0.0,1585612800000
tank_0978,0.0,1585612800000
tank_0990,0.0,1585612800000
tank_0991,737.8117647058823,1585612800000
tank_0998,0.0,1585612800000
tank_0999,0.0,1585612800000
tank_1003,198.0,1585612800000
tank_1004,8.968627450980392,1585612800000
tank_1014,0.0,1585612800000
tank_1026,72.0,1585612800000
tank_1031,14.019607843137255,1585612800000
tank_1032,0.0,1585612800000
tank_1034,0.0,1585612800000
tank_1042,27.0,1585612800000
tank_1045,0.0,1585612800000
tank_1049,38.0,1585612800000
tank_1055,0.0,1585612800000
tank_1061,0.0,1585612800000
tank_1062,1.1254901960784314,1585612800000
tank_1064,0.0,1585612800000
tank_1065,0.0,1585612800000
tank_1066,0.058823529411764705,1585612800000
tank_1070,2.0,1585612800000
tank_1073,22.0,1585612800000
tank_1083,225.0,1585612800000
tank_1086,12.0,1585612800000
tank_1088,1.0,1585612800000
tank_1089,0.0,1585612800000
tank_1090,7.0,1585612800000
tank_1091,0.0,1585612800000
tank_1094,856.0,1585612800000
tank_1095,18.0,1585612800000
tank_1104,0.0,1585612800000
tank_1113,42.0,1585612800000
tank_1116,24.780392156862746,1585612800000
tank_1117,0.0,1585612800000
tank_1120,185.0,1585612800000
tank_1121,134.0,1585612800000
tank_1124,26.06666666666667,1585612800000
tank_1128,11.0,1585612800000
tank_1134,0.0,1585612800000
tank_1135,18.847058823529412,1585612800000
tank_1146,17.69411764705882,1585612800000
tank_1149,1.3372549019607844,1585612800000
tank_1156,0.0,1585612800000
tank_1157,9.886274509803922,1585612800000
tank_1159,150.0,1585612800000
tank_1160,132.0,1585612800000
tank_1166,0.0,1585612800000
tank_1170,16.16078431372549,1585612800000
tank_1175,0.0,1585612800000
tank_1177,1.411764705882353,1585612800000
tank_1179,16.537254901960782,1585612800000
tank_1181,121.94117647058823,1585612800000
tank_1186,35.0,1585612800000
tank_1187,6.894117647058824,1585612800000
tank_1190,4.0,1585612800000
tank_1192,0.0,1585612800000
tank_1196,0.0,1585612800000
tank_1197,1282.0,1585612800000
tank_1201,0.0,1585612800000
tank_1203,0.0,1585612800000
tank_1205,209.38823529411764,1585612800000
tank_1209,660.929411764706,1585612800000
tank_1217,2.1882352941176473,1585612800000
tank_1223,0.0,1585612800000
tank_1226,0.0,1585612800000
tank_1228,22.0,1585612800000
tank_1230,1.1372549019607843,1585612800000
tank_1237,0.0,1585612800000
tank_1239,524.6980392156863,1585612800000
tank_1245,0.0,1585612800000
tank_1246,0.0,1585612800000
tank_1250,0.0,1585612800000
tank_1254,946.0,1585612800000
tank_1255,9.690196078431374,1585612800000
tank_1258,8.0,1585612800000
tank_1261,0.45098039215686275,1585612800000
tank_1262,1.4509803921568627,1585612800000
tank_1263,0.0,1585612800000
tank_1265,0.0,1585612800000
tank_1270,26.976470588235294,1585612800000
tank_1272,0.0,1585612800000
tank_1275,0.0,1585612800000
tank_1276,5.0,1585612800000
tank_1279,32.28235294117647,1585612800000
tank_1280,10.450980392156863,1585612800000
tank_1284,0.0,1585612800000
tank_1285,0.0,1585612800000
tank_1286,8.0,1585612800000
tank_1290,0.0,1585612800000
tank_1291,0.0,1585612800000
tank_1293,0.0,1585612800000
tank_1295,1.8823529411764706,1585612800000
tank_1297,44.0,1585612800000
tank_1301,0.0,1585612800000
tank_1302,0.0,1585612800000
tank_1304,0.0,1585612800000
tank_1305,0.0,1585612800000
tank_1313,78.0,1585612800000
tank_1322,0.0,1585612800000
tank_1325,45.51372549019608,1585612800000
tank_1326,0.0,1585612800000
tank_1344,1.0,1585612800000
tank_1346,9.474509803921569,1585612800000
tank_1349,0.0,1585612800000
tank_1353,323.0,1585612800000
tank_1358,0.0,1585612800000
tank_1359,0.0,1585612800000
tank_1361,59.0,1585612800000
tank_1364,615.0,1585612800000
tank_1365,0.0,1585612800000
tank_1372,50.0,1585612800000
tank_1374,295.8078431372549,1585612800000
tank_1378,455.0,1585612800000
tank_1380,0.0,1585612800000
tank_1386,12.0,1585612800000
tank_1391,0.0,1585612800000
tank_1393,0.0,1585612800000
tank_1396,0.0,1585612800000
tank_1397,0.0,1585612800000
tank_1403,0.0,1585612800000
tank_1409,4.0,1585612800000
tank_1412,0.0,1585612800000
tank_1415,0.0,1585612800000
tank_1416,0.0,1585612800000
tank_1421,170.83529411764707,1585612800000
tank_1422,0.0,1585612800000
tank_1425,471.0,1585612800000
tank_1426,4.0,1585612800000
tank_1430,0.0,1585612800000
tank_1433,273.0,1585612800000
tank_1438,4.0,1585612800000
tank_1439,0.0,1585612800000
tank_1441,0.0,1585612800000
tank_1443,0.0,1585612800000
tank_1445,2.0,1585612800000
tank_1446,0.0,1585612800000
tank_1450,0.0,1585612800000
tank_1452,0.0,1585612800000
tank_1456,5.0,1585612800000
tank_1466,3.2470588235294118,1585612800000
tank_1471,0.0,1585612800000
tank_1475,208.0,1585612800000
tank_1486,853.0,1585612800000
tank_1488,0.0,1585612800000
tank_1491,0.0,1585612800000
tank_1500,1.8862745098039215,1585612800000
tank_1505,11.0,1585612800000
tank_1513,13.0,1585612800000
tank_1531,0.0,1585612800000
tank_1536,0.0,1585612800000
tank_1539,221.0,1585612800000
tank_1541,37.0,1585612800000
tank_1542,0.0,1585612800000
tank_1547,9.0,1585612800000
tank_1563,0.0,1585612800000
tank_1564,0.0,1585612800000
tank_1565,396.0,1585612800000
tank_1567,0.0,1585612800000
tank_1568,0.0,1585612800000
tank_1573,0.0,1585612800000
tank_1583,0.0,1585612800000
tank_1587,872.0,1585612800000
tank_1588,0.0,1585612800000
tank_1592,8.772549019607844,1585612800000
tank_1594,0.0,1585612800000
tank_1595,0.0,1585612800000
tank_1597,2.0,1585612800000
tank_1598,0.0,1585612800000
tank_1600,8.733333333333334,1585612800000
tank_1604,0.0,1585612800000
tank_0002,0.0,1586649600000
tank_0004,0.0,1586649600000
tank_0005,0.0,1586649600000
tank_0011,0.0,1586649600000
tank_0014,0.0,1586649600000
tank_0019,12.372549019607844,1586649600000
tank_0024,19.741176470588236,1586649600000
tank_0025,0.0,1586649600000
tank_0026,11.976470588235294,1586649600000
tank_0027,0.0,1586649600000
tank_0030,15.698039215686276,1586649600000
tank_0031,5.0,1586649600000
tank_0036,2.0431372549019606,1586649600000
tank_0037,0.0,1586649600000
tank_0038,4.286274509803921,1586649600000
tank_0050,10.850980392156863,1586649600000
tank_0051,0.0,1586649600000
tank_0052,0.0,1586649600000
tank_0053,78.9607843137255,1586649600000
tank_0055,0.8509803921568627,1586649600000
tank_0057,0.0,1586649600000
tank_0058,0.0,1586649600000
tank_0064,58.545098039215695,1586649600000
tank_0069,10.709803921568628,1586649600000
tank_0072,0.0,1586649600000
tank_0073,0.0,1586649600000
tank_0080,6.0,1586649600000
tank_0094,0.0,1586649600000
tank_0107,21.803921568627448,1586649600000
tank_0110,50.98039215686274,1586649600000
tank_0113,55.97254901960784,1586649600000
tank_0115,0.0,1586649600000
tank_0116,0.0,1586649600000
tank_0117,37.0,1586649600000
tank_0118,0.0,1586649600000
tank_0122,0.0,1586649600000
tank_0125,19.490196078431374,1586649600000
tank_0130,27.67450980392157,1586649600000
tank_0131,0.0,1586649600000
tank_0132,0.0,1586649600000
tank_0134,1.0,1586649600000
tank_0135,0.0,1586649600000
tank_0142,13.031372549019608,1586649600000
tank_0143,0.0,1586649600000
tank_0144,0.0,1586649600000
tank_0148,22.023529411764706,1586649600000
tank_0153,0.0,1586649600000
tank_0156,114.15686274509802,1586649600000
tank_0159,8.96470588235294,1586649600000
tank_0165,4.0,1586649600000
tank_0171,0.0,1586649600000
tank_0172,0.0,1586649600000
tank_0174,10.815686274509803,1586649600000
tank_0176,9.270588235294118,1586649600000
tank_0184,0.0,1586649600000
tank_0187,0.0,1586649600000
tank_0190,2.850980392156863,1586649600000
tank_0192,11.623529411764705,1586649600000
tank_0193,1.3764705882352941,1586649600000
tank_0195,44.52549019607844,1586649600000
tank_0199,23.058823529411764,1586649600000
tank_0204,0.0,1586649600000
tank_0205,28.435294117647054,1586649600000
tank_0207,0.5411764705882353,1586649600000
tank_0209,0.0,1586649600000
tank_0213,5.0,1586649600000
tank_0217,3.0,1586649600000
tank_0220,0.0,1586649600000
tank_0221,18.29019607843137,1586649600000
tank_0225,0.0,1586649600000
tank_0226,19.450980392156865,1586649600000
tank_0228,2.0,1586649600000
tank_0229,0.0,1586649600000
tank_0231,0.0,1586649600000
tank_0233,0.6196078431372549,1586649600000
tank_0236,3.0,1586649600000
tank_0237,6.03921568627451,1586649600000
tank_0240,1.1411764705882352,1586649600000
tank_0242,4.0,1586649600000
tank_0245,0.12549019607843137,1586649600000
tank_0247,3.0,1586649600000
tank_0256,17.137254901960784,1586649600000
tank_0257,0.0,1586649600000
tank_0260,0.0,1586649600000
tank_0261,15.517647058823531,1586649600000
tank_0264,0.0,1586649600000
tank_0273,0.0,1586649600000
tank_0276,0.0,1586649600000
tank_0278,14.694117647058823,1586649600000
tank_0280,0.0,1586649600000
tank_0291,0.0,1586649600000
tank_0292,52.92941176470588,1586649600000
tank_0296,0.0,1586649600000
tank_0297,4.639215686274509,1586649600000
tank_0299,17.474509803921567,1586649600000
tank_0300,8.39607843137255,1586649600000
tank_0301,2.2470588235294118,1586649600000
tank_0307,0.0,1586649600000
tank_0309,0.0,1586649600000
tank_0313,0.0,1586649600000
tank_0314,9.607843137254903,1586649600000
tank_0319,0.0,1586649600000
tank_0321,13.0,1586649600000
tank_0327,7.4980392156862745,1586649600000
tank_0337,0.0,1586649600000
tank_0338,11.168627450980392,1586649600000
tank_0339,56.984313725490196,1586649600000
tank_0342,0.9607843137254902,1586649600000
tank_0345,3.8588235294117648,1586649600000
tank_0346,0.0,1586649600000
tank_0349,0.0,1586649600000
tank_0350,1.5333333333333332,1586649600000
tank_0353,92.13333333333335,1586649600000
tank_0356,0.0,1586649600000
tank_0360,3.7215686274509805,1586649600000
tank_0361,29.67843137254902,1586649600000
tank_0362,0.0,1586649600000
tank_0364,0.0,1586649600000
tank_0366,28.23137254901961,1586649600000
tank_0369,0.0,1586649600000
tank_0375,0.0,1586649600000
tank_0379,28.56078431372549,1586649600000
tank_0381,0.3843137254901961,1586649600000
tank_0386,5.486274509803922,1586649600000
tank_0390,0.0,1586649600000
tank_0397,0.0,1586649600000
tank_0399,0.0,1586649600000
tank_0404,3.83921568627451,1586649600000
tank_0409,0.0,1586649600000
tank_0420,0.0,1586649600000
tank_0425,0.0,1586649600000
tank_0431,0.0,1586649600000
tank_0432,0.36470588235294116,1586649600000
tank_0435,0.0,1586649600000
tank_0436,0.0,1586649600000
tank_0438,0.4980392156862745,1586649600000
tank_0443,0.0,1586649600000
tank_0444,0.0,1586649600000
tank_0447,72.98823529411766,1586649600000
tank_0448,0.0,1586649600000
tank_0449,0.0,1586649600000
tank_0455,13.411764705882353,1586649600000
tank_0460,0.0,1586649600000
tank_0462,0.0,1586649600000
tank_0466,1.9215686274509802,1586649600000
tank_0471,2.0,1586649600000
tank_0473,15.36862745098039,1586649600000
tank_0474,9.0,1586649600000
tank_0481,45.25098039215686,1586649600000
tank_0485,0.0,1586649600000
tank_0489,0.9725490196078431,1586649600000
tank_0491,0.0,1586649600000
tank_0494,18.090196078431376,1586649600000
tank_0497,0.0,1586649600000
tank_0498,0.09803921568627451,1586649600000
tank_0502,0.0,1586649600000
tank_0505,6.074509803921568,1586649600000
tank_0509,1.1254901960784314,1586649600000
tank_0512,8.0,1586649600000
tank_0514,0.0,1586649600000
tank_0515,0.0,1586649600000
tank_0521,0.0,1586649600000
tank_0524,0.0,1586649600000
tank_0526,16.0,1586649600000
tank_0533,1.6784313725490196,1586649600000
tank_0534,0.0,1586649600000
tank_0536,0.0,1586649600000
tank_0537,0.0,1586649600000
tank_0541,0.0,1586649600000
tank_0547,4.0,1586649600000
tank_0552,0.0,1586649600000
tank_0555,0.0,1586649600000
tank_0556,0.0,1586649600000
tank_0557,5.301960784313724,1586649600000
tank_0560,6.0,1586649600000
tank_0561,0.6823529411764706,1586649600000
tank_0566,0.0,1586649600000
tank_0567,0.0,1586649600000
tank_0568,29.654901960784315,1586649600000
tank_0574,0.0,1586649600000
tank_0579,0.0,1586649600000
tank_0583,1.0,1586649600000
tank_0587,0.6235294117647059,1586649600000
tank_0589,0.7333333333333333,1586649600000
tank_0590,0.0,1586649600000
tank_0592,0.0,1586649600000
tank_0593,0.0,1586649600000
tank_0595,0.25098039215686274,1586649600000
tank_0600,9.498039215686275,1586649600000
tank_0604,8.458823529411765,1586649600000
tank_0606,11.0,1586649600000
tank_0607,4.125490196078431,1586649600000
tank_0608,107.0,1586649600000
tank_0610,0.0,1586649600000
tank_0611,3.988235294117647,1586649600000
tank_0612,1.0588235294117647,1586649600000
tank_0613,2.8862745098039215,1586649600000
tank_0619,2.0,1586649600000
tank_0626,0.0,1586649600000
tank_0627,0.0,1586649600000
tank_0628,3.847058823529412,1586649600000
tank_0632,3.7411764705882353,1586649600000
tank_0633,0.0,1586649600000
tank_0639,0.0,1586649600000
tank_0640,0.0,1586649600000
tank_0641,4.431372549019608,1586649600000
tank_0643,18.686274509803923,1586649600000
tank_0646,0.0,1586649600000
tank_0663,14.0,1586649600000
tank_0664,0.0,1586649600000
tank_0666,0.0,1586649600000
tank_0667,2.819607843137255,1586649600000
tank_0670,0.0,1586649600000
tank_0675,0.0,1586649600000
tank_0676,215.0,1586649600000
tank_0678,0.7490196078431373,1586649600000
tank_0681,0.0,1586649600000
tank_0687,0.0,1586649600000
tank_0688,0.0,1586649600000
tank_0697,5.682352941176471,1586649600000
tank_0720,1.6666666666666667,1586649600000
tank_0722,0.0,1586649600000
tank_0724,14.0,1586649600000
tank_0725,0.0,1586649600000
tank_0728,0.0,1586649600000
tank_0730,0.0,1586649600000
tank_0731,0.0,1586649600000
tank_0732,0.0,1586649600000
tank_0737,0.0,1586649600000
tank_0739,0.0,1586649600000
tank_0740,64.19215686274511,1586649600000
tank_0746,2.7529411764705882,1586649600000
tank_0748,1.4980392156862745,1586649600000
tank_0749,7.035294117647059,1586649600000
tank_0752,0.0,1586649600000
tank_0760,2.2549019607843137,1586649600000
tank_0770,0.0,1586649600000
tank_0772,1.0,1586649600000
tank_0788,0.0,1586649600000
tank_0789,24.250980392156862,1586649600000
tank_0792,120.01176470588233,1586649600000
tank_0797,0.0,1586649600000
tank_0800,12.0,1586649600000
tank_0802,7.968627450980392,1586649600000
tank_0803,5.772549019607843,1586649600000
tank_0808,3.623529411764706,1586649600000
tank_0810,0.0,1586649600000
tank_0811,2.8666666666666667,1586649600000
tank_0812,0.0,1586649600000
tank_0813,0.0,1586649600000
tank_0816,0.0,1586649600000
tank_0819,0.0,1586649600000
tank_0823,0.0,1586649600000
tank_0824,5.0,1586649600000
tank_0825,0.0,1586649600000
tank_0828,0.0,1586649600000
tank_0829,22.984313725490196,1586649600000
tank_0830,0.0,1586649600000
tank_0831,34.75686274509804,1586649600000
tank_0844,0.00392156862745098,1586649600000
tank_0852,16.47450980392157,1586649600000
tank_0855,17.0,1586649600000
tank_0856,906.0,1586649600000
tank_0860,25.549019607843135,1586649600000
tank_0861,0.0,1586649600000
tank_0872,0.0,1586649600000
tank_0875,0.0,1586649600000
tank_0879,0.0,1586649600000
tank_0885,8.76078431372549,1586649600000
tank_0891,0.0,1586649600000
tank_0894,1046.0,1586649600000
tank_0898,519.0,1586649600000
tank_0900,35.65098039215686,1586649600000
tank_0901,0.0,1586649600000
tank_0902,54.0,1586649600000
tank_0914,0.0,1586649600000
tank_0917,427.0,1586649600000
tank_0919,4.0,1586649600000
tank_0920,0.0,1586649600000
tank_0922,26.0,1586649600000
tank_0923,4.996078431372549,1586649600000
tank_0924,0.7254901960784313,1586649600000
tank_0926,7.364705882352941,1586649600000
tank_0927,2.4313725490196076,1586649600000
tank_0928,0.0,1586649600000
tank_0930,0.0,1586649600000
tank_0931,0.0,1586649600000
tank_0933,0.0,1586649600000
tank_0934,10.407843137254902,1586649600000
tank_0937,5.0,1586649600000
tank_0938,0.6235294117647059,1586649600000
tank_0939,0.0,1586649600000
tank_0944,51.0,1586649600000
tank_0946,7.862745098039216,1586649600000
tank_0952,0.0,1586649600000
tank_0958,0.0,1586649600000
tank_0962,1097.3529411764705,1586649600000
tank_0967,4.564705882352941,1586649600000
tank_0975,0.0,1586649600000
tank_0978,0.0,1586649600000
tank_0990,0.0,1586649600000
tank_0991,670.0,1586649600000
tank_0998,0.0,1586649600000
tank_0999,1.6392156862745098,1586649600000
tank_1003,189.0,1586649600000
tank_1004,20.643137254901962,1586649600000
tank_1014,0.0,1586649600000
tank_1026,66.0,1586649600000
tank_1031,10.52156862745098,1586649600000
tank_1032,0.0,1586649600000
tank_1034,0.0,1586649600000
tank_1042,47.7921568627451,1586649600000
tank_1045,0.0,1586649600000
tank_1049,34.0,1586649600000
tank_1055,2.3450980392156864,1586649600000
tank_1061,0.0,1586649600000
tank_1062,0.3803921568627451,1586649600000
tank_1064,0.0,1586649600000
tank_1065,0.0,1586649600000
tank_1066,0.0,1586649600000
tank_1070,0.0,1586649600000
tank_1073,14.0,1586649600000
tank_1083,234.86274509803923,1586649600000
tank_1086,23.772549019607844,1586649600000
tank_1088,0.0,1586649600000
tank_1089,2.0,1586649600000
tank_1090,0.0,1586649600000
tank_1091,2.1372549019607843,1586649600000
tank_1094,790.0,1586649600000
tank_1095,27.901960784313726,1586649600000
tank_1104,2.0,1586649600000
tank_1113,44.0,1586649600000
tank_1116,20.207843137254905,1586649600000
tank_1117,0.0,1586649600000
tank_1120,195.0,1586649600000
tank_1121,193.96470588235294,1586649600000
tank_1124,20.58823529411765,1586649600000
tank_1128,0.0,1586649600000
tank_1134,0.0,1586649600000
tank_1135,11.0,1586649600000
tank_1146,37.0,1586649600000
tank_1149,0.0,1586649600000
tank_1156,4.090196078431373,1586649600000
tank_1157,10.611764705882354,1586649600000
tank_1159,101.0,1586649600000
tank_1160,178.0,1586649600000
tank_1166,0.06666666666666667,1586649600000
tank_1170,12.294117647058822,1586649600000
tank_1175,0.0,1586649600000
tank_1177,0.0,1586649600000
tank_1179,26.650980392156864,1586649600000
tank_1181,101.7921568627451,1586649600000
tank_1186,25.0,1586649600000
tank_1187,2.1803921568627453,1586649600000
tank_1190,8.780392156862746,1586649600000
tank_1192,0.0,1586649600000
tank_1196,0.0,1586649600000
tank_1197,1482.0,1586649600000
tank_1201,0.0,1586649600000
tank_1203,0.0,1586649600000
tank_1205,207.0,1586649600000
tank_1209,843.0,1586649600000
tank_1217,8.396078431372548,1586649600000
tank_1223,0.0,1586649600000
tank_1226,0.0,1586649600000
tank_1228,16.0,1586649600000
tank_1230,0.0,1586649600000
tank_1237,0.0,1586649600000
tank_1239,526.9176470588235,1586649600000
tank_1245,0.0,1586649600000
tank_1246,0.0,1586649600000
tank_1250,0.0,1586649600000
tank_1254,607.0,1586649600000
tank_1255,8.92156862745098,1586649600000
tank_1258,4.0,1586649600000
tank_1261,0.0,1586649600000
tank_1262,15.094117647058823,1586649600000
tank_1263,0.0,1586649600000
tank_1265,0.0,1586649600000
tank_1270,21.80392156862745,1586649600000
tank_1272,10.482352941176469,1586649600000
tank_1275,1.9019607843137254,1586649600000
tank_1276,0.0,1586649600000
tank_1279,31.784313725490197,1586649600000
tank_1280,2.803921568627451,1586649600000
tank_1284,0.0,1586649600000
tank_1285,0.0,1586649600000
tank_1286,1.0,1586649600000
tank_1290,0.0,1586649600000
tank_1291,0.0,1586649600000
tank_1293,0.0,1586649600000
tank_1295,3.0588235294117645,1586649600000
tank_1297,24.0,1586649600000
tank_1301,0.0,1586649600000
tank_1302,0.0,1586649600000
tank_1304,0.4745098039215686,1586649600000
tank_1305,0.0,1586649600000
tank_1313,80.0,1586649600000
tank_1322,0.0,1586649600000
tank_1325,4.0,1586649600000
tank_1326,0.0,1586649600000
tank_1344,4.556862745098039,1586649600000
tank_1346,9.6,1586649600000
tank_1349,2.0,1586649600000
tank_1353,307.0,1586649600000
tank_1358,0.0,1586649600000
tank_1359,0.0,1586649600000
tank_1361,37.0,1586649600000
tank_1364,501.0,1586649600000
tank_1365,0.0,1586649600000
tank_1372,19.0,1586649600000
tank_1374,314.98823529411766,1586649600000
tank_1378,454.0,1586649600000
tank_1380,4.0,1586649600000
tank_1386,7.0,1586649600000
tank_1391,0.0,1586649600000
tank_1393,0.0,1586649600000
tank_1396,0.0,1586649600000
tank_1397,0.5215686274509804,1586649600000
tank_1403,0.0,1586649600000
tank_1409,0.0,1586649600000
tank_1412,0.0,1586649600000
tank_1415,0.0,1586649600000
tank_1416,0.0,1586649600000
tank_1421,180.0,1586649600000
tank_1422,0.0,1586649600000
tank_1425,501.0,1586649600000
tank_1426,0.0,1586649600000
tank_1430,0.0,1586649600000
tank_1433,292.0,1586649600000
tank_1438,0.0,1586649600000
tank_1439,0.0,1586649600000
tank_1441,0.0,1586649600000
tank_1443,0.0,1586649600000
tank_1445,3.9176470588235293,1586649600000
tank_1446,0.0,1586649600000
tank_1450,4.83921568627451,1586649600000
tank_1452,0.0,1586649600000
tank_1456,6.0,1586649600000
tank_1466,7.0,1586649600000
tank_1471,6.0,1586649600000
tank_1475,207.0,1586649600000
tank_1486,962.0,1586649600000
tank_1488,2.0,1586649600000
tank_1491,0.0,1586649600000
tank_1500,0.0,1586649600000
tank_1505,37.0,1586649600000
tank_1513,8.0,1586649600000
tank_1531,0.0,1586649600000
tank_1536,0.0,1586649600000
tank_1539,127.0,1586649600000
tank_1541,31.0,1586649600000
tank_1542,0.0,1586649600000
tank_1547,11.0,1586649600000
tank_1563,0.0,1586649600000
tank_1564,3.3098039215686272,1586649600000
tank_1565,394.0,1586649600000
tank_1567,0.0,1586649600000
tank_1568,0.0,1586649600000
tank_1573,0.0,1586649600000
tank_1583,2.0,1586649600000
tank_1587,616.0,1586649600000
tank_1588,0.0,1586649600000
tank_1592,10.745098039215687,1586649600000
tank_1594,0.0,1586649600000
tank_1595,0.0,1586649600000
tank_1597,0.0,1586649600000
tank_1598,0.0,1586649600000
tank_1600,16.662745098039217,1586649600000
tank_1604,0.0,1586649600000
tank_0002,0.3607843137254902,1587686400000
tank_0004,0.0,1587686400000
tank_0005,1.0,1587686400000
tank_0011,0.0,1587686400000
tank_0014,0.0,1587686400000
tank_0019,2.0,1587686400000
tank_0024,4.996078431372549,1587686400000
tank_0025,0.0,1587686400000
tank_0026,12.95686274509804,1587686400000
tank_0027,0.0,1587686400000
tank_0030,4.419607843137255,1587686400000
tank_0031,10.0,1587686400000
tank_0036,2.5294117647058822,1587686400000
tank_0037,0.4117647058823529,1587686400000
tank_0038,22.61568627450981,1587686400000
tank_0050,3.819607843137255,1587686400000
tank_0051,0.0,1587686400000
tank_0052,8.0,1587686400000
tank_0053,56.59607843137255,1587686400000
tank_0055,0.0,1587686400000
tank_0057,0.0,1587686400000
tank_0058,1.8549019607843138,1587686400000
tank_0064,43.33725490196079,1587686400000
tank_0069,6.333333333333334,1587686400000
tank_0072,0.0,1587686400000
tank_0073,1.0,1587686400000
tank_0080,7.0,1587686400000
tank_0094,0.0,1587686400000
tank_0107,6.4980392156862745,1587686400000
tank_0110,51.94117647058823,1587686400000
tank_0113,55.54509803921569,1587686400000
tank_0115,2.0,1587686400000
tank_0116,0.0,1587686400000
tank_0117,36.0,1587686400000
tank_0118,0.0,1587686400000
tank_0122,2.0,1587686400000
tank_0125,11.462745098039216,1587686400000
tank_0130,14.160784313725491,1587686400000
tank_0131,0.0,1587686400000
tank_0132,0.0,1587686400000
tank_0134,0.0,1587686400000
tank_0135,5.0,1587686400000
tank_0142,3.5019607843137255,1587686400000
tank_0143,0.0,1587686400000
tank_0144,0.0,1587686400000
tank_0148,7.0,1587686400000
tank_0153,0.0,1587686400000
tank_0156,106.56470588235294,1587686400000
tank_0159,14.486274509803922,1587686400000
tank_0165,0.0,1587686400000
tank_0171,0.0,1587686400000
tank_0172,7.0,1587686400000
tank_0174,13.070588235294116,1587686400000
tank_0176,4.0,1587686400000
tank_0184,3.0,1587686400000
tank_0187,6.0,1587686400000
tank_0190,6.466666666666666,1587686400000
tank_0192,0.13725490196078433,1587686400000
tank_0193,1.8980392156862744,1587686400000
tank_0195,37.317647058823525,1587686400000
tank_0199,8.6078431372549,1587686400000
tank_0204,0.0,1587686400000
tank_0205,15.501960784313725,1587686400000
tank_0207,0.0,1587686400000
tank_0209,0.0,1587686400000
tank_0213,0.0,1587686400000
tank_0217,0.0,1587686400000
tank_0220,0.0,1587686400000
tank_0221,15.588235294117647,1587686400000
tank_0225,0.0,1587686400000
tank_0226,19.733333333333334,1587686400000
tank_0228,0.0,1587686400000
tank_0229,0.0,1587686400000
tank_0231,1.6470588235294117,1587686400000
tank_0233,0.9019607843137255,1587686400000
tank_0236,0.0,1587686400000
tank_0237,0.7490196078431373,1587686400000
tank_0240,0.0,1587686400000
tank_0242,7.0,1587686400000
tank_0245,5.050980392156863,1587686400000
tank_0247,4.0,1587686400000
tank_0256,3.6980392156862747,1587686400000
tank_0257,7.4980392156862745,1587686400000
tank_0260,1.4980392156862745,1587686400000
tank_0261,0.0,1587686400000
tank_0264,0.0,1587686400000
tank_0273,0.0,1587686400000
tank_0276,0.0,1587686400000
tank_0278,10.866666666666667,1587686400000
tank_0280,0.0,1587686400000
tank_0291,0.0,1587686400000
tank_0292,35.91372549019607,1587686400000
tank_0296,0.0,1587686400000
tank_0297,2.6901960784313728,1587686400000
tank_0299,20.705882352941174,1587686400000
tank_0300,13.0,1587686400000
tank_0301,1.6941176470588237,1587686400000
tank_0307,0.0,1587686400000
tank_0309,0.0,1587686400000
tank_0313,0.0,1587686400000
tank_0314,13.466666666666665,1587686400000
tank_0319,0.0,1587686400000
tank_0321,12.27450980392157,1587686400000
tank_0327,6.949019607843137,1587686400000
tank_0337,0.0,1587686400000
tank_0338,9.341176470588234,1587686400000
tank_0339,44.21568627450981,1587686400000
tank_0342,10.92156862745098,1587686400000
tank_0345,0.0,1587686400000
tank_0346,0.0,1587686400000
tank_0349,0.0,1587686400000
tank_0350,2.0,1587686400000
tank_0353,54.9921568627451,1587686400000
tank_0356,0.0,1587686400000
tank_0360,1.0,1587686400000
tank_0361,28.580392156862743,1587686400000
tank_0362,2.0,1587686400000
tank_0364,0.027450980392156862,1587686400000
tank_0366,18.788235294117648,1587686400000
tank_0369,0.0,1587686400000
tank_0375,0.0,1587686400000
tank_0379,29.870588235294118,1587686400000
tank_0381,0.0,1587686400000
tank_0386,0.2627450980392157,1587686400000
tank_0390,0.0,1587686400000
tank_0397,0.0,1587686400000
tank_0399,0.0,1587686400000
tank_0404,0.0,1587686400000
tank_0409,0.0,1587686400000
tank_0420,0.0,1587686400000
tank_0425,0.0,1587686400000
tank_0431,0.0,1587686400000
tank_0432,2.074509803921569,1587686400000
tank_0435,0.0,1587686400000
tank_0436,0.0,1587686400000
tank_0438,1.1529411764705881,1587686400000
tank_0443,0.0,1587686400000
tank_0444,0.0,1587686400000
tank_0447,30.964705882352945,1587686400000
tank_0448,0.0,1587686400000
tank_0449,2.9215686274509802,1587686400000
tank_0455,7.227450980392157,1587686400000
tank_0460,0.0,1587686400000
tank_0462,0.0,1587686400000
tank_0466,4.933333333333334,1587686400000
tank_0471,1.0,1587686400000
tank_0473,2.0,1587686400000
tank_0474,13.925490196078432,1587686400000
tank_0481,4.623529411764705,1587686400000
tank_0485,0.0,1587686400000
tank_0489,0.0,1587686400000
tank_0491,0.0,1587686400000
tank_0494,1.0,1587686400000
tank_0497,3.0,1587686400000
tank_0498,0.0,1587686400000
tank_0502,0.0,1587686400000
tank_0505,7.576470588235295,1587686400000
tank_0509,1.0,1587686400000
tank_0512,0.0,1587686400000
tank_0514,0.0,1587686400000
tank_0515,1.3294117647058823,1587686400000
tank_0521,0.0,1587686400000
tank_0524,4.800000000000001,1587686400000
tank_0526,11.0,1587686400000
tank_0533,3.0,1587686400000
tank_0534,0.0,1587686400000
tank_0536,0.0,1587686400000
tank_0537,0.0,1587686400000
tank_0541,0.0,1587686400000
tank_0547,0.0,1587686400000
tank_0552,1.0,1587686400000
tank_0555,0.0,1587686400000
tank_0556,0.0,1587686400000
tank_0557,2.2980392156862743,1587686400000
tank_0560,0.0,1587686400000
tank_0561,0.0,1587686400000
tank_0566,0.0,1587686400000
tank_0567,0.0,1587686400000
tank_0568,5.654901960784313,1587686400000
tank_0574,0.0,1587686400000
tank_0579,0.0,1587686400000
tank_0583,0.0,1587686400000
tank_0587,0.0,1587686400000
tank_0589,0.0,1587686400000
tank_0590,0.0,1587686400000
tank_0592,0.0,1587686400000
tank_0593,0.0,1587686400000
tank_0595,0.0,1587686400000
tank_0600,0.0,1587686400000
tank_0604,4.309803921568627,1587686400000
tank_0606,0.0,1587686400000
tank_0607,0.0,1587686400000
tank_0608,91.0,1587686400000
tank_0610,0.0,1587686400000
tank_0611,3.568627450980392,1587686400000
tank_0612,8.04313725490196,1587686400000
tank_0613,0.0,1587686400000
tank_0619,0.0,1587686400000
tank_0626,0.0,1587686400000
tank_0627,0.0,1587686400000
tank_0628,1.0980392156862746,1587686400000
tank_0632,3.756862745098039,1587686400000
tank_0633,0.0,1587686400000
tank_0639,0.0,1587686400000
tank_0640,0.0,1587686400000
tank_0641,0.0,1587686400000
tank_0643,33.51372549019608,1587686400000
tank_0646,0.0,1587686400000
tank_0663,20.913725490196075,1587686400000
tank_0664,0.0,1587686400000
tank_0666,0.0,1587686400000
tank_0667,5.0,1587686400000
tank_0670,0.0,1587686400000
tank_0675,0.0,1587686400000
tank_0676,36.0,1587686400000
tank_0678,0.16862745098039217,1587686400000
tank_0681,8.729411764705882,1587686400000
tank_0687,0.0,1587686400000
tank_0688,2.0,1587686400000
tank_0697,0.8588235294117647,1587686400000
tank_0720,5.392156862745098,1587686400000
tank_0722,0.0,1587686400000
tank_0724,9.03921568627451,1587686400000
tank_0725,0.0,1587686400000
tank_0728,3.16078431372549,1587686400000
tank_0730,0.0,1587686400000
tank_0731,0.0,1587686400000
tank_0732,0.0,1587686400000
tank_0737,0.0,1587686400000
tank_0739,0.0,1587686400000
tank_0740,54.8235294117647,1587686400000
tank_0746,0.0,1587686400000
tank_0748,5.0,1587686400000
tank_0749,1.0235294117647058,1587686400000
tank_0752,1.3098039215686275,1587686400000
tank_0760,0.0,1587686400000
tank_0770,1.8117647058823527,1587686400000
tank_0772,0.0,1587686400000
tank_0788,0.0,1587686400000
tank_0789,2.2509803921568627,1587686400000
tank_0792,90.56078431372548,1587686400000
tank_0797,0.0,1587686400000
tank_0800,7.0,1587686400000
tank_0802,11.19607843137255,1587686400000
tank_0803,8.772549019607842,1587686400000
tank_0808,0.0,1587686400000
tank_0810,0.0,1587686400000
tank_0811,7.756862745098039,1587686400000
tank_0812,0.0,1587686400000
tank_0813,1.0,1587686400000
tank_0816,0.0,1587686400000
tank_0819,0.0,1587686400000
tank_0823,0.0,1587686400000
tank_0824,0.0,1587686400000
tank_0825,0.0,1587686400000
tank_0828,0.0,1587686400000
tank_0829,16.0,1587686400000
tank_0830,0.0,1587686400000
tank_0831,25.67058823529412,1587686400000
tank_0844,3.1294117647058823,1587686400000
tank_0852,5.0,1587686400000
tank_0855,1.0,1587686400000
tank_0856,32.0,1587686400000
tank_0860,18.0,1587686400000
tank_0861,0.0,1587686400000
tank_0872,0.0,1587686400000
tank_0875,0.0,1587686400000
tank_0879,0.0,1587686400000
tank_0885,6.0,1587686400000
tank_0891,0.0,1587686400000
tank_0894,98.0,1587686400000
tank_0898,163.0,1587686400000
tank_0900,29.737254901960785,1587686400000
tank_0901,0.0,1587686400000
tank_0902,17.0,1587686400000
tank_0914,0.0,1587686400000
tank_0917,216.0,1587686400000
tank_0919,3.4745098039215687,1587686400000
tank_0920,0.0,1587686400000
tank_0922,14.0,1587686400000
tank_0923,4.466666666666667,1587686400000
tank_0924,0.0,1587686400000
tank_0926,0.0,1587686400000
tank_0927,0.7450980392156863,1587686400000
tank_0928,0.0,1587686400000
tank_0930,0.0,1587686400000
tank_0931,0.0,1587686400000
tank_0933,0.0,1587686400000
tank_0934,0.0,1587686400000
tank_0937,0.0,1587686400000
tank_0938,0.0,1587686400000
tank_0939,0.0,1587686400000
tank_0944,49.0,1587686400000
tank_0946,0.0,1587686400000
tank_0952,0.0,1587686400000
tank_0958,0.0,1587686400000
tank_0962,141.0,1587686400000
tank_0967,2.388235294117647,1587686400000
tank_0975,0.0,1587686400000
tank_0978,0.0,1587686400000
tank_0990,0.0,1587686400000
tank_0991,82.0,1587686400000
tank_0998,0.0,1587686400000
tank_0999,0.0,1587686400000
tank_1003,0.0,1587686400000
tank_1004,7.031372549019608,1587686400000
tank_1014,0.0,1587686400000
tank_1026,61.0,1587686400000
tank_1031,25.450980392156865,1587686400000
tank_1032,0.0,1587686400000
tank_1034,0.0,1587686400000
tank_1042,34.898039215686275,1587686400000
tank_1045,0.0,1587686400000
tank_1049,12.0,1587686400000
tank_1055,0.0,1587686400000
tank_1061,0.0,1587686400000
tank_1062,0.0,1587686400000
tank_1064,0.0,1587686400000
tank_1065,0.0,1587686400000
tank_1066,2.380392156862745,1587686400000
tank_1070,0.0,1587686400000
tank_1073,0.0,1587686400000
tank_1083,159.0,1587686400000
tank_1086,11.807843137254903,1587686400000
tank_1088,0.0,1587686400000
tank_1089,0.0,1587686400000
tank_1090,0.0,1587686400000
tank_1091,0.0,1587686400000
tank_1094,416.0,1587686400000
tank_1095,18.254901960784313,1587686400000
tank_1104,0.4588235294117647,1587686400000
tank_1113,29.984313725490196,1587686400000
tank_1116,21.4078431372549,1587686400000
tank_1117,0.0,1587686400000
tank_1120,156.67843137254903,1587686400000
tank_1121,18.0,1587686400000
tank_1124,19.71372549019608,1587686400000
tank_1128,0.0,1587686400000
tank_1134,0.0,1587686400000
tank_1135,7.0,1587686400000
tank_1146,32.0,1587686400000
tank_1149,2.6901960784313728,1587686400000
tank_1156,0.0,1587686400000
tank_1157,4.533333333333333,1587686400000
tank_1159,12.0,1587686400000
tank_1160,94.0,1587686400000
tank_1166,0.0,1587686400000
tank_1170,11.72156862745098,1587686400000
tank_1175,0.0,1587686400000
tank_1177,3.5019607843137255,1587686400000
tank_1179,30.81960784313726,1587686400000
tank_1181,37.819607843137256,1587686400000
tank_1186,22.7921568627451,1587686400000
tank_1187,0.0,1587686400000
tank_1190,8.870588235294118,1587686400000
tank_1192,0.0,1587686400000
tank_1196,0.0,1587686400000
tank_1197,346.0,1587686400000
tank_1201,0.0,1587686400000
tank_1203,0.23921568627450981,1587686400000
tank_1205,110.0,1587686400000
tank_1209,199.0,1587686400000
tank_1217,5.313725490196077,1587686400000
tank_1223,1.0,1587686400000
tank_1226,0.0,1587686400000
tank_1228,0.0,1587686400000
tank_1230,0.0,1587686400000
tank_1237,0.0,1587686400000
tank_1239,371.0,1587686400000
tank_1245,0.0,1587686400000
tank_1246,0.0,1587686400000
tank_1250,0.0,1587686400000
tank_1254,266.0,1587686400000
tank_1255,6.0431372549019615,1587686400000
tank_1258,2.0,1587686400000
tank_1261,0.0,1587686400000
tank_1262,5.207843137254902,1587686400000
tank_1263,0.0,1587686400000
tank_1265,0.0,1587686400000
tank_1270,21.0,1587686400000
tank_1272,7.772549019607843,1587686400000
tank_1275,0.37254901960784315,1587686400000
tank_1276,0.0,1587686400000
tank_1279,22.784313725490197,1587686400000
tank_1280,8.486274509803922,1587686400000
tank_1284,0.0,1587686400000
tank_1285,0.0,1587686400000
tank_1286,4.027450980392158,1587686400000
tank_1290,0.0,1587686400000
tank_1291,0.0,1587686400000
tank_1293,0.0,1587686400000
tank_1295,7.247058823529412,1587686400000
tank_1297,12.0,1587686400000
tank_1301,0.0,1587686400000
tank_1302,0.0,1587686400000
tank_1304,0.0,1587686400000
tank_1305,0.0,1587686400000
tank_1313,9.0,1587686400000
tank_1322,0.0,1587686400000
tank_1325,0.0,1587686400000
tank_1326,0.0,1587686400000
tank_1344,12.0,1587686400000
tank_1346,7.0,1587686400000
tank_1349,3.623529411764706,1587686400000
tank_1353,273.0,1587686400000
tank_1358,0.0,1587686400000
tank_1359,0.0,1587686400000
tank_1361,18.0,1587686400000
tank_1364,387.0,1587686400000
tank_1365,0.0,1587686400000
tank_1372,12.0,1587686400000
tank_1374,132.0,1587686400000
tank_1378,449.0,1587686400000
tank_1380,0.0,1587686400000
tank_1386,6.0,1587686400000
tank_1391,0.0,1587686400000
tank_1393,0.0,1587686400000
tank_1396,0.0,1587686400000
tank_1397,3.545098039215686,1587686400000
tank_1403,0.0,1587686400000
tank_1409,0.0,1587686400000
tank_1412,0.0,1587686400000
tank_1415,0.0,1587686400000
tank_1416,0.0,1587686400000
tank_1421,127.0,1587686400000
tank_1422,0.0,1587686400000
tank_1425,225.0,1587686400000
tank_1426,0.0,1587686400000
tank_1430,0.0,1587686400000
tank_1433,215.0,1587686400000
tank_1438,2.0,1587686400000
tank_1439,0.0,1587686400000
tank_1441,0.0,1587686400000
tank_1443,0.0,1587686400000
tank_1445,1.0,1587686400000
tank_1446,0.0,1587686400000
tank_1450,4.070588235294117,1587686400000
tank_1452,0.0,1587686400000
tank_1456,1.0,1587686400000
tank_1466,3.0,1587686400000
tank_1471,0.0,1587686400000
tank_1475,8.0,1587686400000
tank_1486,173.0,1587686400000
tank_1488,0.0,1587686400000
tank_1491,0.0,1587686400000
tank_1500,1.811764705882353,1587686400000
tank_1505,5.0,1587686400000
tank_1513,0.0,1587686400000
tank_1531,0.0,1587686400000
tank_1536,0.0,1587686400000
tank_1539,23.0,1587686400000
tank_1541,4.0,1587686400000
tank_1542,0.0,1587686400000
tank_1547,0.0,1587686400000
tank_1563,0.0,1587686400000
tank_1564,0.0,1587686400000
tank_1565,178.0,1587686400000
tank_1567,0.0,1587686400000
tank_1568,0.0,1587686400000
tank_1573,0.0,1587686400000
tank_1583,0.0,1587686400000
tank_1587,228.0,1587686400000
tank_1588,2.0,1587686400000
tank_1592,0.0,1587686400000
tank_1594,0.0,1587686400000
tank_1595,0.0,1587686400000
tank_1597,0.0,1587686400000
tank_1598,0.0,1587686400000
tank_1600,3.0,1587686400000
tank_1604,0.0,1587686400000
tank_0002,0.0,1589760000000
tank_0004,0.0,1589760000000
tank_0005,0.0,1589760000000
tank_0011,0.0,1589760000000
tank_0014,0.0,1589760000000
tank_0019,0.0,1589760000000
tank_0024,0.0,1589760000000
tank_0025,0.0,1589760000000
tank_0026,0.0,1589760000000
tank_0027,0.0,1589760000000
tank_0030,0.0,1589760000000
tank_0031,0.0,1589760000000
tank_0036,0.0,1589760000000
tank_0037,0.0,1589760000000
tank_0038,0.0,1589760000000
tank_0050,0.047058823529411764,1589760000000
tank_0051,0.0,1589760000000
tank_0052,0.0,1589760000000
tank_0053,2.32156862745098,1589760000000
tank_0055,0.0,1589760000000
tank_0057,0.0,1589760000000
tank_0058,2.313725490196078,1589760000000
tank_0064,0.0,1589760000000
tank_0069,0.0,1589760000000
tank_0072,0.0,1589760000000
tank_0073,0.0,1589760000000
tank_0080,5.0,1589760000000
tank_0094,0.0,1589760000000
tank_0107,0.0,1589760000000
tank_0110,0.0,1589760000000
tank_0113,21.0,1589760000000
tank_0115,0.0,1589760000000
tank_0116,0.0,1589760000000
tank_0117,2.0,1589760000000
tank_0118,0.0,1589760000000
tank_0122,0.0,1589760000000
tank_0125,0.0,1589760000000
tank_0130,0.0,1589760000000
tank_0131,0.0,1589760000000
tank_0132,0.0,1589760000000
tank_0134,0.0,1589760000000
tank_0135,0.0,1589760000000
tank_0142,0.0,1589760000000
tank_0143,0.0,1589760000000
tank_0144,0.0,1589760000000
tank_0148,0.0,1589760000000
tank_0153,0.0,1589760000000
tank_0156,18.08235294117647,1589760000000
tank_0159,0.0,1589760000000
tank_0165,0.0,1589760000000
tank_0171,0.0,1589760000000
tank_0172,0.0,1589760000000
tank_0174,0.0,1589760000000
tank_0176,0.0,1589760000000
tank_0184,0.0,1589760000000
tank_0187,2.0,1589760000000
tank_0190,0.0,1589760000000
tank_0192,0.0,1589760000000
tank_0193,0.0,1589760000000
tank_0195,0.0,1589760000000
tank_0199,0.0,1589760000000
tank_0204,0.0,1589760000000
tank_0205,0.0,1589760000000
tank_0207,0.0,1589760000000
tank_0209,0.0,1589760000000
tank_0213,0.0,1589760000000
tank_0217,0.0,1589760000000
tank_0220,0.0,1589760000000
tank_0221,0.0,1589760000000
tank_0225,0.0,1589760000000
tank_0226,0.0,1589760000000
tank_0228,0.0,1589760000000
tank_0229,0.0,1589760000000
tank_0231,1.0627450980392157,1589760000000
tank_0233,0.0,1589760000000
tank_0236,0.0,1589760000000
tank_0237,0.0,1589760000000
tank_0240,1.9058823529411764,1589760000000
tank_0242,0.0,1589760000000
tank_0245,0.0,1589760000000
tank_0247,0.0,1589760000000
tank_0256,0.0,1589760000000
tank_0257,0.0,1589760000000
tank_0260,0.0,1589760000000
tank_0261,0.0,1589760000000
tank_0264,0.0,1589760000000
tank_0273,0.0,1589760000000
tank_0276,0.0,1589760000000
tank_0278,0.0,1589760000000
tank_0280,0.0,1589760000000
tank_0291,0.0,1589760000000
tank_0292,0.14901960784313725,1589760000000
tank_0296,0.0,1589760000000
tank_0297,0.0,1589760000000
tank_0299,0.0,1589760000000
tank_0300,0.0,1589760000000
tank_0301,0.0,1589760000000
tank_0307,0.0,1589760000000
tank_0309,0.0,1589760000000
tank_0313,0.0,1589760000000
tank_0314,2.427450980392157,1589760000000
tank_0319,0.0,1589760000000
tank_0321,0.0,1589760000000
tank_0327,0.0,1589760000000
tank_0337,0.0,1589760000000
tank_0338,12.976470588235294,1589760000000
tank_0339,0.0,1589760000000
tank_0342,0.0,1589760000000
tank_0345,1.6274509803921569,1589760000000
tank_0346,0.0,1589760000000
tank_0349,0.0,1589760000000
tank_0350,2.0901960784313727,1589760000000
tank_0353,4.0,1589760000000
tank_0356,0.0,1589760000000
tank_0360,0.0,1589760000000
tank_0361,29.098039215686274,1589760000000
tank_0362,0.0,1589760000000
tank_0364,0.0,1589760000000
tank_0366,23.101960784313725,1589760000000
tank_0369,0.0,1589760000000
tank_0375,0.0,1589760000000
tank_0379,0.0,1589760000000
tank_0381,0.0,1589760000000
tank_0386,9.0,1589760000000
tank_0390,0.0,1589760000000
tank_0397,0.0,1589760000000
tank_0399,0.0,1589760000000
tank_0404,1.0,1589760000000
tank_0409,0.0,1589760000000
tank_0420,0.0,1589760000000
tank_0425,0.0,1589760000000
tank_0431,0.0,1589760000000
tank_0432,3.1764705882352944,1589760000000
tank_0435,0.0,1589760000000
tank_0436,0.0,1589760000000
tank_0438,0.0,1589760000000
tank_0443,0.0,1589760000000
tank_0444,0.0,1589760000000
tank_0447,0.0,1589760000000
tank_0448,0.0,1589760000000
tank_0449,0.1568627450980392,1589760000000
tank_0455,0.0,1589760000000
tank_0460,0.0,1589760000000
tank_0462,2.0,1589760000000
tank_0466,0.0,1589760000000
tank_0471,3.0,1589760000000
tank_0473,0.0,1589760000000
tank_0474,2.0,1589760000000
tank_0481,8.133333333333333,1589760000000
tank_0485,0.0,1589760000000
tank_0489,1.0,1589760000000
tank_0491,0.0,1589760000000
tank_0494,0.0,1589760000000
tank_0497,0.0,1589760000000
tank_0498,0.0,1589760000000
tank_0502,0.0,1589760000000
tank_0505,6.329411764705882,1589760000000
tank_0509,0.0,1589760000000
tank_0512,0.0,1589760000000
tank_0514,0.0,1589760000000
tank_0515,0.0,1589760000000
tank_0521,0.0,1589760000000
tank_0524,1.427450980392157,1589760000000
tank_0526,2.0,1589760000000
tank_0533,3.4980392156862745,1589760000000
tank_0534,0.0,1589760000000
tank_0536,0.0,1589760000000
tank_0537,0.0,1589760000000
tank_0541,0.0,1589760000000
tank_0547,0.0,1589760000000
tank_0552,2.2470588235294118,1589760000000
tank_0555,0.0,1589760000000
tank_0556,7.878431372549018,1589760000000
tank_0557,0.0,1589760000000
tank_0560,1.0,1589760000000
tank_0561,1.5098039215686274,1589760000000
tank_0566,0.0,1589760000000
tank_0567,0.0,1589760000000
tank_0568,12.352941176470587,1589760000000
tank_0574,0.0,1589760000000
tank_0579,0.0,1589760000000
tank_0583,0.0,1589760000000
tank_0587,0.0,1589760000000
tank_0589,0.0,1589760000000
tank_0590,0.0,1589760000000
tank_0592,0.0,1589760000000
tank_0593,0.0,1589760000000
tank_0595,1.7176470588235295,1589760000000
tank_0600,0.0,1589760000000
tank_0604,0.0,1589760000000
tank_0606,0.0,1589760000000
tank_0607,0.0,1589760000000
tank_0608,0.0,1589760000000
tank_0610,0.0,1589760000000
tank_0611,0.0,1589760000000
tank_0612,1.4705882352941178,1589760000000
tank_0613,0.0,1589760000000
tank_0619,0.0,1589760000000
tank_0626,0.0,1589760000000
tank_0627,0.0,1589760000000
tank_0628,4.968627450980392,1589760000000
tank_0632,0.0,1589760000000
tank_0633,0.0,1589760000000
tank_0639,0.0,1589760000000
tank_0640,0.0,1589760000000
tank_0641,0.0,1589760000000
tank_0643,5.0,1589760000000
tank_0646,0.0,1589760000000
tank_0663,1.0,1589760000000
tank_0664,0.0,1589760000000
tank_0666,0.0,1589760000000
tank_0667,0.0,1589760000000
tank_0670,0.0,1589760000000
tank_0675,0.0,1589760000000
tank_0676,295.0,1589760000000
tank_0678,7.250980392156864,1589760000000
tank_0681,0.0,1589760000000
tank_0687,0.0,1589760000000
tank_0688,0.0,1589760000000
tank_0697,0.0,1589760000000
tank_0720,5.0,1589760000000
tank_0722,0.0,1589760000000
tank_0724,2.0,1589760000000
tank_0725,0.0,1589760000000
tank_0728,0.0,1589760000000
tank_0730,0.0,1589760000000
tank_0731,0.0,1589760000000
tank_0732,0.0,1589760000000
tank_0737,11.0,1589760000000
tank_0739,0.0,1589760000000
tank_0740,9.050980392156864,1589760000000
tank_0746,0.0,1589760000000
tank_0748,0.0,1589760000000
tank_0749,0.0,1589760000000
tank_0752,0.0,1589760000000
tank_0760,0.0,1589760000000
tank_0770,0.0,1589760000000
tank_0772,0.0,1589760000000
tank_0788,0.0,1589760000000
tank_0789,0.0,1589760000000
tank_0792,98.46274509803924,1589760000000
tank_0797,0.0,1589760000000
tank_0800,1.0,1589760000000
tank_0802,0.2549019607843137,1589760000000
tank_0803,0.0,1589760000000
tank_0808,3.5294117647058827,1589760000000
tank_0810,0.0,1589760000000
tank_0811,0.0,1589760000000
tank_0812,0.0,1589760000000
tank_0813,1.1176470588235294,1589760000000
tank_0816,0.0,1589760000000
tank_0819,0.0,1589760000000
tank_0823,0.0,1589760000000
tank_0824,0.0,1589760000000
tank_0825,0.0,1589760000000
tank_0828,0.0,1589760000000
tank_0829,7.0,1589760000000
tank_0830,0.0,1589760000000
tank_0831,3.094117647058823,1589760000000
tank_0844,0.0,1589760000000
tank_0852,0.0,1589760000000
tank_0855,0.0,1589760000000
tank_0856,0.0,1589760000000
tank_0860,13.0,1589760000000
tank_0861,0.0,1589760000000
tank_0872,0.0,1589760000000
tank_0875,0.0,1589760000000
tank_0879,0.0,1589760000000
tank_0885,2.0,1589760000000
tank_0891,0.0,1589760000000
tank_0894,1.0,1589760000000
tank_0898,52.0,1589760000000
tank_0900,11.0,1589760000000
tank_0901,0.0,1589760000000
tank_0902,7.0,1589760000000
tank_0914,0.0,1589760000000
tank_0917,78.0,1589760000000
tank_0919,1.0,1589760000000
tank_0920,2.0,1589760000000
tank_0922,0.0,1589760000000
tank_0923,0.0,1589760000000
tank_0924,2.0,1589760000000
tank_0926,0.0,1589760000000
tank_0927,1.7490196078431373,1589760000000
tank_0928,0.0,1589760000000
tank_0930,0.0,1589760000000
tank_0931,0.0,1589760000000
tank_0933,0.0,1589760000000
tank_0934,0.0,1589760000000
tank_0937,0.0,1589760000000
tank_0938,0.0,1589760000000
tank_0939,0.0,1589760000000
tank_0944,17.0,1589760000000
tank_0946,0.0,1589760000000
tank_0952,0.0,1589760000000
tank_0958,1.388235294117647,1589760000000
tank_0962,210.0,1589760000000
tank_0967,0.0,1589760000000
tank_0975,0.0,1589760000000
tank_0978,0.0,1589760000000
tank_0990,0.0,1589760000000
tank_0991,10.0,1589760000000
tank_0998,0.0,1589760000000
tank_0999,0.11764705882352941,1589760000000
tank_1003,0.0,1589760000000
tank_1004,14.568627450980392,1589760000000
tank_1014,0.0,1589760000000
tank_1026,26.0,1589760000000
tank_1031,0.0,1589760000000
tank_1032,0.0,1589760000000
tank_1034,0.0,1589760000000
tank_1042,20.0,1589760000000
tank_1045,0.0,1589760000000
tank_1049,1.0,1589760000000
tank_1055,1.6235294117647059,1589760000000
tank_1061,0.0,1589760000000
tank_1062,0.0,1589760000000
tank_1064,0.0,1589760000000
tank_1065,0.0,1589760000000
tank_1066,0.0,1589760000000
tank_1070,0.0,1589760000000
tank_1073,0.0,1589760000000
tank_1083,135.0,1589760000000
tank_1086,0.0,1589760000000
tank_1088,0.0,1589760000000
tank_1089,0.0,1589760000000
tank_1090,0.0,1589760000000
tank_1091,0.0,1589760000000
tank_1094,140.0,1589760000000
tank_1095,4.0,1589760000000
tank_1104,0.0,1589760000000
tank_1113,24.0,1589760000000
tank_1116,0.0,1589760000000
tank_1117,0.0,1589760000000
tank_1120,143.0,1589760000000
tank_1121,40.0,1589760000000
tank_1124,15.0,1589760000000
tank_1128,0.0,1589760000000
tank_1134,0.0,1589760000000
tank_1135,3.0,1589760000000
tank_1146,7.0,1589760000000
tank_1149,0.0,1589760000000
tank_1156,0.0,1589760000000
tank_1157,7.63921568627451,1589760000000
tank_1159,11.0,1589760000000
tank_1160,33.0,1589760000000
tank_1166,0.0,1589760000000
tank_1170,21.60392156862745,1589760000000
tank_1175,0.0,1589760000000
tank_1177,1.0,1589760000000
tank_1179,4.0,1589760000000
tank_1181,3.0,1589760000000
tank_1186,19.7921568627451,1589760000000
tank_1187,0.0,1589760000000
tank_1190,0.0,1589760000000
tank_1192,0.0,1589760000000
tank_1196,0.0,1589760000000
tank_1197,1399.0,1589760000000
tank_1201,0.0,1589760000000
tank_1203,0.0,1589760000000
tank_1205,43.0,1589760000000
tank_1209,79.0,1589760000000
tank_1217,0.0,1589760000000
tank_1223,0.0,1589760000000
tank_1226,0.0,1589760000000
tank_1228,0.0,1589760000000
tank_1230,0.0,1589760000000
tank_1237,0.0,1589760000000
tank_1239,294.0,1589760000000
tank_1245,0.0,1589760000000
tank_1246,0.0,1589760000000
tank_1250,4.0,1589760000000
tank_1254,162.0,1589760000000
tank_1255,0.0,1589760000000
tank_1258,0.0,1589760000000
tank_1261,0.0,1589760000000
tank_1262,0.0,1589760000000
tank_1263,0.0,1589760000000
tank_1265,0.0,1589760000000
tank_1270,3.0,1589760000000
tank_1272,0.0,1589760000000
tank_1275,0.0,1589760000000
tank_1276,0.0,1589760000000
tank_1279,0.0,1589760000000
tank_1280,0.0,1589760000000
tank_1284,0.0,1589760000000
tank_1285,0.0,1589760000000
tank_1286,0.0,1589760000000
tank_1290,0.0,1589760000000
tank_1291,0.0,1589760000000
tank_1293,0.0,1589760000000
tank_1295,0.0,1589760000000
tank_1297,0.0,1589760000000
tank_1301,0.0,1589760000000
tank_1302,0.0,1589760000000
tank_1304,0.0,1589760000000
tank_1305,0.0,1589760000000
tank_1313,1.0,1589760000000
tank_1322,0.0,1589760000000
tank_1325,0.0,1589760000000
tank_1326,0.0,1589760000000
tank_1344,0.0,1589760000000
tank_1346,0.0,1589760000000
tank_1349,0.0,1589760000000
tank_1353,257.9019607843137,1589760000000
tank_1358,0.0,1589760000000
tank_1359,0.0,1589760000000
tank_1361,64.0,1589760000000
tank_1364,172.0,1589760000000
tank_1365,0.0,1589760000000
tank_1372,0.0,1589760000000
tank_1374,50.0,1589760000000
tank_1378,173.0,1589760000000
tank_1380,0.0,1589760000000
tank_1386,0.0,1589760000000
tank_1391,0.0,1589760000000
tank_1393,0.0,1589760000000
tank_1396,0.0,1589760000000
tank_1397,0.0,1589760000000
tank_1403,0.0,1589760000000
tank_1409,0.0,1589760000000
tank_1412,0.0,1589760000000
tank_1415,0.0,1589760000000
tank_1416,0.0,1589760000000
tank_1421,134.0,1589760000000
tank_1422,0.0,1589760000000
tank_1425,430.0,1589760000000
tank_1426,0.0,1589760000000
tank_1430,0.0,1589760000000
tank_1433,179.0,1589760000000
tank_1438,0.0,1589760000000
tank_1439,0.0,1589760000000
tank_1441,0.0,1589760000000
tank_1443,0.0,1589760000000
tank_1445,0.0,1589760000000
tank_1446,0.0,1589760000000
tank_1450,0.0,1589760000000
tank_1452,0.0,1589760000000
tank_1456,0.0,1589760000000
tank_1466,0.0,1589760000000
tank_1471,0.0,1589760000000
tank_1475,37.0,1589760000000
tank_1486,615.0,1589760000000
tank_1488,0.0,1589760000000
tank_1491,0.0,1589760000000
tank_1500,0.0,1589760000000
tank_1505,5.0,1589760000000
tank_1513,181.0,1589760000000
tank_1531,0.0,1589760000000
tank_1536,0.0,1589760000000
tank_1539,105.0,1589760000000
tank_1541,11.0,1589760000000
tank_1542,0.0,1589760000000
tank_1547,0.0,1589760000000
tank_1563,0.0,1589760000000
tank_1564,0.0,1589760000000
tank_1565,26.0,1589760000000
tank_1567,0.0,1589760000000
tank_1568,0.0,1589760000000
tank_1573,0.0,1589760000000
tank_1583,5.0,1589760000000
tank_1587,528.0,1589760000000
tank_1588,0.0,1589760000000
tank_1592,0.0,1589760000000
tank_1594,0.0,1589760000000
tank_1595,0.0,1589760000000
tank_1597,0.0,1589760000000
tank_1598,0.0,1589760000000
tank_1600,0.0,1589760000000
tank_1604,0.0,1589760000000
tank_0002,0.0,1590796800000
tank_0004,0.0,1590796800000
tank_0005,0.0,1590796800000
tank_0011,0.0,1590796800000
tank_0014,0.0,1590796800000
tank_0019,0.0,1590796800000
tank_0024,0.0,1590796800000
tank_0025,2.0,1590796800000
tank_0026,0.0,1590796800000
tank_0027,0.0,1590796800000
tank_0030,0.0,1590796800000
tank_0031,0.0,1590796800000
tank_0036,0.0,1590796800000
tank_0037,0.0,1590796800000
tank_0038,2.3450980392156864,1590796800000
tank_0050,0.0,1590796800000
tank_0051,0.0,1590796800000
tank_0052,0.0,1590796800000
tank_0053,5.0588235294117645,1590796800000
tank_0055,0.0,1590796800000
tank_0057,0.0,1590796800000
tank_0058,0.5647058823529412,1590796800000
tank_0064,0.0,1590796800000
tank_0069,0.0,1590796800000
tank_0072,0.0,1590796800000
tank_0073,0.0,1590796800000
tank_0080,8.0,1590796800000
tank_0094,0.0,1590796800000
tank_0107,0.0,1590796800000
tank_0110,0.0,1590796800000
tank_0113,0.0,1590796800000
tank_0115,0.0,1590796800000
tank_0116,0.0,1590796800000
tank_0117,0.0,1590796800000
tank_0118,0.0,1590796800000
tank_0122,0.0,1590796800000
tank_0125,0.0,1590796800000
tank_0130,0.0,1590796800000
tank_0131,0.0,1590796800000
tank_0132,0.0,1590796800000
tank_0134,0.0,1590796800000
tank_0135,0.0,1590796800000
tank_0142,0.0,1590796800000
tank_0143,0.0,1590796800000
tank_0144,0.0,1590796800000
tank_0148,0.0,1590796800000
tank_0153,0.0,1590796800000
tank_0156,12.968627450980392,1590796800000
tank_0159,0.0,1590796800000
tank_0165,0.0,1590796800000
tank_0171,0.0,1590796800000
tank_0172,3.772549019607843,1590796800000
tank_0174,2.0,1590796800000
tank_0176,0.0,1590796800000
tank_0184,0.0,1590796800000
tank_0187,0.0,1590796800000
tank_0190,1.4980392156862745,1590796800000
tank_0192,0.0,1590796800000
tank_0193,0.0,1590796800000
tank_0195,0.0,1590796800000
tank_0199,0.0,1590796800000
tank_0204,0.0,1590796800000
tank_0205,0.0,1590796800000
tank_0207,0.0,1590796800000
tank_0209,0.0,1590796800000
tank_0213,2.0,1590796800000
tank_0217,0.0,1590796800000
tank_0220,0.0,1590796800000
tank_0221,0.0,1590796800000
tank_0225,0.0,1590796800000
tank_0226,0.0,1590796800000
tank_0228,0.0,1590796800000
tank_0229,0.0,1590796800000
tank_0231,0.0,1590796800000
tank_0233,0.0,1590796800000
tank_0236,0.0,1590796800000
tank_0237,0.0,1590796800000
tank_0240,0.0,1590796800000
tank_0242,0.0,1590796800000
tank_0245,0.0,1590796800000
tank_0247,2.0,1590796800000
tank_0256,0.0,1590796800000
tank_0257,0.0,1590796800000
tank_0260,0.0,1590796800000
tank_0261,0.0,1590796800000
tank_0264,0.0,1590796800000
tank_0273,0.0,1590796800000
tank_0276,0.0,1590796800000
tank_0278,0.0,1590796800000
tank_0280,0.0,1590796800000
tank_0291,0.0,1590796800000
tank_0292,0.0,1590796800000
tank_0296,0.0,1590796800000
tank_0297,0.0,1590796800000
tank_0299,1.0,1590796800000
tank_0300,0.0,1590796800000
tank_0301,0.0,1590796800000
tank_0307,0.0,1590796800000
tank_0309,0.0,1590796800000
tank_0313,0.0,1590796800000
tank_0314,0.0,1590796800000
tank_0319,0.0,1590796800000
tank_0321,3.6470588235294117,1590796800000
tank_0327,0.0,1590796800000
tank_0337,0.0,1590796800000
tank_0338,0.0,1590796800000
tank_0339,3.0,1590796800000
tank_0342,0.0,1590796800000
tank_0345,0.0,1590796800000
tank_0346,0.0,1590796800000
tank_0349,0.0,1590796800000
tank_0350,0.0,1590796800000
tank_0353,3.0,1590796800000
tank_0356,0.0,1590796800000
tank_0360,0.0,1590796800000
tank_0361,0.0,1590796800000
tank_0362,0.0,1590796800000
tank_0364,0.0,1590796800000
tank_0366,0.0,1590796800000
tank_0369,0.0,1590796800000
tank_0375,0.0,1590796800000
tank_0379,5.964705882352941,1590796800000
tank_0381,0.0,1590796800000
tank_0386,0.0,1590796800000
tank_0390,0.0,1590796800000
tank_0397,0.0,1590796800000
tank_0399,0.0,1590796800000
tank_0404,5.0,1590796800000
tank_0409,0.0,1590796800000
tank_0420,0.0,1590796800000
tank_0425,0.0,1590796800000
tank_0431,0.0,1590796800000
tank_0432,0.0,1590796800000
tank_0435,0.0,1590796800000
tank_0436,0.0,1590796800000
tank_0438,0.0,1590796800000
tank_0443,0.0,1590796800000
tank_0444,0.0,1590796800000
tank_0447,4.0,1590796800000
tank_0448,0.0,1590796800000
tank_0449,0.0,1590796800000
tank_0455,0.0,1590796800000
tank_0460,0.0,1590796800000
tank_0462,0.0,1590796800000
tank_0466,0.0,1590796800000
tank_0471,0.0,1590796800000
tank_0473,0.0,1590796800000
tank_0474,0.0,1590796800000
tank_0481,5.874509803921569,1590796800000
tank_0485,0.0,1590796800000
tank_0489,0.0,1590796800000
tank_0491,0.0,1590796800000
tank_0494,0.0,1590796800000
tank_0497,0.0,1590796800000
tank_0498,4.419607843137255,1590796800000
tank_0502,0.0,1590796800000
tank_0505,0.0,1590796800000
tank_0509,0.0,1590796800000
tank_0512,0.0,1590796800000
tank_0514,0.0,1590796800000
tank_0515,0.0,1590796800000
tank_0521,0.0,1590796800000
tank_0524,0.0,1590796800000
tank_0526,5.0,1590796800000
tank_0533,0.0,1590796800000
tank_0534,0.0,1590796800000
tank_0536,0.0,1590796800000
tank_0537,0.0,1590796800000
tank_0541,0.0,1590796800000
tank_0547,0.0,1590796800000
tank_0552,0.0,1590796800000
tank_0555,0.0,1590796800000
tank_0556,0.0,1590796800000
tank_0557,0.0,1590796800000
tank_0560,0.0,1590796800000
tank_0561,0.0,1590796800000
tank_0566,0.0,1590796800000
tank_0567,0.0,1590796800000
tank_0568,0.0,1590796800000
tank_0574,0.0,1590796800000
tank_0579,0.0,1590796800000
tank_0583,0.0,1590796800000
tank_0587,0.0,1590796800000
tank_0589,0.0,1590796800000
tank_0590,0.0,1590796800000
tank_0592,0.0,1590796800000
tank_0593,0.0,1590796800000
tank_0595,0.0,1590796800000
tank_0600,0.0,1590796800000
tank_0604,0.0,1590796800000
tank_0606,0.0,1590796800000
tank_0607,0.0,1590796800000
tank_0608,0.0,1590796800000
tank_0610,0.0,1590796800000
tank_0611,0.0,1590796800000
tank_0612,0.0,1590796800000
tank_0613,0.0,1590796800000
tank_0619,0.0,1590796800000
tank_0626,0.0,1590796800000
tank_0627,0.0,1590796800000
tank_0628,0.0,1590796800000
tank_0632,0.0,1590796800000
tank_0633,0.0,1590796800000
tank_0639,0.0,1590796800000
tank_0640,0.0,1590796800000
tank_0641,0.0,1590796800000
tank_0643,1.0,1590796800000
tank_0646,0.0,1590796800000
tank_0663,0.0,1590796800000
tank_0664,0.0,1590796800000
tank_0666,0.0,1590796800000
tank_0667,0.0,1590796800000
tank_0670,0.0,1590796800000
tank_0675,0.0,1590796800000
tank_0676,79.0,1590796800000
tank_0678,0.19215686274509805,1590796800000
tank_0681,0.0,1590796800000
tank_0687,0.0,1590796800000
tank_0688,0.0,1590796800000
tank_0697,0.0,1590796800000
tank_0720,7.0,1590796800000
tank_0722,0.0,1590796800000
tank_0724,0.0,1590796800000
tank_0725,0.0,1590796800000
tank_0728,0.0,1590796800000
tank_0730,0.0,1590796800000
tank_0731,0.0,1590796800000
tank_0732,0.0,1590796800000
tank_0737,147.0,1590796800000
tank_0739,0.0,1590796800000
tank_0740,0.0,1590796800000
tank_0746,0.0,1590796800000
tank_0748,0.0,1590796800000
tank_0749,0.0,1590796800000
tank_0752,0.0,1590796800000
tank_0760,0.0,1590796800000
tank_0770,0.0,1590796800000
tank_0772,0.0,1590796800000
tank_0788,0.0,1590796800000
tank_0789,0.0,1590796800000
tank_0792,22.67450980392157,1590796800000
tank_0797,0.0,1590796800000
tank_0800,0.0,1590796800000
tank_0802,0.0,1590796800000
tank_0803,0.0,1590796800000
tank_0808,0.7843137254901962,1590796800000
tank_0810,0.0,1590796800000
tank_0811,0.0,1590796800000
tank_0812,0.0,1590796800000
tank_0813,0.10588235294117647,1590796800000
tank_0816,2.0,1590796800000
tank_0819,0.0,1590796800000
tank_0823,0.0,1590796800000
tank_0824,0.0,1590796800000
tank_0825,0.0,1590796800000
tank_0828,0.0,1590796800000
tank_0829,6.0,1590796800000
tank_0830,0.0,1590796800000
tank_0831,0.0,1590796800000
tank_0844,0.0,1590796800000
tank_0852,0.0,1590796800000
tank_0855,0.0,1590796800000
tank_0856,194.0,1590796800000
tank_0860,0.0,1590796800000
tank_0861,0.0,1590796800000
tank_0872,0.0,1590796800000
tank_0875,0.0,1590796800000
tank_0879,0.0,1590796800000
tank_0885,0.0,1590796800000
tank_0891,0.0,1590796800000
tank_0894,178.0,1590796800000
tank_0898,234.0,1590796800000
tank_0900,0.0,1590796800000
tank_0901,0.0,1590796800000
tank_0902,0.0,1590796800000
tank_0914,0.0,1590796800000
tank_0917,172.0,1590796800000
tank_0919,0.0,1590796800000
tank_0920,0.0,1590796800000
tank_0922,8.0,1590796800000
tank_0923,0.0,1590796800000
tank_0924,0.0,1590796800000
tank_0926,0.0,1590796800000
tank_0927,0.0,1590796800000
tank_0928,0.0,1590796800000
tank_0930,0.0,1590796800000
tank_0931,0.0,1590796800000
tank_0933,0.0,1590796800000
tank_0934,0.0,1590796800000
tank_0937,0.0,1590796800000
tank_0938,0.0,1590796800000
tank_0939,0.0,1590796800000
tank_0944,19.0,1590796800000
tank_0946,0.0,1590796800000
tank_0952,0.0,1590796800000
tank_0958,2.6392156862745098,1590796800000
tank_0962,274.0,1590796800000
tank_0967,0.0,1590796800000
tank_0975,0.0,1590796800000
tank_0978,0.0,1590796800000
tank_0990,0.0,1590796800000
tank_0991,33.0,1590796800000
tank_0998,0.0,1590796800000
tank_0999,0.0,1590796800000
tank_1003,0.0,1590796800000
tank_1004,0.0,1590796800000
tank_1014,0.0,1590796800000
tank_1026,40.0,1590796800000
tank_1031,5.0,1590796800000
tank_1032,0.0,1590796800000
tank_1034,0.0,1590796800000
tank_1042,15.0,1590796800000
tank_1045,0.0,1590796800000
tank_1049,14.0,1590796800000
tank_1055,2.623529411764706,1590796800000
tank_1061,0.0,1590796800000
tank_1062,0.0,1590796800000
tank_1064,0.0,1590796800000
tank_1065,0.0,1590796800000
tank_1066,0.0,1590796800000
tank_1070,0.0,1590796800000
tank_1073,0.0,1590796800000
tank_1083,169.0,1590796800000
tank_1086,0.0,1590796800000
tank_1088,0.0,1590796800000
tank_1089,0.0,1590796800000
tank_1090,0.0,1590796800000
tank_1091,0.0,1590796800000
tank_1094,94.0,1590796800000
tank_1095,0.0,1590796800000
tank_1104,0.0,1590796800000
tank_1113,32.0,1590796800000
tank_1116,0.0,1590796800000
tank_1117,0.0,1590796800000
tank_1120,146.0,1590796800000
tank_1121,111.0,1590796800000
tank_1124,7.0,1590796800000
tank_1128,0.0,1590796800000
tank_1134,0.0,1590796800000
tank_1135,0.0,1590796800000
tank_1146,2.0,1590796800000
tank_1149,0.0,1590796800000
tank_1156,0.0,1590796800000
tank_1157,9.137254901960784,1590796800000
tank_1159,2.0,1590796800000
tank_1160,44.0,1590796800000
tank_1166,0.0,1590796800000
tank_1170,4.094117647058823,1590796800000
tank_1175,0.0,1590796800000
tank_1177,0.0,1590796800000
tank_1179,0.0,1590796800000
tank_1181,3.0,1590796800000
tank_1186,0.0,1590796800000
tank_1187,0.0,1590796800000
tank_1190,0.0,1590796800000
tank_1192,0.0,1590796800000
tank_1196,0.0,1590796800000
tank_1197,497.9921568627451,1590796800000
tank_1201,0.0,1590796800000
tank_1203,0.0,1590796800000
tank_1205,89.0,1590796800000
tank_1209,519.0,1590796800000
tank_1217,0.0,1590796800000
tank_1223,0.0,1590796800000
tank_1226,0.0,1590796800000
tank_1228,0.0,1590796800000
tank_1230,0.0,1590796800000
tank_1237,0.0,1590796800000
tank_1239,278.91764705882355,1590796800000
tank_1245,0.0,1590796800000
tank_1246,0.0,1590796800000
tank_1250,0.0,1590796800000
tank_1254,373.0,1590796800000
tank_1255,0.0,1590796800000
tank_1258,0.0,1590796800000
tank_1261,0.0,1590796800000
tank_1262,0.0,1590796800000
tank_1263,0.0,1590796800000
tank_1265,0.0,1590796800000
tank_1270,0.0,1590796800000
tank_1272,0.0,1590796800000
tank_1275,0.0,1590796800000
tank_1276,0.0,1590796800000
tank_1279,0.0,1590796800000
tank_1280,0.0,1590796800000
tank_1284,0.0,1590796800000
tank_1285,0.0,1590796800000
tank_1286,0.0,1590796800000
tank_1290,0.0,1590796800000
tank_1291,0.0,1590796800000
tank_1293,0.0,1590796800000
tank_1295,0.0,1590796800000
tank_1297,0.0,1590796800000
tank_1301,0.0,1590796800000
tank_1302,0.0,1590796800000
tank_1304,0.0,1590796800000
tank_1305,0.0,1590796800000
tank_1313,3.0,1590796800000
tank_1322,0.0,1590796800000
tank_1325,0.0,1590796800000
tank_1326,0.0,1590796800000
tank_1344,0.0,1590796800000
tank_1346,0.0,1590796800000
tank_1349,0.0,1590796800000
tank_1353,120.0,1590796800000
tank_1358,0.0,1590796800000
tank_1359,0.0,1590796800000
tank_1361,12.0,1590796800000
tank_1364,295.0,1590796800000
tank_1365,0.0,1590796800000
tank_1372,0.0,1590796800000
tank_1374,129.0,1590796800000
tank_1378,215.0,1590796800000
tank_1380,0.0,1590796800000
tank_1386,0.0,1590796800000
tank_1391,0.0,1590796800000
tank_1393,0.0,1590796800000
tank_1396,0.0,1590796800000
tank_1397,0.0,1590796800000
tank_1403,0.0,1590796800000
tank_1409,0.0,1590796800000
tank_1412,0.0,1590796800000
tank_1415,0.0,1590796800000
tank_1416,0.0,1590796800000
tank_1421,76.0,1590796800000
tank_1422,0.0,1590796800000
tank_1425,150.0,1590796800000
tank_1426,0.0,1590796800000
tank_1430,0.0,1590796800000
tank_1433,97.0,1590796800000
tank_1438,0.0,1590796800000
tank_1439,0.0,1590796800000
tank_1441,0.0,1590796800000
tank_1443,0.0,1590796800000
tank_1445,0.0,1590796800000
tank_1446,0.0,1590796800000
tank_1450,0.0,1590796800000
tank_1452,0.0,1590796800000
tank_1456,0.0,1590796800000
tank_1466,5.247058823529412,1590796800000
tank_1471,2.6392156862745098,1590796800000
tank_1475,6.0,1590796800000
tank_1486,146.0,1590796800000
tank_1488,0.0,1590796800000
tank_1491,0.0,1590796800000
tank_1500,0.0,1590796800000
tank_1505,0.0,1590796800000
tank_1513,99.0,1590796800000
tank_1531,0.0,1590796800000
tank_1536,0.0,1590796800000
tank_1539,89.0,1590796800000
tank_1541,0.0,1590796800000
tank_1542,0.0,1590796800000
tank_1547,2.0,1590796800000
tank_1563,0.0,1590796800000
tank_1564,0.0,1590796800000
tank_1565,209.0,1590796800000
tank_1567,0.0,1590796800000
tank_1568,0.0,1590796800000
tank_1573,0.0,1590796800000
tank_1583,5.0,1590796800000
tank_1587,184.0,1590796800000
tank_1588,0.0,1590796800000
tank_1592,26.0,1590796800000
tank_1594,0.0,1590796800000
tank_1595,0.0,1590796800000
tank_1597,0.0,1590796800000
tank_1598,0.0,1590796800000
tank_1600,0.0,1590796800000
tank_1604,0.0,1590796800000
tank_0002,0.0,1591833600000
tank_0004,0.0,1591833600000
tank_0005,0.0,1591833600000
tank_0011,0.0,1591833600000
tank_0014,0.0,1591833600000
tank_0019,0.0,1591833600000
tank_0024,0.0,1591833600000
tank_0025,0.0,1591833600000
tank_0026,0.0,1591833600000
tank_0027,0.0,1591833600000
tank_0030,0.0,1591833600000
tank_0031,0.0,1591833600000
tank_0036,0.13333333333333333,1591833600000
tank_0037,0.0,1591833600000
tank_0038,0.0,1591833600000
tank_0050,1.0,1591833600000
tank_0051,0.0,1591833600000
tank_0052,0.0,1591833600000
tank_0053,1.0,1591833600000
tank_0055,0.0,1591833600000
tank_0057,0.0,1591833600000
tank_0058,0.0,1591833600000
tank_0064,0.0,1591833600000
tank_0069,0.0,1591833600000
tank_0072,0.0,1591833600000
tank_0073,0.0,1591833600000
tank_0080,7.0,1591833600000
tank_0094,0.0,1591833600000
tank_0107,0.0,1591833600000
tank_0110,0.0,1591833600000
tank_0113,4.0,1591833600000
tank_0115,0.0,1591833600000
tank_0116,1.2823529411764705,1591833600000
tank_0117,12.0,1591833600000
tank_0118,0.0,1591833600000
tank_0122,0.0,1591833600000
tank_0125,0.0,1591833600000
tank_0130,0.0,1591833600000
tank_0131,0.0,1591833600000
tank_0132,0.0,1591833600000
tank_0134,0.0,1591833600000
tank_0135,0.0,1591833600000
tank_0142,0.0,1591833600000
tank_0143,0.0,1591833600000
tank_0144,0.0,1591833600000
tank_0148,0.0,1591833600000
tank_0153,0.0,1591833600000
tank_0156,17.0,1591833600000
tank_0159,0.0,1591833600000
tank_0165,0.0,1591833600000
tank_0171,0.0,1591833600000
tank_0172,0.0,1591833600000
tank_0174,0.0,1591833600000
tank_0176,0.0,1591833600000
tank_0184,0.0,1591833600000
tank_0187,0.0,1591833600000
tank_0190,0.0,1591833600000
tank_0192,0.0,1591833600000
tank_0193,0.0,1591833600000
tank_0195,0.0,1591833600000
tank_0199,0.0,1591833600000
tank_0204,0.0,1591833600000
tank_0205,0.0,1591833600000
tank_0207,0.0,1591833600000
tank_0209,0.0,1591833600000
tank_0213,9.0,1591833600000
tank_0217,0.0,1591833600000
tank_0220,0.0,1591833600000
tank_0221,2.831372549019608,1591833600000
tank_0225,0.0,1591833600000
tank_0226,0.0,1591833600000
tank_0228,0.0,1591833600000
tank_0229,0.0,1591833600000
tank_0231,0.0,1591833600000
tank_0233,0.0,1591833600000
tank_0236,0.0,1591833600000
tank_0237,0.0,1591833600000
tank_0240,0.0,1591833600000
tank_0242,0.0,1591833600000
tank_0245,0.0,1591833600000
tank_0247,0.0,1591833600000
tank_0256,0.0,1591833600000
tank_0257,0.0,1591833600000
tank_0260,0.0,1591833600000
tank_0261,0.0,1591833600000
tank_0264,0.0,1591833600000
tank_0273,0.0,1591833600000
tank_0276,0.0,1591833600000
tank_0278,0.0,1591833600000
tank_0280,0.0,1591833600000
tank_0291,0.0,1591833600000
tank_0292,4.815686274509804,1591833600000
tank_0296,0.0,1591833600000
tank_0297,0.0,1591833600000
tank_0299,2.156862745098039,1591833600000
tank_0300,0.0,1591833600000
tank_0301,0.0,1591833600000
tank_0307,0.0,1591833600000
tank_0309,0.0,1591833600000
tank_0313,0.0,1591833600000
tank_0314,0.0,1591833600000
tank_0319,0.0,1591833600000
tank_0321,4.0,1591833600000
tank_0327,0.0,1591833600000
tank_0337,0.0,1591833600000
tank_0338,0.0,1591833600000
tank_0339,0.0,1591833600000
tank_0342,0.0,1591833600000
tank_0345,0.0,1591833600000
tank_0346,0.0,1591833600000
tank_0349,0.0,1591833600000
tank_0350,0.0,1591833600000
tank_0353,3.376470588235294,1591833600000
tank_0356,0.0,1591833600000
tank_0360,0.0,1591833600000
tank_0361,0.0,1591833600000
tank_0362,7.501960784313725,1591833600000
tank_0364,0.0,1591833600000
tank_0366,0.0,1591833600000
tank_0369,0.0,1591833600000
tank_0375,0.0,1591833600000
tank_0379,2.0,1591833600000
tank_0381,0.0,1591833600000
tank_0386,6.0,1591833600000
tank_0390,0.0,1591833600000
tank_0397,0.0,1591833600000
tank_0399,0.0,1591833600000
tank_0404,0.0,1591833600000
tank_0409,0.0,1591833600000
tank_0420,0.0,1591833600000
tank_0425,0.0,1591833600000
tank_0431,0.0,1591833600000
tank_0432,0.0,1591833600000
tank_0435,0.0,1591833600000
tank_0436,0.0,1591833600000
tank_0438,0.0,1591833600000
tank_0443,0.0,1591833600000
tank_0444,0.0,1591833600000
tank_0447,13.164705882352942,1591833600000
tank_0448,0.0,1591833600000
tank_0449,0.0,1591833600000
tank_0455,0.0,1591833600000
tank_0460,0.0,1591833600000
tank_0462,0.0,1591833600000
tank_0466,0.0,1591833600000
tank_0471,0.0,1591833600000
tank_0473,0.0,1591833600000
tank_0474,0.0,1591833600000
tank_0481,8.0,1591833600000
tank_0485,0.0,1591833600000
tank_0489,0.0,1591833600000
tank_0491,0.0,1591833600000
tank_0494,0.0,1591833600000
tank_0497,0.0,1591833600000
tank_0498,0.0,1591833600000
tank_0502,0.0,1591833600000
tank_0505,0.0,1591833600000
tank_0509,0.0,1591833600000
tank_0512,0.0,1591833600000
tank_0514,0.0,1591833600000
tank_0515,0.0,1591833600000
tank_0521,0.0,1591833600000
tank_0524,0.0,1591833600000
tank_0526,0.0,1591833600000
tank_0533,0.0,1591833600000
tank_0534,0.0,1591833600000
tank_0536,0.0,1591833600000
tank_0537,0.0,1591833600000
tank_0541,0.0,1591833600000
tank_0547,0.0,1591833600000
tank_0552,0.0,1591833600000
tank_0555,0.0,1591833600000
tank_0556,0.0,1591833600000
tank_0557,0.0,1591833600000
tank_0560,0.0,1591833600000
tank_0561,0.0,1591833600000
tank_0566,0.0,1591833600000
tank_0567,0.0,1591833600000
tank_0568,0.0,1591833600000
tank_0574,0.0,1591833600000
tank_0579,0.0,1591833600000
tank_0583,0.0,1591833600000
tank_0587,0.0,1591833600000
tank_0589,0.0,1591833600000
tank_0590,0.0,1591833600000
tank_0592,0.0,1591833600000
tank_0593,0.0,1591833600000
tank_0595,0.0,1591833600000
tank_0600,0.0,1591833600000
tank_0604,0.0,1591833600000
tank_0606,0.0,1591833600000
tank_0607,0.0,1591833600000
tank_0608,0.0,1591833600000
tank_0610,0.0,1591833600000
tank_0611,0.0,1591833600000
tank_0612,0.0,1591833600000
tank_0613,0.0,1591833600000
tank_0619,0.0,1591833600000
tank_0626,0.0,1591833600000
tank_0627,0.0,1591833600000
tank_0628,0.0,1591833600000
tank_0632,0.0,1591833600000
tank_0633,0.0,1591833600000
tank_0639,0.0,1591833600000
tank_0640,0.0,1591833600000
tank_0641,0.0,1591833600000
tank_0643,0.0,1591833600000
tank_0646,0.0,1591833600000
tank_0663,0.0,1591833600000
tank_0664,0.0,1591833600000
tank_0666,0.0,1591833600000
tank_0667,0.0,1591833600000
tank_0670,0.0,1591833600000
tank_0675,0.0,1591833600000
tank_0676,0.0,1591833600000
tank_0678,0.0,1591833600000
tank_0681,0.0,1591833600000
tank_0687,0.0,1591833600000
tank_0688,0.0,1591833600000
tank_0697,0.0,1591833600000
tank_0720,5.0,1591833600000
tank_0722,0.0,1591833600000
tank_0724,0.0,1591833600000
tank_0725,0.0,1591833600000
tank_0728,0.0,1591833600000
tank_0730,0.0,1591833600000
tank_0731,0.0,1591833600000
tank_0732,0.0,1591833600000
tank_0737,0.0,1591833600000
tank_0739,0.0,1591833600000
tank_0740,0.0,1591833600000
tank_0746,0.0,1591833600000
tank_0748,0.0,1591833600000
tank_0749,0.0,1591833600000
tank_0752,0.0,1591833600000
tank_0760,0.0,1591833600000
tank_0770,0.0,1591833600000
tank_0772,0.0,1591833600000
tank_0788,0.0,1591833600000
tank_0789,0.0,1591833600000
tank_0792,16.415686274509802,1591833600000
tank_0797,0.0,1591833600000
tank_0800,0.0,1591833600000
tank_0802,0.0,1591833600000
tank_0803,0.0,1591833600000
tank_0808,3.407843137254902,1591833600000
tank_0810,0.0,1591833600000
tank_0811,0.0,1591833600000
tank_0812,0.0,1591833600000
tank_0813,0.0,1591833600000
tank_0816,0.0,1591833600000
tank_0819,0.0,1591833600000
tank_0823,0.0,1591833600000
tank_0824,0.0,1591833600000
tank_0825,0.0,1591833600000
tank_0828,0.0,1591833600000
tank_0829,0.0,1591833600000
tank_0830,0.0,1591833600000
tank_0831,0.0,1591833600000
tank_0844,0.0,1591833600000
tank_0852,0.0,1591833600000
tank_0855,0.0,1591833600000
tank_0856,0.0,1591833600000
tank_0860,0.0,1591833600000
tank_0861,0.0,1591833600000
tank_0872,0.0,1591833600000
tank_0875,0.0,1591833600000
tank_0879,0.0,1591833600000
tank_0885,0.0,1591833600000
tank_0891,0.0,1591833600000
tank_0894,0.0,1591833600000
tank_0898,3.0,1591833600000
tank_0900,0.0,1591833600000
tank_0901,0.0,1591833600000
tank_0902,0.0,1591833600000
tank_0914,0.0,1591833600000
tank_0917,7.0,1591833600000
tank_0919,0.0,1591833600000
tank_0920,0.0,1591833600000
tank_0922,0.0,1591833600000
tank_0923,0.0,1591833600000
tank_0924,0.0,1591833600000
tank_0926,0.0,1591833600000
tank_0927,0.0,1591833600000
tank_0928,0.0,1591833600000
tank_0930,0.0,1591833600000
tank_0931,0.0,1591833600000
tank_0933,0.0,1591833600000
tank_0934,0.0,1591833600000
tank_0937,0.0,1591833600000
tank_0938,0.0,1591833600000
tank_0939,0.0,1591833600000
tank_0944,11.0,1591833600000
tank_0946,0.0,1591833600000
tank_0952,0.0,1591833600000
tank_0958,0.0,1591833600000
tank_0962,0.0,1591833600000
tank_0967,0.0,1591833600000
tank_0975,0.0,1591833600000
tank_0978,0.0,1591833600000
tank_0990,0.0,1591833600000
tank_0991,0.0,1591833600000
tank_0998,0.0,1591833600000
tank_0999,1.0156862745098039,1591833600000
tank_1003,0.0,1591833600000
tank_1004,0.0,1591833600000
tank_1014,0.0,1591833600000
tank_1026,8.0,1591833600000
tank_1031,0.0,1591833600000
tank_1032,0.0,1591833600000
tank_1034,0.0,1591833600000
tank_1042,15.0,1591833600000
tank_1045,0.0,1591833600000
tank_1049,0.0,1591833600000
tank_1055,0.0,1591833600000
tank_1061,0.0,1591833600000
tank_1062,0.0,1591833600000
tank_1064,0.0,1591833600000
tank_1065,0.0,1591833600000
tank_1066,0.0,1591833600000
tank_1070,0.0,1591833600000
tank_1073,0.0,1591833600000
tank_1083,26.0,1591833600000
tank_1086,0.0,1591833600000
tank_1088,0.0,1591833600000
tank_1089,0.0,1591833600000
tank_1090,0.0,1591833600000
tank_1091,0.0,1591833600000
tank_1094,0.0,1591833600000
tank_1095,0.0,1591833600000
tank_1104,0.0,1591833600000
tank_1113,23.0,1591833600000
tank_1116,0.0,1591833600000
tank_1117,0.0,1591833600000
tank_1120,21.0,1591833600000
tank_1121,0.0,1591833600000
tank_1124,0.0,1591833600000
tank_1128,0.0,1591833600000
tank_1134,0.0,1591833600000
tank_1135,0.0,1591833600000
tank_1146,0.0,1591833600000
tank_1149,0.0,1591833600000
tank_1156,0.0,1591833600000
tank_1157,6.725490196078431,1591833600000
tank_1159,0.0,1591833600000
tank_1160,47.0,1591833600000
tank_1166,0.0,1591833600000
tank_1170,11.0,1591833600000
tank_1175,0.0,1591833600000
tank_1177,0.0,1591833600000
tank_1179,0.0,1591833600000
tank_1181,1.0,1591833600000
tank_1186,0.0,1591833600000
tank_1187,0.0,1591833600000
tank_1190,0.0,1591833600000
tank_1192,0.0,1591833600000
tank_1196,0.0,1591833600000
tank_1197,31.0,1591833600000
tank_1201,0.0,1591833600000
tank_1203,0.0,1591833600000
tank_1205,4.0,1591833600000
tank_1209,0.0,1591833600000
tank_1217,0.0,1591833600000
tank_1223,0.0,1591833600000
tank_1226,0.0,1591833600000
tank_1228,0.0,1591833600000
tank_1230,0.0,1591833600000
tank_1237,0.0,1591833600000
tank_1239,28.0,1591833600000
tank_1245,0.0,1591833600000
tank_1246,0.0,1591833600000
tank_1250,0.0,1591833600000
tank_1254,6.0,1591833600000
tank_1255,0.0,1591833600000
tank_1258,0.0,1591833600000
tank_1261,0.0,1591833600000
tank_1262,0.0,1591833600000
tank_1263,0.0,1591833600000
tank_1265,0.0,1591833600000
tank_1270,0.0,1591833600000
tank_1272,0.0,1591833600000
tank_1275,0.0,1591833600000
tank_1276,0.0,1591833600000
tank_1279,0.0,1591833600000
tank_1280,0.0,1591833600000
tank_1284,0.0,1591833600000
tank_1285,0.0,1591833600000
tank_1286,0.0,1591833600000
tank_1290,0.0,1591833600000
tank_1291,0.0,1591833600000
tank_1293,0.0,1591833600000
tank_1295,0.0,1591833600000
tank_1297,0.0,1591833600000
tank_1301,0.0,1591833600000
tank_1302,0.0,1591833600000
tank_1304,0.0,1591833600000
tank_1305,0.0,1591833600000
tank_1313,0.0,1591833600000
tank_1322,0.0,1591833600000
tank_1325,0.0,1591833600000
tank_1326,0.0,1591833600000
tank_1344,0.0,1591833600000
tank_1346,0.0,1591833600000
tank_1349,0.0,1591833600000
tank_1353,31.0,1591833600000
tank_1358,0.0,1591833600000
tank_1359,0.0,1591833600000
tank_1361,0.0,1591833600000
tank_1364,0.0,1591833600000
tank_1365,0.0,1591833600000
tank_1372,0.0,1591833600000
tank_1374,0.0,1591833600000
tank_1378,0.0,1591833600000
tank_1380,0.0,1591833600000
tank_1386,0.0,1591833600000
tank_1391,0.0,1591833600000
tank_1393,0.0,1591833600000
tank_1396,0.0,1591833600000
tank_1397,0.0,1591833600000
tank_1403,0.0,1591833600000
tank_1409,0.0,1591833600000
tank_1412,0.0,1591833600000
tank_1415,0.0,1591833600000
tank_1416,0.0,1591833600000
tank_1421,3.0,1591833600000
tank_1422,0.0,1591833600000
tank_1425,3.0,1591833600000
tank_1426,0.0,1591833600000
tank_1430,0.0,1591833600000
tank_1433,0.0,1591833600000
tank_1438,0.0,1591833600000
tank_1439,0.0,1591833600000
tank_1441,0.0,1591833600000
tank_1443,0.0,1591833600000
tank_1445,0.0,1591833600000
tank_1446,0.0,1591833600000
tank_1450,0.0,1591833600000
tank_1452,0.0,1591833600000
tank_1456,0.0,1591833600000
tank_1466,1.4196078431372547,1591833600000
tank_1471,0.0,1591833600000
tank_1475,0.0,1591833600000
tank_1486,0.0,1591833600000
tank_1488,0.0,1591833600000
tank_1491,0.0,1591833600000
tank_1500,0.0,1591833600000
tank_1505,0.0,1591833600000
tank_1513,39.0,1591833600000
tank_1531,0.0,1591833600000
tank_1536,0.0,1591833600000
tank_1539,2.0,1591833600000
tank_1541,0.0,1591833600000
tank_1542,0.0,1591833600000
tank_1547,0.0,1591833600000
tank_1563,0.0,1591833600000
tank_1564,0.0,1591833600000
tank_1565,0.0,1591833600000
tank_1567,0.0,1591833600000
tank_1568,0.0,1591833600000
tank_1573,0.0,1591833600000
tank_1583,0.0,1591833600000
tank_1587,53.0,1591833600000
tank_1588,0.0,1591833600000
tank_1592,0.0,1591833600000
tank_1594,0.0,1591833600000
tank_1595,0.0,1591833600000
tank_1597,0.0,1591833600000
tank_1598,0.0,1591833600000
tank_1600,0.0,1591833600000
tank_1604,0.0,1591833600000
tank_0002,0.0,1592870400000
tank_0004,2.0,1592870400000
tank_0005,0.0,1592870400000
tank_0011,0.0,1592870400000
tank_0014,5.0,1592870400000
tank_0019,10.0,1592870400000
tank_0024,5.474509803921569,1592870400000
tank_0025,0.0,1592870400000
tank_0026,2.7607843137254897,1592870400000
tank_0027,0.0,1592870400000
tank_0030,0.0,1592870400000
tank_0031,0.0,1592870400000
tank_0036,0.0,1592870400000
tank_0037,0.9098039215686274,1592870400000
tank_0038,12.086274509803921,1592870400000
tank_0050,2.0470588235294116,1592870400000
tank_0051,1.0,1592870400000
tank_0052,10.984313725490196,1592870400000
tank_0053,29.16078431372549,1592870400000
tank_0055,0.37254901960784315,1592870400000
tank_0057,0.0,1592870400000
tank_0058,3.1803921568627453,1592870400000
tank_0064,31.203921568627454,1592870400000
tank_0069,0.0,1592870400000
tank_0072,0.0,1592870400000
tank_0073,0.0,1592870400000
tank_0080,10.0,1592870400000
tank_0094,0.0,1592870400000
tank_0107,0.0,1592870400000
tank_0110,0.0,1592870400000
tank_0113,45.89019607843137,1592870400000
tank_0115,2.0,1592870400000
tank_0116,0.0,1592870400000
tank_0117,55.674509803921566,1592870400000
tank_0118,0.0,1592870400000
tank_0122,0.0,1592870400000
tank_0125,10.32549019607843,1592870400000
tank_0130,0.0,1592870400000
tank_0131,0.0,1592870400000
tank_0132,0.0,1592870400000
tank_0134,0.0,1592870400000
tank_0135,0.0,1592870400000
tank_0142,0.0,1592870400000
tank_0143,0.0,1592870400000
tank_0144,0.0,1592870400000
tank_0148,0.24705882352941178,1592870400000
tank_0153,0.0,1592870400000
tank_0156,66.27058823529411,1592870400000
tank_0159,0.0,1592870400000
tank_0165,1.6588235294117646,1592870400000
tank_0171,0.0,1592870400000
tank_0172,2.772549019607843,1592870400000
tank_0174,9.988235294117645,1592870400000
tank_0176,0.0,1592870400000
tank_0184,0.580392156862745,1592870400000
tank_0187,1.0,1592870400000
tank_0190,9.145098039215688,1592870400000
tank_0192,0.0,1592870400000
tank_0193,0.0,1592870400000
tank_0195,0.0,1592870400000
tank_0199,2.7490196078431373,1592870400000
tank_0204,0.0,1592870400000
tank_0205,1.0,1592870400000
tank_0207,0.0,1592870400000
tank_0209,0.0,1592870400000
tank_0213,8.0,1592870400000
tank_0217,0.0,1592870400000
tank_0220,0.0,1592870400000
tank_0221,7.980392156862745,1592870400000
tank_0225,0.0,1592870400000
tank_0226,0.0,1592870400000
tank_0228,0.0,1592870400000
tank_0229,0.0,1592870400000
tank_0231,0.0,1592870400000
tank_0233,7.0,1592870400000
tank_0236,0.0,1592870400000
tank_0237,6.329411764705883,1592870400000
tank_0240,7.584313725490196,1592870400000
tank_0242,0.0,1592870400000
tank_0245,0.0,1592870400000
tank_0247,1.0,1592870400000
tank_0256,4.3803921568627455,1592870400000
tank_0257,1.3725490196078431,1592870400000
tank_0260,0.0,1592870400000
tank_0261,0.0,1592870400000
tank_0264,0.0,1592870400000
tank_0273,0.0,1592870400000
tank_0276,0.0,1592870400000
tank_0278,14.91764705882353,1592870400000
tank_0280,0.0,1592870400000
tank_0291,0.0,1592870400000
tank_0292,24.254901960784316,1592870400000
tank_0296,0.0,1592870400000
tank_0297,0.0,1592870400000
tank_0299,28.290196078431375,1592870400000
tank_0300,4.337254901960785,1592870400000
tank_0301,1.4980392156862745,1592870400000
tank_0307,0.0,1592870400000
tank_0309,0.0,1592870400000
tank_0313,0.0,1592870400000
tank_0314,0.0,1592870400000
tank_0319,0.0,1592870400000
tank_0321,2.941176470588235,1592870400000
tank_0327,0.0,1592870400000
tank_0337,3.0,1592870400000
tank_0338,0.0,1592870400000
tank_0339,9.43921568627451,1592870400000
tank_0342,0.0,1592870400000
tank_0345,3.6392156862745098,1592870400000
tank_0346,0.0,1592870400000
tank_0349,0.0,1592870400000
tank_0350,6.0,1592870400000
tank_0353,66.53333333333335,1592870400000
tank_0356,0.0,1592870400000
tank_0360,0.0,1592870400000
tank_0361,1.0,1592870400000
tank_0362,4.192156862745098,1592870400000
tank_0364,5.639215686274509,1592870400000
tank_0366,5.0,1592870400000
tank_0369,0.0,1592870400000
tank_0375,0.32941176470588235,1592870400000
tank_0379,36.545098039215695,1592870400000
tank_0381,0.0,1592870400000
tank_0386,9.0,1592870400000
tank_0390,0.0,1592870400000
tank_0397,0.0,1592870400000
tank_0399,0.0,1592870400000
tank_0404,1.0,1592870400000
tank_0409,0.0,1592870400000
tank_0420,0.0,1592870400000
tank_0425,0.0,1592870400000
tank_0431,0.0,1592870400000
tank_0432,0.0,1592870400000
tank_0435,0.0,1592870400000
tank_0436,0.0,1592870400000
tank_0438,0.596078431372549,1592870400000
tank_0443,0.0,1592870400000
tank_0444,0.0,1592870400000
tank_0447,30.56078431372549,1592870400000
tank_0448,0.09411764705882353,1592870400000
tank_0449,0.0,1592870400000
tank_0455,0.0,1592870400000
tank_0460,0.0,1592870400000
tank_0462,0.0,1592870400000
tank_0466,0.0,1592870400000
tank_0471,0.0,1592870400000
tank_0473,0.0,1592870400000
tank_0474,1.0,1592870400000
tank_0481,52.71372549019608,1592870400000
tank_0485,0.0,1592870400000
tank_0489,0.0,1592870400000
tank_0491,0.0,1592870400000
tank_0494,1.0,1592870400000
tank_0497,5.756862745098039,1592870400000
tank_0498,0.0,1592870400000
tank_0502,0.0,1592870400000
tank_0505,8.60392156862745,1592870400000
tank_0509,0.0,1592870400000
tank_0512,0.0,1592870400000
tank_0514,0.0,1592870400000
tank_0515,0.0,1592870400000
tank_0521,0.0,1592870400000
tank_0524,0.0,1592870400000
tank_0526,2.0,1592870400000
tank_0533,5.87843137254902,1592870400000
tank_0534,0.0,1592870400000
tank_0536,0.0,1592870400000
tank_0537,0.0,1592870400000
tank_0541,0.0784313725490196,1592870400000
tank_0547,4.0,1592870400000
tank_0552,0.9921568627450981,1592870400000
tank_0555,0.0,1592870400000
tank_0556,0.0,1592870400000
tank_0557,0.0,1592870400000
tank_0560,4.215686274509804,1592870400000
tank_0561,0.0,1592870400000
tank_0566,0.0,1592870400000
tank_0567,0.596078431372549,1592870400000
tank_0568,27.376470588235293,1592870400000
tank_0574,0.0,1592870400000
tank_0579,0.0,1592870400000
tank_0583,0.0,1592870400000
tank_0587,0.0,1592870400000
tank_0589,0.0,1592870400000
tank_0590,0.0,1592870400000
tank_0592,0.0,1592870400000
tank_0593,0.0,1592870400000
tank_0595,0.0,1592870400000
tank_0600,4.372549019607844,1592870400000
tank_0604,0.0,1592870400000
tank_0606,0.0,1592870400000
tank_0607,0.0,1592870400000
tank_0608,0.0,1592870400000
tank_0610,0.0,1592870400000
tank_0611,0.0,1592870400000
tank_0612,4.0,1592870400000
tank_0613,0.0,1592870400000
tank_0619,0.0,1592870400000
tank_0626,0.0,1592870400000
tank_0627,0.0,1592870400000
tank_0628,0.0,1592870400000
tank_0632,3.4980392156862745,1592870400000
tank_0633,0.0,1592870400000
tank_0639,0.0,1592870400000
tank_0640,0.0,1592870400000
tank_0641,4.623529411764705,1592870400000
tank_0643,17.219607843137254,1592870400000
tank_0646,0.0,1592870400000
tank_0663,15.0,1592870400000
tank_0664,0.0,1592870400000
tank_0666,2.8862745098039215,1592870400000
tank_0667,0.0,1592870400000
tank_0670,0.0,1592870400000
tank_0675,4.0,1592870400000
tank_0676,6.0,1592870400000
tank_0678,2.0,1592870400000
tank_0681,3.6745098039215685,1592870400000
tank_0687,0.0,1592870400000
tank_0688,0.0,1592870400000
tank_0697,7.894117647058824,1592870400000
tank_0720,5.427450980392157,1592870400000
tank_0722,4.0,1592870400000
tank_0724,5.596078431372549,1592870400000
tank_0725,0.0,1592870400000
tank_0728,1.0,1592870400000
tank_0730,0.12549019607843137,1592870400000
tank_0731,0.0,1592870400000
tank_0732,0.0,1592870400000
tank_0737,128.0,1592870400000
tank_0739,0.0,1592870400000
tank_0740,59.88235294117647,1592870400000
tank_0746,0.0,1592870400000
tank_0748,1.0392156862745097,1592870400000
tank_0749,2.8941176470588235,1592870400000
tank_0752,0.0,1592870400000
tank_0760,0.0,1592870400000
tank_0770,0.0,1592870400000
tank_0772,2.6666666666666665,1592870400000
tank_0788,0.0,1592870400000
tank_0789,2.0,1592870400000
tank_0792,40.66666666666668,1592870400000
tank_0797,0.0,1592870400000
tank_0800,4.0,1592870400000
tank_0802,0.0,1592870400000
tank_0803,0.776470588235294,1592870400000
tank_0808,6.874509803921569,1592870400000
tank_0810,0.0,1592870400000
tank_0811,8.196078431372548,1592870400000
tank_0812,0.0,1592870400000
tank_0813,3.0117647058823533,1592870400000
tank_0816,1.1254901960784314,1592870400000
tank_0819,0.0,1592870400000
tank_0823,0.0,1592870400000
tank_0824,0.0,1592870400000
tank_0825,0.0,1592870400000
tank_0828,0.0,1592870400000
tank_0829,1.0,1592870400000
tank_0830,0.0,1592870400000
tank_0831,23.607843137254907,1592870400000
tank_0844,0.0,1592870400000
tank_0852,3.6470588235294117,1592870400000
tank_0855,0.0,1592870400000
tank_0856,4.0,1592870400000
tank_0860,0.0,1592870400000
tank_0861,0.0,1592870400000
tank_0872,0.0,1592870400000
tank_0875,0.0,1592870400000
tank_0879,0.0,1592870400000
tank_0885,0.0,1592870400000
tank_0891,0.0,1592870400000
tank_0894,8.0,1592870400000
tank_0898,43.98039215686275,1592870400000
tank_0900,2.0,1592870400000
tank_0901,0.0,1592870400000
tank_0902,0.0,1592870400000
tank_0914,0.0,1592870400000
tank_0917,9.0,1592870400000
tank_0919,0.0,1592870400000
tank_0920,0.0,1592870400000
tank_0922,1.0,1592870400000
tank_0923,3.0627450980392155,1592870400000
tank_0924,0.0,1592870400000
tank_0926,0.3333333333333333,1592870400000
tank_0927,0.0,1592870400000
tank_0928,0.0,1592870400000
tank_0930,0.0,1592870400000
tank_0931,0.0,1592870400000
tank_0933,0.0,1592870400000
tank_0934,0.0,1592870400000
tank_0937,0.0,1592870400000
tank_0938,0.0,1592870400000
tank_0939,0.0,1592870400000
tank_0944,8.0,1592870400000
tank_0946,0.0,1592870400000
tank_0952,4.890196078431373,1592870400000
tank_0958,1.223529411764706,1592870400000
tank_0962,15.0,1592870400000
tank_0967,3.7333333333333334,1592870400000
tank_0975,0.0,1592870400000
tank_0978,4.0,1592870400000
tank_0990,0.0,1592870400000
tank_0991,26.0,1592870400000
tank_0998,0.0,1592870400000
tank_0999,0.0,1592870400000
tank_1003,0.0,1592870400000
tank_1004,2.0,1592870400000
tank_1014,0.0,1592870400000
tank_1026,30.0,1592870400000
tank_1031,5.0,1592870400000
tank_1032,0.0,1592870400000
tank_1034,0.0,1592870400000
tank_1042,17.0,1592870400000
tank_1045,0.0,1592870400000
tank_1049,0.0,1592870400000
tank_1055,3.5176470588235293,1592870400000
tank_1061,0.0,1592870400000
tank_1062,0.0,1592870400000
tank_1064,0.0,1592870400000
tank_1065,0.0,1592870400000
tank_1066,20.701960784313727,1592870400000
tank_1070,0.0,1592870400000
tank_1073,0.0,1592870400000
tank_1083,94.0,1592870400000
tank_1086,11.0,1592870400000
tank_1088,0.0,1592870400000
tank_1089,0.0,1592870400000
tank_1090,0.0,1592870400000
tank_1091,0.0,1592870400000
tank_1094,84.0,1592870400000
tank_1095,0.0,1592870400000
tank_1104,0.0,1592870400000
tank_1113,36.0,1592870400000
tank_1116,15.450980392156861,1592870400000
tank_1117,0.0,1592870400000
tank_1120,57.0,1592870400000
tank_1121,58.0,1592870400000
tank_1124,0.0,1592870400000
tank_1128,0.0,1592870400000
tank_1134,0.0,1592870400000
tank_1135,0.0,1592870400000
tank_1146,0.0,1592870400000
tank_1149,0.0,1592870400000
tank_1156,0.0,1592870400000
tank_1157,9.725490196078432,1592870400000
tank_1159,0.0,1592870400000
tank_1160,111.0,1592870400000
tank_1166,0.0,1592870400000
tank_1170,11.941176470588236,1592870400000
tank_1175,0.0,1592870400000
tank_1177,3.7450980392156863,1592870400000
tank_1179,0.12549019607843137,1592870400000
tank_1181,0.0,1592870400000
tank_1186,0.0,1592870400000
tank_1187,16.588235294117645,1592870400000
tank_1190,12.0,1592870400000
tank_1192,0.45098039215686275,1592870400000
tank_1196,0.0,1592870400000
tank_1197,229.0,1592870400000
tank_1201,0.0,1592870400000
tank_1203,2.631372549019608,1592870400000
tank_1205,38.0,1592870400000
tank_1209,185.0,1592870400000
tank_1217,0.0,1592870400000
tank_1223,0.0,1592870400000
tank_1226,0.0,1592870400000
tank_1228,0.0,1592870400000
tank_1230,0.0,1592870400000
tank_1237,0.0,1592870400000
tank_1239,92.0,1592870400000
tank_1245,0.0,1592870400000
tank_1246,0.0,1592870400000
tank_1250,0.0,1592870400000
tank_1254,367.0,1592870400000
tank_1255,6.0,1592870400000
tank_1258,0.0,1592870400000
tank_1261,0.0,1592870400000
tank_1262,0.0,1592870400000
tank_1263,0.0,1592870400000
tank_1265,0.0,1592870400000
tank_1270,0.0,1592870400000
tank_1272,3.0,1592870400000
tank_1275,0.0,1592870400000
tank_1276,0.0,1592870400000
tank_1279,0.0,1592870400000
tank_1280,0.0,1592870400000
tank_1284,0.0,1592870400000
tank_1285,0.0,1592870400000
tank_1286,0.0,1592870400000
tank_1290,0.0,1592870400000
tank_1291,0.0,1592870400000
tank_1293,0.0,1592870400000
tank_1295,0.6941176470588235,1592870400000
tank_1297,0.0,1592870400000
tank_1301,0.0,1592870400000
tank_1302,0.0,1592870400000
tank_1304,0.37254901960784315,1592870400000
tank_1305,0.0,1592870400000
tank_1313,0.0,1592870400000
tank_1322,0.0,1592870400000
tank_1325,0.0,1592870400000
tank_1326,0.0,1592870400000
tank_1344,0.0,1592870400000
tank_1346,0.0,1592870400000
tank_1349,0.0,1592870400000
tank_1353,55.0,1592870400000
tank_1358,0.0,1592870400000
tank_1359,0.0,1592870400000
tank_1361,0.0,1592870400000
tank_1364,117.0,1592870400000
tank_1365,0.0,1592870400000
tank_1372,0.0,1592870400000
tank_1374,99.0,1592870400000
tank_1378,14.0,1592870400000
tank_1380,0.0,1592870400000
tank_1386,5.0,1592870400000
tank_1391,0.0,1592870400000
tank_1393,0.0,1592870400000
tank_1396,0.0,1592870400000
tank_1397,0.0,1592870400000
tank_1403,0.0,1592870400000
tank_1409,0.0,1592870400000
tank_1412,0.0,1592870400000
tank_1415,0.0,1592870400000
tank_1416,0.0,1592870400000
tank_1421,88.0,1592870400000
tank_1422,0.0,1592870400000
tank_1425,153.0,1592870400000
tank_1426,0.0,1592870400000
tank_1430,0.0,1592870400000
tank_1433,75.0,1592870400000
tank_1438,0.0,1592870400000
tank_1439,0.0,1592870400000
tank_1441,0.0,1592870400000
tank_1443,12.84705882352941,1592870400000
tank_1445,2.0,1592870400000
tank_1446,0.0,1592870400000
tank_1450,1.0,1592870400000
tank_1452,0.0,1592870400000
tank_1456,0.0,1592870400000
tank_1466,14.827450980392156,1592870400000
tank_1471,0.0,1592870400000
tank_1475,0.0,1592870400000
tank_1486,189.0,1592870400000
tank_1488,1.5254901960784315,1592870400000
tank_1491,0.0,1592870400000
tank_1500,0.0,1592870400000
tank_1505,0.0,1592870400000
tank_1513,235.0,1592870400000
tank_1531,0.0,1592870400000
tank_1536,0.0,1592870400000
tank_1539,74.0,1592870400000
tank_1541,0.0,1592870400000
tank_1542,0.0,1592870400000
tank_1547,0.0,1592870400000
tank_1563,0.0,1592870400000
tank_1564,0.0,1592870400000
tank_1565,12.0,1592870400000
tank_1567,0.0,1592870400000
tank_1568,0.0,1592870400000
tank_1573,0.0,1592870400000
tank_1583,0.0,1592870400000
tank_1587,397.0,1592870400000
tank_1588,0.0,1592870400000
tank_1592,0.0,1592870400000
tank_1594,0.0,1592870400000
tank_1595,0.0,1592870400000
tank_1597,0.0,1592870400000
tank_1598,0.0,1592870400000
tank_1600,0.34901960784313724,1592870400000
tank_1604,0.0,1592870400000
tank_0002,0.0,1593907200000
tank_0004,0.0,1593907200000
tank_0005,0.0,1593907200000
tank_0011,0.0,1593907200000
tank_0014,10.0,1593907200000
tank_0019,0.0,1593907200000
tank_0024,0.0,1593907200000
tank_0025,0.0,1593907200000
tank_0026,0.0,1593907200000
tank_0027,0.0,1593907200000
tank_0030,0.0,1593907200000
tank_0031,0.0,1593907200000
tank_0036,0.19215686274509805,1593907200000
tank_0037,0.0,1593907200000
tank_0038,1.2509803921568627,1593907200000
tank_0050,0.0,1593907200000
tank_0051,0.0,1593907200000
tank_0052,3.7058823529411766,1593907200000
tank_0053,4.67843137254902,1593907200000
tank_0055,0.0,1593907200000
tank_0057,0.0,1593907200000
tank_0058,0.0,1593907200000
tank_0064,0.0,1593907200000
tank_0069,0.0,1593907200000
tank_0072,0.0,1593907200000
tank_0073,1.0,1593907200000
tank_0080,10.0,1593907200000
tank_0094,0.0,1593907200000
tank_0107,1.0,1593907200000
tank_0110,0.0,1593907200000
tank_0113,16.0,1593907200000
tank_0115,0.0,1593907200000
tank_0116,2.631372549019608,1593907200000
tank_0117,31.0,1593907200000
tank_0118,0.0,1593907200000
tank_0122,0.0,1593907200000
tank_0125,3.0,1593907200000
tank_0130,0.0,1593907200000
tank_0131,0.0,1593907200000
tank_0132,0.0,1593907200000
tank_0134,0.0,1593907200000
tank_0135,0.0,1593907200000
tank_0142,0.0,1593907200000
tank_0143,0.0,1593907200000
tank_0144,0.0,1593907200000
tank_0148,0.0,1593907200000
tank_0153,0.0,1593907200000
tank_0156,36.4,1593907200000
tank_0159,0.0,1593907200000
tank_0165,0.0,1593907200000
tank_0171,0.0,1593907200000
tank_0172,2.215686274509804,1593907200000
tank_0174,5.101960784313727,1593907200000
tank_0176,0.0,1593907200000
tank_0184,0.0,1593907200000
tank_0187,0.0,1593907200000
tank_0190,0.0,1593907200000
tank_0192,0.0,1593907200000
tank_0193,0.0,1593907200000
tank_0195,0.0,1593907200000
tank_0199,0.0,1593907200000
tank_0204,0.0,1593907200000
tank_0205,0.0,1593907200000
tank_0207,0.0,1593907200000
tank_0209,0.0,1593907200000
tank_0213,15.0,1593907200000
tank_0217,0.0,1593907200000
tank_0220,0.0,1593907200000
tank_0221,1.4980392156862745,1593907200000
tank_0225,0.0,1593907200000
tank_0226,0.0,1593907200000
tank_0228,0.0,1593907200000
tank_0229,0.0,1593907200000
tank_0231,0.8823529411764706,1593907200000
tank_0233,0.0,1593907200000
tank_0236,0.0,1593907200000
tank_0237,0.0,1593907200000
tank_0240,0.0,1593907200000
tank_0242,0.0,1593907200000
tank_0245,0.0,1593907200000
tank_0247,4.0,1593907200000
tank_0256,0.0,1593907200000
tank_0257,0.0,1593907200000
tank_0260,0.0,1593907200000
tank_0261,0.0,1593907200000
tank_0264,0.0,1593907200000
tank_0273,0.0,1593907200000
tank_0276,0.0,1593907200000
tank_0278,0.0,1593907200000
tank_0280,0.0,1593907200000
tank_0291,0.0,1593907200000
tank_0292,2.0,1593907200000
tank_0296,0.0,1593907200000
tank_0297,0.0,1593907200000
tank_0299,0.0,1593907200000
tank_0300,6.015686274509804,1593907200000
tank_0301,0.0,1593907200000
tank_0307,0.0,1593907200000
tank_0309,0.0,1593907200000
tank_0313,0.0,1593907200000
tank_0314,0.0,1593907200000
tank_0319,0.0,1593907200000
tank_0321,1.0,1593907200000
tank_0327,0.0,1593907200000
tank_0337,0.0,1593907200000
tank_0338,0.0,1593907200000
tank_0339,0.0,1593907200000
tank_0342,0.27450980392156865,1593907200000
tank_0345,0.8196078431372549,1593907200000
tank_0346,0.0,1593907200000
tank_0349,0.0,1593907200000
tank_0350,0.0,1593907200000
tank_0353,9.658823529411766,1593907200000
tank_0356,0.0,1593907200000
tank_0360,0.0,1593907200000
tank_0361,10.698039215686274,1593907200000
tank_0362,1.0,1593907200000
tank_0364,9.823529411764705,1593907200000
tank_0366,10.333333333333332,1593907200000
tank_0369,0.0,1593907200000
tank_0375,0.0,1593907200000
tank_0379,0.0,1593907200000
tank_0381,0.0,1593907200000
tank_0386,3.0,1593907200000
tank_0390,0.0,1593907200000
tank_0397,0.0,1593907200000
tank_0399,4.0,1593907200000
tank_0404,4.0,1593907200000
tank_0409,0.0,1593907200000
tank_0420,0.0,1593907200000
tank_0425,0.0,1593907200000
tank_0431,0.0,1593907200000
tank_0432,0.0,1593907200000
tank_0435,0.0,1593907200000
tank_0436,0.0,1593907200000
tank_0438,0.0,1593907200000
tank_0443,1.6470588235294117,1593907200000
tank_0444,0.0,1593907200000
tank_0447,1.1215686274509804,1593907200000
tank_0448,0.0,1593907200000
tank_0449,0.9490196078431372,1593907200000
tank_0455,0.0,1593907200000
tank_0460,0.0,1593907200000
tank_0462,0.0,1593907200000
tank_0466,0.0,1593907200000
tank_0471,0.0,1593907200000
tank_0473,0.0,1593907200000
tank_0474,4.0,1593907200000
tank_0481,10.811764705882354,1593907200000
tank_0485,0.0,1593907200000
tank_0489,0.0,1593907200000
tank_0491,0.0,1593907200000
tank_0494,3.0,1593907200000
tank_0497,0.0,1593907200000
tank_0498,0.0,1593907200000
tank_0502,0.0,1593907200000
tank_0505,3.7490196078431373,1593907200000
tank_0509,0.0,1593907200000
tank_0512,0.0,1593907200000
tank_0514,0.0,1593907200000
tank_0515,0.0,1593907200000
tank_0521,0.0,1593907200000
tank_0524,0.0,1593907200000
tank_0526,0.0,1593907200000
tank_0533,0.0,1593907200000
tank_0534,0.0,1593907200000
tank_0536,0.0,1593907200000
tank_0537,0.0,1593907200000
tank_0541,0.0,1593907200000
tank_0547,0.0,1593907200000
tank_0552,0.0,1593907200000
tank_0555,0.0,1593907200000
tank_0556,0.0,1593907200000
tank_0557,0.0,1593907200000
tank_0560,0.0,1593907200000
tank_0561,0.0,1593907200000
tank_0566,0.0,1593907200000
tank_0567,0.0,1593907200000
tank_0568,0.0,1593907200000
tank_0574,0.0,1593907200000
tank_0579,0.0,1593907200000
tank_0583,2.0,1593907200000
tank_0587,0.0,1593907200000
tank_0589,0.0,1593907200000
tank_0590,0.0,1593907200000
tank_0592,0.0,1593907200000
tank_0593,0.0,1593907200000
tank_0595,0.0,1593907200000
tank_0600,0.9333333333333333,1593907200000
tank_0604,0.0,1593907200000
tank_0606,0.0,1593907200000
tank_0607,0.0,1593907200000
tank_0608,0.0,1593907200000
tank_0610,0.0,1593907200000
tank_0611,0.0,1593907200000
tank_0612,0.0,1593907200000
tank_0613,0.0,1593907200000
tank_0619,0.0,1593907200000
tank_0626,0.0,1593907200000
tank_0627,0.0,1593907200000
tank_0628,0.0,1593907200000
tank_0632,0.0,1593907200000
tank_0633,0.0,1593907200000
tank_0639,0.0,1593907200000
tank_0640,0.0,1593907200000
tank_0641,0.0,1593907200000
tank_0643,0.0,1593907200000
tank_0646,0.4941176470588235,1593907200000
tank_0663,7.568627450980392,1593907200000
tank_0664,0.0,1593907200000
tank_0666,4.0,1593907200000
tank_0667,0.0,1593907200000
tank_0670,0.0,1593907200000
tank_0675,0.0,1593907200000
tank_0676,20.0,1593907200000
tank_0678,0.0,1593907200000
tank_0681,0.0,1593907200000
tank_0687,13.623529411764705,1593907200000
tank_0688,0.0,1593907200000
tank_0697,1.396078431372549,1593907200000
tank_0720,5.0,1593907200000
tank_0722,0.0,1593907200000
tank_0724,7.027450980392157,1593907200000
tank_0725,0.0,1593907200000
tank_0728,0.0,1593907200000
tank_0730,0.0,1593907200000
tank_0731,0.0,1593907200000
tank_0732,0.0,1593907200000
tank_0737,277.0,1593907200000
tank_0739,0.0,1593907200000
tank_0740,34.68627450980392,1593907200000
tank_0746,0.0,1593907200000
tank_0748,0.0,1593907200000
tank_0749,0.0,1593907200000
tank_0752,1.6235294117647059,1593907200000
tank_0760,0.0,1593907200000
tank_0770,0.0,1593907200000
tank_0772,0.0,1593907200000
tank_0788,0.0,1593907200000
tank_0789,0.0,1593907200000
tank_0792,31.266666666666662,1593907200000
tank_0797,0.0,1593907200000
tank_0800,5.0,1593907200000
tank_0802,0.0,1593907200000
tank_0803,0.776470588235294,1593907200000
tank_0808,6.75686274509804,1593907200000
tank_0810,0.0,1593907200000
tank_0811,3.329411764705882,1593907200000
tank_0812,0.0,1593907200000
tank_0813,0.0,1593907200000
tank_0816,0.0,1593907200000
tank_0819,0.0,1593907200000
tank_0823,0.0,1593907200000
tank_0824,0.0,1593907200000
tank_0825,0.0,1593907200000
tank_0828,0.0,1593907200000
tank_0829,7.984313725490196,1593907200000
tank_0830,0.0,1593907200000
tank_0831,4.568627450980392,1593907200000
tank_0844,0.0,1593907200000
tank_0852,0.0,1593907200000
tank_0855,50.0,1593907200000
tank_0856,143.0,1593907200000
tank_0860,0.0,1593907200000
tank_0861,0.0,1593907200000
tank_0872,0.0,1593907200000
tank_0875,0.0,1593907200000
tank_0879,0.0,1593907200000
tank_0885,0.0,1593907200000
tank_0891,0.0,1593907200000
tank_0894,63.0,1593907200000
tank_0898,141.0,1593907200000
tank_0900,0.0,1593907200000
tank_0901,0.0,1593907200000
tank_0902,14.0,1593907200000
tank_0914,0.0,1593907200000
tank_0917,374.0,1593907200000
tank_0919,0.0,1593907200000
tank_0920,0.0,1593907200000
tank_0922,3.0,1593907200000
tank_0923,0.0,1593907200000
tank_0924,0.0,1593907200000
tank_0926,0.0,1593907200000
tank_0927,0.0,1593907200000
tank_0928,0.0,1593907200000
tank_0930,125.0,1593907200000
tank_0931,0.0,1593907200000
tank_0933,0.0,1593907200000
tank_0934,0.0,1593907200000
tank_0937,0.0,1593907200000
tank_0938,0.0,1593907200000
tank_0939,0.0,1593907200000
tank_0944,28.0,1593907200000
tank_0946,0.0,1593907200000
tank_0952,0.0,1593907200000
tank_0958,0.7490196078431373,1593907200000
tank_0962,101.0,1593907200000
tank_0967,0.0,1593907200000
tank_0975,0.0,1593907200000
tank_0978,0.0,1593907200000
tank_0990,0.0,1593907200000
tank_0991,44.0,1593907200000
tank_0998,0.0,1593907200000
tank_0999,0.0,1593907200000
tank_1003,1.0,1593907200000
tank_1004,0.0,1593907200000
tank_1014,0.0,1593907200000
tank_1026,84.0,1593907200000
tank_1031,0.0,1593907200000
tank_1032,1.4352941176470588,1593907200000
tank_1034,0.0,1593907200000
tank_1042,28.0,1593907200000
tank_1045,0.0,1593907200000
tank_1049,0.0,1593907200000
tank_1055,3.8627450980392157,1593907200000
tank_1061,0.0,1593907200000
tank_1062,0.0,1593907200000
tank_1064,0.9764705882352941,1593907200000
tank_1065,0.10588235294117647,1593907200000
tank_1066,0.0,1593907200000
tank_1070,0.0,1593907200000
tank_1073,0.0,1593907200000
tank_1083,174.0,1593907200000
tank_1086,21.772549019607844,1593907200000
tank_1088,8.0,1593907200000
tank_1089,9.0,1593907200000
tank_1090,0.0,1593907200000
tank_1091,0.0,1593907200000
tank_1094,79.0,1593907200000
tank_1095,14.0,1593907200000
tank_1104,0.0,1593907200000
tank_1113,39.0,1593907200000
tank_1116,1.1254901960784314,1593907200000
tank_1117,0.0,1593907200000
tank_1120,72.0,1593907200000
tank_1121,149.0,1593907200000
tank_1124,20.0,1593907200000
tank_1128,0.0,1593907200000
tank_1134,0.0,1593907200000
tank_1135,0.0,1593907200000
tank_1146,30.0,1593907200000
tank_1149,0.0,1593907200000
tank_1156,0.0,1593907200000
tank_1157,17.976470588235298,1593907200000
tank_1159,0.0,1593907200000
tank_1160,192.0,1593907200000
tank_1166,0.06666666666666667,1593907200000
tank_1170,8.24313725490196,1593907200000
tank_1175,0.0,1593907200000
tank_1177,2.0,1593907200000
tank_1179,1.0,1593907200000
tank_1181,0.0,1593907200000
tank_1186,8.0,1593907200000
tank_1187,9.278431372549019,1593907200000
tank_1190,0.0,1593907200000
tank_1192,35.984313725490196,1593907200000
tank_1196,0.0,1593907200000
tank_1197,264.0,1593907200000
tank_1201,0.0,1593907200000
tank_1203,0.0,1593907200000
tank_1205,79.0,1593907200000
tank_1209,453.0,1593907200000
tank_1217,0.0,1593907200000
tank_1223,2.9450980392156865,1593907200000
tank_1226,0.0,1593907200000
tank_1228,21.0,1593907200000
tank_1230,0.0,1593907200000
tank_1237,0.0,1593907200000
tank_1239,321.0,1593907200000
tank_1245,0.0,1593907200000
tank_1246,51.0,1593907200000
tank_1250,0.0,1593907200000
tank_1254,70.0,1593907200000
tank_1255,0.0,1593907200000
tank_1258,0.0,1593907200000
tank_1261,0.0,1593907200000
tank_1262,0.0,1593907200000
tank_1263,0.0,1593907200000
tank_1265,0.0,1593907200000
tank_1270,0.0,1593907200000
tank_1272,0.0,1593907200000
tank_1275,0.0,1593907200000
tank_1276,0.0,1593907200000
tank_1279,0.0,1593907200000
tank_1280,0.0,1593907200000
tank_1284,0.0,1593907200000
tank_1285,0.0,1593907200000
tank_1286,20.0,1593907200000
tank_1290,0.0,1593907200000
tank_1291,0.0,1593907200000
tank_1293,0.0,1593907200000
tank_1295,0.0,1593907200000
tank_1297,0.0,1593907200000
tank_1301,0.0,1593907200000
tank_1302,0.0,1593907200000
tank_1304,0.0,1593907200000
tank_1305,4.0,1593907200000
tank_1313,0.0,1593907200000
tank_1322,0.0,1593907200000
tank_1325,0.0,1593907200000
tank_1326,0.0,1593907200000
tank_1344,0.0,1593907200000
tank_1346,9.976470588235294,1593907200000
tank_1349,0.0,1593907200000
tank_1353,231.0,1593907200000
tank_1358,0.0,1593907200000
tank_1359,0.0,1593907200000
tank_1361,12.0,1593907200000
tank_1364,63.0,1593907200000
tank_1365,0.0,1593907200000
tank_1372,0.0,1593907200000
tank_1374,55.0,1593907200000
tank_1378,2.0,1593907200000
tank_1380,0.0,1593907200000
tank_1386,4.0,1593907200000
tank_1391,0.0,1593907200000
tank_1393,0.0,1593907200000
tank_1396,0.0,1593907200000
tank_1397,0.0,1593907200000
tank_1403,5.0,1593907200000
tank_1409,0.0,1593907200000
tank_1412,0.0,1593907200000
tank_1415,0.0,1593907200000
tank_1416,0.0,1593907200000
tank_1421,116.0,1593907200000
tank_1422,0.0,1593907200000
tank_1425,325.0,1593907200000
tank_1426,0.0,1593907200000
tank_1430,0.0,1593907200000
tank_1433,137.0,1593907200000
tank_1438,0.0,1593907200000
tank_1439,0.0,1593907200000
tank_1441,0.0,1593907200000
tank_1443,0.0,1593907200000
tank_1445,0.0,1593907200000
tank_1446,0.0,1593907200000
tank_1450,0.0,1593907200000
tank_1452,0.0,1593907200000
tank_1456,0.0,1593907200000
tank_1466,3.0,1593907200000
tank_1471,0.0,1593907200000
tank_1475,18.0,1593907200000
tank_1486,148.0,1593907200000
tank_1488,0.0,1593907200000
tank_1491,0.0,1593907200000
tank_1500,0.0,1593907200000
tank_1505,0.0,1593907200000
tank_1513,136.0,1593907200000
tank_1531,0.0,1593907200000
tank_1536,0.0,1593907200000
tank_1539,51.0,1593907200000
tank_1541,0.0,1593907200000
tank_1542,0.0,1593907200000
tank_1547,0.0,1593907200000
tank_1563,0.0,1593907200000
tank_1564,0.0,1593907200000
tank_1565,0.0,1593907200000
tank_1567,0.0,1593907200000
tank_1568,0.0,1593907200000
tank_1573,0.0,1593907200000
tank_1583,0.0,1593907200000
tank_1587,623.0,1593907200000
tank_1588,0.0,1593907200000
tank_1592,0.0,1593907200000
tank_1594,0.0,1593907200000
tank_1595,0.0,1593907200000
tank_1597,0.0,1593907200000
tank_1598,0.0,1593907200000
tank_1600,0.0,1593907200000
tank_1604,0.0,1593907200000
tank_0002,0.0,1594944000000
tank_0004,0.0,1594944000000
tank_0005,0.0,1594944000000
tank_0011,0.0,1594944000000
tank_0014,0.0,1594944000000
tank_0019,1.0,1594944000000
tank_0024,0.592156862745098,1594944000000
tank_0025,0.0,1594944000000
tank_0026,0.0,1594944000000
tank_0027,0.0,1594944000000
tank_0030,0.0,1594944000000
tank_0031,0.0,1594944000000
tank_0036,0.0,1594944000000
tank_0037,0.0,1594944000000
tank_0038,0.0,1594944000000
tank_0050,1.6235294117647059,1594944000000
tank_0051,0.0,1594944000000
tank_0052,0.0,1594944000000
tank_0053,14.007843137254902,1594944000000
tank_0055,0.0,1594944000000
tank_0057,0.0,1594944000000
tank_0058,0.0,1594944000000
tank_0064,1.8627450980392157,1594944000000
tank_0069,0.0,1594944000000
tank_0072,0.0,1594944000000
tank_0073,0.0,1594944000000
tank_0080,8.0,1594944000000
tank_0094,0.0,1594944000000
tank_0107,0.0,1594944000000
tank_0110,0.0,1594944000000
tank_0113,1.0,1594944000000
tank_0115,0.0,1594944000000
tank_0116,0.0,1594944000000
tank_0117,33.0,1594944000000
tank_0118,0.0,1594944000000
tank_0122,0.0,1594944000000
tank_0125,0.0,1594944000000
tank_0130,0.0,1594944000000
tank_0131,0.0,1594944000000
tank_0132,0.0,1594944000000
tank_0134,0.0,1594944000000
tank_0135,0.0,1594944000000
tank_0142,0.0,1594944000000
tank_0143,0.0,1594944000000
tank_0144,0.0,1594944000000
tank_0148,0.0,1594944000000
tank_0153,0.0,1594944000000
tank_0156,0.0,1594944000000
tank_0159,0.0,1594944000000
tank_0165,0.0,1594944000000
tank_0171,0.0,1594944000000
tank_0172,0.0,1594944000000
tank_0174,0.0,1594944000000
tank_0176,0.0,1594944000000
tank_0184,0.0,1594944000000
tank_0187,0.0,1594944000000
tank_0190,0.6235294117647059,1594944000000
tank_0192,0.0,1594944000000
tank_0193,0.0,1594944000000
tank_0195,0.0,1594944000000
tank_0199,0.0,1594944000000
tank_0204,0.0,1594944000000
tank_0205,0.0,1594944000000
tank_0207,0.0,1594944000000
tank_0209,0.0,1594944000000
tank_0213,15.0,1594944000000
tank_0217,0.0,1594944000000
tank_0220,0.0,1594944000000
tank_0221,0.0,1594944000000
tank_0225,0.0,1594944000000
tank_0226,0.0,1594944000000
tank_0228,0.0,1594944000000
tank_0229,0.0,1594944000000
tank_0231,1.0,1594944000000
tank_0233,0.0,1594944000000
tank_0236,0.0,1594944000000
tank_0237,0.0,1594944000000
tank_0240,0.0,1594944000000
tank_0242,0.0,1594944000000
tank_0245,0.0,1594944000000
tank_0247,4.0,1594944000000
tank_0256,0.0,1594944000000
tank_0257,0.0,1594944000000
tank_0260,0.0,1594944000000
tank_0261,0.0,1594944000000
tank_0264,0.0,1594944000000
tank_0273,0.0,1594944000000
tank_0276,0.0,1594944000000
tank_0278,0.0,1594944000000
tank_0280,0.0,1594944000000
tank_0291,0.0,1594944000000
tank_0292,0.0,1594944000000
tank_0296,0.0,1594944000000
tank_0297,0.0,1594944000000
tank_0299,0.0,1594944000000
tank_0300,0.0,1594944000000
tank_0301,0.0,1594944000000
tank_0307,0.0,1594944000000
tank_0309,0.0,1594944000000
tank_0313,0.0,1594944000000
tank_0314,0.0,1594944000000
tank_0319,0.0,1594944000000
tank_0321,0.0,1594944000000
tank_0327,0.0,1594944000000
tank_0337,0.0,1594944000000
tank_0338,0.0,1594944000000
tank_0339,0.0,1594944000000
tank_0342,0.0,1594944000000
tank_0345,0.24705882352941178,1594944000000
tank_0346,0.0,1594944000000
tank_0349,0.0,1594944000000
tank_0350,0.16470588235294117,1594944000000
tank_0353,0.0,1594944000000
tank_0356,0.0,1594944000000
tank_0360,0.0,1594944000000
tank_0361,1.2470588235294118,1594944000000
tank_0362,0.0,1594944000000
tank_0364,0.25098039215686274,1594944000000
tank_0366,3.0,1594944000000
tank_0369,0.0,1594944000000
tank_0375,0.0,1594944000000
tank_0379,0.0,1594944000000
tank_0381,0.0,1594944000000
tank_0386,0.0,1594944000000
tank_0390,0.0,1594944000000
tank_0397,0.0,1594944000000
tank_0399,0.0,1594944000000
tank_0404,0.0,1594944000000
tank_0409,0.0,1594944000000
tank_0420,0.0,1594944000000
tank_0425,0.0,1594944000000
tank_0431,0.0,1594944000000
tank_0432,0.0,1594944000000
tank_0435,0.0,1594944000000
tank_0436,0.0,1594944000000
tank_0438,0.0,1594944000000
tank_0443,0.0,1594944000000
tank_0444,0.0,1594944000000
tank_0447,0.0,1594944000000
tank_0448,0.0,1594944000000
tank_0449,1.0980392156862746,1594944000000
tank_0455,0.0,1594944000000
tank_0460,0.0,1594944000000
tank_0462,0.0,1594944000000
tank_0466,0.0,1594944000000
tank_0471,0.0,1594944000000
tank_0473,0.0,1594944000000
tank_0474,0.0,1594944000000
tank_0481,0.0,1594944000000
tank_0485,0.0,1594944000000
tank_0489,0.0,1594944000000
tank_0491,0.0,1594944000000
tank_0494,0.0,1594944000000
tank_0497,0.0,1594944000000
tank_0498,0.0,1594944000000
tank_0502,0.0,1594944000000
tank_0505,0.0,1594944000000
tank_0509,0.0,1594944000000
tank_0512,0.0,1594944000000
tank_0514,0.0,1594944000000
tank_0515,0.0,1594944000000
tank_0521,0.0,1594944000000
tank_0524,0.0,1594944000000
tank_0526,5.0,1594944000000
tank_0533,0.0,1594944000000
tank_0534,0.0,1594944000000
tank_0536,0.0,1594944000000
tank_0537,0.0,1594944000000
tank_0541,0.0,1594944000000
tank_0547,0.0,1594944000000
tank_0552,0.0,1594944000000
tank_0555,0.0,1594944000000
tank_0556,0.0,1594944000000
tank_0557,0.0,1594944000000
tank_0560,0.0,1594944000000
tank_0561,0.0,1594944000000
tank_0566,0.0,1594944000000
tank_0567,0.0,1594944000000
tank_0568,0.0,1594944000000
tank_0574,0.0,1594944000000
tank_0579,0.0,1594944000000
tank_0583,2.0,1594944000000
tank_0587,0.0,1594944000000
tank_0589,0.0,1594944000000
tank_0590,0.0,1594944000000
tank_0592,0.0,1594944000000
tank_0593,0.0,1594944000000
tank_0595,0.0,1594944000000
tank_0600,0.0,1594944000000
tank_0604,0.0,1594944000000
tank_0606,0.0,1594944000000
tank_0607,0.0,1594944000000
tank_0608,0.0,1594944000000
tank_0610,0.0,1594944000000
tank_0611,0.0,1594944000000
tank_0612,0.0,1594944000000
tank_0613,0.0,1594944000000
tank_0619,0.0,1594944000000
tank_0626,0.0,1594944000000
tank_0627,0.0,1594944000000
tank_0628,0.0,1594944000000
tank_0632,0.0,1594944000000
tank_0633,0.0,1594944000000
tank_0639,0.0,1594944000000
tank_0640,0.0,1594944000000
tank_0641,0.0,1594944000000
tank_0643,0.0,1594944000000
tank_0646,0.0,1594944000000
tank_0663,0.0,1594944000000
tank_0664,0.0,1594944000000
tank_0666,0.0,1594944000000
tank_0667,0.0,1594944000000
tank_0670,0.0,1594944000000
tank_0675,0.0,1594944000000
tank_0676,18.0,1594944000000
tank_0678,0.0,1594944000000
tank_0681,0.0,1594944000000
tank_0687,0.0,1594944000000
tank_0688,0.0,1594944000000
tank_0697,1.6901960784313725,1594944000000
tank_0720,2.0,1594944000000
tank_0722,0.0,1594944000000
tank_0724,0.0,1594944000000
tank_0725,0.0,1594944000000
tank_0728,0.0,1594944000000
tank_0730,0.0,1594944000000
tank_0731,0.0,1594944000000
tank_0732,0.0,1594944000000
tank_0737,116.0,1594944000000
tank_0739,0.0,1594944000000
tank_0740,4.152941176470588,1594944000000
tank_0746,0.0,1594944000000
tank_0748,0.0,1594944000000
tank_0749,0.0,1594944000000
tank_0752,1.6235294117647059,1594944000000
tank_0760,0.0,1594944000000
tank_0770,0.0,1594944000000
tank_0772,0.0,1594944000000
tank_0788,0.0,1594944000000
tank_0789,4.0,1594944000000
tank_0792,18.784313725490193,1594944000000
tank_0797,0.0,1594944000000
tank_0800,0.0,1594944000000
tank_0802,0.0,1594944000000
tank_0803,0.0,1594944000000
tank_0808,5.196078431372549,1594944000000
tank_0810,0.0,1594944000000
tank_0811,11.28235294117647,1594944000000
tank_0812,0.0,1594944000000
tank_0813,1.3058823529411765,1594944000000
tank_0816,3.0,1594944000000
tank_0819,0.0,1594944000000
tank_0823,0.0,1594944000000
tank_0824,0.0,1594944000000
tank_0825,0.0,1594944000000
tank_0828,0.0,1594944000000
tank_0829,0.0,1594944000000
tank_0830,0.0,1594944000000
tank_0831,0.0,1594944000000
tank_0844,0.0,1594944000000
tank_0852,0.0,1594944000000
tank_0855,48.0,1594944000000
tank_0856,551.0,1594944000000
tank_0860,0.0,1594944000000
tank_0861,0.0,1594944000000
tank_0872,0.0,1594944000000
tank_0875,0.0,1594944000000
tank_0879,0.0,1594944000000
tank_0885,0.0,1594944000000
tank_0891,0.0,1594944000000
tank_0894,266.0,1594944000000
tank_0898,86.0,1594944000000
tank_0900,0.0,1594944000000
tank_0901,0.0,1594944000000
tank_0902,9.0,1594944000000
tank_0914,0.0,1594944000000
tank_0917,206.0,1594944000000
tank_0919,0.0,1594944000000
tank_0920,0.0,1594944000000
tank_0922,0.0,1594944000000
tank_0923,0.0,1594944000000
tank_0924,0.0,1594944000000
tank_0926,0.0,1594944000000
tank_0927,0.0,1594944000000
tank_0928,0.0,1594944000000
tank_0930,91.0,1594944000000
tank_0931,0.0,1594944000000
tank_0933,0.0,1594944000000
tank_0934,0.0,1594944000000
tank_0937,0.0,1594944000000
tank_0938,0.0,1594944000000
tank_0939,0.0,1594944000000
tank_0944,12.0,1594944000000
tank_0946,0.0,1594944000000
tank_0952,0.0,1594944000000
tank_0958,0.0,1594944000000
tank_0962,630.0,1594944000000
tank_0967,0.0,1594944000000
tank_0975,0.0,1594944000000
tank_0978,0.0,1594944000000
tank_0990,0.0,1594944000000
tank_0991,176.0,1594944000000
tank_0998,0.0,1594944000000
tank_0999,0.0,1594944000000
tank_1003,0.0,1594944000000
tank_1004,0.0,1594944000000
tank_1014,0.0,1594944000000
tank_1026,113.0,1594944000000
tank_1031,3.0,1594944000000
tank_1032,0.0,1594944000000
tank_1034,0.0,1594944000000
tank_1042,22.0,1594944000000
tank_1045,0.0,1594944000000
tank_1049,0.0,1594944000000
tank_1055,0.07450980392156863,1594944000000
tank_1061,0.0,1594944000000
tank_1062,0.0,1594944000000
tank_1064,0.0,1594944000000
tank_1065,0.0,1594944000000
tank_1066,0.0,1594944000000
tank_1070,0.0,1594944000000
tank_1073,0.0,1594944000000
tank_1083,152.0,1594944000000
tank_1086,6.0,1594944000000
tank_1088,0.0,1594944000000
tank_1089,0.0,1594944000000
tank_1090,0.0,1594944000000
tank_1091,0.0,1594944000000
tank_1094,352.0,1594944000000
tank_1095,16.75294117647059,1594944000000
tank_1104,0.0,1594944000000
tank_1113,29.0,1594944000000
tank_1116,0.0,1594944000000
tank_1117,0.0,1594944000000
tank_1120,20.0,1594944000000
tank_1121,131.0,1594944000000
tank_1124,9.964705882352941,1594944000000
tank_1128,0.0,1594944000000
tank_1134,0.0,1594944000000
tank_1135,0.0,1594944000000
tank_1146,2.0,1594944000000
tank_1149,0.0,1594944000000
tank_1156,0.0,1594944000000
tank_1157,6.411764705882353,1594944000000
tank_1159,0.0,1594944000000
tank_1160,73.0,1594944000000
tank_1166,0.0,1594944000000
tank_1170,9.211764705882352,1594944000000
tank_1175,0.0,1594944000000
tank_1177,0.0,1594944000000
tank_1179,1.1254901960784314,1594944000000
tank_1181,0.0,1594944000000
tank_1186,0.0,1594944000000
tank_1187,2.874509803921568,1594944000000
tank_1190,0.0,1594944000000
tank_1192,19.0,1594944000000
tank_1196,0.0,1594944000000
tank_1197,89.0,1594944000000
tank_1201,0.0,1594944000000
tank_1203,0.0,1594944000000
tank_1205,50.0,1594944000000
tank_1209,38.0,1594944000000
tank_1217,0.0,1594944000000
tank_1223,0.9450980392156862,1594944000000
tank_1226,0.0,1594944000000
tank_1228,10.0,1594944000000
tank_1230,0.0,1594944000000
tank_1237,0.0,1594944000000
tank_1239,144.0,1594944000000
tank_1245,0.0,1594944000000
tank_1246,37.0,1594944000000
tank_1250,0.0,1594944000000
tank_1254,30.0,1594944000000
tank_1255,0.0,1594944000000
tank_1258,0.0,1594944000000
tank_1261,0.0,1594944000000
tank_1262,0.0,1594944000000
tank_1263,0.0,1594944000000
tank_1265,0.0,1594944000000
tank_1270,0.0,1594944000000
tank_1272,0.0,1594944000000
tank_1275,0.0,1594944000000
tank_1276,0.0,1594944000000
tank_1279,0.0,1594944000000
tank_1280,0.0,1594944000000
tank_1284,0.0,1594944000000
tank_1285,0.0,1594944000000
tank_1286,16.0,1594944000000
tank_1290,0.0,1594944000000
tank_1291,0.0,1594944000000
tank_1293,0.0,1594944000000
tank_1295,0.0,1594944000000
tank_1297,0.0,1594944000000
tank_1301,0.0,1594944000000
tank_1302,0.0,1594944000000
tank_1304,0.0,1594944000000
tank_1305,8.0,1594944000000
tank_1313,0.0,1594944000000
tank_1322,0.0,1594944000000
tank_1325,0.0,1594944000000
tank_1326,0.0,1594944000000
tank_1344,0.0,1594944000000
tank_1346,0.0,1594944000000
tank_1349,0.0,1594944000000
tank_1353,159.0,1594944000000
tank_1358,0.0,1594944000000
tank_1359,0.0,1594944000000
tank_1361,4.0,1594944000000
tank_1364,176.0,1594944000000
tank_1365,0.0,1594944000000
tank_1372,0.0,1594944000000
tank_1374,79.0,1594944000000
tank_1378,9.0,1594944000000
tank_1380,0.0,1594944000000
tank_1386,0.0,1594944000000
tank_1391,0.0,1594944000000
tank_1393,0.0,1594944000000
tank_1396,0.0,1594944000000
tank_1397,0.0,1594944000000
tank_1403,0.0,1594944000000
tank_1409,0.0,1594944000000
tank_1412,0.0,1594944000000
tank_1415,0.0,1594944000000
tank_1416,0.0,1594944000000
tank_1421,54.0,1594944000000
tank_1422,0.0,1594944000000
tank_1425,188.0,1594944000000
tank_1426,0.0,1594944000000
tank_1430,0.0,1594944000000
tank_1433,5.0,1594944000000
tank_1438,0.0,1594944000000
tank_1439,0.0,1594944000000
tank_1441,0.0,1594944000000
tank_1443,0.0,1594944000000
tank_1445,3.0,1594944000000
tank_1446,0.0,1594944000000
tank_1450,0.0,1594944000000
tank_1452,0.0,1594944000000
tank_1456,0.0,1594944000000
tank_1466,0.0,1594944000000
tank_1471,0.0,1594944000000
tank_1475,0.0,1594944000000
tank_1486,3.0,1594944000000
tank_1488,0.0,1594944000000
tank_1491,0.0,1594944000000
tank_1500,0.0,1594944000000
tank_1505,0.0,1594944000000
tank_1513,38.0,1594944000000
tank_1531,3.0,1594944000000
tank_1536,0.0,1594944000000
tank_1539,17.0,1594944000000
tank_1541,0.0,1594944000000
tank_1542,0.0,1594944000000
tank_1547,0.0,1594944000000
tank_1563,0.0,1594944000000
tank_1564,0.0,1594944000000
tank_1565,81.0,1594944000000
tank_1567,0.0,1594944000000
tank_1568,0.0,1594944000000
tank_1573,0.0,1594944000000
tank_1583,0.0,1594944000000
tank_1587,287.0,1594944000000
tank_1588,0.0,1594944000000
tank_1592,0.0,1594944000000
tank_1594,0.0,1594944000000
tank_1595,0.0,1594944000000
tank_1597,0.0,1594944000000
tank_1598,0.0,1594944000000
tank_1600,0.0,1594944000000
tank_1604,0.0,1594944000000
tank_0002,0.0,1595980800000
tank_0004,0.0,1595980800000
tank_0005,0.0,1595980800000
tank_0011,0.0,1595980800000
tank_0014,0.0,1595980800000
tank_0019,0.0,1595980800000
tank_0024,0.0,1595980800000
tank_0025,0.0,1595980800000
tank_0026,0.0,1595980800000
tank_0027,0.0,1595980800000
tank_0030,0.0,1595980800000
tank_0031,8.0,1595980800000
tank_0036,0.0,1595980800000
tank_0037,0.0,1595980800000
tank_0038,0.0,1595980800000
tank_0050,0.0,1595980800000
tank_0051,0.0,1595980800000
tank_0052,0.0,1595980800000
tank_0053,4.0,1595980800000
tank_0055,0.0,1595980800000
tank_0057,0.0,1595980800000
tank_0058,0.0,1595980800000
tank_0064,0.0,1595980800000
tank_0069,0.0,1595980800000
tank_0072,0.0,1595980800000
tank_0073,0.0,1595980800000
tank_0080,5.0,1595980800000
tank_0094,0.0,1595980800000
tank_0107,0.0,1595980800000
tank_0110,0.0,1595980800000
tank_0113,0.0,1595980800000
tank_0115,0.0,1595980800000
tank_0116,0.0,1595980800000
tank_0117,29.0,1595980800000
tank_0118,0.0,1595980800000
tank_0122,0.0,1595980800000
tank_0125,0.0,1595980800000
tank_0130,0.0,1595980800000
tank_0131,0.0,1595980800000
tank_0132,0.0,1595980800000
tank_0134,0.0,1595980800000
tank_0135,0.0,1595980800000
tank_0142,0.0,1595980800000
tank_0143,0.0,1595980800000
tank_0144,0.0,1595980800000
tank_0148,0.0,1595980800000
tank_0153,0.0,1595980800000
tank_0156,1.0,1595980800000
tank_0159,1.0,1595980800000
tank_0165,0.0,1595980800000
tank_0171,0.0,1595980800000
tank_0172,0.0,1595980800000
tank_0174,0.0,1595980800000
tank_0176,0.0,1595980800000
tank_0184,0.0,1595980800000
tank_0187,0.0,1595980800000
tank_0190,0.0,1595980800000
tank_0192,0.0,1595980800000
tank_0193,0.0,1595980800000
tank_0195,0.0,1595980800000
tank_0199,0.0,1595980800000
tank_0204,0.0,1595980800000
tank_0205,0.0,1595980800000
tank_0207,0.0,1595980800000
tank_0209,0.0,1595980800000
tank_0213,10.0,1595980800000
tank_0217,0.0,1595980800000
tank_0220,0.0,1595980800000
tank_0221,2.0,1595980800000
tank_0225,0.0,1595980800000
tank_0226,0.0,1595980800000
tank_0228,0.0,1595980800000
tank_0229,0.0,1595980800000
tank_0231,1.0,1595980800000
tank_0233,0.0,1595980800000
tank_0236,0.0,1595980800000
tank_0237,0.0,1595980800000
tank_0240,0.0,1595980800000
tank_0242,0.0,1595980800000
tank_0245,0.0,1595980800000
tank_0247,8.0,1595980800000
tank_0256,0.0,1595980800000
tank_0257,0.0,1595980800000
tank_0260,0.0,1595980800000
tank_0261,0.0,1595980800000
tank_0264,0.0,1595980800000
tank_0273,0.0,1595980800000
tank_0276,0.0,1595980800000
tank_0278,0.0,1595980800000
tank_0280,0.0,1595980800000
tank_0291,0.0,1595980800000
tank_0292,0.0,1595980800000
tank_0296,0.0,1595980800000
tank_0297,1.0,1595980800000
tank_0299,0.0,1595980800000
tank_0300,0.0,1595980800000
tank_0301,0.0,1595980800000
tank_0307,0.0,1595980800000
tank_0309,0.0,1595980800000
tank_0313,0.0,1595980800000
tank_0314,0.0,1595980800000
tank_0319,0.0,1595980800000
tank_0321,0.0,1595980800000
tank_0327,0.0,1595980800000
tank_0337,0.0,1595980800000
tank_0338,0.0,1595980800000
tank_0339,0.0,1595980800000
tank_0342,2.3372549019607844,1595980800000
tank_0345,0.0,1595980800000
tank_0346,0.0,1595980800000
tank_0349,28.0,1595980800000
tank_0350,0.0,1595980800000
tank_0353,0.0,1595980800000
tank_0356,0.0,1595980800000
tank_0360,0.0,1595980800000
tank_0361,0.0,1595980800000
tank_0362,0.0,1595980800000
tank_0364,0.0,1595980800000
tank_0366,0.0,1595980800000
tank_0369,0.0,1595980800000
tank_0375,0.0,1595980800000
tank_0379,0.0,1595980800000
tank_0381,0.0,1595980800000
tank_0386,18.0,1595980800000
tank_0390,0.0,1595980800000
tank_0397,0.0,1595980800000
tank_0399,0.0,1595980800000
tank_0404,0.0,1595980800000
tank_0409,0.0,1595980800000
tank_0420,0.0,1595980800000
tank_0425,0.0,1595980800000
tank_0431,0.0,1595980800000
tank_0432,0.0,1595980800000
tank_0435,0.0,1595980800000
tank_0436,0.0,1595980800000
tank_0438,0.0,1595980800000
tank_0443,0.0,1595980800000
tank_0444,0.0,1595980800000
tank_0447,0.0,1595980800000
tank_0448,0.0,1595980800000
tank_0449,0.0,1595980800000
tank_0455,0.0,1595980800000
tank_0460,0.0,1595980800000
tank_0462,42.0,1595980800000
tank_0466,0.0,1595980800000
tank_0471,0.0,1595980800000
tank_0473,0.0,1595980800000
tank_0474,0.00784313725490196,1595980800000
tank_0481,9.329411764705883,1595980800000
tank_0485,0.0,1595980800000
tank_0489,0.0,1595980800000
tank_0491,0.0,1595980800000
tank_0494,0.0,1595980800000
tank_0497,0.0,1595980800000
tank_0498,0.48627450980392156,1595980800000
tank_0502,0.0,1595980800000
tank_0505,0.0,1595980800000
tank_0509,0.0,1595980800000
tank_0512,8.0,1595980800000
tank_0514,0.0,1595980800000
tank_0515,0.0,1595980800000
tank_0521,0.0,1595980800000
tank_0524,0.0,1595980800000
tank_0526,23.0,1595980800000
tank_0533,0.0,1595980800000
tank_0534,0.0,1595980800000
tank_0536,2.0,1595980800000
tank_0537,0.0,1595980800000
tank_0541,0.0,1595980800000
tank_0547,0.0,1595980800000
tank_0552,0.0,1595980800000
tank_0555,0.0,1595980800000
tank_0556,0.0,1595980800000
tank_0557,0.0,1595980800000
tank_0560,0.0,1595980800000
tank_0561,0.0,1595980800000
tank_0566,0.0,1595980800000
tank_0567,0.0,1595980800000
tank_0568,0.0,1595980800000
tank_0574,0.0,1595980800000
tank_0579,0.0,1595980800000
tank_0583,0.0,1595980800000
tank_0587,0.0,1595980800000
tank_0589,0.0,1595980800000
tank_0590,0.0,1595980800000
tank_0592,0.0,1595980800000
tank_0593,0.0,1595980800000
tank_0595,0.0,1595980800000
tank_0600,0.0,1595980800000
tank_0604,0.0,1595980800000
tank_0606,0.0,1595980800000
tank_0607,0.0,1595980800000
tank_0608,0.0,1595980800000
tank_0610,0.0,1595980800000
tank_0611,0.0,1595980800000
tank_0612,0.0,1595980800000
tank_0613,0.0,1595980800000
tank_0619,1.0,1595980800000
tank_0626,0.0,1595980800000
tank_0627,0.0,1595980800000
tank_0628,0.0,1595980800000
tank_0632,0.0,1595980800000
tank_0633,0.0,1595980800000
tank_0639,0.0,1595980800000
tank_0640,0.0,1595980800000
tank_0641,0.0,1595980800000
tank_0643,1.0,1595980800000
tank_0646,0.0,1595980800000
tank_0663,0.0,1595980800000
tank_0664,0.0,1595980800000
tank_0666,0.0,1595980800000
tank_0667,0.0,1595980800000
tank_0670,0.0,1595980800000
tank_0675,0.0,1595980800000
tank_0676,101.0,1595980800000
tank_0678,0.0,1595980800000
tank_0681,0.0,1595980800000
tank_0687,2.0,1595980800000
tank_0688,0.0,1595980800000
tank_0697,0.0,1595980800000
tank_0720,3.0,1595980800000
tank_0722,0.0,1595980800000
tank_0724,4.6,1595980800000
tank_0725,0.0,1595980800000
tank_0728,0.0,1595980800000
tank_0730,0.0,1595980800000
tank_0731,0.0,1595980800000
tank_0732,0.0,1595980800000
tank_0737,250.0,1595980800000
tank_0739,0.0,1595980800000
tank_0740,7.0,1595980800000
tank_0746,0.0,1595980800000
tank_0748,0.0,1595980800000
tank_0749,0.0,1595980800000
tank_0752,0.0,1595980800000
tank_0760,0.0,1595980800000
tank_0770,0.0,1595980800000
tank_0772,0.0,1595980800000
tank_0788,0.0,1595980800000
tank_0789,4.0,1595980800000
tank_0792,11.321568627450981,1595980800000
tank_0797,0.0,1595980800000
tank_0800,0.0,1595980800000
tank_0802,0.0,1595980800000
tank_0803,1.0,1595980800000
tank_0808,0.9019607843137254,1595980800000
tank_0810,0.0,1595980800000
tank_0811,0.0,1595980800000
tank_0812,0.0,1595980800000
tank_0813,3.188235294117647,1595980800000
tank_0816,2.0,1595980800000
tank_0819,0.0,1595980800000
tank_0823,0.0,1595980800000
tank_0824,11.0,1595980800000
tank_0825,0.0,1595980800000
tank_0828,0.0,1595980800000
tank_0829,17.0,1595980800000
tank_0830,0.0,1595980800000
tank_0831,0.027450980392156862,1595980800000
tank_0844,0.0,1595980800000
tank_0852,0.0,1595980800000
tank_0855,54.0,1595980800000
tank_0856,922.0,1595980800000
tank_0860,0.0,1595980800000
tank_0861,0.0,1595980800000
tank_0872,0.0,1595980800000
tank_0875,0.0,1595980800000
tank_0879,0.0,1595980800000
tank_0885,0.0,1595980800000
tank_0891,0.0,1595980800000
tank_0894,427.0,1595980800000
tank_0898,141.0,1595980800000
tank_0900,6.0,1595980800000
tank_0901,0.0,1595980800000
tank_0902,29.0,1595980800000
tank_0914,0.0,1595980800000
tank_0917,277.0,1595980800000
tank_0919,0.0,1595980800000
tank_0920,0.0,1595980800000
tank_0922,3.0,1595980800000
tank_0923,0.0,1595980800000
tank_0924,0.0,1595980800000
tank_0926,0.0,1595980800000
tank_0927,0.0,1595980800000
tank_0928,0.0,1595980800000
tank_0930,113.0,1595980800000
tank_0931,0.0,1595980800000
tank_0933,0.0,1595980800000
tank_0934,0.0,1595980800000
tank_0937,0.0,1595980800000
tank_0938,0.0,1595980800000
tank_0939,0.0,1595980800000
tank_0944,19.0,1595980800000
tank_0946,0.0,1595980800000
tank_0952,0.0,1595980800000
tank_0958,0.0,1595980800000
tank_0962,635.0,1595980800000
tank_0967,8.0,1595980800000
tank_0975,0.0,1595980800000
tank_0978,0.0,1595980800000
tank_0990,0.0,1595980800000
tank_0991,318.0,1595980800000
tank_0998,0.0,1595980800000
tank_0999,0.0,1595980800000
tank_1003,36.0,1595980800000
tank_1004,0.0,1595980800000
tank_1014,60.0,1595980800000
tank_1026,137.0,1595980800000
tank_1031,3.0,1595980800000
tank_1032,0.9882352941176471,1595980800000
tank_1034,0.0,1595980800000
tank_1042,28.0,1595980800000
tank_1045,16.0,1595980800000
tank_1049,27.0,1595980800000
tank_1055,9.474509803921569,1595980800000
tank_1061,0.0,1595980800000
tank_1062,0.0,1595980800000
tank_1064,0.0,1595980800000
tank_1065,5.988235294117647,1595980800000
tank_1066,0.0,1595980800000
tank_1070,0.0,1595980800000
tank_1073,48.0,1595980800000
tank_1083,165.0,1595980800000
tank_1086,0.0,1595980800000
tank_1088,2.0,1595980800000
tank_1089,7.0,1595980800000
tank_1090,0.0,1595980800000
tank_1091,0.0,1595980800000
tank_1094,491.0,1595980800000
tank_1095,9.125490196078431,1595980800000
tank_1104,0.0,1595980800000
tank_1113,30.0,1595980800000
tank_1116,0.0,1595980800000
tank_1117,0.0,1595980800000
tank_1120,123.0,1595980800000
tank_1121,191.0,1595980800000
tank_1124,11.0,1595980800000
tank_1128,0.0,1595980800000
tank_1134,0.0,1595980800000
tank_1135,6.0,1595980800000
tank_1146,18.54901960784314,1595980800000
tank_1149,0.0,1595980800000
tank_1156,0.0,1595980800000
tank_1157,11.486274509803922,1595980800000
tank_1159,0.0,1595980800000
tank_1160,259.0,1595980800000
tank_1166,0.0,1595980800000
tank_1170,10.24313725490196,1595980800000
tank_1175,0.0,1595980800000
tank_1177,0.0,1595980800000
tank_1179,0.0,1595980800000
tank_1181,0.0,1595980800000
tank_1186,0.0,1595980800000
tank_1187,6.894117647058824,1595980800000
tank_1190,0.0,1595980800000
tank_1192,23.63529411764706,1595980800000
tank_1196,0.0,1595980800000
tank_1197,910.0,1595980800000
tank_1201,0.0,1595980800000
tank_1203,0.0,1595980800000
tank_1205,79.0,1595980800000
tank_1209,213.0,1595980800000
tank_1217,0.0,1595980800000
tank_1223,2.0,1595980800000
tank_1226,0.0,1595980800000
tank_1228,14.0,1595980800000
tank_1230,0.0,1595980800000
tank_1237,0.0,1595980800000
tank_1239,206.0,1595980800000
tank_1245,0.0,1595980800000
tank_1246,23.0,1595980800000
tank_1250,0.0,1595980800000
tank_1254,52.0,1595980800000
tank_1255,0.0,1595980800000
tank_1258,0.0,1595980800000
tank_1261,0.0,1595980800000
tank_1262,0.0,1595980800000
tank_1263,0.0,1595980800000
tank_1265,0.0,1595980800000
tank_1270,0.0,1595980800000
tank_1272,0.0,1595980800000
tank_1275,0.0,1595980800000
tank_1276,4.0,1595980800000
tank_1279,0.0,1595980800000
tank_1280,0.0,1595980800000
tank_1284,0.0,1595980800000
tank_1285,0.0,1595980800000
tank_1286,16.0,1595980800000
tank_1290,0.0,1595980800000
tank_1291,0.0,1595980800000
tank_1293,0.0,1595980800000
tank_1295,0.0,1595980800000
tank_1297,0.0,1595980800000
tank_1301,0.0,1595980800000
tank_1302,0.0,1595980800000
tank_1304,0.0,1595980800000
tank_1305,5.0,1595980800000
tank_1313,0.0,1595980800000
tank_1322,0.0,1595980800000
tank_1325,0.0,1595980800000
tank_1326,0.0,1595980800000
tank_1344,0.0,1595980800000
tank_1346,0.0,1595980800000
tank_1349,0.0,1595980800000
tank_1353,103.0,1595980800000
tank_1358,0.0,1595980800000
tank_1359,0.0,1595980800000
tank_1361,0.0,1595980800000
tank_1364,654.0,1595980800000
tank_1365,45.95294117647059,1595980800000
tank_1372,0.0,1595980800000
tank_1374,154.0,1595980800000
tank_1378,356.0,1595980800000
tank_1380,0.0,1595980800000
tank_1386,0.0,1595980800000
tank_1391,0.0,1595980800000
tank_1393,0.0,1595980800000
tank_1396,5.0,1595980800000
tank_1397,0.0,1595980800000
tank_1403,10.0,1595980800000
tank_1409,0.0,1595980800000
tank_1412,0.0,1595980800000
tank_1415,0.0,1595980800000
tank_1416,0.0,1595980800000
tank_1421,47.0,1595980800000
tank_1422,0.0,1595980800000
tank_1425,121.0,1595980800000
tank_1426,0.0,1595980800000
tank_1430,0.0,1595980800000
tank_1433,22.0,1595980800000
tank_1438,0.0,1595980800000
tank_1439,0.0,1595980800000
tank_1441,0.0,1595980800000
tank_1443,0.0,1595980800000
tank_1445,0.0,1595980800000
tank_1446,0.0,1595980800000
tank_1450,0.0,1595980800000
tank_1452,0.0,1595980800000
tank_1456,13.054901960784314,1595980800000
tank_1466,0.0,1595980800000
tank_1471,0.0,1595980800000
tank_1475,5.0,1595980800000
tank_1486,57.0,1595980800000
tank_1488,0.0,1595980800000
tank_1491,0.0,1595980800000
tank_1500,6.0,1595980800000
tank_1505,0.0,1595980800000
tank_1513,44.0,1595980800000
tank_1531,4.0,1595980800000
tank_1536,0.0,1595980800000
tank_1539,1.0,1595980800000
tank_1541,0.0,1595980800000
tank_1542,0.0,1595980800000
tank_1547,0.0,1595980800000
tank_1563,0.0,1595980800000
tank_1564,0.0,1595980800000
tank_1565,119.0,1595980800000
tank_1567,0.0,1595980800000
tank_1568,0.0,1595980800000
tank_1573,0.0,1595980800000
tank_1583,0.0,1595980800000
tank_1587,256.0,1595980800000
tank_1588,0.0,1595980800000
tank_1592,0.0,1595980800000
tank_1594,0.0,1595980800000
tank_1595,0.0,1595980800000
tank_1597,0.0,1595980800000
tank_1598,0.0,1595980800000
tank_1600,0.0,1595980800000
tank_1604,0.0,1595980800000
tank_0002,0.0,1597017600000
tank_0004,0.0,1597017600000
tank_0005,0.0,1597017600000
tank_0011,0.0,1597017600000
tank_0014,0.0,1597017600000
tank_0019,0.0,1597017600000
tank_0024,0.0,1597017600000
tank_0025,0.0,1597017600000
tank_0026,0.0,1597017600000
tank_0027,0.0,1597017600000
tank_0030,0.0,1597017600000
tank_0031,4.0,1597017600000
tank_0036,0.0,1597017600000
tank_0037,0.0,1597017600000
tank_0038,0.0,1597017600000
tank_0050,0.0,1597017600000
tank_0051,0.0,1597017600000
tank_0052,0.0,1597017600000
tank_0053,0.0,1597017600000
tank_0055,0.0,1597017600000
tank_0057,0.0,1597017600000
tank_0058,0.0,1597017600000
tank_0064,0.0,1597017600000
tank_0069,0.0,1597017600000
tank_0072,0.0,1597017600000
tank_0073,0.0,1597017600000
tank_0080,6.0,1597017600000
tank_0094,0.0,1597017600000
tank_0107,0.0,1597017600000
tank_0110,0.0,1597017600000
tank_0113,0.0,1597017600000
tank_0115,0.0,1597017600000
tank_0116,0.0,1597017600000
tank_0117,7.0,1597017600000
tank_0118,0.0,1597017600000
tank_0122,0.0,1597017600000
tank_0125,0.0,1597017600000
tank_0130,0.0,1597017600000
tank_0131,0.0,1597017600000
tank_0132,0.0,1597017600000
tank_0134,0.0,1597017600000
tank_0135,0.0,1597017600000
tank_0142,0.0,1597017600000
tank_0143,0.0,1597017600000
tank_0144,0.0,1597017600000
tank_0148,0.0,1597017600000
tank_0153,0.0,1597017600000
tank_0156,0.0,1597017600000
tank_0159,0.0,1597017600000
tank_0165,0.0,1597017600000
tank_0171,0.0,1597017600000
tank_0172,0.0,1597017600000
tank_0174,2.2588235294117647,1597017600000
tank_0176,0.0,1597017600000
tank_0184,0.0,1597017600000
tank_0187,0.0,1597017600000
tank_0190,0.0,1597017600000
tank_0192,0.0,1597017600000
tank_0193,0.0,1597017600000
tank_0195,0.0,1597017600000
tank_0199,0.0,1597017600000
tank_0204,0.0,1597017600000
tank_0205,0.0,1597017600000
tank_0207,0.0,1597017600000
tank_0209,0.0,1597017600000
tank_0213,0.0,1597017600000
tank_0217,0.0,1597017600000
tank_0220,0.0,1597017600000
tank_0221,0.0,1597017600000
tank_0225,1.0,1597017600000
tank_0226,0.0,1597017600000
tank_0228,0.0,1597017600000
tank_0229,0.0,1597017600000
tank_0231,4.874509803921569,1597017600000
tank_0233,0.0,1597017600000
tank_0236,0.0,1597017600000
tank_0237,0.0,1597017600000
tank_0240,0.0,1597017600000
tank_0242,0.0,1597017600000
tank_0245,0.0,1597017600000
tank_0247,12.0,1597017600000
tank_0256,0.0,1597017600000
tank_0257,0.0,1597017600000
tank_0260,0.0,1597017600000
tank_0261,0.0,1597017600000
tank_0264,0.0,1597017600000
tank_0273,0.0,1597017600000
tank_0276,0.0,1597017600000
tank_0278,0.0,1597017600000
tank_0280,0.0,1597017600000
tank_0291,2.0,1597017600000
tank_0292,0.0,1597017600000
tank_0296,0.0,1597017600000
tank_0297,4.0,1597017600000
tank_0299,0.0,1597017600000
tank_0300,0.7215686274509804,1597017600000
tank_0301,0.0,1597017600000
tank_0307,0.0,1597017600000
tank_0309,0.0,1597017600000
tank_0313,0.0,1597017600000
tank_0314,0.0,1597017600000
tank_0319,0.0,1597017600000
tank_0321,0.0,1597017600000
tank_0327,0.0,1597017600000
tank_0337,0.0,1597017600000
tank_0338,0.0,1597017600000
tank_0339,0.0,1597017600000
tank_0342,0.0,1597017600000
tank_0345,0.0,1597017600000
tank_0346,0.0,1597017600000
tank_0349,42.0,1597017600000
tank_0350,0.0,1597017600000
tank_0353,0.0,1597017600000
tank_0356,0.0,1597017600000
tank_0360,0.0,1597017600000
tank_0361,0.0,1597017600000
tank_0362,0.0,1597017600000
tank_0364,0.0,1597017600000
tank_0366,0.0,1597017600000
tank_0369,0.0,1597017600000
tank_0375,0.0,1597017600000
tank_0379,0.0,1597017600000
tank_0381,0.0,1597017600000
tank_0386,13.0,1597017600000
tank_0390,0.0,1597017600000
tank_0397,0.0,1597017600000
tank_0399,0.0,1597017600000
tank_0404,0.0,1597017600000
tank_0409,0.0,1597017600000
tank_0420,0.0,1597017600000
tank_0425,0.0,1597017600000
tank_0431,0.0,1597017600000
tank_0432,0.0,1597017600000
tank_0435,0.0,1597017600000
tank_0436,0.0,1597017600000
tank_0438,0.0,1597017600000
tank_0443,0.0,1597017600000
tank_0444,0.0,1597017600000
tank_0447,0.0,1597017600000
tank_0448,0.0,1597017600000
tank_0449,0.0,1597017600000
tank_0455,0.0,1597017600000
tank_0460,0.0,1597017600000
tank_0462,6.0,1597017600000
tank_0466,0.0,1597017600000
tank_0471,0.0,1597017600000
tank_0473,0.0,1597017600000
tank_0474,0.0,1597017600000
tank_0481,0.0,1597017600000
tank_0485,0.0,1597017600000
tank_0489,0.0,1597017600000
tank_0491,0.0,1597017600000
tank_0494,0.0,1597017600000
tank_0497,0.0,1597017600000
tank_0498,0.0,1597017600000
tank_0502,0.0,1597017600000
tank_0505,0.0,1597017600000
tank_0509,0.0,1597017600000
tank_0512,0.0,1597017600000
tank_0514,0.0,1597017600000
tank_0515,0.0,1597017600000
tank_0521,0.0,1597017600000
tank_0524,0.0,1597017600000
tank_0526,22.0,1597017600000
tank_0533,0.0,1597017600000
tank_0534,0.0,1597017600000
tank_0536,0.0,1597017600000
tank_0537,0.0,1597017600000
tank_0541,0.0,1597017600000
tank_0547,0.0,1597017600000
tank_0552,0.0,1597017600000
tank_0555,0.0,1597017600000
tank_0556,0.0,1597017600000
tank_0557,0.0,1597017600000
tank_0560,0.0,1597017600000
tank_0561,0.0,1597017600000
tank_0566,0.0,1597017600000
tank_0567,0.0,1597017600000
tank_0568,0.0,1597017600000
tank_0574,0.0,1597017600000
tank_0579,0.0,1597017600000
tank_0583,75.0,1597017600000
tank_0587,0.0,1597017600000
tank_0589,0.0,1597017600000
tank_0590,0.0,1597017600000
tank_0592,0.0,1597017600000
tank_0593,0.0,1597017600000
tank_0595,0.0,1597017600000
tank_0600,0.0,1597017600000
tank_0604,0.0,1597017600000
tank_0606,0.0,1597017600000
tank_0607,0.0,1597017600000
tank_0608,0.0,1597017600000
tank_0610,0.0,1597017600000
tank_0611,0.0,1597017600000
tank_0612,0.0,1597017600000
tank_0613,0.0,1597017600000
tank_0619,0.0,1597017600000
tank_0626,0.0,1597017600000
tank_0627,0.0,1597017600000
tank_0628,0.0,1597017600000
tank_0632,0.0,1597017600000
tank_0633,0.0,1597017600000
tank_0639,0.0,1597017600000
tank_0640,0.0,1597017600000
tank_0641,0.0,1597017600000
tank_0643,1.0,1597017600000
tank_0646,0.0,1597017600000
tank_0663,0.0,1597017600000
tank_0664,7.0,1597017600000
tank_0666,0.0,1597017600000
tank_0667,0.0,1597017600000
tank_0670,0.0,1597017600000
tank_0675,0.0,1597017600000
tank_0676,115.0,1597017600000
tank_0678,0.0,1597017600000
tank_0681,0.0,1597017600000
tank_0687,2.0,1597017600000
tank_0688,0.0,1597017600000
tank_0697,0.0,1597017600000
tank_0720,0.0,1597017600000
tank_0722,0.0,1597017600000
tank_0724,0.0,1597017600000
tank_0725,0.0,1597017600000
tank_0728,0.0,1597017600000
tank_0730,0.0,1597017600000
tank_0731,0.0,1597017600000
tank_0732,0.0,1597017600000
tank_0737,9.0,1597017600000
tank_0739,0.0,1597017600000
tank_0740,2.0,1597017600000
tank_0746,0.0,1597017600000
tank_0748,0.0,1597017600000
tank_0749,0.0,1597017600000
tank_0752,0.0,1597017600000
tank_0760,0.0,1597017600000
tank_0770,0.0,1597017600000
tank_0772,0.0,1597017600000
tank_0788,0.0,1597017600000
tank_0789,0.0,1597017600000
tank_0792,0.5372549019607843,1597017600000
tank_0797,0.0,1597017600000
tank_0800,0.0,1597017600000
tank_0802,0.0,1597017600000
tank_0803,0.0,1597017600000
tank_0808,2.7215686274509805,1597017600000
tank_0810,0.0,1597017600000
tank_0811,0.0,1597017600000
tank_0812,0.0,1597017600000
tank_0813,0.0,1597017600000
tank_0816,0.4980392156862745,1597017600000
tank_0819,0.0,1597017600000
tank_0823,0.0,1597017600000
tank_0824,14.0,1597017600000
tank_0825,0.0,1597017600000
tank_0828,0.0,1597017600000
tank_0829,6.0,1597017600000
tank_0830,0.0,1597017600000
tank_0831,0.0,1597017600000
tank_0844,0.0,1597017600000
tank_0852,0.0,1597017600000
tank_0855,42.0,1597017600000
tank_0856,21.0,1597017600000
tank_0860,0.0,1597017600000
tank_0861,0.0,1597017600000
tank_0872,0.0,1597017600000
tank_0875,0.0,1597017600000
tank_0879,0.0,1597017600000
tank_0885,0.0,1597017600000
tank_0891,0.0,1597017600000
tank_0894,16.0,1597017600000
tank_0898,3.0,1597017600000
tank_0900,4.0,1597017600000
tank_0901,0.0,1597017600000
tank_0902,0.0,1597017600000
tank_0914,0.0,1597017600000
tank_0917,26.0,1597017600000
tank_0919,0.0,1597017600000
tank_0920,0.0,1597017600000
tank_0922,0.0,1597017600000
tank_0923,0.0,1597017600000
tank_0924,0.0,1597017600000
tank_0926,0.0,1597017600000
tank_0927,0.0,1597017600000
tank_0928,0.0,1597017600000
tank_0930,32.0,1597017600000
tank_0931,0.0,1597017600000
tank_0933,0.0,1597017600000
tank_0934,0.0,1597017600000
tank_0937,0.0,1597017600000
tank_0938,0.0,1597017600000
tank_0939,0.0,1597017600000
tank_0944,17.0,1597017600000
tank_0946,0.0,1597017600000
tank_0952,0.0,1597017600000
tank_0958,0.0,1597017600000
tank_0962,117.0,1597017600000
tank_0967,0.0,1597017600000
tank_0975,0.0,1597017600000
tank_0978,66.74901960784314,1597017600000
tank_0990,0.0,1597017600000
tank_0991,28.0,1597017600000
tank_0998,0.0,1597017600000
tank_0999,0.0,1597017600000
tank_1003,0.0,1597017600000
tank_1004,0.0,1597017600000
tank_1014,21.0,1597017600000
tank_1026,143.0,1597017600000
tank_1031,7.0,1597017600000
tank_1032,0.0,1597017600000
tank_1034,0.0,1597017600000
tank_1042,9.0,1597017600000
tank_1045,0.0,1597017600000
tank_1049,5.0,1597017600000
tank_1055,0.0,1597017600000
tank_1061,0.0,1597017600000
tank_1062,0.0,1597017600000
tank_1064,0.0,1597017600000
tank_1065,0.0,1597017600000
tank_1066,31.61176470588235,1597017600000
tank_1070,0.0,1597017600000
tank_1073,19.0,1597017600000
tank_1083,67.0,1597017600000
tank_1086,12.0,1597017600000
tank_1088,4.125490196078432,1597017600000
tank_1089,8.0,1597017600000
tank_1090,0.0,1597017600000
tank_1091,0.0,1597017600000
tank_1094,117.0,1597017600000
tank_1095,4.0,1597017600000
tank_1104,0.0,1597017600000
tank_1113,10.0,1597017600000
tank_1116,0.0,1597017600000
tank_1117,0.0,1597017600000
tank_1120,56.0,1597017600000
tank_1121,41.0,1597017600000
tank_1124,0.0,1597017600000
tank_1128,0.0,1597017600000
tank_1134,0.0,1597017600000
tank_1135,6.0,1597017600000
tank_1146,15.549019607843137,1597017600000
tank_1149,0.0,1597017600000
tank_1156,0.0,1597017600000
tank_1157,2.788235294117647,1597017600000
tank_1159,0.0,1597017600000
tank_1160,94.0,1597017600000
tank_1166,0.0,1597017600000
tank_1170,12.494117647058822,1597017600000
tank_1175,0.0,1597017600000
tank_1177,0.0,1597017600000
tank_1179,0.0,1597017600000
tank_1181,0.0,1597017600000
tank_1186,0.0,1597017600000
tank_1187,15.443137254901961,1597017600000
tank_1190,0.0,1597017600000
tank_1192,24.0,1597017600000
tank_1196,0.0,1597017600000
tank_1197,205.0,1597017600000
tank_1201,0.0,1597017600000
tank_1203,7.768627450980392,1597017600000
tank_1205,30.0,1597017600000
tank_1209,49.0,1597017600000
tank_1217,0.0,1597017600000
tank_1223,1.0,1597017600000
tank_1226,0.0,1597017600000
tank_1228,10.0,1597017600000
tank_1230,0.0,1597017600000
tank_1237,0.0,1597017600000
tank_1239,196.0,1597017600000
tank_1245,0.0,1597017600000
tank_1246,41.0,1597017600000
tank_1250,0.0,1597017600000
tank_1254,83.0,1597017600000
tank_1255,0.0,1597017600000
tank_1258,0.0,1597017600000
tank_1261,0.0,1597017600000
tank_1262,0.0,1597017600000
tank_1263,0.0,1597017600000
tank_1265,0.0,1597017600000
tank_1270,0.0,1597017600000
tank_1272,0.0,1597017600000
tank_1275,0.0,1597017600000
tank_1276,12.0,1597017600000
tank_1279,0.0,1597017600000
tank_1280,0.0,1597017600000
tank_1284,0.0,1597017600000
tank_1285,0.0,1597017600000
tank_1286,24.0,1597017600000
tank_1290,0.0,1597017600000
tank_1291,0.0,1597017600000
tank_1293,0.0,1597017600000
tank_1295,0.0,1597017600000
tank_1297,0.0,1597017600000
tank_1301,0.0,1597017600000
tank_1302,0.0,1597017600000
tank_1304,0.0,1597017600000
tank_1305,3.0,1597017600000
tank_1313,2.0,1597017600000
tank_1322,0.0,1597017600000
tank_1325,0.0,1597017600000
tank_1326,0.0,1597017600000
tank_1344,0.0,1597017600000
tank_1346,0.0,1597017600000
tank_1349,0.0,1597017600000
tank_1353,47.0,1597017600000
tank_1358,0.0,1597017600000
tank_1359,0.0,1597017600000
tank_1361,0.0,1597017600000
tank_1364,154.0,1597017600000
tank_1365,5.0,1597017600000
tank_1372,0.0,1597017600000
tank_1374,26.0,1597017600000
tank_1378,47.0,1597017600000
tank_1380,0.0,1597017600000
tank_1386,0.0,1597017600000
tank_1391,0.0,1597017600000
tank_1393,0.0,1597017600000
tank_1396,0.0,1597017600000
tank_1397,0.0,1597017600000
tank_1403,2.0,1597017600000
tank_1409,0.0,1597017600000
tank_1412,0.0,1597017600000
tank_1415,0.0,1597017600000
tank_1416,0.0,1597017600000
tank_1421,70.0,1597017600000
tank_1422,0.0,1597017600000
tank_1425,171.0,1597017600000
tank_1426,0.0,1597017600000
tank_1430,0.0,1597017600000
tank_1433,91.0,1597017600000
tank_1438,0.0,1597017600000
tank_1439,0.0,1597017600000
tank_1441,0.0,1597017600000
tank_1443,0.0,1597017600000
tank_1445,0.0,1597017600000
tank_1446,0.0,1597017600000
tank_1450,0.0,1597017600000
tank_1452,0.0,1597017600000
tank_1456,0.0,1597017600000
tank_1466,0.0,1597017600000
tank_1471,0.0,1597017600000
tank_1475,4.0,1597017600000
tank_1486,97.0,1597017600000
tank_1488,0.0,1597017600000
tank_1491,0.0,1597017600000
tank_1500,7.0,1597017600000
tank_1505,0.0,1597017600000
tank_1513,106.0,1597017600000
tank_1531,11.0,1597017600000
tank_1536,0.0,1597017600000
tank_1539,73.0,1597017600000
tank_1541,0.0,1597017600000
tank_1542,0.0,1597017600000
tank_1547,0.0,1597017600000
tank_1563,0.0,1597017600000
tank_1564,0.0,1597017600000
tank_1565,9.0,1597017600000
tank_1567,0.0,1597017600000
tank_1568,0.0,1597017600000
tank_1573,0.0,1597017600000
tank_1583,0.0,1597017600000
tank_1587,510.0,1597017600000
tank_1588,0.0,1597017600000
tank_1592,0.0,1597017600000
tank_1594,0.0,1597017600000
tank_1595,0.0,1597017600000
tank_1597,0.0,1597017600000
tank_1598,0.0,1597017600000
tank_1600,0.0,1597017600000
tank_1604,0.0,1597017600000
tank_0002,0.0,1598054400000
tank_0004,0.0,1598054400000
tank_0005,0.0,1598054400000
tank_0011,0.0,1598054400000
tank_0014,0.0,1598054400000
tank_0019,0.0,1598054400000
tank_0024,0.0,1598054400000
tank_0025,0.0,1598054400000
tank_0026,0.0,1598054400000
tank_0027,0.0,1598054400000
tank_0030,0.0,1598054400000
tank_0031,6.0,1598054400000
tank_0036,0.0,1598054400000
tank_0037,0.0,1598054400000
tank_0038,0.0,1598054400000
tank_0050,0.0,1598054400000
tank_0051,0.0,1598054400000
tank_0052,0.0,1598054400000
tank_0053,0.0,1598054400000
tank_0055,0.0,1598054400000
tank_0057,0.0,1598054400000
tank_0058,0.0,1598054400000
tank_0064,0.0,1598054400000
tank_0069,0.0,1598054400000
tank_0072,0.0,1598054400000
tank_0073,0.0,1598054400000
tank_0080,7.0,1598054400000
tank_0094,0.0,1598054400000
tank_0107,0.0,1598054400000
tank_0110,0.0,1598054400000
tank_0113,0.0,1598054400000
tank_0115,0.0,1598054400000
tank_0116,0.0,1598054400000
tank_0117,27.0,1598054400000
tank_0118,0.0,1598054400000
tank_0122,0.0,1598054400000
tank_0125,0.0,1598054400000
tank_0130,0.0,1598054400000
tank_0131,0.0,1598054400000
tank_0132,0.0,1598054400000
tank_0134,0.0,1598054400000
tank_0135,0.0,1598054400000
tank_0142,0.0,1598054400000
tank_0143,0.0,1598054400000
tank_0144,0.0,1598054400000
tank_0148,0.0,1598054400000
tank_0153,0.0,1598054400000
tank_0156,0.0,1598054400000
tank_0159,0.0,1598054400000
tank_0165,0.0,1598054400000
tank_0171,0.0,1598054400000
tank_0172,0.0,1598054400000
tank_0174,0.9764705882352941,1598054400000
tank_0176,0.0,1598054400000
tank_0184,0.0,1598054400000
tank_0187,0.7803921568627451,1598054400000
tank_0190,0.0,1598054400000
tank_0192,0.0,1598054400000
tank_0193,0.0,1598054400000
tank_0195,0.0,1598054400000
tank_0199,0.0,1598054400000
tank_0204,0.0,1598054400000
tank_0205,0.0,1598054400000
tank_0207,0.0,1598054400000
tank_0209,0.0,1598054400000
tank_0213,0.0,1598054400000
tank_0217,0.0,1598054400000
tank_0220,0.0,1598054400000
tank_0221,0.4980392156862745,1598054400000
tank_0225,0.0,1598054400000
tank_0226,0.0,1598054400000
tank_0228,0.0,1598054400000
tank_0229,0.0,1598054400000
tank_0231,0.0,1598054400000
tank_0233,0.0,1598054400000
tank_0236,0.0,1598054400000
tank_0237,0.0,1598054400000
tank_0240,0.0,1598054400000
tank_0242,0.0,1598054400000
tank_0245,0.0,1598054400000
tank_0247,2.0,1598054400000
tank_0256,0.0,1598054400000
tank_0257,0.0,1598054400000
tank_0260,0.0,1598054400000
tank_0261,0.0,1598054400000
tank_0264,0.0,1598054400000
tank_0273,0.0,1598054400000
tank_0276,0.0,1598054400000
tank_0278,0.0,1598054400000
tank_0280,0.0,1598054400000
tank_0291,0.0,1598054400000
tank_0292,10.568627450980394,1598054400000
tank_0296,0.0,1598054400000
tank_0297,3.0,1598054400000
tank_0299,0.0,1598054400000
tank_0300,0.0,1598054400000
tank_0301,0.0,1598054400000
tank_0307,0.0,1598054400000
tank_0309,0.0,1598054400000
tank_0313,0.0,1598054400000
tank_0314,0.0,1598054400000
tank_0319,0.0,1598054400000
tank_0321,0.0,1598054400000
tank_0327,0.0,1598054400000
tank_0337,0.0,1598054400000
tank_0338,0.0,1598054400000
tank_0339,1.0,1598054400000
tank_0342,0.0,1598054400000
tank_0345,0.0,1598054400000
tank_0346,0.0,1598054400000
tank_0349,42.0,1598054400000
tank_0350,0.0,1598054400000
tank_0353,0.0,1598054400000
tank_0356,0.0,1598054400000
tank_0360,0.0,1598054400000
tank_0361,0.0,1598054400000
tank_0362,0.0,1598054400000
tank_0364,0.0,1598054400000
tank_0366,0.0,1598054400000
tank_0369,0.0,1598054400000
tank_0375,0.0,1598054400000
tank_0379,0.0,1598054400000
tank_0381,0.0,1598054400000
tank_0386,6.0,1598054400000
tank_0390,0.0,1598054400000
tank_0397,0.0,1598054400000
tank_0399,0.0,1598054400000
tank_0404,1.0,1598054400000
tank_0409,0.0,1598054400000
tank_0420,0.0,1598054400000
tank_0425,0.0,1598054400000
tank_0431,0.0,1598054400000
tank_0432,0.0,1598054400000
tank_0435,0.0,1598054400000
tank_0436,0.0,1598054400000
tank_0438,0.0,1598054400000
tank_0443,0.0,1598054400000
tank_0444,0.0,1598054400000
tank_0447,0.0,1598054400000
tank_0448,2.0,1598054400000
tank_0449,0.0,1598054400000
tank_0455,0.0,1598054400000
tank_0460,0.0,1598054400000
tank_0462,14.0,1598054400000
tank_0466,0.0,1598054400000
tank_0471,0.0,1598054400000
tank_0473,0.0,1598054400000
tank_0474,0.0,1598054400000
tank_0481,0.0,1598054400000
tank_0485,0.0,1598054400000
tank_0489,0.0,1598054400000
tank_0491,0.0,1598054400000
tank_0494,0.0,1598054400000
tank_0497,0.0,1598054400000
tank_0498,0.0,1598054400000
tank_0502,0.0,1598054400000
tank_0505,0.0,1598054400000
tank_0509,0.0,1598054400000
tank_0512,6.0,1598054400000
tank_0514,0.0,1598054400000
tank_0515,0.0,1598054400000
tank_0521,0.0,1598054400000
tank_0524,0.0,1598054400000
tank_0526,25.0,1598054400000
tank_0533,0.0,1598054400000
tank_0534,0.0,1598054400000
tank_0536,0.0,1598054400000
tank_0537,0.0,1598054400000
tank_0541,0.0,1598054400000
tank_0547,0.0,1598054400000
tank_0552,0.0,1598054400000
tank_0555,0.0,1598054400000
tank_0556,0.0,1598054400000
tank_0557,0.0,1598054400000
tank_0560,0.0,1598054400000
tank_0561,0.0,1598054400000
tank_0566,0.0,1598054400000
tank_0567,0.0,1598054400000
tank_0568,5.0,1598054400000
tank_0574,0.0,1598054400000
tank_0579,0.0,1598054400000
tank_0583,20.0,1598054400000
tank_0587,0.0,1598054400000
tank_0589,0.0,1598054400000
tank_0590,0.0,1598054400000
tank_0592,0.0,1598054400000
tank_0593,0.0,1598054400000
tank_0595,0.0,1598054400000
tank_0600,0.0,1598054400000
tank_0604,0.0,1598054400000
tank_0606,0.0,1598054400000
tank_0607,0.0,1598054400000
tank_0608,0.0,1598054400000
tank_0610,0.0,1598054400000
tank_0611,3.0,1598054400000
tank_0612,0.0,1598054400000
tank_0613,0.0,1598054400000
tank_0619,0.0,1598054400000
tank_0626,0.0,1598054400000
tank_0627,0.0,1598054400000
tank_0628,0.0,1598054400000
tank_0632,0.0,1598054400000
tank_0633,0.0,1598054400000
tank_0639,0.0,1598054400000
tank_0640,0.0,1598054400000
tank_0641,0.0,1598054400000
tank_0643,9.423529411764704,1598054400000
tank_0646,0.0,1598054400000
tank_0663,0.0,1598054400000
tank_0664,0.0,1598054400000
tank_0666,0.0,1598054400000
tank_0667,0.0,1598054400000
tank_0670,0.0,1598054400000
tank_0675,0.0,1598054400000
tank_0676,15.0,1598054400000
tank_0678,0.0,1598054400000
tank_0681,0.0,1598054400000
tank_0687,0.0,1598054400000
tank_0688,0.0,1598054400000
tank_0697,0.0,1598054400000
tank_0720,0.0,1598054400000
tank_0722,0.0,1598054400000
tank_0724,0.0,1598054400000
tank_0725,0.0,1598054400000
tank_0728,0.0,1598054400000
tank_0730,0.0,1598054400000
tank_0731,0.0,1598054400000
tank_0732,0.0,1598054400000
tank_0737,185.0,1598054400000
tank_0739,0.0,1598054400000
tank_0740,0.0,1598054400000
tank_0746,3.5529411764705885,1598054400000
tank_0748,0.0,1598054400000
tank_0749,0.0,1598054400000
tank_0752,0.0,1598054400000
tank_0760,0.0,1598054400000
tank_0770,1.7411764705882353,1598054400000
tank_0772,0.0,1598054400000
tank_0788,0.0,1598054400000
tank_0789,0.0,1598054400000
tank_0792,15.36078431372549,1598054400000
tank_0797,0.0,1598054400000
tank_0800,0.0,1598054400000
tank_0802,0.0,1598054400000
tank_0803,0.0,1598054400000
tank_0808,7.533333333333332,1598054400000
tank_0810,0.0,1598054400000
tank_0811,0.0,1598054400000
tank_0812,0.0,1598054400000
tank_0813,0.44705882352941173,1598054400000
tank_0816,4.784313725490196,1598054400000
tank_0819,0.0,1598054400000
tank_0823,0.0,1598054400000
tank_0824,31.0,1598054400000
tank_0825,0.0,1598054400000
tank_0828,0.0,1598054400000
tank_0829,12.0,1598054400000
tank_0830,0.0,1598054400000
tank_0831,0.0,1598054400000
tank_0844,0.0,1598054400000
tank_0852,0.0,1598054400000
tank_0855,51.0,1598054400000
tank_0856,390.0,1598054400000
tank_0860,0.0,1598054400000
tank_0861,0.0,1598054400000
tank_0872,0.0,1598054400000
tank_0875,0.0,1598054400000
tank_0879,0.0,1598054400000
tank_0885,0.0,1598054400000
tank_0891,0.0,1598054400000
tank_0894,210.0,1598054400000
tank_0898,128.0,1598054400000
tank_0900,8.0,1598054400000
tank_0901,0.0,1598054400000
tank_0902,12.0,1598054400000
tank_0914,0.0,1598054400000
tank_0917,216.0,1598054400000
tank_0919,0.0,1598054400000
tank_0920,0.0,1598054400000
tank_0922,0.0,1598054400000
tank_0923,0.0,1598054400000
tank_0924,0.0,1598054400000
tank_0926,0.0,1598054400000
tank_0927,0.0,1598054400000
tank_0928,0.0,1598054400000
tank_0930,97.0,1598054400000
tank_0931,0.0,1598054400000
tank_0933,0.0,1598054400000
tank_0934,0.0,1598054400000
tank_0937,0.0,1598054400000
tank_0938,0.0,1598054400000
tank_0939,0.0,1598054400000
tank_0944,5.0,1598054400000
tank_0946,0.0,1598054400000
tank_0952,0.0,1598054400000
tank_0958,0.0,1598054400000
tank_0962,418.0,1598054400000
tank_0967,0.0,1598054400000
tank_0975,0.0,1598054400000
tank_0978,15.674509803921568,1598054400000
tank_0990,0.0,1598054400000
tank_0991,84.0,1598054400000
tank_0998,0.0,1598054400000
tank_0999,0.0,1598054400000
tank_1003,0.0,1598054400000
tank_1004,0.0,1598054400000
tank_1014,18.0,1598054400000
tank_1026,93.0,1598054400000
tank_1031,3.0,1598054400000
tank_1032,2.0,1598054400000
tank_1034,0.0,1598054400000
tank_1042,14.0,1598054400000
tank_1045,6.0,1598054400000
tank_1049,13.0,1598054400000
tank_1055,0.00392156862745098,1598054400000
tank_1061,0.0,1598054400000
tank_1062,0.0,1598054400000
tank_1064,0.0,1598054400000
tank_1065,6.87843137254902,1598054400000
tank_1066,36.925490196078435,1598054400000
tank_1070,0.0,1598054400000
tank_1073,19.0,1598054400000
tank_1083,90.0,1598054400000
tank_1086,0.0,1598054400000
tank_1088,6.733333333333333,1598054400000
tank_1089,9.0,1598054400000
tank_1090,0.0,1598054400000
tank_1091,0.0,1598054400000
tank_1094,585.0,1598054400000
tank_1095,15.0,1598054400000
tank_1104,0.0,1598054400000
tank_1113,48.984313725490196,1598054400000
tank_1116,0.0,1598054400000
tank_1117,0.0,1598054400000
tank_1120,167.0,1598054400000
tank_1121,55.0,1598054400000
tank_1124,0.0,1598054400000
tank_1128,0.0,1598054400000
tank_1134,0.0,1598054400000
tank_1135,0.0,1598054400000
tank_1146,14.239215686274509,1598054400000
tank_1149,0.0,1598054400000
tank_1156,0.0,1598054400000
tank_1157,16.486274509803923,1598054400000
tank_1159,37.0,1598054400000
tank_1160,169.0,1598054400000
tank_1166,0.0,1598054400000
tank_1170,26.337254901960783,1598054400000
tank_1175,0.0,1598054400000
tank_1177,0.0,1598054400000
tank_1179,0.0,1598054400000
tank_1181,38.0,1598054400000
tank_1186,0.0,1598054400000
tank_1187,13.4078431372549,1598054400000
tank_1190,0.0,1598054400000
tank_1192,18.12156862745098,1598054400000
tank_1196,0.0,1598054400000
tank_1197,938.0,1598054400000
tank_1201,0.0,1598054400000
tank_1203,13.333333333333336,1598054400000
tank_1205,54.0,1598054400000
tank_1209,381.0,1598054400000
tank_1217,0.0,1598054400000
tank_1223,0.0,1598054400000
tank_1226,0.0,1598054400000
tank_1228,12.0,1598054400000
tank_1230,0.0,1598054400000
tank_1237,0.0,1598054400000
tank_1239,265.0,1598054400000
tank_1245,1.552941176470588,1598054400000
tank_1246,25.0,1598054400000
tank_1250,0.0,1598054400000
tank_1254,50.0,1598054400000
tank_1255,0.0,1598054400000
tank_1258,0.0,1598054400000
tank_1261,0.0,1598054400000
tank_1262,0.0,1598054400000
tank_1263,0.0,1598054400000
tank_1265,0.0,1598054400000
tank_1270,0.0,1598054400000
tank_1272,0.0,1598054400000
tank_1275,0.0,1598054400000
tank_1276,5.0,1598054400000
tank_1279,0.0,1598054400000
tank_1280,0.0,1598054400000
tank_1284,0.0,1598054400000
tank_1285,0.0,1598054400000
tank_1286,12.0,1598054400000
tank_1290,0.0,1598054400000
tank_1291,0.0,1598054400000
tank_1293,0.0,1598054400000
tank_1295,0.0,1598054400000
tank_1297,0.0,1598054400000
tank_1301,0.0,1598054400000
tank_1302,0.0,1598054400000
tank_1304,0.0,1598054400000
tank_1305,0.0,1598054400000
tank_1313,0.0,1598054400000
tank_1322,0.0,1598054400000
tank_1325,0.0,1598054400000
tank_1326,0.0,1598054400000
tank_1344,0.0,1598054400000
tank_1346,0.0,1598054400000
tank_1349,0.0,1598054400000
tank_1353,341.7725490196078,1598054400000
tank_1358,0.0,1598054400000
tank_1359,0.0,1598054400000
tank_1361,55.0,1598054400000
tank_1364,375.0,1598054400000
tank_1365,0.0,1598054400000
tank_1372,0.0,1598054400000
tank_1374,199.0,1598054400000
tank_1378,251.0,1598054400000
tank_1380,0.0,1598054400000
tank_1386,0.0,1598054400000
tank_1391,0.0,1598054400000
tank_1393,0.0,1598054400000
tank_1396,0.0,1598054400000
tank_1397,0.0,1598054400000
tank_1403,1.0,1598054400000
tank_1409,0.0,1598054400000
tank_1412,0.0,1598054400000
tank_1415,0.0,1598054400000
tank_1416,0.0,1598054400000
tank_1421,106.0,1598054400000
tank_1422,0.0,1598054400000
tank_1425,273.0,1598054400000
tank_1426,0.0,1598054400000
tank_1430,0.0,1598054400000
tank_1433,132.0,1598054400000
tank_1438,0.0,1598054400000
tank_1439,0.0,1598054400000
tank_1441,0.0,1598054400000
tank_1443,0.0,1598054400000
tank_1445,0.0,1598054400000
tank_1446,0.0,1598054400000
tank_1450,0.0,1598054400000
tank_1452,0.0,1598054400000
tank_1456,0.0,1598054400000
tank_1466,0.0,1598054400000
tank_1471,0.0,1598054400000
tank_1475,10.0,1598054400000
tank_1486,91.0,1598054400000
tank_1488,0.0,1598054400000
tank_1491,0.0,1598054400000
tank_1500,3.0,1598054400000
tank_1505,1.0,1598054400000
tank_1513,207.0,1598054400000
tank_1531,0.0,1598054400000
tank_1536,0.0,1598054400000
tank_1539,76.0,1598054400000
tank_1541,0.0,1598054400000
tank_1542,0.0,1598054400000
tank_1547,2.0,1598054400000
tank_1563,0.0,1598054400000
tank_1564,0.0,1598054400000
tank_1565,186.0,1598054400000
tank_1567,0.0,1598054400000
tank_1568,0.0,1598054400000
tank_1573,0.0,1598054400000
tank_1583,2.0,1598054400000
tank_1587,277.0,1598054400000
tank_1588,0.0,1598054400000
tank_1592,0.0,1598054400000
tank_1594,0.0,1598054400000
tank_1595,0.0,1598054400000
tank_1597,0.0,1598054400000
tank_1598,0.0,1598054400000
tank_1600,0.0,1598054400000
tank_1604,0.0,1598054400000
tank_0002,0.0,1599091200000
tank_0004,0.0,1599091200000
tank_0005,0.0,1599091200000
tank_0011,0.0,1599091200000
tank_0014,0.0,1599091200000
tank_0019,0.0,1599091200000
tank_0024,0.0,1599091200000
tank_0025,0.0,1599091200000
tank_0026,0.0,1599091200000
tank_0027,0.0,1599091200000
tank_0030,0.0,1599091200000
tank_0031,6.0,1599091200000
tank_0036,0.0,1599091200000
tank_0037,0.0,1599091200000
tank_0038,0.0,1599091200000
tank_0050,0.0,1599091200000
tank_0051,0.0,1599091200000
tank_0052,0.0,1599091200000
tank_0053,0.0,1599091200000
tank_0055,0.0,1599091200000
tank_0057,0.0,1599091200000
tank_0058,0.0,1599091200000
tank_0064,0.0,1599091200000
tank_0069,0.0,1599091200000
tank_0072,0.0,1599091200000
tank_0073,0.0,1599091200000
tank_0080,5.0,1599091200000
tank_0094,0.0,1599091200000
tank_0107,0.0,1599091200000
tank_0110,0.0,1599091200000
tank_0113,0.0,1599091200000
tank_0115,0.0,1599091200000
tank_0116,0.0,1599091200000
tank_0117,12.0,1599091200000
tank_0118,0.0,1599091200000
tank_0122,0.0,1599091200000
tank_0125,0.0,1599091200000
tank_0130,0.0,1599091200000
tank_0131,0.0,1599091200000
tank_0132,0.0,1599091200000
tank_0134,0.0,1599091200000
tank_0135,0.0,1599091200000
tank_0142,0.0,1599091200000
tank_0143,0.0,1599091200000
tank_0144,0.0,1599091200000
tank_0148,0.0,1599091200000
tank_0153,0.0,1599091200000
tank_0156,0.0,1599091200000
tank_0159,0.0,1599091200000
tank_0165,0.0,1599091200000
tank_0171,0.0,1599091200000
tank_0172,0.0,1599091200000
tank_0174,0.0,1599091200000
tank_0176,0.0,1599091200000
tank_0184,0.0,1599091200000
tank_0187,0.0,1599091200000
tank_0190,0.0,1599091200000
tank_0192,0.0,1599091200000
tank_0193,0.0,1599091200000
tank_0195,0.0,1599091200000
tank_0199,0.0,1599091200000
tank_0204,0.0,1599091200000
tank_0205,0.0,1599091200000
tank_0207,0.0,1599091200000
tank_0209,0.0,1599091200000
tank_0213,0.0,1599091200000
tank_0217,0.0,1599091200000
tank_0220,0.0,1599091200000
tank_0221,0.0,1599091200000
tank_0225,0.0,1599091200000
tank_0226,0.0,1599091200000
tank_0228,0.0,1599091200000
tank_0229,0.0,1599091200000
tank_0231,0.0,1599091200000
tank_0233,0.0,1599091200000
tank_0236,0.0,1599091200000
tank_0237,0.0,1599091200000
tank_0240,0.0,1599091200000
tank_0242,0.0,1599091200000
tank_0245,0.0,1599091200000
tank_0247,7.0,1599091200000
tank_0256,0.0,1599091200000
tank_0257,0.0,1599091200000
tank_0260,0.0,1599091200000
tank_0261,0.0,1599091200000
tank_0264,0.0,1599091200000
tank_0273,0.0,1599091200000
tank_0276,0.0,1599091200000
tank_0278,0.0,1599091200000
tank_0280,0.0,1599091200000
tank_0291,0.0,1599091200000
tank_0292,0.0,1599091200000
tank_0296,0.0,1599091200000
tank_0297,0.0,1599091200000
tank_0299,0.0,1599091200000
tank_0300,0.0,1599091200000
tank_0301,0.0,1599091200000
tank_0307,0.0,1599091200000
tank_0309,0.0,1599091200000
tank_0313,0.0,1599091200000
tank_0314,0.0,1599091200000
tank_0319,0.0,1599091200000
tank_0321,0.0,1599091200000
tank_0327,0.0,1599091200000
tank_0337,0.0,1599091200000
tank_0338,0.0,1599091200000
tank_0339,0.0,1599091200000
tank_0342,0.0,1599091200000
tank_0345,0.0,1599091200000
tank_0346,0.0,1599091200000
tank_0349,16.0,1599091200000
tank_0350,0.0,1599091200000
tank_0353,0.0,1599091200000
tank_0356,0.0,1599091200000
tank_0360,0.0,1599091200000
tank_0361,0.0,1599091200000
tank_0362,0.0,1599091200000
tank_0364,0.0,1599091200000
tank_0366,0.0,1599091200000
tank_0369,0.0,1599091200000
tank_0375,0.0,1599091200000
tank_0379,0.0,1599091200000
tank_0381,0.0,1599091200000
tank_0386,0.0,1599091200000
tank_0390,0.0,1599091200000
tank_0397,0.0,1599091200000
tank_0399,0.0,1599091200000
tank_0404,0.0,1599091200000
tank_0409,0.0,1599091200000
tank_0420,0.0,1599091200000
tank_0425,0.0,1599091200000
tank_0431,0.0,1599091200000
tank_0432,0.0,1599091200000
tank_0435,0.0,1599091200000
tank_0436,0.0,1599091200000
tank_0438,0.0,1599091200000
tank_0443,0.0,1599091200000
tank_0444,0.0,1599091200000
tank_0447,0.0,1599091200000
tank_0448,0.0,1599091200000
tank_0449,0.0,1599091200000
tank_0455,0.0,1599091200000
tank_0460,0.0,1599091200000
tank_0462,11.0,1599091200000
tank_0466,0.0,1599091200000
tank_0471,0.0,1599091200000
tank_0473,0.0,1599091200000
tank_0474,0.0,1599091200000
tank_0481,0.0,1599091200000
tank_0485,0.0,1599091200000
tank_0489,0.0,1599091200000
tank_0491,0.0,1599091200000
tank_0494,0.0,1599091200000
tank_0497,0.0,1599091200000
tank_0498,0.0,1599091200000
tank_0502,0.0,1599091200000
tank_0505,0.0,1599091200000
tank_0509,0.0,1599091200000
tank_0512,10.0,1599091200000
tank_0514,0.0,1599091200000
tank_0515,0.0,1599091200000
tank_0521,0.0,1599091200000
tank_0524,0.0,1599091200000
tank_0526,28.0,1599091200000
tank_0533,0.0,1599091200000
tank_0534,0.0,1599091200000
tank_0536,0.0,1599091200000
tank_0537,0.0,1599091200000
tank_0541,0.0,1599091200000
tank_0547,0.0,1599091200000
tank_0552,0.0,1599091200000
tank_0555,0.0,1599091200000
tank_0556,0.0,1599091200000
tank_0557,0.0,1599091200000
tank_0560,0.0,1599091200000
tank_0561,0.0,1599091200000
tank_0566,0.0,1599091200000
tank_0567,0.0,1599091200000
tank_0568,0.0,1599091200000
tank_0574,0.0,1599091200000
tank_0579,0.0,1599091200000
tank_0583,24.0,1599091200000
tank_0587,0.0,1599091200000
tank_0589,0.0,1599091200000
tank_0590,0.0,1599091200000
tank_0592,0.0,1599091200000
tank_0593,0.0,1599091200000
tank_0595,0.0,1599091200000
tank_0600,0.0,1599091200000
tank_0604,0.0,1599091200000
tank_0606,0.0,1599091200000
tank_0607,0.0,1599091200000
tank_0608,0.0,1599091200000
tank_0610,0.0,1599091200000
tank_0611,0.0,1599091200000
tank_0612,0.0,1599091200000
tank_0613,0.0,1599091200000
tank_0619,0.0,1599091200000
tank_0626,0.0,1599091200000
tank_0627,0.0,1599091200000
tank_0628,0.0,1599091200000
tank_0632,0.0,1599091200000
tank_0633,0.0,1599091200000
tank_0639,0.0,1599091200000
tank_0640,0.0,1599091200000
tank_0641,0.0,1599091200000
tank_0643,0.0,1599091200000
tank_0646,0.0,1599091200000
tank_0663,0.0,1599091200000
tank_0664,0.0,1599091200000
tank_0666,0.0,1599091200000
tank_0667,0.0,1599091200000
tank_0670,0.0,1599091200000
tank_0675,0.0,1599091200000
tank_0676,80.0,1599091200000
tank_0678,0.0,1599091200000
tank_0681,0.0,1599091200000
tank_0687,0.0,1599091200000
tank_0688,0.0,1599091200000
tank_0697,0.0,1599091200000
tank_0720,0.0,1599091200000
tank_0722,0.0,1599091200000
tank_0724,0.0,1599091200000
tank_0725,0.0,1599091200000
tank_0728,0.0,1599091200000
tank_0730,0.0,1599091200000
tank_0731,0.0,1599091200000
tank_0732,0.0,1599091200000
tank_0737,91.0,1599091200000
tank_0739,0.0,1599091200000
tank_0740,0.0,1599091200000
tank_0746,0.0,1599091200000
tank_0748,0.0,1599091200000
tank_0749,0.0,1599091200000
tank_0752,0.0,1599091200000
tank_0760,0.0,1599091200000
tank_0770,0.0,1599091200000
tank_0772,0.0,1599091200000
tank_0788,8.0,1599091200000
tank_0789,0.0,1599091200000
tank_0792,0.0,1599091200000
tank_0797,0.0,1599091200000
tank_0800,0.0,1599091200000
tank_0802,0.0,1599091200000
tank_0803,0.0,1599091200000
tank_0808,0.0,1599091200000
tank_0810,0.0,1599091200000
tank_0811,0.0,1599091200000
tank_0812,0.0,1599091200000
tank_0813,0.0,1599091200000
tank_0816,0.0,1599091200000
tank_0819,0.0,1599091200000
tank_0823,0.0,1599091200000
tank_0824,5.0,1599091200000
tank_0825,0.0,1599091200000
tank_0828,0.0,1599091200000
tank_0829,17.0,1599091200000
tank_0830,0.0,1599091200000
tank_0831,0.0,1599091200000
tank_0844,0.0,1599091200000
tank_0852,0.0,1599091200000
tank_0855,44.0,1599091200000
tank_0856,553.0,1599091200000
tank_0860,0.0,1599091200000
tank_0861,0.0,1599091200000
tank_0872,0.0,1599091200000
tank_0875,0.0,1599091200000
tank_0879,0.0,1599091200000
tank_0885,0.0,1599091200000
tank_0891,0.0,1599091200000
tank_0894,721.0,1599091200000
tank_0898,367.0,1599091200000
tank_0900,0.0,1599091200000
tank_0901,0.0,1599091200000
tank_0902,42.0,1599091200000
tank_0914,0.0,1599091200000
tank_0917,369.0,1599091200000
tank_0919,0.0,1599091200000
tank_0920,0.0,1599091200000
tank_0922,0.0,1599091200000
tank_0923,0.0,1599091200000
tank_0924,0.0,1599091200000
tank_0926,0.0,1599091200000
tank_0927,0.0,1599091200000
tank_0928,0.0,1599091200000
tank_0930,116.0,1599091200000
tank_0931,0.0,1599091200000
tank_0933,0.0,1599091200000
tank_0934,0.0,1599091200000
tank_0937,0.0,1599091200000
tank_0938,0.0,1599091200000
tank_0939,0.0,1599091200000
tank_0944,10.0,1599091200000
tank_0946,0.0,1599091200000
tank_0952,0.0,1599091200000
tank_0958,0.0,1599091200000
tank_0962,899.0,1599091200000
tank_0967,0.0,1599091200000
tank_0975,0.0,1599091200000
tank_0978,0.0,1599091200000
tank_0990,0.0,1599091200000
tank_0991,148.0,1599091200000
tank_0998,0.0,1599091200000
tank_0999,0.0,1599091200000
tank_1003,0.0,1599091200000
tank_1004,0.0,1599091200000
tank_1014,0.0,1599091200000
tank_1026,224.0,1599091200000
tank_1031,8.0,1599091200000
tank_1032,0.0,1599091200000
tank_1034,0.0,1599091200000
tank_1042,11.0,1599091200000
tank_1045,2.0,1599091200000
tank_1049,12.0,1599091200000
tank_1055,0.0,1599091200000
tank_1061,0.0,1599091200000
tank_1062,0.0,1599091200000
tank_1064,0.0,1599091200000
tank_1065,0.0,1599091200000
tank_1066,0.8745098039215686,1599091200000
tank_1070,0.0,1599091200000
tank_1073,15.0,1599091200000
tank_1083,146.0,1599091200000
tank_1086,4.0,1599091200000
tank_1088,0.0,1599091200000
tank_1089,8.0,1599091200000
tank_1090,0.0,1599091200000
tank_1091,8.0,1599091200000
tank_1094,892.0,1599091200000
tank_1095,5.0,1599091200000
tank_1104,0.0,1599091200000
tank_1113,48.0,1599091200000
tank_1116,0.0,1599091200000
tank_1117,0.0,1599091200000
tank_1120,186.0,1599091200000
tank_1121,141.0,1599091200000
tank_1124,0.0,1599091200000
tank_1128,0.0,1599091200000
tank_1134,0.0,1599091200000
tank_1135,0.0,1599091200000
tank_1146,21.0,1599091200000
tank_1149,0.0,1599091200000
tank_1156,0.0,1599091200000
tank_1157,10.552941176470588,1599091200000
tank_1159,64.0,1599091200000
tank_1160,233.0,1599091200000
tank_1166,0.0,1599091200000
tank_1170,11.72156862745098,1599091200000
tank_1175,0.0,1599091200000
tank_1177,0.0,1599091200000
tank_1179,0.0,1599091200000
tank_1181,117.0,1599091200000
tank_1186,0.0,1599091200000
tank_1187,0.0,1599091200000
tank_1190,0.0,1599091200000
tank_1192,21.0,1599091200000
tank_1196,0.0,1599091200000
tank_1197,1245.0,1599091200000
tank_1201,0.0,1599091200000
tank_1203,0.0,1599091200000
tank_1205,16.0,1599091200000
tank_1209,457.0,1599091200000
tank_1217,0.0,1599091200000
tank_1223,0.0,1599091200000
tank_1226,0.0,1599091200000
tank_1228,16.0,1599091200000
tank_1230,0.0,1599091200000
tank_1237,0.0,1599091200000
tank_1239,221.0,1599091200000
tank_1245,0.0,1599091200000
tank_1246,20.0,1599091200000
tank_1250,0.0,1599091200000
tank_1254,399.0,1599091200000
tank_1255,0.0,1599091200000
tank_1258,0.0,1599091200000
tank_1261,0.0,1599091200000
tank_1262,0.0,1599091200000
tank_1263,0.0,1599091200000
tank_1265,0.0,1599091200000
tank_1270,0.0,1599091200000
tank_1272,0.0,1599091200000
tank_1275,0.0,1599091200000
tank_1276,4.0,1599091200000
tank_1279,0.0,1599091200000
tank_1280,0.0,1599091200000
tank_1284,0.0,1599091200000
tank_1285,0.0,1599091200000
tank_1286,15.0,1599091200000
tank_1290,0.0,1599091200000
tank_1291,0.0,1599091200000
tank_1293,0.0,1599091200000
tank_1295,0.0,1599091200000
tank_1297,0.0,1599091200000
tank_1301,0.0,1599091200000
tank_1302,0.0,1599091200000
tank_1304,0.0,1599091200000
tank_1305,0.0,1599091200000
tank_1313,14.0,1599091200000
tank_1322,0.0,1599091200000
tank_1325,0.0,1599091200000
tank_1326,0.0,1599091200000
tank_1344,0.0,1599091200000
tank_1346,0.0,1599091200000
tank_1349,0.0,1599091200000
tank_1353,196.0,1599091200000
tank_1358,0.0,1599091200000
tank_1359,0.0,1599091200000
tank_1361,75.0,1599091200000
tank_1364,869.0,1599091200000
tank_1365,0.0,1599091200000
tank_1372,0.0,1599091200000
tank_1374,190.0,1599091200000
tank_1378,191.0,1599091200000
tank_1380,0.0,1599091200000
tank_1386,5.0,1599091200000
tank_1391,0.0,1599091200000
tank_1393,0.0,1599091200000
tank_1396,0.0,1599091200000
tank_1397,0.0,1599091200000
tank_1403,1.0,1599091200000
tank_1409,0.0,1599091200000
tank_1412,0.0,1599091200000
tank_1415,0.0,1599091200000
tank_1416,0.0,1599091200000
tank_1421,56.0,1599091200000
tank_1422,0.0,1599091200000
tank_1425,213.0,1599091200000
tank_1426,0.0,1599091200000
tank_1430,0.0,1599091200000
tank_1433,46.0,1599091200000
tank_1438,0.0,1599091200000
tank_1439,0.0,1599091200000
tank_1441,0.0,1599091200000
tank_1443,0.0,1599091200000
tank_1445,0.0,1599091200000
tank_1446,0.0,1599091200000
tank_1450,0.0,1599091200000
tank_1452,0.0,1599091200000
tank_1456,0.0,1599091200000
tank_1466,0.0,1599091200000
tank_1471,0.0,1599091200000
tank_1475,0.0,1599091200000
tank_1486,20.0,1599091200000
tank_1488,0.0,1599091200000
tank_1491,0.0,1599091200000
tank_1500,2.0,1599091200000
tank_1505,3.0,1599091200000
tank_1513,49.0,1599091200000
tank_1531,0.0,1599091200000
tank_1536,0.0,1599091200000
tank_1539,56.0,1599091200000
tank_1541,0.0,1599091200000
tank_1542,0.0,1599091200000
tank_1547,0.0,1599091200000
tank_1563,0.0,1599091200000
tank_1564,0.0,1599091200000
tank_1565,471.0,1599091200000
tank_1567,0.0,1599091200000
tank_1568,0.0,1599091200000
tank_1573,0.0,1599091200000
tank_1583,2.0,1599091200000
tank_1587,665.0,1599091200000
tank_1588,0.0,1599091200000
tank_1592,0.0,1599091200000
tank_1594,0.0,1599091200000
tank_1595,0.0,1599091200000
tank_1597,0.0,1599091200000
tank_1598,0.0,1599091200000
tank_1600,0.0,1599091200000
tank_1604,0.0,1599091200000
tank_0002,0.0,1600128000000
tank_0004,0.0,1600128000000
tank_0005,0.0,1600128000000
tank_0011,0.0,1600128000000
tank_0014,0.0,1600128000000
tank_0019,0.0,1600128000000
tank_0024,0.0,1600128000000
tank_0025,0.0,1600128000000
tank_0026,0.0,1600128000000
tank_0027,0.0,1600128000000
tank_0030,0.0,1600128000000
tank_0031,4.0,1600128000000
tank_0036,0.0,1600128000000
tank_0037,0.0,1600128000000
tank_0038,0.0,1600128000000
tank_0050,0.0,1600128000000
tank_0051,0.0,1600128000000
tank_0052,0.0,1600128000000
tank_0053,0.0,1600128000000
tank_0055,0.0,1600128000000
tank_0057,0.0,1600128000000
tank_0058,0.0,1600128000000
tank_0064,0.0,1600128000000
tank_0069,0.0,1600128000000
tank_0072,0.0,1600128000000
tank_0073,0.0,1600128000000
tank_0080,5.0,1600128000000
tank_0094,0.0,1600128000000
tank_0107,0.0,1600128000000
tank_0110,0.0,1600128000000
tank_0113,0.0,1600128000000
tank_0115,0.0,1600128000000
tank_0116,0.0,1600128000000
tank_0117,20.0,1600128000000
tank_0118,0.0,1600128000000
tank_0122,0.0,1600128000000
tank_0125,0.0,1600128000000
tank_0130,0.0,1600128000000
tank_0131,0.0,1600128000000
tank_0132,0.0,1600128000000
tank_0134,0.0,1600128000000
tank_0135,0.0,1600128000000
tank_0142,0.0,1600128000000
tank_0143,0.0,1600128000000
tank_0144,0.0,1600128000000
tank_0148,0.0,1600128000000
tank_0153,0.0,1600128000000
tank_0156,0.0,1600128000000
tank_0159,0.0,1600128000000
tank_0165,0.0,1600128000000
tank_0171,0.0,1600128000000
tank_0172,0.0,1600128000000
tank_0174,0.0,1600128000000
tank_0176,0.0,1600128000000
tank_0184,0.0,1600128000000
tank_0187,0.0,1600128000000
tank_0190,0.0,1600128000000
tank_0192,0.0,1600128000000
tank_0193,0.0,1600128000000
tank_0195,0.0,1600128000000
tank_0199,0.0,1600128000000
tank_0204,0.0,1600128000000
tank_0205,0.0,1600128000000
tank_0207,0.0,1600128000000
tank_0209,0.0,1600128000000
tank_0213,2.0,1600128000000
tank_0217,0.0,1600128000000
tank_0220,0.0,1600128000000
tank_0221,0.0,1600128000000
tank_0225,0.0,1600128000000
tank_0226,0.0,1600128000000
tank_0228,0.0,1600128000000
tank_0229,0.0,1600128000000
tank_0231,0.0,1600128000000
tank_0233,0.0,1600128000000
tank_0236,0.0,1600128000000
tank_0237,0.0,1600128000000
tank_0240,0.0,1600128000000
tank_0242,0.0,1600128000000
tank_0245,0.0,1600128000000
tank_0247,0.0,1600128000000
tank_0256,0.0,1600128000000
tank_0257,0.0,1600128000000
tank_0260,0.0,1600128000000
tank_0261,0.0,1600128000000
tank_0264,0.0,1600128000000
tank_0273,0.0,1600128000000
tank_0276,0.0,1600128000000
tank_0278,0.0,1600128000000
tank_0280,0.0,1600128000000
tank_0291,2.0,1600128000000
tank_0292,0.0,1600128000000
tank_0296,0.0,1600128000000
tank_0297,9.0,1600128000000
tank_0299,0.0,1600128000000
tank_0300,0.0,1600128000000
tank_0301,0.0,1600128000000
tank_0307,0.0,1600128000000
tank_0309,0.0,1600128000000
tank_0313,0.0,1600128000000
tank_0314,0.0,1600128000000
tank_0319,0.0,1600128000000
tank_0321,0.0,1600128000000
tank_0327,0.0,1600128000000
tank_0337,0.0,1600128000000
tank_0338,0.0,1600128000000
tank_0339,0.0,1600128000000
tank_0342,0.0,1600128000000
tank_0345,0.0,1600128000000
tank_0346,0.0,1600128000000
tank_0349,38.0,1600128000000
tank_0350,0.0,1600128000000
tank_0353,0.0,1600128000000
tank_0356,0.0,1600128000000
tank_0360,0.0,1600128000000
tank_0361,0.0,1600128000000
tank_0362,0.0,1600128000000
tank_0364,0.0,1600128000000
tank_0366,0.0,1600128000000
tank_0369,0.0,1600128000000
tank_0375,0.0,1600128000000
tank_0379,0.0,1600128000000
tank_0381,0.0,1600128000000
tank_0386,2.0,1600128000000
tank_0390,0.0,1600128000000
tank_0397,0.0,1600128000000
tank_0399,0.0,1600128000000
tank_0404,0.0,1600128000000
tank_0409,0.0,1600128000000
tank_0420,0.0,1600128000000
tank_0425,0.0,1600128000000
tank_0431,0.0,1600128000000
tank_0432,0.0,1600128000000
tank_0435,0.0,1600128000000
tank_0436,0.0,1600128000000
tank_0438,0.0,1600128000000
tank_0443,0.0,1600128000000
tank_0444,0.0,1600128000000
tank_0447,0.0,1600128000000
tank_0448,0.0,1600128000000
tank_0449,0.0,1600128000000
tank_0455,0.0,1600128000000
tank_0460,0.0,1600128000000
tank_0462,26.0,1600128000000
tank_0466,0.0,1600128000000
tank_0471,0.0,1600128000000
tank_0473,0.0,1600128000000
tank_0474,0.0,1600128000000
tank_0481,0.0,1600128000000
tank_0485,0.0,1600128000000
tank_0489,0.0,1600128000000
tank_0491,0.0,1600128000000
tank_0494,0.0,1600128000000
tank_0497,0.0,1600128000000
tank_0498,0.0,1600128000000
tank_0502,0.0,1600128000000
tank_0505,0.0,1600128000000
tank_0509,0.0,1600128000000
tank_0512,4.0,1600128000000
tank_0514,0.0,1600128000000
tank_0515,0.0,1600128000000
tank_0521,0.0,1600128000000
tank_0524,0.0,1600128000000
tank_0526,24.0,1600128000000
tank_0533,0.0,1600128000000
tank_0534,0.0,1600128000000
tank_0536,0.0,1600128000000
tank_0537,0.0,1600128000000
tank_0541,0.0,1600128000000
tank_0547,0.0,1600128000000
tank_0552,0.0,1600128000000
tank_0555,2.0,1600128000000
tank_0556,0.0,1600128000000
tank_0557,0.0,1600128000000
tank_0560,0.0,1600128000000
tank_0561,0.0,1600128000000
tank_0566,0.0,1600128000000
tank_0567,0.0,1600128000000
tank_0568,0.0,1600128000000
tank_0574,0.0,1600128000000
tank_0579,0.0,1600128000000
tank_0583,85.0,1600128000000
tank_0587,0.0,1600128000000
tank_0589,0.0,1600128000000
tank_0590,0.0,1600128000000
tank_0592,0.0,1600128000000
tank_0593,0.0,1600128000000
tank_0595,0.0,1600128000000
tank_0600,0.0,1600128000000
tank_0604,0.0,1600128000000
tank_0606,0.0,1600128000000
tank_0607,0.0,1600128000000
tank_0608,39.0,1600128000000
tank_0610,0.0,1600128000000
tank_0611,0.0,1600128000000
tank_0612,0.0,1600128000000
tank_0613,0.0,1600128000000
tank_0619,0.0,1600128000000
tank_0626,0.0,1600128000000
tank_0627,0.0,1600128000000
tank_0628,0.0,1600128000000
tank_0632,0.0,1600128000000
tank_0633,0.0,1600128000000
tank_0639,0.0,1600128000000
tank_0640,0.0,1600128000000
tank_0641,1.0,1600128000000
tank_0643,0.0,1600128000000
tank_0646,0.0,1600128000000
tank_0663,0.0,1600128000000
tank_0664,4.0,1600128000000
tank_0666,0.0,1600128000000
tank_0667,0.0,1600128000000
tank_0670,0.0,1600128000000
tank_0675,0.0,1600128000000
tank_0676,138.0,1600128000000
tank_0678,0.0,1600128000000
tank_0681,0.0,1600128000000
tank_0687,0.0,1600128000000
tank_0688,0.0,1600128000000
tank_0697,0.0,1600128000000
tank_0720,0.0,1600128000000
tank_0722,0.0,1600128000000
tank_0724,0.0,1600128000000
tank_0725,0.0,1600128000000
tank_0728,0.0,1600128000000
tank_0730,0.0,1600128000000
tank_0731,0.0,1600128000000
tank_0732,0.0,1600128000000
tank_0737,145.0,1600128000000
tank_0739,0.0,1600128000000
tank_0740,0.0,1600128000000
tank_0746,0.0,1600128000000
tank_0748,0.0,1600128000000
tank_0749,0.0,1600128000000
tank_0752,0.0,1600128000000
tank_0760,0.0,1600128000000
tank_0770,0.0,1600128000000
tank_0772,0.0,1600128000000
tank_0788,3.0,1600128000000
tank_0789,0.0,1600128000000
tank_0792,0.0,1600128000000
tank_0797,66.95294117647059,1600128000000
tank_0800,4.0,1600128000000
tank_0802,0.0,1600128000000
tank_0803,0.0,1600128000000
tank_0808,3.0,1600128000000
tank_0810,0.0,1600128000000
tank_0811,0.0,1600128000000
tank_0812,0.0,1600128000000
tank_0813,0.0,1600128000000
tank_0816,0.0,1600128000000
tank_0819,12.0,1600128000000
tank_0823,0.0,1600128000000
tank_0824,226.0,1600128000000
tank_0825,0.0,1600128000000
tank_0828,3.0,1600128000000
tank_0829,8.0,1600128000000
tank_0830,0.0,1600128000000
tank_0831,0.0,1600128000000
tank_0844,0.0,1600128000000
tank_0852,12.0,1600128000000
tank_0855,38.0,1600128000000
tank_0856,0.0,1600128000000
tank_0860,0.0,1600128000000
tank_0861,0.0,1600128000000
tank_0872,0.0,1600128000000
tank_0875,106.0,1600128000000
tank_0879,7.0,1600128000000
tank_0885,0.0,1600128000000
tank_0891,0.0,1600128000000
tank_0894,0.0,1600128000000
tank_0898,39.0,1600128000000
tank_0900,20.39607843137255,1600128000000
tank_0901,158.9843137254902,1600128000000
tank_0902,3.0,1600128000000
tank_0914,65.28627450980392,1600128000000
tank_0917,136.0,1600128000000
tank_0919,0.0,1600128000000
tank_0920,129.0,1600128000000
tank_0922,0.0,1600128000000
tank_0923,0.0,1600128000000
tank_0924,0.0,1600128000000
tank_0926,0.0,1600128000000
tank_0927,0.0,1600128000000
tank_0928,0.0,1600128000000
tank_0930,75.0,1600128000000
tank_0931,0.0,1600128000000
tank_0933,0.0,1600128000000
tank_0934,0.0,1600128000000
tank_0937,0.0,1600128000000
tank_0938,0.0,1600128000000
tank_0939,0.0,1600128000000
tank_0944,16.0,1600128000000
tank_0946,0.0,1600128000000
tank_0952,0.0,1600128000000
tank_0958,0.0,1600128000000
tank_0962,24.0,1600128000000
tank_0967,5.0,1600128000000
tank_0975,0.0,1600128000000
tank_0978,4.8274509803921575,1600128000000
tank_0990,0.0,1600128000000
tank_0991,0.0,1600128000000
tank_0998,0.0,1600128000000
tank_0999,0.0,1600128000000
tank_1003,267.0,1600128000000
tank_1004,0.0,1600128000000
tank_1014,28.0,1600128000000
tank_1026,180.0,1600128000000
tank_1031,13.0,1600128000000
tank_1032,0.0,1600128000000
tank_1034,0.0,1600128000000
tank_1042,35.89411764705882,1600128000000
tank_1045,0.0,1600128000000
tank_1049,31.0,1600128000000
tank_1055,2.447058823529412,1600128000000
tank_1061,11.0,1600128000000
tank_1062,0.0,1600128000000
tank_1064,0.0,1600128000000
tank_1065,1.0,1600128000000
tank_1066,0.0,1600128000000
tank_1070,4.0,1600128000000
tank_1073,18.0,1600128000000
tank_1083,46.0,1600128000000
tank_1086,0.0,1600128000000
tank_1088,0.0,1600128000000
tank_1089,12.0,1600128000000
tank_1090,0.0,1600128000000
tank_1091,0.6039215686274509,1600128000000
tank_1094,18.0,1600128000000
tank_1095,12.0,1600128000000
tank_1104,0.0,1600128000000
tank_1113,29.0,1600128000000
tank_1116,0.0,1600128000000
tank_1117,0.0,1600128000000
tank_1120,250.93725490196078,1600128000000
tank_1121,0.0,1600128000000
tank_1124,0.0,1600128000000
tank_1128,0.0,1600128000000
tank_1134,0.0,1600128000000
tank_1135,0.0,1600128000000
tank_1146,10.549019607843137,1600128000000
tank_1149,0.0,1600128000000
tank_1156,0.0,1600128000000
tank_1157,13.662745098039217,1600128000000
tank_1159,55.0,1600128000000
tank_1160,28.0,1600128000000
tank_1166,0.0,1600128000000
tank_1170,29.858823529411765,1600128000000
tank_1175,0.0,1600128000000
tank_1177,0.0,1600128000000
tank_1179,0.0,1600128000000
tank_1181,87.30588235294118,1600128000000
tank_1186,0.0,1600128000000
tank_1187,11.188235294117646,1600128000000
tank_1190,0.0,1600128000000
tank_1192,10.0,1600128000000
tank_1196,0.0,1600128000000
tank_1197,251.0,1600128000000
tank_1201,0.0,1600128000000
tank_1203,0.0,1600128000000
tank_1205,1.0,1600128000000
tank_1209,31.0,1600128000000
tank_1217,0.0,1600128000000
tank_1223,0.0,1600128000000
tank_1226,0.0,1600128000000
tank_1228,0.0,1600128000000
tank_1230,0.0,1600128000000
tank_1237,0.0,1600128000000
tank_1239,312.0,1600128000000
tank_1245,0.0,1600128000000
tank_1246,5.0,1600128000000
tank_1250,0.0,1600128000000
tank_1254,635.0,1600128000000
tank_1255,0.0,1600128000000
tank_1258,0.0,1600128000000
tank_1261,0.0,1600128000000
tank_1262,0.0,1600128000000
tank_1263,0.0,1600128000000
tank_1265,0.0,1600128000000
tank_1270,0.0,1600128000000
tank_1272,0.0,1600128000000
tank_1275,0.0,1600128000000
tank_1276,0.0,1600128000000
tank_1279,0.0,1600128000000
tank_1280,0.0,1600128000000
tank_1284,0.0,1600128000000
tank_1285,0.0,1600128000000
tank_1286,1.0,1600128000000
tank_1290,0.0,1600128000000
tank_1291,0.0,1600128000000
tank_1293,0.0,1600128000000
tank_1295,0.0,1600128000000
tank_1297,0.0,1600128000000
tank_1301,0.0,1600128000000
tank_1302,0.0,1600128000000
tank_1304,0.0,1600128000000
tank_1305,0.0,1600128000000
tank_1313,1.0,1600128000000
tank_1322,0.0,1600128000000
tank_1325,0.0,1600128000000
tank_1326,0.0,1600128000000
tank_1344,0.0,1600128000000
tank_1346,0.0,1600128000000
tank_1349,0.0,1600128000000
tank_1353,57.0,1600128000000
tank_1358,0.0,1600128000000
tank_1359,0.0,1600128000000
tank_1361,126.0,1600128000000
tank_1364,10.0,1600128000000
tank_1365,0.0,1600128000000
tank_1372,0.0,1600128000000
tank_1374,188.93333333333334,1600128000000
tank_1378,333.0,1600128000000
tank_1380,0.0,1600128000000
tank_1386,0.0,1600128000000
tank_1391,0.0,1600128000000
tank_1393,0.0,1600128000000
tank_1396,0.0,1600128000000
tank_1397,0.0,1600128000000
tank_1403,0.0,1600128000000
tank_1409,0.0,1600128000000
tank_1412,0.0,1600128000000
tank_1415,0.0,1600128000000
tank_1416,0.0,1600128000000
tank_1421,127.0,1600128000000
tank_1422,0.0,1600128000000
tank_1425,182.0,1600128000000
tank_1426,0.0,1600128000000
tank_1430,0.0,1600128000000
tank_1433,194.0,1600128000000
tank_1438,0.0,1600128000000
tank_1439,0.0,1600128000000
tank_1441,0.0,1600128000000
tank_1443,0.0,1600128000000
tank_1445,0.0,1600128000000
tank_1446,0.0,1600128000000
tank_1450,0.0,1600128000000
tank_1452,0.0,1600128000000
tank_1456,0.0,1600128000000
tank_1466,0.0,1600128000000
tank_1471,0.0,1600128000000
tank_1475,3.0,1600128000000
tank_1486,682.0,1600128000000
tank_1488,0.0,1600128000000
tank_1491,0.0,1600128000000
tank_1500,0.0,1600128000000
tank_1505,17.0,1600128000000
tank_1513,490.0,1600128000000
tank_1531,3.0,1600128000000
tank_1536,0.0,1600128000000
tank_1539,72.0,1600128000000
tank_1541,0.0,1600128000000
tank_1542,0.0,1600128000000
tank_1547,0.0,1600128000000
tank_1563,0.0,1600128000000
tank_1564,0.0,1600128000000
tank_1565,70.0,1600128000000
tank_1567,0.0,1600128000000
tank_1568,0.0,1600128000000
tank_1573,0.0,1600128000000
tank_1583,0.0,1600128000000
tank_1587,530.0,1600128000000
tank_1588,0.0,1600128000000
tank_1592,0.0,1600128000000
tank_1594,35.0,1600128000000
tank_1595,4.0,1600128000000
tank_1597,0.0,1600128000000
tank_1598,0.0,1600128000000
tank_1600,0.0,1600128000000
tank_1604,0.0,1600128000000
tank_0002,0.0,1601164800000
tank_0004,0.0,1601164800000
tank_0005,0.0,1601164800000
tank_0011,0.0,1601164800000
tank_0014,0.0,1601164800000
tank_0019,0.0,1601164800000
tank_0024,0.0,1601164800000
tank_0025,0.0,1601164800000
tank_0026,0.0,1601164800000
tank_0027,0.0,1601164800000
tank_0030,0.0,1601164800000
tank_0031,6.0,1601164800000
tank_0036,0.0,1601164800000
tank_0037,0.0,1601164800000
tank_0038,0.0,1601164800000
tank_0050,0.0,1601164800000
tank_0051,0.0,1601164800000
tank_0052,0.0,1601164800000
tank_0053,0.0,1601164800000
tank_0055,0.0,1601164800000
tank_0057,0.0,1601164800000
tank_0058,0.0,1601164800000
tank_0064,0.0,1601164800000
tank_0069,0.0,1601164800000
tank_0072,0.0,1601164800000
tank_0073,0.0,1601164800000
tank_0080,5.0,1601164800000
tank_0094,0.0,1601164800000
tank_0107,0.0,1601164800000
tank_0110,0.0,1601164800000
tank_0113,0.0,1601164800000
tank_0115,0.0,1601164800000
tank_0116,0.0,1601164800000
tank_0117,12.0,1601164800000
tank_0118,0.0,1601164800000
tank_0122,0.0,1601164800000
tank_0125,0.0,1601164800000
tank_0130,0.0,1601164800000
tank_0131,0.0,1601164800000
tank_0132,0.0,1601164800000
tank_0134,0.0,1601164800000
tank_0135,0.0,1601164800000
tank_0142,0.0,1601164800000
tank_0143,0.0,1601164800000
tank_0144,0.0,1601164800000
tank_0148,0.0,1601164800000
tank_0153,0.0,1601164800000
tank_0156,0.0,1601164800000
tank_0159,0.0,1601164800000
tank_0165,0.0,1601164800000
tank_0171,0.0,1601164800000
tank_0172,0.0,1601164800000
tank_0174,0.0,1601164800000
tank_0176,0.0,1601164800000
tank_0184,0.0,1601164800000
tank_0187,0.0,1601164800000
tank_0190,0.0,1601164800000
tank_0192,0.0,1601164800000
tank_0193,0.0,1601164800000
tank_0195,0.0,1601164800000
tank_0199,0.0,1601164800000
tank_0204,0.0,1601164800000
tank_0205,0.0,1601164800000
tank_0207,0.0,1601164800000
tank_0209,0.0,1601164800000
tank_0213,1.0,1601164800000
tank_0217,0.0,1601164800000
tank_0220,0.0,1601164800000
tank_0221,0.0,1601164800000
tank_0225,0.0,1601164800000
tank_0226,0.0,1601164800000
tank_0228,0.0,1601164800000
tank_0229,0.0,1601164800000
tank_0231,0.0,1601164800000
tank_0233,0.0,1601164800000
tank_0236,0.0,1601164800000
tank_0237,0.0,1601164800000
tank_0240,0.0,1601164800000
tank_0242,0.0,1601164800000
tank_0245,0.0,1601164800000
tank_0247,11.0,1601164800000
tank_0256,0.0,1601164800000
tank_0257,0.0,1601164800000
tank_0260,0.0,1601164800000
tank_0261,0.0,1601164800000
tank_0264,0.0,1601164800000
tank_0273,0.0,1601164800000
tank_0276,0.0,1601164800000
tank_0278,0.0,1601164800000
tank_0280,0.0,1601164800000
tank_0291,8.0,1601164800000
tank_0292,0.0,1601164800000
tank_0296,0.0,1601164800000
tank_0297,12.0,1601164800000
tank_0299,0.0,1601164800000
tank_0300,0.7215686274509804,1601164800000
tank_0301,0.0,1601164800000
tank_0307,0.0,1601164800000
tank_0309,0.0,1601164800000
tank_0313,0.0,1601164800000
tank_0314,0.0,1601164800000
tank_0319,0.0,1601164800000
tank_0321,0.0,1601164800000
tank_0327,0.0,1601164800000
tank_0337,0.0,1601164800000
tank_0338,0.0,1601164800000
tank_0339,0.0,1601164800000
tank_0342,0.0,1601164800000
tank_0345,0.0,1601164800000
tank_0346,0.0,1601164800000
tank_0349,30.0,1601164800000
tank_0350,0.0,1601164800000
tank_0353,0.0,1601164800000
tank_0356,0.0,1601164800000
tank_0360,0.0,1601164800000
tank_0361,0.0,1601164800000
tank_0362,0.0,1601164800000
tank_0364,0.0,1601164800000
tank_0366,0.0,1601164800000
tank_0369,0.0,1601164800000
tank_0375,0.0,1601164800000
tank_0379,0.0,1601164800000
tank_0381,0.0,1601164800000
tank_0386,0.0,1601164800000
tank_0390,0.0,1601164800000
tank_0397,0.0,1601164800000
tank_0399,0.0,1601164800000
tank_0404,0.0,1601164800000
tank_0409,0.0,1601164800000
tank_0420,0.0,1601164800000
tank_0425,0.0,1601164800000
tank_0431,0.0,1601164800000
tank_0432,0.0,1601164800000
tank_0435,0.0,1601164800000
tank_0436,0.0,1601164800000
tank_0438,0.0,1601164800000
tank_0443,0.0,1601164800000
tank_0444,0.0,1601164800000
tank_0447,0.0,1601164800000
tank_0448,0.0,1601164800000
tank_0449,0.0,1601164800000
tank_0455,0.0,1601164800000
tank_0460,0.0,1601164800000
tank_0462,9.0,1601164800000
tank_0466,0.0,1601164800000
tank_0471,0.0,1601164800000
tank_0473,0.0,1601164800000
tank_0474,0.0,1601164800000
tank_0481,0.0,1601164800000
tank_0485,0.0,1601164800000
tank_0489,0.0,1601164800000
tank_0491,0.0,1601164800000
tank_0494,0.0,1601164800000
tank_0497,0.0,1601164800000
tank_0498,0.0,1601164800000
tank_0502,0.0,1601164800000
tank_0505,0.0,1601164800000
tank_0509,0.0,1601164800000
tank_0512,12.0,1601164800000
tank_0514,0.0,1601164800000
tank_0515,0.0,1601164800000
tank_0521,0.0,1601164800000
tank_0524,0.0,1601164800000
tank_0526,38.0,1601164800000
tank_0533,0.0,1601164800000
tank_0534,0.0,1601164800000
tank_0536,0.0,1601164800000
tank_0537,0.0,1601164800000
tank_0541,0.0,1601164800000
tank_0547,0.0,1601164800000
tank_0552,0.0,1601164800000
tank_0555,0.0,1601164800000
tank_0556,0.0,1601164800000
tank_0557,0.0,1601164800000
tank_0560,0.0,1601164800000
tank_0561,0.0,1601164800000
tank_0566,0.0,1601164800000
tank_0567,0.0,1601164800000
tank_0568,0.0,1601164800000
tank_0574,0.0,1601164800000
tank_0579,0.0,1601164800000
tank_0583,45.0,1601164800000
tank_0587,0.0,1601164800000
tank_0589,0.0,1601164800000
tank_0590,0.0,1601164800000
tank_0592,0.0,1601164800000
tank_0593,0.0,1601164800000
tank_0595,0.0,1601164800000
tank_0600,0.0,1601164800000
tank_0604,0.0,1601164800000
tank_0606,0.0,1601164800000
tank_0607,0.0,1601164800000
tank_0608,10.0,1601164800000
tank_0610,0.0,1601164800000
tank_0611,0.0,1601164800000
tank_0612,0.0,1601164800000
tank_0613,0.0,1601164800000
tank_0619,0.0,1601164800000
tank_0626,0.0,1601164800000
tank_0627,0.0,1601164800000
tank_0628,0.0,1601164800000
tank_0632,0.0,1601164800000
tank_0633,0.0,1601164800000
tank_0639,0.0,1601164800000
tank_0640,0.0,1601164800000
tank_0641,0.0,1601164800000
tank_0643,0.0,1601164800000
tank_0646,0.0,1601164800000
tank_0663,0.0,1601164800000
tank_0664,0.0,1601164800000
tank_0666,0.0,1601164800000
tank_0667,0.0,1601164800000
tank_0670,0.0,1601164800000
tank_0675,0.0,1601164800000
tank_0676,8.0,1601164800000
tank_0678,0.0,1601164800000
tank_0681,0.0,1601164800000
tank_0687,0.0,1601164800000
tank_0688,0.0,1601164800000
tank_0697,0.0,1601164800000
tank_0720,0.0,1601164800000
tank_0722,0.0,1601164800000
tank_0724,0.0,1601164800000
tank_0725,0.0,1601164800000
tank_0728,0.0,1601164800000
tank_0730,0.0,1601164800000
tank_0731,4.0,1601164800000
tank_0732,0.0,1601164800000
tank_0737,16.0,1601164800000
tank_0739,0.0,1601164800000
tank_0740,0.0,1601164800000
tank_0746,0.0,1601164800000
tank_0748,0.0,1601164800000
tank_0749,0.0,1601164800000
tank_0752,0.0,1601164800000
tank_0760,0.0,1601164800000
tank_0770,0.0,1601164800000
tank_0772,0.0,1601164800000
tank_0788,0.0,1601164800000
tank_0789,0.0,1601164800000
tank_0792,0.0,1601164800000
tank_0797,59.0,1601164800000
tank_0800,1.0,1601164800000
tank_0802,0.0,1601164800000
tank_0803,0.0,1601164800000
tank_0808,0.0,1601164800000
tank_0810,0.0,1601164800000
tank_0811,0.0,1601164800000
tank_0812,0.0,1601164800000
tank_0813,1.8,1601164800000
tank_0816,0.0,1601164800000
tank_0819,10.0,1601164800000
tank_0823,0.0,1601164800000
tank_0824,345.0,1601164800000
tank_0825,0.0,1601164800000
tank_0828,4.0,1601164800000
tank_0829,18.984313725490196,1601164800000
tank_0830,0.0,1601164800000
tank_0831,0.0,1601164800000
tank_0844,0.0,1601164800000
tank_0852,10.0,1601164800000
tank_0855,45.0,1601164800000
tank_0856,126.0,1601164800000
tank_0860,0.0,1601164800000
tank_0861,0.0,1601164800000
tank_0872,0.0,1601164800000
tank_0875,130.0,1601164800000
tank_0879,3.0,1601164800000
tank_0885,0.0,1601164800000
tank_0891,0.0,1601164800000
tank_0894,82.0,1601164800000
tank_0898,257.0,1601164800000
tank_0900,36.44313725490196,1601164800000
tank_0901,138.64705882352942,1601164800000
tank_0902,7.0,1601164800000
tank_0914,63.984313725490196,1601164800000
tank_0917,383.0,1601164800000
tank_0919,0.0,1601164800000
tank_0920,111.97254901960784,1601164800000
tank_0922,0.0,1601164800000
tank_0923,0.0,1601164800000
tank_0924,0.0,1601164800000
tank_0926,0.0,1601164800000
tank_0927,0.0,1601164800000
tank_0928,0.0,1601164800000
tank_0930,50.0,1601164800000
tank_0931,0.0,1601164800000
tank_0933,0.0,1601164800000
tank_0934,0.0,1601164800000
tank_0937,0.0,1601164800000
tank_0938,0.0,1601164800000
tank_0939,0.0,1601164800000
tank_0944,21.0,1601164800000
tank_0946,0.0,1601164800000
tank_0952,13.0,1601164800000
tank_0958,0.0,1601164800000
tank_0962,166.0,1601164800000
tank_0967,4.0,1601164800000
tank_0975,0.0,1601164800000
tank_0978,0.0,1601164800000
tank_0990,0.0,1601164800000
tank_0991,6.0,1601164800000
tank_0998,0.0,1601164800000
tank_0999,0.0,1601164800000
tank_1003,331.0,1601164800000
tank_1004,0.0,1601164800000
tank_1014,113.0,1601164800000
tank_1026,152.99607843137255,1601164800000
tank_1031,17.0,1601164800000
tank_1032,0.0,1601164800000
tank_1034,0.0,1601164800000
tank_1042,8.0,1601164800000
tank_1045,14.0,1601164800000
tank_1049,35.0,1601164800000
tank_1055,5.247058823529411,1601164800000
tank_1061,23.976470588235294,1601164800000
tank_1062,0.0,1601164800000
tank_1064,0.0,1601164800000
tank_1065,4.423529411764706,1601164800000
tank_1066,0.0,1601164800000
tank_1070,0.0,1601164800000
tank_1073,44.0,1601164800000
tank_1083,158.0,1601164800000
tank_1086,0.0,1601164800000
tank_1088,0.0,1601164800000
tank_1089,12.0,1601164800000
tank_1090,5.0,1601164800000
tank_1091,0.0,1601164800000
tank_1094,117.0,1601164800000
tank_1095,18.00392156862745,1601164800000
tank_1104,0.0,1601164800000
tank_1113,35.0,1601164800000
tank_1116,0.0,1601164800000
tank_1117,0.0,1601164800000
tank_1120,299.678431372549,1601164800000
tank_1121,17.0,1601164800000
tank_1124,21.88235294117647,1601164800000
tank_1128,0.0,1601164800000
tank_1134,0.0,1601164800000
tank_1135,0.0,1601164800000
tank_1146,13.549019607843137,1601164800000
tank_1149,0.0,1601164800000
tank_1156,0.0,1601164800000
tank_1157,20.94509803921569,1601164800000
tank_1159,151.0,1601164800000
tank_1160,232.0,1601164800000
tank_1166,0.0,1601164800000
tank_1170,17.87450980392157,1601164800000
tank_1175,0.0,1601164800000
tank_1177,0.0,1601164800000
tank_1179,0.0,1601164800000
tank_1181,122.65098039215685,1601164800000
tank_1186,0.0,1601164800000
tank_1187,10.254901960784315,1601164800000
tank_1190,0.0,1601164800000
tank_1192,25.0,1601164800000
tank_1196,0.0,1601164800000
tank_1197,1210.0,1601164800000
tank_1201,0.0,1601164800000
tank_1203,0.0,1601164800000
tank_1205,89.0,1601164800000
tank_1209,137.0,1601164800000
tank_1217,0.0,1601164800000
tank_1223,0.0,1601164800000
tank_1226,0.0,1601164800000
tank_1228,12.0,1601164800000
tank_1230,0.0,1601164800000
tank_1237,0.0,1601164800000
tank_1239,299.0,1601164800000
tank_1245,0.0,1601164800000
tank_1246,3.0,1601164800000
tank_1250,0.0,1601164800000
tank_1254,95.0,1601164800000
tank_1255,0.0,1601164800000
tank_1258,0.0,1601164800000
tank_1261,0.0,1601164800000
tank_1262,0.0,1601164800000
tank_1263,0.0,1601164800000
tank_1265,0.0,1601164800000
tank_1270,0.0,1601164800000
tank_1272,0.0,1601164800000
tank_1275,0.0,1601164800000
tank_1276,1.0,1601164800000
tank_1279,0.0,1601164800000
tank_1280,0.0,1601164800000
tank_1284,0.0,1601164800000
tank_1285,0.0,1601164800000
tank_1286,15.0,1601164800000
tank_1290,0.0,1601164800000
tank_1291,0.0,1601164800000
tank_1293,0.0,1601164800000
tank_1295,0.0,1601164800000
tank_1297,0.0,1601164800000
tank_1301,0.0,1601164800000
tank_1302,0.0,1601164800000
tank_1304,0.0,1601164800000
tank_1305,0.0,1601164800000
tank_1313,37.0,1601164800000
tank_1322,0.0,1601164800000
tank_1325,0.0,1601164800000
tank_1326,0.0,1601164800000
tank_1344,0.0,1601164800000
tank_1346,0.0,1601164800000
tank_1349,0.0,1601164800000
tank_1353,186.0,1601164800000
tank_1358,0.0,1601164800000
tank_1359,0.0,1601164800000
tank_1361,72.0,1601164800000
tank_1364,255.0,1601164800000
tank_1365,0.0,1601164800000
tank_1372,0.0,1601164800000
tank_1374,112.0,1601164800000
tank_1378,358.0,1601164800000
tank_1380,11.0,1601164800000
tank_1386,18.0,1601164800000
tank_1391,1.0,1601164800000
tank_1393,0.0,1601164800000
tank_1396,0.0,1601164800000
tank_1397,0.0,1601164800000
tank_1403,0.0,1601164800000
tank_1409,0.0,1601164800000
tank_1412,0.0,1601164800000
tank_1415,0.0,1601164800000
tank_1416,0.0,1601164800000
tank_1421,147.0,1601164800000
tank_1422,0.0,1601164800000
tank_1425,267.0,1601164800000
tank_1426,4.0,1601164800000
tank_1430,0.0,1601164800000
tank_1433,151.0,1601164800000
tank_1438,0.0,1601164800000
tank_1439,0.0,1601164800000
tank_1441,0.0,1601164800000
tank_1443,0.0,1601164800000
tank_1445,0.0,1601164800000
tank_1446,0.0,1601164800000
tank_1450,0.0,1601164800000
tank_1452,0.0,1601164800000
tank_1456,0.0,1601164800000
tank_1466,0.0,1601164800000
tank_1471,0.0,1601164800000
tank_1475,0.0,1601164800000
tank_1486,1088.0,1601164800000
tank_1488,0.0,1601164800000
tank_1491,0.0,1601164800000
tank_1500,7.0,1601164800000
tank_1505,21.0,1601164800000
tank_1513,735.0,1601164800000
tank_1531,0.0,1601164800000
tank_1536,0.0,1601164800000
tank_1539,141.0,1601164800000
tank_1541,0.0,1601164800000
tank_1542,0.0,1601164800000
tank_1547,54.0,1601164800000
tank_1563,0.0,1601164800000
tank_1564,0.0,1601164800000
tank_1565,140.0,1601164800000
tank_1567,0.0,1601164800000
tank_1568,0.0,1601164800000
tank_1573,0.0,1601164800000
tank_1583,0.0,1601164800000
tank_1587,538.0,1601164800000
tank_1588,0.0,1601164800000
tank_1592,0.0,1601164800000
tank_1594,42.0,1601164800000
tank_1595,4.0,1601164800000
tank_1597,121.53333333333333,1601164800000
tank_1598,0.0,1601164800000
tank_1600,0.0,1601164800000
tank_1604,0.0,1601164800000
tank_0002,0.0,1602201600000
tank_0004,0.0,1602201600000
tank_0005,0.0,1602201600000
tank_0011,0.0,1602201600000
tank_0014,0.0,1602201600000
tank_0019,0.0,1602201600000
tank_0024,0.0,1602201600000
tank_0025,0.0,1602201600000
tank_0026,0.0,1602201600000
tank_0027,2.0,1602201600000
tank_0030,0.0,1602201600000
tank_0031,5.0,1602201600000
tank_0036,0.0,1602201600000
tank_0037,0.0,1602201600000
tank_0038,0.0,1602201600000
tank_0050,0.0,1602201600000
tank_0051,0.0,1602201600000
tank_0052,0.0,1602201600000
tank_0053,0.8509803921568627,1602201600000
tank_0055,0.0,1602201600000
tank_0057,0.0,1602201600000
tank_0058,0.0,1602201600000
tank_0064,0.0,1602201600000
tank_0069,0.0,1602201600000
tank_0072,0.0,1602201600000
tank_0073,0.0,1602201600000
tank_0080,12.0,1602201600000
tank_0094,0.37254901960784315,1602201600000
tank_0107,0.0,1602201600000
tank_0110,0.0,1602201600000
tank_0113,4.686274509803922,1602201600000
tank_0115,0.0,1602201600000
tank_0116,0.0,1602201600000
tank_0117,29.0,1602201600000
tank_0118,0.0,1602201600000
tank_0122,0.0,1602201600000
tank_0125,0.0,1602201600000
tank_0130,0.0,1602201600000
tank_0131,0.0,1602201600000
tank_0132,0.0,1602201600000
tank_0134,0.0,1602201600000
tank_0135,0.0,1602201600000
tank_0142,0.0,1602201600000
tank_0143,0.0,1602201600000
tank_0144,0.0,1602201600000
tank_0148,0.0,1602201600000
tank_0153,0.0,1602201600000
tank_0156,0.0,1602201600000
tank_0159,0.0,1602201600000
tank_0165,0.0,1602201600000
tank_0171,0.0,1602201600000
tank_0172,0.0,1602201600000
tank_0174,0.0,1602201600000
tank_0176,0.0,1602201600000
tank_0184,0.0,1602201600000
tank_0187,0.0,1602201600000
tank_0190,0.37254901960784315,1602201600000
tank_0192,0.0,1602201600000
tank_0193,0.0,1602201600000
tank_0195,0.0,1602201600000
tank_0199,0.0,1602201600000
tank_0204,0.0,1602201600000
tank_0205,0.0,1602201600000
tank_0207,0.0,1602201600000
tank_0209,0.0,1602201600000
tank_0213,2.0,1602201600000
tank_0217,0.0,1602201600000
tank_0220,0.0,1602201600000
tank_0221,0.0,1602201600000
tank_0225,0.0,1602201600000
tank_0226,0.0,1602201600000
tank_0228,0.0,1602201600000
tank_0229,0.0,1602201600000
tank_0231,0.0,1602201600000
tank_0233,0.0,1602201600000
tank_0236,1.6784313725490196,1602201600000
tank_0237,0.0,1602201600000
tank_0240,0.0,1602201600000
tank_0242,0.0,1602201600000
tank_0245,0.0,1602201600000
tank_0247,23.0,1602201600000
tank_0256,0.0,1602201600000
tank_0257,0.0,1602201600000
tank_0260,0.0,1602201600000
tank_0261,0.0,1602201600000
tank_0264,0.0,1602201600000
tank_0273,0.0,1602201600000
tank_0276,0.0,1602201600000
tank_0278,0.0,1602201600000
tank_0280,0.0,1602201600000
tank_0291,2.0,1602201600000
tank_0292,6.0,1602201600000
tank_0296,0.0,1602201600000
tank_0297,5.0,1602201600000
tank_0299,0.0,1602201600000
tank_0300,0.0,1602201600000
tank_0301,0.0,1602201600000
tank_0307,0.0,1602201600000
tank_0309,0.0,1602201600000
tank_0313,0.0,1602201600000
tank_0314,0.0,1602201600000
tank_0319,0.0,1602201600000
tank_0321,0.0,1602201600000
tank_0327,0.0,1602201600000
tank_0337,0.0,1602201600000
tank_0338,0.0,1602201600000
tank_0339,0.0,1602201600000
tank_0342,0.0,1602201600000
tank_0345,0.0,1602201600000
tank_0346,0.0,1602201600000
tank_0349,25.0,1602201600000
tank_0350,0.4980392156862745,1602201600000
tank_0353,2.0,1602201600000
tank_0356,0.0,1602201600000
tank_0360,0.0,1602201600000
tank_0361,0.0,1602201600000
tank_0362,0.0,1602201600000
tank_0364,0.0,1602201600000
tank_0366,10.0,1602201600000
tank_0369,0.0,1602201600000
tank_0375,0.0,1602201600000
tank_0379,0.996078431372549,1602201600000
tank_0381,0.0,1602201600000
tank_0386,0.0,1602201600000
tank_0390,0.0,1602201600000
tank_0397,0.0,1602201600000
tank_0399,0.0,1602201600000
tank_0404,2.9568627450980394,1602201600000
tank_0409,0.0,1602201600000
tank_0420,0.0,1602201600000
tank_0425,0.0,1602201600000
tank_0431,0.0,1602201600000
tank_0432,0.0,1602201600000
tank_0435,0.0,1602201600000
tank_0436,0.0,1602201600000
tank_0438,0.0,1602201600000
tank_0443,0.0,1602201600000
tank_0444,0.0,1602201600000
tank_0447,0.0,1602201600000
tank_0448,2.0,1602201600000
tank_0449,0.0,1602201600000
tank_0455,0.0,1602201600000
tank_0460,0.0,1602201600000
tank_0462,15.0,1602201600000
tank_0466,0.0,1602201600000
tank_0471,0.0,1602201600000
tank_0473,0.0,1602201600000
tank_0474,0.0,1602201600000
tank_0481,0.00784313725490196,1602201600000
tank_0485,0.0,1602201600000
tank_0489,0.0,1602201600000
tank_0491,0.0,1602201600000
tank_0494,0.0,1602201600000
tank_0497,0.0,1602201600000
tank_0498,0.0,1602201600000
tank_0502,0.0,1602201600000
tank_0505,0.0,1602201600000
tank_0509,0.0,1602201600000
tank_0512,16.0,1602201600000
tank_0514,0.0,1602201600000
tank_0515,0.0,1602201600000
tank_0521,0.0,1602201600000
tank_0524,0.0,1602201600000
tank_0526,56.0,1602201600000
tank_0533,0.0,1602201600000
tank_0534,0.0,1602201600000
tank_0536,0.0,1602201600000
tank_0537,0.0,1602201600000
tank_0541,0.0,1602201600000
tank_0547,0.0,1602201600000
tank_0552,0.0,1602201600000
tank_0555,0.0,1602201600000
tank_0556,0.0,1602201600000
tank_0557,0.0,1602201600000
tank_0560,0.0,1602201600000
tank_0561,0.0,1602201600000
tank_0566,0.0,1602201600000
tank_0567,0.0,1602201600000
tank_0568,13.847058823529412,1602201600000
tank_0574,0.0,1602201600000
tank_0579,0.0,1602201600000
tank_0583,99.0,1602201600000
tank_0587,0.0,1602201600000
tank_0589,0.0,1602201600000
tank_0590,0.0,1602201600000
tank_0592,0.0,1602201600000
tank_0593,0.0,1602201600000
tank_0595,0.0,1602201600000
tank_0600,0.0,1602201600000
tank_0604,0.0,1602201600000
tank_0606,0.0,1602201600000
tank_0607,0.0,1602201600000
tank_0608,274.0,1602201600000
tank_0610,0.0,1602201600000
tank_0611,0.0,1602201600000
tank_0612,0.0,1602201600000
tank_0613,0.0,1602201600000
tank_0619,0.0,1602201600000
tank_0626,0.0,1602201600000
tank_0627,0.0,1602201600000
tank_0628,0.0,1602201600000
tank_0632,0.0,1602201600000
tank_0633,0.0,1602201600000
tank_0639,0.0,1602201600000
tank_0640,0.0,1602201600000
tank_0641,0.0,1602201600000
tank_0643,0.0,1602201600000
tank_0646,0.0,1602201600000
tank_0663,2.0,1602201600000
tank_0664,0.0,1602201600000
tank_0666,0.0,1602201600000
tank_0667,0.0,1602201600000
tank_0670,0.0,1602201600000
tank_0675,0.0,1602201600000
tank_0676,126.0,1602201600000
tank_0678,0.0,1602201600000
tank_0681,0.0,1602201600000
tank_0687,0.0,1602201600000
tank_0688,0.0,1602201600000
tank_0697,0.0,1602201600000
tank_0720,0.0,1602201600000
tank_0722,0.0,1602201600000
tank_0724,0.0,1602201600000
tank_0725,0.0,1602201600000
tank_0728,0.5764705882352941,1602201600000
tank_0730,0.0,1602201600000
tank_0731,364.0,1602201600000
tank_0732,0.0,1602201600000
tank_0737,176.0,1602201600000
tank_0739,0.0,1602201600000
tank_0740,0.0,1602201600000
tank_0746,0.0,1602201600000
tank_0748,0.0,1602201600000
tank_0749,0.0,1602201600000
tank_0752,0.0,1602201600000
tank_0760,0.0,1602201600000
tank_0770,0.0,1602201600000
tank_0772,0.0,1602201600000
tank_0788,0.0,1602201600000
tank_0789,0.0,1602201600000
tank_0792,0.0,1602201600000
tank_0797,35.95294117647059,1602201600000
tank_0800,0.0,1602201600000
tank_0802,0.0,1602201600000
tank_0803,0.0,1602201600000
tank_0808,2.070588235294118,1602201600000
tank_0810,0.0,1602201600000
tank_0811,2.32156862745098,1602201600000
tank_0812,0.0,1602201600000
tank_0813,0.2196078431372549,1602201600000
tank_0816,0.0,1602201600000
tank_0819,9.0,1602201600000
tank_0823,0.0,1602201600000
tank_0824,644.0,1602201600000
tank_0825,0.0,1602201600000
tank_0828,0.0,1602201600000
tank_0829,42.984313725490196,1602201600000
tank_0830,0.0,1602201600000
tank_0831,0.0,1602201600000
tank_0844,0.0,1602201600000
tank_0852,14.0,1602201600000
tank_0855,59.0,1602201600000
tank_0856,250.0,1602201600000
tank_0860,0.0,1602201600000
tank_0861,0.0,1602201600000
tank_0872,0.0,1602201600000
tank_0875,157.4392156862745,1602201600000
tank_0879,12.0,1602201600000
tank_0885,0.0,1602201600000
tank_0891,0.0,1602201600000
tank_0894,526.0,1602201600000
tank_0898,307.0,1602201600000
tank_0900,35.0,1602201600000
tank_0901,154.64705882352942,1602201600000
tank_0902,80.0,1602201600000
tank_0914,61.984313725490196,1602201600000
tank_0917,552.0,1602201600000
tank_0919,0.0,1602201600000
tank_0920,128.0,1602201600000
tank_0922,0.0,1602201600000
tank_0923,0.0,1602201600000
tank_0924,0.0,1602201600000
tank_0926,0.0,1602201600000
tank_0927,0.0,1602201600000
tank_0928,0.0,1602201600000
tank_0930,116.0,1602201600000
tank_0931,5.0,1602201600000
tank_0933,0.0,1602201600000
tank_0934,0.0,1602201600000
tank_0937,0.0,1602201600000
tank_0938,0.0,1602201600000
tank_0939,0.0,1602201600000
tank_0944,34.0,1602201600000
tank_0946,0.0,1602201600000
tank_0952,24.0,1602201600000
tank_0958,0.0,1602201600000
tank_0962,979.0,1602201600000
tank_0967,2.0,1602201600000
tank_0975,0.0,1602201600000
tank_0978,0.0,1602201600000
tank_0990,0.0,1602201600000
tank_0991,61.0,1602201600000
tank_0998,0.0,1602201600000
tank_0999,0.0,1602201600000
tank_1003,652.0,1602201600000
tank_1004,0.0,1602201600000
tank_1014,196.0,1602201600000
tank_1026,271.8627450980392,1602201600000
tank_1031,28.0,1602201600000
tank_1032,0.0,1602201600000
tank_1034,0.0,1602201600000
tank_1042,31.898039215686275,1602201600000
tank_1045,26.0,1602201600000
tank_1049,77.0,1602201600000
tank_1055,6.662745098039215,1602201600000
tank_1061,25.0,1602201600000
tank_1062,0.0,1602201600000
tank_1064,1.0,1602201600000
tank_1065,1.0,1602201600000
tank_1066,0.0,1602201600000
tank_1070,33.0,1602201600000
tank_1073,75.0,1602201600000
tank_1083,231.83529411764707,1602201600000
tank_1086,0.0,1602201600000
tank_1088,12.196078431372548,1602201600000
tank_1089,18.0,1602201600000
tank_1090,12.0,1602201600000
tank_1091,0.0,1602201600000
tank_1094,727.0,1602201600000
tank_1095,16.0,1602201600000
tank_1104,0.0,1602201600000
tank_1113,42.0,1602201600000
tank_1116,0.0,1602201600000
tank_1117,0.0,1602201600000
tank_1120,301.98823529411766,1602201600000
tank_1121,219.0,1602201600000
tank_1124,17.96470588235294,1602201600000
tank_1128,0.0,1602201600000
tank_1134,2.643137254901961,1602201600000
tank_1135,0.0,1602201600000
tank_1146,24.0,1602201600000
tank_1149,0.0,1602201600000
tank_1156,0.0,1602201600000
tank_1157,31.40392156862745,1602201600000
tank_1159,189.0,1602201600000
tank_1160,517.0,1602201600000
tank_1166,0.0,1602201600000
tank_1170,18.49411764705882,1602201600000
tank_1175,0.0,1602201600000
tank_1177,0.0,1602201600000
tank_1179,0.0,1602201600000
tank_1181,143.0,1602201600000
tank_1186,0.0,1602201600000
tank_1187,2.1803921568627453,1602201600000
tank_1190,0.0,1602201600000
tank_1192,31.725490196078432,1602201600000
tank_1196,0.0,1602201600000
tank_1197,1546.0,1602201600000
tank_1201,0.0,1602201600000
tank_1203,0.0,1602201600000
tank_1205,195.0,1602201600000
tank_1209,804.0,1602201600000
tank_1217,0.0,1602201600000
tank_1223,0.0,1602201600000
tank_1226,0.0,1602201600000
tank_1228,20.0,1602201600000
tank_1230,0.0,1602201600000
tank_1237,0.0,1602201600000
tank_1239,677.9921568627451,1602201600000
tank_1245,0.0,1602201600000
tank_1246,4.0,1602201600000
tank_1250,0.0,1602201600000
tank_1254,826.0,1602201600000
tank_1255,0.0,1602201600000
tank_1258,18.0,1602201600000
tank_1261,0.0,1602201600000
tank_1262,0.0,1602201600000
tank_1263,0.0,1602201600000
tank_1265,0.0,1602201600000
tank_1270,0.0,1602201600000
tank_1272,0.0,1602201600000
tank_1275,0.0,1602201600000
tank_1276,28.0,1602201600000
tank_1279,0.0,1602201600000
tank_1280,0.0,1602201600000
tank_1284,0.0,1602201600000
tank_1285,0.0,1602201600000
tank_1286,11.0,1602201600000
tank_1290,0.0,1602201600000
tank_1291,0.0,1602201600000
tank_1293,0.0,1602201600000
tank_1295,0.0,1602201600000
tank_1297,0.0,1602201600000
tank_1301,0.0,1602201600000
tank_1302,12.0,1602201600000
tank_1304,0.0,1602201600000
tank_1305,0.0,1602201600000
tank_1313,238.0,1602201600000
tank_1322,0.0,1602201600000
tank_1325,0.0,1602201600000
tank_1326,0.0,1602201600000
tank_1344,0.0,1602201600000
tank_1346,0.0,1602201600000
tank_1349,0.0,1602201600000
tank_1353,378.0,1602201600000
tank_1358,0.0,1602201600000
tank_1359,0.0,1602201600000
tank_1361,278.0,1602201600000
tank_1364,878.0,1602201600000
tank_1365,0.0,1602201600000
tank_1372,0.0,1602201600000
tank_1374,256.0,1602201600000
tank_1378,479.0,1602201600000
tank_1380,75.0,1602201600000
tank_1386,103.0,1602201600000
tank_1391,17.0,1602201600000
tank_1393,0.0,1602201600000
tank_1396,0.0,1602201600000
tank_1397,0.0,1602201600000
tank_1403,6.0,1602201600000
tank_1409,0.0,1602201600000
tank_1412,0.0,1602201600000
tank_1415,0.0,1602201600000
tank_1416,6.980392156862745,1602201600000
tank_1421,188.0,1602201600000
tank_1422,0.0,1602201600000
tank_1425,466.9372549019608,1602201600000
tank_1426,0.0,1602201600000
tank_1430,0.0,1602201600000
tank_1433,241.0,1602201600000
tank_1438,0.0,1602201600000
tank_1439,0.0,1602201600000
tank_1441,0.0,1602201600000
tank_1443,0.0,1602201600000
tank_1445,10.0,1602201600000
tank_1446,0.0,1602201600000
tank_1450,0.0,1602201600000
tank_1452,0.0,1602201600000
tank_1456,0.0,1602201600000
tank_1466,0.0,1602201600000
tank_1471,0.0,1602201600000
tank_1475,246.0,1602201600000
tank_1486,979.0,1602201600000
tank_1488,3.0,1602201600000
tank_1491,0.0,1602201600000
tank_1500,5.0,1602201600000
tank_1505,426.0,1602201600000
tank_1513,605.0,1602201600000
tank_1531,53.0,1602201600000
tank_1536,0.0,1602201600000
tank_1539,228.0,1602201600000
tank_1541,8.0,1602201600000
tank_1542,0.0,1602201600000
tank_1547,81.0,1602201600000
tank_1563,4.0,1602201600000
tank_1564,0.0,1602201600000
tank_1565,724.0,1602201600000
tank_1567,23.56470588235294,1602201600000
tank_1568,0.0,1602201600000
tank_1573,0.0,1602201600000
tank_1583,0.0,1602201600000
tank_1587,859.0,1602201600000
tank_1588,0.0,1602201600000
tank_1592,0.0,1602201600000
tank_1594,76.0,1602201600000
tank_1595,33.7921568627451,1602201600000
tank_1597,154.6,1602201600000
tank_1598,0.0,1602201600000
tank_1600,0.0,1602201600000
tank_1604,0.0,1602201600000
tank_0002,0.0,1603238400000
tank_0004,0.0,1603238400000
tank_0005,0.0,1603238400000
tank_0011,0.0,1603238400000
tank_0014,0.0,1603238400000
tank_0019,0.0,1603238400000
tank_0024,0.0,1603238400000
tank_0025,0.0,1603238400000
tank_0026,0.0,1603238400000
tank_0027,0.0,1603238400000
tank_0030,0.0,1603238400000
tank_0031,4.0,1603238400000
tank_0036,0.0,1603238400000
tank_0037,0.0,1603238400000
tank_0038,0.0,1603238400000
tank_0050,0.0,1603238400000
tank_0051,0.0,1603238400000
tank_0052,0.0,1603238400000
tank_0053,0.0,1603238400000
tank_0055,0.0,1603238400000
tank_0057,0.0,1603238400000
tank_0058,0.0,1603238400000
tank_0064,0.0,1603238400000
tank_0069,0.0,1603238400000
tank_0072,0.0,1603238400000
tank_0073,0.0,1603238400000
tank_0080,10.0,1603238400000
tank_0094,0.0,1603238400000
tank_0107,0.0,1603238400000
tank_0110,0.0,1603238400000
tank_0113,0.0,1603238400000
tank_0115,0.0,1603238400000
tank_0116,0.0,1603238400000
tank_0117,15.0,1603238400000
tank_0118,0.0,1603238400000
tank_0122,0.0,1603238400000
tank_0125,0.0,1603238400000
tank_0130,0.0,1603238400000
tank_0131,0.0,1603238400000
tank_0132,0.0,1603238400000
tank_0134,0.0,1603238400000
tank_0135,0.0,1603238400000
tank_0142,0.0,1603238400000
tank_0143,0.0,1603238400000
tank_0144,0.0,1603238400000
tank_0148,0.0,1603238400000
tank_0153,0.0,1603238400000
tank_0156,0.0,1603238400000
tank_0159,0.0,1603238400000
tank_0165,0.0,1603238400000
tank_0171,0.0,1603238400000
tank_0172,0.0,1603238400000
tank_0174,0.0,1603238400000
tank_0176,0.0,1603238400000
tank_0184,0.0,1603238400000
tank_0187,0.0,1603238400000
tank_0190,0.0,1603238400000
tank_0192,0.0,1603238400000
tank_0193,0.0,1603238400000
tank_0195,0.0,1603238400000
tank_0199,0.0,1603238400000
tank_0204,0.0,1603238400000
tank_0205,0.0,1603238400000
tank_0207,0.0,1603238400000
tank_0209,0.0,1603238400000
tank_0213,0.0,1603238400000
tank_0217,0.0,1603238400000
tank_0220,0.0,1603238400000
tank_0221,0.0,1603238400000
tank_0225,0.0,1603238400000
tank_0226,0.0,1603238400000
tank_0228,0.0,1603238400000
tank_0229,0.0,1603238400000
tank_0231,0.0,1603238400000
tank_0233,0.0,1603238400000
tank_0236,0.0,1603238400000
tank_0237,0.0,1603238400000
tank_0240,0.0,1603238400000
tank_0242,0.0,1603238400000
tank_0245,0.0,1603238400000
tank_0247,2.0,1603238400000
tank_0256,0.0,1603238400000
tank_0257,0.0,1603238400000
tank_0260,0.0,1603238400000
tank_0261,0.0,1603238400000
tank_0264,0.0,1603238400000
tank_0273,0.0,1603238400000
tank_0276,0.0,1603238400000
tank_0278,0.0,1603238400000
tank_0280,0.0,1603238400000
tank_0291,0.0,1603238400000
tank_0292,0.0,1603238400000
tank_0296,0.0,1603238400000
tank_0297,6.0,1603238400000
tank_0299,0.0,1603238400000
tank_0300,0.0,1603238400000
tank_0301,0.0,1603238400000
tank_0307,0.0,1603238400000
tank_0309,0.0,1603238400000
tank_0313,0.0,1603238400000
tank_0314,0.0,1603238400000
tank_0319,0.0,1603238400000
tank_0321,0.0,1603238400000
tank_0327,0.0,1603238400000
tank_0337,0.0,1603238400000
tank_0338,0.0,1603238400000
tank_0339,0.0,1603238400000
tank_0342,0.0,1603238400000
tank_0345,0.0,1603238400000
tank_0346,0.0,1603238400000
tank_0349,5.0,1603238400000
tank_0350,0.0,1603238400000
tank_0353,0.0,1603238400000
tank_0356,0.0,1603238400000
tank_0360,0.0,1603238400000
tank_0361,0.0,1603238400000
tank_0362,0.0,1603238400000
tank_0364,0.0,1603238400000
tank_0366,0.0,1603238400000
tank_0369,0.0,1603238400000
tank_0375,0.0,1603238400000
tank_0379,0.0,1603238400000
tank_0381,0.0,1603238400000
tank_0386,7.0,1603238400000
tank_0390,0.0,1603238400000
tank_0397,0.0,1603238400000
tank_0399,0.0,1603238400000
tank_0404,0.0,1603238400000
tank_0409,0.0,1603238400000
tank_0420,0.0,1603238400000
tank_0425,0.0,1603238400000
tank_0431,0.0,1603238400000
tank_0432,0.0,1603238400000
tank_0435,0.0,1603238400000
tank_0436,0.0,1603238400000
tank_0438,0.0,1603238400000
tank_0443,0.0,1603238400000
tank_0444,0.0,1603238400000
tank_0447,0.0,1603238400000
tank_0448,3.0,1603238400000
tank_0449,0.0,1603238400000
tank_0455,0.0,1603238400000
tank_0460,0.0,1603238400000
tank_0462,43.0,1603238400000
tank_0466,0.0,1603238400000
tank_0471,0.0,1603238400000
tank_0473,0.0,1603238400000
tank_0474,0.0,1603238400000
tank_0481,0.0,1603238400000
tank_0485,0.0,1603238400000
tank_0489,0.0,1603238400000
tank_0491,0.0,1603238400000
tank_0494,0.0,1603238400000
tank_0497,0.0,1603238400000
tank_0498,0.0,1603238400000
tank_0502,0.0,1603238400000
tank_0505,0.0,1603238400000
tank_0509,0.0,1603238400000
tank_0512,15.0,1603238400000
tank_0514,0.0,1603238400000
tank_0515,0.0,1603238400000
tank_0521,0.0,1603238400000
tank_0524,0.0,1603238400000
tank_0526,45.0,1603238400000
tank_0533,0.0,1603238400000
tank_0534,0.0,1603238400000
tank_0536,0.0,1603238400000
tank_0537,0.0,1603238400000
tank_0541,0.0,1603238400000
tank_0547,0.0,1603238400000
tank_0552,0.0,1603238400000
tank_0555,0.0,1603238400000
tank_0556,0.0,1603238400000
tank_0557,0.0,1603238400000
tank_0560,0.0,1603238400000
tank_0561,0.0,1603238400000
tank_0566,0.0,1603238400000
tank_0567,0.0,1603238400000
tank_0568,0.0,1603238400000
tank_0574,0.0,1603238400000
tank_0579,0.0,1603238400000
tank_0583,78.0,1603238400000
tank_0587,0.0,1603238400000
tank_0589,0.0,1603238400000
tank_0590,0.0,1603238400000
tank_0592,0.0,1603238400000
tank_0593,0.0,1603238400000
tank_0595,0.0,1603238400000
tank_0600,0.0,1603238400000
tank_0604,0.0,1603238400000
tank_0606,0.0,1603238400000
tank_0607,0.0,1603238400000
tank_0608,116.0,1603238400000
tank_0610,0.0,1603238400000
tank_0611,0.0,1603238400000
tank_0612,0.0,1603238400000
tank_0613,0.0,1603238400000
tank_0619,0.0,1603238400000
tank_0626,0.0,1603238400000
tank_0627,0.0,1603238400000
tank_0628,0.0,1603238400000
tank_0632,0.0,1603238400000
tank_0633,0.0,1603238400000
tank_0639,0.0,1603238400000
tank_0640,0.0,1603238400000
tank_0641,0.0,1603238400000
tank_0643,0.0,1603238400000
tank_0646,0.0,1603238400000
tank_0663,0.0,1603238400000
tank_0664,0.0,1603238400000
tank_0666,0.0,1603238400000
tank_0667,0.0,1603238400000
tank_0670,0.0,1603238400000
tank_0675,0.0,1603238400000
tank_0676,68.0,1603238400000
tank_0678,0.0,1603238400000
tank_0681,0.0,1603238400000
tank_0687,0.0,1603238400000
tank_0688,0.0,1603238400000
tank_0697,0.0,1603238400000
tank_0720,0.0,1603238400000
tank_0722,0.0,1603238400000
tank_0724,0.0,1603238400000
tank_0725,0.0,1603238400000
tank_0728,0.0,1603238400000
tank_0730,0.0,1603238400000
tank_0731,40.0,1603238400000
tank_0732,0.0,1603238400000
tank_0737,165.0,1603238400000
tank_0739,0.0,1603238400000
tank_0740,0.0,1603238400000
tank_0746,0.0,1603238400000
tank_0748,0.0,1603238400000
tank_0749,0.0,1603238400000
tank_0752,0.0,1603238400000
tank_0760,0.0,1603238400000
tank_0770,0.0,1603238400000
tank_0772,0.0,1603238400000
tank_0788,0.0,1603238400000
tank_0789,0.0,1603238400000
tank_0792,0.0,1603238400000
tank_0797,44.0,1603238400000
tank_0800,0.0,1603238400000
tank_0802,0.0,1603238400000
tank_0803,0.0,1603238400000
tank_0808,0.0,1603238400000
tank_0810,0.0,1603238400000
tank_0811,0.0,1603238400000
tank_0812,0.0,1603238400000
tank_0813,0.0,1603238400000
tank_0816,0.0,1603238400000
tank_0819,0.0,1603238400000
tank_0823,0.0,1603238400000
tank_0824,378.0,1603238400000
tank_0825,0.0,1603238400000
tank_0828,0.0,1603238400000
tank_0829,49.984313725490196,1603238400000
tank_0830,0.0,1603238400000
tank_0831,0.0,1603238400000
tank_0844,0.0,1603238400000
tank_0852,14.0,1603238400000
tank_0855,36.0,1603238400000
tank_0856,306.0,1603238400000
tank_0860,0.0,1603238400000
tank_0861,0.0,1603238400000
tank_0872,0.0,1603238400000
tank_0875,113.0,1603238400000
tank_0879,5.0,1603238400000
tank_0885,0.0,1603238400000
tank_0891,0.0,1603238400000
tank_0894,315.0,1603238400000
tank_0898,169.0,1603238400000
tank_0900,24.0,1603238400000
tank_0901,139.0,1603238400000
tank_0902,38.0,1603238400000
tank_0914,57.51372549019608,1603238400000
tank_0917,315.0,1603238400000
tank_0919,0.0,1603238400000
tank_0920,83.0,1603238400000
tank_0922,2.0,1603238400000
tank_0923,0.0,1603238400000
tank_0924,0.0,1603238400000
tank_0926,0.0,1603238400000
tank_0927,0.0,1603238400000
tank_0928,0.0,1603238400000
tank_0930,101.0,1603238400000
tank_0931,0.0,1603238400000
tank_0933,0.0,1603238400000
tank_0934,0.0,1603238400000
tank_0937,0.0,1603238400000
tank_0938,0.0,1603238400000
tank_0939,0.0,1603238400000
tank_0944,28.0,1603238400000
tank_0946,0.0,1603238400000
tank_0952,23.0,1603238400000
tank_0958,0.0,1603238400000
tank_0962,468.0,1603238400000
tank_0967,6.0,1603238400000
tank_0975,0.0,1603238400000
tank_0978,0.0,1603238400000
tank_0990,0.0,1603238400000
tank_0991,100.0,1603238400000
tank_0998,0.0,1603238400000
tank_0999,0.0,1603238400000
tank_1003,466.0,1603238400000
tank_1004,0.0,1603238400000
tank_1014,178.0,1603238400000
tank_1026,216.0,1603238400000
tank_1031,16.0,1603238400000
tank_1032,0.0,1603238400000
tank_1034,0.0,1603238400000
tank_1042,11.0,1603238400000
tank_1045,4.0,1603238400000
tank_1049,62.0,1603238400000
tank_1055,0.0,1603238400000
tank_1061,19.0,1603238400000
tank_1062,0.0,1603238400000
tank_1064,0.0,1603238400000
tank_1065,0.0,1603238400000
tank_1066,0.0,1603238400000
tank_1070,9.0,1603238400000
tank_1073,53.0,1603238400000
tank_1083,116.0,1603238400000
tank_1086,0.0,1603238400000
tank_1088,0.0,1603238400000
tank_1089,21.0,1603238400000
tank_1090,8.988235294117647,1603238400000
tank_1091,0.0,1603238400000
tank_1094,576.0,1603238400000
tank_1095,17.0,1603238400000
tank_1104,0.0,1603238400000
tank_1113,37.0,1603238400000
tank_1116,0.0,1603238400000
tank_1117,0.0,1603238400000
tank_1120,246.0,1603238400000
tank_1121,162.0,1603238400000
tank_1124,18.91764705882353,1603238400000
tank_1128,0.0,1603238400000
tank_1134,0.0,1603238400000
tank_1135,0.0,1603238400000
tank_1146,8.874509803921569,1603238400000
tank_1149,0.0,1603238400000
tank_1156,0.0,1603238400000
tank_1157,20.286274509803924,1603238400000
tank_1159,169.0,1603238400000
tank_1160,503.0,1603238400000
tank_1166,0.0,1603238400000
tank_1170,13.125490196078431,1603238400000
tank_1175,0.0,1603238400000
tank_1177,0.0,1603238400000
tank_1179,0.0,1603238400000
tank_1181,116.94117647058823,1603238400000
tank_1186,28.0,1603238400000
tank_1187,0.0,1603238400000
tank_1190,0.0,1603238400000
tank_1192,23.901960784313726,1603238400000
tank_1196,0.0,1603238400000
tank_1197,1128.0,1603238400000
tank_1201,0.0,1603238400000
tank_1203,0.0,1603238400000
tank_1205,183.0,1603238400000
tank_1209,630.0,1603238400000
tank_1217,0.0,1603238400000
tank_1223,2.0,1603238400000
tank_1226,0.0,1603238400000
tank_1228,11.0,1603238400000
tank_1230,0.0,1603238400000
tank_1237,0.0,1603238400000
tank_1239,419.0,1603238400000
tank_1245,0.0,1603238400000
tank_1246,0.0,1603238400000
tank_1250,0.0,1603238400000
tank_1254,1066.0,1603238400000
tank_1255,0.0,1603238400000
tank_1258,18.0,1603238400000
tank_1261,0.0,1603238400000
tank_1262,0.0,1603238400000
tank_1263,0.0,1603238400000
tank_1265,0.0,1603238400000
tank_1270,0.0,1603238400000
tank_1272,0.0,1603238400000
tank_1275,0.0,1603238400000
tank_1276,6.0,1603238400000
tank_1279,0.0,1603238400000
tank_1280,0.0,1603238400000
tank_1284,0.0,1603238400000
tank_1285,0.0,1603238400000
tank_1286,18.0,1603238400000
tank_1290,0.0,1603238400000
tank_1291,0.0,1603238400000
tank_1293,0.0,1603238400000
tank_1295,0.0,1603238400000
tank_1297,0.0,1603238400000
tank_1301,0.0,1603238400000
tank_1302,8.0,1603238400000
tank_1304,0.0,1603238400000
tank_1305,0.0,1603238400000
tank_1313,56.0,1603238400000
tank_1322,0.0,1603238400000
tank_1325,0.0,1603238400000
tank_1326,0.0,1603238400000
tank_1344,0.0,1603238400000
tank_1346,0.0,1603238400000
tank_1349,0.0,1603238400000
tank_1353,52.0,1603238400000
tank_1358,0.0,1603238400000
tank_1359,0.0,1603238400000
tank_1361,98.0,1603238400000
tank_1364,250.0,1603238400000
tank_1365,0.0,1603238400000
tank_1372,0.0,1603238400000
tank_1374,183.0,1603238400000
tank_1378,315.0,1603238400000
tank_1380,45.94117647058823,1603238400000
tank_1386,53.0,1603238400000
tank_1391,16.0,1603238400000
tank_1393,0.0,1603238400000
tank_1396,0.0,1603238400000
tank_1397,0.0,1603238400000
tank_1403,2.0,1603238400000
tank_1409,0.0,1603238400000
tank_1412,0.0,1603238400000
tank_1415,0.0,1603238400000
tank_1416,0.0,1603238400000
tank_1421,88.0,1603238400000
tank_1422,0.0,1603238400000
tank_1425,304.0,1603238400000
tank_1426,0.0,1603238400000
tank_1430,0.0,1603238400000
tank_1433,108.0,1603238400000
tank_1438,0.0,1603238400000
tank_1439,0.0,1603238400000
tank_1441,0.0,1603238400000
tank_1443,0.0,1603238400000
tank_1445,0.0,1603238400000
tank_1446,0.0,1603238400000
tank_1450,0.0,1603238400000
tank_1452,0.0,1603238400000
tank_1456,0.0,1603238400000
tank_1466,0.0,1603238400000
tank_1471,0.0,1603238400000
tank_1475,408.0,1603238400000
tank_1486,1115.0,1603238400000
tank_1488,2.0,1603238400000
tank_1491,0.0,1603238400000
tank_1500,0.0,1603238400000
tank_1505,285.0,1603238400000
tank_1513,709.0,1603238400000
tank_1531,33.0,1603238400000
tank_1536,0.0,1603238400000
tank_1539,320.0,1603238400000
tank_1541,0.0,1603238400000
tank_1542,0.0,1603238400000
tank_1547,78.0,1603238400000
tank_1563,1.0,1603238400000
tank_1564,0.0,1603238400000
tank_1565,314.0,1603238400000
tank_1567,26.815686274509805,1603238400000
tank_1568,0.0,1603238400000
tank_1573,0.0,1603238400000
tank_1583,0.0,1603238400000
tank_1587,708.0,1603238400000
tank_1588,0.0,1603238400000
tank_1592,0.0,1603238400000
tank_1594,70.0,1603238400000
tank_1595,22.486274509803923,1603238400000
tank_1597,122.06666666666666,1603238400000
tank_1598,0.0,1603238400000
tank_1600,0.0,1603238400000
tank_1604,0.0,1603238400000
tank_0002,0.0,1604275200000
tank_0004,0.0,1604275200000
tank_0005,0.0,1604275200000
tank_0011,0.0,1604275200000
tank_0014,0.0,1604275200000
tank_0019,0.0,1604275200000
tank_0024,0.0,1604275200000
tank_0025,0.0,1604275200000
tank_0026,0.0,1604275200000
tank_0027,0.0,1604275200000
tank_0030,0.0,1604275200000
tank_0031,6.0,1604275200000
tank_0036,0.0,1604275200000
tank_0037,0.0,1604275200000
tank_0038,0.0,1604275200000
tank_0050,0.0,1604275200000
tank_0051,0.0,1604275200000
tank_0052,0.0,1604275200000
tank_0053,0.0,1604275200000
tank_0055,0.0,1604275200000
tank_0057,0.0,1604275200000
tank_0058,0.0,1604275200000
tank_0064,0.0,1604275200000
tank_0069,0.0,1604275200000
tank_0072,0.0,1604275200000
tank_0073,0.0,1604275200000
tank_0080,13.952941176470588,1604275200000
tank_0094,2.380392156862745,1604275200000
tank_0107,0.0,1604275200000
tank_0110,0.0,1604275200000
tank_0113,4.184313725490196,1604275200000
tank_0115,0.0,1604275200000
tank_0116,6.627450980392156,1604275200000
tank_0117,21.0,1604275200000
tank_0118,0.0,1604275200000
tank_0122,0.0,1604275200000
tank_0125,0.0,1604275200000
tank_0130,0.0,1604275200000
tank_0131,0.0,1604275200000
tank_0132,0.0,1604275200000
tank_0134,0.0,1604275200000
tank_0135,0.0,1604275200000
tank_0142,0.0,1604275200000
tank_0143,0.0,1604275200000
tank_0144,0.0,1604275200000
tank_0148,0.0,1604275200000
tank_0153,0.0,1604275200000
tank_0156,0.0,1604275200000
tank_0159,0.23529411764705882,1604275200000
tank_0165,0.0,1604275200000
tank_0171,0.0,1604275200000
tank_0172,0.0,1604275200000
tank_0174,1.3019607843137255,1604275200000
tank_0176,0.0,1604275200000
tank_0184,0.0,1604275200000
tank_0187,0.0,1604275200000
tank_0190,0.0,1604275200000
tank_0192,0.0,1604275200000
tank_0193,0.0,1604275200000
tank_0195,0.0,1604275200000
tank_0199,0.0,1604275200000
tank_0204,0.0,1604275200000
tank_0205,0.0,1604275200000
tank_0207,0.0,1604275200000
tank_0209,0.0,1604275200000
tank_0213,0.0,1604275200000
tank_0217,0.0,1604275200000
tank_0220,0.0,1604275200000
tank_0221,0.0,1604275200000
tank_0225,0.0,1604275200000
tank_0226,0.0,1604275200000
tank_0228,0.0,1604275200000
tank_0229,0.0,1604275200000
tank_0231,0.0,1604275200000
tank_0233,0.0,1604275200000
tank_0236,0.0,1604275200000
tank_0237,0.0,1604275200000
tank_0240,0.0,1604275200000
tank_0242,0.0,1604275200000
tank_0245,0.0,1604275200000
tank_0247,27.0,1604275200000
tank_0256,0.0,1604275200000
tank_0257,0.0,1604275200000
tank_0260,0.0,1604275200000
tank_0261,0.0,1604275200000
tank_0264,0.0,1604275200000
tank_0273,0.0,1604275200000
tank_0276,0.0,1604275200000
tank_0278,0.0,1604275200000
tank_0280,0.0,1604275200000
tank_0291,0.0,1604275200000
tank_0292,0.0,1604275200000
tank_0296,0.0,1604275200000
tank_0297,1.0,1604275200000
tank_0299,0.0,1604275200000
tank_0300,0.7215686274509804,1604275200000
tank_0301,0.0,1604275200000
tank_0307,0.0,1604275200000
tank_0309,0.0,1604275200000
tank_0313,0.0,1604275200000
tank_0314,0.0,1604275200000
tank_0319,0.0,1604275200000
tank_0321,0.0,1604275200000
tank_0327,0.0,1604275200000
tank_0337,0.0,1604275200000
tank_0338,0.0,1604275200000
tank_0339,0.0,1604275200000
tank_0342,0.0,1604275200000
tank_0345,0.0,1604275200000
tank_0346,0.0,1604275200000
tank_0349,13.0,1604275200000
tank_0350,0.0,1604275200000
tank_0353,0.0,1604275200000
tank_0356,0.0,1604275200000
tank_0360,0.0,1604275200000
tank_0361,0.0,1604275200000
tank_0362,0.0,1604275200000
tank_0364,3.6392156862745098,1604275200000
tank_0366,0.0,1604275200000
tank_0369,0.0,1604275200000
tank_0375,0.0,1604275200000
tank_0379,0.0,1604275200000
tank_0381,6.2745098039215685,1604275200000
tank_0386,0.0,1604275200000
tank_0390,0.0,1604275200000
tank_0397,0.0,1604275200000
tank_0399,0.0,1604275200000
tank_0404,2.0,1604275200000
tank_0409,0.0,1604275200000
tank_0420,0.0,1604275200000
tank_0425,0.0,1604275200000
tank_0431,0.0,1604275200000
tank_0432,0.0,1604275200000
tank_0435,0.0,1604275200000
tank_0436,0.0,1604275200000
tank_0438,0.0,1604275200000
tank_0443,0.0,1604275200000
tank_0444,0.0,1604275200000
tank_0447,0.0,1604275200000
tank_0448,1.0,1604275200000
tank_0449,0.0,1604275200000
tank_0455,0.0,1604275200000
tank_0460,0.0,1604275200000
tank_0462,13.0,1604275200000
tank_0466,0.0,1604275200000
tank_0471,0.0,1604275200000
tank_0473,11.07843137254902,1604275200000
tank_0474,1.996078431372549,1604275200000
tank_0481,0.0,1604275200000
tank_0485,0.0,1604275200000
tank_0489,0.0,1604275200000
tank_0491,0.0,1604275200000
tank_0494,0.0,1604275200000
tank_0497,0.0,1604275200000
tank_0498,0.0,1604275200000
tank_0502,0.0,1604275200000
tank_0505,0.0,1604275200000
tank_0509,0.0,1604275200000
tank_0512,26.0,1604275200000
tank_0514,0.0,1604275200000
tank_0515,0.0,1604275200000
tank_0521,0.0,1604275200000
tank_0524,0.0,1604275200000
tank_0526,61.0,1604275200000
tank_0533,0.0,1604275200000
tank_0534,0.0,1604275200000
tank_0536,0.0,1604275200000
tank_0537,0.0,1604275200000
tank_0541,0.0,1604275200000
tank_0547,0.0,1604275200000
tank_0552,0.0,1604275200000
tank_0555,1.0,1604275200000
tank_0556,0.0,1604275200000
tank_0557,0.0,1604275200000
tank_0560,0.0,1604275200000
tank_0561,0.0,1604275200000
tank_0566,0.0,1604275200000
tank_0567,0.0,1604275200000
tank_0568,0.0,1604275200000
tank_0574,0.0,1604275200000
tank_0579,0.0,1604275200000
tank_0583,86.0,1604275200000
tank_0587,0.0,1604275200000
tank_0589,0.0,1604275200000
tank_0590,0.0,1604275200000
tank_0592,0.0,1604275200000
tank_0593,0.0,1604275200000
tank_0595,0.0,1604275200000
tank_0600,0.0,1604275200000
tank_0604,0.0,1604275200000
tank_0606,0.0,1604275200000
tank_0607,0.0,1604275200000
tank_0608,198.0,1604275200000
tank_0610,0.0,1604275200000
tank_0611,0.0,1604275200000
tank_0612,0.0,1604275200000
tank_0613,0.0,1604275200000
tank_0619,0.0,1604275200000
tank_0626,0.0,1604275200000
tank_0627,0.0,1604275200000
tank_0628,0.0,1604275200000
tank_0632,0.0,1604275200000
tank_0633,0.0,1604275200000
tank_0639,0.0,1604275200000
tank_0640,0.0,1604275200000
tank_0641,0.0,1604275200000
tank_0643,0.0,1604275200000
tank_0646,0.0,1604275200000
tank_0663,0.0,1604275200000
tank_0664,0.0,1604275200000
tank_0666,0.0,1604275200000
tank_0667,0.0,1604275200000
tank_0670,0.0,1604275200000
tank_0675,0.0,1604275200000
tank_0676,98.0,1604275200000
tank_0678,0.0,1604275200000
tank_0681,0.0,1604275200000
tank_0687,0.0,1604275200000
tank_0688,0.0,1604275200000
tank_0697,0.0,1604275200000
tank_0720,0.0,1604275200000
tank_0722,0.0,1604275200000
tank_0724,0.0,1604275200000
tank_0725,0.0,1604275200000
tank_0728,0.0,1604275200000
tank_0730,0.0,1604275200000
tank_0731,116.0,1604275200000
tank_0732,0.0,1604275200000
tank_0737,222.0,1604275200000
tank_0739,0.0,1604275200000
tank_0740,1.0,1604275200000
tank_0746,0.0,1604275200000
tank_0748,0.0,1604275200000
tank_0749,0.0,1604275200000
tank_0752,0.0,1604275200000
tank_0760,0.0,1604275200000
tank_0770,0.0,1604275200000
tank_0772,0.0,1604275200000
tank_0788,0.0,1604275200000
tank_0789,0.0,1604275200000
tank_0792,3.0549019607843135,1604275200000
tank_0797,19.0,1604275200000
tank_0800,0.0,1604275200000
tank_0802,0.0,1604275200000
tank_0803,1.7450980392156863,1604275200000
tank_0808,23.07843137254902,1604275200000
tank_0810,0.0,1604275200000
tank_0811,2.0,1604275200000
tank_0812,0.0,1604275200000
tank_0813,6.305882352941175,1604275200000
tank_0816,0.0,1604275200000
tank_0819,0.0,1604275200000
tank_0823,0.0,1604275200000
tank_0824,674.0,1604275200000
tank_0825,0.0,1604275200000
tank_0828,8.0,1604275200000
tank_0829,55.984313725490196,1604275200000
tank_0830,0.0,1604275200000
tank_0831,0.0,1604275200000
tank_0844,0.0,1604275200000
tank_0852,13.0,1604275200000
tank_0855,60.0,1604275200000
tank_0856,507.0,1604275200000
tank_0860,0.0,1604275200000
tank_0861,0.0,1604275200000
tank_0872,0.0,1604275200000
tank_0875,123.0,1604275200000
tank_0879,9.0,1604275200000
tank_0885,0.0,1604275200000
tank_0891,0.0,1604275200000
tank_0894,1260.0,1604275200000
tank_0898,525.0,1604275200000
tank_0900,24.0,1604275200000
tank_0901,125.68627450980392,1604275200000
tank_0902,49.0,1604275200000
tank_0914,65.42745098039215,1604275200000
tank_0917,598.0,1604275200000
tank_0919,0.0,1604275200000
tank_0920,126.0,1604275200000
tank_0922,0.0,1604275200000
tank_0923,0.0,1604275200000
tank_0924,0.0,1604275200000
tank_0926,0.0,1604275200000
tank_0927,0.0,1604275200000
tank_0928,0.0,1604275200000
tank_0930,129.0,1604275200000
tank_0931,0.0,1604275200000
tank_0933,0.0,1604275200000
tank_0934,0.0,1604275200000
tank_0937,0.0,1604275200000
tank_0938,0.0,1604275200000
tank_0939,1.576470588235294,1604275200000
tank_0944,33.0,1604275200000
tank_0946,0.0,1604275200000
tank_0952,16.0,1604275200000
tank_0958,0.0,1604275200000
tank_0962,1140.0,1604275200000
tank_0967,6.0,1604275200000
tank_0975,0.0,1604275200000
tank_0978,0.0,1604275200000
tank_0990,0.0,1604275200000
tank_0991,51.0,1604275200000
tank_0998,0.0,1604275200000
tank_0999,0.0,1604275200000
tank_1003,959.0,1604275200000
tank_1004,0.0,1604275200000
tank_1014,210.0,1604275200000
tank_1026,264.51764705882357,1604275200000
tank_1031,34.80392156862745,1604275200000
tank_1032,11.490196078431374,1604275200000
tank_1034,0.25098039215686274,1604275200000
tank_1042,33.0,1604275200000
tank_1045,50.0,1604275200000
tank_1049,65.0,1604275200000
tank_1055,6.564705882352941,1604275200000
tank_1061,31.698039215686276,1604275200000
tank_1062,0.0,1604275200000
tank_1064,0.0,1604275200000
tank_1065,7.0,1604275200000
tank_1066,0.0,1604275200000
tank_1070,62.0,1604275200000
tank_1073,83.0,1604275200000
tank_1083,237.86274509803923,1604275200000
tank_1086,8.0,1604275200000
tank_1088,7.921568627450981,1604275200000
tank_1089,21.0,1604275200000
tank_1090,12.0,1604275200000
tank_1091,0.0,1604275200000
tank_1094,938.0,1604275200000
tank_1095,14.874509803921569,1604275200000
tank_1104,0.47058823529411764,1604275200000
tank_1113,36.0,1604275200000
tank_1116,0.0,1604275200000
tank_1117,0.0,1604275200000
tank_1120,319.1647058823529,1604275200000
tank_1121,352.89019607843136,1604275200000
tank_1124,15.964705882352941,1604275200000
tank_1128,0.0,1604275200000
tank_1134,17.34901960784314,1604275200000
tank_1135,0.0,1604275200000
tank_1146,21.239215686274513,1604275200000
tank_1149,0.0,1604275200000
tank_1156,0.0,1604275200000
tank_1157,37.80392156862744,1604275200000
tank_1159,183.0,1604275200000
tank_1160,602.0,1604275200000
tank_1166,4.694117647058823,1604275200000
tank_1170,38.490196078431374,1604275200000
tank_1175,0.0,1604275200000
tank_1177,0.0,1604275200000
tank_1179,0.0,1604275200000
tank_1181,139.0,1604275200000
tank_1186,23.0,1604275200000
tank_1187,5.5058823529411764,1604275200000
tank_1190,0.0,1604275200000
tank_1192,33.36470588235294,1604275200000
tank_1196,0.0,1604275200000
tank_1197,1457.0,1604275200000
tank_1201,0.0,1604275200000
tank_1203,0.0,1604275200000
tank_1205,179.0,1604275200000
tank_1209,831.0,1604275200000
tank_1217,0.0,1604275200000
tank_1223,1.0,1604275200000
tank_1226,0.0,1604275200000
tank_1228,14.0,1604275200000
tank_1230,0.0,1604275200000
tank_1237,0.0,1604275200000
tank_1239,763.0,1604275200000
tank_1245,0.0,1604275200000
tank_1246,0.0,1604275200000
tank_1250,0.0,1604275200000
tank_1254,1445.0,1604275200000
tank_1255,0.0,1604275200000
tank_1258,49.0,1604275200000
tank_1261,0.0,1604275200000
tank_1262,0.0,1604275200000
tank_1263,5.0,1604275200000
tank_1265,0.0,1604275200000
tank_1270,0.0,1604275200000
tank_1272,0.0,1604275200000
tank_1275,0.0,1604275200000
tank_1276,23.0,1604275200000
tank_1279,0.0,1604275200000
tank_1280,0.0,1604275200000
tank_1284,0.0,1604275200000
tank_1285,0.0,1604275200000
tank_1286,11.0,1604275200000
tank_1290,0.0,1604275200000
tank_1291,0.0,1604275200000
tank_1293,0.0,1604275200000
tank_1295,0.0,1604275200000
tank_1297,0.0,1604275200000
tank_1301,16.0,1604275200000
tank_1302,27.0,1604275200000
tank_1304,0.0,1604275200000
tank_1305,0.0,1604275200000
tank_1313,289.0,1604275200000
tank_1322,0.0,1604275200000
tank_1325,0.0,1604275200000
tank_1326,0.0,1604275200000
tank_1344,0.0,1604275200000
tank_1346,0.0,1604275200000
tank_1349,0.0,1604275200000
tank_1353,450.7725490196078,1604275200000
tank_1358,0.0,1604275200000
tank_1359,0.0,1604275200000
tank_1361,506.0,1604275200000
tank_1364,939.0,1604275200000
tank_1365,0.0,1604275200000
tank_1372,0.0,1604275200000
tank_1374,271.0,1604275200000
tank_1378,535.0,1604275200000
tank_1380,73.0,1604275200000
tank_1386,98.9843137254902,1604275200000
tank_1391,20.0,1604275200000
tank_1393,0.0,1604275200000
tank_1396,0.0,1604275200000
tank_1397,0.0,1604275200000
tank_1403,1.0,1604275200000
tank_1409,0.0,1604275200000
tank_1412,0.0,1604275200000
tank_1415,0.0,1604275200000
tank_1416,0.0,1604275200000
tank_1421,205.0,1604275200000
tank_1422,0.0,1604275200000
tank_1425,484.0,1604275200000
tank_1426,2.0,1604275200000
tank_1430,0.0,1604275200000
tank_1433,254.0,1604275200000
tank_1438,0.0,1604275200000
tank_1439,13.682352941176472,1604275200000
tank_1441,0.0,1604275200000
tank_1443,0.0,1604275200000
tank_1445,0.0,1604275200000
tank_1446,0.0,1604275200000
tank_1450,0.0,1604275200000
tank_1452,0.0,1604275200000
tank_1456,0.0,1604275200000
tank_1466,0.0,1604275200000
tank_1471,0.0,1604275200000
tank_1475,192.0,1604275200000
tank_1486,574.0,1604275200000
tank_1488,6.0,1604275200000
tank_1491,0.0,1604275200000
tank_1500,2.0,1604275200000
tank_1505,323.0,1604275200000
tank_1513,325.0,1604275200000
tank_1531,54.0,1604275200000
tank_1536,0.0,1604275200000
tank_1539,515.0,1604275200000
tank_1541,2.0,1604275200000
tank_1542,0.0,1604275200000
tank_1547,61.0,1604275200000
tank_1563,25.0,1604275200000
tank_1564,0.0,1604275200000
tank_1565,1036.0,1604275200000
tank_1567,35.0,1604275200000
tank_1568,0.0,1604275200000
tank_1573,2.0,1604275200000
tank_1583,0.0,1604275200000
tank_1587,895.0,1604275200000
tank_1588,0.0,1604275200000
tank_1592,0.0,1604275200000
tank_1594,81.0,1604275200000
tank_1595,36.48235294117647,1604275200000
tank_1597,187.12156862745098,1604275200000
tank_1598,0.0,1604275200000
tank_1600,0.0,1604275200000
tank_1604,0.0,1604275200000
tank_0002,0.0,1605312000000
tank_0004,0.0,1605312000000
tank_0005,0.0,1605312000000
tank_0011,0.0,1605312000000
tank_0014,0.0,1605312000000
tank_0019,0.0,1605312000000
tank_0024,0.0,1605312000000
tank_0025,0.0,1605312000000
tank_0026,0.0,1605312000000
tank_0027,0.0,1605312000000
tank_0030,0.0,1605312000000
tank_0031,8.0,1605312000000
tank_0036,0.0,1605312000000
tank_0037,0.0,1605312000000
tank_0038,0.0,1605312000000
tank_0050,0.0,1605312000000
tank_0051,0.0,1605312000000
tank_0052,0.0,1605312000000
tank_0053,0.0,1605312000000
tank_0055,0.0,1605312000000
tank_0057,0.0,1605312000000
tank_0058,0.0,1605312000000
tank_0064,0.0,1605312000000
tank_0069,0.0,1605312000000
tank_0072,0.0,1605312000000
tank_0073,0.0,1605312000000
tank_0080,19.95294117647059,1605312000000
tank_0094,0.0,1605312000000
tank_0107,0.0,1605312000000
tank_0110,0.0,1605312000000
tank_0113,6.184313725490196,1605312000000
tank_0115,0.0,1605312000000
tank_0116,0.0,1605312000000
tank_0117,17.0,1605312000000
tank_0118,0.0,1605312000000
tank_0122,0.0,1605312000000
tank_0125,0.0,1605312000000
tank_0130,0.0,1605312000000
tank_0131,0.0,1605312000000
tank_0132,0.0,1605312000000
tank_0134,0.0,1605312000000
tank_0135,0.0,1605312000000
tank_0142,0.0,1605312000000
tank_0143,0.0,1605312000000
tank_0144,0.0,1605312000000
tank_0148,0.0,1605312000000
tank_0153,0.0,1605312000000
tank_0156,2.152941176470588,1605312000000
tank_0159,0.0,1605312000000
tank_0165,2.623529411764706,1605312000000
tank_0171,0.0,1605312000000
tank_0172,0.0,1605312000000
tank_0174,1.5333333333333332,1605312000000
tank_0176,0.0,1605312000000
tank_0184,0.0,1605312000000
tank_0187,0.0,1605312000000
tank_0190,3.2666666666666666,1605312000000
tank_0192,0.0,1605312000000
tank_0193,0.0,1605312000000
tank_0195,0.0,1605312000000
tank_0199,0.0,1605312000000
tank_0204,0.0,1605312000000
tank_0205,0.0,1605312000000
tank_0207,0.0,1605312000000
tank_0209,0.0,1605312000000
tank_0213,0.0,1605312000000
tank_0217,0.0,1605312000000
tank_0220,0.0,1605312000000
tank_0221,1.8470588235294119,1605312000000
tank_0225,0.0,1605312000000
tank_0226,0.0,1605312000000
tank_0228,0.0,1605312000000
tank_0229,0.0,1605312000000
tank_0231,0.4,1605312000000
tank_0233,0.0,1605312000000
tank_0236,1.0,1605312000000
tank_0237,0.0,1605312000000
tank_0240,0.0,1605312000000
tank_0242,0.0,1605312000000
tank_0245,0.0,1605312000000
tank_0247,15.0,1605312000000
tank_0256,0.0,1605312000000
tank_0257,0.0,1605312000000
tank_0260,0.0,1605312000000
tank_0261,0.0,1605312000000
tank_0264,0.0,1605312000000
tank_0273,0.0,1605312000000
tank_0276,0.0,1605312000000
tank_0278,0.0,1605312000000
tank_0280,0.0,1605312000000
tank_0291,1.0,1605312000000
tank_0292,0.0,1605312000000
tank_0296,0.0,1605312000000
tank_0297,6.0,1605312000000
tank_0299,0.0,1605312000000
tank_0300,0.7215686274509804,1605312000000
tank_0301,0.0,1605312000000
tank_0307,0.0,1605312000000
tank_0309,0.0,1605312000000
tank_0313,0.0,1605312000000
tank_0314,0.0,1605312000000
tank_0319,0.0,1605312000000
tank_0321,0.0,1605312000000
tank_0327,0.0,1605312000000
tank_0337,0.0,1605312000000
tank_0338,0.0,1605312000000
tank_0339,0.0,1605312000000
tank_0342,0.0,1605312000000
tank_0345,0.0,1605312000000
tank_0346,0.0,1605312000000
tank_0349,8.0,1605312000000
tank_0350,0.0,1605312000000
tank_0353,0.0,1605312000000
tank_0356,0.0,1605312000000
tank_0360,0.0,1605312000000
tank_0361,0.0,1605312000000
tank_0362,0.0,1605312000000
tank_0364,0.0,1605312000000
tank_0366,0.0,1605312000000
tank_0369,0.0,1605312000000
tank_0375,0.0,1605312000000
tank_0379,0.0,1605312000000
tank_0381,0.0,1605312000000
tank_0386,0.0,1605312000000
tank_0390,0.0,1605312000000
tank_0397,0.0,1605312000000
tank_0399,0.0,1605312000000
tank_0404,8.95686274509804,1605312000000
tank_0409,0.0,1605312000000
tank_0420,0.0,1605312000000
tank_0425,0.0,1605312000000
tank_0431,0.0,1605312000000
tank_0432,0.2980392156862745,1605312000000
tank_0435,0.0,1605312000000
tank_0436,0.0,1605312000000
tank_0438,0.0,1605312000000
tank_0443,0.0,1605312000000
tank_0444,0.0,1605312000000
tank_0447,0.0,1605312000000
tank_0448,0.0,1605312000000
tank_0449,0.0,1605312000000
tank_0455,0.0,1605312000000
tank_0460,0.0,1605312000000
tank_0462,0.0,1605312000000
tank_0466,0.0,1605312000000
tank_0471,0.0,1605312000000
tank_0473,0.0,1605312000000
tank_0474,0.0,1605312000000
tank_0481,0.0,1605312000000
tank_0485,0.0,1605312000000
tank_0489,0.0,1605312000000
tank_0491,0.0,1605312000000
tank_0494,0.0,1605312000000
tank_0497,0.0,1605312000000
tank_0498,0.0,1605312000000
tank_0502,0.0,1605312000000
tank_0505,0.0,1605312000000
tank_0509,0.0,1605312000000
tank_0512,19.0,1605312000000
tank_0514,0.0,1605312000000
tank_0515,0.0,1605312000000
tank_0521,0.0,1605312000000
tank_0524,0.0,1605312000000
tank_0526,57.59607843137255,1605312000000
tank_0533,0.0,1605312000000
tank_0534,0.0,1605312000000
tank_0536,0.0,1605312000000
tank_0537,0.0,1605312000000
tank_0541,0.0,1605312000000
tank_0547,0.0,1605312000000
tank_0552,0.0,1605312000000
tank_0555,0.0,1605312000000
tank_0556,0.0,1605312000000
tank_0557,0.0,1605312000000
tank_0560,0.0,1605312000000
tank_0561,0.0,1605312000000
tank_0566,0.0,1605312000000
tank_0567,0.0,1605312000000
tank_0568,1.5058823529411764,1605312000000
tank_0574,0.0,1605312000000
tank_0579,0.0,1605312000000
tank_0583,78.0,1605312000000
tank_0587,0.0,1605312000000
tank_0589,0.0,1605312000000
tank_0590,0.0,1605312000000
tank_0592,0.0,1605312000000
tank_0593,0.0,1605312000000
tank_0595,0.0,1605312000000
tank_0600,3.1882352941176473,1605312000000
tank_0604,0.0,1605312000000
tank_0606,0.0,1605312000000
tank_0607,0.0,1605312000000
tank_0608,27.0,1605312000000
tank_0610,0.0,1605312000000
tank_0611,0.0,1605312000000
tank_0612,0.0,1605312000000
tank_0613,0.0,1605312000000
tank_0619,0.0,1605312000000
tank_0626,0.0,1605312000000
tank_0627,0.0,1605312000000
tank_0628,0.0,1605312000000
tank_0632,0.0,1605312000000
tank_0633,0.8470588235294118,1605312000000
tank_0639,0.0,1605312000000
tank_0640,0.0,1605312000000
tank_0641,0.0,1605312000000
tank_0643,0.0,1605312000000
tank_0646,0.0,1605312000000
tank_0663,0.0,1605312000000
tank_0664,0.0,1605312000000
tank_0666,0.0,1605312000000
tank_0667,0.0,1605312000000
tank_0670,2.0,1605312000000
tank_0675,0.0,1605312000000
tank_0676,102.0,1605312000000
tank_0678,0.0,1605312000000
tank_0681,0.0,1605312000000
tank_0687,0.0,1605312000000
tank_0688,0.0,1605312000000
tank_0697,0.0,1605312000000
tank_0720,0.0,1605312000000
tank_0722,0.0,1605312000000
tank_0724,0.0,1605312000000
tank_0725,0.0,1605312000000
tank_0728,0.0,1605312000000
tank_0730,0.0,1605312000000
tank_0731,11.0,1605312000000
tank_0732,0.0,1605312000000
tank_0737,170.0,1605312000000
tank_0739,0.0,1605312000000
tank_0740,0.0,1605312000000
tank_0746,0.0,1605312000000
tank_0748,0.0,1605312000000
tank_0749,0.0,1605312000000
tank_0752,0.0,1605312000000
tank_0760,0.0,1605312000000
tank_0770,0.0,1605312000000
tank_0772,0.0,1605312000000
tank_0788,0.0,1605312000000
tank_0789,0.0,1605312000000
tank_0792,26.92549019607843,1605312000000
tank_0797,0.0,1605312000000
tank_0800,0.0,1605312000000
tank_0802,0.0,1605312000000
tank_0803,9.27450980392157,1605312000000
tank_0808,12.768627450980391,1605312000000
tank_0810,0.0,1605312000000
tank_0811,0.0,1605312000000
tank_0812,0.0,1605312000000
tank_0813,6.0,1605312000000
tank_0816,4.952941176470588,1605312000000
tank_0819,0.0,1605312000000
tank_0823,0.0,1605312000000
tank_0824,282.0,1605312000000
tank_0825,0.0,1605312000000
tank_0828,0.0,1605312000000
tank_0829,49.984313725490196,1605312000000
tank_0830,0.0,1605312000000
tank_0831,0.0,1605312000000
tank_0844,0.0,1605312000000
tank_0852,12.0,1605312000000
tank_0855,57.0,1605312000000
tank_0856,779.0,1605312000000
tank_0860,0.0,1605312000000
tank_0861,0.0,1605312000000
tank_0872,0.0,1605312000000
tank_0875,73.0,1605312000000
tank_0879,3.0,1605312000000
tank_0885,0.0,1605312000000
tank_0891,0.0,1605312000000
tank_0894,119.0,1605312000000
tank_0898,137.0,1605312000000
tank_0900,17.91764705882353,1605312000000
tank_0901,155.0,1605312000000
tank_0902,18.0,1605312000000
tank_0914,54.0,1605312000000
tank_0917,460.0,1605312000000
tank_0919,0.0,1605312000000
tank_0920,107.97254901960784,1605312000000
tank_0922,116.0,1605312000000
tank_0923,0.0,1605312000000
tank_0924,0.0,1605312000000
tank_0926,0.0,1605312000000
tank_0927,0.0,1605312000000
tank_0928,0.0,1605312000000
tank_0930,117.0,1605312000000
tank_0931,1.0,1605312000000
tank_0933,0.0,1605312000000
tank_0934,0.0,1605312000000
tank_0937,0.0,1605312000000
tank_0938,0.0,1605312000000
tank_0939,0.0,1605312000000
tank_0944,29.0,1605312000000
tank_0946,0.0,1605312000000
tank_0952,6.0,1605312000000
tank_0958,0.0,1605312000000
tank_0962,462.0,1605312000000
tank_0967,4.0,1605312000000
tank_0975,0.0,1605312000000
tank_0978,0.0,1605312000000
tank_0990,0.0,1605312000000
tank_0991,266.0,1605312000000
tank_0998,0.0,1605312000000
tank_0999,0.0,1605312000000
tank_1003,359.0,1605312000000
tank_1004,0.0,1605312000000
tank_1014,48.0,1605312000000
tank_1026,219.0,1605312000000
tank_1031,26.866666666666667,1605312000000
tank_1032,9.674509803921568,1605312000000
tank_1034,0.0,1605312000000
tank_1042,25.0,1605312000000
tank_1045,22.0,1605312000000
tank_1049,58.0,1605312000000
tank_1055,0.0,1605312000000
tank_1061,23.91372549019608,1605312000000
tank_1062,0.0,1605312000000
tank_1064,3.0509803921568626,1605312000000
tank_1065,0.0,1605312000000
tank_1066,0.0,1605312000000
tank_1070,34.0,1605312000000
tank_1073,19.0,1605312000000
tank_1083,134.0,1605312000000
tank_1086,0.0,1605312000000
tank_1088,2.384313725490196,1605312000000
tank_1089,24.0,1605312000000
tank_1090,0.0,1605312000000
tank_1091,0.0,1605312000000
tank_1094,509.0,1605312000000
tank_1095,18.0,1605312000000
tank_1104,4.0,1605312000000
tank_1113,45.0,1605312000000
tank_1116,0.0,1605312000000
tank_1117,0.0,1605312000000
tank_1120,207.50196078431372,1605312000000
tank_1121,92.0,1605312000000
tank_1124,19.0,1605312000000
tank_1128,0.0,1605312000000
tank_1134,0.0,1605312000000
tank_1135,0.0,1605312000000
tank_1146,28.239215686274513,1605312000000
tank_1149,0.0,1605312000000
tank_1156,0.0,1605312000000
tank_1157,12.541176470588235,1605312000000
tank_1159,194.0,1605312000000
tank_1160,560.0,1605312000000
tank_1166,0.023529411764705882,1605312000000
tank_1170,22.705882352941174,1605312000000
tank_1175,0.0,1605312000000
tank_1177,0.0,1605312000000
tank_1179,0.0,1605312000000
tank_1181,149.90980392156862,1605312000000
tank_1186,44.0,1605312000000
tank_1187,4.894117647058824,1605312000000
tank_1190,0.0,1605312000000
tank_1192,25.0,1605312000000
tank_1196,0.0,1605312000000
tank_1197,703.0,1605312000000
tank_1201,0.0,1605312000000
tank_1203,0.0,1605312000000
tank_1205,121.0,1605312000000
tank_1209,817.0,1605312000000
tank_1217,0.0,1605312000000
tank_1223,0.0,1605312000000
tank_1226,0.0,1605312000000
tank_1228,9.0,1605312000000
tank_1230,0.0,1605312000000
tank_1237,0.0,1605312000000
tank_1239,511.61176470588236,1605312000000
tank_1245,0.0,1605312000000
tank_1246,0.0,1605312000000
tank_1250,0.0,1605312000000
tank_1254,1191.0,1605312000000
tank_1255,0.0,1605312000000
tank_1258,56.0,1605312000000
tank_1261,0.0,1605312000000
tank_1262,0.0,1605312000000
tank_1263,0.0,1605312000000
tank_1265,0.0,1605312000000
tank_1270,0.0,1605312000000
tank_1272,0.0,1605312000000
tank_1275,0.0,1605312000000
tank_1276,9.0,1605312000000
tank_1279,0.0,1605312000000
tank_1280,0.0,1605312000000
tank_1284,0.0,1605312000000
tank_1285,0.0,1605312000000
tank_1286,11.0,1605312000000
tank_1290,0.0,1605312000000
tank_1291,0.0,1605312000000
tank_1293,0.0,1605312000000
tank_1295,0.0,1605312000000
tank_1297,0.0,1605312000000
tank_1301,6.0,1605312000000
tank_1302,9.0,1605312000000
tank_1304,0.0,1605312000000
tank_1305,2.8235294117647056,1605312000000
tank_1313,173.0,1605312000000
tank_1322,0.0,1605312000000
tank_1325,0.0,1605312000000
tank_1326,0.0,1605312000000
tank_1344,0.0,1605312000000
tank_1346,0.0,1605312000000
tank_1349,0.0,1605312000000
tank_1353,153.0,1605312000000
tank_1358,0.0,1605312000000
tank_1359,0.0,1605312000000
tank_1361,68.0,1605312000000
tank_1364,1006.0,1605312000000
tank_1365,0.0,1605312000000
tank_1372,0.0,1605312000000
tank_1374,260.0,1605312000000
tank_1378,511.0,1605312000000
tank_1380,67.0,1605312000000
tank_1386,42.0,1605312000000
tank_1391,20.0,1605312000000
tank_1393,0.0,1605312000000
tank_1396,0.0,1605312000000
tank_1397,0.0,1605312000000
tank_1403,0.0,1605312000000
tank_1409,0.0,1605312000000
tank_1412,0.0,1605312000000
tank_1415,0.0,1605312000000
tank_1416,0.0,1605312000000
tank_1421,144.0,1605312000000
tank_1422,0.0,1605312000000
tank_1425,387.0,1605312000000
tank_1426,0.0,1605312000000
tank_1430,0.0,1605312000000
tank_1433,231.0,1605312000000
tank_1438,0.0,1605312000000
tank_1439,17.68235294117647,1605312000000
tank_1441,0.0,1605312000000
tank_1443,0.0,1605312000000
tank_1445,0.0,1605312000000
tank_1446,0.0,1605312000000
tank_1450,0.0,1605312000000
tank_1452,0.0,1605312000000
tank_1456,0.0,1605312000000
tank_1466,0.0,1605312000000
tank_1471,0.0,1605312000000
tank_1475,498.0,1605312000000
tank_1486,1286.0,1605312000000
tank_1488,0.0,1605312000000
tank_1491,0.0,1605312000000
tank_1500,0.0,1605312000000
tank_1505,394.9490196078431,1605312000000
tank_1513,850.0,1605312000000
tank_1531,50.0,1605312000000
tank_1536,0.0,1605312000000
tank_1539,584.9254901960785,1605312000000
tank_1541,1.0,1605312000000
tank_1542,0.0,1605312000000
tank_1547,86.0,1605312000000
tank_1563,13.0,1605312000000
tank_1564,0.0,1605312000000
tank_1565,348.0,1605312000000
tank_1567,30.847058823529412,1605312000000
tank_1568,0.0,1605312000000
tank_1573,6.0,1605312000000
tank_1583,1.0,1605312000000
tank_1587,464.0,1605312000000
tank_1588,0.0,1605312000000
tank_1592,0.0,1605312000000
tank_1594,76.0,1605312000000
tank_1595,36.42745098039216,1605312000000
tank_1597,89.66274509803921,1605312000000
tank_1598,0.0,1605312000000
tank_1600,0.0,1605312000000
tank_1604,0.0,1605312000000
tank_0002,0.0,1606348800000
tank_0004,0.0,1606348800000
tank_0005,0.0,1606348800000
tank_0011,0.0,1606348800000
tank_0014,0.0,1606348800000
tank_0019,0.0,1606348800000
tank_0024,0.0,1606348800000
tank_0025,0.0,1606348800000
tank_0026,0.0,1606348800000
tank_0027,0.0,1606348800000
tank_0030,0.0,1606348800000
tank_0031,4.0,1606348800000
tank_0036,0.0,1606348800000
tank_0037,0.0,1606348800000
tank_0038,0.0,1606348800000
tank_0050,0.0,1606348800000
tank_0051,0.0,1606348800000
tank_0052,0.0,1606348800000
tank_0053,0.0,1606348800000
tank_0055,0.0,1606348800000
tank_0057,0.0,1606348800000
tank_0058,0.0,1606348800000
tank_0064,0.0,1606348800000
tank_0069,0.0,1606348800000
tank_0072,0.0,1606348800000
tank_0073,0.0,1606348800000
tank_0080,14.0,1606348800000
tank_0094,0.0,1606348800000
tank_0107,0.0,1606348800000
tank_0110,0.0,1606348800000
tank_0113,0.788235294117647,1606348800000
tank_0115,0.0,1606348800000
tank_0116,0.0,1606348800000
tank_0117,0.0,1606348800000
tank_0118,0.0,1606348800000
tank_0122,0.0,1606348800000
tank_0125,0.0,1606348800000
tank_0130,0.0,1606348800000
tank_0131,0.0,1606348800000
tank_0132,0.0,1606348800000
tank_0134,0.0,1606348800000
tank_0135,0.0,1606348800000
tank_0142,0.0,1606348800000
tank_0143,0.0,1606348800000
tank_0144,0.0,1606348800000
tank_0148,0.0,1606348800000
tank_0153,0.0,1606348800000
tank_0156,0.0,1606348800000
tank_0159,0.0,1606348800000
tank_0165,0.0,1606348800000
tank_0171,0.0,1606348800000
tank_0172,0.0,1606348800000
tank_0174,0.0,1606348800000
tank_0176,0.0,1606348800000
tank_0184,0.0,1606348800000
tank_0187,0.0,1606348800000
tank_0190,0.0,1606348800000
tank_0192,0.0,1606348800000
tank_0193,0.0,1606348800000
tank_0195,0.0,1606348800000
tank_0199,0.0,1606348800000
tank_0204,0.0,1606348800000
tank_0205,0.0,1606348800000
tank_0207,0.0,1606348800000
tank_0209,0.0,1606348800000
tank_0213,0.0,1606348800000
tank_0217,0.0,1606348800000
tank_0220,0.0,1606348800000
tank_0221,0.0,1606348800000
tank_0225,0.0,1606348800000
tank_0226,0.0,1606348800000
tank_0228,0.0,1606348800000
tank_0229,0.0,1606348800000
tank_0231,0.0,1606348800000
tank_0233,0.0,1606348800000
tank_0236,0.0,1606348800000
tank_0237,0.0,1606348800000
tank_0240,0.0,1606348800000
tank_0242,0.0,1606348800000
tank_0245,0.0,1606348800000
tank_0247,2.0,1606348800000
tank_0256,0.0,1606348800000
tank_0257,0.0,1606348800000
tank_0260,0.0,1606348800000
tank_0261,0.0,1606348800000
tank_0264,0.0,1606348800000
tank_0273,0.0,1606348800000
tank_0276,0.0,1606348800000
tank_0278,0.0,1606348800000
tank_0280,0.0,1606348800000
tank_0291,0.0,1606348800000
tank_0292,0.0,1606348800000
tank_0296,0.0,1606348800000
tank_0297,0.0,1606348800000
tank_0299,0.0,1606348800000
tank_0300,0.0,1606348800000
tank_0301,0.0,1606348800000
tank_0307,0.0,1606348800000
tank_0309,0.0,1606348800000
tank_0313,0.0,1606348800000
tank_0314,0.0,1606348800000
tank_0319,0.0,1606348800000
tank_0321,0.0,1606348800000
tank_0327,0.0,1606348800000
tank_0337,0.0,1606348800000
tank_0338,0.0,1606348800000
tank_0339,0.0,1606348800000
tank_0342,0.0,1606348800000
tank_0345,0.0,1606348800000
tank_0346,0.0,1606348800000
tank_0349,0.0,1606348800000
tank_0350,0.0,1606348800000
tank_0353,0.0,1606348800000
tank_0356,0.0,1606348800000
tank_0360,0.0,1606348800000
tank_0361,0.0,1606348800000
tank_0362,0.0,1606348800000
tank_0364,0.0,1606348800000
tank_0366,0.0,1606348800000
tank_0369,0.0,1606348800000
tank_0375,0.0,1606348800000
tank_0379,0.0,1606348800000
tank_0381,1.8156862745098037,1606348800000
tank_0386,0.0,1606348800000
tank_0390,0.0,1606348800000
tank_0397,0.0,1606348800000
tank_0399,0.0,1606348800000
tank_0404,0.0,1606348800000
tank_0409,0.0,1606348800000
tank_0420,0.0,1606348800000
tank_0425,0.0,1606348800000
tank_0431,0.0,1606348800000
tank_0432,0.0,1606348800000
tank_0435,0.0,1606348800000
tank_0436,0.0,1606348800000
tank_0438,0.0,1606348800000
tank_0443,0.0,1606348800000
tank_0444,0.0,1606348800000
tank_0447,0.0,1606348800000
tank_0448,2.0,1606348800000
tank_0449,0.0,1606348800000
tank_0455,0.0,1606348800000
tank_0460,0.0,1606348800000
tank_0462,0.0,1606348800000
tank_0466,0.0,1606348800000
tank_0471,0.0,1606348800000
tank_0473,0.0,1606348800000
tank_0474,0.0,1606348800000
tank_0481,0.0,1606348800000
tank_0485,0.0,1606348800000
tank_0489,0.0,1606348800000
tank_0491,0.0,1606348800000
tank_0494,0.0,1606348800000
tank_0497,0.0,1606348800000
tank_0498,0.0,1606348800000
tank_0502,0.0,1606348800000
tank_0505,0.0,1606348800000
tank_0509,0.0,1606348800000
tank_0512,8.0,1606348800000
tank_0514,0.0,1606348800000
tank_0515,0.0,1606348800000
tank_0521,0.0,1606348800000
tank_0524,0.0,1606348800000
tank_0526,46.0,1606348800000
tank_0533,0.0,1606348800000
tank_0534,0.0,1606348800000
tank_0536,0.0,1606348800000
tank_0537,0.0,1606348800000
tank_0541,0.0,1606348800000
tank_0547,0.0,1606348800000
tank_0552,0.0,1606348800000
tank_0555,0.0,1606348800000
tank_0556,0.0,1606348800000
tank_0557,0.0,1606348800000
tank_0560,0.0,1606348800000
tank_0561,0.0,1606348800000
tank_0566,0.0,1606348800000
tank_0567,0.0,1606348800000
tank_0568,0.0,1606348800000
tank_0574,0.0,1606348800000
tank_0579,0.0,1606348800000
tank_0583,44.0,1606348800000
tank_0587,0.0,1606348800000
tank_0589,0.0,1606348800000
tank_0590,0.0,1606348800000
tank_0592,0.0,1606348800000
tank_0593,0.0,1606348800000
tank_0595,0.0,1606348800000
tank_0600,0.0,1606348800000
tank_0604,0.0,1606348800000
tank_0606,0.0,1606348800000
tank_0607,0.0,1606348800000
tank_0608,42.0,1606348800000
tank_0610,0.0,1606348800000
tank_0611,0.0,1606348800000
tank_0612,0.0,1606348800000
tank_0613,0.0,1606348800000
tank_0619,0.0,1606348800000
tank_0626,0.0,1606348800000
tank_0627,0.0,1606348800000
tank_0628,0.0,1606348800000
tank_0632,0.0,1606348800000
tank_0633,0.0,1606348800000
tank_0639,0.0,1606348800000
tank_0640,0.0,1606348800000
tank_0641,2.533333333333333,1606348800000
tank_0643,0.0,1606348800000
tank_0646,0.0,1606348800000
tank_0663,0.0,1606348800000
tank_0664,0.0,1606348800000
tank_0666,0.0,1606348800000
tank_0667,0.0,1606348800000
tank_0670,4.0,1606348800000
tank_0675,0.0,1606348800000
tank_0676,14.0,1606348800000
tank_0678,0.0,1606348800000
tank_0681,0.0,1606348800000
tank_0687,0.0,1606348800000
tank_0688,0.0,1606348800000
tank_0697,0.0,1606348800000
tank_0720,0.0,1606348800000
tank_0722,0.0,1606348800000
tank_0724,0.0,1606348800000
tank_0725,0.0,1606348800000
tank_0728,0.0,1606348800000
tank_0730,0.0,1606348800000
tank_0731,0.0,1606348800000
tank_0732,0.0,1606348800000
tank_0737,20.0,1606348800000
tank_0739,0.0,1606348800000
tank_0740,0.0,1606348800000
tank_0746,0.0,1606348800000
tank_0748,0.0,1606348800000
tank_0749,0.0,1606348800000
tank_0752,0.0,1606348800000
tank_0760,0.0,1606348800000
tank_0770,0.0,1606348800000
tank_0772,0.0,1606348800000
tank_0788,0.0,1606348800000
tank_0789,0.0,1606348800000
tank_0792,0.0,1606348800000
tank_0797,0.0,1606348800000
tank_0800,0.0,1606348800000
tank_0802,0.0,1606348800000
tank_0803,0.0,1606348800000
tank_0808,0.0,1606348800000
tank_0810,0.0,1606348800000
tank_0811,0.0,1606348800000
tank_0812,0.0,1606348800000
tank_0813,0.0,1606348800000
tank_0816,0.0,1606348800000
tank_0819,0.0,1606348800000
tank_0823,0.0,1606348800000
tank_0824,227.0,1606348800000
tank_0825,0.0,1606348800000
tank_0828,1.0,1606348800000
tank_0829,50.984313725490196,1606348800000
tank_0830,0.0,1606348800000
tank_0831,0.0,1606348800000
tank_0844,0.0,1606348800000
tank_0852,8.0,1606348800000
tank_0855,6.0,1606348800000
tank_0856,342.0,1606348800000
tank_0860,0.0,1606348800000
tank_0861,0.0,1606348800000
tank_0872,0.0,1606348800000
tank_0875,10.0,1606348800000
tank_0879,0.0,1606348800000
tank_0885,0.0,1606348800000
tank_0891,0.0,1606348800000
tank_0894,155.0,1606348800000
tank_0898,239.87450980392157,1606348800000
tank_0900,13.0,1606348800000
tank_0901,89.0,1606348800000
tank_0902,16.0,1606348800000
tank_0914,39.0,1606348800000
tank_0917,310.0,1606348800000
tank_0919,0.0,1606348800000
tank_0920,63.0,1606348800000
tank_0922,43.0,1606348800000
tank_0923,0.0,1606348800000
tank_0924,0.0,1606348800000
tank_0926,0.0,1606348800000
tank_0927,0.0,1606348800000
tank_0928,0.0,1606348800000
tank_0930,90.0,1606348800000
tank_0931,0.0,1606348800000
tank_0933,0.0,1606348800000
tank_0934,0.0,1606348800000
tank_0937,0.0,1606348800000
tank_0938,0.0,1606348800000
tank_0939,0.0,1606348800000
tank_0944,20.0,1606348800000
tank_0946,0.0,1606348800000
tank_0952,1.0,1606348800000
tank_0958,0.0,1606348800000
tank_0962,296.0,1606348800000
tank_0967,0.0,1606348800000
tank_0975,0.0,1606348800000
tank_0978,0.0,1606348800000
tank_0990,0.0,1606348800000
tank_0991,136.0,1606348800000
tank_0998,0.0,1606348800000
tank_0999,0.0,1606348800000
tank_1003,363.0,1606348800000
tank_1004,0.0,1606348800000
tank_1014,49.0,1606348800000
tank_1026,184.0,1606348800000
tank_1031,19.0,1606348800000
tank_1032,0.0,1606348800000
tank_1034,0.0,1606348800000
tank_1042,8.0,1606348800000
tank_1045,15.0,1606348800000
tank_1049,22.0,1606348800000
tank_1055,0.9921568627450981,1606348800000
tank_1061,23.576470588235296,1606348800000
tank_1062,0.0,1606348800000
tank_1064,0.0,1606348800000
tank_1065,0.0,1606348800000
tank_1066,0.0,1606348800000
tank_1070,3.0,1606348800000
tank_1073,25.0,1606348800000
tank_1083,94.0,1606348800000
tank_1086,0.0,1606348800000
tank_1088,0.0,1606348800000
tank_1089,17.0,1606348800000
tank_1090,9.0,1606348800000
tank_1091,0.0,1606348800000
tank_1094,213.0,1606348800000
tank_1095,13.0,1606348800000
tank_1104,0.0,1606348800000
tank_1113,30.0,1606348800000
tank_1116,0.0,1606348800000
tank_1117,0.0,1606348800000
tank_1120,142.1764705882353,1606348800000
tank_1121,29.0,1606348800000
tank_1124,18.909803921568628,1606348800000
tank_1128,0.0,1606348800000
tank_1134,0.0,1606348800000
tank_1135,0.0,1606348800000
tank_1146,19.54901960784314,1606348800000
tank_1149,0.0,1606348800000
tank_1156,0.0,1606348800000
tank_1157,16.603921568627452,1606348800000
tank_1159,70.0,1606348800000
tank_1160,232.0,1606348800000
tank_1166,0.0,1606348800000
tank_1170,5.24313725490196,1606348800000
tank_1175,0.0,1606348800000
tank_1177,0.0,1606348800000
tank_1179,0.0,1606348800000
tank_1181,90.94117647058823,1606348800000
tank_1186,21.0,1606348800000
tank_1187,0.9529411764705882,1606348800000
tank_1190,0.0,1606348800000
tank_1192,16.0,1606348800000
tank_1196,0.0,1606348800000
tank_1197,490.0,1606348800000
tank_1201,12.0,1606348800000
tank_1203,0.0,1606348800000
tank_1205,60.0,1606348800000
tank_1209,87.0,1606348800000
tank_1217,0.0,1606348800000
tank_1223,0.0,1606348800000
tank_1226,0.0,1606348800000
tank_1228,5.0,1606348800000
tank_1230,0.0,1606348800000
tank_1237,0.0,1606348800000
tank_1239,156.91764705882355,1606348800000
tank_1245,0.0,1606348800000
tank_1246,0.0,1606348800000
tank_1250,0.0,1606348800000
tank_1254,189.0,1606348800000
tank_1255,0.0,1606348800000
tank_1258,33.0,1606348800000
tank_1261,0.0,1606348800000
tank_1262,0.0,1606348800000
tank_1263,0.0,1606348800000
tank_1265,0.0,1606348800000
tank_1270,0.0,1606348800000
tank_1272,0.0,1606348800000
tank_1275,0.0,1606348800000
tank_1276,2.0,1606348800000
tank_1279,0.0,1606348800000
tank_1280,0.0,1606348800000
tank_1284,0.0,1606348800000
tank_1285,0.0,1606348800000
tank_1286,1.0,1606348800000
tank_1290,0.0,1606348800000
tank_1291,0.0,1606348800000
tank_1293,0.0,1606348800000
tank_1295,0.0,1606348800000
tank_1297,0.0,1606348800000
tank_1301,8.0,1606348800000
tank_1302,14.0,1606348800000
tank_1304,0.0,1606348800000
tank_1305,0.0,1606348800000
tank_1313,0.0,1606348800000
tank_1322,0.0,1606348800000
tank_1325,0.0,1606348800000
tank_1326,0.0,1606348800000
tank_1344,0.0,1606348800000
tank_1346,0.0,1606348800000
tank_1349,0.0,1606348800000
tank_1353,45.0,1606348800000
tank_1358,0.0,1606348800000
tank_1359,0.0,1606348800000
tank_1361,16.0,1606348800000
tank_1364,122.0,1606348800000
tank_1365,0.0,1606348800000
tank_1372,0.0,1606348800000
tank_1374,48.0,1606348800000
tank_1378,40.0,1606348800000
tank_1380,26.0,1606348800000
tank_1386,7.0,1606348800000
tank_1391,17.0,1606348800000
tank_1393,0.0,1606348800000
tank_1396,0.0,1606348800000
tank_1397,0.0,1606348800000
tank_1403,0.0,1606348800000
tank_1409,0.0,1606348800000
tank_1412,0.0,1606348800000
tank_1415,0.0,1606348800000
tank_1416,0.0,1606348800000
tank_1421,25.0,1606348800000
tank_1422,0.0,1606348800000
tank_1425,58.0,1606348800000
tank_1426,0.0,1606348800000
tank_1430,0.0,1606348800000
tank_1433,26.0,1606348800000
tank_1438,0.0,1606348800000
tank_1439,8.952941176470588,1606348800000
tank_1441,0.0,1606348800000
tank_1443,0.0,1606348800000
tank_1445,0.0,1606348800000
tank_1446,0.0,1606348800000
tank_1450,0.0,1606348800000
tank_1452,0.0,1606348800000
tank_1456,0.0,1606348800000
tank_1466,0.0,1606348800000
tank_1471,0.0,1606348800000
tank_1475,38.0,1606348800000
tank_1486,69.0,1606348800000
tank_1488,0.0,1606348800000
tank_1491,0.0,1606348800000
tank_1500,0.0,1606348800000
tank_1505,61.0,1606348800000
tank_1513,19.0,1606348800000
tank_1531,37.0,1606348800000
tank_1536,0.0,1606348800000
tank_1539,106.0,1606348800000
tank_1541,0.0,1606348800000
tank_1542,0.0,1606348800000
tank_1547,45.0,1606348800000
tank_1563,10.0,1606348800000
tank_1564,0.0,1606348800000
tank_1565,288.0,1606348800000
tank_1567,16.0,1606348800000
tank_1568,0.0,1606348800000
tank_1573,7.0,1606348800000
tank_1583,0.0,1606348800000
tank_1587,49.0,1606348800000
tank_1588,0.0,1606348800000
tank_1592,0.0,1606348800000
tank_1594,53.0,1606348800000
tank_1595,24.427450980392162,1606348800000
tank_1597,51.54117647058824,1606348800000
tank_1598,0.0,1606348800000
tank_1600,0.0,1606348800000
tank_1604,0.0,1606348800000
tank_0002,0.0,1607385600000
tank_0004,0.0,1607385600000
tank_0005,0.0,1607385600000
tank_0011,0.0,1607385600000
tank_0014,0.0,1607385600000
tank_0019,0.0,1607385600000
tank_0024,0.0,1607385600000
tank_0025,0.0,1607385600000
tank_0026,0.0,1607385600000
tank_0027,0.0,1607385600000
tank_0030,0.0,1607385600000
tank_0031,4.0,1607385600000
tank_0036,0.0,1607385600000
tank_0037,0.0,1607385600000
tank_0038,0.0,1607385600000
tank_0050,0.0,1607385600000
tank_0051,0.0,1607385600000
tank_0052,0.0,1607385600000
tank_0053,0.0,1607385600000
tank_0055,0.0,1607385600000
tank_0057,0.0,1607385600000
tank_0058,0.0,1607385600000
tank_0064,0.0,1607385600000
tank_0069,0.0,1607385600000
tank_0072,0.0,1607385600000
tank_0073,0.0,1607385600000
tank_0080,13.0,1607385600000
tank_0094,0.0,1607385600000
tank_0107,0.0,1607385600000
tank_0110,0.0,1607385600000
tank_0113,0.0,1607385600000
tank_0115,0.0,1607385600000
tank_0116,0.0,1607385600000
tank_0117,0.0,1607385600000
tank_0118,0.0,1607385600000
tank_0122,0.0,1607385600000
tank_0125,0.0,1607385600000
tank_0130,0.0,1607385600000
tank_0131,0.0,1607385600000
tank_0132,0.0,1607385600000
tank_0134,0.0,1607385600000
tank_0135,0.0,1607385600000
tank_0142,0.0,1607385600000
tank_0143,0.0,1607385600000
tank_0144,0.0,1607385600000
tank_0148,0.0,1607385600000
tank_0153,0.0,1607385600000
tank_0156,0.0,1607385600000
tank_0159,0.0,1607385600000
tank_0165,0.0,1607385600000
tank_0171,0.0,1607385600000
tank_0172,0.0,1607385600000
tank_0174,0.0,1607385600000
tank_0176,0.0,1607385600000
tank_0184,0.0,1607385600000
tank_0187,0.0,1607385600000
tank_0190,0.0,1607385600000
tank_0192,0.0,1607385600000
tank_0193,0.0,1607385600000
tank_0195,0.0,1607385600000
tank_0199,0.0,1607385600000
tank_0204,0.0,1607385600000
tank_0205,0.0,1607385600000
tank_0207,0.0,1607385600000
tank_0209,0.0,1607385600000
tank_0213,0.0,1607385600000
tank_0217,0.0,1607385600000
tank_0220,0.0,1607385600000
tank_0221,0.0,1607385600000
tank_0225,0.0,1607385600000
tank_0226,0.0,1607385600000
tank_0228,0.0,1607385600000
tank_0229,0.0,1607385600000
tank_0231,0.0,1607385600000
tank_0233,0.0,1607385600000
tank_0236,0.0,1607385600000
tank_0237,0.0,1607385600000
tank_0240,0.0,1607385600000
tank_0242,0.0,1607385600000
tank_0245,0.0,1607385600000
tank_0247,0.0,1607385600000
tank_0256,0.0,1607385600000
tank_0257,0.0,1607385600000
tank_0260,0.0,1607385600000
tank_0261,0.0,1607385600000
tank_0264,0.0,1607385600000
tank_0273,0.0,1607385600000
tank_0276,0.0,1607385600000
tank_0278,0.0,1607385600000
tank_0280,0.0,1607385600000
tank_0291,0.0,1607385600000
tank_0292,0.0,1607385600000
tank_0296,0.0,1607385600000
tank_0297,0.0,1607385600000
tank_0299,0.0,1607385600000
tank_0300,0.7215686274509804,1607385600000
tank_0301,0.0,1607385600000
tank_0307,0.0,1607385600000
tank_0309,0.0,1607385600000
tank_0313,0.0,1607385600000
tank_0314,0.0,1607385600000
tank_0319,0.0,1607385600000
tank_0321,0.0,1607385600000
tank_0327,0.0,1607385600000
tank_0337,0.0,1607385600000
tank_0338,0.0,1607385600000
tank_0339,0.0,1607385600000
tank_0342,0.0,1607385600000
tank_0345,0.0,1607385600000
tank_0346,0.0,1607385600000
tank_0349,0.0,1607385600000
tank_0350,0.0,1607385600000
tank_0353,0.0,1607385600000
tank_0356,0.0,1607385600000
tank_0360,0.0,1607385600000
tank_0361,0.0,1607385600000
tank_0362,0.0,1607385600000
tank_0364,0.0,1607385600000
tank_0366,0.0,1607385600000
tank_0369,0.0,1607385600000
tank_0375,0.0,1607385600000
tank_0379,0.0,1607385600000
tank_0381,0.0,1607385600000
tank_0386,0.0,1607385600000
tank_0390,0.0,1607385600000
tank_0397,0.0,1607385600000
tank_0399,0.0,1607385600000
tank_0404,0.0,1607385600000
tank_0409,0.0,1607385600000
tank_0420,0.0,1607385600000
tank_0425,0.0,1607385600000
tank_0431,0.0,1607385600000
tank_0432,0.0,1607385600000
tank_0435,0.0,1607385600000
tank_0436,0.0,1607385600000
tank_0438,0.0,1607385600000
tank_0443,0.0,1607385600000
tank_0444,0.0,1607385600000
tank_0447,0.0,1607385600000
tank_0448,0.0,1607385600000
tank_0449,0.0,1607385600000
tank_0455,0.0,1607385600000
tank_0460,0.0,1607385600000
tank_0462,0.0,1607385600000
tank_0466,0.0,1607385600000
tank_0471,0.0,1607385600000
tank_0473,0.0,1607385600000
tank_0474,0.0,1607385600000
tank_0481,0.0,1607385600000
tank_0485,0.0,1607385600000
tank_0489,0.0,1607385600000
tank_0491,0.0,1607385600000
tank_0494,0.0,1607385600000
tank_0497,0.0,1607385600000
tank_0498,0.0,1607385600000
tank_0502,0.0,1607385600000
tank_0505,0.0,1607385600000
tank_0509,0.0,1607385600000
tank_0512,23.0,1607385600000
tank_0514,0.0,1607385600000
tank_0515,0.0,1607385600000
tank_0521,0.0,1607385600000
tank_0524,0.0,1607385600000
tank_0526,46.0,1607385600000
tank_0533,0.0,1607385600000
tank_0534,0.0,1607385600000
tank_0536,0.0,1607385600000
tank_0537,0.0,1607385600000
tank_0541,0.0,1607385600000
tank_0547,0.0,1607385600000
tank_0552,0.0,1607385600000
tank_0555,0.0,1607385600000
tank_0556,0.0,1607385600000
tank_0557,0.0,1607385600000
tank_0560,0.0,1607385600000
tank_0561,0.0,1607385600000
tank_0566,0.0,1607385600000
tank_0567,0.0,1607385600000
tank_0568,0.0,1607385600000
tank_0574,0.0,1607385600000
tank_0579,0.0,1607385600000
tank_0583,9.0,1607385600000
tank_0587,0.0,1607385600000
tank_0589,0.0,1607385600000
tank_0590,0.0,1607385600000
tank_0592,0.0,1607385600000
tank_0593,0.0,1607385600000
tank_0595,0.0,1607385600000
tank_0600,0.0,1607385600000
tank_0604,0.0,1607385600000
tank_0606,0.0,1607385600000
tank_0607,0.0,1607385600000
tank_0608,0.0,1607385600000
tank_0610,0.0,1607385600000
tank_0611,0.0,1607385600000
tank_0612,0.0,1607385600000
tank_0613,0.0,1607385600000
tank_0619,0.0,1607385600000
tank_0626,0.0,1607385600000
tank_0627,0.0,1607385600000
tank_0628,0.0,1607385600000
tank_0632,0.0,1607385600000
tank_0633,0.0,1607385600000
tank_0639,0.0,1607385600000
tank_0640,0.0,1607385600000
tank_0641,0.0,1607385600000
tank_0643,2.0,1607385600000
tank_0646,0.0,1607385600000
tank_0663,0.0,1607385600000
tank_0664,0.0,1607385600000
tank_0666,0.0,1607385600000
tank_0667,0.0,1607385600000
tank_0670,0.0,1607385600000
tank_0675,0.0,1607385600000
tank_0676,12.0,1607385600000
tank_0678,0.0,1607385600000
tank_0681,0.0,1607385600000
tank_0687,0.0,1607385600000
tank_0688,0.0,1607385600000
tank_0697,0.0,1607385600000
tank_0720,0.0,1607385600000
tank_0722,0.0,1607385600000
tank_0724,0.0,1607385600000
tank_0725,0.0,1607385600000
tank_0728,0.0,1607385600000
tank_0730,0.0,1607385600000
tank_0731,0.0,1607385600000
tank_0732,0.0,1607385600000
tank_0737,7.0,1607385600000
tank_0739,0.0,1607385600000
tank_0740,0.0,1607385600000
tank_0746,0.0,1607385600000
tank_0748,0.0,1607385600000
tank_0749,0.0,1607385600000
tank_0752,0.0,1607385600000
tank_0760,0.0,1607385600000
tank_0770,0.0,1607385600000
tank_0772,0.0,1607385600000
tank_0788,0.0,1607385600000
tank_0789,0.0,1607385600000
tank_0792,0.0,1607385600000
tank_0797,0.0,1607385600000
tank_0800,0.0,1607385600000
tank_0802,0.0,1607385600000
tank_0803,0.0,1607385600000
tank_0808,0.0,1607385600000
tank_0810,0.0,1607385600000
tank_0811,0.0,1607385600000
tank_0812,0.0,1607385600000
tank_0813,0.0,1607385600000
tank_0816,0.0,1607385600000
tank_0819,0.0,1607385600000
tank_0823,0.0,1607385600000
tank_0824,64.0,1607385600000
tank_0825,0.0,1607385600000
tank_0828,0.0,1607385600000
tank_0829,47.984313725490196,1607385600000
tank_0830,0.0,1607385600000
tank_0831,0.0,1607385600000
tank_0844,0.0,1607385600000
tank_0852,5.0,1607385600000
tank_0855,37.0,1607385600000
tank_0856,161.0,1607385600000
tank_0860,0.0,1607385600000
tank_0861,0.0,1607385600000
tank_0872,0.0,1607385600000
tank_0875,0.0,1607385600000
tank_0879,0.0,1607385600000
tank_0885,0.0,1607385600000
tank_0891,0.0,1607385600000
tank_0894,103.0,1607385600000
tank_0898,159.0,1607385600000
tank_0900,6.0,1607385600000
tank_0901,50.0,1607385600000
tank_0902,23.0,1607385600000
tank_0914,23.0,1607385600000
tank_0917,214.0,1607385600000
tank_0919,0.0,1607385600000
tank_0920,21.0,1607385600000
tank_0922,35.9921568627451,1607385600000
tank_0923,0.0,1607385600000
tank_0924,0.0,1607385600000
tank_0926,0.0,1607385600000
tank_0927,0.0,1607385600000
tank_0928,0.0,1607385600000
tank_0930,94.0,1607385600000
tank_0931,1.0,1607385600000
tank_0933,0.0,1607385600000
tank_0934,0.0,1607385600000
tank_0937,0.0,1607385600000
tank_0938,0.0,1607385600000
tank_0939,0.0,1607385600000
tank_0944,14.0,1607385600000
tank_0946,0.0,1607385600000
tank_0952,0.0,1607385600000
tank_0958,0.0,1607385600000
tank_0962,594.0,1607385600000
tank_0967,3.0,1607385600000
tank_0975,0.0,1607385600000
tank_0978,0.0,1607385600000
tank_0990,0.0,1607385600000
tank_0991,107.0,1607385600000
tank_0998,0.0,1607385600000
tank_0999,0.0,1607385600000
tank_1003,139.0,1607385600000
tank_1004,0.0,1607385600000
tank_1014,43.0,1607385600000
tank_1026,129.0,1607385600000
tank_1031,6.0,1607385600000
tank_1032,0.0,1607385600000
tank_1034,0.0,1607385600000
tank_1042,11.0,1607385600000
tank_1045,9.0,1607385600000
tank_1049,51.0,1607385600000
tank_1055,0.0,1607385600000
tank_1061,29.91372549019608,1607385600000
tank_1062,0.0,1607385600000
tank_1064,0.0,1607385600000
tank_1065,0.0,1607385600000
tank_1066,0.0,1607385600000
tank_1070,13.0,1607385600000
tank_1073,11.0,1607385600000
tank_1083,93.0,1607385600000
tank_1086,0.0,1607385600000
tank_1088,0.0,1607385600000
tank_1089,19.0,1607385600000
tank_1090,0.0,1607385600000
tank_1091,0.0,1607385600000
tank_1094,569.0,1607385600000
tank_1095,10.0,1607385600000
tank_1104,0.0,1607385600000
tank_1113,36.0,1607385600000
tank_1116,0.0,1607385600000
tank_1117,0.0,1607385600000
tank_1120,135.0,1607385600000
tank_1121,155.0,1607385600000
tank_1124,19.96470588235294,1607385600000
tank_1128,0.0,1607385600000
tank_1134,0.0,1607385600000
tank_1135,7.0,1607385600000
tank_1146,12.549019607843137,1607385600000
tank_1149,0.0,1607385600000
tank_1156,0.0,1607385600000
tank_1157,1.219607843137255,1607385600000
tank_1159,29.0,1607385600000
tank_1160,252.0,1607385600000
tank_1166,0.0,1607385600000
tank_1170,3.7215686274509805,1607385600000
tank_1175,0.0,1607385600000
tank_1177,0.0,1607385600000
tank_1179,0.0,1607385600000
tank_1181,117.94117647058823,1607385600000
tank_1186,42.0,1607385600000
tank_1187,1.396078431372549,1607385600000
tank_1190,0.0,1607385600000
tank_1192,20.0,1607385600000
tank_1196,0.0,1607385600000
tank_1197,272.0,1607385600000
tank_1201,89.0,1607385600000
tank_1203,0.0,1607385600000
tank_1205,96.0,1607385600000
tank_1209,379.0,1607385600000
tank_1217,0.0,1607385600000
tank_1223,0.0,1607385600000
tank_1226,0.0,1607385600000
tank_1228,13.0,1607385600000
tank_1230,0.0,1607385600000
tank_1237,0.0,1607385600000
tank_1239,188.91764705882352,1607385600000
tank_1245,0.0,1607385600000
tank_1246,0.0,1607385600000
tank_1250,0.0,1607385600000
tank_1254,445.0,1607385600000
tank_1255,0.0,1607385600000
tank_1258,34.0,1607385600000
tank_1261,0.0,1607385600000
tank_1262,0.0,1607385600000
tank_1263,0.0,1607385600000
tank_1265,0.0,1607385600000
tank_1270,0.0,1607385600000
tank_1272,0.0,1607385600000
tank_1275,0.0,1607385600000
tank_1276,1.0,1607385600000
tank_1279,0.0,1607385600000
tank_1280,0.0,1607385600000
tank_1284,0.0,1607385600000
tank_1285,0.0,1607385600000
tank_1286,8.0,1607385600000
tank_1290,0.0,1607385600000
tank_1291,0.0,1607385600000
tank_1293,0.0,1607385600000
tank_1295,0.0,1607385600000
tank_1297,0.0,1607385600000
tank_1301,61.0,1607385600000
tank_1302,11.0,1607385600000
tank_1304,0.0,1607385600000
tank_1305,0.0,1607385600000
tank_1313,9.0,1607385600000
tank_1322,0.0,1607385600000
tank_1325,0.0,1607385600000
tank_1326,0.0,1607385600000
tank_1344,0.0,1607385600000
tank_1346,0.0,1607385600000
tank_1349,0.0,1607385600000
tank_1353,192.0,1607385600000
tank_1358,0.0,1607385600000
tank_1359,0.0,1607385600000
tank_1361,26.0,1607385600000
tank_1364,211.0,1607385600000
tank_1365,0.0,1607385600000
tank_1372,0.0,1607385600000
tank_1374,98.0,1607385600000
tank_1378,116.0,1607385600000
tank_1380,76.0,1607385600000
tank_1386,47.0,1607385600000
tank_1391,19.0,1607385600000
tank_1393,0.0,1607385600000
tank_1396,0.0,1607385600000
tank_1397,0.0,1607385600000
tank_1403,0.0,1607385600000
tank_1409,0.0,1607385600000
tank_1412,0.0,1607385600000
tank_1415,0.0,1607385600000
tank_1416,0.0,1607385600000
tank_1421,110.0,1607385600000
tank_1422,0.0,1607385600000
tank_1425,91.0,1607385600000
tank_1426,0.0,1607385600000
tank_1430,0.0,1607385600000
tank_1433,112.0,1607385600000
tank_1438,0.0,1607385600000
tank_1439,7.431372549019608,1607385600000
tank_1441,0.0,1607385600000
tank_1443,0.0,1607385600000
tank_1445,0.0,1607385600000
tank_1446,0.0,1607385600000
tank_1450,0.0,1607385600000
tank_1452,0.0,1607385600000
tank_1456,0.0,1607385600000
tank_1466,0.0,1607385600000
tank_1471,0.0,1607385600000
tank_1475,299.0,1607385600000
tank_1486,780.0,1607385600000
tank_1488,0.0,1607385600000
tank_1491,0.0,1607385600000
tank_1500,0.0,1607385600000
tank_1505,76.0,1607385600000
tank_1513,169.0,1607385600000
tank_1531,43.0,1607385600000
tank_1536,0.0,1607385600000
tank_1539,168.0,1607385600000
tank_1541,0.0,1607385600000
tank_1542,0.0,1607385600000
tank_1547,60.0,1607385600000
tank_1563,0.0,1607385600000
tank_1564,0.0,1607385600000
tank_1565,144.0,1607385600000
tank_1567,28.0,1607385600000
tank_1568,0.0,1607385600000
tank_1573,0.0,1607385600000
tank_1583,0.0,1607385600000
tank_1587,40.0,1607385600000
tank_1588,0.0,1607385600000
tank_1592,0.0,1607385600000
tank_1594,69.0,1607385600000
tank_1595,26.835294117647067,1607385600000
tank_1597,61.59607843137255,1607385600000
tank_1598,0.0,1607385600000
tank_1600,0.0,1607385600000
tank_1604,0.0,1607385600000
tank_0002,0.0,1608422400000
tank_0004,0.0,1608422400000
tank_0005,0.0,1608422400000
tank_0011,0.0,1608422400000
tank_0014,0.0,1608422400000
tank_0019,0.0,1608422400000
tank_0024,0.0,1608422400000
tank_0025,0.0,1608422400000
tank_0026,0.0,1608422400000
tank_0027,0.0,1608422400000
tank_0030,0.0,1608422400000
tank_0031,4.0,1608422400000
tank_0036,0.0,1608422400000
tank_0037,0.0,1608422400000
tank_0038,0.0,1608422400000
tank_0050,0.0,1608422400000
tank_0051,0.0,1608422400000
tank_0052,0.0,1608422400000
tank_0053,0.0,1608422400000
tank_0055,0.0,1608422400000
tank_0057,0.0,1608422400000
tank_0058,0.0,1608422400000
tank_0064,0.0,1608422400000
tank_0069,0.0,1608422400000
tank_0072,0.0,1608422400000
tank_0073,0.0,1608422400000
tank_0080,13.0,1608422400000
tank_0094,0.0,1608422400000
tank_0107,0.0,1608422400000
tank_0110,0.0,1608422400000
tank_0113,6.898039215686275,1608422400000
tank_0115,0.0,1608422400000
tank_0116,4.0,1608422400000
tank_0117,0.0,1608422400000
tank_0118,0.0,1608422400000
tank_0122,0.0,1608422400000
tank_0125,1.0,1608422400000
tank_0130,0.0,1608422400000
tank_0131,0.0,1608422400000
tank_0132,0.0,1608422400000
tank_0134,0.0,1608422400000
tank_0135,0.0,1608422400000
tank_0142,0.0,1608422400000
tank_0143,0.0,1608422400000
tank_0144,0.0,1608422400000
tank_0148,0.0,1608422400000
tank_0153,0.0,1608422400000
tank_0156,2.0,1608422400000
tank_0159,0.0,1608422400000
tank_0165,0.0,1608422400000
tank_0171,0.0,1608422400000
tank_0172,0.0,1608422400000
tank_0174,1.1058823529411765,1608422400000
tank_0176,0.0,1608422400000
tank_0184,0.0,1608422400000
tank_0187,2.0,1608422400000
tank_0190,1.396078431372549,1608422400000
tank_0192,0.0,1608422400000
tank_0193,0.0,1608422400000
tank_0195,0.0,1608422400000
tank_0199,0.0,1608422400000
tank_0204,0.0,1608422400000
tank_0205,0.0,1608422400000
tank_0207,0.0,1608422400000
tank_0209,0.0,1608422400000
tank_0213,3.0,1608422400000
tank_0217,0.0,1608422400000
tank_0220,0.0,1608422400000
tank_0221,0.35294117647058826,1608422400000
tank_0225,0.0,1608422400000
tank_0226,0.0,1608422400000
tank_0228,0.0,1608422400000
tank_0229,0.0,1608422400000
tank_0231,0.0,1608422400000
tank_0233,0.0,1608422400000
tank_0236,0.25098039215686274,1608422400000
tank_0237,0.0,1608422400000
tank_0240,0.0,1608422400000
tank_0242,0.0,1608422400000
tank_0245,0.0,1608422400000
tank_0247,20.0,1608422400000
tank_0256,0.0,1608422400000
tank_0257,0.0,1608422400000
tank_0260,0.0,1608422400000
tank_0261,0.0,1608422400000
tank_0264,0.0,1608422400000
tank_0273,0.0,1608422400000
tank_0276,0.0,1608422400000
tank_0278,0.0,1608422400000
tank_0280,0.0,1608422400000
tank_0291,2.0,1608422400000
tank_0292,0.0,1608422400000
tank_0296,0.0,1608422400000
tank_0297,4.0,1608422400000
tank_0299,0.0,1608422400000
tank_0300,1.6823529411764706,1608422400000
tank_0301,0.0,1608422400000
tank_0307,0.0,1608422400000
tank_0309,0.0,1608422400000
tank_0313,0.0,1608422400000
tank_0314,0.0,1608422400000
tank_0319,0.0,1608422400000
tank_0321,0.0,1608422400000
tank_0327,0.0,1608422400000
tank_0337,0.0,1608422400000
tank_0338,1.0,1608422400000
tank_0339,0.0,1608422400000
tank_0342,0.0,1608422400000
tank_0345,0.0,1608422400000
tank_0346,0.0,1608422400000
tank_0349,0.0,1608422400000
tank_0350,0.0,1608422400000
tank_0353,2.0,1608422400000
tank_0356,0.0,1608422400000
tank_0360,0.0,1608422400000
tank_0361,0.0,1608422400000
tank_0362,0.0,1608422400000
tank_0364,0.0,1608422400000
tank_0366,0.0,1608422400000
tank_0369,0.0,1608422400000
tank_0375,0.0,1608422400000
tank_0379,0.0,1608422400000
tank_0381,3.3725490196078427,1608422400000
tank_0386,0.0,1608422400000
tank_0390,0.0,1608422400000
tank_0397,0.0,1608422400000
tank_0399,0.0,1608422400000
tank_0404,3.9568627450980394,1608422400000
tank_0409,0.0,1608422400000
tank_0420,0.0,1608422400000
tank_0425,0.0,1608422400000
tank_0431,0.0,1608422400000
tank_0432,0.0,1608422400000
tank_0435,0.0,1608422400000
tank_0436,0.0,1608422400000
tank_0438,0.0,1608422400000
tank_0443,0.0,1608422400000
tank_0444,0.0,1608422400000
tank_0447,0.0,1608422400000
tank_0448,0.0,1608422400000
tank_0449,0.0,1608422400000
tank_0455,0.0,1608422400000
tank_0460,0.0,1608422400000
tank_0462,0.0,1608422400000
tank_0466,0.0,1608422400000
tank_0471,0.0,1608422400000
tank_0473,0.0,1608422400000
tank_0474,3.0,1608422400000
tank_0481,1.0705882352941176,1608422400000
tank_0485,0.0,1608422400000
tank_0489,0.0,1608422400000
tank_0491,0.0,1608422400000
tank_0494,0.0,1608422400000
tank_0497,0.0,1608422400000
tank_0498,0.0,1608422400000
tank_0502,0.0,1608422400000
tank_0505,0.0,1608422400000
tank_0509,0.0,1608422400000
tank_0512,33.0,1608422400000
tank_0514,0.0,1608422400000
tank_0515,5.0,1608422400000
tank_0521,0.0,1608422400000
tank_0524,0.0,1608422400000
tank_0526,62.74117647058823,1608422400000
tank_0533,0.0,1608422400000
tank_0534,0.0,1608422400000
tank_0536,0.0,1608422400000
tank_0537,0.0,1608422400000
tank_0541,0.0,1608422400000
tank_0547,0.0,1608422400000
tank_0552,1.0,1608422400000
tank_0555,2.0,1608422400000
tank_0556,0.7450980392156863,1608422400000
tank_0557,0.0,1608422400000
tank_0560,0.0,1608422400000
tank_0561,0.0,1608422400000
tank_0566,0.0,1608422400000
tank_0567,0.0,1608422400000
tank_0568,2.5058823529411764,1608422400000
tank_0574,0.0,1608422400000
tank_0579,0.0,1608422400000
tank_0583,57.0,1608422400000
tank_0587,0.0,1608422400000
tank_0589,0.0,1608422400000
tank_0590,0.0,1608422400000
tank_0592,0.0,1608422400000
tank_0593,0.0,1608422400000
tank_0595,0.0,1608422400000
tank_0600,0.0,1608422400000
tank_0604,0.0,1608422400000
tank_0606,0.0,1608422400000
tank_0607,0.0,1608422400000
tank_0608,100.0,1608422400000
tank_0610,0.0,1608422400000
tank_0611,0.0,1608422400000
tank_0612,0.0,1608422400000
tank_0613,0.0,1608422400000
tank_0619,0.0,1608422400000
tank_0626,0.0,1608422400000
tank_0627,0.0,1608422400000
tank_0628,0.0,1608422400000
tank_0632,0.0,1608422400000
tank_0633,0.0,1608422400000
tank_0639,0.0,1608422400000
tank_0640,0.0,1608422400000
tank_0641,0.0,1608422400000
tank_0643,18.32549019607843,1608422400000
tank_0646,0.0,1608422400000
tank_0663,0.0,1608422400000
tank_0664,0.0,1608422400000
tank_0666,0.0,1608422400000
tank_0667,0.0,1608422400000
tank_0670,7.0,1608422400000
tank_0675,0.0,1608422400000
tank_0676,46.0,1608422400000
tank_0678,0.0,1608422400000
tank_0681,0.0,1608422400000
tank_0687,0.0,1608422400000
tank_0688,0.0,1608422400000
tank_0697,0.0,1608422400000
tank_0720,0.0,1608422400000
tank_0722,0.0,1608422400000
tank_0724,0.0,1608422400000
tank_0725,0.0,1608422400000
tank_0728,0.0,1608422400000
tank_0730,0.0,1608422400000
tank_0731,0.0,1608422400000
tank_0732,0.0,1608422400000
tank_0737,191.0,1608422400000
tank_0739,0.4549019607843137,1608422400000
tank_0740,0.0,1608422400000
tank_0746,0.0,1608422400000
tank_0748,0.0,1608422400000
tank_0749,0.0,1608422400000
tank_0752,0.0,1608422400000
tank_0760,0.0,1608422400000
tank_0770,0.0,1608422400000
tank_0772,0.0,1608422400000
tank_0788,0.0,1608422400000
tank_0789,0.0,1608422400000
tank_0792,14.627450980392158,1608422400000
tank_0797,0.0,1608422400000
tank_0800,0.0,1608422400000
tank_0802,0.0,1608422400000
tank_0803,1.776470588235294,1608422400000
tank_0808,15.0,1608422400000
tank_0810,0.0,1608422400000
tank_0811,0.0,1608422400000
tank_0812,0.0,1608422400000
tank_0813,11.729411764705882,1608422400000
tank_0816,10.12156862745098,1608422400000
tank_0819,0.0,1608422400000
tank_0823,0.0,1608422400000
tank_0824,579.0,1608422400000
tank_0825,0.0,1608422400000
tank_0828,0.0,1608422400000
tank_0829,63.984313725490196,1608422400000
tank_0830,0.0,1608422400000
tank_0831,0.0,1608422400000
tank_0844,0.0,1608422400000
tank_0852,0.0,1608422400000
tank_0855,56.0,1608422400000
tank_0856,930.0,1608422400000
tank_0860,0.0,1608422400000
tank_0861,0.0,1608422400000
tank_0872,0.0,1608422400000
tank_0875,52.0,1608422400000
tank_0879,0.0,1608422400000
tank_0885,0.0,1608422400000
tank_0891,0.0,1608422400000
tank_0894,1049.0,1608422400000
tank_0898,483.0,1608422400000
tank_0900,3.0,1608422400000
tank_0901,114.64705882352942,1608422400000
tank_0902,111.0,1608422400000
tank_0914,57.0,1608422400000
tank_0917,589.0,1608422400000
tank_0919,0.0,1608422400000
tank_0920,55.0,1608422400000
tank_0922,70.0,1608422400000
tank_0923,0.0,1608422400000
tank_0924,0.0,1608422400000
tank_0926,0.0,1608422400000
tank_0927,0.0,1608422400000
tank_0928,0.0,1608422400000
tank_0930,121.0,1608422400000
tank_0931,0.0,1608422400000
tank_0933,0.0,1608422400000
tank_0934,0.0,1608422400000
tank_0937,0.0,1608422400000
tank_0938,0.0,1608422400000
tank_0939,1.0,1608422400000
tank_0944,17.0,1608422400000
tank_0946,0.0,1608422400000
tank_0952,0.0,1608422400000
tank_0958,0.0,1608422400000
tank_0962,1056.0,1608422400000
tank_0967,4.0,1608422400000
tank_0975,0.0,1608422400000
tank_0978,0.0,1608422400000
tank_0990,0.0,1608422400000
tank_0991,679.0,1608422400000
tank_0998,0.0,1608422400000
tank_0999,0.0,1608422400000
tank_1003,958.9333333333334,1608422400000
tank_1004,0.0,1608422400000
tank_1014,120.0,1608422400000
tank_1026,246.99607843137255,1608422400000
tank_1031,30.0,1608422400000
tank_1032,11.419607843137253,1608422400000
tank_1034,2.8666666666666667,1608422400000
tank_1042,38.674509803921566,1608422400000
tank_1045,32.0,1608422400000
tank_1049,56.0,1608422400000
tank_1055,14.031372549019608,1608422400000
tank_1061,22.0,1608422400000
tank_1062,0.0,1608422400000
tank_1064,6.5058823529411764,1608422400000
tank_1065,6.831372549019608,1608422400000
tank_1066,0.0,1608422400000
tank_1070,45.0,1608422400000
tank_1073,78.0,1608422400000
tank_1083,214.0,1608422400000
tank_1086,0.0,1608422400000
tank_1088,21.247058823529414,1608422400000
tank_1089,28.0,1608422400000
tank_1090,18.0,1608422400000
tank_1091,0.0,1608422400000
tank_1094,991.0,1608422400000
tank_1095,11.0,1608422400000
tank_1104,8.733333333333333,1608422400000
tank_1113,50.0,1608422400000
tank_1116,0.0,1608422400000
tank_1117,0.0,1608422400000
tank_1120,335.0,1608422400000
tank_1121,405.0,1608422400000
tank_1124,23.788235294117648,1608422400000
tank_1128,63.450980392156865,1608422400000
tank_1134,0.0,1608422400000
tank_1135,13.847058823529412,1608422400000
tank_1146,21.0,1608422400000
tank_1149,0.0,1608422400000
tank_1156,0.0,1608422400000
tank_1157,28.11764705882353,1608422400000
tank_1159,229.0,1608422400000
tank_1160,568.0,1608422400000
tank_1166,3.0,1608422400000
tank_1170,32.8235294117647,1608422400000
tank_1175,0.0,1608422400000
tank_1177,1.0,1608422400000
tank_1179,0.0,1608422400000
tank_1181,161.94117647058823,1608422400000
tank_1186,50.0,1608422400000
tank_1187,0.0,1608422400000
tank_1190,0.0,1608422400000
tank_1192,30.886274509803922,1608422400000
tank_1196,0.0,1608422400000
tank_1197,1602.0,1608422400000
tank_1201,124.0,1608422400000
tank_1203,0.0,1608422400000
tank_1205,117.0,1608422400000
tank_1209,770.0,1608422400000
tank_1217,0.0,1608422400000
tank_1223,2.0,1608422400000
tank_1226,0.0,1608422400000
tank_1228,17.0,1608422400000
tank_1230,0.0,1608422400000
tank_1237,0.0,1608422400000
tank_1239,805.8666666666667,1608422400000
tank_1245,0.0,1608422400000
tank_1246,0.0,1608422400000
tank_1250,0.0,1608422400000
tank_1254,1469.0,1608422400000
tank_1255,0.0,1608422400000
tank_1258,50.0,1608422400000
tank_1261,0.0,1608422400000
tank_1262,0.0,1608422400000
tank_1263,4.0,1608422400000
tank_1265,0.0,1608422400000
tank_1270,14.0,1608422400000
tank_1272,0.0,1608422400000
tank_1275,0.0,1608422400000
tank_1276,20.0,1608422400000
tank_1279,0.0,1608422400000
tank_1280,0.0,1608422400000
tank_1284,0.0,1608422400000
tank_1285,0.0,1608422400000
tank_1286,13.0,1608422400000
tank_1290,0.0,1608422400000
tank_1291,0.0,1608422400000
tank_1293,6.0,1608422400000
tank_1295,0.0,1608422400000
tank_1297,0.0,1608422400000
tank_1301,232.94901960784316,1608422400000
tank_1302,14.0,1608422400000
tank_1304,0.0,1608422400000
tank_1305,0.0,1608422400000
tank_1313,357.0,1608422400000
tank_1322,0.0,1608422400000
tank_1325,0.0,1608422400000
tank_1326,0.0,1608422400000
tank_1344,0.0,1608422400000
tank_1346,0.0,1608422400000
tank_1349,0.0,1608422400000
tank_1353,373.7725490196078,1608422400000
tank_1358,0.0,1608422400000
tank_1359,0.0,1608422400000
tank_1361,376.0,1608422400000
tank_1364,1157.0,1608422400000
tank_1365,0.0,1608422400000
tank_1372,0.0,1608422400000
tank_1374,245.75294117647059,1608422400000
tank_1378,521.0,1608422400000
tank_1380,68.0,1608422400000
tank_1386,99.9843137254902,1608422400000
tank_1391,19.0,1608422400000
tank_1393,0.0,1608422400000
tank_1396,0.0,1608422400000
tank_1397,0.0,1608422400000
tank_1403,6.0,1608422400000
tank_1409,0.0,1608422400000
tank_1412,0.0,1608422400000
tank_1415,0.0,1608422400000
tank_1416,0.0,1608422400000
tank_1421,193.37254901960785,1608422400000
tank_1422,0.0,1608422400000
tank_1425,484.0,1608422400000
tank_1426,0.0,1608422400000
tank_1430,0.0,1608422400000
tank_1433,310.0,1608422400000
tank_1438,0.0,1608422400000
tank_1439,12.60392156862745,1608422400000
tank_1441,0.0,1608422400000
tank_1443,0.0,1608422400000
tank_1445,0.0,1608422400000
tank_1446,0.0,1608422400000
tank_1450,0.0,1608422400000
tank_1452,0.0,1608422400000
tank_1456,0.0,1608422400000
tank_1466,0.0,1608422400000
tank_1471,0.0,1608422400000
tank_1475,389.73333333333335,1608422400000
tank_1486,1332.0,1608422400000
tank_1488,0.0,1608422400000
tank_1491,1.0,1608422400000
tank_1500,0.0,1608422400000
tank_1505,476.0,1608422400000
tank_1513,855.0,1608422400000
tank_1531,70.0,1608422400000
tank_1536,0.0,1608422400000
tank_1539,643.0,1608422400000
tank_1541,1.0,1608422400000
tank_1542,0.0,1608422400000
tank_1547,98.0,1608422400000
tank_1563,17.0,1608422400000
tank_1564,0.0,1608422400000
tank_1565,980.0,1608422400000
tank_1567,52.8156862745098,1608422400000
tank_1568,0.0,1608422400000
tank_1573,11.0,1608422400000
tank_1583,0.0,1608422400000
tank_1587,894.0,1608422400000
tank_1588,0.0,1608422400000
tank_1592,0.0,1608422400000
tank_1594,82.0,1608422400000
tank_1595,36.3764705882353,1608422400000
tank_1597,166.6,1608422400000
tank_1598,0.0,1608422400000
tank_1600,0.0,1608422400000
tank_1604,0.0,1608422400000
