tank_id,sum,date_ms
tank_0002,0.0,1641600000000
tank_0004,0.0,1641600000000
tank_0005,12.866666666666667,1641600000000
tank_0011,0.0,1641600000000
tank_0014,0.0,1641600000000
tank_0019,0.0,1641600000000
tank_0024,3.5137254901960784,1641600000000
tank_0025,0.0,1641600000000
tank_0026,0.0,1641600000000
tank_0027,0.027450980392156862,1641600000000
tank_0030,0.0,1641600000000
tank_0031,6.0,1641600000000
tank_0036,0.0,1641600000000
tank_0037,0.0,1641600000000
tank_0038,0.9607843137254902,1641600000000
tank_0050,0.0,1641600000000
tank_0051,0.0,1641600000000
tank_0052,0.0,1641600000000
tank_0053,26.062745098039215,1641600000000
tank_0055,0.0,1641600000000
tank_0057,7.0,1641600000000
tank_0058,0.0,1641600000000
tank_0064,0.0,1641600000000
tank_0069,0.0,1641600000000
tank_0072,0.0,1641600000000
tank_0073,0.0,1641600000000
tank_0080,14.0,1641600000000
tank_0094,0.0,1641600000000
tank_0107,0.0,1641600000000
tank_0110,0.0,1641600000000
tank_0113,18.0,1641600000000
tank_0115,0.0,1641600000000
tank_0116,0.0,1641600000000
tank_0117,80.0,1641600000000
tank_0118,0.0,1641600000000
tank_0122,0.0,1641600000000
tank_0125,6.0,1641600000000
tank_0130,0.0,1641600000000
tank_0131,0.0,1641600000000
tank_0132,0.0,1641600000000
tank_0134,2.0,1641600000000
tank_0135,0.0,1641600000000
tank_0142,0.0,1641600000000
tank_0143,0.0,1641600000000
tank_0144,0.0,1641600000000
tank_0148,0.0,1641600000000
tank_0153,26.0,1641600000000
tank_0156,1.0,1641600000000
tank_0159,3.4784313725490197,1641600000000
tank_0165,1.1215686274509804,1641600000000
tank_0171,0.0,1641600000000
tank_0172,0.0,1641600000000
tank_0174,10.670588235294117,1641600000000
tank_0176,1.8862745098039215,1641600000000
tank_0184,0.0,1641600000000
tank_0187,8.031372549019608,1641600000000
tank_0190,2.1137254901960785,1641600000000
tank_0192,0.0,1641600000000
tank_0193,0.0,1641600000000
tank_0195,0.0,1641600000000
tank_0199,0.0,1641600000000
tank_0204,0.0,1641600000000
tank_0205,0.0,1641600000000
tank_0207,0.0,1641600000000
tank_0209,0.0,1641600000000
tank_0213,2.0,1641600000000
tank_0217,0.0,1641600000000
tank_0220,0.0,1641600000000
tank_0221,0.6196078431372549,1641600000000
tank_0225,45.89411764705882,1641600000000
tank_0226,6.0,1641600000000
tank_0228,0.0,1641600000000
tank_0229,0.0,1641600000000
tank_0231,0.0,1641600000000
tank_0233,0.0,1641600000000
tank_0236,0.0,1641600000000
tank_0237,0.0,1641600000000
tank_0240,0.0,1641600000000
tank_0242,0.0,1641600000000
tank_0245,0.0,1641600000000
tank_0247,457.9019607843137,1641600000000
tank_0256,0.0,1641600000000
tank_0257,0.0,1641600000000
tank_0260,7.474509803921569,1641600000000
tank_0261,0.0,1641600000000
tank_0264,0.0,1641600000000
tank_0273,91.0,1641600000000
tank_0276,0.0,1641600000000
tank_0278,0.0,1641600000000
tank_0280,0.0,1641600000000
tank_0291,6.0,1641600000000
tank_0292,3.0862745098039217,1641600000000
tank_0296,0.0,1641600000000
tank_0297,18.0,1641600000000
tank_0299,0.0,1641600000000
tank_0300,5.807843137254902,1641600000000
tank_0301,0.24705882352941178,1641600000000
tank_0307,0.0,1641600000000
tank_0309,15.0,1641600000000
tank_0313,0.0,1641600000000
tank_0314,0.0,1641600000000
tank_0319,0.0,1641600000000
tank_0321,10.384313725490196,1641600000000
tank_0327,0.0,1641600000000
tank_0337,0.0,1641600000000
tank_0338,1.0,1641600000000
tank_0339,0.0,1641600000000
tank_0342,12.0,1641600000000
tank_0345,3.0,1641600000000
tank_0346,0.0,1641600000000
tank_0349,128.0,1641600000000
tank_0350,0.0,1641600000000
tank_0353,9.184313725490197,1641600000000
tank_0356,0.0196078431372549,1641600000000
tank_0360,0.0,1641600000000
tank_0361,0.0,1641600000000
tank_0362,0.0,1641600000000
tank_0364,0.0,1641600000000
tank_0366,10.650980392156864,1641600000000
tank_0369,15.0,1641600000000
tank_0375,0.0,1641600000000
tank_0379,4.984313725490196,1641600000000
tank_0381,2.0823529411764703,1641600000000
tank_0386,20.67058823529412,1641600000000
tank_0390,0.0,1641600000000
tank_0397,0.0,1641600000000
tank_0399,0.0,1641600000000
tank_0404,47.0,1641600000000
tank_0409,0.0,1641600000000
tank_0420,4.247058823529412,1641600000000
tank_0425,0.0,1641600000000
tank_0431,0.0,1641600000000
tank_0432,0.0,1641600000000
tank_0435,53.0,1641600000000
tank_0436,0.0,1641600000000
tank_0438,0.0,1641600000000
tank_0443,0.0,1641600000000
tank_0444,121.0,1641600000000
tank_0447,13.223529411764707,1641600000000
tank_0448,0.0,1641600000000
tank_0449,1.827450980392157,1641600000000
tank_0455,19.392156862745097,1641600000000
tank_0460,0.0,1641600000000
tank_0462,191.0,1641600000000
tank_0466,0.0,1641600000000
tank_0471,0.0,1641600000000
tank_0473,0.0,1641600000000
tank_0474,0.4980392156862745,1641600000000
tank_0481,10.0,1641600000000
tank_0485,0.0,1641600000000
tank_0489,0.0,1641600000000
tank_0491,0.0,1641600000000
tank_0494,0.0,1641600000000
tank_0497,0.0,1641600000000
tank_0498,4.149019607843137,1641600000000
tank_0502,0.0,1641600000000
tank_0505,0.0,1641600000000
tank_0509,0.0,1641600000000
tank_0512,175.0,1641600000000
tank_0514,0.0,1641600000000
tank_0515,0.0,1641600000000
tank_0521,61.0,1641600000000
tank_0524,0.0,1641600000000
tank_0526,64.0,1641600000000
tank_0533,0.0,1641600000000
tank_0534,0.0,1641600000000
tank_0536,0.0,1641600000000
tank_0537,0.0,1641600000000
tank_0541,0.0,1641600000000
tank_0547,0.8588235294117647,1641600000000
tank_0552,0.0,1641600000000
tank_0555,24.0,1641600000000
tank_0556,0.0,1641600000000
tank_0557,0.0,1641600000000
tank_0560,1.9176470588235293,1641600000000
tank_0561,0.0,1641600000000
tank_0566,0.0,1641600000000
tank_0567,0.0,1641600000000
tank_0568,14.49019607843137,1641600000000
tank_0574,70.0,1641600000000
tank_0579,115.0,1641600000000
tank_0583,221.0,1641600000000
tank_0587,0.0,1641600000000
tank_0589,0.0,1641600000000
tank_0590,106.0,1641600000000
tank_0592,0.0,1641600000000
tank_0593,0.0,1641600000000
tank_0595,0.0,1641600000000
tank_0600,0.0,1641600000000
tank_0604,0.0,1641600000000
tank_0606,0.0,1641600000000
tank_0607,0.0,1641600000000
tank_0608,405.0,1641600000000
tank_0610,0.0,1641600000000
tank_0611,9.305882352941175,1641600000000
tank_0612,2.0,1641600000000
tank_0613,0.0,1641600000000
tank_0619,11.662745098039217,1641600000000
tank_0626,0.0,1641600000000
tank_0627,0.0,1641600000000
tank_0628,0.0,1641600000000
tank_0632,0.0,1641600000000
tank_0633,0.0,1641600000000
tank_0639,0.0,1641600000000
tank_0640,0.0,1641600000000
tank_0641,0.0,1641600000000
tank_0643,10.580392156862745,1641600000000
tank_0646,0.0,1641600000000
tank_0663,0.0,1641600000000
tank_0664,9.737254901960785,1641600000000
tank_0666,0.0,1641600000000
tank_0667,0.0,1641600000000
tank_0670,39.0,1641600000000
tank_0675,0.0,1641600000000
tank_0676,435.0,1641600000000
tank_0678,4.0,1641600000000
tank_0681,0.0,1641600000000
tank_0687,4.0,1641600000000
tank_0688,279.0,1641600000000
tank_0697,0.0,1641600000000
tank_0720,5.0,1641600000000
tank_0722,1.0,1641600000000
tank_0724,0.0,1641600000000
tank_0725,2.0,1641600000000
tank_0728,0.0,1641600000000
tank_0730,0.0,1641600000000
tank_0731,572.0,1641600000000
tank_0732,0.0,1641600000000
tank_0737,420.0,1641600000000
tank_0739,0.0,1641600000000
tank_0740,3.0,1641600000000
tank_0746,0.0,1641600000000
tank_0748,0.0,1641600000000
tank_0749,0.0,1641600000000
tank_0752,0.0,1641600000000
tank_0760,0.0,1641600000000
tank_0770,0.0,1641600000000
tank_0772,4.807843137254903,1641600000000
tank_0788,0.0,1641600000000
tank_0789,0.0,1641600000000
tank_0792,46.556862745098044,1641600000000
tank_0797,61.0,1641600000000
tank_0800,20.0,1641600000000
tank_0802,10.0,1641600000000
tank_0803,8.0,1641600000000
tank_0808,8.003921568627451,1641600000000
tank_0810,25.278431372549022,1641600000000
tank_0811,0.0,1641600000000
tank_0812,31.478431372549018,1641600000000
tank_0813,16.0,1641600000000
tank_0816,0.0,1641600000000
tank_0819,10.274509803921568,1641600000000
tank_0823,0.0,1641600000000
tank_0824,586.0,1641600000000
tank_0825,0.0,1641600000000
tank_0828,11.0,1641600000000
tank_0829,65.9843137254902,1641600000000
tank_0830,0.0,1641600000000
tank_0831,2.023529411764706,1641600000000
tank_0844,0.0,1641600000000
tank_0852,25.0,1641600000000
tank_0855,36.0,1641600000000
tank_0856,927.0,1641600000000
tank_0860,0.0,1641600000000
tank_0861,4.0,1641600000000
tank_0872,0.0,1641600000000
tank_0875,219.60392156862744,1641600000000
tank_0879,6.996078431372549,1641600000000
tank_0885,0.0,1641600000000
tank_0891,6.0,1641600000000
tank_0894,1223.0,1641600000000
tank_0898,386.0,1641600000000
tank_0900,34.0,1641600000000
tank_0901,123.88235294117646,1641600000000
tank_0902,95.0,1641600000000
tank_0914,51.0,1641600000000
tank_0917,553.0,1641600000000
tank_0919,0.0,1641600000000
tank_0920,106.97254901960784,1641600000000
tank_0922,105.0,1641600000000
tank_0923,17.0,1641600000000
tank_0924,0.0,1641600000000
tank_0926,0.0,1641600000000
tank_0927,2.854901960784314,1641600000000
tank_0928,13.0,1641600000000
tank_0930,82.0,1641600000000
tank_0931,94.0,1641600000000
tank_0933,0.0,1641600000000
tank_0934,0.0,1641600000000
tank_0937,0.0,1641600000000
tank_0938,0.0,1641600000000
tank_0939,0.0,1641600000000
tank_0944,53.0,1641600000000
tank_0946,0.0,1641600000000
tank_0952,33.0,1641600000000
tank_0958,0.0,1641600000000
tank_0962,373.0,1641600000000
tank_0967,6.0,1641600000000
tank_0975,0.0,1641600000000
tank_0978,0.0,1641600000000
tank_0990,0.0,1641600000000
tank_0991,126.0,1641600000000
tank_0998,0.0,1641600000000
tank_0999,0.6039215686274509,1641600000000
tank_1003,1233.8705882352942,1641600000000
tank_1004,0.0,1641600000000
tank_1014,303.0,1641600000000
tank_1026,230.0,1641600000000
tank_1031,27.0,1641600000000
tank_1032,25.599999999999998,1641600000000
tank_1034,13.717647058823527,1641600000000
tank_1042,58.0,1641600000000
tank_1045,30.0,1641600000000
tank_1049,103.0,1641600000000
tank_1055,26.541176470588237,1641600000000
tank_1061,18.894117647058824,1641600000000
tank_1062,0.0,1641600000000
tank_1064,8.576470588235292,1641600000000
tank_1065,17.219607843137254,1641600000000
tank_1066,0.0,1641600000000
tank_1070,59.0,1641600000000
tank_1073,87.0,1641600000000
tank_1083,176.0,1641600000000
tank_1086,8.0,1641600000000
tank_1088,65.8235294117647,1641600000000
tank_1089,29.0,1641600000000
tank_1090,2.0,1641600000000
tank_1091,0.0,1641600000000
tank_1094,388.0,1641600000000
tank_1095,11.0,1641600000000
tank_1104,18.811764705882357,1641600000000
tank_1113,42.0,1641600000000
tank_1116,0.0,1641600000000
tank_1117,0.0,1641600000000
tank_1120,333.98823529411766,1641600000000
tank_1121,62.0,1641600000000
tank_1124,16.0,1641600000000
tank_1128,21.0,1641600000000
tank_1134,5.247058823529413,1641600000000
tank_1135,9.0,1641600000000
tank_1146,3.0,1641600000000
tank_1149,0.0,1641600000000
tank_1156,0.0,1641600000000
tank_1157,34.560784313725485,1641600000000
tank_1159,261.0,1641600000000
tank_1160,638.6941176470589,1641600000000
tank_1166,0.0,1641600000000
tank_1170,29.721568627450978,1641600000000
tank_1175,0.0,1641600000000
tank_1177,4.0,1641600000000
tank_1179,0.0,1641600000000
tank_1181,191.2235294117647,1641600000000
tank_1186,88.0,1641600000000
tank_1187,16.372549019607845,1641600000000
tank_1190,0.0,1641600000000
tank_1192,29.96470588235294,1641600000000
tank_1196,0.0,1641600000000
tank_1197,1268.0,1641600000000
tank_1201,47.0,1641600000000
tank_1203,0.0,1641600000000
tank_1205,187.0,1641600000000
tank_1209,955.0,1641600000000
tank_1217,0.0,1641600000000
tank_1223,1.0,1641600000000
tank_1226,102.67843137254901,1641600000000
tank_1228,41.0,1641600000000
tank_1230,0.0,1641600000000
tank_1237,11.0,1641600000000
tank_1239,856.0,1641600000000
tank_1245,0.0,1641600000000
tank_1246,54.0,1641600000000
tank_1250,0.0,1641600000000
tank_1254,1492.0,1641600000000
tank_1255,0.0,1641600000000
tank_1258,176.0,1641600000000
tank_1261,0.0,1641600000000
tank_1262,0.0,1641600000000
tank_1263,60.88235294117647,1641600000000
tank_1265,3.0,1641600000000
tank_1270,20.0,1641600000000
tank_1272,0.0,1641600000000
tank_1275,0.0,1641600000000
tank_1276,112.0,1641600000000
tank_1279,15.866666666666667,1641600000000
tank_1280,0.0,1641600000000
tank_1284,0.0,1641600000000
tank_1285,0.0,1641600000000
tank_1286,39.0,1641600000000
tank_1290,0.0,1641600000000
tank_1291,0.0,1641600000000
tank_1293,52.0,1641600000000
tank_1295,0.4,1641600000000
tank_1297,58.0,1641600000000
tank_1301,227.0,1641600000000
tank_1302,17.0,1641600000000
tank_1304,0.0,1641600000000
tank_1305,5.0,1641600000000
tank_1313,560.0,1641600000000
tank_1322,0.0,1641600000000
tank_1325,116.0,1641600000000
tank_1326,0.0,1641600000000
tank_1344,0.0,1641600000000
tank_1346,0.0,1641600000000
tank_1349,0.0,1641600000000
tank_1353,545.0,1641600000000
tank_1358,0.0,1641600000000
tank_1359,0.0,1641600000000
tank_1361,500.0,1641600000000
tank_1364,1128.0,1641600000000
tank_1365,0.0,1641600000000
tank_1372,16.0,1641600000000
tank_1374,235.0,1641600000000
tank_1378,479.0,1641600000000
tank_1380,48.94117647058823,1641600000000
tank_1386,110.9843137254902,1641600000000
tank_1391,25.0,1641600000000
tank_1393,26.933333333333334,1641600000000
tank_1396,41.0,1641600000000
tank_1397,0.0,1641600000000
tank_1403,11.0,1641600000000
tank_1409,0.0,1641600000000
tank_1412,12.898039215686275,1641600000000
tank_1415,0.0,1641600000000
tank_1416,4.980392156862745,1641600000000
tank_1421,205.72941176470587,1641600000000
tank_1422,0.0,1641600000000
tank_1425,592.0,1641600000000
tank_1426,0.0,1641600000000
tank_1430,0.0,1641600000000
tank_1433,416.0,1641600000000
tank_1438,0.0,1641600000000
tank_1439,42.3843137254902,1641600000000
tank_1441,0.0,1641600000000
tank_1443,0.0,1641600000000
tank_1445,24.0,1641600000000
tank_1446,17.0,1641600000000
tank_1450,0.0,1641600000000
tank_1452,0.0,1641600000000
tank_1456,0.0,1641600000000
tank_1466,0.0,1641600000000
tank_1471,0.0,1641600000000
tank_1475,212.0,1641600000000
tank_1486,819.0,1641600000000
tank_1488,108.07843137254902,1641600000000
tank_1491,56.0,1641600000000
tank_1500,16.0,1641600000000
tank_1505,585.0,1641600000000
tank_1513,391.0,1641600000000
tank_1531,84.0,1641600000000
tank_1536,38.0,1641600000000
tank_1539,439.0,1641600000000
tank_1541,10.0,1641600000000
tank_1542,30.674509803921566,1641600000000
tank_1547,97.0,1641600000000
tank_1563,21.0,1641600000000
tank_1564,0.0,1641600000000
tank_1565,366.0,1641600000000
tank_1567,79.0,1641600000000
tank_1568,59.0,1641600000000
tank_1573,48.0,1641600000000
tank_1583,0.0,1641600000000
tank_1587,921.0,1641600000000
tank_1588,8.0,1641600000000
tank_1592,2.0,1641600000000
tank_1594,97.0,1641600000000
tank_1595,37.69019607843138,1641600000000
tank_1597,223.8156862745098,1641600000000
tank_1598,5.294117647058823,1641600000000
tank_1600,0.8862745098039215,1641600000000
tank_1604,0.0,1641600000000
tank_0002,0.0,1642636800000
tank_0004,0.0,1642636800000
tank_0005,21.0,1642636800000
tank_0011,0.0,1642636800000
tank_0014,0.0,1642636800000
tank_0019,0.0,1642636800000
tank_0024,1.0,1642636800000
tank_0025,0.0,1642636800000
tank_0026,0.0,1642636800000
tank_0027,0.0,1642636800000
tank_0030,0.8274509803921568,1642636800000
tank_0031,10.0,1642636800000
tank_0036,0.0,1642636800000
tank_0037,0.0,1642636800000
tank_0038,9.32549019607843,1642636800000
tank_0050,0.0,1642636800000
tank_0051,0.0,1642636800000
tank_0052,0.0,1642636800000
tank_0053,29.30196078431373,1642636800000
tank_0055,0.0,1642636800000
tank_0057,3.0,1642636800000
tank_0058,0.0,1642636800000
tank_0064,5.576470588235294,1642636800000
tank_0069,0.5098039215686274,1642636800000
tank_0072,0.0,1642636800000
tank_0073,0.0,1642636800000
tank_0080,24.576470588235296,1642636800000
tank_0094,0.0,1642636800000
tank_0107,0.0,1642636800000
tank_0110,0.0,1642636800000
tank_0113,32.89019607843137,1642636800000
tank_0115,3.2862745098039214,1642636800000
tank_0116,0.0,1642636800000
tank_0117,81.0,1642636800000
tank_0118,0.0,1642636800000
tank_0122,0.0,1642636800000
tank_0125,1.0,1642636800000
tank_0130,0.0,1642636800000
tank_0131,0.0,1642636800000
tank_0132,0.0,1642636800000
tank_0134,0.0,1642636800000
tank_0135,0.0,1642636800000
tank_0142,0.0,1642636800000
tank_0143,0.0,1642636800000
tank_0144,0.0,1642636800000
tank_0148,5.0,1642636800000
tank_0153,31.0,1642636800000
tank_0156,14.552941176470588,1642636800000
tank_0159,1.83921568627451,1642636800000
tank_0165,3.0,1642636800000
tank_0171,0.0,1642636800000
tank_0172,0.0,1642636800000
tank_0174,3.407843137254902,1642636800000
tank_0176,12.0,1642636800000
tank_0184,1.0,1642636800000
tank_0187,4.431372549019608,1642636800000
tank_0190,10.549019607843137,1642636800000
tank_0192,0.0,1642636800000
tank_0193,0.0,1642636800000
tank_0195,0.0,1642636800000
tank_0199,3.0,1642636800000
tank_0204,0.0,1642636800000
tank_0205,0.0,1642636800000
tank_0207,1.3764705882352941,1642636800000
tank_0209,0.0,1642636800000
tank_0213,9.0,1642636800000
tank_0217,0.0,1642636800000
tank_0220,0.0,1642636800000
tank_0221,0.4980392156862745,1642636800000
tank_0225,45.0,1642636800000
tank_0226,6.0,1642636800000
tank_0228,0.0,1642636800000
tank_0229,0.0,1642636800000
tank_0231,0.0,1642636800000
tank_0233,0.0,1642636800000
tank_0236,0.0,1642636800000
tank_0237,0.0,1642636800000
tank_0240,0.0,1642636800000
tank_0242,0.0,1642636800000
tank_0245,0.0,1642636800000
tank_0247,401.4392156862745,1642636800000
tank_0256,0.0,1642636800000
tank_0257,0.0,1642636800000
tank_0260,4.47450980392157,1642636800000
tank_0261,0.0,1642636800000
tank_0264,0.0,1642636800000
tank_0273,139.0,1642636800000
tank_0276,0.0,1642636800000
tank_0278,2.6549019607843136,1642636800000
tank_0280,0.0,1642636800000
tank_0291,10.0,1642636800000
tank_0292,27.847058823529412,1642636800000
tank_0296,0.0,1642636800000
tank_0297,20.325490196078434,1642636800000
tank_0299,2.0,1642636800000
tank_0300,16.95686274509804,1642636800000
tank_0301,0.0,1642636800000
tank_0307,0.0,1642636800000
tank_0309,31.92549019607843,1642636800000
tank_0313,4.0,1642636800000
tank_0314,1.0705882352941176,1642636800000
tank_0319,0.0,1642636800000
tank_0321,17.749019607843135,1642636800000
tank_0327,0.0,1642636800000
tank_0337,0.0,1642636800000
tank_0338,0.0,1642636800000
tank_0339,26.67450980392157,1642636800000
tank_0342,13.0,1642636800000
tank_0345,0.0,1642636800000
tank_0346,0.0,1642636800000
tank_0349,157.0,1642636800000
tank_0350,0.0,1642636800000
tank_0353,11.0,1642636800000
tank_0356,0.0,1642636800000
tank_0360,0.0,1642636800000
tank_0361,4.0,1642636800000
tank_0362,4.270588235294118,1642636800000
tank_0364,0.0,1642636800000
tank_0366,25.752941176470586,1642636800000
tank_0369,10.529411764705882,1642636800000
tank_0375,0.0,1642636800000
tank_0379,20.294117647058826,1642636800000
tank_0381,0.968627450980392,1642636800000
tank_0386,38.0,1642636800000
tank_0390,0.0,1642636800000
tank_0397,0.0,1642636800000
tank_0399,0.0,1642636800000
tank_0404,70.70980392156864,1642636800000
tank_0409,0.0,1642636800000
tank_0420,1.0509803921568628,1642636800000
tank_0425,3.2705882352941176,1642636800000
tank_0431,0.0,1642636800000
tank_0432,0.3764705882352941,1642636800000
tank_0435,87.0,1642636800000
tank_0436,0.0,1642636800000
tank_0438,1.0,1642636800000
tank_0443,0.0,1642636800000
tank_0444,147.0,1642636800000
tank_0447,37.30980392156863,1642636800000
tank_0448,0.0,1642636800000
tank_0449,2.5764705882352943,1642636800000
tank_0455,0.0,1642636800000
tank_0460,0.0,1642636800000
tank_0462,226.82745098039214,1642636800000
tank_0466,0.0,1642636800000
tank_0471,0.0,1642636800000
tank_0473,2.0,1642636800000
tank_0474,0.0,1642636800000
tank_0481,41.25098039215686,1642636800000
tank_0485,0.0,1642636800000
tank_0489,0.0,1642636800000
tank_0491,0.0,1642636800000
tank_0494,9.811764705882354,1642636800000
tank_0497,0.0,1642636800000
tank_0498,0.0784313725490196,1642636800000
tank_0502,0.6235294117647059,1642636800000
tank_0505,0.0,1642636800000
tank_0509,0.0,1642636800000
tank_0512,181.99607843137255,1642636800000
tank_0514,0.0,1642636800000
tank_0515,6.0,1642636800000
tank_0521,54.0,1642636800000
tank_0524,0.0,1642636800000
tank_0526,57.87450980392157,1642636800000
tank_0533,0.0,1642636800000
tank_0534,0.0,1642636800000
tank_0536,0.0,1642636800000
tank_0537,0.0,1642636800000
tank_0541,0.0,1642636800000
tank_0547,3.098039215686274,1642636800000
tank_0552,0.0,1642636800000
tank_0555,29.0,1642636800000
tank_0556,0.0,1642636800000
tank_0557,0.0,1642636800000
tank_0560,0.0,1642636800000
tank_0561,0.0,1642636800000
tank_0566,0.0,1642636800000
tank_0567,0.0,1642636800000
tank_0568,27.286274509803928,1642636800000
tank_0574,70.0,1642636800000
tank_0579,147.0,1642636800000
tank_0583,256.964705882353,1642636800000
tank_0587,0.0,1642636800000
tank_0589,0.3764705882352941,1642636800000
tank_0590,108.0,1642636800000
tank_0592,0.0,1642636800000
tank_0593,0.0,1642636800000
tank_0595,0.0,1642636800000
tank_0600,0.0,1642636800000
tank_0604,0.0,1642636800000
tank_0606,0.0,1642636800000
tank_0607,0.0,1642636800000
tank_0608,548.0,1642636800000
tank_0610,0.7490196078431373,1642636800000
tank_0611,4.698039215686275,1642636800000
tank_0612,5.980392156862745,1642636800000
tank_0613,0.0,1642636800000
tank_0619,7.882352941176471,1642636800000
tank_0626,0.0,1642636800000
tank_0627,0.0,1642636800000
tank_0628,0.0,1642636800000
tank_0632,0.0,1642636800000
tank_0633,0.7450980392156863,1642636800000
tank_0639,0.0,1642636800000
tank_0640,0.0,1642636800000
tank_0641,0.0,1642636800000
tank_0643,17.34901960784314,1642636800000
tank_0646,0.0,1642636800000
tank_0663,0.0,1642636800000
tank_0664,5.0,1642636800000
tank_0666,0.0,1642636800000
tank_0667,0.0,1642636800000
tank_0670,37.858823529411765,1642636800000
tank_0675,0.0,1642636800000
tank_0676,498.0,1642636800000
tank_0678,0.0,1642636800000
tank_0681,0.0,1642636800000
tank_0687,3.0,1642636800000
tank_0688,377.0,1642636800000
tank_0697,2.0,1642636800000
tank_0720,7.0,1642636800000
tank_0722,5.443137254901961,1642636800000
tank_0724,7.0,1642636800000
tank_0725,11.0,1642636800000
tank_0728,0.0,1642636800000
tank_0730,0.0,1642636800000
tank_0731,648.0,1642636800000
tank_0732,0.0,1642636800000
tank_0737,380.6666666666667,1642636800000
tank_0739,0.6862745098039216,1642636800000
tank_0740,18.17254901960785,1642636800000
tank_0746,0.0,1642636800000
tank_0748,2.0,1642636800000
tank_0749,0.0,1642636800000
tank_0752,0.0,1642636800000
tank_0760,0.0,1642636800000
tank_0770,0.0,1642636800000
tank_0772,1.0156862745098039,1642636800000
tank_0788,0.0,1642636800000
tank_0789,2.0,1642636800000
tank_0792,106.91372549019607,1642636800000
tank_0797,52.95294117647059,1642636800000
tank_0800,59.0,1642636800000
tank_0802,7.921568627450981,1642636800000
tank_0803,2.2745098039215685,1642636800000
tank_0808,17.0,1642636800000
tank_0810,21.729411764705883,1642636800000
tank_0811,0.0,1642636800000
tank_0812,36.478431372549025,1642636800000
tank_0813,7.4,1642636800000
tank_0816,2.384313725490196,1642636800000
tank_0819,16.95294117647059,1642636800000
tank_0823,0.0,1642636800000
tank_0824,714.0,1642636800000
tank_0825,0.0,1642636800000
tank_0828,16.0,1642636800000
tank_0829,65.74117647058824,1642636800000
tank_0830,0.0,1642636800000
tank_0831,0.5254901960784314,1642636800000
tank_0844,0.0,1642636800000
tank_0852,23.0,1642636800000
tank_0855,33.0,1642636800000
tank_0856,1001.0,1642636800000
tank_0860,0.0,1642636800000
tank_0861,4.0,1642636800000
tank_0872,0.0,1642636800000
tank_0875,229.14117647058825,1642636800000
tank_0879,14.545098039215686,1642636800000
tank_0885,0.0,1642636800000
tank_0891,0.0,1642636800000
tank_0894,1067.0,1642636800000
tank_0898,497.0,1642636800000
tank_0900,33.0,1642636800000
tank_0901,127.36078431372549,1642636800000
tank_0902,105.0,1642636800000
tank_0914,50.90588235294118,1642636800000
tank_0917,516.9725490196079,1642636800000
tank_0919,0.0,1642636800000
tank_0920,110.74901960784312,1642636800000
tank_0922,147.7372549019608,1642636800000
tank_0923,15.0,1642636800000
tank_0924,4.0,1642636800000
tank_0926,2.0,1642636800000
tank_0927,0.0,1642636800000
tank_0928,5.0,1642636800000
tank_0930,75.0,1642636800000
tank_0931,89.0,1642636800000
tank_0933,0.0,1642636800000
tank_0934,0.0,1642636800000
tank_0937,0.0,1642636800000
tank_0938,0.0,1642636800000
tank_0939,1.2549019607843137,1642636800000
tank_0944,67.0,1642636800000
tank_0946,0.0,1642636800000
tank_0952,25.0,1642636800000
tank_0958,0.0,1642636800000
tank_0962,914.0,1642636800000
tank_0967,6.0,1642636800000
tank_0975,0.0,1642636800000
tank_0978,0.0,1642636800000
tank_0990,0.0,1642636800000
tank_0991,538.9960784313726,1642636800000
tank_0998,0.0,1642636800000
tank_0999,3.0745098039215684,1642636800000
tank_1003,888.1176470588235,1642636800000
tank_1004,0.0,1642636800000
tank_1014,283.0,1642636800000
tank_1026,264.28235294117644,1642636800000
tank_1031,30.0,1642636800000
tank_1032,17.294117647058822,1642636800000
tank_1034,13.92549019607843,1642636800000
tank_1042,42.956862745098036,1642636800000
tank_1045,15.0,1642636800000
tank_1049,97.0,1642636800000
tank_1055,24.03137254901961,1642636800000
tank_1061,37.180392156862744,1642636800000
tank_1062,0.0,1642636800000
tank_1064,15.533333333333335,1642636800000
tank_1065,8.533333333333333,1642636800000
tank_1066,0.0,1642636800000
tank_1070,109.0,1642636800000
tank_1073,102.0,1642636800000
tank_1083,211.0,1642636800000
tank_1086,13.0,1642636800000
tank_1088,61.64313725490196,1642636800000
tank_1089,27.0,1642636800000
tank_1090,59.0,1642636800000
tank_1091,0.0,1642636800000
tank_1094,1400.0,1642636800000
tank_1095,9.250980392156862,1642636800000
tank_1104,16.870588235294118,1642636800000
tank_1113,30.0,1642636800000
tank_1116,0.0,1642636800000
tank_1117,0.0,1642636800000
tank_1120,264.0,1642636800000
tank_1121,452.0,1642636800000
tank_1124,21.435294117647057,1642636800000
tank_1128,63.0,1642636800000
tank_1134,4.219607843137255,1642636800000
tank_1135,29.0,1642636800000
tank_1146,12.788235294117648,1642636800000
tank_1149,2.6235294117647054,1642636800000
tank_1156,0.0,1642636800000
tank_1157,22.50980392156863,1642636800000
tank_1159,267.0,1642636800000
tank_1160,385.0,1642636800000
tank_1166,0.1607843137254902,1642636800000
tank_1170,30.35294117647059,1642636800000
tank_1175,0.0,1642636800000
tank_1177,1.0,1642636800000
tank_1179,21.313725490196077,1642636800000
tank_1181,177.3843137254902,1642636800000
tank_1186,184.0,1642636800000
tank_1187,20.0,1642636800000
tank_1190,1.5294117647058822,1642636800000
tank_1192,26.945098039215686,1642636800000
tank_1196,0.0,1642636800000
tank_1197,1812.0,1642636800000
tank_1201,64.0,1642636800000
tank_1203,3.7450980392156863,1642636800000
tank_1205,279.0,1642636800000
tank_1209,878.0,1642636800000
tank_1217,0.0,1642636800000
tank_1223,0.0,1642636800000
tank_1226,87.36862745098038,1642636800000
tank_1228,35.0,1642636800000
tank_1230,0.0,1642636800000
tank_1237,17.0,1642636800000
tank_1239,862.9176470588235,1642636800000
tank_1245,0.0,1642636800000
tank_1246,60.0,1642636800000
tank_1250,1.0823529411764707,1642636800000
tank_1254,187.0,1642636800000
tank_1255,0.0,1642636800000
tank_1258,169.0,1642636800000
tank_1261,0.0,1642636800000
tank_1262,3.5058823529411764,1642636800000
tank_1263,54.0,1642636800000
tank_1265,4.0,1642636800000
tank_1270,29.29019607843137,1642636800000
tank_1272,0.0,1642636800000
tank_1275,0.0,1642636800000
tank_1276,127.0,1642636800000
tank_1279,18.992156862745098,1642636800000
tank_1280,0.0,1642636800000
tank_1284,31.529411764705884,1642636800000
tank_1285,9.941176470588236,1642636800000
tank_1286,56.0,1642636800000
tank_1290,6.0,1642636800000
tank_1291,0.0,1642636800000
tank_1293,93.08627450980391,1642636800000
tank_1295,7.129411764705883,1642636800000
tank_1297,102.0,1642636800000
tank_1301,210.0,1642636800000
tank_1302,15.0,1642636800000
tank_1304,0.0,1642636800000
tank_1305,8.0,1642636800000
tank_1313,750.0,1642636800000
tank_1322,0.0,1642636800000
tank_1325,181.99607843137255,1642636800000
tank_1326,0.0,1642636800000
tank_1344,2.0,1642636800000
tank_1346,0.0,1642636800000
tank_1349,0.0,1642636800000
tank_1353,629.0,1642636800000
tank_1358,0.0,1642636800000
tank_1359,0.0,1642636800000
tank_1361,553.9019607843137,1642636800000
tank_1364,879.0,1642636800000
tank_1365,0.0,1642636800000
tank_1372,91.32549019607843,1642636800000
tank_1374,235.87843137254902,1642636800000
tank_1378,535.0,1642636800000
tank_1380,42.0,1642636800000
tank_1386,226.0,1642636800000
tank_1391,21.0,1642636800000
tank_1393,43.45490196078432,1642636800000
tank_1396,58.0,1642636800000
tank_1397,0.0,1642636800000
tank_1403,10.0,1642636800000
tank_1409,0.0,1642636800000
tank_1412,27.92156862745098,1642636800000
tank_1415,0.0,1642636800000
tank_1416,0.0,1642636800000
tank_1421,237.0,1642636800000
tank_1422,0.0,1642636800000
tank_1425,609.0,1642636800000
tank_1426,2.0,1642636800000
tank_1430,0.0,1642636800000
tank_1433,361.0,1642636800000
tank_1438,0.0,1642636800000
tank_1439,27.274509803921568,1642636800000
tank_1441,0.0,1642636800000
tank_1443,6.682352941176472,1642636800000
tank_1445,23.0,1642636800000
tank_1446,20.980392156862745,1642636800000
tank_1450,0.0,1642636800000
tank_1452,0.0,1642636800000
tank_1456,0.0,1642636800000
tank_1466,0.0,1642636800000
tank_1471,0.0,1642636800000
tank_1475,150.0,1642636800000
tank_1486,802.0,1642636800000
tank_1488,113.43921568627451,1642636800000
tank_1491,42.0,1642636800000
tank_1500,5.0,1642636800000
tank_1505,439.0,1642636800000
tank_1513,503.0,1642636800000
tank_1531,83.0,1642636800000
tank_1536,116.32549019607842,1642636800000
tank_1539,433.92549019607844,1642636800000
tank_1541,14.0,1642636800000
tank_1542,31.67450980392157,1642636800000
tank_1547,264.0,1642636800000
tank_1563,32.25098039215686,1642636800000
tank_1564,0.0,1642636800000
tank_1565,1421.9137254901962,1642636800000
tank_1567,75.92549019607843,1642636800000
tank_1568,115.0,1642636800000
tank_1573,55.0,1642636800000
tank_1583,5.0,1642636800000
tank_1587,941.0,1642636800000
tank_1588,11.0,1642636800000
tank_1592,0.0,1642636800000
tank_1594,99.0,1642636800000
tank_1595,33.2313725490196,1642636800000
tank_1597,347.83529411764704,1642636800000
tank_1598,2.0,1642636800000
tank_1600,0.0,1642636800000
tank_1604,0.0,1642636800000
tank_0002,0.0,1643673600000
tank_0004,0.0,1643673600000
tank_0005,0.0,1643673600000
tank_0011,0.0,1643673600000
tank_0014,2.0,1643673600000
tank_0019,0.0,1643673600000
tank_0024,2.2666666666666666,1643673600000
tank_0025,0.0,1643673600000
tank_0026,0.0,1643673600000
tank_0027,0.0,1643673600000
tank_0030,1.0,1643673600000
tank_0031,6.0,1643673600000
tank_0036,3.345098039215686,1643673600000
tank_0037,0.0,1643673600000
tank_0038,12.662745098039213,1643673600000
tank_0050,0.0,1643673600000
tank_0051,0.0,1643673600000
tank_0052,0.0,1643673600000
tank_0053,34.286274509803924,1643673600000
tank_0055,0.0,1643673600000
tank_0057,8.0,1643673600000
tank_0058,0.0,1643673600000
tank_0064,4.7215686274509805,1643673600000
tank_0069,0.20392156862745098,1643673600000
tank_0072,0.0,1643673600000
tank_0073,0.0,1643673600000
tank_0080,18.0,1643673600000
tank_0094,0.0,1643673600000
tank_0107,0.0,1643673600000
tank_0110,0.0,1643673600000
tank_0113,42.25490196078431,1643673600000
tank_0115,0.0,1643673600000
tank_0116,1.0,1643673600000
tank_0117,77.0,1643673600000
tank_0118,0.0,1643673600000
tank_0122,0.0,1643673600000
tank_0125,3.4274509803921567,1643673600000
tank_0130,0.0,1643673600000
tank_0131,0.0,1643673600000
tank_0132,0.0,1643673600000
tank_0134,0.0,1643673600000
tank_0135,3.996078431372549,1643673600000
tank_0142,2.0,1643673600000
tank_0143,0.0,1643673600000
tank_0144,0.0,1643673600000
tank_0148,14.0,1643673600000
tank_0153,27.0,1643673600000
tank_0156,7.870588235294118,1643673600000
tank_0159,8.952941176470588,1643673600000
tank_0165,0.0,1643673600000
tank_0171,0.0,1643673600000
tank_0172,0.0,1643673600000
tank_0174,9.5921568627451,1643673600000
tank_0176,13.192156862745097,1643673600000
tank_0184,0.0,1643673600000
tank_0187,1.3098039215686275,1643673600000
tank_0190,0.7450980392156863,1643673600000
tank_0192,0.6745098039215687,1643673600000
tank_0193,0.0,1643673600000
tank_0195,6.0,1643673600000
tank_0199,3.0274509803921568,1643673600000
tank_0204,0.0,1643673600000
tank_0205,6.250980392156863,1643673600000
tank_0207,1.0,1643673600000
tank_0209,0.0,1643673600000
tank_0213,10.568627450980392,1643673600000
tank_0217,0.0,1643673600000
tank_0220,0.0,1643673600000
tank_0221,0.4980392156862745,1643673600000
tank_0225,43.0,1643673600000
tank_0226,20.133333333333333,1643673600000
tank_0228,0.0,1643673600000
tank_0229,0.0,1643673600000
tank_0231,2.8196078431372547,1643673600000
tank_0233,0.0,1643673600000
tank_0236,0.0,1643673600000
tank_0237,0.0,1643673600000
tank_0240,6.584313725490196,1643673600000
tank_0242,0.0,1643673600000
tank_0245,0.0,1643673600000
tank_0247,426.4039215686275,1643673600000
tank_0256,3.4980392156862745,1643673600000
tank_0257,0.0,1643673600000
tank_0260,3.4941176470588236,1643673600000
tank_0261,0.0,1643673600000
tank_0264,0.0,1643673600000
tank_0273,140.0,1643673600000
tank_0276,0.0,1643673600000
tank_0278,14.0,1643673600000
tank_0280,0.0,1643673600000
tank_0291,2.0,1643673600000
tank_0292,23.725490196078425,1643673600000
tank_0296,0.0,1643673600000
tank_0297,26.72941176470588,1643673600000
tank_0299,0.0,1643673600000
tank_0300,5.6039215686274515,1643673600000
tank_0301,0.7490196078431373,1643673600000
tank_0307,0.0,1643673600000
tank_0309,31.0,1643673600000
tank_0313,0.0,1643673600000
tank_0314,3.6941176470588237,1643673600000
tank_0319,0.0,1643673600000
tank_0321,15.384313725490196,1643673600000
tank_0327,0.0,1643673600000
tank_0337,0.0,1643673600000
tank_0338,19.282352941176466,1643673600000
tank_0339,42.22352941176471,1643673600000
tank_0342,1.8274509803921568,1643673600000
tank_0345,0.0,1643673600000
tank_0346,0.0,1643673600000
tank_0349,135.0,1643673600000
tank_0350,1.007843137254902,1643673600000
tank_0353,13.447058823529414,1643673600000
tank_0356,0.0,1643673600000
tank_0360,0.0,1643673600000
tank_0361,1.8627450980392157,1643673600000
tank_0362,1.792156862745098,1643673600000
tank_0364,0.0,1643673600000
tank_0366,28.23137254901961,1643673600000
tank_0369,21.623529411764707,1643673600000
tank_0375,0.0,1643673600000
tank_0379,19.352941176470587,1643673600000
tank_0381,0.0,1643673600000
tank_0386,38.54509803921569,1643673600000
tank_0390,0.0,1643673600000
tank_0397,0.0,1643673600000
tank_0399,0.0,1643673600000
tank_0404,76.0,1643673600000
tank_0409,0.0,1643673600000
tank_0420,0.054901960784313725,1643673600000
tank_0425,0.0,1643673600000
tank_0431,0.0,1643673600000
tank_0432,0.0,1643673600000
tank_0435,55.0,1643673600000
tank_0436,0.0,1643673600000
tank_0438,2.0,1643673600000
tank_0443,0.7333333333333334,1643673600000
tank_0444,92.0,1643673600000
tank_0447,39.35686274509805,1643673600000
tank_0448,2.0,1643673600000
tank_0449,1.203921568627451,1643673600000
tank_0455,8.658823529411764,1643673600000
tank_0460,0.0,1643673600000
tank_0462,236.7019607843137,1643673600000
tank_0466,0.0,1643673600000
tank_0471,0.0,1643673600000
tank_0473,0.0,1643673600000
tank_0474,1.996078431372549,1643673600000
tank_0481,37.4156862745098,1643673600000
tank_0485,0.0,1643673600000
tank_0489,0.0,1643673600000
tank_0491,0.0,1643673600000
tank_0494,0.0,1643673600000
tank_0497,0.0,1643673600000
tank_0498,1.7411764705882353,1643673600000
tank_0502,4.0,1643673600000
tank_0505,0.0,1643673600000
tank_0509,0.0,1643673600000
tank_0512,215.0,1643673600000
tank_0514,0.0,1643673600000
tank_0515,16.75294117647059,1643673600000
tank_0521,38.0,1643673600000
tank_0524,0.0,1643673600000
tank_0526,61.0,1643673600000
tank_0533,0.0,1643673600000
tank_0534,2.0,1643673600000
tank_0536,0.0,1643673600000
tank_0537,0.0,1643673600000
tank_0541,0.0,1643673600000
tank_0547,0.0,1643673600000
tank_0552,0.0,1643673600000
tank_0555,25.0,1643673600000
tank_0556,0.0,1643673600000
tank_0557,2.0,1643673600000
tank_0560,0.0,1643673600000
tank_0561,0.0,1643673600000
tank_0566,0.0,1643673600000
tank_0567,0.0,1643673600000
tank_0568,28.76078431372549,1643673600000
tank_0574,60.0,1643673600000
tank_0579,115.0,1643673600000
tank_0583,218.0,1643673600000
tank_0587,1.2705882352941176,1643673600000
tank_0589,0.0,1643673600000
tank_0590,65.0,1643673600000
tank_0592,0.0,1643673600000
tank_0593,0.0,1643673600000
tank_0595,0.0,1643673600000
tank_0600,0.0,1643673600000
tank_0604,1.0,1643673600000
tank_0606,0.0,1643673600000
tank_0607,0.0,1643673600000
tank_0608,817.0,1643673600000
tank_0610,0.0,1643673600000
tank_0611,5.250980392156862,1643673600000
tank_0612,6.0,1643673600000
tank_0613,0.0,1643673600000
tank_0619,4.0,1643673600000
tank_0626,0.0,1643673600000
tank_0627,0.0,1643673600000
tank_0628,0.0,1643673600000
tank_0632,0.0,1643673600000
tank_0633,0.7137254901960783,1643673600000
tank_0639,0.0,1643673600000
tank_0640,0.0,1643673600000
tank_0641,0.0,1643673600000
tank_0643,18.149019607843137,1643673600000
tank_0646,0.0,1643673600000
tank_0663,0.0,1643673600000
tank_0664,0.0,1643673600000
tank_0666,0.0,1643673600000
tank_0667,0.0,1643673600000
tank_0670,34.984313725490196,1643673600000
tank_0675,0.0,1643673600000
tank_0676,400.0,1643673600000
tank_0678,0.0,1643673600000
tank_0681,0.0,1643673600000
tank_0687,0.0,1643673600000
tank_0688,344.8352941176471,1643673600000
tank_0697,0.0,1643673600000
tank_0720,9.0,1643673600000
tank_0722,4.850980392156862,1643673600000
tank_0724,2.0,1643673600000
tank_0725,11.0,1643673600000
tank_0728,0.0,1643673600000
tank_0730,0.0,1643673600000
tank_0731,653.0,1643673600000
tank_0732,0.0,1643673600000
tank_0737,364.0,1643673600000
tank_0739,0.0,1643673600000
tank_0740,26.17254901960784,1643673600000
tank_0746,0.0,1643673600000
tank_0748,0.0,1643673600000
tank_0749,0.0,1643673600000
tank_0752,1.5019607843137255,1643673600000
tank_0760,0.0,1643673600000
tank_0770,0.0,1643673600000
tank_0772,5.913725490196077,1643673600000
tank_0788,0.0,1643673600000
tank_0789,0.0,1643673600000
tank_0792,91.88627450980391,1643673600000
tank_0797,33.0,1643673600000
tank_0800,20.0,1643673600000
tank_0802,11.819607843137256,1643673600000
tank_0803,6.509803921568627,1643673600000
tank_0808,6.529411764705882,1643673600000
tank_0810,25.850980392156863,1643673600000
tank_0811,1.0,1643673600000
tank_0812,35.47843137254902,1643673600000
tank_0813,3.447058823529412,1643673600000
tank_0816,0.0,1643673600000
tank_0819,12.952941176470588,1643673600000
tank_0823,0.0,1643673600000
tank_0824,705.0,1643673600000
tank_0825,2.0,1643673600000
tank_0828,12.0,1643673600000
tank_0829,58.858823529411765,1643673600000
tank_0830,0.0,1643673600000
tank_0831,1.0235294117647058,1643673600000
tank_0844,0.0,1643673600000
tank_0852,25.0,1643673600000
tank_0855,12.0,1643673600000
tank_0856,900.0,1643673600000
tank_0860,0.0,1643673600000
tank_0861,3.9568627450980394,1643673600000
tank_0872,0.0,1643673600000
tank_0875,213.4627450980392,1643673600000
tank_0879,8.0,1643673600000
tank_0885,0.0,1643673600000
tank_0891,0.0,1643673600000
tank_0894,1258.0,1643673600000
tank_0898,501.87450980392157,1643673600000
tank_0900,22.0,1643673600000
tank_0901,95.51372549019608,1643673600000
tank_0902,92.0,1643673600000
tank_0914,44.90588235294118,1643673600000
tank_0917,489.0,1643673600000
tank_0919,0.0,1643673600000
tank_0920,97.97254901960784,1643673600000
tank_0922,87.9921568627451,1643673600000
tank_0923,3.0,1643673600000
tank_0924,0.0,1643673600000
tank_0926,0.0,1643673600000
tank_0927,1.0,1643673600000
tank_0928,0.0,1643673600000
tank_0930,62.0,1643673600000
tank_0931,87.0,1643673600000
tank_0933,0.0,1643673600000
tank_0934,4.0,1643673600000
tank_0937,0.0,1643673600000
tank_0938,0.0,1643673600000
tank_0939,0.0,1643673600000
tank_0944,69.0,1643673600000
tank_0946,1.0,1643673600000
tank_0952,30.0,1643673600000
tank_0958,0.0,1643673600000
tank_0962,968.0,1643673600000
tank_0967,7.0,1643673600000
tank_0975,0.0,1643673600000
tank_0978,3.3254901960784315,1643673600000
tank_0990,0.0,1643673600000
tank_0991,694.0,1643673600000
tank_0998,2.0,1643673600000
tank_0999,3.392156862745098,1643673600000
tank_1003,1244.0,1643673600000
tank_1004,0.0,1643673600000
tank_1014,328.0,1643673600000
tank_1026,242.86666666666667,1643673600000
tank_1031,31.0,1643673600000
tank_1032,10.274509803921568,1643673600000
tank_1034,8.40392156862745,1643673600000
tank_1042,38.0,1643673600000
tank_1045,14.0,1643673600000
tank_1049,95.0,1643673600000
tank_1055,17.380392156862747,1643673600000
tank_1061,32.568627450980394,1643673600000
tank_1062,0.0,1643673600000
tank_1064,5.482352941176471,1643673600000
tank_1065,10.007843137254902,1643673600000
tank_1066,6.0,1643673600000
tank_1070,89.0,1643673600000
tank_1073,102.0,1643673600000
tank_1083,213.0,1643673600000
tank_1086,4.0,1643673600000
tank_1088,77.68627450980391,1643673600000
tank_1089,28.0,1643673600000
tank_1090,40.86274509803921,1643673600000
tank_1091,0.0,1643673600000
tank_1094,1345.0,1643673600000
tank_1095,11.631372549019607,1643673600000
tank_1104,10.733333333333334,1643673600000
tank_1113,33.0,1643673600000
tank_1116,0.0,1643673600000
tank_1117,0.0,1643673600000
tank_1120,178.6313725490196,1643673600000
tank_1121,440.0,1643673600000
tank_1124,20.588235294117645,1643673600000
tank_1128,56.0,1643673600000
tank_1134,1.352941176470588,1643673600000
tank_1135,16.890196078431373,1643673600000
tank_1146,6.0,1643673600000
tank_1149,0.0,1643673600000
tank_1156,0.0,1643673600000
tank_1157,26.909803921568628,1643673600000
tank_1159,229.0,1643673600000
tank_1160,602.0,1643673600000
tank_1166,0.14509803921568626,1643673600000
tank_1170,27.941176470588236,1643673600000
tank_1175,0.0,1643673600000
tank_1177,1.5019607843137255,1643673600000
tank_1179,18.643137254901962,1643673600000
tank_1181,202.45098039215685,1643673600000
tank_1186,167.0,1643673600000
tank_1187,24.015686274509804,1643673600000
tank_1190,0.0,1643673600000
tank_1192,31.701960784313727,1643673600000
tank_1196,0.0,1643673600000
tank_1197,1668.0,1643673600000
tank_1201,72.0,1643673600000
tank_1203,3.0,1643673600000
tank_1205,279.0,1643673600000
tank_1209,774.0,1643673600000
tank_1217,0.0,1643673600000
tank_1223,0.0,1643673600000
tank_1226,77.07450980392157,1643673600000
tank_1228,47.0,1643673600000
tank_1230,0.0,1643673600000
tank_1237,11.0,1643673600000
tank_1239,894.0,1643673600000
tank_1245,0.0,1643673600000
tank_1246,45.0,1643673600000
tank_1250,1.4980392156862745,1643673600000
tank_1254,949.9803921568628,1643673600000
tank_1255,1.1058823529411765,1643673600000
tank_1258,185.0,1643673600000
tank_1261,0.0,1643673600000
tank_1262,0.0,1643673600000
tank_1263,50.0,1643673600000
tank_1265,12.0,1643673600000
tank_1270,29.929411764705883,1643673600000
tank_1272,0.0,1643673600000
tank_1275,0.0,1643673600000
tank_1276,130.0,1643673600000
tank_1279,12.992156862745098,1643673600000
tank_1280,0.0,1643673600000
tank_1284,44.04313725490196,1643673600000
tank_1285,13.658823529411766,1643673600000
tank_1286,57.0,1643673600000
tank_1290,15.0,1643673600000
tank_1291,0.0,1643673600000
tank_1293,104.50588235294116,1643673600000
tank_1295,2.0,1643673600000
tank_1297,98.98823529411764,1643673600000
tank_1301,197.0,1643673600000
tank_1302,14.0,1643673600000
tank_1304,0.8313725490196079,1643673600000
tank_1305,0.0,1643673600000
tank_1313,746.0,1643673600000
tank_1322,0.0,1643673600000
tank_1325,217.38039215686277,1643673600000
tank_1326,0.0,1643673600000
tank_1344,0.0,1643673600000
tank_1346,0.0,1643673600000
tank_1349,0.0,1643673600000
tank_1353,542.0,1643673600000
tank_1358,0.0,1643673600000
tank_1359,0.0,1643673600000
tank_1361,462.0,1643673600000
tank_1364,1382.0,1643673600000
tank_1365,0.0,1643673600000
tank_1372,130.49019607843138,1643673600000
tank_1374,221.0,1643673600000
tank_1378,531.8666666666667,1643673600000
tank_1380,18.0,1643673600000
tank_1386,219.0,1643673600000
tank_1391,21.0,1643673600000
tank_1393,42.59607843137255,1643673600000
tank_1396,106.0,1643673600000
tank_1397,0.0,1643673600000
tank_1403,13.0,1643673600000
tank_1409,221.0,1643673600000
tank_1412,12.0,1643673600000
tank_1415,0.0,1643673600000
tank_1416,0.0,1643673600000
tank_1421,230.0,1643673600000
tank_1422,0.0,1643673600000
tank_1425,602.0,1643673600000
tank_1426,0.0,1643673600000
tank_1430,0.0,1643673600000
tank_1433,373.8588235294118,1643673600000
tank_1438,0.0,1643673600000
tank_1439,34.05882352941176,1643673600000
tank_1441,0.0,1643673600000
tank_1443,3.019607843137255,1643673600000
tank_1445,22.0,1643673600000
tank_1446,17.0,1643673600000
tank_1450,0.0,1643673600000
tank_1452,0.0,1643673600000
tank_1456,0.0,1643673600000
tank_1466,0.0,1643673600000
tank_1471,0.0,1643673600000
tank_1475,359.0,1643673600000
tank_1486,1179.0,1643673600000
tank_1488,140.05098039215687,1643673600000
tank_1491,32.0,1643673600000
tank_1500,8.0,1643673600000
tank_1505,590.0,1643673600000
tank_1513,797.0,1643673600000
tank_1531,84.0,1643673600000
tank_1536,94.6,1643673600000
tank_1539,631.9254901960785,1643673600000
tank_1541,19.0,1643673600000
tank_1542,15.141176470588235,1643673600000
tank_1547,240.0,1643673600000
tank_1563,35.25098039215686,1643673600000
tank_1564,0.0,1643673600000
tank_1565,1325.0,1643673600000
tank_1567,67.92549019607843,1643673600000
tank_1568,154.0,1643673600000
tank_1573,43.0,1643673600000
tank_1583,4.0,1643673600000
tank_1587,943.0,1643673600000
tank_1588,2.0,1643673600000
tank_1592,1.0,1643673600000
tank_1594,105.73333333333333,1643673600000
tank_1595,21.737254901960785,1643673600000
tank_1597,321.2352941176471,1643673600000
tank_1598,1.0980392156862746,1643673600000
tank_1600,0.0,1643673600000
tank_1604,0.0,1643673600000
tank_0002,0.0,1644710400000
tank_0004,0.0,1644710400000
tank_0005,0.0,1644710400000
tank_0011,0.0,1644710400000
tank_0014,6.0,1644710400000
tank_0019,0.47058823529411764,1644710400000
tank_0024,4.698039215686274,1644710400000
tank_0025,0.0,1644710400000
tank_0026,0.0,1644710400000
tank_0027,0.0,1644710400000
tank_0030,1.0,1644710400000
tank_0031,8.0,1644710400000
tank_0036,0.0,1644710400000
tank_0037,0.4980392156862745,1644710400000
tank_0038,18.949019607843137,1644710400000
tank_0050,0.0,1644710400000
tank_0051,0.0,1644710400000
tank_0052,0.0,1644710400000
tank_0053,23.32156862745098,1644710400000
tank_0055,0.0,1644710400000
tank_0057,0.0,1644710400000
tank_0058,2.1803921568627453,1644710400000
tank_0064,6.623529411764705,1644710400000
tank_0069,0.588235294117647,1644710400000
tank_0072,0.0,1644710400000
tank_0073,0.0,1644710400000
tank_0080,19.0,1644710400000
tank_0094,0.0,1644710400000
tank_0107,0.0,1644710400000
tank_0110,0.0,1644710400000
tank_0113,33.31764705882353,1644710400000
tank_0115,0.0,1644710400000
tank_0116,0.0,1644710400000
tank_0117,72.0,1644710400000
tank_0118,0.0,1644710400000
tank_0122,0.0,1644710400000
tank_0125,19.0,1644710400000
tank_0130,0.0,1644710400000
tank_0131,0.0,1644710400000
tank_0132,0.0,1644710400000
tank_0134,0.0,1644710400000
tank_0135,5.776470588235295,1644710400000
tank_0142,1.0,1644710400000
tank_0143,0.0,1644710400000
tank_0144,0.0,1644710400000
tank_0148,8.945098039215683,1644710400000
tank_0153,10.0,1644710400000
tank_0156,46.80392156862745,1644710400000
tank_0159,8.384313725490196,1644710400000
tank_0165,3.1882352941176473,1644710400000
tank_0171,0.0,1644710400000
tank_0172,0.0,1644710400000
tank_0174,24.298039215686273,1644710400000
tank_0176,13.215686274509803,1644710400000
tank_0184,0.0,1644710400000
tank_0187,3.235294117647059,1644710400000
tank_0190,3.454901960784314,1644710400000
tank_0192,0.0,1644710400000
tank_0193,0.0,1644710400000
tank_0195,10.294117647058824,1644710400000
tank_0199,7.203921568627452,1644710400000
tank_0204,0.0,1644710400000
tank_0205,7.250980392156863,1644710400000
tank_0207,0.0,1644710400000
tank_0209,0.0,1644710400000
tank_0213,12.729411764705883,1644710400000
tank_0217,0.0,1644710400000
tank_0220,0.0,1644710400000
tank_0221,2.1764705882352944,1644710400000
tank_0225,45.0,1644710400000
tank_0226,21.20392156862745,1644710400000
tank_0228,0.0,1644710400000
tank_0229,0.0,1644710400000
tank_0231,0.6588235294117648,1644710400000
tank_0233,0.0,1644710400000
tank_0236,0.0,1644710400000
tank_0237,0.0,1644710400000
tank_0240,5.776470588235294,1644710400000
tank_0242,0.0,1644710400000
tank_0245,0.0,1644710400000
tank_0247,210.35294117647058,1644710400000
tank_0256,0.0,1644710400000
tank_0257,0.23529411764705882,1644710400000
tank_0260,4.843137254901961,1644710400000
tank_0261,0.0,1644710400000
tank_0264,0.0,1644710400000
tank_0273,138.0,1644710400000
tank_0276,0.0,1644710400000
tank_0278,15.0,1644710400000
tank_0280,0.0,1644710400000
tank_0291,1.0,1644710400000
tank_0292,21.082352941176474,1644710400000
tank_0296,0.0,1644710400000
tank_0297,29.862745098039216,1644710400000
tank_0299,2.0,1644710400000
tank_0300,11.235294117647058,1644710400000
tank_0301,1.7058823529411766,1644710400000
tank_0307,0.0,1644710400000
tank_0309,29.92549019607843,1644710400000
tank_0313,0.0,1644710400000
tank_0314,9.847058823529412,1644710400000
tank_0319,0.0,1644710400000
tank_0321,26.031372549019608,1644710400000
tank_0327,0.0,1644710400000
tank_0337,0.0,1644710400000
tank_0338,5.223529411764706,1644710400000
tank_0339,45.55294117647058,1644710400000
tank_0342,0.0,1644710400000
tank_0345,2.631372549019608,1644710400000
tank_0346,0.0,1644710400000
tank_0349,142.0,1644710400000
tank_0350,0.0,1644710400000
tank_0353,23.95294117647059,1644710400000
tank_0356,0.0,1644710400000
tank_0360,0.0,1644710400000
tank_0361,0.0,1644710400000
tank_0362,7.68235294117647,1644710400000
tank_0364,0.0,1644710400000
tank_0366,14.764705882352942,1644710400000
tank_0369,18.0,1644710400000
tank_0375,0.0,1644710400000
tank_0379,24.87450980392157,1644710400000
tank_0381,0.0,1644710400000
tank_0386,20.0,1644710400000
tank_0390,0.0,1644710400000
tank_0397,0.0,1644710400000
tank_0399,0.4823529411764706,1644710400000
tank_0404,67.96470588235294,1644710400000
tank_0409,0.0,1644710400000
tank_0420,0.0,1644710400000
tank_0425,1.9529411764705882,1644710400000
tank_0431,0.0,1644710400000
tank_0432,0.0,1644710400000
tank_0435,45.0,1644710400000
tank_0436,0.0,1644710400000
tank_0438,4.670588235294117,1644710400000
tank_0443,0.0,1644710400000
tank_0444,72.0,1644710400000
tank_0447,59.58823529411766,1644710400000
tank_0448,0.0,1644710400000
tank_0449,8.56078431372549,1644710400000
tank_0455,0.0,1644710400000
tank_0460,0.0,1644710400000
tank_0462,213.0,1644710400000
tank_0466,0.0,1644710400000
tank_0471,0.0,1644710400000
tank_0473,1.0941176470588236,1644710400000
tank_0474,9.113725490196078,1644710400000
tank_0481,37.956862745098036,1644710400000
tank_0485,0.0,1644710400000
tank_0489,0.0,1644710400000
tank_0491,0.0,1644710400000
tank_0494,5.898039215686275,1644710400000
tank_0497,2.0,1644710400000
tank_0498,2.0705882352941174,1644710400000
tank_0502,1.2470588235294118,1644710400000
tank_0505,0.0,1644710400000
tank_0509,0.7019607843137254,1644710400000
tank_0512,199.0,1644710400000
tank_0514,0.0,1644710400000
tank_0515,4.592156862745098,1644710400000
tank_0521,38.0,1644710400000
tank_0524,0.0,1644710400000
tank_0526,62.8,1644710400000
tank_0533,0.0,1644710400000
tank_0534,9.0,1644710400000
tank_0536,0.0,1644710400000
tank_0537,0.0,1644710400000
tank_0541,0.0,1644710400000
tank_0547,0.0,1644710400000
tank_0552,0.0,1644710400000
tank_0555,23.0,1644710400000
tank_0556,0.0,1644710400000
tank_0557,0.0,1644710400000
tank_0560,0.0,1644710400000
tank_0561,0.0,1644710400000
tank_0566,0.0,1644710400000
tank_0567,0.0,1644710400000
tank_0568,34.51372549019608,1644710400000
tank_0574,71.0,1644710400000
tank_0579,113.0,1644710400000
tank_0583,188.0,1644710400000
tank_0587,1.9764705882352942,1644710400000
tank_0589,0.0,1644710400000
tank_0590,65.0,1644710400000
tank_0592,0.0,1644710400000
tank_0593,0.0,1644710400000
tank_0595,0.23137254901960785,1644710400000
tank_0600,0.0,1644710400000
tank_0604,2.0,1644710400000
tank_0606,0.0,1644710400000
tank_0607,4.0,1644710400000
tank_0608,750.0,1644710400000
tank_0610,0.30980392156862746,1644710400000
tank_0611,0.0,1644710400000
tank_0612,5.227450980392157,1644710400000
tank_0613,0.0,1644710400000
tank_0619,0.0,1644710400000
tank_0626,0.0,1644710400000
tank_0627,0.0,1644710400000
tank_0628,0.0,1644710400000
tank_0632,0.0,1644710400000
tank_0633,0.0,1644710400000
tank_0639,2.427450980392157,1644710400000
tank_0640,0.0,1644710400000
tank_0641,0.0,1644710400000
tank_0643,21.0,1644710400000
tank_0646,0.0,1644710400000
tank_0663,0.0,1644710400000
tank_0664,0.0,1644710400000
tank_0666,0.0,1644710400000
tank_0667,0.0,1644710400000
tank_0670,31.7921568627451,1644710400000
tank_0675,0.0,1644710400000
tank_0676,478.0,1644710400000
tank_0678,1.5764705882352943,1644710400000
tank_0681,0.0,1644710400000
tank_0687,0.0,1644710400000
tank_0688,345.0,1644710400000
tank_0697,0.0,1644710400000
tank_0720,7.0,1644710400000
tank_0722,8.36862745098039,1644710400000
tank_0724,4.411764705882352,1644710400000
tank_0725,9.0,1644710400000
tank_0728,0.0,1644710400000
tank_0730,0.0,1644710400000
tank_0731,573.0,1644710400000
tank_0732,0.0,1644710400000
tank_0737,345.0,1644710400000
tank_0739,0.0,1644710400000
tank_0740,16.541176470588233,1644710400000
tank_0746,0.0,1644710400000
tank_0748,0.0,1644710400000
tank_0749,0.0,1644710400000
tank_0752,1.5098039215686274,1644710400000
tank_0760,0.0,1644710400000
tank_0770,0.00784313725490196,1644710400000
tank_0772,3.0,1644710400000
tank_0788,0.0,1644710400000
tank_0789,5.0,1644710400000
tank_0792,98.41960784313727,1644710400000
tank_0797,4.0,1644710400000
tank_0800,11.0,1644710400000
tank_0802,5.921568627450981,1644710400000
tank_0803,6.011764705882353,1644710400000
tank_0808,4.4980392156862745,1644710400000
tank_0810,30.729411764705883,1644710400000
tank_0811,0.6901960784313725,1644710400000
tank_0812,42.34117647058824,1644710400000
tank_0813,3.2588235294117647,1644710400000
tank_0816,4.745098039215686,1644710400000
tank_0819,15.952941176470588,1644710400000
tank_0823,0.0,1644710400000
tank_0824,547.0,1644710400000
tank_0825,2.0,1644710400000
tank_0828,9.0,1644710400000
tank_0829,63.741176470588236,1644710400000
tank_0830,0.0,1644710400000
tank_0831,0.0,1644710400000
tank_0844,0.0,1644710400000
tank_0852,19.0,1644710400000
tank_0855,0.0,1644710400000
tank_0856,962.0,1644710400000
tank_0860,0.0,1644710400000
tank_0861,3.0,1644710400000
tank_0872,0.0,1644710400000
tank_0875,210.42352941176472,1644710400000
tank_0879,3.0,1644710400000
tank_0885,0.0,1644710400000
tank_0891,0.0,1644710400000
tank_0894,1201.0,1644710400000
tank_0898,427.0,1644710400000
tank_0900,22.0,1644710400000
tank_0901,94.10588235294118,1644710400000
tank_0902,85.0,1644710400000
tank_0914,36.95294117647059,1644710400000
tank_0917,425.97254901960787,1644710400000
tank_0919,0.0,1644710400000
tank_0920,92.0,1644710400000
tank_0922,79.0,1644710400000
tank_0923,8.0,1644710400000
tank_0924,0.0,1644710400000
tank_0926,1.203921568627451,1644710400000
tank_0927,3.227450980392157,1644710400000
tank_0928,0.0,1644710400000
tank_0930,66.0,1644710400000
tank_0931,95.0,1644710400000
tank_0933,0.0,1644710400000
tank_0934,0.0,1644710400000
tank_0937,0.0,1644710400000
tank_0938,0.0,1644710400000
tank_0939,0.0,1644710400000
tank_0944,70.0,1644710400000
tank_0946,4.0,1644710400000
tank_0952,29.0,1644710400000
tank_0958,0.0,1644710400000
tank_0962,1190.0,1644710400000
tank_0967,7.0,1644710400000
tank_0975,0.0,1644710400000
tank_0978,20.68235294117647,1644710400000
tank_0990,0.0,1644710400000
tank_0991,713.0,1644710400000
tank_0998,0.0,1644710400000
tank_0999,2.8274509803921566,1644710400000
tank_1003,1205.4313725490197,1644710400000
tank_1004,5.913725490196079,1644710400000
tank_1014,309.0,1644710400000
tank_1026,251.0,1644710400000
tank_1031,15.0,1644710400000
tank_1032,5.525490196078431,1644710400000
tank_1034,14.380392156862744,1644710400000
tank_1042,38.85490196078432,1644710400000
tank_1045,5.0,1644710400000
tank_1049,91.0,1644710400000
tank_1055,9.011764705882353,1644710400000
tank_1061,31.67450980392157,1644710400000
tank_1062,0.7490196078431373,1644710400000
tank_1064,6.223529411764706,1644710400000
tank_1065,5.015686274509804,1644710400000
tank_1066,7.0,1644710400000
tank_1070,80.0,1644710400000
tank_1073,96.0,1644710400000
tank_1083,214.0,1644710400000
tank_1086,0.0,1644710400000
tank_1088,48.75686274509804,1644710400000
tank_1089,23.0,1644710400000
tank_1090,50.86274509803921,1644710400000
tank_1091,0.0,1644710400000
tank_1094,1373.0,1644710400000
tank_1095,11.631372549019607,1644710400000
tank_1104,0.0,1644710400000
tank_1113,37.0,1644710400000
tank_1116,0.0,1644710400000
tank_1117,0.0,1644710400000
tank_1120,146.0,1644710400000
tank_1121,412.6392156862745,1644710400000
tank_1124,25.603921568627452,1644710400000
tank_1128,68.0,1644710400000
tank_1134,0.0,1644710400000
tank_1135,35.89019607843137,1644710400000
tank_1146,4.0,1644710400000
tank_1149,7.901960784313725,1644710400000
tank_1156,0.0,1644710400000
tank_1157,20.423529411764708,1644710400000
tank_1159,230.0,1644710400000
tank_1160,722.0,1644710400000
tank_1166,0.0,1644710400000
tank_1170,20.094117647058823,1644710400000
tank_1175,0.0,1644710400000
tank_1177,0.0,1644710400000
tank_1179,16.541176470588237,1644710400000
tank_1181,213.06666666666666,1644710400000
tank_1186,179.0,1644710400000
tank_1187,22.690196078431374,1644710400000
tank_1190,16.0,1644710400000
tank_1192,31.541176470588237,1644710400000
tank_1196,0.0,1644710400000
tank_1197,1739.992156862745,1644710400000
tank_1201,71.0,1644710400000
tank_1203,0.0,1644710400000
tank_1205,288.9490196078431,1644710400000
tank_1209,857.0,1644710400000
tank_1217,0.0,1644710400000
tank_1223,0.0,1644710400000
tank_1226,73.10980392156863,1644710400000
tank_1228,42.0,1644710400000
tank_1230,0.0,1644710400000
tank_1237,16.976470588235294,1644710400000
tank_1239,916.0,1644710400000
tank_1245,1.552941176470588,1644710400000
tank_1246,58.0,1644710400000
tank_1250,0.0,1644710400000
tank_1254,1575.0,1644710400000
tank_1255,0.0,1644710400000
tank_1258,179.0,1644710400000
tank_1261,0.0,1644710400000
tank_1262,0.0,1644710400000
tank_1263,45.0,1644710400000
tank_1265,8.0,1644710400000
tank_1270,29.29019607843137,1644710400000
tank_1272,0.0,1644710400000
tank_1275,4.6117647058823525,1644710400000
tank_1276,130.0,1644710400000
tank_1279,23.866666666666667,1644710400000
tank_1280,0.0,1644710400000
tank_1284,31.15686274509804,1644710400000
tank_1285,5.674509803921569,1644710400000
tank_1286,39.0,1644710400000
tank_1290,2.0,1644710400000
tank_1291,0.0,1644710400000
tank_1293,78.88627450980391,1644710400000
tank_1295,1.2470588235294118,1644710400000
tank_1297,96.0,1644710400000
tank_1301,190.0,1644710400000
tank_1302,6.0,1644710400000
tank_1304,0.0,1644710400000
tank_1305,0.0,1644710400000
tank_1313,776.9411764705883,1644710400000
tank_1322,0.0,1644710400000
tank_1325,197.4470588235294,1644710400000
tank_1326,0.0,1644710400000
tank_1344,4.078431372549019,1644710400000
tank_1346,0.0,1644710400000
tank_1349,0.0,1644710400000
tank_1353,665.0,1644710400000
tank_1358,0.0,1644710400000
tank_1359,0.0,1644710400000
tank_1361,515.0,1644710400000
tank_1364,1392.0,1644710400000
tank_1365,0.0,1644710400000
tank_1372,93.25490196078432,1644710400000
tank_1374,220.0,1644710400000
tank_1378,512.0,1644710400000
tank_1380,20.0,1644710400000
tank_1386,217.0,1644710400000
tank_1391,19.0,1644710400000
tank_1393,39.22745098039216,1644710400000
tank_1396,160.0,1644710400000
tank_1397,0.0,1644710400000
tank_1403,6.0,1644710400000
tank_1409,134.0,1644710400000
tank_1412,10.890196078431373,1644710400000
tank_1415,0.0,1644710400000
tank_1416,0.0,1644710400000
tank_1421,230.0,1644710400000
tank_1422,0.0,1644710400000
tank_1425,542.0,1644710400000
tank_1426,0.0,1644710400000
tank_1430,0.0,1644710400000
tank_1433,380.8588235294118,1644710400000
tank_1438,0.0,1644710400000
tank_1439,15.568627450980394,1644710400000
tank_1441,0.0,1644710400000
tank_1443,1.3725490196078431,1644710400000
tank_1445,33.501960784313724,1644710400000
tank_1446,29.764705882352942,1644710400000
tank_1450,1.0,1644710400000
tank_1452,4.654901960784313,1644710400000
tank_1456,0.0,1644710400000
tank_1466,0.0,1644710400000
tank_1471,0.0,1644710400000
tank_1475,430.0,1644710400000
tank_1486,1389.0,1644710400000
tank_1488,120.0,1644710400000
tank_1491,42.0,1644710400000
tank_1500,48.05882352941177,1644710400000
tank_1505,601.0,1644710400000
tank_1513,804.0,1644710400000
tank_1531,80.0,1644710400000
tank_1536,107.35686274509803,1644710400000
tank_1539,631.0,1644710400000
tank_1541,8.0,1644710400000
tank_1542,20.101960784313725,1644710400000
tank_1547,257.91372549019604,1644710400000
tank_1563,17.24705882352941,1644710400000
tank_1564,0.0,1644710400000
tank_1565,1329.964705882353,1644710400000
tank_1567,60.0,1644710400000
tank_1568,148.74117647058824,1644710400000
tank_1573,55.0,1644710400000
tank_1583,1.0,1644710400000
tank_1587,995.0,1644710400000
tank_1588,8.0,1644710400000
tank_1592,3.0,1644710400000
tank_1594,93.0,1644710400000
tank_1595,10.0,1644710400000
tank_1597,344.4,1644710400000
tank_1598,0.0,1644710400000
tank_1600,1.0,1644710400000
tank_1604,0.0,1644710400000
tank_0002,0.0,1645747200000
tank_0004,0.0,1645747200000
tank_0005,0.0,1645747200000
tank_0011,0.0,1645747200000
tank_0014,12.0,1645747200000
tank_0019,8.372549019607844,1645747200000
tank_0024,18.768627450980393,1645747200000
tank_0025,0.0,1645747200000
tank_0026,0.0,1645747200000
tank_0027,0.0,1645747200000
tank_0030,1.0,1645747200000
tank_0031,10.0,1645747200000
tank_0036,4.0,1645747200000
tank_0037,0.4117647058823529,1645747200000
tank_0038,17.06666666666667,1645747200000
tank_0050,1.5294117647058822,1645747200000
tank_0051,0.0,1645747200000
tank_0052,0.0,1645747200000
tank_0053,35.976470588235294,1645747200000
tank_0055,0.0,1645747200000
tank_0057,0.0,1645747200000
tank_0058,1.7450980392156863,1645747200000
tank_0064,14.52156862745098,1645747200000
tank_0069,2.9568627450980394,1645747200000
tank_0072,0.0,1645747200000
tank_0073,0.0784313725490196,1645747200000
tank_0080,22.0,1645747200000
tank_0094,0.0,1645747200000
tank_0107,0.5411764705882353,1645747200000
tank_0110,0.0,1645747200000
tank_0113,61.23921568627451,1645747200000
tank_0115,0.0,1645747200000
tank_0116,0.796078431372549,1645747200000
tank_0117,81.0,1645747200000
tank_0118,0.0,1645747200000
tank_0122,0.0,1645747200000
tank_0125,14.24705882352941,1645747200000
tank_0130,0.0,1645747200000
tank_0131,0.0,1645747200000
tank_0132,0.0,1645747200000
tank_0134,0.9098039215686274,1645747200000
tank_0135,5.921568627450981,1645747200000
tank_0142,3.0,1645747200000
tank_0143,0.0,1645747200000
tank_0144,0.0,1645747200000
tank_0148,12.333333333333334,1645747200000
tank_0153,24.0,1645747200000
tank_0156,54.61176470588236,1645747200000
tank_0159,17.674509803921566,1645747200000
tank_0165,18.109803921568627,1645747200000
tank_0171,0.0,1645747200000
tank_0172,0.0,1645747200000
tank_0174,26.30196078431372,1645747200000
tank_0176,10.996078431372549,1645747200000
tank_0184,0.0,1645747200000
tank_0187,3.7137254901960786,1645747200000
tank_0190,6.7254901960784315,1645747200000
tank_0192,0.3803921568627451,1645747200000
tank_0193,3.0,1645747200000
tank_0195,16.207843137254905,1645747200000
tank_0199,8.568627450980394,1645747200000
tank_0204,0.0,1645747200000
tank_0205,4.752941176470588,1645747200000
tank_0207,0.7529411764705882,1645747200000
tank_0209,0.0,1645747200000
tank_0213,15.760784313725491,1645747200000
tank_0217,0.0,1645747200000
tank_0220,0.0,1645747200000
tank_0221,1.4392156862745098,1645747200000
tank_0225,49.0,1645747200000
tank_0226,14.0,1645747200000
tank_0228,0.0,1645747200000
tank_0229,0.0,1645747200000
tank_0231,1.3450980392156864,1645747200000
tank_0233,10.0,1645747200000
tank_0236,0.0,1645747200000
tank_0237,0.0,1645747200000
tank_0240,10.662745098039215,1645747200000
tank_0242,0.0,1645747200000
tank_0245,0.0,1645747200000
tank_0247,291.9019607843137,1645747200000
tank_0256,5.545098039215686,1645747200000
tank_0257,0.0,1645747200000
tank_0260,5.4941176470588236,1645747200000
tank_0261,3.764705882352941,1645747200000
tank_0264,0.0,1645747200000
tank_0273,134.0,1645747200000
tank_0276,0.0,1645747200000
tank_0278,17.749019607843138,1645747200000
tank_0280,0.0,1645747200000
tank_0291,4.0,1645747200000
tank_0292,28.419607843137257,1645747200000
tank_0296,0.0,1645747200000
tank_0297,29.235294117647058,1645747200000
tank_0299,2.0,1645747200000
tank_0300,8.086274509803921,1645747200000
tank_0301,4.247058823529412,1645747200000
tank_0307,0.0,1645747200000
tank_0309,19.92549019607843,1645747200000
tank_0313,0.0,1645747200000
tank_0314,6.537254901960784,1645747200000
tank_0319,0.0,1645747200000
tank_0321,20.650980392156864,1645747200000
tank_0327,0.0,1645747200000
tank_0337,0.0,1645747200000
tank_0338,13.215686274509801,1645747200000
tank_0339,53.074509803921565,1645747200000
tank_0342,6.5019607843137255,1645747200000
tank_0345,0.0,1645747200000
tank_0346,0.0,1645747200000
tank_0349,159.0,1645747200000
tank_0350,0.592156862745098,1645747200000
tank_0353,39.13333333333334,1645747200000
tank_0356,0.0,1645747200000
tank_0360,0.0,1645747200000
tank_0361,4.0,1645747200000
tank_0362,0.0,1645747200000
tank_0364,2.0,1645747200000
tank_0366,30.3921568627451,1645747200000
tank_0369,20.0,1645747200000
tank_0375,0.0,1645747200000
tank_0379,22.03529411764706,1645747200000
tank_0381,1.7019607843137254,1645747200000
tank_0386,22.0,1645747200000
tank_0390,0.0,1645747200000
tank_0397,0.0,1645747200000
tank_0399,0.0,1645747200000
tank_0404,87.08627450980391,1645747200000
tank_0409,0.0,1645747200000
tank_0420,0.0,1645747200000
tank_0425,0.9529411764705883,1645747200000
tank_0431,0.0,1645747200000
tank_0432,2.768627450980392,1645747200000
tank_0435,32.0,1645747200000
tank_0436,0.0,1645747200000
tank_0438,2.074509803921569,1645747200000
tank_0443,0.0,1645747200000
tank_0444,68.0,1645747200000
tank_0447,57.439215686274515,1645747200000
tank_0448,0.0,1645747200000
tank_0449,0.0,1645747200000
tank_0455,23.145098039215686,1645747200000
tank_0460,0.0,1645747200000
tank_0462,220.0,1645747200000
tank_0466,0.0,1645747200000
tank_0471,0.0,1645747200000
tank_0473,3.615686274509804,1645747200000
tank_0474,1.996078431372549,1645747200000
tank_0481,45.82745098039216,1645747200000
tank_0485,0.0,1645747200000
tank_0489,2.0,1645747200000
tank_0491,0.0,1645747200000
tank_0494,4.0,1645747200000
tank_0497,0.0,1645747200000
tank_0498,3.0705882352941174,1645747200000
tank_0502,0.0,1645747200000
tank_0505,0.0,1645747200000
tank_0509,1.388235294117647,1645747200000
tank_0512,217.0,1645747200000
tank_0514,0.0,1645747200000
tank_0515,0.0,1645747200000
tank_0521,35.0,1645747200000
tank_0524,0.0,1645747200000
tank_0526,50.0,1645747200000
tank_0533,0.0,1645747200000
tank_0534,9.996078431372549,1645747200000
tank_0536,0.0,1645747200000
tank_0537,0.0,1645747200000
tank_0541,2.7490196078431373,1645747200000
tank_0547,0.0,1645747200000
tank_0552,0.0,1645747200000
tank_0555,21.0,1645747200000
tank_0556,0.0,1645747200000
tank_0557,0.0,1645747200000
tank_0560,0.0,1645747200000
tank_0561,0.0,1645747200000
tank_0566,0.0,1645747200000
tank_0567,0.0,1645747200000
tank_0568,30.607843137254903,1645747200000
tank_0574,75.0,1645747200000
tank_0579,118.0,1645747200000
tank_0583,196.0,1645747200000
tank_0587,0.0,1645747200000
tank_0589,0.0,1645747200000
tank_0590,47.0,1645747200000
tank_0592,0.0,1645747200000
tank_0593,0.0,1645747200000
tank_0595,1.8196078431372549,1645747200000
tank_0600,1.0,1645747200000
tank_0604,5.5058823529411764,1645747200000
tank_0606,0.0,1645747200000
tank_0607,2.0509803921568626,1645747200000
tank_0608,788.0,1645747200000
tank_0610,0.0,1645747200000
tank_0611,4.0,1645747200000
tank_0612,0.0,1645747200000
tank_0613,0.0,1645747200000
tank_0619,0.0,1645747200000
tank_0626,0.0,1645747200000
tank_0627,0.0,1645747200000
tank_0628,0.0,1645747200000
tank_0632,4.0,1645747200000
tank_0633,0.0,1645747200000
tank_0639,0.0,1645747200000
tank_0640,0.0,1645747200000
tank_0641,2.431372549019608,1645747200000
tank_0643,14.635294117647058,1645747200000
tank_0646,0.0,1645747200000
tank_0663,0.0,1645747200000
tank_0664,0.0,1645747200000
tank_0666,0.0,1645747200000
tank_0667,0.47058823529411764,1645747200000
tank_0670,27.941176470588236,1645747200000
tank_0675,0.0,1645747200000
tank_0676,475.0,1645747200000
tank_0678,1.7647058823529411,1645747200000
tank_0681,0.0,1645747200000
tank_0687,0.0,1645747200000
tank_0688,390.92549019607844,1645747200000
tank_0697,2.0,1645747200000
tank_0720,5.0,1645747200000
tank_0722,13.549019607843137,1645747200000
tank_0724,0.0,1645747200000
tank_0725,7.0,1645747200000
tank_0728,0.0,1645747200000
tank_0730,0.0,1645747200000
tank_0731,629.0,1645747200000
tank_0732,0.0,1645747200000
tank_0737,312.0,1645747200000
tank_0739,0.0,1645747200000
tank_0740,11.168627450980392,1645747200000
tank_0746,0.0,1645747200000
tank_0748,0.6941176470588235,1645747200000
tank_0749,7.0,1645747200000
tank_0752,2.5098039215686274,1645747200000
tank_0760,0.0,1645747200000
tank_0770,0.00784313725490196,1645747200000
tank_0772,8.43137254901961,1645747200000
tank_0788,0.0,1645747200000
tank_0789,0.0,1645747200000
tank_0792,106.21568627450979,1645747200000
tank_0797,2.0,1645747200000
tank_0800,21.0,1645747200000
tank_0802,12.419607843137255,1645747200000
tank_0803,3.5137254901960784,1645747200000
tank_0808,2.0,1645747200000
tank_0810,34.42745098039216,1645747200000
tank_0811,0.0,1645747200000
tank_0812,55.478431372549025,1645747200000
tank_0813,0.32941176470588235,1645747200000
tank_0816,0.0,1645747200000
tank_0819,8.0,1645747200000
tank_0823,0.0,1645747200000
tank_0824,690.0,1645747200000
tank_0825,0.0,1645747200000
tank_0828,10.0,1645747200000
tank_0829,64.9843137254902,1645747200000
tank_0830,0.0,1645747200000
tank_0831,14.494117647058824,1645747200000
tank_0844,0.0,1645747200000
tank_0852,26.0,1645747200000
tank_0855,0.0,1645747200000
tank_0856,971.0,1645747200000
tank_0860,0.0,1645747200000
tank_0861,2.0,1645747200000
tank_0872,0.0,1645747200000
tank_0875,214.4392156862745,1645747200000
tank_0879,4.0,1645747200000
tank_0885,0.0,1645747200000
tank_0891,0.0,1645747200000
tank_0894,1282.0,1645747200000
tank_0898,423.0,1645747200000
tank_0900,11.827450980392157,1645747200000
tank_0901,84.0,1645747200000
tank_0902,59.0,1645747200000
tank_0914,3.0,1645747200000
tank_0917,352.0,1645747200000
tank_0919,0.0,1645747200000
tank_0920,68.92941176470588,1645747200000
tank_0922,71.0,1645747200000
tank_0923,3.0,1645747200000
tank_0924,0.0,1645747200000
tank_0926,0.0,1645747200000
tank_0927,0.8549019607843137,1645747200000
tank_0928,2.0,1645747200000
tank_0930,53.0,1645747200000
tank_0931,77.0,1645747200000
tank_0933,0.0,1645747200000
tank_0934,0.0,1645747200000
tank_0937,0.0,1645747200000
tank_0938,0.0,1645747200000
tank_0939,0.0,1645747200000
tank_0944,63.0,1645747200000
tank_0946,1.0,1645747200000
tank_0952,21.0,1645747200000
tank_0958,0.0,1645747200000
tank_0962,1166.0,1645747200000
tank_0967,7.921568627450981,1645747200000
tank_0975,0.0,1645747200000
tank_0978,15.0,1645747200000
tank_0990,0.0,1645747200000
tank_0991,719.0,1645747200000
tank_0998,0.0,1645747200000
tank_0999,2.0,1645747200000
tank_1003,1181.0,1645747200000
tank_1004,1.0,1645747200000
tank_1014,344.0,1645747200000
tank_1026,250.0,1645747200000
tank_1031,15.0,1645747200000
tank_1032,17.713725490196076,1645747200000
tank_1034,10.717647058823529,1645747200000
tank_1042,39.7921568627451,1645747200000
tank_1045,3.0,1645747200000
tank_1049,90.0,1645747200000
tank_1055,7.015686274509804,1645747200000
tank_1061,21.976470588235294,1645747200000
tank_1062,4.360784313725491,1645747200000
tank_1064,1.9764705882352942,1645747200000
tank_1065,2.976470588235294,1645747200000
tank_1066,1.0,1645747200000
tank_1070,63.0,1645747200000
tank_1073,67.0,1645747200000
tank_1083,225.0,1645747200000
tank_1086,12.0,1645747200000
tank_1088,26.89019607843137,1645747200000
tank_1089,27.0,1645747200000
tank_1090,38.98823529411764,1645747200000
tank_1091,0.0,1645747200000
tank_1094,1439.0,1645747200000
tank_1095,10.0,1645747200000
tank_1104,1.580392156862745,1645747200000
tank_1113,37.0,1645747200000
tank_1116,0.8117647058823529,1645747200000
tank_1117,0.0,1645747200000
tank_1120,121.0,1645747200000
tank_1121,448.89019607843136,1645747200000
tank_1124,21.96470588235294,1645747200000
tank_1128,83.0,1645747200000
tank_1134,0.0,1645747200000
tank_1135,32.84705882352941,1645747200000
tank_1146,6.0,1645747200000
tank_1149,4.5058823529411764,1645747200000
tank_1156,0.0,1645747200000
tank_1157,20.69803921568628,1645747200000
tank_1159,190.0,1645747200000
tank_1160,739.0,1645747200000
tank_1166,0.0,1645747200000
tank_1170,20.49019607843137,1645747200000
tank_1175,0.0,1645747200000
tank_1177,10.250980392156862,1645747200000
tank_1179,25.141176470588235,1645747200000
tank_1181,224.36470588235295,1645747200000
tank_1186,265.52941176470586,1645747200000
tank_1187,30.49803921568628,1645747200000
tank_1190,11.0,1645747200000
tank_1192,22.0,1645747200000
tank_1196,0.0,1645747200000
tank_1197,1852.992156862745,1645747200000
tank_1201,109.0,1645747200000
tank_1203,2.0,1645747200000
tank_1205,299.5411764705882,1645747200000
tank_1209,817.9607843137255,1645747200000
tank_1217,0.0,1645747200000
tank_1223,0.9450980392156862,1645747200000
tank_1226,80.2,1645747200000
tank_1228,54.0,1645747200000
tank_1230,0.0,1645747200000
tank_1237,19.95294117647059,1645747200000
tank_1239,872.0,1645747200000
tank_1245,0.0,1645747200000
tank_1246,51.0,1645747200000
tank_1250,0.0,1645747200000
tank_1254,1324.0,1645747200000
tank_1255,1.0901960784313727,1645747200000
tank_1258,158.24313725490197,1645747200000
tank_1261,3.0,1645747200000
tank_1262,5.8196078431372555,1645747200000
tank_1263,32.0,1645747200000
tank_1265,9.0,1645747200000
tank_1270,27.976470588235294,1645747200000
tank_1272,0.0,1645747200000
tank_1275,5.8431372549019605,1645747200000
tank_1276,178.9764705882353,1645747200000
tank_1279,27.0,1645747200000
tank_1280,0.0,1645747200000
tank_1284,12.44313725490196,1645747200000
tank_1285,3.0,1645747200000
tank_1286,100.0,1645747200000
tank_1290,26.0,1645747200000
tank_1291,0.0,1645747200000
tank_1293,66.0,1645747200000
tank_1295,0.0,1645747200000
tank_1297,97.0,1645747200000
tank_1301,174.0,1645747200000
tank_1302,16.0,1645747200000
tank_1304,0.0,1645747200000
tank_1305,2.0,1645747200000
tank_1313,707.0,1645747200000
tank_1322,0.0,1645747200000
tank_1325,184.99607843137255,1645747200000
tank_1326,0.0,1645747200000
tank_1344,0.0,1645747200000
tank_1346,0.0,1645747200000
tank_1349,0.0,1645747200000
tank_1353,443.0,1645747200000
tank_1358,0.0,1645747200000
tank_1359,0.0,1645747200000
tank_1361,285.0,1645747200000
tank_1364,1418.0,1645747200000
tank_1365,0.0,1645747200000
tank_1372,71.25882352941176,1645747200000
tank_1374,193.0,1645747200000
tank_1378,514.9372549019608,1645747200000
tank_1380,14.0,1645747200000
tank_1386,226.0,1645747200000
tank_1391,18.0,1645747200000
tank_1393,32.37647058823529,1645747200000
tank_1396,163.0,1645747200000
tank_1397,0.0,1645747200000
tank_1403,6.0,1645747200000
tank_1409,69.0,1645747200000
tank_1412,5.0,1645747200000
tank_1415,0.0,1645747200000
tank_1416,0.0,1645747200000
tank_1421,222.0,1645747200000
tank_1422,0.0,1645747200000
tank_1425,560.0,1645747200000
tank_1426,0.0,1645747200000
tank_1430,0.0,1645747200000
tank_1433,363.0,1645747200000
tank_1438,14.36078431372549,1645747200000
tank_1439,14.768627450980393,1645747200000
tank_1441,4.0,1645747200000
tank_1443,6.882352941176472,1645747200000
tank_1445,40.92941176470588,1645747200000
tank_1446,24.894117647058824,1645747200000
tank_1450,7.0,1645747200000
tank_1452,8.0,1645747200000
tank_1456,0.0,1645747200000
tank_1466,0.0,1645747200000
tank_1471,8.0,1645747200000
tank_1475,408.0,1645747200000
tank_1486,1361.0,1645747200000
tank_1488,124.34509803921569,1645747200000
tank_1491,32.0,1645747200000
tank_1500,68.07450980392156,1645747200000
tank_1505,588.0,1645747200000
tank_1513,728.7882352941176,1645747200000
tank_1531,78.0,1645747200000
tank_1536,103.24313725490195,1645747200000
tank_1539,521.0,1645747200000
tank_1541,2.0,1645747200000
tank_1542,19.67843137254902,1645747200000
tank_1547,281.0,1645747200000
tank_1563,14.0,1645747200000
tank_1564,0.0,1645747200000
tank_1565,1290.0,1645747200000
tank_1567,65.0,1645747200000
tank_1568,132.0,1645747200000
tank_1573,49.0,1645747200000
tank_1583,2.0,1645747200000
tank_1587,1014.0,1645747200000
tank_1588,9.0,1645747200000
tank_1592,7.0,1645747200000
tank_1594,99.0,1645747200000
tank_1595,0.0,1645747200000
tank_1597,330.24705882352936,1645747200000
tank_1598,0.0,1645747200000
tank_1600,17.0,1645747200000
tank_1604,0.0,1645747200000
tank_0002,0.0,1646784000000
tank_0004,0.0,1646784000000
tank_0005,0.0,1646784000000
tank_0011,0.0,1646784000000
tank_0014,7.137254901960784,1646784000000
tank_0019,3.7529411764705882,1646784000000
tank_0024,15.823529411764707,1646784000000
tank_0025,0.0,1646784000000
tank_0026,1.0,1646784000000
tank_0027,0.0,1646784000000
tank_0030,0.0,1646784000000
tank_0031,6.0,1646784000000
tank_0036,0.0196078431372549,1646784000000
tank_0037,1.8941176470588235,1646784000000
tank_0038,20.06274509803922,1646784000000
tank_0050,0.0,1646784000000
tank_0051,0.0,1646784000000
tank_0052,0.0,1646784000000
tank_0053,39.11372549019608,1646784000000
tank_0055,0.0,1646784000000
tank_0057,0.0,1646784000000
tank_0058,1.0,1646784000000
tank_0064,15.509803921568626,1646784000000
tank_0069,1.6980392156862743,1646784000000
tank_0072,0.0,1646784000000
tank_0073,0.0,1646784000000
tank_0080,23.0,1646784000000
tank_0094,0.0,1646784000000
tank_0107,0.0,1646784000000
tank_0110,0.0,1646784000000
tank_0113,33.93333333333334,1646784000000
tank_0115,0.0,1646784000000
tank_0116,0.0,1646784000000
tank_0117,59.0,1646784000000
tank_0118,0.0,1646784000000
tank_0122,0.0,1646784000000
tank_0125,2.0,1646784000000
tank_0130,0.0,1646784000000
tank_0131,0.0,1646784000000
tank_0132,0.0,1646784000000
tank_0134,0.0,1646784000000
tank_0135,12.607843137254902,1646784000000
tank_0142,0.0,1646784000000
tank_0143,0.0,1646784000000
tank_0144,0.0,1646784000000
tank_0148,13.635294117647057,1646784000000
tank_0153,23.0,1646784000000
tank_0156,68.19607843137256,1646784000000
tank_0159,11.333333333333332,1646784000000
tank_0165,0.0,1646784000000
tank_0171,0.0,1646784000000
tank_0172,0.0,1646784000000
tank_0174,31.12549019607843,1646784000000
tank_0176,19.462745098039214,1646784000000
tank_0184,0.0,1646784000000
tank_0187,0.43137254901960786,1646784000000
tank_0190,3.7411764705882353,1646784000000
tank_0192,0.0,1646784000000
tank_0193,1.3686274509803922,1646784000000
tank_0195,19.976470588235294,1646784000000
tank_0199,3.3058823529411763,1646784000000
tank_0204,0.0,1646784000000
tank_0205,7.31764705882353,1646784000000
tank_0207,2.984313725490196,1646784000000
tank_0209,0.0,1646784000000
tank_0213,5.0,1646784000000
tank_0217,0.0,1646784000000
tank_0220,0.0,1646784000000
tank_0221,0.09411764705882353,1646784000000
tank_0225,6.0,1646784000000
tank_0226,11.831372549019608,1646784000000
tank_0228,0.0,1646784000000
tank_0229,0.0,1646784000000
tank_0231,7.51764705882353,1646784000000
tank_0233,4.0,1646784000000
tank_0236,0.0,1646784000000
tank_0237,0.0,1646784000000
tank_0240,2.607843137254902,1646784000000
tank_0242,0.0,1646784000000
tank_0245,0.0,1646784000000
tank_0247,136.0,1646784000000
tank_0256,1.0,1646784000000
tank_0257,2.184313725490196,1646784000000
tank_0260,3.4941176470588236,1646784000000
tank_0261,0.0,1646784000000
tank_0264,0.0,1646784000000
tank_0273,88.0,1646784000000
tank_0276,1.0,1646784000000
tank_0278,19.0,1646784000000
tank_0280,0.0,1646784000000
tank_0291,0.0,1646784000000
tank_0292,20.866666666666664,1646784000000
tank_0296,0.0,1646784000000
tank_0297,22.866666666666667,1646784000000
tank_0299,2.0,1646784000000
tank_0300,2.4156862745098038,1646784000000
tank_0301,0.0,1646784000000
tank_0307,0.0,1646784000000
tank_0309,19.8,1646784000000
tank_0313,0.0,1646784000000
tank_0314,5.0,1646784000000
tank_0319,0.0,1646784000000
tank_0321,31.211764705882352,1646784000000
tank_0327,0.0,1646784000000
tank_0337,0.0,1646784000000
tank_0338,10.588235294117647,1646784000000
tank_0339,38.74901960784313,1646784000000
tank_0342,2.0,1646784000000
tank_0345,0.0,1646784000000
tank_0346,0.0,1646784000000
tank_0349,127.0,1646784000000
tank_0350,0.0,1646784000000
tank_0353,33.258823529411764,1646784000000
tank_0356,0.0,1646784000000
tank_0360,0.0,1646784000000
tank_0361,1.4980392156862745,1646784000000
tank_0362,4.623529411764706,1646784000000
tank_0364,0.0,1646784000000
tank_0366,18.27058823529412,1646784000000
tank_0369,16.0,1646784000000
tank_0375,0.19607843137254902,1646784000000
tank_0379,21.87450980392157,1646784000000
tank_0381,0.807843137254902,1646784000000
tank_0386,13.0,1646784000000
tank_0390,0.0,1646784000000
tank_0397,0.0,1646784000000
tank_0399,0.0,1646784000000
tank_0404,60.69411764705883,1646784000000
tank_0409,0.0,1646784000000
tank_0420,0.0,1646784000000
tank_0425,0.0,1646784000000
tank_0431,0.0,1646784000000
tank_0432,1.3058823529411765,1646784000000
tank_0435,11.0,1646784000000
tank_0436,0.0,1646784000000
tank_0438,0.6705882352941176,1646784000000
tank_0443,0.8156862745098039,1646784000000
tank_0444,25.0,1646784000000
tank_0447,60.98823529411766,1646784000000
tank_0448,0.0,1646784000000
tank_0449,0.0,1646784000000
tank_0455,15.388235294117646,1646784000000
tank_0460,0.0,1646784000000
tank_0462,195.0,1646784000000
tank_0466,4.0,1646784000000
tank_0471,0.47843137254901963,1646784000000
tank_0473,0.1568627450980392,1646784000000
tank_0474,3.0,1646784000000
tank_0481,40.76078431372549,1646784000000
tank_0485,0.0,1646784000000
tank_0489,0.0,1646784000000
tank_0491,0.0,1646784000000
tank_0494,6.713725490196079,1646784000000
tank_0497,0.0,1646784000000
tank_0498,3.145098039215686,1646784000000
tank_0502,0.0,1646784000000
tank_0505,0.0,1646784000000
tank_0509,0.0,1646784000000
tank_0512,202.0,1646784000000
tank_0514,0.0,1646784000000
tank_0515,0.0,1646784000000
tank_0521,31.0,1646784000000
tank_0524,0.0,1646784000000
tank_0526,46.0,1646784000000
tank_0533,0.0,1646784000000
tank_0534,2.0,1646784000000
tank_0536,0.0,1646784000000
tank_0537,0.0,1646784000000
tank_0541,0.0,1646784000000
tank_0547,0.0,1646784000000
tank_0552,0.0,1646784000000
tank_0555,19.886274509803922,1646784000000
tank_0556,0.0,1646784000000
tank_0557,0.0,1646784000000
tank_0560,0.0,1646784000000
tank_0561,0.0,1646784000000
tank_0566,0.0,1646784000000
tank_0567,0.0,1646784000000
tank_0568,26.431372549019613,1646784000000
tank_0574,69.0,1646784000000
tank_0579,78.0,1646784000000
tank_0583,158.0,1646784000000
tank_0587,0.0,1646784000000
tank_0589,0.0,1646784000000
tank_0590,31.0,1646784000000
tank_0592,0.0,1646784000000
tank_0593,0.0,1646784000000
tank_0595,0.0,1646784000000
tank_0600,1.0,1646784000000
tank_0604,1.3450980392156864,1646784000000
tank_0606,0.0,1646784000000
tank_0607,0.5490196078431373,1646784000000
tank_0608,392.0,1646784000000
tank_0610,0.0,1646784000000
tank_0611,2.2509803921568627,1646784000000
tank_0612,4.435294117647059,1646784000000
tank_0613,0.0,1646784000000
tank_0619,0.0,1646784000000
tank_0626,0.0,1646784000000
tank_0627,0.0,1646784000000
tank_0628,0.0,1646784000000
tank_0632,0.0,1646784000000
tank_0633,0.0,1646784000000
tank_0639,0.0,1646784000000
tank_0640,0.0,1646784000000
tank_0641,0.0,1646784000000
tank_0643,12.87843137254902,1646784000000
tank_0646,0.0,1646784000000
tank_0663,0.0,1646784000000
tank_0664,0.0,1646784000000
tank_0666,0.0,1646784000000
tank_0667,0.0,1646784000000
tank_0670,25.0,1646784000000
tank_0675,0.0,1646784000000
tank_0676,469.0,1646784000000
tank_0678,0.25098039215686274,1646784000000
tank_0681,0.0,1646784000000
tank_0687,0.0,1646784000000
tank_0688,236.0,1646784000000
tank_0697,0.0,1646784000000
tank_0720,6.0,1646784000000
tank_0722,11.23921568627451,1646784000000
tank_0724,3.0,1646784000000
tank_0725,0.0,1646784000000
tank_0728,0.9098039215686273,1646784000000
tank_0730,0.0,1646784000000
tank_0731,405.0,1646784000000
tank_0732,0.0,1646784000000
tank_0737,303.0,1646784000000
tank_0739,0.0,1646784000000
tank_0740,57.69411764705882,1646784000000
tank_0746,0.0,1646784000000
tank_0748,0.0,1646784000000
tank_0749,0.0,1646784000000
tank_0752,3.5098039215686274,1646784000000
tank_0760,0.0,1646784000000
tank_0770,0.0,1646784000000
tank_0772,0.0,1646784000000
tank_0788,0.0,1646784000000
tank_0789,9.0,1646784000000
tank_0792,110.96078431372548,1646784000000
tank_0797,0.0,1646784000000
tank_0800,0.0,1646784000000
tank_0802,0.0,1646784000000
tank_0803,1.2588235294117647,1646784000000
tank_0808,0.0,1646784000000
tank_0810,22.850980392156863,1646784000000
tank_0811,0.0,1646784000000
tank_0812,45.478431372549025,1646784000000
tank_0813,2.0,1646784000000
tank_0816,0.0,1646784000000
tank_0819,3.0,1646784000000
tank_0823,0.0,1646784000000
tank_0824,578.0,1646784000000
tank_0825,0.0,1646784000000
tank_0828,5.0,1646784000000
tank_0829,54.984313725490196,1646784000000
tank_0830,0.0,1646784000000
tank_0831,2.231372549019608,1646784000000
tank_0844,0.0,1646784000000
tank_0852,20.0,1646784000000
tank_0855,0.0,1646784000000
tank_0856,920.0,1646784000000
tank_0860,0.0,1646784000000
tank_0861,0.0,1646784000000
tank_0872,0.0,1646784000000
tank_0875,185.0,1646784000000
tank_0879,8.0,1646784000000
tank_0885,0.0,1646784000000
tank_0891,0.0,1646784000000
tank_0894,738.0,1646784000000
tank_0898,210.0,1646784000000
tank_0900,5.0,1646784000000
tank_0901,72.88235294117646,1646784000000
tank_0902,22.0,1646784000000
tank_0914,0.0,1646784000000
tank_0917,219.0,1646784000000
tank_0919,0.0,1646784000000
tank_0920,55.0,1646784000000
tank_0922,56.0,1646784000000
tank_0923,2.0,1646784000000
tank_0924,0.0,1646784000000
tank_0926,0.0,1646784000000
tank_0927,3.227450980392157,1646784000000
tank_0928,2.0,1646784000000
tank_0930,46.0,1646784000000
tank_0931,57.0,1646784000000
tank_0933,0.0,1646784000000
tank_0934,0.0,1646784000000
tank_0937,0.0,1646784000000
tank_0938,0.0,1646784000000
tank_0939,0.0,1646784000000
tank_0944,49.0,1646784000000
tank_0946,0.8784313725490196,1646784000000
tank_0952,18.7921568627451,1646784000000
tank_0958,0.0,1646784000000
tank_0962,1077.0,1646784000000
tank_0967,4.749019607843137,1646784000000
tank_0975,0.0,1646784000000
tank_0978,0.0,1646784000000
tank_0990,0.0,1646784000000
tank_0991,723.0,1646784000000
tank_0998,0.0,1646784000000
tank_0999,0.0,1646784000000
tank_1003,920.0,1646784000000
tank_1004,8.0,1646784000000
tank_1014,247.0,1646784000000
tank_1026,221.0,1646784000000
tank_1031,8.0,1646784000000
tank_1032,2.0,1646784000000
tank_1034,3.0509803921568626,1646784000000
tank_1042,46.0,1646784000000
tank_1045,0.0,1646784000000
tank_1049,80.0,1646784000000
tank_1055,5.776470588235294,1646784000000
tank_1061,22.976470588235294,1646784000000
tank_1062,0.0,1646784000000
tank_1064,1.9686274509803923,1646784000000
tank_1065,0.9882352941176471,1646784000000
tank_1066,0.0,1646784000000
tank_1070,36.0,1646784000000
tank_1073,47.0,1646784000000
tank_1083,194.0,1646784000000
tank_1086,9.309803921568628,1646784000000
tank_1088,3.847058823529412,1646784000000
tank_1089,26.0,1646784000000
tank_1090,19.988235294117647,1646784000000
tank_1091,0.0,1646784000000
tank_1094,1395.0,1646784000000
tank_1095,17.627450980392155,1646784000000
tank_1104,0.0,1646784000000
tank_1113,31.0,1646784000000
tank_1116,0.0,1646784000000
tank_1117,0.0,1646784000000
tank_1120,72.0,1646784000000
tank_1121,446.0,1646784000000
tank_1124,28.705882352941178,1646784000000
tank_1128,76.3529411764706,1646784000000
tank_1134,0.0,1646784000000
tank_1135,29.890196078431373,1646784000000
tank_1146,9.988235294117647,1646784000000
tank_1149,8.768627450980393,1646784000000
tank_1156,0.0,1646784000000
tank_1157,11.968627450980392,1646784000000
tank_1159,182.0,1646784000000
tank_1160,463.0,1646784000000
tank_1166,0.06666666666666667,1646784000000
tank_1170,11.24313725490196,1646784000000
tank_1175,0.0,1646784000000
tank_1177,0.0,1646784000000
tank_1179,14.388235294117646,1646784000000
tank_1181,191.6313725490196,1646784000000
tank_1186,205.3686274509804,1646784000000
tank_1187,32.69019607843137,1646784000000
tank_1190,17.749019607843138,1646784000000
tank_1192,21.0,1646784000000
tank_1196,0.0,1646784000000
tank_1197,1213.0,1646784000000
tank_1201,145.0,1646784000000
tank_1203,6.450980392156863,1646784000000
tank_1205,296.0,1646784000000
tank_1209,438.0,1646784000000
tank_1217,0.0,1646784000000
tank_1223,3.0,1646784000000
tank_1226,58.76862745098039,1646784000000
tank_1228,97.0,1646784000000
tank_1230,0.0,1646784000000
tank_1237,18.95294117647059,1646784000000
tank_1239,741.0,1646784000000
tank_1245,0.0,1646784000000
tank_1246,75.0,1646784000000
tank_1250,2.4980392156862745,1646784000000
tank_1254,521.0,1646784000000
tank_1255,4.219607843137255,1646784000000
tank_1258,109.0,1646784000000
tank_1261,0.0,1646784000000
tank_1262,1.0,1646784000000
tank_1263,29.0,1646784000000
tank_1265,0.0,1646784000000
tank_1270,25.929411764705883,1646784000000
tank_1272,0.0,1646784000000
tank_1275,0.0,1646784000000
tank_1276,126.0,1646784000000
tank_1279,23.784313725490197,1646784000000
tank_1280,0.0,1646784000000
tank_1284,8.254901960784313,1646784000000
tank_1285,0.7294117647058823,1646784000000
tank_1286,138.58039215686276,1646784000000
tank_1290,27.91372549019608,1646784000000
tank_1291,0.0,1646784000000
tank_1293,66.0,1646784000000
tank_1295,2.8117647058823527,1646784000000
tank_1297,101.0,1646784000000
tank_1301,148.0,1646784000000
tank_1302,8.0,1646784000000
tank_1304,0.0,1646784000000
tank_1305,0.0,1646784000000
tank_1313,802.0,1646784000000
tank_1322,0.0,1646784000000
tank_1325,173.1921568627451,1646784000000
tank_1326,0.0,1646784000000
tank_1344,10.462745098039216,1646784000000
tank_1346,0.0,1646784000000
tank_1349,0.0,1646784000000
tank_1353,587.3725490196078,1646784000000
tank_1358,0.0,1646784000000
tank_1359,0.0,1646784000000
tank_1361,476.0,1646784000000
tank_1364,1250.0,1646784000000
tank_1365,0.0,1646784000000
tank_1372,45.0,1646784000000
tank_1374,175.0,1646784000000
tank_1378,487.0,1646784000000
tank_1380,11.0,1646784000000
tank_1386,180.98431372549018,1646784000000
tank_1391,16.0,1646784000000
tank_1393,33.55686274509804,1646784000000
tank_1396,127.0,1646784000000
tank_1397,0.0,1646784000000
tank_1403,5.0,1646784000000
tank_1409,127.0,1646784000000
tank_1412,0.0,1646784000000
tank_1415,0.0,1646784000000
tank_1416,0.0,1646784000000
tank_1421,175.0,1646784000000
tank_1422,0.0,1646784000000
tank_1425,529.0,1646784000000
tank_1426,0.0,1646784000000
tank_1430,0.0,1646784000000
tank_1433,273.0,1646784000000
tank_1438,2.8235294117647056,1646784000000
tank_1439,7.105882352941176,1646784000000
tank_1441,0.0,1646784000000
tank_1443,12.443137254901961,1646784000000
tank_1445,53.37647058823529,1646784000000
tank_1446,31.317647058823532,1646784000000
tank_1450,5.0,1646784000000
tank_1452,0.0,1646784000000
tank_1456,0.0,1646784000000
tank_1466,0.0,1646784000000
tank_1471,9.815686274509805,1646784000000
tank_1475,348.0,1646784000000
tank_1486,1267.0,1646784000000
tank_1488,105.0156862745098,1646784000000
tank_1491,18.698039215686272,1646784000000
tank_1500,52.298039215686266,1646784000000
tank_1505,555.0,1646784000000
tank_1513,621.0,1646784000000
tank_1531,65.0,1646784000000
tank_1536,99.8156862745098,1646784000000
tank_1539,277.0,1646784000000
tank_1541,4.0,1646784000000
tank_1542,20.43921568627451,1646784000000
tank_1547,271.0,1646784000000
tank_1563,28.250980392156862,1646784000000
tank_1564,0.0,1646784000000
tank_1565,1149.9725490196079,1646784000000
tank_1567,59.0,1646784000000
tank_1568,141.0,1646784000000
tank_1573,44.0,1646784000000
tank_1583,6.0,1646784000000
tank_1587,760.0,1646784000000
tank_1588,0.0,1646784000000
tank_1592,7.0,1646784000000
tank_1594,95.0,1646784000000
tank_1595,0.0,1646784000000
tank_1597,338.5490196078431,1646784000000
tank_1598,0.0,1646784000000
tank_1600,12.282352941176471,1646784000000
tank_1604,0.0,1646784000000
tank_0002,6.0,1647820800000
tank_0004,0.0,1647820800000
tank_0005,0.0,1647820800000
tank_0011,0.0,1647820800000
tank_0014,7.125490196078431,1647820800000
tank_0019,5.372549019607844,1647820800000
tank_0024,1.2470588235294118,1647820800000
tank_0025,0.0,1647820800000
tank_0026,7.066666666666666,1647820800000
tank_0027,0.0,1647820800000
tank_0030,10.760784313725491,1647820800000
tank_0031,3.0,1647820800000
tank_0036,0.0,1647820800000
tank_0037,0.9098039215686274,1647820800000
tank_0038,56.937254901960785,1647820800000
tank_0050,0.0,1647820800000
tank_0051,0.0,1647820800000
tank_0052,2.0,1647820800000
tank_0053,73.77647058823531,1647820800000
tank_0055,0.6235294117647059,1647820800000
tank_0057,0.0,1647820800000
tank_0058,9.976470588235294,1647820800000
tank_0064,11.756862745098038,1647820800000
tank_0069,0.0,1647820800000
tank_0072,0.0,1647820800000
tank_0073,0.0,1647820800000
tank_0080,19.0,1647820800000
tank_0094,0.0,1647820800000
tank_0107,7.603921568627451,1647820800000
tank_0110,0.0,1647820800000
tank_0113,43.89411764705882,1647820800000
tank_0115,0.0,1647820800000
tank_0116,0.0,1647820800000
tank_0117,51.0,1647820800000
tank_0118,0.0,1647820800000
tank_0122,0.0,1647820800000
tank_0125,0.0,1647820800000
tank_0130,0.0,1647820800000
tank_0131,0.0,1647820800000
tank_0132,0.0,1647820800000
tank_0134,1.0,1647820800000
tank_0135,0.0,1647820800000
tank_0142,9.0,1647820800000
tank_0143,0.0,1647820800000
tank_0144,0.0,1647820800000
tank_0148,0.0,1647820800000
tank_0153,9.0,1647820800000
tank_0156,57.78039215686275,1647820800000
tank_0159,2.164705882352941,1647820800000
tank_0165,0.0,1647820800000
tank_0171,0.0,1647820800000
tank_0172,0.0,1647820800000
tank_0174,12.168627450980393,1647820800000
tank_0176,5.0,1647820800000
tank_0184,0.0,1647820800000
tank_0187,1.7333333333333334,1647820800000
tank_0190,0.3215686274509804,1647820800000
tank_0192,0.0,1647820800000
tank_0193,0.0,1647820800000
tank_0195,2.0,1647820800000
tank_0199,5.0,1647820800000
tank_0204,0.0,1647820800000
tank_0205,0.0,1647820800000
tank_0207,0.0,1647820800000
tank_0209,0.0,1647820800000
tank_0213,5.788235294117647,1647820800000
tank_0217,0.0,1647820800000
tank_0220,0.0,1647820800000
tank_0221,16.0,1647820800000
tank_0225,3.0,1647820800000
tank_0226,9.0,1647820800000
tank_0228,0.0,1647820800000
tank_0229,1.0,1647820800000
tank_0231,0.0,1647820800000
tank_0233,0.0,1647820800000
tank_0236,12.007843137254902,1647820800000
tank_0237,0.0,1647820800000
tank_0240,0.0,1647820800000
tank_0242,0.0,1647820800000
tank_0245,0.011764705882352941,1647820800000
tank_0247,94.0,1647820800000
tank_0256,8.79607843137255,1647820800000
tank_0257,0.0,1647820800000
tank_0260,0.0,1647820800000
tank_0261,0.0,1647820800000
tank_0264,0.0,1647820800000
tank_0273,63.0,1647820800000
tank_0276,0.0,1647820800000
tank_0278,0.0,1647820800000
tank_0280,0.0,1647820800000
tank_0291,0.0,1647820800000
tank_0292,34.6235294117647,1647820800000
tank_0296,0.0,1647820800000
tank_0297,14.874509803921569,1647820800000
tank_0299,0.14901960784313725,1647820800000
tank_0300,5.894117647058823,1647820800000
tank_0301,4.803921568627451,1647820800000
tank_0307,0.0,1647820800000
tank_0309,12.925490196078432,1647820800000
tank_0313,0.0,1647820800000
tank_0314,0.0,1647820800000
tank_0319,0.0,1647820800000
tank_0321,5.921568627450981,1647820800000
tank_0327,0.0,1647820800000
tank_0337,0.24705882352941175,1647820800000
tank_0338,3.168627450980392,1647820800000
tank_0339,59.28627450980391,1647820800000
tank_0342,0.0,1647820800000
tank_0345,0.0,1647820800000
tank_0346,0.0,1647820800000
tank_0349,123.0,1647820800000
tank_0350,0.0,1647820800000
tank_0353,5.254901960784314,1647820800000
tank_0356,0.0,1647820800000
tank_0360,0.0,1647820800000
tank_0361,0.0,1647820800000
tank_0362,2.0,1647820800000
tank_0364,0.0,1647820800000
tank_0366,2.6392156862745098,1647820800000
tank_0369,9.0,1647820800000
tank_0375,0.0,1647820800000
tank_0379,11.862745098039216,1647820800000
tank_0381,0.0,1647820800000
tank_0386,9.0,1647820800000
tank_0390,0.0,1647820800000
tank_0397,0.0,1647820800000
tank_0399,0.0,1647820800000
tank_0404,23.96470588235294,1647820800000
tank_0409,0.0,1647820800000
tank_0420,0.0,1647820800000
tank_0425,0.7921568627450981,1647820800000
tank_0431,0.0,1647820800000
tank_0432,0.0,1647820800000
tank_0435,3.0,1647820800000
tank_0436,0.0,1647820800000
tank_0438,10.0,1647820800000
tank_0443,0.0,1647820800000
tank_0444,36.0,1647820800000
tank_0447,107.21176470588237,1647820800000
tank_0448,0.0,1647820800000
tank_0449,0.0,1647820800000
tank_0455,9.686274509803923,1647820800000
tank_0460,1.9058823529411764,1647820800000
tank_0462,147.0,1647820800000
tank_0466,0.0,1647820800000
tank_0471,0.0,1647820800000
tank_0473,7.372549019607844,1647820800000
tank_0474,0.807843137254902,1647820800000
tank_0481,115.92549019607844,1647820800000
tank_0485,0.0,1647820800000
tank_0489,0.0,1647820800000
tank_0491,0.0,1647820800000
tank_0494,25.0,1647820800000
tank_0497,4.529411764705882,1647820800000
tank_0498,0.28627450980392155,1647820800000
tank_0502,0.0,1647820800000
tank_0505,20.858823529411765,1647820800000
tank_0509,1.427450980392157,1647820800000
tank_0512,175.0,1647820800000
tank_0514,0.0,1647820800000
tank_0515,4.0,1647820800000
tank_0521,9.0,1647820800000
tank_0524,0.0,1647820800000
tank_0526,40.74901960784314,1647820800000
tank_0533,0.23529411764705882,1647820800000
tank_0534,0.0,1647820800000
tank_0536,0.0,1647820800000
tank_0537,0.0,1647820800000
tank_0541,2.0,1647820800000
tank_0547,0.0,1647820800000
tank_0552,0.0,1647820800000
tank_0555,15.0,1647820800000
tank_0556,0.0,1647820800000
tank_0557,0.49019607843137253,1647820800000
tank_0560,0.0,1647820800000
tank_0561,0.0,1647820800000
tank_0566,0.0,1647820800000
tank_0567,9.0,1647820800000
tank_0568,52.603921568627456,1647820800000
tank_0574,66.0,1647820800000
tank_0579,76.0,1647820800000
tank_0583,127.0,1647820800000
tank_0587,0.0,1647820800000
tank_0589,1.9764705882352942,1647820800000
tank_0590,7.0,1647820800000
tank_0592,3.6431372549019607,1647820800000
tank_0593,0.0,1647820800000
tank_0595,0.23137254901960785,1647820800000
tank_0600,22.643137254901966,1647820800000
tank_0604,9.0,1647820800000
tank_0606,0.0,1647820800000
tank_0607,3.0,1647820800000
tank_0608,288.99607843137255,1647820800000
tank_0610,0.0,1647820800000
tank_0611,0.12549019607843137,1647820800000
tank_0612,15.972549019607843,1647820800000
tank_0613,3.243137254901961,1647820800000
tank_0619,0.0,1647820800000
tank_0626,1.0,1647820800000
tank_0627,0.0,1647820800000
tank_0628,0.0,1647820800000
tank_0632,0.0,1647820800000
tank_0633,0.0,1647820800000
tank_0639,14.572549019607843,1647820800000
tank_0640,0.19215686274509805,1647820800000
tank_0641,0.0,1647820800000
tank_0643,11.635294117647058,1647820800000
tank_0646,0.0,1647820800000
tank_0663,0.0,1647820800000
tank_0664,0.0,1647820800000
tank_0666,0.0,1647820800000
tank_0667,0.0,1647820800000
tank_0670,14.0,1647820800000
tank_0675,0.0,1647820800000
tank_0676,260.0,1647820800000
tank_0678,0.6941176470588235,1647820800000
tank_0681,0.0,1647820800000
tank_0687,0.0,1647820800000
tank_0688,245.0,1647820800000
tank_0697,6.788235294117647,1647820800000
tank_0720,1.8,1647820800000
tank_0722,5.235294117647059,1647820800000
tank_0724,0.0,1647820800000
tank_0725,0.0,1647820800000
tank_0728,22.450980392156858,1647820800000
tank_0730,0.0,1647820800000
tank_0731,369.0,1647820800000
tank_0732,0.0,1647820800000
tank_0737,153.0,1647820800000
tank_0739,0.18823529411764706,1647820800000
tank_0740,69.25098039215686,1647820800000
tank_0746,0.0,1647820800000
tank_0748,3.0,1647820800000
tank_0749,11.011764705882353,1647820800000
tank_0752,0.5098039215686274,1647820800000
tank_0760,0.0,1647820800000
tank_0770,0.5333333333333333,1647820800000
tank_0772,0.0,1647820800000
tank_0788,0.0,1647820800000
tank_0789,15.0,1647820800000
tank_0792,138.41568627450977,1647820800000
tank_0797,0.0,1647820800000
tank_0800,1.0,1647820800000
tank_0802,1.1803921568627451,1647820800000
tank_0803,2.2745098039215685,1647820800000
tank_0808,6.0,1647820800000
tank_0810,15.874509803921569,1647820800000
tank_0811,3.8980392156862744,1647820800000
tank_0812,43.34117647058824,1647820800000
tank_0813,2.219607843137255,1647820800000
tank_0816,0.0,1647820800000
tank_0819,0.0,1647820800000
tank_0823,0.0,1647820800000
tank_0824,318.0,1647820800000
tank_0825,0.0,1647820800000
tank_0828,5.0,1647820800000
tank_0829,48.858823529411765,1647820800000
tank_0830,0.0,1647820800000
tank_0831,1.4627450980392156,1647820800000
tank_0844,0.0,1647820800000
tank_0852,1.0,1647820800000
tank_0855,0.0,1647820800000
tank_0856,242.0,1647820800000
tank_0860,0.0,1647820800000
tank_0861,0.0,1647820800000
tank_0872,0.0,1647820800000
tank_0875,187.4392156862745,1647820800000
tank_0879,6.0,1647820800000
tank_0885,0.0,1647820800000
tank_0891,0.0,1647820800000
tank_0894,147.0,1647820800000
tank_0898,189.0,1647820800000
tank_0900,0.0,1647820800000
tank_0901,75.0,1647820800000
tank_0902,0.0,1647820800000
tank_0914,0.0,1647820800000
tank_0917,77.97254901960784,1647820800000
tank_0919,0.0,1647820800000
tank_0920,60.97254901960784,1647820800000
tank_0922,19.0,1647820800000
tank_0923,0.0,1647820800000
tank_0924,1.988235294117647,1647820800000
tank_0926,11.011764705882351,1647820800000
tank_0927,2.0,1647820800000
tank_0928,0.0,1647820800000
tank_0930,38.0,1647820800000
tank_0931,42.0,1647820800000
tank_0933,0.0,1647820800000
tank_0934,0.0,1647820800000
tank_0937,2.0,1647820800000
tank_0938,2.8627450980392157,1647820800000
tank_0939,0.0,1647820800000
tank_0944,56.0,1647820800000
tank_0946,0.0,1647820800000
tank_0952,1.0,1647820800000
tank_0958,0.0,1647820800000
tank_0962,323.0,1647820800000
tank_0967,7.0,1647820800000
tank_0975,0.0,1647820800000
tank_0978,1.8549019607843138,1647820800000
tank_0990,0.0,1647820800000
tank_0991,319.0,1647820800000
tank_0998,0.0,1647820800000
tank_0999,4.9372549019607845,1647820800000
tank_1003,1081.0,1647820800000
tank_1004,6.858823529411764,1647820800000
tank_1014,306.0,1647820800000
tank_1026,187.70980392156864,1647820800000
tank_1031,0.0,1647820800000
tank_1032,9.207843137254901,1647820800000
tank_1034,0.0,1647820800000
tank_1042,34.89411764705882,1647820800000
tank_1045,0.0,1647820800000
tank_1049,75.0,1647820800000
tank_1055,4.227450980392157,1647820800000
tank_1061,21.945098039215686,1647820800000
tank_1062,9.788235294117648,1647820800000
tank_1064,0.0,1647820800000
tank_1065,3.8274509803921566,1647820800000
tank_1066,0.12549019607843137,1647820800000
tank_1070,35.0,1647820800000
tank_1073,42.0,1647820800000
tank_1083,157.0,1647820800000
tank_1086,7.0,1647820800000
tank_1088,2.0,1647820800000
tank_1089,29.0,1647820800000
tank_1090,19.0,1647820800000
tank_1091,0.0,1647820800000
tank_1094,339.0,1647820800000
tank_1095,11.0,1647820800000
tank_1104,0.0,1647820800000
tank_1113,40.0,1647820800000
tank_1116,0.0,1647820800000
tank_1117,0.0,1647820800000
tank_1120,80.0,1647820800000
tank_1121,94.0,1647820800000
tank_1124,22.0,1647820800000
tank_1128,16.0,1647820800000
tank_1134,0.0,1647820800000
tank_1135,32.0,1647820800000
tank_1146,11.0,1647820800000
tank_1149,5.709803921568627,1647820800000
tank_1156,0.0,1647820800000
tank_1157,12.486274509803922,1647820800000
tank_1159,157.0,1647820800000
tank_1160,714.0,1647820800000
tank_1166,0.0,1647820800000
tank_1170,15.364705882352942,1647820800000
tank_1175,0.0,1647820800000
tank_1177,0.0,1647820800000
tank_1179,3.4313725490196076,1647820800000
tank_1181,153.70980392156864,1647820800000
tank_1186,139.57647058823528,1647820800000
tank_1187,78.5607843137255,1647820800000
tank_1190,8.0,1647820800000
tank_1192,20.847058823529412,1647820800000
tank_1196,0.0,1647820800000
tank_1197,1655.7411764705882,1647820800000
tank_1201,133.0,1647820800000
tank_1203,11.227450980392158,1647820800000
tank_1205,176.94901960784313,1647820800000
tank_1209,598.0,1647820800000
tank_1217,0.0,1647820800000
tank_1223,0.0,1647820800000
tank_1226,60.858823529411765,1647820800000
tank_1228,74.0,1647820800000
tank_1230,0.0,1647820800000
tank_1237,19.0,1647820800000
tank_1239,753.0,1647820800000
tank_1245,0.0,1647820800000
tank_1246,168.0705882352941,1647820800000
tank_1250,0.0,1647820800000
tank_1254,1043.0,1647820800000
tank_1255,2.0,1647820800000
tank_1258,116.0,1647820800000
tank_1261,0.0,1647820800000
tank_1262,0.25098039215686274,1647820800000
tank_1263,26.0,1647820800000
tank_1265,1.0,1647820800000
tank_1270,24.0,1647820800000
tank_1272,0.0,1647820800000
tank_1275,0.0,1647820800000
tank_1276,137.9764705882353,1647820800000
tank_1279,22.0,1647820800000
tank_1280,0.0,1647820800000
tank_1284,1.7490196078431373,1647820800000
tank_1285,0.0,1647820800000
tank_1286,45.0,1647820800000
tank_1290,6.0,1647820800000
tank_1291,0.0,1647820800000
tank_1293,61.0,1647820800000
tank_1295,0.0,1647820800000
tank_1297,58.0,1647820800000
tank_1301,108.0,1647820800000
tank_1302,6.0,1647820800000
tank_1304,0.0,1647820800000
tank_1305,12.823529411764707,1647820800000
tank_1313,756.0,1647820800000
tank_1322,0.0,1647820800000
tank_1325,166.99607843137255,1647820800000
tank_1326,0.0,1647820800000
tank_1344,0.0,1647820800000
tank_1346,0.0,1647820800000
tank_1349,0.0,1647820800000
tank_1353,347.0,1647820800000
tank_1358,0.0,1647820800000
tank_1359,0.0,1647820800000
tank_1361,92.0,1647820800000
tank_1364,1279.9803921568628,1647820800000
tank_1365,0.0,1647820800000
tank_1372,35.0,1647820800000
tank_1374,157.0,1647820800000
tank_1378,462.0,1647820800000
tank_1380,10.0,1647820800000
tank_1386,190.0,1647820800000
tank_1391,17.0,1647820800000
tank_1393,38.807843137254906,1647820800000
tank_1396,31.0,1647820800000
tank_1397,0.0,1647820800000
tank_1403,1.0,1647820800000
tank_1409,3.0,1647820800000
tank_1412,0.0,1647820800000
tank_1415,0.0,1647820800000
tank_1416,0.0,1647820800000
tank_1421,162.0,1647820800000
tank_1422,0.0,1647820800000
tank_1425,416.0,1647820800000
tank_1426,0.0,1647820800000
tank_1430,0.0,1647820800000
tank_1433,280.0,1647820800000
tank_1438,0.0,1647820800000
tank_1439,5.0,1647820800000
tank_1441,0.0,1647820800000
tank_1443,8.36078431372549,1647820800000
tank_1445,33.0,1647820800000
tank_1446,17.784313725490197,1647820800000
tank_1450,14.0,1647820800000
tank_1452,0.18823529411764706,1647820800000
tank_1456,0.0,1647820800000
tank_1466,4.623529411764705,1647820800000
tank_1471,12.0,1647820800000
tank_1475,332.0,1647820800000
tank_1486,1280.0,1647820800000
tank_1488,117.63529411764706,1647820800000
tank_1491,13.0,1647820800000
tank_1500,36.117647058823536,1647820800000
tank_1505,509.0,1647820800000
tank_1513,665.6235294117647,1647820800000
tank_1531,52.0,1647820800000
tank_1536,25.61176470588235,1647820800000
tank_1539,582.686274509804,1647820800000
tank_1541,0.0,1647820800000
tank_1542,14.976470588235294,1647820800000
tank_1547,186.91372549019607,1647820800000
tank_1563,13.0,1647820800000
tank_1564,0.0,1647820800000
tank_1565,578.913725490196,1647820800000
tank_1567,48.0,1647820800000
tank_1568,48.0,1647820800000
tank_1573,22.0,1647820800000
tank_1583,1.0,1647820800000
tank_1587,929.0,1647820800000
tank_1588,0.0,1647820800000
tank_1592,6.0,1647820800000
tank_1594,92.0,1647820800000
tank_1595,0.0,1647820800000
tank_1597,307.7490196078431,1647820800000
tank_1598,0.0,1647820800000
tank_1600,12.16470588235294,1647820800000
tank_1604,0.0,1647820800000
tank_0002,0.0,1648857600000
tank_0004,0.0,1648857600000
tank_0005,0.0,1648857600000
tank_0011,3.0,1648857600000
tank_0014,15.48235294117647,1648857600000
tank_0019,2.5294117647058827,1648857600000
tank_0024,37.505882352941185,1648857600000
tank_0025,0.0,1648857600000
tank_0026,0.0,1648857600000
tank_0027,0.0,1648857600000
tank_0030,0.0,1648857600000
tank_0031,6.0,1648857600000
tank_0036,0.19215686274509805,1648857600000
tank_0037,0.4117647058823529,1648857600000
tank_0038,61.82745098039216,1648857600000
tank_0050,0.0,1648857600000
tank_0051,0.0,1648857600000
tank_0052,7.101960784313726,1648857600000
tank_0053,62.76470588235295,1648857600000
tank_0055,3.847058823529412,1648857600000
tank_0057,0.0,1648857600000
tank_0058,5.258823529411765,1648857600000
tank_0064,10.60392156862745,1648857600000
tank_0069,1.4039215686274509,1648857600000
tank_0072,0.0,1648857600000
tank_0073,0.0,1648857600000
tank_0080,23.0,1648857600000
tank_0094,0.0,1648857600000
tank_0107,2.0,1648857600000
tank_0110,7.823529411764706,1648857600000
tank_0113,50.63921568627451,1648857600000
tank_0115,0.0,1648857600000
tank_0116,8.223529411764705,1648857600000
tank_0117,61.0,1648857600000
tank_0118,0.0,1648857600000
tank_0122,0.0,1648857600000
tank_0125,4.0,1648857600000
tank_0130,0.023529411764705882,1648857600000
tank_0131,0.0,1648857600000
tank_0132,0.0,1648857600000
tank_0134,0.0,1648857600000
tank_0135,1.0,1648857600000
tank_0142,9.0,1648857600000
tank_0143,0.0,1648857600000
tank_0144,0.0,1648857600000
tank_0148,5.0,1648857600000
tank_0153,16.0,1648857600000
tank_0156,54.7764705882353,1648857600000
tank_0159,2.0,1648857600000
tank_0165,10.0,1648857600000
tank_0171,0.0,1648857600000
tank_0172,0.0,1648857600000
tank_0174,11.678431372549017,1648857600000
tank_0176,5.0,1648857600000
tank_0184,0.0,1648857600000
tank_0187,7.03921568627451,1648857600000
tank_0190,1.5568627450980392,1648857600000
tank_0192,0.12156862745098039,1648857600000
tank_0193,0.0,1648857600000
tank_0195,9.59607843137255,1648857600000
tank_0199,3.8745098039215686,1648857600000
tank_0204,0.0,1648857600000
tank_0205,0.0,1648857600000
tank_0207,0.0,1648857600000
tank_0209,0.0,1648857600000
tank_0213,11.372549019607844,1648857600000
tank_0217,0.0,1648857600000
tank_0220,0.0,1648857600000
tank_0221,3.1098039215686275,1648857600000
tank_0225,0.0,1648857600000
tank_0226,20.16078431372549,1648857600000
tank_0228,0.0,1648857600000
tank_0229,2.4,1648857600000
tank_0231,8.023529411764706,1648857600000
tank_0233,9.901960784313726,1648857600000
tank_0236,4.0,1648857600000
tank_0237,0.0,1648857600000
tank_0240,0.0,1648857600000
tank_0242,0.0,1648857600000
tank_0245,0.0,1648857600000
tank_0247,153.0,1648857600000
tank_0256,15.458823529411763,1648857600000
tank_0257,1.6666666666666665,1648857600000
tank_0260,1.4941176470588236,1648857600000
tank_0261,2.243137254901961,1648857600000
tank_0264,0.0,1648857600000
tank_0273,72.0,1648857600000
tank_0276,0.0,1648857600000
tank_0278,12.0,1648857600000
tank_0280,0.0,1648857600000
tank_0291,0.0,1648857600000
tank_0292,11.55686274509804,1648857600000
tank_0296,0.0,1648857600000
tank_0297,16.0,1648857600000
tank_0299,0.4196078431372549,1648857600000
tank_0300,7.592156862745099,1648857600000
tank_0301,11.286274509803924,1648857600000
tank_0307,0.0,1648857600000
tank_0309,5.8,1648857600000
tank_0313,0.0,1648857600000
tank_0314,0.0392156862745098,1648857600000
tank_0319,0.0,1648857600000
tank_0321,3.8823529411764706,1648857600000
tank_0327,0.0,1648857600000
tank_0337,1.188235294117647,1648857600000
tank_0338,0.0,1648857600000
tank_0339,59.45882352941176,1648857600000
tank_0342,5.8352941176470585,1648857600000
tank_0345,0.0,1648857600000
tank_0346,0.0,1648857600000
tank_0349,130.0,1648857600000
tank_0350,0.0,1648857600000
tank_0353,11.360784313725489,1648857600000
tank_0356,0.0,1648857600000
tank_0360,0.0,1648857600000
tank_0361,2.8156862745098037,1648857600000
tank_0362,10.0,1648857600000
tank_0364,1.0,1648857600000
tank_0366,21.0,1648857600000
tank_0369,4.0,1648857600000
tank_0375,2.898039215686275,1648857600000
tank_0379,24.149019607843137,1648857600000
tank_0381,0.0,1648857600000
tank_0386,1.0,1648857600000
tank_0390,0.0,1648857600000
tank_0397,0.0,1648857600000
tank_0399,0.0,1648857600000
tank_0404,52.84705882352941,1648857600000
tank_0409,0.0,1648857600000
tank_0420,3.2470588235294118,1648857600000
tank_0425,1.6431372549019607,1648857600000
tank_0431,0.0,1648857600000
tank_0432,1.5019607843137255,1648857600000
tank_0435,2.0,1648857600000
tank_0436,0.0,1648857600000
tank_0438,4.0,1648857600000
tank_0443,1.0,1648857600000
tank_0444,8.0,1648857600000
tank_0447,78.70980392156864,1648857600000
tank_0448,0.0,1648857600000
tank_0449,2.0,1648857600000
tank_0455,25.04705882352941,1648857600000
tank_0460,1.7960784313725489,1648857600000
tank_0462,135.0,1648857600000
tank_0466,0.0,1648857600000
tank_0471,0.0,1648857600000
tank_0473,2.764705882352941,1648857600000
tank_0474,1.0,1648857600000
tank_0481,56.60392156862746,1648857600000
tank_0485,0.0,1648857600000
tank_0489,4.0,1648857600000
tank_0491,0.0,1648857600000
tank_0494,14.827450980392156,1648857600000
tank_0497,0.0,1648857600000
tank_0498,0.09803921568627451,1648857600000
tank_0502,1.0,1648857600000
tank_0505,2.0,1648857600000
tank_0509,0.7411764705882353,1648857600000
tank_0512,172.0,1648857600000
tank_0514,0.0,1648857600000
tank_0515,1.0,1648857600000
tank_0521,12.0,1648857600000
tank_0524,0.0,1648857600000
tank_0526,37.0,1648857600000
tank_0533,0.0,1648857600000
tank_0534,0.0,1648857600000
tank_0536,0.0,1648857600000
tank_0537,0.0,1648857600000
tank_0541,0.0,1648857600000
tank_0547,0.0,1648857600000
tank_0552,0.0,1648857600000
tank_0555,4.886274509803922,1648857600000
tank_0556,0.0,1648857600000
tank_0557,0.7725490196078431,1648857600000
tank_0560,1.0,1648857600000
tank_0561,0.0,1648857600000
tank_0566,0.0,1648857600000
tank_0567,1.0,1648857600000
tank_0568,32.003921568627455,1648857600000
tank_0574,63.0,1648857600000
tank_0579,75.0,1648857600000
tank_0583,109.0,1648857600000
tank_0587,0.0,1648857600000
tank_0589,0.0,1648857600000
tank_0590,7.0,1648857600000
tank_0592,6.556862745098039,1648857600000
tank_0593,0.0,1648857600000
tank_0595,0.0,1648857600000
tank_0600,0.0,1648857600000
tank_0604,3.462745098039216,1648857600000
tank_0606,0.0,1648857600000
tank_0607,4.690196078431373,1648857600000
tank_0608,357.0,1648857600000
tank_0610,0.0,1648857600000
tank_0611,1.1254901960784314,1648857600000
tank_0612,3.0,1648857600000
tank_0613,1.0,1648857600000
tank_0619,0.0,1648857600000
tank_0626,0.0,1648857600000
tank_0627,0.0,1648857600000
tank_0628,0.0,1648857600000
tank_0632,7.5058823529411764,1648857600000
tank_0633,0.0,1648857600000
tank_0639,0.0,1648857600000
tank_0640,0.0,1648857600000
tank_0641,3.0,1648857600000
tank_0643,23.858823529411765,1648857600000
tank_0646,0.0,1648857600000
tank_0663,0.0,1648857600000
tank_0664,0.0,1648857600000
tank_0666,0.0,1648857600000
tank_0667,3.2588235294117647,1648857600000
tank_0670,22.0,1648857600000
tank_0675,0.0,1648857600000
tank_0676,447.0,1648857600000
tank_0678,0.0,1648857600000
tank_0681,0.0,1648857600000
tank_0687,0.0,1648857600000
tank_0688,227.86666666666667,1648857600000
tank_0697,5.0,1648857600000
tank_0720,0.0,1648857600000
tank_0722,12.788235294117646,1648857600000
tank_0724,2.2470588235294118,1648857600000
tank_0725,0.0,1648857600000
tank_0728,0.0,1648857600000
tank_0730,2.0,1648857600000
tank_0731,617.0,1648857600000
tank_0732,1.6392156862745098,1648857600000
tank_0737,238.0,1648857600000
tank_0739,4.0,1648857600000
tank_0740,67.49803921568629,1648857600000
tank_0746,0.0,1648857600000
tank_0748,2.0,1648857600000
tank_0749,2.0,1648857600000
tank_0752,9.086274509803921,1648857600000
tank_0760,0.0,1648857600000
tank_0770,0.0,1648857600000
tank_0772,0.0,1648857600000
tank_0788,0.0,1648857600000
tank_0789,6.5019607843137255,1648857600000
tank_0792,93.9450980392157,1648857600000
tank_0797,0.0,1648857600000
tank_0800,4.0,1648857600000
tank_0802,0.803921568627451,1648857600000
tank_0803,0.0,1648857600000
tank_0808,0.0,1648857600000
tank_0810,29.945098039215686,1648857600000
tank_0811,0.8901960784313725,1648857600000
tank_0812,48.478431372549025,1648857600000
tank_0813,0.8705882352941177,1648857600000
tank_0816,0.0,1648857600000
tank_0819,0.0,1648857600000
tank_0823,0.0,1648857600000
tank_0824,372.0,1648857600000
tank_0825,0.0,1648857600000
tank_0828,1.0,1648857600000
tank_0829,53.984313725490196,1648857600000
tank_0830,0.0,1648857600000
tank_0831,10.686274509803923,1648857600000
tank_0844,0.0,1648857600000
tank_0852,8.92156862745098,1648857600000
tank_0855,0.0,1648857600000
tank_0856,212.0,1648857600000
tank_0860,2.0,1648857600000
tank_0861,0.0,1648857600000
tank_0872,0.0,1648857600000
tank_0875,179.4392156862745,1648857600000
tank_0879,9.996078431372549,1648857600000
tank_0885,0.0,1648857600000
tank_0891,0.0,1648857600000
tank_0894,261.0,1648857600000
tank_0898,264.0,1648857600000
tank_0900,1.0,1648857600000
tank_0901,68.0,1648857600000
tank_0902,1.0,1648857600000
tank_0914,0.0,1648857600000
tank_0917,62.89411764705882,1648857600000
tank_0919,0.0,1648857600000
tank_0920,49.0,1648857600000
tank_0922,62.0,1648857600000
tank_0923,2.0,1648857600000
tank_0924,0.0,1648857600000
tank_0926,1.5803921568627453,1648857600000
tank_0927,0.0,1648857600000
tank_0928,0.0,1648857600000
tank_0930,31.0,1648857600000
tank_0931,24.0,1648857600000
tank_0933,0.0,1648857600000
tank_0934,0.0,1648857600000
tank_0937,0.0,1648857600000
tank_0938,0.0,1648857600000
tank_0939,0.0,1648857600000
tank_0944,52.0,1648857600000
tank_0946,1.8784313725490196,1648857600000
tank_0952,0.0,1648857600000
tank_0958,0.0,1648857600000
tank_0962,714.0,1648857600000
tank_0967,6.0,1648857600000
tank_0975,0.0,1648857600000
tank_0978,0.0,1648857600000
tank_0990,0.0,1648857600000
tank_0991,562.0,1648857600000
tank_0998,0.0,1648857600000
tank_0999,0.9529411764705882,1648857600000
tank_1003,1008.9529411764706,1648857600000
tank_1004,3.0,1648857600000
tank_1014,272.0,1648857600000
tank_1026,206.0,1648857600000
tank_1031,2.0,1648857600000
tank_1032,4.0,1648857600000
tank_1034,0.0,1648857600000
tank_1042,31.0,1648857600000
tank_1045,0.0,1648857600000
tank_1049,67.0,1648857600000
tank_1055,6.3999999999999995,1648857600000
tank_1061,9.0,1648857600000
tank_1062,13.0,1648857600000
tank_1064,0.0,1648857600000
tank_1065,2.8156862745098037,1648857600000
tank_1066,0.0,1648857600000
tank_1070,40.0,1648857600000
tank_1073,32.0,1648857600000
tank_1083,203.0,1648857600000
tank_1086,4.0,1648857600000
tank_1088,4.9450980392156865,1648857600000
tank_1089,29.0,1648857600000
tank_1090,7.0,1648857600000
tank_1091,0.0,1648857600000
tank_1094,1057.0,1648857600000
tank_1095,13.0,1648857600000
tank_1104,2.3098039215686272,1648857600000
tank_1113,34.0,1648857600000
tank_1116,0.8117647058823529,1648857600000
tank_1117,0.0,1648857600000
tank_1120,64.0,1648857600000
tank_1121,405.0,1648857600000
tank_1124,23.96470588235294,1648857600000
tank_1128,56.68627450980392,1648857600000
tank_1134,0.0,1648857600000
tank_1135,31.0,1648857600000
tank_1146,7.874509803921569,1648857600000
tank_1149,7.0,1648857600000
tank_1156,0.0,1648857600000
tank_1157,14.796078431372552,1648857600000
tank_1159,115.0,1648857600000
tank_1160,540.0,1648857600000
tank_1166,0.0,1648857600000
tank_1170,8.223529411764705,1648857600000
tank_1175,0.0,1648857600000
tank_1177,11.0,1648857600000
tank_1179,20.250980392156862,1648857600000
tank_1181,108.0,1648857600000
tank_1186,213.90196078431373,1648857600000
tank_1187,78.5372549019608,1648857600000
tank_1190,10.0,1648857600000
tank_1192,17.0,1648857600000
tank_1196,0.0,1648857600000
tank_1197,1595.7411764705882,1648857600000
tank_1201,144.0,1648857600000
tank_1203,12.615686274509804,1648857600000
tank_1205,272.9098039215686,1648857600000
tank_1209,498.0,1648857600000
tank_1217,0.0,1648857600000
tank_1223,1.0,1648857600000
tank_1226,30.0,1648857600000
tank_1228,176.0,1648857600000
tank_1230,0.1607843137254902,1648857600000
tank_1237,16.0,1648857600000
tank_1239,690.0,1648857600000
tank_1245,1.0156862745098039,1648857600000
tank_1246,138.28627450980395,1648857600000
tank_1250,0.0,1648857600000
tank_1254,1187.0,1648857600000
tank_1255,10.71764705882353,1648857600000
tank_1258,83.0,1648857600000
tank_1261,0.0,1648857600000
tank_1262,0.6274509803921569,1648857600000
tank_1263,14.0,1648857600000
tank_1265,13.0,1648857600000
tank_1270,14.0,1648857600000
tank_1272,0.0,1648857600000
tank_1275,3.8901960784313725,1648857600000
tank_1276,144.9764705882353,1648857600000
tank_1279,17.992156862745098,1648857600000
tank_1280,0.0,1648857600000
tank_1284,0.0,1648857600000
tank_1285,0.0,1648857600000
tank_1286,158.98823529411766,1648857600000
tank_1290,29.0,1648857600000
tank_1291,0.0,1648857600000
tank_1293,60.0,1648857600000
tank_1295,0.0,1648857600000
tank_1297,75.0,1648857600000
tank_1301,94.0,1648857600000
tank_1302,11.0,1648857600000
tank_1304,1.0,1648857600000
tank_1305,42.0,1648857600000
tank_1313,690.0,1648857600000
tank_1322,0.0,1648857600000
tank_1325,166.8862745098039,1648857600000
tank_1326,0.0,1648857600000
tank_1344,32.58039215686274,1648857600000
tank_1346,2.9411764705882355,1648857600000
tank_1349,0.0,1648857600000
tank_1353,531.0,1648857600000
tank_1358,0.0,1648857600000
tank_1359,0.0,1648857600000
tank_1361,368.0,1648857600000
tank_1364,1213.0,1648857600000
tank_1365,0.0,1648857600000
tank_1372,17.0,1648857600000
tank_1374,140.0,1648857600000
tank_1378,433.0,1648857600000
tank_1380,9.0,1648857600000
tank_1386,163.0,1648857600000
tank_1391,10.0,1648857600000
tank_1393,32.41960784313726,1648857600000
tank_1396,129.0,1648857600000
tank_1397,0.0,1648857600000
tank_1403,0.0,1648857600000
tank_1409,53.0,1648857600000
tank_1412,0.0,1648857600000
tank_1415,0.0,1648857600000
tank_1416,0.0,1648857600000
tank_1421,146.0,1648857600000
tank_1422,0.0,1648857600000
tank_1425,385.0,1648857600000
tank_1426,0.0,1648857600000
tank_1430,0.0,1648857600000
tank_1433,226.0,1648857600000
tank_1438,0.0,1648857600000
tank_1439,6.0,1648857600000
tank_1441,0.0,1648857600000
tank_1443,12.321568627450981,1648857600000
tank_1445,33.0,1648857600000
tank_1446,26.0,1648857600000
tank_1450,0.7333333333333333,1648857600000
tank_1452,6.0,1648857600000
tank_1456,0.0,1648857600000
tank_1466,0.0,1648857600000
tank_1471,0.0,1648857600000
tank_1475,247.0,1648857600000
tank_1486,1037.0,1648857600000
tank_1488,99.0,1648857600000
tank_1491,10.0,1648857600000
tank_1500,35.274509803921575,1648857600000
tank_1505,349.0,1648857600000
tank_1513,592.0,1648857600000
tank_1531,45.0,1648857600000
tank_1536,81.77254901960784,1648857600000
tank_1539,583.0,1648857600000
tank_1541,3.0,1648857600000
tank_1542,15.890196078431373,1648857600000
tank_1547,255.0,1648857600000
tank_1563,10.0,1648857600000
tank_1564,3.0,1648857600000
tank_1565,407.0,1648857600000
tank_1567,60.65882352941176,1648857600000
tank_1568,116.0,1648857600000
tank_1573,50.0,1648857600000
tank_1583,0.0,1648857600000
tank_1587,845.0,1648857600000
tank_1588,0.0,1648857600000
tank_1592,6.0,1648857600000
tank_1594,88.0,1648857600000
tank_1595,0.0,1648857600000
tank_1597,290.1725490196078,1648857600000
tank_1598,0.0,1648857600000
tank_1600,12.152941176470588,1648857600000
tank_1604,0.0,1648857600000
tank_0002,0.0,1650931200000
tank_0004,0.0,1650931200000
tank_0005,0.0,1650931200000
tank_0011,0.0,1650931200000
tank_0014,20.870588235294118,1650931200000
tank_0019,16.0,1650931200000
tank_0024,29.8156862745098,1650931200000
tank_0025,0.0,1650931200000
tank_0026,14.0,1650931200000
tank_0027,0.0,1650931200000
tank_0030,3.0,1650931200000
tank_0031,4.0,1650931200000
tank_0036,0.03137254901960784,1650931200000
tank_0037,3.9098039215686273,1650931200000
tank_0038,47.827450980392165,1650931200000
tank_0050,0.39607843137254906,1650931200000
tank_0051,0.0,1650931200000
tank_0052,0.0,1650931200000
tank_0053,67.38431372549022,1650931200000
tank_0055,0.0,1650931200000
tank_0057,0.0,1650931200000
tank_0058,10.015686274509804,1650931200000
tank_0064,12.780392156862744,1650931200000
tank_0069,2.8745098039215686,1650931200000
tank_0072,0.0,1650931200000
tank_0073,0.0,1650931200000
tank_0080,21.0,1650931200000
tank_0094,0.0,1650931200000
tank_0107,1.8549019607843138,1650931200000
tank_0110,0.0,1650931200000
tank_0113,67.32549019607842,1650931200000
tank_0115,0.0,1650931200000
tank_0116,0.0,1650931200000
tank_0117,71.0,1650931200000
tank_0118,0.0,1650931200000
tank_0122,0.0,1650931200000
tank_0125,19.270588235294117,1650931200000
tank_0130,0.0,1650931200000
tank_0131,0.0,1650931200000
tank_0132,0.0,1650931200000
tank_0134,0.0,1650931200000
tank_0135,3.0,1650931200000
tank_0142,2.0,1650931200000
tank_0143,0.0,1650931200000
tank_0144,0.0,1650931200000
tank_0148,27.474509803921567,1650931200000
tank_0153,4.0,1650931200000
tank_0156,65.11764705882354,1650931200000
tank_0159,10.525490196078431,1650931200000
tank_0165,0.054901960784313725,1650931200000
tank_0171,0.0,1650931200000
tank_0172,0.0,1650931200000
tank_0174,11.631372549019606,1650931200000
tank_0176,20.57254901960784,1650931200000
tank_0184,0.0,1650931200000
tank_0187,2.847058823529412,1650931200000
tank_0190,5.219607843137256,1650931200000
tank_0192,1.6666666666666667,1650931200000
tank_0193,0.3058823529411765,1650931200000
tank_0195,34.86666666666667,1650931200000
tank_0199,14.929411764705883,1650931200000
tank_0204,0.0,1650931200000
tank_0205,2.2509803921568627,1650931200000
tank_0207,0.0,1650931200000
tank_0209,1.9333333333333333,1650931200000
tank_0213,1.0,1650931200000
tank_0217,0.0,1650931200000
tank_0220,0.0,1650931200000
tank_0221,9.635294117647058,1650931200000
tank_0225,2.0,1650931200000
tank_0226,25.0,1650931200000
tank_0228,0.0,1650931200000
tank_0229,0.0,1650931200000
tank_0231,0.0,1650931200000
tank_0233,6.396078431372549,1650931200000
tank_0236,0.0,1650931200000
tank_0237,0.0,1650931200000
tank_0240,0.0,1650931200000
tank_0242,0.0,1650931200000
tank_0245,1.611764705882353,1650931200000
tank_0247,157.0,1650931200000
tank_0256,16.380392156862744,1650931200000
tank_0257,6.0,1650931200000
tank_0260,0.996078431372549,1650931200000
tank_0261,7.250980392156863,1650931200000
tank_0264,0.0,1650931200000
tank_0273,74.0,1650931200000
tank_0276,0.0,1650931200000
tank_0278,15.0,1650931200000
tank_0280,0.0,1650931200000
tank_0291,0.0,1650931200000
tank_0292,37.67843137254902,1650931200000
tank_0296,0.0,1650931200000
tank_0297,12.639215686274511,1650931200000
tank_0299,8.180392156862744,1650931200000
tank_0300,7.5058823529411764,1650931200000
tank_0301,0.0,1650931200000
tank_0307,0.0,1650931200000
tank_0309,0.0,1650931200000
tank_0313,0.0,1650931200000
tank_0314,2.0,1650931200000
tank_0319,0.0,1650931200000
tank_0321,9.882352941176471,1650931200000
tank_0327,0.0,1650931200000
tank_0337,0.0,1650931200000
tank_0338,15.905882352941175,1650931200000
tank_0339,57.686274509803916,1650931200000
tank_0342,4.525490196078431,1650931200000
tank_0345,19.858823529411765,1650931200000
tank_0346,0.0,1650931200000
tank_0349,124.0,1650931200000
tank_0350,0.796078431372549,1650931200000
tank_0353,27.552941176470583,1650931200000
tank_0356,0.0,1650931200000
tank_0360,0.0,1650931200000
tank_0361,0.0,1650931200000
tank_0362,11.462745098039216,1650931200000
tank_0364,0.0,1650931200000
tank_0366,22.635294117647057,1650931200000
tank_0369,0.0,1650931200000
tank_0375,0.0,1650931200000
tank_0379,22.494117647058825,1650931200000
tank_0381,1.6352941176470588,1650931200000
tank_0386,0.0,1650931200000
tank_0390,0.0,1650931200000
tank_0397,0.0,1650931200000
tank_0399,3.0,1650931200000
tank_0404,55.819607843137256,1650931200000
tank_0409,0.0,1650931200000
tank_0420,0.0,1650931200000
tank_0425,2.2588235294117647,1650931200000
tank_0431,0.0,1650931200000
tank_0432,0.4666666666666667,1650931200000
tank_0435,0.0,1650931200000
tank_0436,0.0,1650931200000
tank_0438,3.074509803921569,1650931200000
tank_0443,3.549019607843137,1650931200000
tank_0444,5.0,1650931200000
tank_0447,82.81960784313725,1650931200000
tank_0448,0.0,1650931200000
tank_0449,0.0,1650931200000
tank_0455,16.015686274509804,1650931200000
tank_0460,0.0,1650931200000
tank_0462,71.0,1650931200000
tank_0466,0.0,1650931200000
tank_0471,0.0,1650931200000
tank_0473,8.0,1650931200000
tank_0474,3.1137254901960785,1650931200000
tank_0481,28.066666666666666,1650931200000
tank_0485,0.0,1650931200000
tank_0489,0.0,1650931200000
tank_0491,0.0,1650931200000
tank_0494,11.72549019607843,1650931200000
tank_0497,0.0,1650931200000
tank_0498,0.0,1650931200000
tank_0502,0.0,1650931200000
tank_0505,0.2549019607843137,1650931200000
tank_0509,2.847058823529412,1650931200000
tank_0512,134.0,1650931200000
tank_0514,0.0,1650931200000
tank_0515,3.549019607843137,1650931200000
tank_0521,0.0,1650931200000
tank_0524,0.6235294117647059,1650931200000
tank_0526,39.0,1650931200000
tank_0533,0.0,1650931200000
tank_0534,0.0,1650931200000
tank_0536,0.0,1650931200000
tank_0537,0.0,1650931200000
tank_0541,1.4980392156862745,1650931200000
tank_0547,0.0,1650931200000
tank_0552,5.792156862745098,1650931200000
tank_0555,0.0,1650931200000
tank_0556,0.0,1650931200000
tank_0557,2.1254901960784314,1650931200000
tank_0560,1.4980392156862745,1650931200000
tank_0561,0.0,1650931200000
tank_0566,0.0,1650931200000
tank_0567,1.0,1650931200000
tank_0568,21.847058823529412,1650931200000
tank_0574,61.0,1650931200000
tank_0579,61.0,1650931200000
tank_0583,64.0,1650931200000
tank_0587,0.0,1650931200000
tank_0589,4.0,1650931200000
tank_0590,7.0,1650931200000
tank_0592,1.6784313725490196,1650931200000
tank_0593,0.0,1650931200000
tank_0595,1.0,1650931200000
tank_0600,3.9725490196078432,1650931200000
tank_0604,0.0,1650931200000
tank_0606,0.0,1650931200000
tank_0607,2.9647058823529413,1650931200000
tank_0608,774.9686274509804,1650931200000
tank_0610,1.0,1650931200000
tank_0611,1.8274509803921568,1650931200000
tank_0612,11.24705882352941,1650931200000
tank_0613,0.0,1650931200000
tank_0619,0.0,1650931200000
tank_0626,0.0,1650931200000
tank_0627,0.0,1650931200000
tank_0628,0.0,1650931200000
tank_0632,8.0,1650931200000
tank_0633,0.0,1650931200000
tank_0639,2.352941176470588,1650931200000
tank_0640,0.0,1650931200000
tank_0641,1.0,1650931200000
tank_0643,22.16078431372549,1650931200000
tank_0646,0.0,1650931200000
tank_0663,0.0,1650931200000
tank_0664,0.0,1650931200000
tank_0666,4.623529411764705,1650931200000
tank_0667,0.0,1650931200000
tank_0670,13.0,1650931200000
tank_0675,0.0,1650931200000
tank_0676,432.0,1650931200000
tank_0678,0.2823529411764706,1650931200000
tank_0681,0.0,1650931200000
tank_0687,0.0,1650931200000
tank_0688,395.0,1650931200000
tank_0697,0.0,1650931200000
tank_0720,0.42745098039215684,1650931200000
tank_0722,6.968627450980392,1650931200000
tank_0724,2.074509803921569,1650931200000
tank_0725,0.0,1650931200000
tank_0728,0.5137254901960784,1650931200000
tank_0730,0.0,1650931200000
tank_0731,571.0,1650931200000
tank_0732,0.0,1650931200000
tank_0737,189.0,1650931200000
tank_0739,0.0,1650931200000
tank_0740,52.32549019607842,1650931200000
tank_0746,0.12549019607843137,1650931200000
tank_0748,0.0,1650931200000
tank_0749,0.0,1650931200000
tank_0752,0.0,1650931200000
tank_0760,0.0,1650931200000
tank_0770,0.0,1650931200000
tank_0772,5.2901960784313715,1650931200000
tank_0788,0.0,1650931200000
tank_0789,5.0,1650931200000
tank_0792,98.78039215686275,1650931200000
tank_0797,0.0,1650931200000
tank_0800,7.0,1650931200000
tank_0802,1.0,1650931200000
tank_0803,0.0,1650931200000
tank_0808,1.6549019607843136,1650931200000
tank_0810,28.278431372549022,1650931200000
tank_0811,0.0,1650931200000
tank_0812,40.50980392156863,1650931200000
tank_0813,0.0,1650931200000
tank_0816,0.0,1650931200000
tank_0819,0.0,1650931200000
tank_0823,0.0,1650931200000
tank_0824,437.0,1650931200000
tank_0825,0.0,1650931200000
tank_0828,0.0,1650931200000
tank_0829,50.984313725490196,1650931200000
tank_0830,0.0,1650931200000
tank_0831,15.282352941176473,1650931200000
tank_0844,0.0,1650931200000
tank_0852,18.623529411764707,1650931200000
tank_0855,0.0,1650931200000
tank_0856,253.0,1650931200000
tank_0860,2.0,1650931200000
tank_0861,0.0,1650931200000
tank_0872,0.0,1650931200000
tank_0875,143.56470588235294,1650931200000
tank_0879,7.0,1650931200000
tank_0885,0.2901960784313726,1650931200000
tank_0891,0.0,1650931200000
tank_0894,410.0,1650931200000
tank_0898,150.0,1650931200000
tank_0900,2.9529411764705884,1650931200000
tank_0901,56.0,1650931200000
tank_0902,2.0,1650931200000
tank_0914,0.0,1650931200000
tank_0917,20.0,1650931200000
tank_0919,0.0,1650931200000
tank_0920,42.0,1650931200000
tank_0922,43.0,1650931200000
tank_0923,5.4980392156862745,1650931200000
tank_0924,0.0,1650931200000
tank_0926,0.0,1650931200000
tank_0927,0.0,1650931200000
tank_0928,0.0,1650931200000
tank_0930,2.0,1650931200000
tank_0931,24.0,1650931200000
tank_0933,0.0,1650931200000
tank_0934,0.0,1650931200000
tank_0937,0.0,1650931200000
tank_0938,0.0,1650931200000
tank_0939,0.0,1650931200000
tank_0944,37.0,1650931200000
tank_0946,0.0,1650931200000
tank_0952,0.3137254901960784,1650931200000
tank_0958,0.0,1650931200000
tank_0962,646.0,1650931200000
tank_0967,2.1725490196078434,1650931200000
tank_0975,0.0,1650931200000
tank_0978,2.0,1650931200000
tank_0990,0.0,1650931200000
tank_0991,399.0,1650931200000
tank_0998,0.0,1650931200000
tank_0999,0.0,1650931200000
tank_1003,556.0,1650931200000
tank_1004,6.768627450980392,1650931200000
tank_1014,218.0,1650931200000
tank_1026,149.0,1650931200000
tank_1031,0.0,1650931200000
tank_1032,8.137254901960784,1650931200000
tank_1034,0.0,1650931200000
tank_1042,35.898039215686275,1650931200000
tank_1045,0.0,1650931200000
tank_1049,36.0,1650931200000
tank_1055,3.835294117647059,1650931200000
tank_1061,2.0,1650931200000
tank_1062,1.7647058823529411,1650931200000
tank_1064,0.0,1650931200000
tank_1065,0.0,1650931200000
tank_1066,2.2509803921568627,1650931200000
tank_1070,21.0,1650931200000
tank_1073,12.0,1650931200000
tank_1083,200.0,1650931200000
tank_1086,13.498039215686275,1650931200000
tank_1088,7.219607843137255,1650931200000
tank_1089,15.0,1650931200000
tank_1090,10.0,1650931200000
tank_1091,0.0,1650931200000
tank_1094,930.0,1650931200000
tank_1095,12.129411764705882,1650931200000
tank_1104,0.0,1650931200000
tank_1113,44.984313725490196,1650931200000
tank_1116,0.0,1650931200000
tank_1117,0.0,1650931200000
tank_1120,64.0,1650931200000
tank_1121,335.89019607843136,1650931200000
tank_1124,23.64313725490196,1650931200000
tank_1128,62.0,1650931200000
tank_1134,0.0,1650931200000
tank_1135,29.0,1650931200000
tank_1146,13.749019607843138,1650931200000
tank_1149,1.3411764705882354,1650931200000
tank_1156,0.0,1650931200000
tank_1157,6.090196078431371,1650931200000
tank_1159,67.0,1650931200000
tank_1160,694.0,1650931200000
tank_1166,0.0,1650931200000
tank_1170,14.396078431372548,1650931200000
tank_1175,0.0,1650931200000
tank_1177,0.0,1650931200000
tank_1179,6.192156862745098,1650931200000
tank_1181,50.0,1650931200000
tank_1186,146.0,1650931200000
tank_1187,53.780392156862746,1650931200000
tank_1190,12.0,1650931200000
tank_1192,9.0,1650931200000
tank_1196,0.0,1650931200000
tank_1197,972.0,1650931200000
tank_1201,108.0,1650931200000
tank_1203,20.505882352941182,1650931200000
tank_1205,237.90980392156862,1650931200000
tank_1209,317.0,1650931200000
tank_1217,0.0,1650931200000
tank_1223,2.9450980392156865,1650931200000
tank_1226,36.0,1650931200000
tank_1228,108.0,1650931200000
tank_1230,0.0,1650931200000
tank_1237,15.0,1650931200000
tank_1239,396.0,1650931200000
tank_1245,0.0,1650931200000
tank_1246,72.0,1650931200000
tank_1250,0.0,1650931200000
tank_1254,980.0,1650931200000
tank_1255,18.027450980392157,1650931200000
tank_1258,71.0,1650931200000
tank_1261,0.0,1650931200000
tank_1262,1.6313725490196078,1650931200000
tank_1263,3.0,1650931200000
tank_1265,1.0,1650931200000
tank_1270,25.890196078431373,1650931200000
tank_1272,0.0,1650931200000
tank_1275,4.188235294117647,1650931200000
tank_1276,127.0,1650931200000
tank_1279,18.992156862745098,1650931200000
tank_1280,0.0,1650931200000
tank_1284,0.0,1650931200000
tank_1285,1.0,1650931200000
tank_1286,119.0,1650931200000
tank_1290,35.52549019607844,1650931200000
tank_1291,0.0,1650931200000
tank_1293,66.0,1650931200000
tank_1295,7.709803921568628,1650931200000
tank_1297,61.0,1650931200000
tank_1301,86.0,1650931200000
tank_1302,5.0,1650931200000
tank_1304,2.0,1650931200000
tank_1305,7.0,1650931200000
tank_1313,160.0,1650931200000
tank_1322,0.0,1650931200000
tank_1325,152.99607843137255,1650931200000
tank_1326,0.0,1650931200000
tank_1344,8.49019607843137,1650931200000
tank_1346,7.0705882352941165,1650931200000
tank_1349,2.0,1650931200000
tank_1353,518.0,1650931200000
tank_1358,0.0,1650931200000
tank_1359,0.0,1650931200000
tank_1361,337.0,1650931200000
tank_1364,1251.0,1650931200000
tank_1365,0.0,1650931200000
tank_1372,16.0,1650931200000
tank_1374,124.0,1650931200000
tank_1378,293.0,1650931200000
tank_1380,6.0,1650931200000
tank_1386,106.0,1650931200000
tank_1391,2.0,1650931200000
tank_1393,24.0,1650931200000
tank_1396,122.0,1650931200000
tank_1397,0.0,1650931200000
tank_1403,0.0,1650931200000
tank_1409,9.0,1650931200000
tank_1412,0.0,1650931200000
tank_1415,0.0,1650931200000
tank_1416,0.0,1650931200000
tank_1421,116.0,1650931200000
tank_1422,0.0,1650931200000
tank_1425,171.0,1650931200000
tank_1426,0.0,1650931200000
tank_1430,0.0,1650931200000
tank_1433,176.85882352941178,1650931200000
tank_1438,0.0,1650931200000
tank_1439,6.0,1650931200000
tank_1441,0.0,1650931200000
tank_1443,20.478431372549025,1650931200000
tank_1445,21.0,1650931200000
tank_1446,19.894117647058824,1650931200000
tank_1450,13.435294117647059,1650931200000
tank_1452,10.250980392156862,1650931200000
tank_1456,0.0,1650931200000
tank_1466,0.0,1650931200000
tank_1471,3.0,1650931200000
tank_1475,167.0,1650931200000
tank_1486,935.0,1650931200000
tank_1488,87.0,1650931200000
tank_1491,4.0,1650931200000
tank_1500,38.14901960784314,1650931200000
tank_1505,458.0,1650931200000
tank_1513,517.0,1650931200000
tank_1531,39.0,1650931200000
tank_1536,24.96470588235294,1650931200000
tank_1539,541.686274509804,1650931200000
tank_1541,1.0,1650931200000
tank_1542,7.0,1650931200000
tank_1547,192.0,1650931200000
tank_1563,4.0,1650931200000
tank_1564,0.0,1650931200000
tank_1565,320.0,1650931200000
tank_1567,46.0,1650931200000
tank_1568,61.0,1650931200000
tank_1573,22.0,1650931200000
tank_1583,0.0,1650931200000
tank_1587,944.0,1650931200000
tank_1588,0.0,1650931200000
tank_1592,5.0,1650931200000
tank_1594,65.0,1650931200000
tank_1595,0.0,1650931200000
tank_1597,274.1137254901961,1650931200000
tank_1598,0.0,1650931200000
tank_1600,17.619607843137253,1650931200000
tank_1604,0.0,1650931200000
tank_0002,1.3725490196078431,1651968000000
tank_0004,0.38823529411764707,1651968000000
tank_0005,0.0,1651968000000
tank_0011,5.572549019607843,1651968000000
tank_0014,2.7490196078431373,1651968000000
tank_0019,4.0,1651968000000
tank_0024,38.23529411764706,1651968000000
tank_0025,0.0,1651968000000
tank_0026,47.7843137254902,1651968000000
tank_0027,0.0,1651968000000
tank_0030,21.176470588235297,1651968000000
tank_0031,3.0,1651968000000
tank_0036,0.0,1651968000000
tank_0037,8.498039215686275,1651968000000
tank_0038,66.71372549019608,1651968000000
tank_0050,3.1725490196078434,1651968000000
tank_0051,0.0,1651968000000
tank_0052,0.0,1651968000000
tank_0053,105.77254901960784,1651968000000
tank_0055,3.223529411764706,1651968000000
tank_0057,0.0,1651968000000
tank_0058,4.462745098039215,1651968000000
tank_0064,11.086274509803921,1651968000000
tank_0069,4.364705882352941,1651968000000
tank_0072,0.0,1651968000000
tank_0073,0.0,1651968000000
tank_0080,18.0,1651968000000
tank_0094,0.0,1651968000000
tank_0107,0.0,1651968000000
tank_0110,0.0,1651968000000
tank_0113,42.3921568627451,1651968000000
tank_0115,1.5254901960784313,1651968000000
tank_0116,4.490196078431373,1651968000000
tank_0117,61.0,1651968000000
tank_0118,0.0,1651968000000
tank_0122,0.0,1651968000000
tank_0125,6.125490196078431,1651968000000
tank_0130,0.0,1651968000000
tank_0131,0.0,1651968000000
tank_0132,0.0,1651968000000
tank_0134,0.0,1651968000000
tank_0135,15.0,1651968000000
tank_0142,7.0,1651968000000
tank_0143,0.0,1651968000000
tank_0144,0.0,1651968000000
tank_0148,14.68627450980392,1651968000000
tank_0153,0.0,1651968000000
tank_0156,78.14509803921568,1651968000000
tank_0159,12.20392156862745,1651968000000
tank_0165,8.313725490196079,1651968000000
tank_0171,0.0,1651968000000
tank_0172,0.0,1651968000000
tank_0174,15.917647058823528,1651968000000
tank_0176,16.99607843137255,1651968000000
tank_0184,0.0,1651968000000
tank_0187,1.3568627450980393,1651968000000
tank_0190,6.819607843137255,1651968000000
tank_0192,0.0,1651968000000
tank_0193,0.0,1651968000000
tank_0195,52.60000000000001,1651968000000
tank_0199,4.282352941176471,1651968000000
tank_0204,0.0,1651968000000
tank_0205,10.20392156862745,1651968000000
tank_0207,0.0,1651968000000
tank_0209,0.0,1651968000000
tank_0213,0.7294117647058824,1651968000000
tank_0217,0.0,1651968000000
tank_0220,0.0,1651968000000
tank_0221,23.337254901960787,1651968000000
tank_0225,0.0,1651968000000
tank_0226,21.400000000000002,1651968000000
tank_0228,0.0,1651968000000
tank_0229,0.0,1651968000000
tank_0231,3.2823529411764705,1651968000000
tank_0233,26.501960784313724,1651968000000
tank_0236,0.4980392156862745,1651968000000
tank_0237,0.0,1651968000000
tank_0240,21.549019607843135,1651968000000
tank_0242,0.0,1651968000000
tank_0245,0.6039215686274509,1651968000000
tank_0247,70.86274509803921,1651968000000
tank_0256,17.839215686274507,1651968000000
tank_0257,2.8,1651968000000
tank_0260,1.6392156862745098,1651968000000
tank_0261,14.184313725490195,1651968000000
tank_0264,0.0,1651968000000
tank_0273,72.0,1651968000000
tank_0276,2.0,1651968000000
tank_0278,24.46666666666667,1651968000000
tank_0280,0.0,1651968000000
tank_0291,0.0,1651968000000
tank_0292,21.874509803921566,1651968000000
tank_0296,0.0,1651968000000
tank_0297,13.0,1651968000000
tank_0299,10.0,1651968000000
tank_0300,10.556862745098039,1651968000000
tank_0301,0.0,1651968000000
tank_0307,0.0,1651968000000
tank_0309,0.0,1651968000000
tank_0313,0.0,1651968000000
tank_0314,1.0,1651968000000
tank_0319,0.0,1651968000000
tank_0321,5.874509803921569,1651968000000
tank_0327,9.498039215686275,1651968000000
tank_0337,7.294117647058823,1651968000000
tank_0338,2.588235294117647,1651968000000
tank_0339,51.72156862745098,1651968000000
tank_0342,1.0,1651968000000
tank_0345,10.831372549019608,1651968000000
tank_0346,0.0,1651968000000
tank_0349,88.0,1651968000000
tank_0350,1.0,1651968000000
tank_0353,47.87450980392156,1651968000000
tank_0356,0.0,1651968000000
tank_0360,0.0,1651968000000
tank_0361,0.0,1651968000000
tank_0362,8.745098039215684,1651968000000
tank_0364,0.25098039215686274,1651968000000
tank_0366,22.03921568627451,1651968000000
tank_0369,0.0,1651968000000
tank_0375,0.0,1651968000000
tank_0379,31.862745098039223,1651968000000
tank_0381,0.592156862745098,1651968000000
tank_0386,0.0,1651968000000
tank_0390,0.0,1651968000000
tank_0397,3.2941176470588234,1651968000000
tank_0399,14.368627450980393,1651968000000
tank_0404,51.82352941176471,1651968000000
tank_0409,3.0,1651968000000
tank_0420,0.10588235294117647,1651968000000
tank_0425,1.4980392156862745,1651968000000
tank_0431,0.0,1651968000000
tank_0432,8.564705882352941,1651968000000
tank_0435,0.0,1651968000000
tank_0436,0.0,1651968000000
tank_0438,8.0,1651968000000
tank_0443,1.0,1651968000000
tank_0444,0.0,1651968000000
tank_0447,91.57254901960783,1651968000000
tank_0448,5.0,1651968000000
tank_0449,0.0,1651968000000
tank_0455,21.79607843137255,1651968000000
tank_0460,2.3450980392156864,1651968000000
tank_0462,3.0,1651968000000
tank_0466,0.0,1651968000000
tank_0471,0.0,1651968000000
tank_0473,18.64705882352941,1651968000000
tank_0474,1.007843137254902,1651968000000
tank_0481,45.368627450980384,1651968000000
tank_0485,0.0,1651968000000
tank_0489,2.0,1651968000000
tank_0491,0.0,1651968000000
tank_0494,9.011764705882353,1651968000000
tank_0497,8.827450980392157,1651968000000
tank_0498,0.7725490196078431,1651968000000
tank_0502,1.0,1651968000000
tank_0505,4.066666666666666,1651968000000
tank_0509,3.1294117647058823,1651968000000
tank_0512,91.0,1651968000000
tank_0514,0.0,1651968000000
tank_0515,0.0,1651968000000
tank_0521,0.0,1651968000000
tank_0524,0.0,1651968000000
tank_0526,32.0,1651968000000
tank_0533,5.698039215686275,1651968000000
tank_0534,0.0,1651968000000
tank_0536,0.0,1651968000000
tank_0537,0.0,1651968000000
tank_0541,0.0,1651968000000
tank_0547,0.0,1651968000000
tank_0552,8.231372549019609,1651968000000
tank_0555,0.0,1651968000000
tank_0556,3.4980392156862745,1651968000000
tank_0557,2.0,1651968000000
tank_0560,0.0,1651968000000
tank_0561,5.772549019607843,1651968000000
tank_0566,0.0,1651968000000
tank_0567,5.0,1651968000000
tank_0568,44.67058823529411,1651968000000
tank_0574,44.0,1651968000000
tank_0579,51.0,1651968000000
tank_0583,71.0,1651968000000
tank_0587,0.0,1651968000000
tank_0589,2.0,1651968000000
tank_0590,6.0,1651968000000
tank_0592,1.1058823529411765,1651968000000
tank_0593,0.0,1651968000000
tank_0595,11.0,1651968000000
tank_0600,0.0,1651968000000
tank_0604,12.023529411764704,1651968000000
tank_0606,3.0,1651968000000
tank_0607,5.129411764705882,1651968000000
tank_0608,428.0,1651968000000
tank_0610,0.0,1651968000000
tank_0611,5.0,1651968000000
tank_0612,7.874509803921569,1651968000000
tank_0613,0.8705882352941177,1651968000000
tank_0619,0.0,1651968000000
tank_0626,0.0,1651968000000
tank_0627,0.0784313725490196,1651968000000
tank_0628,0.0,1651968000000
tank_0632,14.1921568627451,1651968000000
tank_0633,0.20784313725490197,1651968000000
tank_0639,10.0,1651968000000
tank_0640,0.11764705882352941,1651968000000
tank_0641,0.0,1651968000000
tank_0643,35.109803921568634,1651968000000
tank_0646,0.0,1651968000000
tank_0663,3.0666666666666664,1651968000000
tank_0664,0.0,1651968000000
tank_0666,1.8745098039215686,1651968000000
tank_0667,4.0,1651968000000
tank_0670,6.0,1651968000000
tank_0675,0.0,1651968000000
tank_0676,408.0,1651968000000
tank_0678,4.654901960784313,1651968000000
tank_0681,0.0,1651968000000
tank_0687,0.0,1651968000000
tank_0688,254.0,1651968000000
tank_0697,0.0,1651968000000
tank_0720,0.42745098039215684,1651968000000
tank_0722,7.568627450980392,1651968000000
tank_0724,2.8745098039215686,1651968000000
tank_0725,0.0,1651968000000
tank_0728,7.533333333333334,1651968000000
tank_0730,0.0,1651968000000
tank_0731,398.0,1651968000000
tank_0732,0.0,1651968000000
tank_0737,170.0,1651968000000
tank_0739,1.611764705882353,1651968000000
tank_0740,76.53333333333333,1651968000000
tank_0746,1.0,1651968000000
tank_0748,0.0,1651968000000
tank_0749,7.207843137254901,1651968000000
tank_0752,3.2941176470588234,1651968000000
tank_0760,0.0,1651968000000
tank_0770,0.00784313725490196,1651968000000
tank_0772,1.0,1651968000000
tank_0788,0.0,1651968000000
tank_0789,15.137254901960784,1651968000000
tank_0792,133.6313725490196,1651968000000
tank_0797,0.0,1651968000000
tank_0800,1.0,1651968000000
tank_0802,0.0,1651968000000
tank_0803,2.2745098039215685,1651968000000
tank_0808,0.0,1651968000000
tank_0810,18.980392156862745,1651968000000
tank_0811,10.294117647058822,1651968000000
tank_0812,46.26274509803922,1651968000000
tank_0813,0.0,1651968000000
tank_0816,0.0,1651968000000
tank_0819,0.0,1651968000000
tank_0823,0.0,1651968000000
tank_0824,289.0,1651968000000
tank_0825,0.0,1651968000000
tank_0828,0.0,1651968000000
tank_0829,33.984313725490196,1651968000000
tank_0830,0.0,1651968000000
tank_0831,26.745098039215684,1651968000000
tank_0844,0.0,1651968000000
tank_0852,6.368627450980393,1651968000000
tank_0855,0.0,1651968000000
tank_0856,89.0,1651968000000
tank_0860,0.0,1651968000000
tank_0861,0.0,1651968000000
tank_0872,0.0,1651968000000
tank_0875,153.7450980392157,1651968000000
tank_0879,4.0,1651968000000
tank_0885,0.0,1651968000000
tank_0891,0.0,1651968000000
tank_0894,372.0,1651968000000
tank_0898,24.0,1651968000000
tank_0900,0.0,1651968000000
tank_0901,61.51372549019608,1651968000000
tank_0902,0.0,1651968000000
tank_0914,0.0,1651968000000
tank_0917,0.0,1651968000000
tank_0919,0.0,1651968000000
tank_0920,35.0,1651968000000
tank_0922,13.0,1651968000000
tank_0923,0.0,1651968000000
tank_0924,0.0,1651968000000
tank_0926,0.0,1651968000000
tank_0927,0.0,1651968000000
tank_0928,0.0,1651968000000
tank_0930,0.0,1651968000000
tank_0931,18.0,1651968000000
tank_0933,0.0,1651968000000
tank_0934,0.0,1651968000000
tank_0937,0.0,1651968000000
tank_0938,0.8627450980392157,1651968000000
tank_0939,0.0,1651968000000
tank_0944,31.0,1651968000000
tank_0946,0.0,1651968000000
tank_0952,0.0,1651968000000
tank_0958,0.0,1651968000000
tank_0962,235.0,1651968000000
tank_0967,0.0,1651968000000
tank_0975,0.0,1651968000000
tank_0978,10.792156862745099,1651968000000
tank_0990,0.0,1651968000000
tank_0991,58.0,1651968000000
tank_0998,0.0,1651968000000
tank_0999,5.858823529411765,1651968000000
tank_1003,490.93333333333334,1651968000000
tank_1004,40.345098039215685,1651968000000
tank_1014,141.0,1651968000000
tank_1026,167.0,1651968000000
tank_1031,0.0,1651968000000
tank_1032,3.7254901960784315,1651968000000
tank_1034,0.0,1651968000000
tank_1042,33.0,1651968000000
tank_1045,0.0,1651968000000
tank_1049,47.0,1651968000000
tank_1055,0.0,1651968000000
tank_1061,6.0,1651968000000
tank_1062,1.8,1651968000000
tank_1064,0.0,1651968000000
tank_1065,0.0,1651968000000
tank_1066,0.0,1651968000000
tank_1070,15.0,1651968000000
tank_1073,1.0,1651968000000
tank_1083,191.0,1651968000000
tank_1086,0.0,1651968000000
tank_1088,9.24313725490196,1651968000000
tank_1089,20.0,1651968000000
tank_1090,7.0,1651968000000
tank_1091,0.0,1651968000000
tank_1094,493.0,1651968000000
tank_1095,10.0,1651968000000
tank_1104,2.2470588235294118,1651968000000
tank_1113,35.0,1651968000000
tank_1116,0.0,1651968000000
tank_1117,0.0,1651968000000
tank_1120,19.0,1651968000000
tank_1121,348.21568627450984,1651968000000
tank_1124,19.862745098039216,1651968000000
tank_1128,47.0,1651968000000
tank_1134,0.3607843137254902,1651968000000
tank_1135,13.890196078431373,1651968000000
tank_1146,10.64313725490196,1651968000000
tank_1149,5.066666666666666,1651968000000
tank_1156,0.0,1651968000000
tank_1157,15.090196078431374,1651968000000
tank_1159,11.0,1651968000000
tank_1160,389.0,1651968000000
tank_1166,0.0,1651968000000
tank_1170,14.360784313725489,1651968000000
tank_1175,0.0,1651968000000
tank_1177,14.454901960784314,1651968000000
tank_1179,8.662745098039215,1651968000000
tank_1181,29.0,1651968000000
tank_1186,145.0,1651968000000
tank_1187,29.67843137254902,1651968000000
tank_1190,16.0,1651968000000
tank_1192,5.0,1651968000000
tank_1196,0.0,1651968000000
tank_1197,1128.992156862745,1651968000000
tank_1201,103.0,1651968000000
tank_1203,24.984313725490196,1651968000000
tank_1205,213.0,1651968000000
tank_1209,251.0,1651968000000
tank_1217,0.0,1651968000000
tank_1223,0.0,1651968000000
tank_1226,18.0,1651968000000
tank_1228,133.0,1651968000000
tank_1230,0.0,1651968000000
tank_1237,26.91372549019608,1651968000000
tank_1239,766.0,1651968000000
tank_1245,0.0,1651968000000
tank_1246,94.0,1651968000000
tank_1250,0.0,1651968000000
tank_1254,1330.0,1651968000000
tank_1255,20.0,1651968000000
tank_1258,64.0,1651968000000
tank_1261,0.0,1651968000000
tank_1262,13.078431372549021,1651968000000
tank_1263,11.0,1651968000000
tank_1265,2.0,1651968000000
tank_1270,20.929411764705883,1651968000000
tank_1272,0.0,1651968000000
tank_1275,2.0,1651968000000
tank_1276,128.0,1651968000000
tank_1279,12.992156862745098,1651968000000
tank_1280,0.0,1651968000000
tank_1284,0.0,1651968000000
tank_1285,1.0,1651968000000
tank_1286,156.5607843137255,1651968000000
tank_1290,24.0,1651968000000
tank_1291,0.0,1651968000000
tank_1293,59.0,1651968000000
tank_1295,0.0,1651968000000
tank_1297,67.0,1651968000000
tank_1301,64.0,1651968000000
tank_1302,0.0,1651968000000
tank_1304,0.0,1651968000000
tank_1305,5.0,1651968000000
tank_1313,464.0,1651968000000
tank_1322,0.4980392156862745,1651968000000
tank_1325,148.99607843137255,1651968000000
tank_1326,0.0,1651968000000
tank_1344,31.015686274509804,1651968000000
tank_1346,5.776470588235293,1651968000000
tank_1349,0.0,1651968000000
tank_1353,286.0,1651968000000
tank_1358,0.0,1651968000000
tank_1359,0.0,1651968000000
tank_1361,184.0,1651968000000
tank_1364,1269.0,1651968000000
tank_1365,0.0,1651968000000
tank_1372,6.0,1651968000000
tank_1374,84.0,1651968000000
tank_1378,283.0,1651968000000
tank_1380,0.0,1651968000000
tank_1386,72.0,1651968000000
tank_1391,0.0,1651968000000
tank_1393,20.0,1651968000000
tank_1396,76.0,1651968000000
tank_1397,0.0,1651968000000
tank_1403,0.0,1651968000000
tank_1409,30.0,1651968000000
tank_1412,0.0,1651968000000
tank_1415,0.0,1651968000000
tank_1416,0.0,1651968000000
tank_1421,106.0,1651968000000
tank_1422,0.8627450980392157,1651968000000
tank_1425,178.0,1651968000000
tank_1426,0.0,1651968000000
tank_1430,0.0,1651968000000
tank_1433,125.0,1651968000000
tank_1438,0.0,1651968000000
tank_1439,1.0,1651968000000
tank_1441,0.9098039215686274,1651968000000
tank_1443,19.188235294117653,1651968000000
tank_1445,6.0,1651968000000
tank_1446,21.0,1651968000000
tank_1450,29.113725490196078,1651968000000
tank_1452,10.207843137254901,1651968000000
tank_1456,0.0,1651968000000
tank_1466,0.0,1651968000000
tank_1471,10.070588235294117,1651968000000
tank_1475,28.0,1651968000000
tank_1486,609.0,1651968000000
tank_1488,96.0,1651968000000
tank_1491,0.0,1651968000000
tank_1500,25.149019607843137,1651968000000
tank_1505,113.0,1651968000000
tank_1513,442.0,1651968000000
tank_1531,35.0,1651968000000
tank_1536,65.30196078431374,1651968000000
tank_1539,474.0,1651968000000
tank_1541,0.0,1651968000000
tank_1542,5.0,1651968000000
tank_1547,97.0,1651968000000
tank_1563,6.0,1651968000000
tank_1564,0.0,1651968000000
tank_1565,83.0,1651968000000
tank_1567,46.92549019607843,1651968000000
tank_1568,87.0,1651968000000
tank_1573,13.0,1651968000000
tank_1583,0.0,1651968000000
tank_1587,857.0,1651968000000
tank_1588,0.0,1651968000000
tank_1592,6.015686274509804,1651968000000
tank_1594,66.0,1651968000000
tank_1595,0.0,1651968000000
tank_1597,238.60000000000002,1651968000000
tank_1598,0.0,1651968000000
tank_1600,20.67843137254902,1651968000000
tank_1604,0.0,1651968000000
tank_0002,0.0,1653004800000
tank_0004,0.0,1653004800000
tank_0005,0.0,1653004800000
tank_0011,0.0,1653004800000
tank_0014,0.0,1653004800000
tank_0019,0.0,1653004800000
tank_0024,0.0,1653004800000
tank_0025,0.0,1653004800000
tank_0026,0.0,1653004800000
tank_0027,0.0,1653004800000
tank_0030,0.0,1653004800000
tank_0031,7.0,1653004800000
tank_0036,0.0,1653004800000
tank_0037,0.0,1653004800000
tank_0038,5.541176470588235,1653004800000
tank_0050,0.0,1653004800000
tank_0051,0.0,1653004800000
tank_0052,0.0,1653004800000
tank_0053,15.792156862745097,1653004800000
tank_0055,0.0,1653004800000
tank_0057,8.0,1653004800000
tank_0058,0.0,1653004800000
tank_0064,0.0,1653004800000
tank_0069,0.0,1653004800000
tank_0072,0.0,1653004800000
tank_0073,0.0,1653004800000
tank_0080,20.0,1653004800000
tank_0094,0.0,1653004800000
tank_0107,0.12941176470588237,1653004800000
tank_0110,0.0,1653004800000
tank_0113,12.0,1653004800000
tank_0115,0.0,1653004800000
tank_0116,0.0,1653004800000
tank_0117,30.0,1653004800000
tank_0118,0.0,1653004800000
tank_0122,10.0,1653004800000
tank_0125,0.0,1653004800000
tank_0130,0.0,1653004800000
tank_0131,0.0,1653004800000
tank_0132,0.0,1653004800000
tank_0134,0.0,1653004800000
tank_0135,0.0,1653004800000
tank_0142,0.0,1653004800000
tank_0143,0.0,1653004800000
tank_0144,0.0,1653004800000
tank_0148,0.0,1653004800000
tank_0153,0.0,1653004800000
tank_0156,17.96470588235294,1653004800000
tank_0159,0.0,1653004800000
tank_0165,0.0,1653004800000
tank_0171,0.0,1653004800000
tank_0172,0.0,1653004800000
tank_0174,2.564705882352941,1653004800000
tank_0176,0.0,1653004800000
tank_0184,2.0,1653004800000
tank_0187,0.0,1653004800000
tank_0190,0.0,1653004800000
tank_0192,0.0,1653004800000
tank_0193,0.0,1653004800000
tank_0195,0.0,1653004800000
tank_0199,0.0,1653004800000
tank_0204,0.0,1653004800000
tank_0205,0.0,1653004800000
tank_0207,0.0,1653004800000
tank_0209,0.0,1653004800000
tank_0213,24.0,1653004800000
tank_0217,0.0,1653004800000
tank_0220,0.0,1653004800000
tank_0221,1.0,1653004800000
tank_0225,0.0,1653004800000
tank_0226,0.0,1653004800000
tank_0228,0.0,1653004800000
tank_0229,0.0,1653004800000
tank_0231,0.0,1653004800000
tank_0233,0.0,1653004800000
tank_0236,0.0,1653004800000
tank_0237,0.0,1653004800000
tank_0240,2.0,1653004800000
tank_0242,0.0,1653004800000
tank_0245,0.6117647058823529,1653004800000
tank_0247,32.0,1653004800000
tank_0256,0.0,1653004800000
tank_0257,0.0,1653004800000
tank_0260,0.0,1653004800000
tank_0261,0.0,1653004800000
tank_0264,0.0,1653004800000
tank_0273,0.0,1653004800000
tank_0276,0.0,1653004800000
tank_0278,0.0,1653004800000
tank_0280,0.0,1653004800000
tank_0291,0.0,1653004800000
tank_0292,1.988235294117647,1653004800000
tank_0296,0.0,1653004800000
tank_0297,20.0,1653004800000
tank_0299,0.0,1653004800000
tank_0300,0.0,1653004800000
tank_0301,0.0,1653004800000
tank_0307,0.0,1653004800000
tank_0309,1.0,1653004800000
tank_0313,0.0,1653004800000
tank_0314,0.0,1653004800000
tank_0319,0.0,1653004800000
tank_0321,0.0,1653004800000
tank_0327,0.0,1653004800000
tank_0337,0.0,1653004800000
tank_0338,0.0,1653004800000
tank_0339,0.0,1653004800000
tank_0342,14.0,1653004800000
tank_0345,0.0,1653004800000
tank_0346,0.0,1653004800000
tank_0349,57.0,1653004800000
tank_0350,0.0,1653004800000
tank_0353,0.0,1653004800000
tank_0356,0.0,1653004800000
tank_0360,0.0,1653004800000
tank_0361,0.0,1653004800000
tank_0362,0.0,1653004800000
tank_0364,0.0,1653004800000
tank_0366,0.0,1653004800000
tank_0369,0.0,1653004800000
tank_0375,0.0,1653004800000
tank_0379,0.0,1653004800000
tank_0381,0.0,1653004800000
tank_0386,9.0,1653004800000
tank_0390,0.0,1653004800000
tank_0397,0.0,1653004800000
tank_0399,0.0,1653004800000
tank_0404,92.0,1653004800000
tank_0409,0.0,1653004800000
tank_0420,0.0,1653004800000
tank_0425,0.0,1653004800000
tank_0431,0.0,1653004800000
tank_0432,0.0,1653004800000
tank_0435,11.0,1653004800000
tank_0436,0.0,1653004800000
tank_0438,4.0,1653004800000
tank_0443,0.0,1653004800000
tank_0444,138.0,1653004800000
tank_0447,0.0,1653004800000
tank_0448,17.690196078431374,1653004800000
tank_0449,0.0,1653004800000
tank_0455,3.572549019607843,1653004800000
tank_0460,0.0,1653004800000
tank_0462,19.0,1653004800000
tank_0466,0.0,1653004800000
tank_0471,0.0,1653004800000
tank_0473,0.0,1653004800000
tank_0474,0.0,1653004800000
tank_0481,1.031372549019608,1653004800000
tank_0485,28.63529411764706,1653004800000
tank_0489,0.0,1653004800000
tank_0491,0.0,1653004800000
tank_0494,0.0,1653004800000
tank_0497,0.0,1653004800000
tank_0498,0.0,1653004800000
tank_0502,0.0,1653004800000
tank_0505,0.0,1653004800000
tank_0509,0.0,1653004800000
tank_0512,1.0,1653004800000
tank_0514,0.0,1653004800000
tank_0515,0.0,1653004800000
tank_0521,0.0,1653004800000
tank_0524,0.0,1653004800000
tank_0526,12.0,1653004800000
tank_0533,0.0,1653004800000
tank_0534,0.0,1653004800000
tank_0536,9.0,1653004800000
tank_0537,0.0,1653004800000
tank_0541,0.0,1653004800000
tank_0547,0.0,1653004800000
tank_0552,0.0,1653004800000
tank_0555,30.0,1653004800000
tank_0556,0.0,1653004800000
tank_0557,0.0,1653004800000
tank_0560,0.0,1653004800000
tank_0561,0.0,1653004800000
tank_0566,0.0,1653004800000
tank_0567,0.0,1653004800000
tank_0568,2.0,1653004800000
tank_0574,4.0,1653004800000
tank_0579,10.0,1653004800000
tank_0583,96.0,1653004800000
tank_0587,0.0,1653004800000
tank_0589,0.0,1653004800000
tank_0590,0.0,1653004800000
tank_0592,0.0,1653004800000
tank_0593,0.0,1653004800000
tank_0595,0.0,1653004800000
tank_0600,0.0,1653004800000
tank_0604,0.0,1653004800000
tank_0606,0.0,1653004800000
tank_0607,0.0,1653004800000
tank_0608,72.0,1653004800000
tank_0610,0.0,1653004800000
tank_0611,0.0,1653004800000
tank_0612,0.0,1653004800000
tank_0613,0.0,1653004800000
tank_0619,0.0,1653004800000
tank_0626,0.0,1653004800000
tank_0627,0.0,1653004800000
tank_0628,0.0,1653004800000
tank_0632,0.0,1653004800000
tank_0633,0.0,1653004800000
tank_0639,0.0,1653004800000
tank_0640,0.0,1653004800000
tank_0641,0.0,1653004800000
tank_0643,0.0,1653004800000
tank_0646,0.0,1653004800000
tank_0663,0.0,1653004800000
tank_0664,17.0,1653004800000
tank_0666,0.0,1653004800000
tank_0667,0.0,1653004800000
tank_0670,33.0,1653004800000
tank_0675,0.0,1653004800000
tank_0676,2.0,1653004800000
tank_0678,0.0,1653004800000
tank_0681,0.0,1653004800000
tank_0687,18.0,1653004800000
tank_0688,86.0,1653004800000
tank_0697,0.0,1653004800000
tank_0720,7.0,1653004800000
tank_0722,0.0,1653004800000
tank_0724,0.0,1653004800000
tank_0725,12.0,1653004800000
tank_0728,0.0,1653004800000
tank_0730,0.0,1653004800000
tank_0731,158.0,1653004800000
tank_0732,0.0,1653004800000
tank_0737,40.0,1653004800000
tank_0739,0.0,1653004800000
tank_0740,0.0,1653004800000
tank_0746,0.0,1653004800000
tank_0748,0.0,1653004800000
tank_0749,0.0,1653004800000
tank_0752,0.0,1653004800000
tank_0760,4.0,1653004800000
tank_0770,0.0,1653004800000
tank_0772,0.0,1653004800000
tank_0788,0.0,1653004800000
tank_0789,0.0,1653004800000
tank_0792,16.192156862745097,1653004800000
tank_0797,37.0,1653004800000
tank_0800,10.0,1653004800000
tank_0802,2.0,1653004800000
tank_0803,0.0,1653004800000
tank_0808,0.0,1653004800000
tank_0810,12.403921568627451,1653004800000
tank_0811,0.0,1653004800000
tank_0812,55.478431372549025,1653004800000
tank_0813,0.0,1653004800000
tank_0816,1.807843137254902,1653004800000
tank_0819,0.0,1653004800000
tank_0823,0.0,1653004800000
tank_0824,39.0,1653004800000
tank_0825,0.0,1653004800000
tank_0828,0.0,1653004800000
tank_0829,28.984313725490196,1653004800000
tank_0830,92.96078431372548,1653004800000
tank_0831,7.537254901960784,1653004800000
tank_0844,0.0,1653004800000
tank_0852,21.0,1653004800000
tank_0855,51.0,1653004800000
tank_0856,1.0,1653004800000
tank_0860,0.0,1653004800000
tank_0861,0.0,1653004800000
tank_0872,0.0,1653004800000
tank_0875,123.43921568627451,1653004800000
tank_0879,0.0,1653004800000
tank_0885,0.0,1653004800000
tank_0891,10.0,1653004800000
tank_0894,0.0,1653004800000
tank_0898,4.0,1653004800000
tank_0900,69.52941176470588,1653004800000
tank_0901,24.0,1653004800000
tank_0902,0.0,1653004800000
tank_0914,47.984313725490196,1653004800000
tank_0917,0.0,1653004800000
tank_0919,0.0,1653004800000
tank_0920,28.772549019607844,1653004800000
tank_0922,10.0,1653004800000
tank_0923,33.741176470588236,1653004800000
tank_0924,0.0,1653004800000
tank_0926,0.0,1653004800000
tank_0927,1.603921568627451,1653004800000
tank_0928,2.0,1653004800000
tank_0930,17.0,1653004800000
tank_0931,1.0,1653004800000
tank_0933,0.0,1653004800000
tank_0934,0.0,1653004800000
tank_0937,0.0,1653004800000
tank_0938,0.0,1653004800000
tank_0939,0.0,1653004800000
tank_0944,30.0,1653004800000
tank_0946,0.0,1653004800000
tank_0952,25.0,1653004800000
tank_0958,0.0,1653004800000
tank_0962,26.0,1653004800000
tank_0967,3.0,1653004800000
tank_0975,0.0,1653004800000
tank_0978,0.0,1653004800000
tank_0990,0.0,1653004800000
tank_0991,0.0,1653004800000
tank_0998,0.0,1653004800000
tank_0999,0.0,1653004800000
tank_1003,3.0,1653004800000
tank_1004,0.0,1653004800000
tank_1014,188.0,1653004800000
tank_1026,16.0,1653004800000
tank_1031,0.0,1653004800000
tank_1032,0.0,1653004800000
tank_1034,1.7333333333333334,1653004800000
tank_1042,12.721568627450981,1653004800000
tank_1045,1.0,1653004800000
tank_1049,8.0,1653004800000
tank_1055,1.9843137254901961,1653004800000
tank_1061,17.976470588235294,1653004800000
tank_1062,0.0,1653004800000
tank_1064,0.0,1653004800000
tank_1065,0.0,1653004800000
tank_1066,0.0,1653004800000
tank_1070,42.0,1653004800000
tank_1073,35.0,1653004800000
tank_1083,44.0,1653004800000
tank_1086,0.0,1653004800000
tank_1088,1.0,1653004800000
tank_1089,14.0,1653004800000
tank_1090,0.0,1653004800000
tank_1091,0.0,1653004800000
tank_1094,8.0,1653004800000
tank_1095,13.75294117647059,1653004800000
tank_1104,0.0,1653004800000
tank_1113,2.0,1653004800000
tank_1116,0.0,1653004800000
tank_1117,0.0,1653004800000
tank_1120,2.0,1653004800000
tank_1121,0.0,1653004800000
tank_1124,14.929411764705883,1653004800000
tank_1128,5.0,1653004800000
tank_1134,0.0,1653004800000
tank_1135,6.0,1653004800000
tank_1146,0.0,1653004800000
tank_1149,3.0,1653004800000
tank_1156,0.0,1653004800000
tank_1157,7.5058823529411764,1653004800000
tank_1159,0.0,1653004800000
tank_1160,328.0,1653004800000
tank_1166,0.0,1653004800000
tank_1170,4.721568627450981,1653004800000
tank_1175,0.0,1653004800000
tank_1177,0.0,1653004800000
tank_1179,1.0,1653004800000
tank_1181,12.0,1653004800000
tank_1186,22.0,1653004800000
tank_1187,3.9411764705882355,1653004800000
tank_1190,0.0,1653004800000
tank_1192,12.0,1653004800000
tank_1196,0.0,1653004800000
tank_1197,15.0,1653004800000
tank_1201,9.0,1653004800000
tank_1203,0.0,1653004800000
tank_1205,25.0,1653004800000
tank_1209,0.0,1653004800000
tank_1217,0.0,1653004800000
tank_1223,0.0,1653004800000
tank_1226,2.988235294117647,1653004800000
tank_1228,6.0,1653004800000
tank_1230,0.0,1653004800000
tank_1237,12.0,1653004800000
tank_1239,53.0,1653004800000
tank_1245,0.0,1653004800000
tank_1246,35.0,1653004800000
tank_1250,0.0,1653004800000
tank_1254,0.0,1653004800000
tank_1255,2.0,1653004800000
tank_1258,23.0,1653004800000
tank_1261,0.0,1653004800000
tank_1262,0.0,1653004800000
tank_1263,0.0,1653004800000
tank_1265,0.0,1653004800000
tank_1270,2.976470588235294,1653004800000
tank_1272,0.0,1653004800000
tank_1275,0.0,1653004800000
tank_1276,3.0,1653004800000
tank_1279,0.0,1653004800000
tank_1280,0.0,1653004800000
tank_1284,0.0,1653004800000
tank_1285,1.0,1653004800000
tank_1286,21.0,1653004800000
tank_1290,9.0,1653004800000
tank_1291,0.0,1653004800000
tank_1293,9.0,1653004800000
tank_1295,0.0,1653004800000
tank_1297,13.0,1653004800000
tank_1301,0.0,1653004800000
tank_1302,0.0,1653004800000
tank_1304,0.0,1653004800000
tank_1305,0.0,1653004800000
tank_1313,143.0,1653004800000
tank_1322,0.0,1653004800000
tank_1325,4.0,1653004800000
tank_1326,0.0,1653004800000
tank_1344,0.0,1653004800000
tank_1346,0.0,1653004800000
tank_1349,0.0,1653004800000
tank_1353,49.0,1653004800000
tank_1358,0.0,1653004800000
tank_1359,0.0,1653004800000
tank_1361,1.0,1653004800000
tank_1364,0.0,1653004800000
tank_1365,0.0,1653004800000
tank_1372,2.0,1653004800000
tank_1374,5.0,1653004800000
tank_1378,2.0,1653004800000
tank_1380,0.0,1653004800000
tank_1386,0.0,1653004800000
tank_1391,0.0,1653004800000
tank_1393,2.0,1653004800000
tank_1396,8.0,1653004800000
tank_1397,0.0,1653004800000
tank_1403,0.0,1653004800000
tank_1409,0.0,1653004800000
tank_1412,0.0,1653004800000
tank_1415,0.0,1653004800000
tank_1416,0.0,1653004800000
tank_1421,22.0,1653004800000
tank_1422,0.0,1653004800000
tank_1425,72.0,1653004800000
tank_1426,0.0,1653004800000
tank_1430,0.0,1653004800000
tank_1433,6.0,1653004800000
tank_1438,0.0,1653004800000
tank_1439,4.0,1653004800000
tank_1441,0.0,1653004800000
tank_1443,0.0,1653004800000
tank_1445,2.0,1653004800000
tank_1446,0.0,1653004800000
tank_1450,0.0,1653004800000
tank_1452,0.0,1653004800000
tank_1456,0.0,1653004800000
tank_1466,0.0,1653004800000
tank_1471,0.0,1653004800000
tank_1475,49.0,1653004800000
tank_1486,571.0,1653004800000
tank_1488,75.0,1653004800000
tank_1491,0.0,1653004800000
tank_1500,17.490196078431374,1653004800000
tank_1505,198.0,1653004800000
tank_1513,183.0,1653004800000
tank_1531,13.0,1653004800000
tank_1536,8.964705882352941,1653004800000
tank_1539,158.0,1653004800000
tank_1541,0.0,1653004800000
tank_1542,0.0,1653004800000
tank_1547,8.0,1653004800000
tank_1563,0.0,1653004800000
tank_1564,0.0,1653004800000
tank_1565,1.0,1653004800000
tank_1567,28.0,1653004800000
tank_1568,7.0,1653004800000
tank_1573,0.0,1653004800000
tank_1583,0.0,1653004800000
tank_1587,455.0,1653004800000
tank_1588,0.0,1653004800000
tank_1592,0.0,1653004800000
tank_1594,46.0,1653004800000
tank_1595,0.0,1653004800000
tank_1597,112.87843137254902,1653004800000
tank_1598,0.0,1653004800000
tank_1600,0.0,1653004800000
tank_1604,0.0,1653004800000
tank_0002,0.0,1654041600000
tank_0004,0.0,1654041600000
tank_0005,0.0,1654041600000
tank_0011,2.0,1654041600000
tank_0014,2.0,1654041600000
tank_0019,0.7450980392156863,1654041600000
tank_0024,4.376470588235295,1654041600000
tank_0025,1.2235294117647058,1654041600000
tank_0026,1.9333333333333333,1654041600000
tank_0027,0.0,1654041600000
tank_0030,0.0,1654041600000
tank_0031,5.0,1654041600000
tank_0036,0.0,1654041600000
tank_0037,0.0,1654041600000
tank_0038,50.152941176470584,1654041600000
tank_0050,1.5019607843137255,1654041600000
tank_0051,1.7490196078431373,1654041600000
tank_0052,5.0,1654041600000
tank_0053,107.61176470588235,1654041600000
tank_0055,3.0274509803921568,1654041600000
tank_0057,6.0,1654041600000
tank_0058,3.9254901960784316,1654041600000
tank_0064,6.7176470588235295,1654041600000
tank_0069,6.0,1654041600000
tank_0072,0.0,1654041600000
tank_0073,0.0,1654041600000
tank_0080,24.0,1654041600000
tank_0094,0.0,1654041600000
tank_0107,0.0,1654041600000
tank_0110,3.2823529411764705,1654041600000
tank_0113,25.1843137254902,1654041600000
tank_0115,0.0,1654041600000
tank_0116,0.0,1654041600000
tank_0117,65.0,1654041600000
tank_0118,0.0,1654041600000
tank_0122,5.0,1654041600000
tank_0125,12.290196078431373,1654041600000
tank_0130,0.0,1654041600000
tank_0131,0.0,1654041600000
tank_0132,0.0,1654041600000
tank_0134,0.0,1654041600000
tank_0135,4.0,1654041600000
tank_0142,4.0,1654041600000
tank_0143,0.0,1654041600000
tank_0144,0.0,1654041600000
tank_0148,0.0,1654041600000
tank_0153,0.0,1654041600000
tank_0156,61.9764705882353,1654041600000
tank_0159,0.0,1654041600000
tank_0165,0.0,1654041600000
tank_0171,0.0,1654041600000
tank_0172,7.713725490196078,1654041600000
tank_0174,4.43921568627451,1654041600000
tank_0176,23.0,1654041600000
tank_0184,0.0,1654041600000
tank_0187,0.0,1654041600000
tank_0190,6.768627450980392,1654041600000
tank_0192,0.0,1654041600000
tank_0193,0.0,1654041600000
tank_0195,15.34901960784314,1654041600000
tank_0199,5.870588235294118,1654041600000
tank_0204,0.0,1654041600000
tank_0205,0.0,1654041600000
tank_0207,0.0,1654041600000
tank_0209,3.137254901960784,1654041600000
tank_0213,17.43921568627451,1654041600000
tank_0217,0.0,1654041600000
tank_0220,0.0,1654041600000
tank_0221,7.713725490196078,1654041600000
tank_0225,0.0,1654041600000
tank_0226,8.0,1654041600000
tank_0228,0.0,1654041600000
tank_0229,0.0,1654041600000
tank_0231,11.345098039215687,1654041600000
tank_0233,0.0,1654041600000
tank_0236,8.486274509803922,1654041600000
tank_0237,0.0,1654041600000
tank_0240,0.0,1654041600000
tank_0242,0.0,1654041600000
tank_0245,0.0,1654041600000
tank_0247,95.58039215686274,1654041600000
tank_0256,13.878431372549016,1654041600000
tank_0257,0.0,1654041600000
tank_0260,5.12156862745098,1654041600000
tank_0261,1.0,1654041600000
tank_0264,0.0,1654041600000
tank_0273,37.0,1654041600000
tank_0276,0.0,1654041600000
tank_0278,0.0,1654041600000
tank_0280,0.0,1654041600000
tank_0291,0.0,1654041600000
tank_0292,10.937254901960785,1654041600000
tank_0296,0.0,1654041600000
tank_0297,21.63921568627451,1654041600000
tank_0299,5.0,1654041600000
tank_0300,7.517647058823529,1654041600000
tank_0301,0.0,1654041600000
tank_0307,0.0,1654041600000
tank_0309,5.0,1654041600000
tank_0313,0.0,1654041600000
tank_0314,0.0,1654041600000
tank_0319,0.0,1654041600000
tank_0321,0.0,1654041600000
tank_0327,0.0,1654041600000
tank_0337,1.0,1654041600000
tank_0338,0.0,1654041600000
tank_0339,15.541176470588237,1654041600000
tank_0342,21.250980392156862,1654041600000
tank_0345,0.0,1654041600000
tank_0346,0.0,1654041600000
tank_0349,117.0,1654041600000
tank_0350,0.0,1654041600000
tank_0353,12.541176470588235,1654041600000
tank_0356,0.0,1654041600000
tank_0360,0.0,1654041600000
tank_0361,0.0,1654041600000
tank_0362,0.0,1654041600000
tank_0364,0.0,1654041600000
tank_0366,7.223529411764706,1654041600000
tank_0369,3.0,1654041600000
tank_0375,0.0,1654041600000
tank_0379,2.0,1654041600000
tank_0381,0.0,1654041600000
tank_0386,17.0,1654041600000
tank_0390,0.0,1654041600000
tank_0397,0.0,1654041600000
tank_0399,8.0,1654041600000
tank_0404,20.0,1654041600000
tank_0409,0.0,1654041600000
tank_0420,0.0,1654041600000
tank_0425,0.0,1654041600000
tank_0431,0.0,1654041600000
tank_0432,0.36470588235294116,1654041600000
tank_0435,0.0,1654041600000
tank_0436,0.0,1654041600000
tank_0438,4.0,1654041600000
tank_0443,0.0,1654041600000
tank_0444,219.0,1654041600000
tank_0447,3.4941176470588236,1654041600000
tank_0448,4.0,1654041600000
tank_0449,1.776470588235294,1654041600000
tank_0455,0.0,1654041600000
tank_0460,0.0,1654041600000
tank_0462,92.0,1654041600000
tank_0466,0.0,1654041600000
tank_0471,0.0,1654041600000
tank_0473,0.0,1654041600000
tank_0474,0.0,1654041600000
tank_0481,24.305882352941175,1654041600000
tank_0485,13.0,1654041600000
tank_0489,0.0,1654041600000
tank_0491,0.0,1654041600000
tank_0494,2.8666666666666667,1654041600000
tank_0497,0.0,1654041600000
tank_0498,0.0,1654041600000
tank_0502,0.0,1654041600000
tank_0505,0.0,1654041600000
tank_0509,0.0,1654041600000
tank_0512,94.0,1654041600000
tank_0514,0.0,1654041600000
tank_0515,0.0,1654041600000
tank_0521,0.0,1654041600000
tank_0524,0.0,1654041600000
tank_0526,63.87450980392157,1654041600000
tank_0533,0.0,1654041600000
tank_0534,0.0,1654041600000
tank_0536,4.0,1654041600000
tank_0537,0.0,1654041600000
tank_0541,0.0,1654041600000
tank_0547,0.0,1654041600000
tank_0552,5.792156862745098,1654041600000
tank_0555,17.0,1654041600000
tank_0556,0.0,1654041600000
tank_0557,0.0,1654041600000
tank_0560,0.0,1654041600000
tank_0561,0.0,1654041600000
tank_0566,0.0,1654041600000
tank_0567,0.0,1654041600000
tank_0568,0.0,1654041600000
tank_0574,45.0,1654041600000
tank_0579,6.0,1654041600000
tank_0583,36.0,1654041600000
tank_0587,0.0,1654041600000
tank_0589,0.0,1654041600000
tank_0590,2.0,1654041600000
tank_0592,1.2509803921568627,1654041600000
tank_0593,0.0,1654041600000
tank_0595,5.411764705882353,1654041600000
tank_0600,0.0,1654041600000
tank_0604,0.0,1654041600000
tank_0606,0.0,1654041600000
tank_0607,0.0,1654041600000
tank_0608,291.0,1654041600000
tank_0610,0.0,1654041600000
tank_0611,0.0,1654041600000
tank_0612,0.0,1654041600000
tank_0613,4.564705882352942,1654041600000
tank_0619,2.0,1654041600000
tank_0626,0.0,1654041600000
tank_0627,0.0,1654041600000
tank_0628,0.0,1654041600000
tank_0632,0.0,1654041600000
tank_0633,1.4588235294117646,1654041600000
tank_0639,0.0,1654041600000
tank_0640,0.4980392156862745,1654041600000
tank_0641,0.0,1654041600000
tank_0643,0.0,1654041600000
tank_0646,0.0,1654041600000
tank_0663,0.0,1654041600000
tank_0664,9.737254901960785,1654041600000
tank_0666,6.286274509803921,1654041600000
tank_0667,4.31764705882353,1654041600000
tank_0670,36.21568627450981,1654041600000
tank_0675,0.5294117647058824,1654041600000
tank_0676,255.0,1654041600000
tank_0678,0.0,1654041600000
tank_0681,2.0,1654041600000
tank_0687,9.0,1654041600000
tank_0688,272.0,1654041600000
tank_0697,0.0,1654041600000
tank_0720,8.0,1654041600000
tank_0722,0.0,1654041600000
tank_0724,7.533333333333334,1654041600000
tank_0725,28.0,1654041600000
tank_0728,9.988235294117647,1654041600000
tank_0730,0.0,1654041600000
tank_0731,240.0,1654041600000
tank_0732,0.0,1654041600000
tank_0737,132.0,1654041600000
tank_0739,0.6705882352941176,1654041600000
tank_0740,71.46274509803922,1654041600000
tank_0746,0.0,1654041600000
tank_0748,0.0,1654041600000
tank_0749,1.7333333333333334,1654041600000
tank_0752,13.717647058823527,1654041600000
tank_0760,0.0,1654041600000
tank_0770,0.0,1654041600000
tank_0772,0.0,1654041600000
tank_0788,0.0,1654041600000
tank_0789,1.7529411764705882,1654041600000
tank_0792,0.0,1654041600000
tank_0797,50.0,1654041600000
tank_0800,9.0,1654041600000
tank_0802,2.0,1654041600000
tank_0803,0.0,1654041600000
tank_0808,0.20392156862745098,1654041600000
tank_0810,18.278431372549022,1654041600000
tank_0811,5.0627450980392155,1654041600000
tank_0812,78.42745098039217,1654041600000
tank_0813,0.0,1654041600000
tank_0816,1.5372549019607842,1654041600000
tank_0819,0.0,1654041600000
tank_0823,0.0,1654041600000
tank_0824,136.0,1654041600000
tank_0825,0.0,1654041600000
tank_0828,6.0,1654041600000
tank_0829,34.984313725490196,1654041600000
tank_0830,50.219607843137254,1654041600000
tank_0831,25.435294117647064,1654041600000
tank_0844,0.0,1654041600000
tank_0852,16.0,1654041600000
tank_0855,46.0,1654041600000
tank_0856,80.0,1654041600000
tank_0860,4.0,1654041600000
tank_0861,15.95686274509804,1654041600000
tank_0872,0.0,1654041600000
tank_0875,103.0,1654041600000
tank_0879,0.0,1654041600000
tank_0885,0.0,1654041600000
tank_0891,10.0,1654041600000
tank_0894,39.0,1654041600000
tank_0898,28.0,1654041600000
tank_0900,53.8156862745098,1654041600000
tank_0901,93.0,1654041600000
tank_0902,5.0,1654041600000
tank_0914,40.984313725490196,1654041600000
tank_0917,0.0,1654041600000
tank_0919,0.0,1654041600000
tank_0920,62.0,1654041600000
tank_0922,12.0,1654041600000
tank_0923,13.894117647058824,1654041600000
tank_0924,0.0,1654041600000
tank_0926,0.0,1654041600000
tank_0927,1.1254901960784314,1654041600000
tank_0928,7.0,1654041600000
tank_0930,14.0,1654041600000
tank_0931,15.0,1654041600000
tank_0933,0.0,1654041600000
tank_0934,0.0,1654041600000
tank_0937,0.0,1654041600000
tank_0938,0.0,1654041600000
tank_0939,0.0,1654041600000
tank_0944,31.0,1654041600000
tank_0946,0.0,1654041600000
tank_0952,31.0,1654041600000
tank_0958,0.0,1654041600000
tank_0962,188.0,1654041600000
tank_0967,2.0,1654041600000
tank_0975,0.0,1654041600000
tank_0978,2.384313725490196,1654041600000
tank_0990,0.0,1654041600000
tank_0991,70.0,1654041600000
tank_0998,0.0,1654041600000
tank_0999,0.0,1654041600000
tank_1003,23.0,1654041600000
tank_1004,0.0,1654041600000
tank_1014,113.0,1654041600000
tank_1026,88.0,1654041600000
tank_1031,0.0,1654041600000
tank_1032,0.0,1654041600000
tank_1034,0.0,1654041600000
tank_1042,36.0,1654041600000
tank_1045,3.0,1654041600000
tank_1049,14.0,1654041600000
tank_1055,4.023529411764706,1654041600000
tank_1061,19.945098039215686,1654041600000
tank_1062,1.227450980392157,1654041600000
tank_1064,0.0,1654041600000
tank_1065,0.0,1654041600000
tank_1066,2.7490196078431373,1654041600000
tank_1070,1.0,1654041600000
tank_1073,14.0,1654041600000
tank_1083,93.0,1654041600000
tank_1086,0.0,1654041600000
tank_1088,0.0,1654041600000
tank_1089,15.0,1654041600000
tank_1090,2.0,1654041600000
tank_1091,0.0,1654041600000
tank_1094,131.0,1654041600000
tank_1095,11.0,1654041600000
tank_1104,0.0,1654041600000
tank_1113,18.0,1654041600000
tank_1116,0.0,1654041600000
tank_1117,0.0,1654041600000
tank_1120,5.0,1654041600000
tank_1121,38.0,1654041600000
tank_1124,17.0,1654041600000
tank_1128,15.0,1654041600000
tank_1134,0.0,1654041600000
tank_1135,14.890196078431373,1654041600000
tank_1146,5.749019607843137,1654041600000
tank_1149,0.0,1654041600000
tank_1156,0.0,1654041600000
tank_1157,15.207843137254903,1654041600000
tank_1159,0.0,1654041600000
tank_1160,176.0,1654041600000
tank_1166,0.0,1654041600000
tank_1170,7.066666666666666,1654041600000
tank_1175,0.0,1654041600000
tank_1177,0.0,1654041600000
tank_1179,0.7843137254901961,1654041600000
tank_1181,2.0,1654041600000
tank_1186,47.0,1654041600000
tank_1187,7.0,1654041600000
tank_1190,0.0,1654041600000
tank_1192,6.0,1654041600000
tank_1196,0.0,1654041600000
tank_1197,188.0,1654041600000
tank_1201,19.0,1654041600000
tank_1203,0.0,1654041600000
tank_1205,60.0,1654041600000
tank_1209,73.0,1654041600000
tank_1217,0.0,1654041600000
tank_1223,0.0,1654041600000
tank_1226,24.0,1654041600000
tank_1228,27.0,1654041600000
tank_1230,0.0,1654041600000
tank_1237,10.976470588235294,1654041600000
tank_1239,256.0,1654041600000
tank_1245,3.552941176470588,1654041600000
tank_1246,42.0,1654041600000
tank_1250,0.0,1654041600000
tank_1254,7.0,1654041600000
tank_1255,0.0,1654041600000
tank_1258,14.0,1654041600000
tank_1261,0.0,1654041600000
tank_1262,0.0,1654041600000
tank_1263,0.0,1654041600000
tank_1265,1.0,1654041600000
tank_1270,8.0,1654041600000
tank_1272,0.0,1654041600000
tank_1275,0.0,1654041600000
tank_1276,9.0,1654041600000
tank_1279,7.0,1654041600000
tank_1280,0.0,1654041600000
tank_1284,0.0,1654041600000
tank_1285,0.0,1654041600000
tank_1286,46.0,1654041600000
tank_1290,18.0,1654041600000
tank_1291,0.0,1654041600000
tank_1293,33.0,1654041600000
tank_1295,0.0,1654041600000
tank_1297,22.0,1654041600000
tank_1301,5.0,1654041600000
tank_1302,0.0,1654041600000
tank_1304,0.0,1654041600000
tank_1305,5.0,1654041600000
tank_1313,59.0,1654041600000
tank_1322,0.0,1654041600000
tank_1325,66.99607843137255,1654041600000
tank_1326,0.0,1654041600000
tank_1344,0.0,1654041600000
tank_1346,0.0,1654041600000
tank_1349,0.0,1654041600000
tank_1353,89.0,1654041600000
tank_1358,0.0,1654041600000
tank_1359,0.0,1654041600000
tank_1361,18.0,1654041600000
tank_1364,847.0,1654041600000
tank_1365,0.0,1654041600000
tank_1372,0.0,1654041600000
tank_1374,80.0,1654041600000
tank_1378,57.0,1654041600000
tank_1380,0.0,1654041600000
tank_1386,63.0,1654041600000
tank_1391,0.0,1654041600000
tank_1393,6.0,1654041600000
tank_1396,4.0,1654041600000
tank_1397,0.0,1654041600000
tank_1403,0.0,1654041600000
tank_1409,0.0,1654041600000
tank_1412,0.0,1654041600000
tank_1415,0.0,1654041600000
tank_1416,0.0,1654041600000
tank_1421,46.0,1654041600000
tank_1422,0.8313725490196078,1654041600000
tank_1425,54.0,1654041600000
tank_1426,0.0,1654041600000
tank_1430,0.0,1654041600000
tank_1433,29.0,1654041600000
tank_1438,0.0,1654041600000
tank_1439,0.0,1654041600000
tank_1441,0.0,1654041600000
tank_1443,17.137254901960784,1654041600000
tank_1445,0.0,1654041600000
tank_1446,0.0,1654041600000
tank_1450,2.0,1654041600000
tank_1452,3.254901960784314,1654041600000
tank_1456,0.0,1654041600000
tank_1466,0.7490196078431373,1654041600000
tank_1471,0.0,1654041600000
tank_1475,4.0,1654041600000
tank_1486,100.0,1654041600000
tank_1488,72.0,1654041600000
tank_1491,2.0,1654041600000
tank_1500,18.0,1654041600000
tank_1505,306.0,1654041600000
tank_1513,96.0,1654041600000
tank_1531,14.0,1654041600000
tank_1536,16.0,1654041600000
tank_1539,254.0,1654041600000
tank_1541,0.0,1654041600000
tank_1542,0.0,1654041600000
tank_1547,73.0,1654041600000
tank_1563,0.0,1654041600000
tank_1564,0.0,1654041600000
tank_1565,77.0,1654041600000
tank_1567,16.0,1654041600000
tank_1568,11.0,1654041600000
tank_1573,9.0,1654041600000
tank_1583,0.0,1654041600000
tank_1587,92.0,1654041600000
tank_1588,0.0,1654041600000
tank_1592,2.0,1654041600000
tank_1594,42.0,1654041600000
tank_1595,0.0,1654041600000
tank_1597,60.20392156862745,1654041600000
tank_1598,0.0,1654041600000
tank_1600,2.6862745098039214,1654041600000
tank_1604,0.0,1654041600000
tank_0002,0.0,1655078400000
tank_0004,0.0,1655078400000
tank_0005,0.0,1655078400000
tank_0011,0.9176470588235294,1655078400000
tank_0014,2.0,1655078400000
tank_0019,0.0,1655078400000
tank_0024,4.196078431372549,1655078400000
tank_0025,0.0,1655078400000
tank_0026,0.0,1655078400000
tank_0027,0.0,1655078400000
tank_0030,1.0,1655078400000
tank_0031,6.0,1655078400000
tank_0036,0.0,1655078400000
tank_0037,0.0,1655078400000
tank_0038,20.098039215686278,1655078400000
tank_0050,0.0,1655078400000
tank_0051,0.0,1655078400000
tank_0052,0.0,1655078400000
tank_0053,19.435294117647057,1655078400000
tank_0055,0.0,1655078400000
tank_0057,6.0,1655078400000
tank_0058,6.733333333333333,1655078400000
tank_0064,0.0,1655078400000
tank_0069,4.0,1655078400000
tank_0072,0.0,1655078400000
tank_0073,0.0,1655078400000
tank_0080,17.0,1655078400000
tank_0094,0.0,1655078400000
tank_0107,0.0,1655078400000
tank_0110,0.0,1655078400000
tank_0113,29.0,1655078400000
tank_0115,0.0,1655078400000
tank_0116,0.0,1655078400000
tank_0117,71.0,1655078400000
tank_0118,0.0,1655078400000
tank_0122,5.0,1655078400000
tank_0125,1.6313725490196078,1655078400000
tank_0130,0.0,1655078400000
tank_0131,0.0,1655078400000
tank_0132,0.0,1655078400000
tank_0134,0.0,1655078400000
tank_0135,0.0,1655078400000
tank_0142,0.0,1655078400000
tank_0143,0.0,1655078400000
tank_0144,3.0,1655078400000
tank_0148,0.0,1655078400000
tank_0153,0.0,1655078400000
tank_0156,28.64705882352941,1655078400000
tank_0159,0.0,1655078400000
tank_0165,6.0,1655078400000
tank_0171,0.0,1655078400000
tank_0172,0.0,1655078400000
tank_0174,5.545098039215687,1655078400000
tank_0176,2.0,1655078400000
tank_0184,0.0,1655078400000
tank_0187,3.8588235294117648,1655078400000
tank_0190,3.2666666666666666,1655078400000
tank_0192,0.0,1655078400000
tank_0193,0.0,1655078400000
tank_0195,0.0,1655078400000
tank_0199,1.9294117647058824,1655078400000
tank_0204,0.0,1655078400000
tank_0205,0.0,1655078400000
tank_0207,1.0,1655078400000
tank_0209,0.0,1655078400000
tank_0213,32.0,1655078400000
tank_0217,0.0,1655078400000
tank_0220,0.0,1655078400000
tank_0221,25.207843137254905,1655078400000
tank_0225,0.0,1655078400000
tank_0226,5.0,1655078400000
tank_0228,0.0,1655078400000
tank_0229,0.0,1655078400000
tank_0231,0.0,1655078400000
tank_0233,0.0,1655078400000
tank_0236,0.0,1655078400000
tank_0237,0.0,1655078400000
tank_0240,0.0,1655078400000
tank_0242,0.0,1655078400000
tank_0245,0.0,1655078400000
tank_0247,81.0,1655078400000
tank_0256,3.0,1655078400000
tank_0257,0.0,1655078400000
tank_0260,3.3450980392156864,1655078400000
tank_0261,0.0,1655078400000
tank_0264,0.0,1655078400000
tank_0273,42.0,1655078400000
tank_0276,0.0,1655078400000
tank_0278,2.0,1655078400000
tank_0280,0.0,1655078400000
tank_0291,1.0,1655078400000
tank_0292,2.5137254901960784,1655078400000
tank_0296,0.0,1655078400000
tank_0297,28.51372549019608,1655078400000
tank_0299,5.0,1655078400000
tank_0300,3.211764705882353,1655078400000
tank_0301,0.0,1655078400000
tank_0307,0.0,1655078400000
tank_0309,4.925490196078432,1655078400000
tank_0313,0.0,1655078400000
tank_0314,0.0,1655078400000
tank_0319,0.0,1655078400000
tank_0321,0.0,1655078400000
tank_0327,0.0,1655078400000
tank_0337,0.0,1655078400000
tank_0338,0.6235294117647059,1655078400000
tank_0339,6.749019607843137,1655078400000
tank_0342,21.0,1655078400000
tank_0345,0.0,1655078400000
tank_0346,0.0,1655078400000
tank_0349,119.0,1655078400000
tank_0350,0.0,1655078400000
tank_0353,4.411764705882353,1655078400000
tank_0356,0.0,1655078400000
tank_0360,0.0,1655078400000
tank_0361,0.0,1655078400000
tank_0362,1.0,1655078400000
tank_0364,0.0,1655078400000
tank_0366,10.35686274509804,1655078400000
tank_0369,28.0,1655078400000
tank_0375,0.0,1655078400000
tank_0379,1.0,1655078400000
tank_0381,0.0,1655078400000
tank_0386,6.0,1655078400000
tank_0390,0.0,1655078400000
tank_0397,0.0,1655078400000
tank_0399,5.231372549019608,1655078400000
tank_0404,43.964705882352945,1655078400000
tank_0409,0.0,1655078400000
tank_0420,0.0,1655078400000
tank_0425,0.0,1655078400000
tank_0431,0.0,1655078400000
tank_0432,0.0,1655078400000
tank_0435,16.0,1655078400000
tank_0436,0.0,1655078400000
tank_0438,0.0,1655078400000
tank_0443,0.0,1655078400000
tank_0444,142.0,1655078400000
tank_0447,59.80392156862745,1655078400000
tank_0448,9.0,1655078400000
tank_0449,0.0,1655078400000
tank_0455,11.498039215686275,1655078400000
tank_0460,0.0,1655078400000
tank_0462,150.0,1655078400000
tank_0466,0.0,1655078400000
tank_0471,0.0,1655078400000
tank_0473,0.5450980392156863,1655078400000
tank_0474,4.0,1655078400000
tank_0481,27.99607843137255,1655078400000
tank_0485,12.0,1655078400000
tank_0489,0.0,1655078400000
tank_0491,0.0,1655078400000
tank_0494,6.341176470588235,1655078400000
tank_0497,0.0,1655078400000
tank_0498,0.0,1655078400000
tank_0502,0.0,1655078400000
tank_0505,0.0,1655078400000
tank_0509,1.0,1655078400000
tank_0512,237.0,1655078400000
tank_0514,0.0,1655078400000
tank_0515,0.0,1655078400000
tank_0521,2.0,1655078400000
tank_0524,0.0,1655078400000
tank_0526,62.0,1655078400000
tank_0533,0.0,1655078400000
tank_0534,0.0,1655078400000
tank_0536,7.0,1655078400000
tank_0537,0.0,1655078400000
tank_0541,0.0,1655078400000
tank_0547,0.8588235294117647,1655078400000
tank_0552,8.0,1655078400000
tank_0555,23.0,1655078400000
tank_0556,0.0,1655078400000
tank_0557,0.0,1655078400000
tank_0560,0.0,1655078400000
tank_0561,0.0,1655078400000
tank_0566,0.0,1655078400000
tank_0567,0.0,1655078400000
tank_0568,20.423529411764708,1655078400000
tank_0574,23.0,1655078400000
tank_0579,45.0,1655078400000
tank_0583,205.0,1655078400000
tank_0587,0.0,1655078400000
tank_0589,0.0,1655078400000
tank_0590,18.0,1655078400000
tank_0592,1.6313725490196078,1655078400000
tank_0593,0.0,1655078400000
tank_0595,0.0,1655078400000
tank_0600,10.007843137254902,1655078400000
tank_0604,0.0,1655078400000
tank_0606,0.0,1655078400000
tank_0607,0.0,1655078400000
tank_0608,673.0,1655078400000
tank_0610,2.8784313725490196,1655078400000
tank_0611,2.8078431372549018,1655078400000
tank_0612,0.0,1655078400000
tank_0613,0.0,1655078400000
tank_0619,0.0,1655078400000
tank_0626,0.0,1655078400000
tank_0627,0.0,1655078400000
tank_0628,0.0,1655078400000
tank_0632,4.0,1655078400000
tank_0633,0.0,1655078400000
tank_0639,1.0,1655078400000
tank_0640,0.0,1655078400000
tank_0641,0.0,1655078400000
tank_0643,0.0,1655078400000
tank_0646,0.0,1655078400000
tank_0663,1.9215686274509802,1655078400000
tank_0664,17.0,1655078400000
tank_0666,0.0,1655078400000
tank_0667,0.5686274509803921,1655078400000
tank_0670,37.984313725490196,1655078400000
tank_0675,0.0,1655078400000
tank_0676,252.0,1655078400000
tank_0678,0.18823529411764706,1655078400000
tank_0681,0.0,1655078400000
tank_0687,23.0,1655078400000
tank_0688,289.9686274509804,1655078400000
tank_0697,0.0,1655078400000
tank_0720,13.235294117647058,1655078400000
tank_0722,0.9490196078431372,1655078400000
tank_0724,0.8745098039215686,1655078400000
tank_0725,20.0,1655078400000
tank_0728,0.0,1655078400000
tank_0730,0.0,1655078400000
tank_0731,295.0,1655078400000
tank_0732,0.0,1655078400000
tank_0737,479.0,1655078400000
tank_0739,0.39215686274509803,1655078400000
tank_0740,33.83921568627451,1655078400000
tank_0746,0.0,1655078400000
tank_0748,0.4980392156862745,1655078400000
tank_0749,0.0,1655078400000
tank_0752,5.0,1655078400000
tank_0760,0.0,1655078400000
tank_0770,0.0,1655078400000
tank_0772,0.0,1655078400000
tank_0788,0.0,1655078400000
tank_0789,0.12941176470588237,1655078400000
tank_0792,33.635294117647064,1655078400000
tank_0797,61.0,1655078400000
tank_0800,3.0,1655078400000
tank_0802,11.788235294117648,1655078400000
tank_0803,0.0,1655078400000
tank_0808,12.898039215686275,1655078400000
tank_0810,29.47450980392157,1655078400000
tank_0811,8.874509803921569,1655078400000
tank_0812,79.28235294117647,1655078400000
tank_0813,0.0,1655078400000
tank_0816,0.792156862745098,1655078400000
tank_0819,10.0,1655078400000
tank_0823,0.0,1655078400000
tank_0824,616.0,1655078400000
tank_0825,0.0,1655078400000
tank_0828,5.0,1655078400000
tank_0829,33.984313725490196,1655078400000
tank_0830,82.03529411764706,1655078400000
tank_0831,1.6392156862745098,1655078400000
tank_0844,0.0,1655078400000
tank_0852,18.0,1655078400000
tank_0855,72.0,1655078400000
tank_0856,182.0,1655078400000
tank_0860,0.0,1655078400000
tank_0861,7.513725490196078,1655078400000
tank_0872,0.0,1655078400000
tank_0875,171.0,1655078400000
tank_0879,3.0,1655078400000
tank_0885,0.0,1655078400000
tank_0891,7.0,1655078400000
tank_0894,249.0,1655078400000
tank_0898,180.0,1655078400000
tank_0900,43.98823529411764,1655078400000
tank_0901,83.0,1655078400000
tank_0902,37.0,1655078400000
tank_0914,50.90588235294118,1655078400000
tank_0917,0.0,1655078400000
tank_0919,0.0,1655078400000
tank_0920,84.90196078431372,1655078400000
tank_0922,44.0,1655078400000
tank_0923,16.623529411764707,1655078400000
tank_0924,0.0,1655078400000
tank_0926,0.0,1655078400000
tank_0927,3.854901960784314,1655078400000
tank_0928,4.0,1655078400000
tank_0930,0.0,1655078400000
tank_0931,150.0,1655078400000
tank_0933,0.0,1655078400000
tank_0934,0.0,1655078400000
tank_0937,0.0,1655078400000
tank_0938,0.0,1655078400000
tank_0939,0.0,1655078400000
tank_0944,37.0,1655078400000
tank_0946,0.0,1655078400000
tank_0952,35.0,1655078400000
tank_0958,2.0,1655078400000
tank_0962,378.0,1655078400000
tank_0967,9.0,1655078400000
tank_0975,0.0,1655078400000
tank_0978,6.870588235294117,1655078400000
tank_0990,0.0,1655078400000
tank_0991,150.0,1655078400000
tank_0998,0.0,1655078400000
tank_0999,0.0,1655078400000
tank_1003,633.9333333333334,1655078400000
tank_1004,0.0,1655078400000
tank_1014,310.0,1655078400000
tank_1026,173.0,1655078400000
tank_1031,0.0,1655078400000
tank_1032,2.376470588235294,1655078400000
tank_1034,2.1137254901960785,1655078400000
tank_1042,29.898039215686275,1655078400000
tank_1045,32.0,1655078400000
tank_1049,57.0,1655078400000
tank_1055,6.792156862745098,1655078400000
tank_1061,23.890196078431373,1655078400000
tank_1062,4.811764705882353,1655078400000
tank_1064,0.0,1655078400000
tank_1065,5.984313725490196,1655078400000
tank_1066,16.07843137254902,1655078400000
tank_1070,83.0,1655078400000
tank_1073,51.0,1655078400000
tank_1083,189.0,1655078400000
tank_1086,9.0,1655078400000
tank_1088,27.219607843137254,1655078400000
tank_1089,24.0,1655078400000
tank_1090,5.0,1655078400000
tank_1091,0.0,1655078400000
tank_1094,936.0,1655078400000
tank_1095,9.0,1655078400000
tank_1104,0.0,1655078400000
tank_1113,30.0,1655078400000
tank_1116,5.470588235294118,1655078400000
tank_1117,0.0,1655078400000
tank_1120,35.0,1655078400000
tank_1121,180.89019607843136,1655078400000
tank_1124,18.96470588235294,1655078400000
tank_1128,48.0,1655078400000
tank_1134,0.0,1655078400000
tank_1135,32.0,1655078400000
tank_1146,3.0,1655078400000
tank_1149,0.0,1655078400000
tank_1156,0.0,1655078400000
tank_1157,15.956862745098041,1655078400000
tank_1159,0.0,1655078400000
tank_1160,596.0,1655078400000
tank_1166,0.0,1655078400000
tank_1170,26.454901960784312,1655078400000
tank_1175,0.0,1655078400000
tank_1177,10.250980392156862,1655078400000
tank_1179,0.9647058823529412,1655078400000
tank_1181,44.94901960784314,1655078400000
tank_1186,106.0,1655078400000
tank_1187,26.941176470588236,1655078400000
tank_1190,11.0,1655078400000
tank_1192,0.0,1655078400000
tank_1196,0.0,1655078400000
tank_1197,1797.992156862745,1655078400000
tank_1201,76.0,1655078400000
tank_1203,0.0,1655078400000
tank_1205,223.90980392156862,1655078400000
tank_1209,148.0,1655078400000
tank_1217,0.0,1655078400000
tank_1223,0.0,1655078400000
tank_1226,15.0,1655078400000
tank_1228,96.0,1655078400000
tank_1230,0.0,1655078400000
tank_1237,23.60392156862745,1655078400000
tank_1239,893.0,1655078400000
tank_1245,0.0,1655078400000
tank_1246,77.0,1655078400000
tank_1250,0.0,1655078400000
tank_1254,1088.0,1655078400000
tank_1255,0.25098039215686274,1655078400000
tank_1258,59.0,1655078400000
tank_1261,0.0,1655078400000
tank_1262,2.0705882352941174,1655078400000
tank_1263,0.0,1655078400000
tank_1265,0.0,1655078400000
tank_1270,7.0,1655078400000
tank_1272,0.0,1655078400000
tank_1275,0.0,1655078400000
tank_1276,115.97647058823529,1655078400000
tank_1279,11.992156862745098,1655078400000
tank_1280,0.0,1655078400000
tank_1284,0.0,1655078400000
tank_1285,0.0,1655078400000
tank_1286,131.90980392156862,1655078400000
tank_1290,20.0,1655078400000
tank_1291,0.0,1655078400000
tank_1293,56.0,1655078400000
tank_1295,1.0,1655078400000
tank_1297,91.0,1655078400000
tank_1301,56.0,1655078400000
tank_1302,0.0,1655078400000
tank_1304,0.0,1655078400000
tank_1305,0.0,1655078400000
tank_1313,479.0,1655078400000
tank_1322,0.0,1655078400000
tank_1325,140.97254901960784,1655078400000
tank_1326,0.0,1655078400000
tank_1344,0.0,1655078400000
tank_1346,4.749019607843137,1655078400000
tank_1349,0.0,1655078400000
tank_1353,360.0,1655078400000
tank_1358,0.0,1655078400000
tank_1359,0.0,1655078400000
tank_1361,291.0,1655078400000
tank_1364,1000.0,1655078400000
tank_1365,0.0,1655078400000
tank_1372,2.0,1655078400000
tank_1374,152.0,1655078400000
tank_1378,155.0,1655078400000
tank_1380,6.0,1655078400000
tank_1386,59.0,1655078400000
tank_1391,0.0,1655078400000
tank_1393,16.0,1655078400000
tank_1396,78.0,1655078400000
tank_1397,0.0,1655078400000
tank_1403,2.0,1655078400000
tank_1409,7.0,1655078400000
tank_1412,0.0,1655078400000
tank_1415,0.0,1655078400000
tank_1416,0.0,1655078400000
tank_1421,40.0,1655078400000
tank_1422,0.0,1655078400000
tank_1425,105.0,1655078400000
tank_1426,0.0,1655078400000
tank_1430,0.0,1655078400000
tank_1433,63.0,1655078400000
tank_1438,0.0,1655078400000
tank_1439,3.0,1655078400000
tank_1441,0.0,1655078400000
tank_1443,5.87843137254902,1655078400000
tank_1445,0.0,1655078400000
tank_1446,5.0,1655078400000
tank_1450,7.019607843137256,1655078400000
tank_1452,0.0,1655078400000
tank_1456,7.0,1655078400000
tank_1466,0.0,1655078400000
tank_1471,0.0,1655078400000
tank_1475,108.0,1655078400000
tank_1486,875.0,1655078400000
tank_1488,95.0,1655078400000
tank_1491,1.0,1655078400000
tank_1500,16.149019607843137,1655078400000
tank_1505,359.0,1655078400000
tank_1513,450.0,1655078400000
tank_1531,11.0,1655078400000
tank_1536,51.839215686274514,1655078400000
tank_1539,504.0,1655078400000
tank_1541,0.0,1655078400000
tank_1542,0.0,1655078400000
tank_1547,144.6627450980392,1655078400000
tank_1563,0.0,1655078400000
tank_1564,0.0,1655078400000
tank_1565,616.0,1655078400000
tank_1567,32.0,1655078400000
tank_1568,63.0,1655078400000
tank_1573,9.0,1655078400000
tank_1583,0.0,1655078400000
tank_1587,872.0,1655078400000
tank_1588,0.0,1655078400000
tank_1592,0.6431372549019608,1655078400000
tank_1594,34.0,1655078400000
tank_1595,0.0,1655078400000
tank_1597,186.65490196078434,1655078400000
tank_1598,0.0,1655078400000
tank_1600,0.0,1655078400000
tank_1604,0.0,1655078400000
tank_0002,0.0,1656115200000
tank_0004,0.0,1656115200000
tank_0005,0.0,1656115200000
tank_0011,0.0,1656115200000
tank_0014,1.7215686274509805,1656115200000
tank_0019,0.0,1656115200000
tank_0024,0.0,1656115200000
tank_0025,0.0,1656115200000
tank_0026,0.0,1656115200000
tank_0027,0.0,1656115200000
tank_0030,0.0196078431372549,1656115200000
tank_0031,2.0,1656115200000
tank_0036,0.0,1656115200000
tank_0037,0.0,1656115200000
tank_0038,15.431372549019606,1656115200000
tank_0050,0.0,1656115200000
tank_0051,0.0,1656115200000
tank_0052,1.1686274509803922,1656115200000
tank_0053,12.027450980392157,1656115200000
tank_0055,0.6235294117647059,1656115200000
tank_0057,0.0,1656115200000
tank_0058,3.231372549019608,1656115200000
tank_0064,1.0,1656115200000
tank_0069,5.0,1656115200000
tank_0072,0.0,1656115200000
tank_0073,0.0,1656115200000
tank_0080,17.0,1656115200000
tank_0094,0.0,1656115200000
tank_0107,0.0,1656115200000
tank_0110,0.0,1656115200000
tank_0113,7.0,1656115200000
tank_0115,0.0,1656115200000
tank_0116,0.0,1656115200000
tank_0117,64.0,1656115200000
tank_0118,0.0,1656115200000
tank_0122,9.0,1656115200000
tank_0125,2.0,1656115200000
tank_0130,0.0,1656115200000
tank_0131,0.0,1656115200000
tank_0132,0.0,1656115200000
tank_0134,0.0,1656115200000
tank_0135,0.0,1656115200000
tank_0142,0.0,1656115200000
tank_0143,0.0,1656115200000
tank_0144,3.0,1656115200000
tank_0148,0.0,1656115200000
tank_0153,0.0,1656115200000
tank_0156,0.0,1656115200000
tank_0159,0.0,1656115200000
tank_0165,0.0,1656115200000
tank_0171,0.0,1656115200000
tank_0172,0.0,1656115200000
tank_0174,2.5372549019607846,1656115200000
tank_0176,5.0,1656115200000
tank_0184,0.0,1656115200000
tank_0187,0.788235294117647,1656115200000
tank_0190,0.25098039215686274,1656115200000
tank_0192,0.0,1656115200000
tank_0193,0.0,1656115200000
tank_0195,0.0,1656115200000
tank_0199,2.0,1656115200000
tank_0204,0.0,1656115200000
tank_0205,0.0,1656115200000
tank_0207,0.0,1656115200000
tank_0209,0.0,1656115200000
tank_0213,21.0,1656115200000
tank_0217,0.0,1656115200000
tank_0220,0.0,1656115200000
tank_0221,0.0,1656115200000
tank_0225,0.0,1656115200000
tank_0226,0.0,1656115200000
tank_0228,0.0,1656115200000
tank_0229,2.0,1656115200000
tank_0231,5.937254901960785,1656115200000
tank_0233,0.0,1656115200000
tank_0236,1.0,1656115200000
tank_0237,0.0,1656115200000
tank_0240,0.0,1656115200000
tank_0242,0.0,1656115200000
tank_0245,2.682352941176471,1656115200000
tank_0247,26.0,1656115200000
tank_0256,4.729411764705882,1656115200000
tank_0257,0.0,1656115200000
tank_0260,0.0,1656115200000
tank_0261,0.0,1656115200000
tank_0264,0.0,1656115200000
tank_0273,7.0,1656115200000
tank_0276,0.0,1656115200000
tank_0278,1.0,1656115200000
tank_0280,0.0,1656115200000
tank_0291,1.0,1656115200000
tank_0292,1.0,1656115200000
tank_0296,0.0,1656115200000
tank_0297,21.23921568627451,1656115200000
tank_0299,0.0,1656115200000
tank_0300,2.0,1656115200000
tank_0301,0.0,1656115200000
tank_0307,0.0,1656115200000
tank_0309,3.0,1656115200000
tank_0313,0.0,1656115200000
tank_0314,0.0,1656115200000
tank_0319,0.0,1656115200000
tank_0321,0.0,1656115200000
tank_0327,0.0,1656115200000
tank_0337,0.0,1656115200000
tank_0338,0.0,1656115200000
tank_0339,4.976470588235294,1656115200000
tank_0342,13.0,1656115200000
tank_0345,0.0,1656115200000
tank_0346,0.0,1656115200000
tank_0349,110.0,1656115200000
tank_0350,0.0,1656115200000
tank_0353,1.0,1656115200000
tank_0356,0.0,1656115200000
tank_0360,0.0,1656115200000
tank_0361,0.0,1656115200000
tank_0362,0.0,1656115200000
tank_0364,0.0,1656115200000
tank_0366,0.0,1656115200000
tank_0369,9.0,1656115200000
tank_0375,0.0,1656115200000
tank_0379,0.0,1656115200000
tank_0381,0.26666666666666666,1656115200000
tank_0386,5.0,1656115200000
tank_0390,0.0,1656115200000
tank_0397,0.0,1656115200000
tank_0399,0.0,1656115200000
tank_0404,56.0,1656115200000
tank_0409,1.0,1656115200000
tank_0420,0.0,1656115200000
tank_0425,0.0,1656115200000
tank_0431,0.0,1656115200000
tank_0432,0.0,1656115200000
tank_0435,0.0,1656115200000
tank_0436,0.0,1656115200000
tank_0438,0.0,1656115200000
tank_0443,0.0,1656115200000
tank_0444,125.0,1656115200000
tank_0447,45.035294117647055,1656115200000
tank_0448,2.0,1656115200000
tank_0449,0.0,1656115200000
tank_0455,4.0,1656115200000
tank_0460,4.223529411764706,1656115200000
tank_0462,41.0,1656115200000
tank_0466,0.7490196078431373,1656115200000
tank_0471,0.0,1656115200000
tank_0473,3.2588235294117647,1656115200000
tank_0474,0.0,1656115200000
tank_0481,12.788235294117646,1656115200000
tank_0485,0.0,1656115200000
tank_0489,0.0,1656115200000
tank_0491,0.0,1656115200000
tank_0494,0.0,1656115200000
tank_0497,0.0,1656115200000
tank_0498,0.027450980392156862,1656115200000
tank_0502,0.0,1656115200000
tank_0505,0.0,1656115200000
tank_0509,0.0,1656115200000
tank_0512,76.5843137254902,1656115200000
tank_0514,0.0,1656115200000
tank_0515,0.580392156862745,1656115200000
tank_0521,0.0,1656115200000
tank_0524,0.0,1656115200000
tank_0526,59.0,1656115200000
tank_0533,0.0,1656115200000
tank_0534,0.0,1656115200000
tank_0536,0.0,1656115200000
tank_0537,0.0,1656115200000
tank_0541,0.0,1656115200000
tank_0547,0.0,1656115200000
tank_0552,0.0,1656115200000
tank_0555,17.0,1656115200000
tank_0556,0.0,1656115200000
tank_0557,0.0,1656115200000
tank_0560,0.0,1656115200000
tank_0561,0.0,1656115200000
tank_0566,0.0,1656115200000
tank_0567,0.0,1656115200000
tank_0568,16.03921568627451,1656115200000
tank_0574,40.0,1656115200000
tank_0579,16.0,1656115200000
tank_0583,62.0,1656115200000
tank_0587,0.0,1656115200000
tank_0589,0.0,1656115200000
tank_0590,6.0,1656115200000
tank_0592,0.0,1656115200000
tank_0593,0.0,1656115200000
tank_0595,0.0,1656115200000
tank_0600,7.08235294117647,1656115200000
tank_0604,0.0,1656115200000
tank_0606,1.192156862745098,1656115200000
tank_0607,0.0,1656115200000
tank_0608,251.0,1656115200000
tank_0610,0.0,1656115200000
tank_0611,0.0,1656115200000
tank_0612,0.0,1656115200000
tank_0613,0.7294117647058824,1656115200000
tank_0619,0.0,1656115200000
tank_0626,0.0,1656115200000
tank_0627,0.0,1656115200000
tank_0628,0.0,1656115200000
tank_0632,0.0,1656115200000
tank_0633,0.45882352941176474,1656115200000
tank_0639,1.6980392156862747,1656115200000
tank_0640,0.0,1656115200000
tank_0641,0.0,1656115200000
tank_0643,1.0,1656115200000
tank_0646,0.0,1656115200000
tank_0663,0.0,1656115200000
tank_0664,13.737254901960785,1656115200000
tank_0666,0.0,1656115200000
tank_0667,0.0,1656115200000
tank_0670,38.858823529411765,1656115200000
tank_0675,0.0,1656115200000
tank_0676,83.0,1656115200000
tank_0678,1.427450980392157,1656115200000
tank_0681,0.0,1656115200000
tank_0687,17.0,1656115200000
tank_0688,150.0,1656115200000
tank_0697,0.0,1656115200000
tank_0720,8.0,1656115200000
tank_0722,0.0,1656115200000
tank_0724,0.0,1656115200000
tank_0725,18.0,1656115200000
tank_0728,0.0,1656115200000
tank_0730,0.0,1656115200000
tank_0731,153.0,1656115200000
tank_0732,0.0,1656115200000
tank_0737,254.0,1656115200000
tank_0739,0.0,1656115200000
tank_0740,8.113725490196078,1656115200000
tank_0746,0.0,1656115200000
tank_0748,0.0,1656115200000
tank_0749,0.0,1656115200000
tank_0752,2.0,1656115200000
tank_0760,0.0,1656115200000
tank_0770,1.3725490196078431,1656115200000
tank_0772,0.0,1656115200000
tank_0788,0.0,1656115200000
tank_0789,0.12941176470588237,1656115200000
tank_0792,69.24313725490197,1656115200000
tank_0797,42.0,1656115200000
tank_0800,8.0,1656115200000
tank_0802,0.0,1656115200000
tank_0803,2.0,1656115200000
tank_0808,5.458823529411765,1656115200000
tank_0810,15.556862745098039,1656115200000
tank_0811,0.0,1656115200000
tank_0812,94.84705882352942,1656115200000
tank_0813,2.384313725490196,1656115200000
tank_0816,0.0,1656115200000
tank_0819,8.654901960784313,1656115200000
tank_0823,0.0,1656115200000
tank_0824,294.9921568627451,1656115200000
tank_0825,0.0,1656115200000
tank_0828,5.0,1656115200000
tank_0829,27.984313725490196,1656115200000
tank_0830,111.0,1656115200000
tank_0831,2.1803921568627453,1656115200000
tank_0844,0.0,1656115200000
tank_0852,18.0,1656115200000
tank_0855,60.0,1656115200000
tank_0856,223.0,1656115200000
tank_0860,0.0,1656115200000
tank_0861,11.0,1656115200000
tank_0872,0.0,1656115200000
tank_0875,123.43921568627451,1656115200000
tank_0879,7.0,1656115200000
tank_0885,0.0,1656115200000
tank_0891,0.0,1656115200000
tank_0894,42.0,1656115200000
tank_0898,15.0,1656115200000
tank_0900,71.34117647058824,1656115200000
tank_0901,31.0,1656115200000
tank_0902,17.0,1656115200000
tank_0914,30.92156862745098,1656115200000
tank_0917,0.0,1656115200000
tank_0919,0.0,1656115200000
tank_0920,48.0,1656115200000
tank_0922,12.0,1656115200000
tank_0923,19.0,1656115200000
tank_0924,0.0,1656115200000
tank_0926,0.0,1656115200000
tank_0927,2.0,1656115200000
tank_0928,8.0,1656115200000
tank_0930,0.0,1656115200000
tank_0931,45.0,1656115200000
tank_0933,0.0,1656115200000
tank_0934,0.0,1656115200000
tank_0937,0.0,1656115200000
tank_0938,0.0,1656115200000
tank_0939,0.0,1656115200000
tank_0944,36.0,1656115200000
tank_0946,0.0,1656115200000
tank_0952,28.0,1656115200000
tank_0958,0.0,1656115200000
tank_0962,105.0,1656115200000
tank_0967,7.0,1656115200000
tank_0975,0.0,1656115200000
tank_0978,0.0,1656115200000
tank_0990,0.0,1656115200000
tank_0991,178.0,1656115200000
tank_0998,0.0,1656115200000
tank_0999,0.0,1656115200000
tank_1003,155.0,1656115200000
tank_1004,0.0,1656115200000
tank_1014,260.0,1656115200000
tank_1026,91.0,1656115200000
tank_1031,0.0,1656115200000
tank_1032,9.572549019607843,1656115200000
tank_1034,7.733333333333333,1656115200000
tank_1042,30.0,1656115200000
tank_1045,7.0,1656115200000
tank_1049,27.0,1656115200000
tank_1055,8.054901960784314,1656115200000
tank_1061,18.0,1656115200000
tank_1062,0.0,1656115200000
tank_1064,7.992156862745098,1656115200000
tank_1065,5.180392156862745,1656115200000
tank_1066,1.0,1656115200000
tank_1070,104.0,1656115200000
tank_1073,34.0,1656115200000
tank_1083,151.0,1656115200000
tank_1086,7.0,1656115200000
tank_1088,17.745098039215687,1656115200000
tank_1089,21.0,1656115200000
tank_1090,1.0,1656115200000
tank_1091,0.0,1656115200000
tank_1094,420.0,1656115200000
tank_1095,8.0,1656115200000
tank_1104,1.1529411764705881,1656115200000
tank_1113,40.0,1656115200000
tank_1116,0.0,1656115200000
tank_1117,0.0,1656115200000
tank_1120,24.0,1656115200000
tank_1121,184.72156862745098,1656115200000
tank_1124,18.0,1656115200000
tank_1128,45.0,1656115200000
tank_1134,0.0,1656115200000
tank_1135,12.0,1656115200000
tank_1146,11.498039215686276,1656115200000
tank_1149,1.0,1656115200000
tank_1156,0.0,1656115200000
tank_1157,16.94509803921569,1656115200000
tank_1159,0.0,1656115200000
tank_1160,346.0,1656115200000
tank_1166,0.0,1656115200000
tank_1170,30.701960784313723,1656115200000
tank_1175,0.0,1656115200000
tank_1177,5.0,1656115200000
tank_1179,5.0,1656115200000
tank_1181,171.85098039215688,1656115200000
tank_1186,75.0,1656115200000
tank_1187,10.0,1656115200000
tank_1190,0.0,1656115200000
tank_1192,9.0,1656115200000
tank_1196,0.0,1656115200000
tank_1197,573.0,1656115200000
tank_1201,34.0,1656115200000
tank_1203,0.0,1656115200000
tank_1205,187.90980392156862,1656115200000
tank_1209,40.0,1656115200000
tank_1217,0.0,1656115200000
tank_1223,0.0,1656115200000
tank_1226,64.0,1656115200000
tank_1228,54.0,1656115200000
tank_1230,0.0,1656115200000
tank_1237,14.0,1656115200000
tank_1239,367.0,1656115200000
tank_1245,0.0,1656115200000
tank_1246,74.0,1656115200000
tank_1250,0.0,1656115200000
tank_1254,64.0,1656115200000
tank_1255,0.0,1656115200000
tank_1258,29.0,1656115200000
tank_1261,0.0,1656115200000
tank_1262,0.0,1656115200000
tank_1263,1.0,1656115200000
tank_1265,0.0,1656115200000
tank_1270,4.0,1656115200000
tank_1272,0.0,1656115200000
tank_1275,0.0,1656115200000
tank_1276,118.97647058823529,1656115200000
tank_1279,8.0,1656115200000
tank_1280,0.0,1656115200000
tank_1284,0.0,1656115200000
tank_1285,1.0,1656115200000
tank_1286,134.98039215686276,1656115200000
tank_1290,25.937254901960785,1656115200000
tank_1291,0.0,1656115200000
tank_1293,55.0,1656115200000
tank_1295,0.0,1656115200000
tank_1297,87.0,1656115200000
tank_1301,0.0,1656115200000
tank_1302,0.0,1656115200000
tank_1304,0.0,1656115200000
tank_1305,7.0,1656115200000
tank_1313,112.0,1656115200000
tank_1322,0.0,1656115200000
tank_1325,158.0,1656115200000
tank_1326,0.0,1656115200000
tank_1344,0.0,1656115200000
tank_1346,2.0,1656115200000
tank_1349,0.0,1656115200000
tank_1353,183.0,1656115200000
tank_1358,0.0,1656115200000
tank_1359,0.0,1656115200000
tank_1361,114.0,1656115200000
tank_1364,230.0,1656115200000
tank_1365,0.0,1656115200000
tank_1372,3.0,1656115200000
tank_1374,113.0,1656115200000
tank_1378,61.0,1656115200000
tank_1380,0.0,1656115200000
tank_1386,19.0,1656115200000
tank_1391,0.0,1656115200000
tank_1393,27.0,1656115200000
tank_1396,52.0,1656115200000
tank_1397,0.0,1656115200000
tank_1403,5.0,1656115200000
tank_1409,22.0,1656115200000
tank_1412,0.0,1656115200000
tank_1415,0.0,1656115200000
tank_1416,0.0,1656115200000
tank_1421,29.0,1656115200000
tank_1422,0.0,1656115200000
tank_1425,5.0,1656115200000
tank_1426,0.0,1656115200000
tank_1430,0.0,1656115200000
tank_1433,53.0,1656115200000
tank_1438,0.0,1656115200000
tank_1439,2.0,1656115200000
tank_1441,0.0,1656115200000
tank_1443,2.1019607843137256,1656115200000
tank_1445,19.0,1656115200000
tank_1446,13.0,1656115200000
tank_1450,0.0,1656115200000
tank_1452,0.0,1656115200000
tank_1456,0.0,1656115200000
tank_1466,0.0,1656115200000
tank_1471,0.0,1656115200000
tank_1475,77.0,1656115200000
tank_1486,558.0,1656115200000
tank_1488,74.0,1656115200000
tank_1491,2.0,1656115200000
tank_1500,17.0,1656115200000
tank_1505,310.0,1656115200000
tank_1513,217.0,1656115200000
tank_1531,31.0,1656115200000
tank_1536,39.839215686274514,1656115200000
tank_1539,435.0,1656115200000
tank_1541,2.0,1656115200000
tank_1542,0.0,1656115200000
tank_1547,129.0,1656115200000
tank_1563,0.0,1656115200000
tank_1564,0.0,1656115200000
tank_1565,396.0,1656115200000
tank_1567,38.0,1656115200000
tank_1568,21.0,1656115200000
tank_1573,8.0,1656115200000
tank_1583,2.0,1656115200000
tank_1587,489.0,1656115200000
tank_1588,0.0,1656115200000
tank_1592,0.0,1656115200000
tank_1594,21.0,1656115200000
tank_1595,0.0,1656115200000
tank_1597,128.82745098039214,1656115200000
tank_1598,0.0,1656115200000
tank_1600,0.0,1656115200000
tank_1604,0.0,1656115200000
tank_0002,0.0,1657152000000
tank_0004,0.0,1657152000000
tank_0005,0.0,1657152000000
tank_0011,0.0,1657152000000
tank_0014,0.0,1657152000000
tank_0019,0.0,1657152000000
tank_0024,0.0,1657152000000
tank_0025,0.0,1657152000000
tank_0026,0.0,1657152000000
tank_0027,0.0,1657152000000
tank_0030,0.0,1657152000000
tank_0031,0.0,1657152000000
tank_0036,0.0,1657152000000
tank_0037,0.0,1657152000000
tank_0038,0.0,1657152000000
tank_0050,0.0,1657152000000
tank_0051,0.0,1657152000000
tank_0052,0.0,1657152000000
tank_0053,0.0,1657152000000
tank_0055,0.0,1657152000000
tank_0057,0.0,1657152000000
tank_0058,0.0,1657152000000
tank_0064,0.0,1657152000000
tank_0069,1.0,1657152000000
tank_0072,0.0,1657152000000
tank_0073,0.0,1657152000000
tank_0080,21.95294117647059,1657152000000
tank_0094,0.0,1657152000000
tank_0107,0.0,1657152000000
tank_0110,0.0,1657152000000
tank_0113,0.0,1657152000000
tank_0115,0.0,1657152000000
tank_0116,0.0,1657152000000
tank_0117,33.0,1657152000000
tank_0118,0.0,1657152000000
tank_0122,0.0,1657152000000
tank_0125,0.0,1657152000000
tank_0130,0.0,1657152000000
tank_0131,0.0,1657152000000
tank_0132,0.0,1657152000000
tank_0134,0.0,1657152000000
tank_0135,0.0,1657152000000
tank_0142,0.0,1657152000000
tank_0143,0.0,1657152000000
tank_0144,0.0,1657152000000
tank_0148,0.0,1657152000000
tank_0153,0.0,1657152000000
tank_0156,0.0,1657152000000
tank_0159,0.0,1657152000000
tank_0165,0.0,1657152000000
tank_0171,0.0,1657152000000
tank_0172,0.0,1657152000000
tank_0174,0.0,1657152000000
tank_0176,0.0,1657152000000
tank_0184,0.0,1657152000000
tank_0187,2.0,1657152000000
tank_0190,0.0,1657152000000
tank_0192,0.0,1657152000000
tank_0193,0.0,1657152000000
tank_0195,0.0,1657152000000
tank_0199,0.0,1657152000000
tank_0204,0.0,1657152000000
tank_0205,0.0,1657152000000
tank_0207,0.0,1657152000000
tank_0209,0.0,1657152000000
tank_0213,6.0,1657152000000
tank_0217,0.0,1657152000000
tank_0220,0.0,1657152000000
tank_0221,0.0,1657152000000
tank_0225,0.0,1657152000000
tank_0226,0.0,1657152000000
tank_0228,0.0,1657152000000
tank_0229,0.0,1657152000000
tank_0231,0.0,1657152000000
tank_0233,0.0,1657152000000
tank_0236,0.0,1657152000000
tank_0237,0.0,1657152000000
tank_0240,0.0,1657152000000
tank_0242,0.0,1657152000000
tank_0245,0.0,1657152000000
tank_0247,7.0,1657152000000
tank_0256,0.0,1657152000000
tank_0257,0.0,1657152000000
tank_0260,0.0,1657152000000
tank_0261,0.0,1657152000000
tank_0264,0.0,1657152000000
tank_0273,14.0,1657152000000
tank_0276,0.0,1657152000000
tank_0278,0.0,1657152000000
tank_0280,0.0,1657152000000
tank_0291,0.0,1657152000000
tank_0292,0.0,1657152000000
tank_0296,0.0,1657152000000
tank_0297,17.96078431372549,1657152000000
tank_0299,0.0,1657152000000
tank_0300,0.0,1657152000000
tank_0301,0.0,1657152000000
tank_0307,0.0,1657152000000
tank_0309,0.0,1657152000000
tank_0313,0.0,1657152000000
tank_0314,0.0,1657152000000
tank_0319,0.0,1657152000000
tank_0321,0.0,1657152000000
tank_0327,0.0,1657152000000
tank_0337,0.0,1657152000000
tank_0338,0.0,1657152000000
tank_0339,0.0,1657152000000
tank_0342,13.0,1657152000000
tank_0345,0.0,1657152000000
tank_0346,0.0,1657152000000
tank_0349,42.0,1657152000000
tank_0350,0.0,1657152000000
tank_0353,0.0,1657152000000
tank_0356,0.0,1657152000000
tank_0360,0.0,1657152000000
tank_0361,0.0,1657152000000
tank_0362,0.0,1657152000000
tank_0364,0.0,1657152000000
tank_0366,0.0,1657152000000
tank_0369,1.0,1657152000000
tank_0375,0.0,1657152000000
tank_0379,0.0,1657152000000
tank_0381,0.0,1657152000000
tank_0386,0.0,1657152000000
tank_0390,0.0,1657152000000
tank_0397,0.0,1657152000000
tank_0399,0.0,1657152000000
tank_0404,17.0,1657152000000
tank_0409,0.0,1657152000000
tank_0420,0.0,1657152000000
tank_0425,0.0,1657152000000
tank_0431,0.0,1657152000000
tank_0432,0.0,1657152000000
tank_0435,0.0,1657152000000
tank_0436,0.0,1657152000000
tank_0438,0.0,1657152000000
tank_0443,0.0,1657152000000
tank_0444,22.0,1657152000000
tank_0447,0.0,1657152000000
tank_0448,2.0,1657152000000
tank_0449,0.0,1657152000000
tank_0455,0.0,1657152000000
tank_0460,0.0,1657152000000
tank_0462,0.0,1657152000000
tank_0466,0.0,1657152000000
tank_0471,0.0,1657152000000
tank_0473,0.0,1657152000000
tank_0474,0.0,1657152000000
tank_0481,0.0,1657152000000
tank_0485,0.0,1657152000000
tank_0489,0.0,1657152000000
tank_0491,0.0,1657152000000
tank_0494,0.0,1657152000000
tank_0497,0.0,1657152000000
tank_0498,0.0,1657152000000
tank_0502,0.0,1657152000000
tank_0505,0.0,1657152000000
tank_0509,0.0,1657152000000
tank_0512,18.0,1657152000000
tank_0514,0.0,1657152000000
tank_0515,0.0,1657152000000
tank_0521,0.0,1657152000000
tank_0524,0.0,1657152000000
tank_0526,43.0,1657152000000
tank_0533,0.0,1657152000000
tank_0534,0.0,1657152000000
tank_0536,0.0,1657152000000
tank_0537,0.0,1657152000000
tank_0541,0.0,1657152000000
tank_0547,0.0,1657152000000
tank_0552,0.0,1657152000000
tank_0555,15.886274509803922,1657152000000
tank_0556,0.0,1657152000000
tank_0557,0.0,1657152000000
tank_0560,0.0,1657152000000
tank_0561,0.0,1657152000000
tank_0566,0.0,1657152000000
tank_0567,0.0,1657152000000
tank_0568,0.0,1657152000000
tank_0574,41.0,1657152000000
tank_0579,25.0,1657152000000
tank_0583,48.0,1657152000000
tank_0587,0.0,1657152000000
tank_0589,0.0,1657152000000
tank_0590,0.0,1657152000000
tank_0592,0.0,1657152000000
tank_0593,0.0,1657152000000
tank_0595,0.0,1657152000000
tank_0600,0.0,1657152000000
tank_0604,0.0,1657152000000
tank_0606,0.0,1657152000000
tank_0607,0.0,1657152000000
tank_0608,71.0,1657152000000
tank_0610,0.0,1657152000000
tank_0611,0.0,1657152000000
tank_0612,0.0,1657152000000
tank_0613,0.0,1657152000000
tank_0619,0.0,1657152000000
tank_0626,0.0,1657152000000
tank_0627,0.0,1657152000000
tank_0628,0.0,1657152000000
tank_0632,0.0,1657152000000
tank_0633,0.0,1657152000000
tank_0639,0.0,1657152000000
tank_0640,0.0,1657152000000
tank_0641,0.0,1657152000000
tank_0643,0.0,1657152000000
tank_0646,0.0,1657152000000
tank_0663,0.0,1657152000000
tank_0664,2.0,1657152000000
tank_0666,0.0,1657152000000
tank_0667,0.0,1657152000000
tank_0670,25.941176470588236,1657152000000
tank_0675,0.0,1657152000000
tank_0676,62.0,1657152000000
tank_0678,0.0,1657152000000
tank_0681,0.0,1657152000000
tank_0687,7.0,1657152000000
tank_0688,51.0,1657152000000
tank_0697,0.0,1657152000000
tank_0720,6.0,1657152000000
tank_0722,0.0,1657152000000
tank_0724,0.0,1657152000000
tank_0725,9.0,1657152000000
tank_0728,0.0,1657152000000
tank_0730,0.0,1657152000000
tank_0731,83.0,1657152000000
tank_0732,0.0,1657152000000
tank_0737,17.0,1657152000000
tank_0739,0.0,1657152000000
tank_0740,0.0,1657152000000
tank_0746,0.0,1657152000000
tank_0748,0.0,1657152000000
tank_0749,0.0,1657152000000
tank_0752,0.0,1657152000000
tank_0760,0.0,1657152000000
tank_0770,0.0,1657152000000
tank_0772,0.0,1657152000000
tank_0788,0.0,1657152000000
tank_0789,0.0,1657152000000
tank_0792,0.0,1657152000000
tank_0797,26.0,1657152000000
tank_0800,6.0,1657152000000
tank_0802,0.0,1657152000000
tank_0803,0.0,1657152000000
tank_0808,4.0,1657152000000
tank_0810,9.0,1657152000000
tank_0811,0.0,1657152000000
tank_0812,94.34117647058824,1657152000000
tank_0813,0.5843137254901961,1657152000000
tank_0816,0.0,1657152000000
tank_0819,3.0,1657152000000
tank_0823,0.0,1657152000000
tank_0824,37.0,1657152000000
tank_0825,0.0,1657152000000
tank_0828,6.0,1657152000000
tank_0829,22.984313725490196,1657152000000
tank_0830,12.0,1657152000000
tank_0831,0.0,1657152000000
tank_0844,0.0,1657152000000
tank_0852,15.0,1657152000000
tank_0855,50.0,1657152000000
tank_0856,48.0,1657152000000
tank_0860,0.0,1657152000000
tank_0861,0.0,1657152000000
tank_0872,0.0,1657152000000
tank_0875,67.0,1657152000000
tank_0879,1.0,1657152000000
tank_0885,0.0,1657152000000
tank_0891,1.0,1657152000000
tank_0894,21.0,1657152000000
tank_0898,11.0,1657152000000
tank_0900,40.98823529411764,1657152000000
tank_0901,48.0,1657152000000
tank_0902,0.0,1657152000000
tank_0914,29.984313725490196,1657152000000
tank_0917,0.0,1657152000000
tank_0919,0.0,1657152000000
tank_0920,46.0,1657152000000
tank_0922,15.0,1657152000000
tank_0923,8.0,1657152000000
tank_0924,0.0,1657152000000
tank_0926,0.0,1657152000000
tank_0927,0.0,1657152000000
tank_0928,2.0,1657152000000
tank_0930,0.0,1657152000000
tank_0931,3.0,1657152000000
tank_0933,0.0,1657152000000
tank_0934,0.0,1657152000000
tank_0937,0.0,1657152000000
tank_0938,0.0,1657152000000
tank_0939,0.0,1657152000000
tank_0944,20.0,1657152000000
tank_0946,0.0,1657152000000
tank_0952,17.0,1657152000000
tank_0958,0.0,1657152000000
tank_0962,26.0,1657152000000
tank_0967,2.0,1657152000000
tank_0975,0.0,1657152000000
tank_0978,0.0,1657152000000
tank_0990,0.0,1657152000000
tank_0991,20.0,1657152000000
tank_0998,0.0,1657152000000
tank_0999,0.0,1657152000000
tank_1003,122.0,1657152000000
tank_1004,0.0,1657152000000
tank_1014,62.0,1657152000000
tank_1026,46.0,1657152000000
tank_1031,0.0,1657152000000
tank_1032,0.0,1657152000000
tank_1034,0.0,1657152000000
tank_1042,9.0,1657152000000
tank_1045,0.0,1657152000000
tank_1049,45.0,1657152000000
tank_1055,0.0,1657152000000
tank_1061,8.0,1657152000000
tank_1062,0.0,1657152000000
tank_1064,0.0,1657152000000
tank_1065,0.0,1657152000000
tank_1066,0.0,1657152000000
tank_1070,22.0,1657152000000
tank_1073,10.0,1657152000000
tank_1083,104.0,1657152000000
tank_1086,0.0,1657152000000
tank_1088,0.0,1657152000000
tank_1089,25.0,1657152000000
tank_1090,0.0,1657152000000
tank_1091,0.0,1657152000000
tank_1094,142.0,1657152000000
tank_1095,4.0,1657152000000
tank_1104,0.0,1657152000000
tank_1113,12.0,1657152000000
tank_1116,0.0,1657152000000
tank_1117,0.0,1657152000000
tank_1120,11.0,1657152000000
tank_1121,0.0,1657152000000
tank_1124,16.0,1657152000000
tank_1128,0.0,1657152000000
tank_1134,0.0,1657152000000
tank_1135,16.0,1657152000000
tank_1146,9.0,1657152000000
tank_1149,0.0,1657152000000
tank_1156,0.0,1657152000000
tank_1157,15.964705882352943,1657152000000
tank_1159,0.0,1657152000000
tank_1160,263.0,1657152000000
tank_1166,0.4666666666666667,1657152000000
tank_1170,17.721568627450978,1657152000000
tank_1175,0.0,1657152000000
tank_1177,0.0,1657152000000
tank_1179,0.0,1657152000000
tank_1181,103.65098039215685,1657152000000
tank_1186,6.0,1657152000000
tank_1187,13.552941176470588,1657152000000
tank_1190,0.0,1657152000000
tank_1192,9.0,1657152000000
tank_1196,0.0,1657152000000
tank_1197,609.0,1657152000000
tank_1201,26.0,1657152000000
tank_1203,0.0,1657152000000
tank_1205,20.0,1657152000000
tank_1209,51.0,1657152000000
tank_1217,0.0,1657152000000
tank_1223,0.0,1657152000000
tank_1226,9.0,1657152000000
tank_1228,12.0,1657152000000
tank_1230,0.0,1657152000000
tank_1237,2.0,1657152000000
tank_1239,157.0,1657152000000
tank_1245,0.0,1657152000000
tank_1246,23.0,1657152000000
tank_1250,0.0,1657152000000
tank_1254,413.0,1657152000000
tank_1255,0.0,1657152000000
tank_1258,22.0,1657152000000
tank_1261,0.0,1657152000000
tank_1262,0.0,1657152000000
tank_1263,0.0,1657152000000
tank_1265,0.0,1657152000000
tank_1270,0.0,1657152000000
tank_1272,0.0,1657152000000
tank_1275,0.0,1657152000000
tank_1276,13.976470588235294,1657152000000
tank_1279,3.992156862745098,1657152000000
tank_1280,0.0,1657152000000
tank_1284,0.0,1657152000000
tank_1285,0.0,1657152000000
tank_1286,15.0,1657152000000
tank_1290,13.0,1657152000000
tank_1291,0.0,1657152000000
tank_1293,22.0,1657152000000
tank_1295,0.0,1657152000000
tank_1297,29.0,1657152000000
tank_1301,19.0,1657152000000
tank_1302,4.0,1657152000000
tank_1304,0.0,1657152000000
tank_1305,0.0,1657152000000
tank_1313,8.0,1657152000000
tank_1322,0.0,1657152000000
tank_1325,36.0,1657152000000
tank_1326,0.0,1657152000000
tank_1344,0.0,1657152000000
tank_1346,0.0,1657152000000
tank_1349,0.0,1657152000000
tank_1353,31.0,1657152000000
tank_1358,0.0,1657152000000
tank_1359,0.0,1657152000000
tank_1361,3.0,1657152000000
tank_1364,294.0,1657152000000
tank_1365,0.0,1657152000000
tank_1372,0.0,1657152000000
tank_1374,68.0,1657152000000
tank_1378,24.0,1657152000000
tank_1380,0.0,1657152000000
tank_1386,8.0,1657152000000
tank_1391,0.0,1657152000000
tank_1393,21.0,1657152000000
tank_1396,24.0,1657152000000
tank_1397,0.0,1657152000000
tank_1403,0.0,1657152000000
tank_1409,0.0,1657152000000
tank_1412,0.0,1657152000000
tank_1415,0.0,1657152000000
tank_1416,0.0,1657152000000
tank_1421,66.0,1657152000000
tank_1422,0.0,1657152000000
tank_1425,21.0,1657152000000
tank_1426,0.0,1657152000000
tank_1430,0.0,1657152000000
tank_1433,47.0,1657152000000
tank_1438,0.0,1657152000000
tank_1439,0.0,1657152000000
tank_1441,0.0,1657152000000
tank_1443,0.0,1657152000000
tank_1445,2.0,1657152000000
tank_1446,6.0,1657152000000
tank_1450,0.0,1657152000000
tank_1452,0.0,1657152000000
tank_1456,0.0,1657152000000
tank_1466,0.0,1657152000000
tank_1471,0.0,1657152000000
tank_1475,17.0,1657152000000
tank_1486,330.0,1657152000000
tank_1488,64.0,1657152000000
tank_1491,0.0,1657152000000
tank_1500,12.0,1657152000000
tank_1505,102.0,1657152000000
tank_1513,277.0,1657152000000
tank_1531,17.0,1657152000000
tank_1536,28.0,1657152000000
tank_1539,363.0,1657152000000
tank_1541,0.0,1657152000000
tank_1542,0.0,1657152000000
tank_1547,15.0,1657152000000
tank_1563,2.0,1657152000000
tank_1564,0.0,1657152000000
tank_1565,17.0,1657152000000
tank_1567,4.0,1657152000000
tank_1568,7.0,1657152000000
tank_1573,7.0,1657152000000
tank_1583,1.0,1657152000000
tank_1587,81.0,1657152000000
tank_1588,0.0,1657152000000
tank_1592,0.0,1657152000000
tank_1594,11.0,1657152000000
tank_1595,0.0,1657152000000
tank_1597,67.61960784313726,1657152000000
tank_1598,0.1803921568627451,1657152000000
tank_1600,0.0,1657152000000
tank_1604,0.0,1657152000000
tank_0002,0.0,1658188800000
tank_0004,0.0,1658188800000
tank_0005,4.0,1658188800000
tank_0011,0.0,1658188800000
tank_0014,0.0,1658188800000
tank_0019,0.0,1658188800000
tank_0024,0.0,1658188800000
tank_0025,0.0,1658188800000
tank_0026,0.0,1658188800000
tank_0027,0.0,1658188800000
tank_0030,0.0,1658188800000
tank_0031,2.0,1658188800000
tank_0036,0.0,1658188800000
tank_0037,0.0,1658188800000
tank_0038,9.44313725490196,1658188800000
tank_0050,0.0,1658188800000
tank_0051,0.0,1658188800000
tank_0052,0.7411764705882353,1658188800000
tank_0053,17.023529411764706,1658188800000
tank_0055,0.0,1658188800000
tank_0057,0.0,1658188800000
tank_0058,4.623529411764705,1658188800000
tank_0064,1.0549019607843138,1658188800000
tank_0069,0.0,1658188800000
tank_0072,0.0,1658188800000
tank_0073,0.0,1658188800000
tank_0080,17.0,1658188800000
tank_0094,0.0,1658188800000
tank_0107,0.0,1658188800000
tank_0110,0.0,1658188800000
tank_0113,9.0,1658188800000
tank_0115,0.0,1658188800000
tank_0116,2.1921568627450982,1658188800000
tank_0117,62.0,1658188800000
tank_0118,0.0,1658188800000
tank_0122,0.0,1658188800000
tank_0125,0.0,1658188800000
tank_0130,0.0,1658188800000
tank_0131,0.0,1658188800000
tank_0132,0.0,1658188800000
tank_0134,0.0,1658188800000
tank_0135,0.0,1658188800000
tank_0142,0.0,1658188800000
tank_0143,0.0,1658188800000
tank_0144,0.0,1658188800000
tank_0148,0.0,1658188800000
tank_0153,0.0,1658188800000
tank_0156,0.0,1658188800000
tank_0159,0.0,1658188800000
tank_0165,0.0,1658188800000
tank_0171,0.0,1658188800000
tank_0172,0.0,1658188800000
tank_0174,0.0,1658188800000
tank_0176,3.0,1658188800000
tank_0184,0.0,1658188800000
tank_0187,10.776470588235293,1658188800000
tank_0190,4.913725490196078,1658188800000
tank_0192,0.0,1658188800000
tank_0193,0.0,1658188800000
tank_0195,0.0,1658188800000
tank_0199,0.0,1658188800000
tank_0204,0.0,1658188800000
tank_0205,0.0,1658188800000
tank_0207,0.0,1658188800000
tank_0209,0.0,1658188800000
tank_0213,9.0,1658188800000
tank_0217,0.0,1658188800000
tank_0220,0.0,1658188800000
tank_0221,0.0,1658188800000
tank_0225,0.0,1658188800000
tank_0226,0.0,1658188800000
tank_0228,0.0,1658188800000
tank_0229,0.0,1658188800000
tank_0231,5.3843137254901965,1658188800000
tank_0233,0.0,1658188800000
tank_0236,0.0,1658188800000
tank_0237,0.0,1658188800000
tank_0240,17.88235294117647,1658188800000
tank_0242,0.0,1658188800000
tank_0245,0.0,1658188800000
tank_0247,46.0,1658188800000
tank_0256,0.0,1658188800000
tank_0257,0.0,1658188800000
tank_0260,0.0,1658188800000
tank_0261,0.0,1658188800000
tank_0264,0.0,1658188800000
tank_0273,18.0,1658188800000
tank_0276,0.4980392156862745,1658188800000
tank_0278,1.0,1658188800000
tank_0280,0.0,1658188800000
tank_0291,0.0,1658188800000
tank_0292,0.0,1658188800000
tank_0296,0.0,1658188800000
tank_0297,16.51372549019608,1658188800000
tank_0299,0.0,1658188800000
tank_0300,0.0,1658188800000
tank_0301,0.0,1658188800000
tank_0307,0.0,1658188800000
tank_0309,0.0,1658188800000
tank_0313,0.0,1658188800000
tank_0314,0.0,1658188800000
tank_0319,0.0,1658188800000
tank_0321,0.0,1658188800000
tank_0327,0.0,1658188800000
tank_0337,0.0,1658188800000
tank_0338,0.0,1658188800000
tank_0339,0.0,1658188800000
tank_0342,9.0,1658188800000
tank_0345,0.0,1658188800000
tank_0346,0.0,1658188800000
tank_0349,131.0,1658188800000
tank_0350,0.0,1658188800000
tank_0353,0.0,1658188800000
tank_0356,0.0,1658188800000
tank_0360,0.0,1658188800000
tank_0361,0.0,1658188800000
tank_0362,0.0,1658188800000
tank_0364,0.0,1658188800000
tank_0366,0.0,1658188800000
tank_0369,19.0,1658188800000
tank_0375,0.0,1658188800000
tank_0379,0.0,1658188800000
tank_0381,0.0,1658188800000
tank_0386,0.0,1658188800000
tank_0390,0.0,1658188800000
tank_0397,0.0,1658188800000
tank_0399,0.0,1658188800000
tank_0404,42.0,1658188800000
tank_0409,0.0,1658188800000
tank_0420,3.298039215686275,1658188800000
tank_0425,0.0,1658188800000
tank_0431,0.0,1658188800000
tank_0432,0.3764705882352941,1658188800000
tank_0435,0.0,1658188800000
tank_0436,0.0,1658188800000
tank_0438,3.0,1658188800000
tank_0443,0.0,1658188800000
tank_0444,116.0,1658188800000
tank_0447,3.603921568627451,1658188800000
tank_0448,4.0,1658188800000
tank_0449,0.0,1658188800000
tank_0455,0.0,1658188800000
tank_0460,0.7294117647058823,1658188800000
tank_0462,136.0,1658188800000
tank_0466,0.0,1658188800000
tank_0471,0.0,1658188800000
tank_0473,0.0,1658188800000
tank_0474,0.0,1658188800000
tank_0481,4.0,1658188800000
tank_0485,0.0,1658188800000
tank_0489,0.0,1658188800000
tank_0491,0.0,1658188800000
tank_0494,0.0,1658188800000
tank_0497,0.0,1658188800000
tank_0498,0.0,1658188800000
tank_0502,0.0,1658188800000
tank_0505,0.0,1658188800000
tank_0509,0.0,1658188800000
tank_0512,56.984313725490196,1658188800000
tank_0514,0.0,1658188800000
tank_0515,9.705882352941178,1658188800000
tank_0521,0.0,1658188800000
tank_0524,0.0,1658188800000
tank_0526,69.0,1658188800000
tank_0533,0.0,1658188800000
tank_0534,0.0,1658188800000
tank_0536,0.0,1658188800000
tank_0537,0.0,1658188800000
tank_0541,0.0,1658188800000
tank_0547,0.0,1658188800000
tank_0552,0.0,1658188800000
tank_0555,17.0,1658188800000
tank_0556,0.0,1658188800000
tank_0557,0.0,1658188800000
tank_0560,0.0,1658188800000
tank_0561,0.0,1658188800000
tank_0566,0.0,1658188800000
tank_0567,0.1411764705882353,1658188800000
tank_0568,0.6549019607843137,1658188800000
tank_0574,16.0,1658188800000
tank_0579,49.0,1658188800000
tank_0583,187.0,1658188800000
tank_0587,0.0,1658188800000
tank_0589,0.0,1658188800000
tank_0590,6.0,1658188800000
tank_0592,0.0,1658188800000
tank_0593,0.0,1658188800000
tank_0595,0.0,1658188800000
tank_0600,0.0,1658188800000
tank_0604,0.0,1658188800000
tank_0606,0.0,1658188800000
tank_0607,0.0,1658188800000
tank_0608,621.0,1658188800000
tank_0610,0.0,1658188800000
tank_0611,0.0,1658188800000
tank_0612,0.0,1658188800000
tank_0613,2.0,1658188800000
tank_0619,0.0,1658188800000
tank_0626,0.0,1658188800000
tank_0627,0.0,1658188800000
tank_0628,0.0,1658188800000
tank_0632,0.0,1658188800000
tank_0633,1.0,1658188800000
tank_0639,0.0,1658188800000
tank_0640,0.0,1658188800000
tank_0641,0.0,1658188800000
tank_0643,0.0,1658188800000
tank_0646,0.0,1658188800000
tank_0663,0.0,1658188800000
tank_0664,0.0,1658188800000
tank_0666,0.0,1658188800000
tank_0667,0.0,1658188800000
tank_0670,30.858823529411765,1658188800000
tank_0675,0.0,1658188800000
tank_0676,234.0,1658188800000
tank_0678,0.8980392156862745,1658188800000
tank_0681,0.0,1658188800000
tank_0687,12.0,1658188800000
tank_0688,286.92549019607844,1658188800000
tank_0697,0.0,1658188800000
tank_0720,7.0,1658188800000
tank_0722,0.0,1658188800000
tank_0724,0.0,1658188800000
tank_0725,12.0,1658188800000
tank_0728,0.0,1658188800000
tank_0730,0.0,1658188800000
tank_0731,473.0,1658188800000
tank_0732,0.0,1658188800000
tank_0737,36.0,1658188800000
tank_0739,0.0,1658188800000
tank_0740,0.0,1658188800000
tank_0746,0.0,1658188800000
tank_0748,0.0,1658188800000
tank_0749,4.0,1658188800000
tank_0752,0.0,1658188800000
tank_0760,0.0,1658188800000
tank_0770,0.0,1658188800000
tank_0772,0.0,1658188800000
tank_0788,0.0,1658188800000
tank_0789,0.0,1658188800000
tank_0792,4.933333333333334,1658188800000
tank_0797,51.95294117647059,1658188800000
tank_0800,9.0,1658188800000
tank_0802,0.0,1658188800000
tank_0803,1.0,1658188800000
tank_0808,8.576470588235294,1658188800000
tank_0810,15.403921568627451,1658188800000
tank_0811,10.070588235294117,1658188800000
tank_0812,109.56470588235295,1658188800000
tank_0813,0.0,1658188800000
tank_0816,0.0,1658188800000
tank_0819,7.0,1658188800000
tank_0823,0.0,1658188800000
tank_0824,226.0,1658188800000
tank_0825,0.0,1658188800000
tank_0828,11.0,1658188800000
tank_0829,27.0,1658188800000
tank_0830,3.0,1658188800000
tank_0831,0.0,1658188800000
tank_0844,0.0,1658188800000
tank_0852,16.0,1658188800000
tank_0855,45.0,1658188800000
tank_0856,37.0,1658188800000
tank_0860,0.0,1658188800000
tank_0861,6.0,1658188800000
tank_0872,0.0,1658188800000
tank_0875,202.56470588235294,1658188800000
tank_0879,13.0,1658188800000
tank_0885,0.0,1658188800000
tank_0891,1.0,1658188800000
tank_0894,133.0,1658188800000
tank_0898,8.0,1658188800000
tank_0900,45.0,1658188800000
tank_0901,66.0,1658188800000
tank_0902,10.0,1658188800000
tank_0914,33.984313725490196,1658188800000
tank_0917,0.0,1658188800000
tank_0919,0.0,1658188800000
tank_0920,94.0,1658188800000
tank_0922,15.0,1658188800000
tank_0923,8.0,1658188800000
tank_0924,0.0,1658188800000
tank_0926,0.0,1658188800000
tank_0927,0.0,1658188800000
tank_0928,1.0,1658188800000
tank_0930,0.0,1658188800000
tank_0931,80.0,1658188800000
tank_0933,0.0,1658188800000
tank_0934,0.0,1658188800000
tank_0937,0.0,1658188800000
tank_0938,0.0,1658188800000
tank_0939,0.0,1658188800000
tank_0944,32.0,1658188800000
tank_0946,0.0,1658188800000
tank_0952,23.0,1658188800000
tank_0958,0.0,1658188800000
tank_0962,51.0,1658188800000
tank_0967,6.0,1658188800000
tank_0975,0.0,1658188800000
tank_0978,7.364705882352942,1658188800000
tank_0990,0.0,1658188800000
tank_0991,56.0,1658188800000
tank_0998,0.0,1658188800000
tank_0999,2.0,1658188800000
tank_1003,352.0,1658188800000
tank_1004,0.0,1658188800000
tank_1014,307.0,1658188800000
tank_1026,144.0,1658188800000
tank_1031,0.0,1658188800000
tank_1032,5.435294117647059,1658188800000
tank_1034,5.0,1658188800000
tank_1042,30.898039215686275,1658188800000
tank_1045,23.0,1658188800000
tank_1049,62.0,1658188800000
tank_1055,2.9647058823529413,1658188800000
tank_1061,18.976470588235294,1658188800000
tank_1062,0.0,1658188800000
tank_1064,0.0,1658188800000
tank_1065,4.364705882352941,1658188800000
tank_1066,0.0,1658188800000
tank_1070,76.0,1658188800000
tank_1073,36.0,1658188800000
tank_1083,160.0,1658188800000
tank_1086,0.0,1658188800000
tank_1088,16.11764705882353,1658188800000
tank_1089,18.0,1658188800000
tank_1090,1.0,1658188800000
tank_1091,0.0,1658188800000
tank_1094,446.0,1658188800000
tank_1095,8.0,1658188800000
tank_1104,0.0,1658188800000
tank_1113,34.0,1658188800000
tank_1116,3.0,1658188800000
tank_1117,0.0,1658188800000
tank_1120,27.0,1658188800000
tank_1121,3.0,1658188800000
tank_1124,18.0,1658188800000
tank_1128,50.0,1658188800000
tank_1134,0.0,1658188800000
tank_1135,25.0,1658188800000
tank_1146,6.0,1658188800000
tank_1149,0.0,1658188800000
tank_1156,0.0,1658188800000
tank_1157,13.054901960784315,1658188800000
tank_1159,0.0,1658188800000
tank_1160,294.0,1658188800000
tank_1166,0.7607843137254902,1658188800000
tank_1170,26.705882352941174,1658188800000
tank_1175,0.0,1658188800000
tank_1177,0.0,1658188800000
tank_1179,0.0,1658188800000
tank_1181,90.0,1658188800000
tank_1186,59.0,1658188800000
tank_1187,39.219607843137254,1658188800000
tank_1190,0.0,1658188800000
tank_1192,13.0,1658188800000
tank_1196,0.0,1658188800000
tank_1197,778.0,1658188800000
tank_1201,33.0,1658188800000
tank_1203,0.0,1658188800000
tank_1205,178.0,1658188800000
tank_1209,116.0,1658188800000
tank_1217,0.0,1658188800000
tank_1223,0.0,1658188800000
tank_1226,41.858823529411765,1658188800000
tank_1228,84.0,1658188800000
tank_1230,0.0,1658188800000
tank_1237,32.0,1658188800000
tank_1239,684.9176470588236,1658188800000
tank_1245,0.0,1658188800000
tank_1246,70.0,1658188800000
tank_1250,0.0,1658188800000
tank_1254,218.0,1658188800000
tank_1255,0.0,1658188800000
tank_1258,31.0,1658188800000
tank_1261,0.0,1658188800000
tank_1262,0.0,1658188800000
tank_1263,0.0,1658188800000
tank_1265,0.0,1658188800000
tank_1270,0.0,1658188800000
tank_1272,0.0,1658188800000
tank_1275,0.0,1658188800000
tank_1276,136.0,1658188800000
tank_1279,8.0,1658188800000
tank_1280,0.0,1658188800000
tank_1284,0.0,1658188800000
tank_1285,1.772549019607843,1658188800000
tank_1286,130.31372549019608,1658188800000
tank_1290,31.92549019607843,1658188800000
tank_1291,0.0,1658188800000
tank_1293,52.0,1658188800000
tank_1295,0.0,1658188800000
tank_1297,64.0,1658188800000
tank_1301,4.0,1658188800000
tank_1302,4.0,1658188800000
tank_1304,0.0,1658188800000
tank_1305,1.0,1658188800000
tank_1313,314.0,1658188800000
tank_1322,0.0,1658188800000
tank_1325,69.99607843137255,1658188800000
tank_1326,0.0,1658188800000
tank_1344,0.0,1658188800000
tank_1346,0.0,1658188800000
tank_1349,0.0,1658188800000
tank_1353,160.0,1658188800000
tank_1358,0.0,1658188800000
tank_1359,0.0,1658188800000
tank_1361,33.0,1658188800000
tank_1364,857.0,1658188800000
tank_1365,0.0,1658188800000
tank_1372,0.0,1658188800000
tank_1374,114.0,1658188800000
tank_1378,61.0,1658188800000
tank_1380,0.0,1658188800000
tank_1386,95.0,1658188800000
tank_1391,0.0,1658188800000
tank_1393,27.807843137254903,1658188800000
tank_1396,62.0,1658188800000
tank_1397,0.0,1658188800000
tank_1403,0.0,1658188800000
tank_1409,13.0,1658188800000
tank_1412,0.0,1658188800000
tank_1415,0.0,1658188800000
tank_1416,0.0,1658188800000
tank_1421,72.0,1658188800000
tank_1422,0.0,1658188800000
tank_1425,59.0,1658188800000
tank_1426,0.0,1658188800000
tank_1430,0.0,1658188800000
tank_1433,68.0,1658188800000
tank_1438,0.0,1658188800000
tank_1439,0.0,1658188800000
tank_1441,0.0,1658188800000
tank_1443,0.0,1658188800000
tank_1445,0.0,1658188800000
tank_1446,14.0,1658188800000
tank_1450,0.0,1658188800000
tank_1452,0.0,1658188800000
tank_1456,1.0,1658188800000
tank_1466,0.0,1658188800000
tank_1471,0.0,1658188800000
tank_1475,46.0,1658188800000
tank_1486,571.0,1658188800000
tank_1488,78.0,1658188800000
tank_1491,2.0,1658188800000
tank_1500,14.0,1658188800000
tank_1505,150.0,1658188800000
tank_1513,269.0,1658188800000
tank_1531,19.0,1658188800000
tank_1536,54.0,1658188800000
tank_1539,467.0,1658188800000
tank_1541,0.0,1658188800000
tank_1542,0.0,1658188800000
tank_1547,170.0,1658188800000
tank_1563,0.0,1658188800000
tank_1564,0.0,1658188800000
tank_1565,379.0,1658188800000
tank_1567,25.0,1658188800000
tank_1568,47.0,1658188800000
tank_1573,18.0,1658188800000
tank_1583,0.0,1658188800000
tank_1587,324.0,1658188800000
tank_1588,0.0,1658188800000
tank_1592,0.0,1658188800000
tank_1594,10.0,1658188800000
tank_1595,0.0,1658188800000
tank_1597,155.60000000000002,1658188800000
tank_1598,0.0,1658188800000
tank_1600,0.0,1658188800000
tank_1604,0.0,1658188800000
tank_0002,0.0,1659225600000
tank_0004,0.0,1659225600000
tank_0005,0.0,1659225600000
tank_0011,0.0,1659225600000
tank_0014,0.0,1659225600000
tank_0019,0.0,1659225600000
tank_0024,0.0,1659225600000
tank_0025,0.0,1659225600000
tank_0026,0.0,1659225600000
tank_0027,0.0,1659225600000
tank_0030,0.0,1659225600000
tank_0031,0.0,1659225600000
tank_0036,0.0,1659225600000
tank_0037,0.0,1659225600000
tank_0038,7.9333333333333345,1659225600000
tank_0050,0.0,1659225600000
tank_0051,0.0,1659225600000
tank_0052,0.0,1659225600000
tank_0053,12.388235294117646,1659225600000
tank_0055,0.0,1659225600000
tank_0057,0.0,1659225600000
tank_0058,0.0,1659225600000
tank_0064,0.0,1659225600000
tank_0069,0.0,1659225600000
tank_0072,0.0,1659225600000
tank_0073,0.0,1659225600000
tank_0080,17.0,1659225600000
tank_0094,0.0,1659225600000
tank_0107,0.0,1659225600000
tank_0110,0.0,1659225600000
tank_0113,0.0,1659225600000
tank_0115,0.0,1659225600000
tank_0116,0.0,1659225600000
tank_0117,65.0,1659225600000
tank_0118,0.0,1659225600000
tank_0122,0.0,1659225600000
tank_0125,0.0,1659225600000
tank_0130,0.0,1659225600000
tank_0131,0.0,1659225600000
tank_0132,0.0,1659225600000
tank_0134,0.0,1659225600000
tank_0135,0.0,1659225600000
tank_0142,0.0,1659225600000
tank_0143,0.0,1659225600000
tank_0144,0.0,1659225600000
tank_0148,0.0,1659225600000
tank_0153,0.0,1659225600000
tank_0156,0.0,1659225600000
tank_0159,0.0,1659225600000
tank_0165,0.0,1659225600000
tank_0171,0.0,1659225600000
tank_0172,2.0,1659225600000
tank_0174,0.0,1659225600000
tank_0176,2.0,1659225600000
tank_0184,0.0,1659225600000
tank_0187,8.968627450980392,1659225600000
tank_0190,0.0,1659225600000
tank_0192,0.0,1659225600000
tank_0193,0.0,1659225600000
tank_0195,0.0,1659225600000
tank_0199,0.0,1659225600000
tank_0204,0.0,1659225600000
tank_0205,0.0,1659225600000
tank_0207,0.0,1659225600000
tank_0209,0.0,1659225600000
tank_0213,8.0,1659225600000
tank_0217,0.0,1659225600000
tank_0220,0.0,1659225600000
tank_0221,0.0,1659225600000
tank_0225,0.0,1659225600000
tank_0226,0.0,1659225600000
tank_0228,0.0,1659225600000
tank_0229,0.0,1659225600000
tank_0231,0.0,1659225600000
tank_0233,0.0,1659225600000
tank_0236,0.0,1659225600000
tank_0237,0.0,1659225600000
tank_0240,0.0,1659225600000
tank_0242,0.0,1659225600000
tank_0245,0.0,1659225600000
tank_0247,82.0,1659225600000
tank_0256,0.0,1659225600000
tank_0257,0.0,1659225600000
tank_0260,0.0,1659225600000
tank_0261,0.0,1659225600000
tank_0264,0.0,1659225600000
tank_0273,37.0,1659225600000
tank_0276,0.0,1659225600000
tank_0278,0.0,1659225600000
tank_0280,0.0,1659225600000
tank_0291,3.0,1659225600000
tank_0292,0.0,1659225600000
tank_0296,0.0,1659225600000
tank_0297,23.51372549019608,1659225600000
tank_0299,0.0,1659225600000
tank_0300,0.0,1659225600000
tank_0301,0.0,1659225600000
tank_0307,0.0,1659225600000
tank_0309,0.0,1659225600000
tank_0313,0.0,1659225600000
tank_0314,0.0,1659225600000
tank_0319,0.0,1659225600000
tank_0321,0.0,1659225600000
tank_0327,0.0,1659225600000
tank_0337,0.0,1659225600000
tank_0338,0.0,1659225600000
tank_0339,0.0,1659225600000
tank_0342,6.0,1659225600000
tank_0345,0.0,1659225600000
tank_0346,0.0,1659225600000
tank_0349,126.0,1659225600000
tank_0350,0.0,1659225600000
tank_0353,0.0,1659225600000
tank_0356,0.0,1659225600000
tank_0360,0.0,1659225600000
tank_0361,0.0,1659225600000
tank_0362,0.0,1659225600000
tank_0364,0.0,1659225600000
tank_0366,3.0,1659225600000
tank_0369,41.0,1659225600000
tank_0375,0.0,1659225600000
tank_0379,0.0,1659225600000
tank_0381,0.0,1659225600000
tank_0386,0.0,1659225600000
tank_0390,0.0,1659225600000
tank_0397,0.0,1659225600000
tank_0399,0.0,1659225600000
tank_0404,71.0,1659225600000
tank_0409,0.0,1659225600000
tank_0420,0.0,1659225600000
tank_0425,0.0,1659225600000
tank_0431,0.0,1659225600000
tank_0432,0.0,1659225600000
tank_0435,0.0,1659225600000
tank_0436,0.0,1659225600000
tank_0438,0.0,1659225600000
tank_0443,0.0,1659225600000
tank_0444,256.0,1659225600000
tank_0447,0.0,1659225600000
tank_0448,5.0,1659225600000
tank_0449,0.0,1659225600000
tank_0455,0.0,1659225600000
tank_0460,5.635294117647058,1659225600000
tank_0462,113.0,1659225600000
tank_0466,0.0,1659225600000
tank_0471,0.0,1659225600000
tank_0473,0.0,1659225600000
tank_0474,0.0,1659225600000
tank_0481,0.0,1659225600000
tank_0485,0.0,1659225600000
tank_0489,0.0,1659225600000
tank_0491,0.0,1659225600000
tank_0494,0.0,1659225600000
tank_0497,0.0,1659225600000
tank_0498,0.0,1659225600000
tank_0502,0.0,1659225600000
tank_0505,0.0,1659225600000
tank_0509,0.0,1659225600000
tank_0512,214.0,1659225600000
tank_0514,0.0,1659225600000
tank_0515,0.3607843137254902,1659225600000
tank_0521,0.0,1659225600000
tank_0524,0.0,1659225600000
tank_0526,60.0,1659225600000
tank_0533,0.0,1659225600000
tank_0534,0.0,1659225600000
tank_0536,0.0,1659225600000
tank_0537,0.0,1659225600000
tank_0541,0.0,1659225600000
tank_0547,0.0,1659225600000
tank_0552,0.0,1659225600000
tank_0555,19.0,1659225600000
tank_0556,0.0,1659225600000
tank_0557,0.0,1659225600000
tank_0560,0.0,1659225600000
tank_0561,0.0,1659225600000
tank_0566,0.0,1659225600000
tank_0567,0.0,1659225600000
tank_0568,17.603921568627452,1659225600000
tank_0574,45.0,1659225600000
tank_0579,43.0,1659225600000
tank_0583,167.0,1659225600000
tank_0587,0.0,1659225600000
tank_0589,0.0,1659225600000
tank_0590,0.0,1659225600000
tank_0592,0.0,1659225600000
tank_0593,0.0,1659225600000
tank_0595,0.0,1659225600000
tank_0600,0.6745098039215687,1659225600000
tank_0604,0.0,1659225600000
tank_0606,0.0,1659225600000
tank_0607,0.0,1659225600000
tank_0608,496.9686274509804,1659225600000
tank_0610,0.0,1659225600000
tank_0611,7.858823529411764,1659225600000
tank_0612,0.0,1659225600000
tank_0613,0.0,1659225600000
tank_0619,0.0,1659225600000
tank_0626,0.0,1659225600000
tank_0627,0.0,1659225600000
tank_0628,0.0,1659225600000
tank_0632,0.0,1659225600000
tank_0633,0.0,1659225600000
tank_0639,0.0,1659225600000
tank_0640,0.0,1659225600000
tank_0641,0.0,1659225600000
tank_0643,0.0,1659225600000
tank_0646,0.0,1659225600000
tank_0663,0.0,1659225600000
tank_0664,0.0,1659225600000
tank_0666,0.0,1659225600000
tank_0667,0.0,1659225600000
tank_0670,31.941176470588236,1659225600000
tank_0675,0.0,1659225600000
tank_0676,152.0,1659225600000
tank_0678,0.0,1659225600000
tank_0681,0.0,1659225600000
tank_0687,8.0,1659225600000
tank_0688,326.0,1659225600000
tank_0697,0.0,1659225600000
tank_0720,1.0,1659225600000
tank_0722,0.0,1659225600000
tank_0724,0.0,1659225600000
tank_0725,16.0,1659225600000
tank_0728,0.0,1659225600000
tank_0730,4.815686274509804,1659225600000
tank_0731,438.0,1659225600000
tank_0732,0.0,1659225600000
tank_0737,219.0,1659225600000
tank_0739,1.9411764705882355,1659225600000
tank_0740,0.0,1659225600000
tank_0746,0.0,1659225600000
tank_0748,0.0,1659225600000
tank_0749,0.0,1659225600000
tank_0752,0.0,1659225600000
tank_0760,0.0,1659225600000
tank_0770,0.0,1659225600000
tank_0772,0.0,1659225600000
tank_0788,0.0,1659225600000
tank_0789,0.0,1659225600000
tank_0792,3.5725490196078433,1659225600000
tank_0797,50.0,1659225600000
tank_0800,0.0,1659225600000
tank_0802,0.0,1659225600000
tank_0803,0.0,1659225600000
tank_0808,5.0,1659225600000
tank_0810,37.27843137254902,1659225600000
tank_0811,0.19215686274509805,1659225600000
tank_0812,118.70196078431371,1659225600000
tank_0813,0.4588235294117647,1659225600000
tank_0816,0.0,1659225600000
tank_0819,4.0,1659225600000
tank_0823,0.0,1659225600000
tank_0824,387.0,1659225600000
tank_0825,0.0,1659225600000
tank_0828,9.0,1659225600000
tank_0829,37.0,1659225600000
tank_0830,24.0,1659225600000
tank_0831,0.3686274509803922,1659225600000
tank_0844,0.0,1659225600000
tank_0852,12.0,1659225600000
tank_0855,64.0,1659225600000
tank_0856,251.0,1659225600000
tank_0860,0.0,1659225600000
tank_0861,0.0,1659225600000
tank_0872,0.0,1659225600000
tank_0875,194.61960784313726,1659225600000
tank_0879,9.0,1659225600000
tank_0885,0.0,1659225600000
tank_0891,12.0,1659225600000
tank_0894,329.0,1659225600000
tank_0898,35.0,1659225600000
tank_0900,39.86274509803921,1659225600000
tank_0901,65.0,1659225600000
tank_0902,30.0,1659225600000
tank_0914,36.984313725490196,1659225600000
tank_0917,0.0,1659225600000
tank_0919,0.0,1659225600000
tank_0920,74.0,1659225600000
tank_0922,22.0,1659225600000
tank_0923,6.0,1659225600000
tank_0924,0.0,1659225600000
tank_0926,0.0,1659225600000
tank_0927,0.0,1659225600000
tank_0928,2.0,1659225600000
tank_0930,0.0,1659225600000
tank_0931,63.0,1659225600000
tank_0933,0.0,1659225600000
tank_0934,0.0,1659225600000
tank_0937,0.0,1659225600000
tank_0938,0.0,1659225600000
tank_0939,1.3058823529411765,1659225600000
tank_0944,18.0,1659225600000
tank_0946,0.0,1659225600000
tank_0952,26.0,1659225600000
tank_0958,0.0,1659225600000
tank_0962,71.0,1659225600000
tank_0967,2.0,1659225600000
tank_0975,0.0,1659225600000
tank_0978,1.6470588235294117,1659225600000
tank_0990,0.0,1659225600000
tank_0991,95.0,1659225600000
tank_0998,0.0,1659225600000
tank_0999,0.0,1659225600000
tank_1003,563.9333333333334,1659225600000
tank_1004,0.0,1659225600000
tank_1014,275.0,1659225600000
tank_1026,169.0,1659225600000
tank_1031,0.0,1659225600000
tank_1032,6.898039215686275,1659225600000
tank_1034,3.984313725490196,1659225600000
tank_1042,28.0,1659225600000
tank_1045,29.0,1659225600000
tank_1049,36.0,1659225600000
tank_1055,1.4549019607843137,1659225600000
tank_1061,13.0,1659225600000
tank_1062,3.0,1659225600000
tank_1064,0.0,1659225600000
tank_1065,9.933333333333334,1659225600000
tank_1066,0.0,1659225600000
tank_1070,40.0,1659225600000
tank_1073,71.0,1659225600000
tank_1083,158.0,1659225600000
tank_1086,5.0,1659225600000
tank_1088,5.341176470588234,1659225600000
tank_1089,26.0,1659225600000
tank_1090,0.0,1659225600000
tank_1091,0.0,1659225600000
tank_1094,648.0,1659225600000
tank_1095,14.0,1659225600000
tank_1104,3.6705882352941175,1659225600000
tank_1113,34.0,1659225600000
tank_1116,0.0,1659225600000
tank_1117,0.0,1659225600000
tank_1120,18.0,1659225600000
tank_1121,0.0,1659225600000
tank_1124,13.0,1659225600000
tank_1128,45.0,1659225600000
tank_1134,0.0,1659225600000
tank_1135,35.89019607843137,1659225600000
tank_1146,9.498039215686275,1659225600000
tank_1149,0.0,1659225600000
tank_1156,0.0,1659225600000
tank_1157,7.556862745098039,1659225600000
tank_1159,0.0,1659225600000
tank_1160,276.0,1659225600000
tank_1166,0.0,1659225600000
tank_1170,18.941176470588236,1659225600000
tank_1175,0.0,1659225600000
tank_1177,0.0,1659225600000
tank_1179,0.0,1659225600000
tank_1181,76.0,1659225600000
tank_1186,82.0,1659225600000
tank_1187,21.588235294117645,1659225600000
tank_1190,0.0,1659225600000
tank_1192,9.0,1659225600000
tank_1196,0.0,1659225600000
tank_1197,1652.0,1659225600000
tank_1201,35.0,1659225600000
tank_1203,7.0,1659225600000
tank_1205,135.0,1659225600000
tank_1209,97.0,1659225600000
tank_1217,0.0,1659225600000
tank_1223,0.0,1659225600000
tank_1226,11.0,1659225600000
tank_1228,65.0,1659225600000
tank_1230,0.0,1659225600000
tank_1237,26.0,1659225600000
tank_1239,404.0,1659225600000
tank_1245,0.0,1659225600000
tank_1246,66.0,1659225600000
tank_1250,0.0,1659225600000
tank_1254,172.0,1659225600000
tank_1255,1.3725490196078431,1659225600000
tank_1258,34.0,1659225600000
tank_1261,0.0,1659225600000
tank_1262,0.0,1659225600000
tank_1263,0.0,1659225600000
tank_1265,1.0,1659225600000
tank_1270,0.0,1659225600000
tank_1272,0.0,1659225600000
tank_1275,0.0,1659225600000
tank_1276,63.0,1659225600000
tank_1279,6.0,1659225600000
tank_1280,0.0,1659225600000
tank_1284,0.0,1659225600000
tank_1285,0.0,1659225600000
tank_1286,110.0,1659225600000
tank_1290,28.0,1659225600000
tank_1291,0.0,1659225600000
tank_1293,63.0,1659225600000
tank_1295,0.4196078431372549,1659225600000
tank_1297,58.0,1659225600000
tank_1301,2.0,1659225600000
tank_1302,7.0,1659225600000
tank_1304,0.0,1659225600000
tank_1305,4.0,1659225600000
tank_1313,242.0,1659225600000
tank_1322,0.0,1659225600000
tank_1325,126.88627450980393,1659225600000
tank_1326,0.0,1659225600000
tank_1344,0.0,1659225600000
tank_1346,1.992156862745098,1659225600000
tank_1349,0.0,1659225600000
tank_1353,156.0,1659225600000
tank_1358,0.0,1659225600000
tank_1359,0.0,1659225600000
tank_1361,119.0,1659225600000
tank_1364,1158.0,1659225600000
tank_1365,0.0,1659225600000
tank_1372,2.0,1659225600000
tank_1374,55.0,1659225600000
tank_1378,10.0,1659225600000
tank_1380,0.0,1659225600000
tank_1386,64.0,1659225600000
tank_1391,0.0,1659225600000
tank_1393,18.99607843137255,1659225600000
tank_1396,37.0,1659225600000
tank_1397,0.0,1659225600000
tank_1403,0.0,1659225600000
tank_1409,3.0,1659225600000
tank_1412,0.0,1659225600000
tank_1415,0.0,1659225600000
tank_1416,0.0,1659225600000
tank_1421,25.0,1659225600000
tank_1422,0.0,1659225600000
tank_1425,36.0,1659225600000
tank_1426,0.0,1659225600000
tank_1430,0.0,1659225600000
tank_1433,29.0,1659225600000
tank_1438,0.0,1659225600000
tank_1439,0.0,1659225600000
tank_1441,0.0,1659225600000
tank_1443,4.0,1659225600000
tank_1445,0.0,1659225600000
tank_1446,12.0,1659225600000
tank_1450,0.0,1659225600000
tank_1452,0.0,1659225600000
tank_1456,0.0,1659225600000
tank_1466,0.0,1659225600000
tank_1471,0.0,1659225600000
tank_1475,0.0,1659225600000
tank_1486,161.0,1659225600000
tank_1488,45.0,1659225600000
tank_1491,2.0,1659225600000
tank_1500,16.623529411764707,1659225600000
tank_1505,170.0,1659225600000
tank_1513,122.0,1659225600000
tank_1531,7.0,1659225600000
tank_1536,65.83921568627451,1659225600000
tank_1539,436.6862745098039,1659225600000
tank_1541,0.0,1659225600000
tank_1542,0.0,1659225600000
tank_1547,139.0,1659225600000
tank_1563,0.0,1659225600000
tank_1564,0.0,1659225600000
tank_1565,329.0,1659225600000
tank_1567,6.0,1659225600000
tank_1568,42.0,1659225600000
tank_1573,2.0,1659225600000
tank_1583,0.0,1659225600000
tank_1587,628.0,1659225600000
tank_1588,0.0,1659225600000
tank_1592,0.0,1659225600000
tank_1594,3.0,1659225600000
tank_1595,0.0,1659225600000
tank_1597,63.07450980392157,1659225600000
tank_1598,0.1803921568627451,1659225600000
tank_1600,0.0,1659225600000
tank_1604,0.0,1659225600000
tank_0002,0.0,1660262400000
tank_0004,0.0,1660262400000
tank_0005,0.0,1660262400000
tank_0011,0.0,1660262400000
tank_0014,0.0,1660262400000
tank_0019,0.0,1660262400000
tank_0024,0.0,1660262400000
tank_0025,0.0,1660262400000
tank_0026,0.0,1660262400000
tank_0027,0.0,1660262400000
tank_0030,0.0,1660262400000
tank_0031,52.26274509803921,1660262400000
tank_0036,0.0,1660262400000
tank_0037,0.0,1660262400000
tank_0038,4.564705882352942,1660262400000
tank_0050,8.976470588235294,1660262400000
tank_0051,0.0,1660262400000
tank_0052,0.0,1660262400000
tank_0053,10.211764705882352,1660262400000
tank_0055,0.0,1660262400000
tank_0057,16.0,1660262400000
tank_0058,0.0,1660262400000
tank_0064,2.8745098039215686,1660262400000
tank_0069,12.0,1660262400000
tank_0072,0.0,1660262400000
tank_0073,0.0,1660262400000
tank_0080,26.0,1660262400000
tank_0094,0.0,1660262400000
tank_0107,0.0,1660262400000
tank_0110,0.0,1660262400000
tank_0113,5.525490196078431,1660262400000
tank_0115,0.0,1660262400000
tank_0116,0.0,1660262400000
tank_0117,44.0,1660262400000
tank_0118,0.0,1660262400000
tank_0122,11.0,1660262400000
tank_0125,2.8745098039215686,1660262400000
tank_0130,0.0,1660262400000
tank_0131,0.0,1660262400000
tank_0132,0.0,1660262400000
tank_0134,0.0,1660262400000
tank_0135,0.0,1660262400000
tank_0142,0.0,1660262400000
tank_0143,0.0,1660262400000
tank_0144,5.0,1660262400000
tank_0148,0.0,1660262400000
tank_0153,8.0,1660262400000
tank_0156,0.0,1660262400000
tank_0159,0.0,1660262400000
tank_0165,0.0,1660262400000
tank_0171,0.0,1660262400000
tank_0172,0.0,1660262400000
tank_0174,0.1568627450980392,1660262400000
tank_0176,0.0,1660262400000
tank_0184,0.0,1660262400000
tank_0187,4.7176470588235295,1660262400000
tank_0190,0.0,1660262400000
tank_0192,0.0,1660262400000
tank_0193,0.0,1660262400000
tank_0195,0.0,1660262400000
tank_0199,0.0,1660262400000
tank_0204,8.0,1660262400000
tank_0205,0.0,1660262400000
tank_0207,0.047058823529411764,1660262400000
tank_0209,0.0,1660262400000
tank_0213,11.0,1660262400000
tank_0217,0.0,1660262400000
tank_0220,0.0,1660262400000
tank_0221,0.0,1660262400000
tank_0225,18.0,1660262400000
tank_0226,0.0,1660262400000
tank_0228,0.0,1660262400000
tank_0229,0.0,1660262400000
tank_0231,0.0,1660262400000
tank_0233,0.0,1660262400000
tank_0236,2.0,1660262400000
tank_0237,0.0,1660262400000
tank_0240,11.274509803921568,1660262400000
tank_0242,0.0,1660262400000
tank_0245,0.0,1660262400000
tank_0247,281.53725490196075,1660262400000
tank_0256,0.0,1660262400000
tank_0257,0.0,1660262400000
tank_0260,0.0,1660262400000
tank_0261,0.0,1660262400000
tank_0264,0.0,1660262400000
tank_0273,18.0,1660262400000
tank_0276,0.0,1660262400000
tank_0278,0.2784313725490196,1660262400000
tank_0280,0.0,1660262400000
tank_0291,2.0,1660262400000
tank_0292,1.2470588235294118,1660262400000
tank_0296,0.0,1660262400000
tank_0297,21.0,1660262400000
tank_0299,0.0,1660262400000
tank_0300,0.0,1660262400000
tank_0301,0.0,1660262400000
tank_0307,0.0,1660262400000
tank_0309,14.8,1660262400000
tank_0313,0.0,1660262400000
tank_0314,0.0,1660262400000
tank_0319,0.0,1660262400000
tank_0321,0.0,1660262400000
tank_0327,0.0,1660262400000
tank_0337,0.0,1660262400000
tank_0338,0.0,1660262400000
tank_0339,0.0,1660262400000
tank_0342,16.0,1660262400000
tank_0345,0.0,1660262400000
tank_0346,0.0,1660262400000
tank_0349,153.0,1660262400000
tank_0350,0.0,1660262400000
tank_0353,0.0,1660262400000
tank_0356,0.0,1660262400000
tank_0360,0.0,1660262400000
tank_0361,0.0,1660262400000
tank_0362,0.0,1660262400000
tank_0364,0.0,1660262400000
tank_0366,1.0,1660262400000
tank_0369,5.0,1660262400000
tank_0375,0.0,1660262400000
tank_0379,0.0,1660262400000
tank_0381,0.0,1660262400000
tank_0386,22.007843137254902,1660262400000
tank_0390,0.0,1660262400000
tank_0397,0.0,1660262400000
tank_0399,0.0,1660262400000
tank_0404,335.53725490196075,1660262400000
tank_0409,0.0,1660262400000
tank_0420,0.0,1660262400000
tank_0425,0.4196078431372549,1660262400000
tank_0431,0.0,1660262400000
tank_0432,0.0,1660262400000
tank_0435,0.0,1660262400000
tank_0436,0.0,1660262400000
tank_0438,8.984313725490196,1660262400000
tank_0443,0.0,1660262400000
tank_0444,99.0,1660262400000
tank_0447,4.0,1660262400000
tank_0448,0.0,1660262400000
tank_0449,1.7490196078431373,1660262400000
tank_0455,4.0,1660262400000
tank_0460,0.0,1660262400000
tank_0462,119.0,1660262400000
tank_0466,0.0,1660262400000
tank_0471,0.0,1660262400000
tank_0473,0.0,1660262400000
tank_0474,0.0,1660262400000
tank_0481,0.0,1660262400000
tank_0485,0.0,1660262400000
tank_0489,0.0,1660262400000
tank_0491,0.0,1660262400000
tank_0494,0.0,1660262400000
tank_0497,0.0,1660262400000
tank_0498,0.0,1660262400000
tank_0502,0.0,1660262400000
tank_0505,0.0,1660262400000
tank_0509,0.8980392156862745,1660262400000
tank_0512,73.0,1660262400000
tank_0514,0.0,1660262400000
tank_0515,0.3607843137254902,1660262400000
tank_0521,6.0,1660262400000
tank_0524,0.0,1660262400000
tank_0526,33.0,1660262400000
tank_0533,0.0,1660262400000
tank_0534,0.0,1660262400000
tank_0536,9.0,1660262400000
tank_0537,0.0,1660262400000
tank_0541,0.0,1660262400000
tank_0547,0.0,1660262400000
tank_0552,0.0,1660262400000
tank_0555,2.0,1660262400000
tank_0556,0.0,1660262400000
tank_0557,0.0,1660262400000
tank_0560,0.0,1660262400000
tank_0561,0.0,1660262400000
tank_0566,0.0,1660262400000
tank_0567,0.0,1660262400000
tank_0568,0.0,1660262400000
tank_0574,30.0,1660262400000
tank_0579,41.0,1660262400000
tank_0583,43.0,1660262400000
tank_0587,0.0,1660262400000
tank_0589,0.0,1660262400000
tank_0590,27.0,1660262400000
tank_0592,0.0,1660262400000
tank_0593,0.0,1660262400000
tank_0595,0.0,1660262400000
tank_0600,0.0,1660262400000
tank_0604,0.0,1660262400000
tank_0606,0.0,1660262400000
tank_0607,0.0,1660262400000
tank_0608,219.0,1660262400000
tank_0610,0.0,1660262400000
tank_0611,1.0,1660262400000
tank_0612,0.0,1660262400000
tank_0613,0.0,1660262400000
tank_0619,6.0,1660262400000
tank_0626,2.2745098039215685,1660262400000
tank_0627,0.0,1660262400000
tank_0628,0.0,1660262400000
tank_0632,0.0,1660262400000
tank_0633,2.8705882352941177,1660262400000
tank_0639,0.0,1660262400000
tank_0640,0.0,1660262400000
tank_0641,0.0,1660262400000
tank_0643,0.0,1660262400000
tank_0646,0.0,1660262400000
tank_0663,0.0,1660262400000
tank_0664,12.0,1660262400000
tank_0666,0.0,1660262400000
tank_0667,0.0,1660262400000
tank_0670,37.741176470588236,1660262400000
tank_0675,0.0,1660262400000
tank_0676,48.0,1660262400000
tank_0678,4.686274509803922,1660262400000
tank_0681,0.0,1660262400000
tank_0687,20.0,1660262400000
tank_0688,100.0,1660262400000
tank_0697,0.0,1660262400000
tank_0720,8.0,1660262400000
tank_0722,0.0,1660262400000
tank_0724,0.0,1660262400000
tank_0725,18.0,1660262400000
tank_0728,0.0,1660262400000
tank_0730,9.368627450980393,1660262400000
tank_0731,48.0,1660262400000
tank_0732,0.0,1660262400000
tank_0737,11.0,1660262400000
tank_0739,0.0,1660262400000
tank_0740,3.435294117647059,1660262400000
tank_0746,0.0,1660262400000
tank_0748,0.0,1660262400000
tank_0749,0.8745098039215686,1660262400000
tank_0752,0.0,1660262400000
tank_0760,4.066666666666666,1660262400000
tank_0770,0.0,1660262400000
tank_0772,0.0,1660262400000
tank_0788,0.0,1660262400000
tank_0789,0.0,1660262400000
tank_0792,22.0,1660262400000
tank_0797,42.0,1660262400000
tank_0800,8.0,1660262400000
tank_0802,2.0,1660262400000
tank_0803,0.0,1660262400000
tank_0808,13.0,1660262400000
tank_0810,34.08627450980393,1660262400000
tank_0811,3.5568627450980395,1660262400000
tank_0812,86.50980392156863,1660262400000
tank_0813,0.0,1660262400000
tank_0816,0.0,1660262400000
tank_0819,2.0,1660262400000
tank_0823,0.0,1660262400000
tank_0824,13.0,1660262400000
tank_0825,0.0,1660262400000
tank_0828,0.0,1660262400000
tank_0829,51.38823529411765,1660262400000
tank_0830,16.0,1660262400000
tank_0831,0.0,1660262400000
tank_0844,0.0,1660262400000
tank_0852,87.0,1660262400000
tank_0855,122.0,1660262400000
tank_0856,24.0,1660262400000
tank_0860,0.0,1660262400000
tank_0861,4.0,1660262400000
tank_0872,10.792156862745099,1660262400000
tank_0875,85.0,1660262400000
tank_0879,0.0,1660262400000
tank_0885,0.0,1660262400000
tank_0891,7.0,1660262400000
tank_0894,19.0,1660262400000
tank_0898,178.0,1660262400000
tank_0900,38.86274509803921,1660262400000
tank_0901,87.0,1660262400000
tank_0902,46.0,1660262400000
tank_0914,45.90588235294118,1660262400000
tank_0917,235.0,1660262400000
tank_0919,0.0,1660262400000
tank_0920,40.92941176470588,1660262400000
tank_0922,15.0,1660262400000
tank_0923,22.890196078431373,1660262400000
tank_0924,0.0,1660262400000
tank_0926,0.0,1660262400000
tank_0927,0.0,1660262400000
tank_0928,0.0,1660262400000
tank_0930,92.0,1660262400000
tank_0931,9.0,1660262400000
tank_0933,0.0,1660262400000
tank_0934,0.0,1660262400000
tank_0937,0.0,1660262400000
tank_0938,0.0,1660262400000
tank_0939,0.0,1660262400000
tank_0944,71.0,1660262400000
tank_0946,0.0,1660262400000
tank_0952,19.0,1660262400000
tank_0958,0.0,1660262400000
tank_0962,38.0,1660262400000
tank_0967,8.0,1660262400000
tank_0975,0.0,1660262400000
tank_0978,10.56078431372549,1660262400000
tank_0990,0.0,1660262400000
tank_0991,4.0,1660262400000
tank_0998,0.0,1660262400000
tank_0999,2.3607843137254902,1660262400000
tank_1003,46.0,1660262400000
tank_1004,0.0,1660262400000
tank_1014,108.0,1660262400000
tank_1026,162.0,1660262400000
tank_1031,0.0,1660262400000
tank_1032,1.0,1660262400000
tank_1034,10.450980392156865,1660262400000
tank_1042,34.0,1660262400000
tank_1045,8.0,1660262400000
tank_1049,76.0,1660262400000
tank_1055,3.933333333333333,1660262400000
tank_1061,19.0,1660262400000
tank_1062,0.0,1660262400000
tank_1064,0.0,1660262400000
tank_1065,4.372549019607844,1660262400000
tank_1066,7.0,1660262400000
tank_1070,3.0,1660262400000
tank_1073,7.0,1660262400000
tank_1083,55.0,1660262400000
tank_1086,1.0,1660262400000
tank_1088,13.580392156862745,1660262400000
tank_1089,19.0,1660262400000
tank_1090,0.0,1660262400000
tank_1091,0.0,1660262400000
tank_1094,37.0,1660262400000
tank_1095,8.0,1660262400000
tank_1104,0.0,1660262400000
tank_1113,31.0,1660262400000
tank_1116,2.0,1660262400000
tank_1117,0.0,1660262400000
tank_1120,150.0,1660262400000
tank_1121,0.0,1660262400000
tank_1124,7.0,1660262400000
tank_1128,1.0,1660262400000
tank_1134,0.0,1660262400000
tank_1135,15.0,1660262400000
tank_1146,15.498039215686276,1660262400000
tank_1149,2.0,1660262400000
tank_1156,0.0,1660262400000
tank_1157,14.486274509803923,1660262400000
tank_1159,126.0,1660262400000
tank_1160,233.0,1660262400000
tank_1166,0.0,1660262400000
tank_1170,32.29411764705882,1660262400000
tank_1175,0.0,1660262400000
tank_1177,0.0,1660262400000
tank_1179,0.0,1660262400000
tank_1181,149.44313725490196,1660262400000
tank_1186,38.0,1660262400000
tank_1187,27.51372549019608,1660262400000
tank_1190,0.0,1660262400000
tank_1192,12.984313725490196,1660262400000
tank_1196,2.0,1660262400000
tank_1197,528.0,1660262400000
tank_1201,53.0,1660262400000
tank_1203,0.0,1660262400000
tank_1205,30.0,1660262400000
tank_1209,33.0,1660262400000
tank_1217,0.0,1660262400000
tank_1223,1.0,1660262400000
tank_1226,112.53725490196078,1660262400000
tank_1228,16.0,1660262400000
tank_1230,0.0,1660262400000
tank_1237,18.0,1660262400000
tank_1239,457.0,1660262400000
tank_1245,0.0,1660262400000
tank_1246,36.0,1660262400000
tank_1250,0.0,1660262400000
tank_1254,351.0,1660262400000
tank_1255,1.0,1660262400000
tank_1258,83.0,1660262400000
tank_1261,0.0,1660262400000
tank_1262,0.0,1660262400000
tank_1263,12.0,1660262400000
tank_1265,0.0,1660262400000
tank_1270,0.0,1660262400000
tank_1272,0.0,1660262400000
tank_1275,0.0,1660262400000
tank_1276,7.0,1660262400000
tank_1279,0.0,1660262400000
tank_1280,0.0,1660262400000
tank_1284,0.0,1660262400000
tank_1285,6.949019607843137,1660262400000
tank_1286,32.0,1660262400000
tank_1290,21.0,1660262400000
tank_1291,0.0,1660262400000
tank_1293,18.0,1660262400000
tank_1295,0.0,1660262400000
tank_1297,45.0,1660262400000
tank_1301,15.0,1660262400000
tank_1302,7.0,1660262400000
tank_1304,0.0,1660262400000
tank_1305,0.0,1660262400000
tank_1313,4.0,1660262400000
tank_1322,0.0,1660262400000
tank_1325,44.0,1660262400000
tank_1326,2.0,1660262400000
tank_1344,0.0,1660262400000
tank_1346,0.0,1660262400000
tank_1349,0.0,1660262400000
tank_1353,109.0,1660262400000
tank_1358,0.0,1660262400000
tank_1359,2.0,1660262400000
tank_1361,27.0,1660262400000
tank_1364,161.0,1660262400000
tank_1365,54.0,1660262400000
tank_1372,6.0,1660262400000
tank_1374,231.0,1660262400000
tank_1378,482.0,1660262400000
tank_1380,82.3921568627451,1660262400000
tank_1386,5.0,1660262400000
tank_1391,12.0,1660262400000
tank_1393,29.811764705882354,1660262400000
tank_1396,4.0,1660262400000
tank_1397,0.0,1660262400000
tank_1403,8.0,1660262400000
tank_1409,0.0,1660262400000
tank_1412,0.0,1660262400000
tank_1415,5.0,1660262400000
tank_1416,34.1921568627451,1660262400000
tank_1421,124.0,1660262400000
tank_1422,0.0,1660262400000
tank_1425,14.0,1660262400000
tank_1426,2.0,1660262400000
tank_1430,0.0,1660262400000
tank_1433,66.0,1660262400000
tank_1438,0.0,1660262400000
tank_1439,4.0,1660262400000
tank_1441,0.0,1660262400000
tank_1443,2.5215686274509803,1660262400000
tank_1445,19.0,1660262400000
tank_1446,2.0,1660262400000
tank_1450,0.0,1660262400000
tank_1452,0.0,1660262400000
tank_1456,0.0,1660262400000
tank_1466,0.0,1660262400000
tank_1471,0.0,1660262400000
tank_1475,36.0,1660262400000
tank_1486,516.0,1660262400000
tank_1488,68.0,1660262400000
tank_1491,1.0,1660262400000
tank_1500,4.764705882352941,1660262400000
tank_1505,475.0,1660262400000
tank_1513,448.0,1660262400000
tank_1531,26.0,1660262400000
tank_1536,19.0,1660262400000
tank_1539,237.0,1660262400000
tank_1541,2.0,1660262400000
tank_1542,0.0,1660262400000
tank_1547,101.0,1660262400000
tank_1563,3.0,1660262400000
tank_1564,0.0,1660262400000
tank_1565,415.0,1660262400000
tank_1567,50.0,1660262400000
tank_1568,3.0,1660262400000
tank_1573,64.0,1660262400000
tank_1583,3.0,1660262400000
tank_1587,718.0,1660262400000
tank_1588,0.0,1660262400000
tank_1592,0.0,1660262400000
tank_1594,103.0,1660262400000
tank_1595,40.26274509803922,1660262400000
tank_1597,184.23529411764707,1660262400000
tank_1598,0.1803921568627451,1660262400000
tank_1600,0.0,1660262400000
tank_1604,0.0,1660262400000
tank_0002,0.0,1662336000000
tank_0004,0.0,1662336000000
tank_0005,0.0,1662336000000
tank_0011,0.0,1662336000000
tank_0014,0.0,1662336000000
tank_0019,0.0,1662336000000
tank_0024,0.0,1662336000000
tank_0025,0.0,1662336000000
tank_0026,0.0,1662336000000
tank_0027,0.0,1662336000000
tank_0030,0.0,1662336000000
tank_0031,3.988235294117647,1662336000000
tank_0036,0.0,1662336000000
tank_0037,0.0,1662336000000
tank_0038,0.0,1662336000000
tank_0050,0.0,1662336000000
tank_0051,0.0,1662336000000
tank_0052,0.0,1662336000000
tank_0053,0.0,1662336000000
tank_0055,0.0,1662336000000
tank_0057,0.0,1662336000000
tank_0058,0.0,1662336000000
tank_0064,0.0,1662336000000
tank_0069,0.0,1662336000000
tank_0072,0.0,1662336000000
tank_0073,0.0,1662336000000
tank_0080,0.0,1662336000000
tank_0094,0.0,1662336000000
tank_0107,0.0,1662336000000
tank_0110,0.0,1662336000000
tank_0113,0.0,1662336000000
tank_0115,0.0,1662336000000
tank_0116,0.0,1662336000000
tank_0117,0.0,1662336000000
tank_0118,0.0,1662336000000
tank_0122,0.0,1662336000000
tank_0125,0.0,1662336000000
tank_0130,0.0,1662336000000
tank_0131,0.0,1662336000000
tank_0132,0.0,1662336000000
tank_0134,0.0,1662336000000
tank_0135,0.0,1662336000000
tank_0142,0.0,1662336000000
tank_0143,0.0,1662336000000
tank_0144,0.0,1662336000000
tank_0148,0.0,1662336000000
tank_0153,19.0,1662336000000
tank_0156,0.0,1662336000000
tank_0159,0.0,1662336000000
tank_0165,0.0,1662336000000
tank_0171,12.0,1662336000000
tank_0172,0.0,1662336000000
tank_0174,0.0,1662336000000
tank_0176,0.0,1662336000000
tank_0184,0.0,1662336000000
tank_0187,0.0,1662336000000
tank_0190,0.0,1662336000000
tank_0192,0.0,1662336000000
tank_0193,0.0,1662336000000
tank_0195,0.0,1662336000000
tank_0199,0.0,1662336000000
tank_0204,0.0,1662336000000
tank_0205,0.0,1662336000000
tank_0207,0.0,1662336000000
tank_0209,0.0,1662336000000
tank_0213,0.0,1662336000000
tank_0217,0.0,1662336000000
tank_0220,0.0,1662336000000
tank_0221,0.0,1662336000000
tank_0225,4.0,1662336000000
tank_0226,0.0,1662336000000
tank_0228,0.0,1662336000000
tank_0229,0.0,1662336000000
tank_0231,0.0,1662336000000
tank_0233,0.0,1662336000000
tank_0236,0.0,1662336000000
tank_0237,0.0,1662336000000
tank_0240,0.0,1662336000000
tank_0242,0.0,1662336000000
tank_0245,0.0,1662336000000
tank_0247,168.0,1662336000000
tank_0256,0.0,1662336000000
tank_0257,0.0,1662336000000
tank_0260,0.0,1662336000000
tank_0261,0.0,1662336000000
tank_0264,1.0,1662336000000
tank_0273,13.0,1662336000000
tank_0276,0.0,1662336000000
tank_0278,0.0,1662336000000
tank_0280,0.0,1662336000000
tank_0291,0.0,1662336000000
tank_0292,0.0,1662336000000
tank_0296,0.0,1662336000000
tank_0297,19.0,1662336000000
tank_0299,0.0,1662336000000
tank_0300,0.0,1662336000000
tank_0301,0.0,1662336000000
tank_0307,0.0,1662336000000
tank_0309,3.0,1662336000000
tank_0313,2.0,1662336000000
tank_0314,0.0,1662336000000
tank_0319,0.0,1662336000000
tank_0321,0.0,1662336000000
tank_0327,0.0,1662336000000
tank_0337,0.0,1662336000000
tank_0338,0.0,1662336000000
tank_0339,0.0,1662336000000
tank_0342,7.0,1662336000000
tank_0345,0.0,1662336000000
tank_0346,0.0,1662336000000
tank_0349,120.0,1662336000000
tank_0350,0.0,1662336000000
tank_0353,0.0,1662336000000
tank_0356,0.0,1662336000000
tank_0360,0.0,1662336000000
tank_0361,0.0,1662336000000
tank_0362,0.0,1662336000000
tank_0364,0.0,1662336000000
tank_0366,0.0,1662336000000
tank_0369,0.0,1662336000000
tank_0375,0.0,1662336000000
tank_0379,0.0,1662336000000
tank_0381,0.0,1662336000000
tank_0386,14.0,1662336000000
tank_0390,0.0,1662336000000
tank_0397,0.0,1662336000000
tank_0399,0.0,1662336000000
tank_0404,245.93725490196078,1662336000000
tank_0409,0.0,1662336000000
tank_0420,0.0,1662336000000
tank_0425,0.0,1662336000000
tank_0431,0.0,1662336000000
tank_0432,0.0,1662336000000
tank_0435,5.0,1662336000000
tank_0436,0.0,1662336000000
tank_0438,10.0,1662336000000
tank_0443,0.0,1662336000000
tank_0444,183.0,1662336000000
tank_0447,0.0,1662336000000
tank_0448,4.980392156862745,1662336000000
tank_0449,0.0,1662336000000
tank_0455,0.0,1662336000000
tank_0460,0.0,1662336000000
tank_0462,13.0,1662336000000
tank_0466,0.0,1662336000000
tank_0471,0.0,1662336000000
tank_0473,0.0,1662336000000
tank_0474,0.0,1662336000000
tank_0481,0.0,1662336000000
tank_0485,44.11372549019608,1662336000000
tank_0489,0.0,1662336000000
tank_0491,0.0,1662336000000
tank_0494,0.0,1662336000000
tank_0497,0.0,1662336000000
tank_0498,0.0,1662336000000
tank_0502,0.0,1662336000000
tank_0505,0.0,1662336000000
tank_0509,0.0,1662336000000
tank_0512,10.0,1662336000000
tank_0514,0.0,1662336000000
tank_0515,0.0,1662336000000
tank_0521,0.0,1662336000000
tank_0524,0.0,1662336000000
tank_0526,29.0,1662336000000
tank_0533,0.0,1662336000000
tank_0534,0.0,1662336000000
tank_0536,1.0,1662336000000
tank_0537,0.0,1662336000000
tank_0541,0.0,1662336000000
tank_0547,0.0,1662336000000
tank_0552,0.0,1662336000000
tank_0555,0.0,1662336000000
tank_0556,0.0,1662336000000
tank_0557,0.0,1662336000000
tank_0560,0.0,1662336000000
tank_0561,0.0,1662336000000
tank_0566,0.0,1662336000000
tank_0567,0.0,1662336000000
tank_0568,0.0,1662336000000
tank_0574,0.0,1662336000000
tank_0579,147.0,1662336000000
tank_0583,14.0,1662336000000
tank_0587,0.0,1662336000000
tank_0589,0.0,1662336000000
tank_0590,15.0,1662336000000
tank_0592,0.0,1662336000000
tank_0593,0.0,1662336000000
tank_0595,0.0,1662336000000
tank_0600,0.0,1662336000000
tank_0604,0.0,1662336000000
tank_0606,0.0,1662336000000
tank_0607,0.0,1662336000000
tank_0608,98.0,1662336000000
tank_0610,0.0,1662336000000
tank_0611,0.0,1662336000000
tank_0612,0.0,1662336000000
tank_0613,0.0,1662336000000
tank_0619,0.0,1662336000000
tank_0626,0.0,1662336000000
tank_0627,0.0,1662336000000
tank_0628,0.0,1662336000000
tank_0632,0.0,1662336000000
tank_0633,0.0,1662336000000
tank_0639,0.0,1662336000000
tank_0640,0.0,1662336000000
tank_0641,0.0,1662336000000
tank_0643,0.0,1662336000000
tank_0646,0.0,1662336000000
tank_0663,0.0,1662336000000
tank_0664,0.0,1662336000000
tank_0666,0.0,1662336000000
tank_0667,0.0,1662336000000
tank_0670,36.101960784313725,1662336000000
tank_0675,0.0,1662336000000
tank_0676,4.0,1662336000000
tank_0678,0.0,1662336000000
tank_0681,0.0,1662336000000
tank_0687,0.0,1662336000000
tank_0688,7.0,1662336000000
tank_0697,0.0,1662336000000
tank_0720,0.0,1662336000000
tank_0722,0.0,1662336000000
tank_0724,0.0,1662336000000
tank_0725,20.0,1662336000000
tank_0728,0.0,1662336000000
tank_0730,0.0,1662336000000
tank_0731,78.0,1662336000000
tank_0732,0.0,1662336000000
tank_0737,16.0,1662336000000
tank_0739,0.0,1662336000000
tank_0740,0.0,1662336000000
tank_0746,0.0,1662336000000
tank_0748,0.0,1662336000000
tank_0749,0.0,1662336000000
tank_0752,0.0,1662336000000
tank_0760,0.0,1662336000000
tank_0770,0.11372549019607843,1662336000000
tank_0772,0.0,1662336000000
tank_0788,0.0,1662336000000
tank_0789,0.0,1662336000000
tank_0792,0.0,1662336000000
tank_0797,59.0,1662336000000
tank_0800,21.0,1662336000000
tank_0802,1.0,1662336000000
tank_0803,0.4980392156862745,1662336000000
tank_0808,4.87843137254902,1662336000000
tank_0810,21.729411764705883,1662336000000
tank_0811,0.0,1662336000000
tank_0812,69.69411764705882,1662336000000
tank_0813,0.0,1662336000000
tank_0816,0.0,1662336000000
tank_0819,3.0,1662336000000
tank_0823,0.0,1662336000000
tank_0824,10.0,1662336000000
tank_0825,0.0,1662336000000
tank_0828,0.0,1662336000000
tank_0829,45.984313725490196,1662336000000
tank_0830,19.647058823529413,1662336000000
tank_0831,0.0,1662336000000
tank_0844,0.0,1662336000000
tank_0852,91.0,1662336000000
tank_0855,98.0,1662336000000
tank_0856,160.0,1662336000000
tank_0860,0.0,1662336000000
tank_0861,1.0,1662336000000
tank_0872,9.0,1662336000000
tank_0875,45.0,1662336000000
tank_0879,0.0,1662336000000
tank_0885,0.0,1662336000000
tank_0891,6.0,1662336000000
tank_0894,89.0,1662336000000
tank_0898,189.0,1662336000000
tank_0900,39.86274509803921,1662336000000
tank_0901,40.0,1662336000000
tank_0902,21.0,1662336000000
tank_0914,49.0,1662336000000
tank_0917,374.0,1662336000000
tank_0919,0.0,1662336000000
tank_0920,26.0,1662336000000
tank_0922,16.0,1662336000000
tank_0923,27.12156862745098,1662336000000
tank_0924,0.0,1662336000000
tank_0926,0.0,1662336000000
tank_0927,2.4980392156862745,1662336000000
tank_0928,9.0,1662336000000
tank_0930,19.0,1662336000000
tank_0931,14.0,1662336000000
tank_0933,0.0,1662336000000
tank_0934,0.0,1662336000000
tank_0937,0.0,1662336000000
tank_0938,0.0,1662336000000
tank_0939,0.0,1662336000000
tank_0944,30.0,1662336000000
tank_0946,0.0,1662336000000
tank_0952,32.015686274509804,1662336000000
tank_0958,0.0,1662336000000
tank_0962,382.0,1662336000000
tank_0967,0.0,1662336000000
tank_0975,0.0,1662336000000
tank_0978,22.619607843137253,1662336000000
tank_0990,0.0,1662336000000
tank_0991,30.0,1662336000000
tank_0998,0.0,1662336000000
tank_0999,0.0,1662336000000
tank_1003,31.0,1662336000000
tank_1004,0.0,1662336000000
tank_1014,100.0,1662336000000
tank_1026,144.0,1662336000000
tank_1031,3.0,1662336000000
tank_1032,0.0,1662336000000
tank_1034,4.509803921568627,1662336000000
tank_1042,21.894117647058824,1662336000000
tank_1045,0.0,1662336000000
tank_1049,54.0,1662336000000
tank_1055,0.0,1662336000000
tank_1061,7.0,1662336000000
tank_1062,0.0,1662336000000
tank_1064,2.803921568627451,1662336000000
tank_1065,0.0,1662336000000
tank_1066,0.0,1662336000000
tank_1070,11.0,1662336000000
tank_1073,6.0,1662336000000
tank_1083,80.0,1662336000000
tank_1086,0.0,1662336000000
tank_1088,6.325490196078431,1662336000000
tank_1089,25.0,1662336000000
tank_1090,25.0,1662336000000
tank_1091,0.0,1662336000000
tank_1094,422.0,1662336000000
tank_1095,8.0,1662336000000
tank_1104,3.0,1662336000000
tank_1113,18.0,1662336000000
tank_1116,0.0,1662336000000
tank_1117,0.0,1662336000000
tank_1120,143.0,1662336000000
tank_1121,27.0,1662336000000
tank_1124,17.0,1662336000000
tank_1128,18.0,1662336000000
tank_1134,0.0,1662336000000
tank_1135,9.0,1662336000000
tank_1146,0.0,1662336000000
tank_1149,3.0,1662336000000
tank_1156,0.0,1662336000000
tank_1157,14.486274509803923,1662336000000
tank_1159,93.0,1662336000000
tank_1160,227.0,1662336000000
tank_1166,0.0,1662336000000
tank_1170,23.42745098039216,1662336000000
tank_1175,0.0,1662336000000
tank_1177,0.0,1662336000000
tank_1179,0.0,1662336000000
tank_1181,115.94117647058823,1662336000000
tank_1186,35.0,1662336000000
tank_1187,47.247058823529414,1662336000000
tank_1190,0.0,1662336000000
tank_1192,12.662745098039215,1662336000000
tank_1196,0.0,1662336000000
tank_1197,247.0,1662336000000
tank_1201,15.0,1662336000000
tank_1203,0.9176470588235295,1662336000000
tank_1205,94.0,1662336000000
tank_1209,45.0,1662336000000
tank_1217,0.0,1662336000000
tank_1223,0.0,1662336000000
tank_1226,87.0,1662336000000
tank_1228,9.0,1662336000000
tank_1230,0.0,1662336000000
tank_1237,13.0,1662336000000
tank_1239,544.0,1662336000000
tank_1245,1.0549019607843138,1662336000000
tank_1246,20.0,1662336000000
tank_1250,3.6549019607843136,1662336000000
tank_1254,214.0,1662336000000
tank_1255,0.0,1662336000000
tank_1258,125.40392156862745,1662336000000
tank_1261,0.0,1662336000000
tank_1262,0.0,1662336000000
tank_1263,45.0,1662336000000
tank_1265,0.0,1662336000000
tank_1270,0.0,1662336000000
tank_1272,0.0,1662336000000
tank_1275,0.0,1662336000000
tank_1276,76.0,1662336000000
tank_1279,0.0,1662336000000
tank_1280,0.0,1662336000000
tank_1284,0.0,1662336000000
tank_1285,18.67450980392157,1662336000000
tank_1286,93.61176470588235,1662336000000
tank_1290,17.0,1662336000000
tank_1291,0.0,1662336000000
tank_1293,47.0,1662336000000
tank_1295,0.0,1662336000000
tank_1297,10.0,1662336000000
tank_1301,12.0,1662336000000
tank_1302,9.0,1662336000000
tank_1304,0.0,1662336000000
tank_1305,0.0,1662336000000
tank_1313,74.0,1662336000000
tank_1322,0.0,1662336000000
tank_1325,43.0,1662336000000
tank_1326,0.0,1662336000000
tank_1344,0.0,1662336000000
tank_1346,0.0,1662336000000
tank_1349,0.0,1662336000000
tank_1353,248.0,1662336000000
tank_1358,0.0,1662336000000
tank_1359,0.0,1662336000000
tank_1361,157.0,1662336000000
tank_1364,41.0,1662336000000
tank_1365,57.0,1662336000000
tank_1372,2.0,1662336000000
tank_1374,61.0,1662336000000
tank_1378,109.0,1662336000000
tank_1380,72.0,1662336000000
tank_1386,37.0,1662336000000
tank_1391,19.0,1662336000000
tank_1393,29.96470588235294,1662336000000
tank_1396,12.0,1662336000000
tank_1397,0.0,1662336000000
tank_1403,7.0,1662336000000
tank_1409,2.0,1662336000000
tank_1412,6.0,1662336000000
tank_1415,0.0,1662336000000
tank_1416,34.98039215686275,1662336000000
tank_1421,129.0,1662336000000
tank_1422,0.0,1662336000000
tank_1425,9.0,1662336000000
tank_1426,0.0,1662336000000
tank_1430,0.0,1662336000000
tank_1433,138.0,1662336000000
tank_1438,0.0,1662336000000
tank_1439,3.0,1662336000000
tank_1441,0.0,1662336000000
tank_1443,0.5411764705882354,1662336000000
tank_1445,32.0,1662336000000
tank_1446,0.0,1662336000000
tank_1450,0.0,1662336000000
tank_1452,0.0,1662336000000
tank_1456,0.0,1662336000000
tank_1466,0.0,1662336000000
tank_1471,0.0,1662336000000
tank_1475,215.0,1662336000000
tank_1486,624.0,1662336000000
tank_1488,68.89019607843137,1662336000000
tank_1491,6.0,1662336000000
tank_1500,11.623529411764705,1662336000000
tank_1505,354.0,1662336000000
tank_1513,321.0,1662336000000
tank_1531,39.0,1662336000000
tank_1536,17.0,1662336000000
tank_1539,178.0,1662336000000
tank_1541,5.0,1662336000000
tank_1542,0.0,1662336000000
tank_1547,131.0,1662336000000
tank_1563,2.0,1662336000000
tank_1564,0.0,1662336000000
tank_1565,859.0,1662336000000
tank_1567,79.0,1662336000000
tank_1568,20.0,1662336000000
tank_1573,16.0,1662336000000
tank_1583,0.0,1662336000000
tank_1587,132.0,1662336000000
tank_1588,0.0,1662336000000
tank_1592,0.0,1662336000000
tank_1594,106.0,1662336000000
tank_1595,34.847058823529416,1662336000000
tank_1597,193.36470588235295,1662336000000
tank_1598,3.1803921568627453,1662336000000
tank_1600,0.0,1662336000000
tank_1604,0.0,1662336000000
tank_0002,0.0,1663372800000
tank_0004,0.0,1663372800000
tank_0005,0.0,1663372800000
tank_0011,0.0,1663372800000
tank_0014,0.0,1663372800000
tank_0019,0.0,1663372800000
tank_0024,20.811764705882354,1663372800000
tank_0025,0.0,1663372800000
tank_0026,0.0,1663372800000
tank_0027,0.0,1663372800000
tank_0030,0.0,1663372800000
tank_0031,65.94509803921567,1663372800000
tank_0036,0.0,1663372800000
tank_0037,0.0,1663372800000
tank_0038,0.0,1663372800000
tank_0050,43.976470588235294,1663372800000
tank_0051,0.0,1663372800000
tank_0052,0.0,1663372800000
tank_0053,0.0,1663372800000
tank_0055,0.0,1663372800000
tank_0057,50.4156862745098,1663372800000
tank_0058,0.0,1663372800000
tank_0064,39.70196078431373,1663372800000
tank_0069,33.0,1663372800000
tank_0072,5.0,1663372800000
tank_0073,0.0,1663372800000
tank_0080,23.0,1663372800000
tank_0094,0.0,1663372800000
tank_0107,0.0,1663372800000
tank_0110,104.0,1663372800000
tank_0113,0.0,1663372800000
tank_0115,0.0,1663372800000
tank_0116,0.0,1663372800000
tank_0117,223.90588235294118,1663372800000
tank_0118,47.976470588235294,1663372800000
tank_0122,11.0,1663372800000
tank_0125,1.0,1663372800000
tank_0130,0.0,1663372800000
tank_0131,0.0,1663372800000
tank_0132,0.0,1663372800000
tank_0134,0.0,1663372800000
tank_0135,0.0,1663372800000
tank_0142,0.0,1663372800000
tank_0143,26.0,1663372800000
tank_0144,99.95294117647059,1663372800000
tank_0148,0.0,1663372800000
tank_0153,69.62745098039215,1663372800000
tank_0156,0.0,1663372800000
tank_0159,0.0,1663372800000
tank_0165,0.0,1663372800000
tank_0171,29.8,1663372800000
tank_0172,0.0,1663372800000
tank_0174,0.0,1663372800000
tank_0176,0.0,1663372800000
tank_0184,0.0,1663372800000
tank_0187,1.0,1663372800000
tank_0190,0.0,1663372800000
tank_0192,0.0,1663372800000
tank_0193,0.0,1663372800000
tank_0195,0.0,1663372800000
tank_0199,0.0,1663372800000
tank_0204,25.0,1663372800000
tank_0205,0.0,1663372800000
tank_0207,0.0,1663372800000
tank_0209,0.0,1663372800000
tank_0213,7.0,1663372800000
tank_0217,145.35686274509806,1663372800000
tank_0220,0.0,1663372800000
tank_0221,0.0,1663372800000
tank_0225,31.0,1663372800000
tank_0226,0.0,1663372800000
tank_0228,0.0,1663372800000
tank_0229,0.0,1663372800000
tank_0231,0.0,1663372800000
tank_0233,0.0,1663372800000
tank_0236,0.0,1663372800000
tank_0237,0.0,1663372800000
tank_0240,0.0,1663372800000
tank_0242,44.807843137254906,1663372800000
tank_0245,0.0,1663372800000
tank_0247,471.9490196078431,1663372800000
tank_0256,0.0,1663372800000
tank_0257,0.0,1663372800000
tank_0260,0.0,1663372800000
tank_0261,0.0,1663372800000
tank_0264,122.0,1663372800000
tank_0273,80.0,1663372800000
tank_0276,0.0,1663372800000
tank_0278,0.0,1663372800000
tank_0280,0.0,1663372800000
tank_0291,4.0,1663372800000
tank_0292,0.0,1663372800000
tank_0296,0.0,1663372800000
tank_0297,24.32156862745098,1663372800000
tank_0299,0.0,1663372800000
tank_0300,0.0,1663372800000
tank_0301,0.0,1663372800000
tank_0307,28.0,1663372800000
tank_0309,16.0,1663372800000
tank_0313,21.537254901960786,1663372800000
tank_0314,0.0,1663372800000
tank_0319,12.239215686274509,1663372800000
tank_0321,0.0,1663372800000
tank_0327,0.8509803921568627,1663372800000
tank_0337,0.0,1663372800000
tank_0338,0.0,1663372800000
tank_0339,0.0,1663372800000
tank_0342,34.92156862745098,1663372800000
tank_0345,0.0,1663372800000
tank_0346,0.0,1663372800000
tank_0349,276.0627450980392,1663372800000
tank_0350,0.0,1663372800000
tank_0353,0.0,1663372800000
tank_0356,0.0,1663372800000
tank_0360,0.0,1663372800000
tank_0361,0.0,1663372800000
tank_0362,0.0,1663372800000
tank_0364,0.0,1663372800000
tank_0366,0.0,1663372800000
tank_0369,35.0,1663372800000
tank_0375,0.0,1663372800000
tank_0379,0.0,1663372800000
tank_0381,0.0,1663372800000
tank_0386,17.0,1663372800000
tank_0390,10.972549019607843,1663372800000
tank_0397,0.0,1663372800000
tank_0399,0.0,1663372800000
tank_0404,600.8549019607843,1663372800000
tank_0409,0.0,1663372800000
tank_0420,0.0,1663372800000
tank_0425,0.0,1663372800000
tank_0431,0.0,1663372800000
tank_0432,0.0,1663372800000
tank_0435,93.0,1663372800000
tank_0436,0.0,1663372800000
tank_0438,20.0,1663372800000
tank_0443,0.0,1663372800000
tank_0444,199.0,1663372800000
tank_0447,0.0,1663372800000
tank_0448,6.0,1663372800000
tank_0449,0.0,1663372800000
tank_0455,0.0,1663372800000
tank_0460,0.0,1663372800000
tank_0462,217.0,1663372800000
tank_0466,0.0,1663372800000
tank_0471,0.0,1663372800000
tank_0473,0.0,1663372800000
tank_0474,0.0,1663372800000
tank_0481,1.4705882352941178,1663372800000
tank_0485,51.54509803921569,1663372800000
tank_0489,0.0,1663372800000
tank_0491,0.0,1663372800000
tank_0494,0.0,1663372800000
tank_0497,0.0,1663372800000
tank_0498,0.0,1663372800000
tank_0502,15.0,1663372800000
tank_0505,0.0,1663372800000
tank_0509,0.0,1663372800000
tank_0512,46.98039215686275,1663372800000
tank_0514,0.0,1663372800000
tank_0515,0.0,1663372800000
tank_0521,30.0,1663372800000
tank_0524,0.0,1663372800000
tank_0526,55.74901960784314,1663372800000
tank_0533,0.0,1663372800000
tank_0534,4.0,1663372800000
tank_0536,17.0,1663372800000
tank_0537,0.0,1663372800000
tank_0541,0.0,1663372800000
tank_0547,0.0,1663372800000
tank_0552,0.0,1663372800000
tank_0555,26.0,1663372800000
tank_0556,0.0,1663372800000
tank_0557,0.0,1663372800000
tank_0560,0.0,1663372800000
tank_0561,0.0,1663372800000
tank_0566,0.0,1663372800000
tank_0567,0.0,1663372800000
tank_0568,0.0,1663372800000
tank_0574,79.0,1663372800000
tank_0579,491.0,1663372800000
tank_0583,135.0,1663372800000
tank_0587,0.0,1663372800000
tank_0589,0.0,1663372800000
tank_0590,85.0,1663372800000
tank_0592,0.0,1663372800000
tank_0593,0.0,1663372800000
tank_0595,0.0,1663372800000
tank_0600,0.0,1663372800000
tank_0604,0.0,1663372800000
tank_0606,0.0,1663372800000
tank_0607,1.7490196078431373,1663372800000
tank_0608,366.99607843137255,1663372800000
tank_0610,0.0,1663372800000
tank_0611,0.0,1663372800000
tank_0612,0.0,1663372800000
tank_0613,1.0,1663372800000
tank_0619,11.882352941176471,1663372800000
tank_0626,0.0,1663372800000
tank_0627,0.0,1663372800000
tank_0628,0.0,1663372800000
tank_0632,10.0,1663372800000
tank_0633,0.0,1663372800000
tank_0639,0.0,1663372800000
tank_0640,0.0,1663372800000
tank_0641,0.0,1663372800000
tank_0643,0.0,1663372800000
tank_0646,0.0,1663372800000
tank_0663,2.4980392156862745,1663372800000
tank_0664,20.686274509803923,1663372800000
tank_0666,0.0,1663372800000
tank_0667,0.0,1663372800000
tank_0670,34.984313725490196,1663372800000
tank_0675,0.0,1663372800000
tank_0676,330.0,1663372800000
tank_0678,0.0,1663372800000
tank_0681,0.0,1663372800000
tank_0687,21.71372549019608,1663372800000
tank_0688,299.0,1663372800000
tank_0697,0.0,1663372800000
tank_0720,5.0,1663372800000
tank_0722,0.0,1663372800000
tank_0724,0.0,1663372800000
tank_0725,22.0,1663372800000
tank_0728,0.0,1663372800000
tank_0730,0.0,1663372800000
tank_0731,415.0,1663372800000
tank_0732,0.0,1663372800000
tank_0737,38.0,1663372800000
tank_0739,1.427450980392157,1663372800000
tank_0740,0.0,1663372800000
tank_0746,0.0,1663372800000
tank_0748,0.0,1663372800000
tank_0749,0.0,1663372800000
tank_0752,0.0,1663372800000
tank_0760,0.0,1663372800000
tank_0770,0.0,1663372800000
tank_0772,0.0,1663372800000
tank_0788,0.0,1663372800000
tank_0789,0.0,1663372800000
tank_0792,3.1921568627450982,1663372800000
tank_0797,82.95294117647059,1663372800000
tank_0800,110.70588235294117,1663372800000
tank_0802,27.745098039215687,1663372800000
tank_0803,0.5137254901960784,1663372800000
tank_0808,0.0,1663372800000
tank_0810,25.87450980392157,1663372800000
tank_0811,0.0,1663372800000
tank_0812,105.14117647058823,1663372800000
tank_0813,0.0,1663372800000
tank_0816,0.0,1663372800000
tank_0819,7.39607843137255,1663372800000
tank_0823,0.0,1663372800000
tank_0824,325.0,1663372800000
tank_0825,3.6627450980392156,1663372800000
tank_0828,10.0,1663372800000
tank_0829,54.984313725490196,1663372800000
tank_0830,181.44313725490198,1663372800000
tank_0831,0.0,1663372800000
tank_0844,0.0,1663372800000
tank_0852,210.4392156862745,1663372800000
tank_0855,131.98039215686276,1663372800000
tank_0856,119.0,1663372800000
tank_0860,26.0,1663372800000
tank_0861,53.68235294117647,1663372800000
tank_0872,28.894117647058824,1663372800000
tank_0875,211.4392156862745,1663372800000
tank_0879,4.0,1663372800000
tank_0885,0.0,1663372800000
tank_0891,34.0,1663372800000
tank_0894,57.0,1663372800000
tank_0898,324.0,1663372800000
tank_0900,66.5921568627451,1663372800000
tank_0901,113.58823529411765,1663372800000
tank_0902,65.0,1663372800000
tank_0914,103.05882352941177,1663372800000
tank_0917,410.0,1663372800000
tank_0919,15.0,1663372800000
tank_0920,87.92941176470588,1663372800000
tank_0922,30.0,1663372800000
tank_0923,41.89019607843137,1663372800000
tank_0924,0.0,1663372800000
tank_0926,0.0,1663372800000
tank_0927,4.749019607843136,1663372800000
tank_0928,21.439215686274512,1663372800000
tank_0930,120.86666666666666,1663372800000
tank_0931,204.0,1663372800000
tank_0933,0.0,1663372800000
tank_0934,0.0,1663372800000
tank_0937,0.0,1663372800000
tank_0938,0.0,1663372800000
tank_0939,0.0,1663372800000
tank_0944,89.9921568627451,1663372800000
tank_0946,0.0,1663372800000
tank_0952,31.0,1663372800000
tank_0958,0.0,1663372800000
tank_0962,179.0,1663372800000
tank_0967,8.92156862745098,1663372800000
tank_0975,0.0,1663372800000
tank_0978,12.980392156862745,1663372800000
tank_0990,0.0,1663372800000
tank_0991,284.0,1663372800000
tank_0998,0.0,1663372800000
tank_0999,0.0,1663372800000
tank_1003,390.0,1663372800000
tank_1004,0.0,1663372800000
tank_1014,397.0,1663372800000
tank_1026,223.68627450980392,1663372800000
tank_1031,7.0,1663372800000
tank_1032,5.294117647058823,1663372800000
tank_1034,4.0,1663372800000
tank_1042,21.0,1663372800000
tank_1045,41.0,1663372800000
tank_1049,109.99607843137255,1663372800000
tank_1055,11.32549019607843,1663372800000
tank_1061,18.976470588235294,1663372800000
tank_1062,0.0,1663372800000
tank_1064,0.0,1663372800000
tank_1065,13.388235294117647,1663372800000
tank_1066,0.4117647058823529,1663372800000
tank_1070,110.0,1663372800000
tank_1073,47.0,1663372800000
tank_1083,126.0,1663372800000
tank_1086,0.0,1663372800000
tank_1088,22.109803921568627,1663372800000
tank_1089,26.0,1663372800000
tank_1090,25.0,1663372800000
tank_1091,0.0,1663372800000
tank_1094,178.0,1663372800000
tank_1095,5.5019607843137255,1663372800000
tank_1104,4.925490196078431,1663372800000
tank_1113,29.0,1663372800000
tank_1116,0.0,1663372800000
tank_1117,0.0,1663372800000
tank_1120,398.9411764705883,1663372800000
tank_1121,76.0,1663372800000
tank_1124,18.67843137254902,1663372800000
tank_1128,1.0,1663372800000
tank_1134,0.0,1663372800000
tank_1135,20.772549019607844,1663372800000
tank_1146,0.0,1663372800000
tank_1149,2.0,1663372800000
tank_1156,0.0,1663372800000
tank_1157,14.486274509803923,1663372800000
tank_1159,135.0,1663372800000
tank_1160,386.0,1663372800000
tank_1166,0.0,1663372800000
tank_1170,19.721568627450978,1663372800000
tank_1175,0.0,1663372800000
tank_1177,0.0,1663372800000
tank_1179,0.0,1663372800000
tank_1181,117.59607843137255,1663372800000
tank_1186,101.0,1663372800000
tank_1187,35.24313725490196,1663372800000
tank_1190,0.0,1663372800000
tank_1192,19.0,1663372800000
tank_1196,0.0,1663372800000
tank_1197,1268.0,1663372800000
tank_1201,65.0,1663372800000
tank_1203,0.0,1663372800000
tank_1205,187.0,1663372800000
tank_1209,909.0,1663372800000
tank_1217,0.0,1663372800000
tank_1223,0.0,1663372800000
tank_1226,131.9019607843137,1663372800000
tank_1228,67.0,1663372800000
tank_1230,0.0,1663372800000
tank_1237,29.976470588235294,1663372800000
tank_1239,653.9176470588236,1663372800000
tank_1245,0.0,1663372800000
tank_1246,65.0,1663372800000
tank_1250,0.0,1663372800000
tank_1254,170.0,1663372800000
tank_1255,0.0,1663372800000
tank_1258,145.32941176470587,1663372800000
tank_1261,0.0,1663372800000
tank_1262,0.0,1663372800000
tank_1263,59.0,1663372800000
tank_1265,5.0,1663372800000
tank_1270,8.0,1663372800000
tank_1272,0.0,1663372800000
tank_1275,0.0,1663372800000
tank_1276,145.0,1663372800000
tank_1279,4.992156862745098,1663372800000
tank_1280,1.0,1663372800000
tank_1284,0.0,1663372800000
tank_1285,12.447058823529412,1663372800000
tank_1286,184.44705882352943,1663372800000
tank_1290,47.56470588235294,1663372800000
tank_1291,0.0,1663372800000
tank_1293,55.0,1663372800000
tank_1295,0.0,1663372800000
tank_1297,73.0,1663372800000
tank_1301,195.0,1663372800000
tank_1302,12.0,1663372800000
tank_1304,0.0,1663372800000
tank_1305,2.0,1663372800000
tank_1313,356.0,1663372800000
tank_1322,0.0,1663372800000
tank_1325,115.0,1663372800000
tank_1326,0.0,1663372800000
tank_1344,0.0,1663372800000
tank_1346,0.0,1663372800000
tank_1349,0.0,1663372800000
tank_1353,506.0,1663372800000
tank_1358,0.0,1663372800000
tank_1359,0.0,1663372800000
tank_1361,185.0,1663372800000
tank_1364,466.0,1663372800000
tank_1365,43.0,1663372800000
tank_1372,12.0,1663372800000
tank_1374,125.0,1663372800000
tank_1378,429.0,1663372800000
tank_1380,76.0,1663372800000
tank_1386,186.0,1663372800000
tank_1391,22.0,1663372800000
tank_1393,34.48235294117647,1663372800000
tank_1396,113.0,1663372800000
tank_1397,0.0,1663372800000
tank_1403,9.0,1663372800000
tank_1409,28.0,1663372800000
tank_1412,6.0,1663372800000
tank_1415,0.0,1663372800000
tank_1416,28.30980392156863,1663372800000
tank_1421,278.0,1663372800000
tank_1422,0.0,1663372800000
tank_1425,67.0,1663372800000
tank_1426,14.0,1663372800000
tank_1430,0.0,1663372800000
tank_1433,374.0,1663372800000
tank_1438,0.9450980392156862,1663372800000
tank_1439,2.9137254901960783,1663372800000
tank_1441,0.0,1663372800000
tank_1443,0.0,1663372800000
tank_1445,34.0,1663372800000
tank_1446,19.36078431372549,1663372800000
tank_1450,0.0,1663372800000
tank_1452,0.0,1663372800000
tank_1456,1.0,1663372800000
tank_1466,0.0,1663372800000
tank_1471,0.0,1663372800000
tank_1475,596.0,1663372800000
tank_1486,1396.0,1663372800000
tank_1488,111.0,1663372800000
tank_1491,42.0,1663372800000
tank_1500,21.490196078431374,1663372800000
tank_1505,549.0,1663372800000
tank_1513,658.0,1663372800000
tank_1531,56.0,1663372800000
tank_1536,53.0,1663372800000
tank_1539,545.686274509804,1663372800000
tank_1541,24.0,1663372800000
tank_1542,0.0,1663372800000
tank_1547,174.0,1663372800000
tank_1563,31.250980392156862,1663372800000
tank_1564,0.0,1663372800000
tank_1565,228.0,1663372800000
tank_1567,89.92549019607843,1663372800000
tank_1568,61.0,1663372800000
tank_1573,74.0,1663372800000
tank_1583,0.0,1663372800000
tank_1587,532.0,1663372800000
tank_1588,0.0,1663372800000
tank_1592,0.0,1663372800000
tank_1594,98.0,1663372800000
tank_1595,40.694117647058825,1663372800000
tank_1597,326.235294117647,1663372800000
tank_1598,3.0,1663372800000
tank_1600,0.0,1663372800000
tank_1604,0.0,1663372800000
tank_0002,0.0,1664409600000
tank_0004,0.0,1664409600000
tank_0005,0.0,1664409600000
tank_0011,0.0,1664409600000
tank_0014,0.0,1664409600000
tank_0019,0.0,1664409600000
tank_0024,8.811764705882354,1664409600000
tank_0025,0.0,1664409600000
tank_0026,0.0,1664409600000
tank_0027,0.0,1664409600000
tank_0030,0.0,1664409600000
tank_0031,7.623529411764705,1664409600000
tank_0036,0.0,1664409600000
tank_0037,0.0,1664409600000
tank_0038,1.7490196078431373,1664409600000
tank_0050,34.0,1664409600000
tank_0051,0.0,1664409600000
tank_0052,0.0,1664409600000
tank_0053,0.0,1664409600000
tank_0055,0.0,1664409600000
tank_0057,34.956862745098036,1664409600000
tank_0058,0.0,1664409600000
tank_0064,5.0,1664409600000
tank_0069,15.0,1664409600000
tank_0072,2.0,1664409600000
tank_0073,0.0,1664409600000
tank_0080,15.0,1664409600000
tank_0094,0.0,1664409600000
tank_0107,0.0,1664409600000
tank_0110,0.0,1664409600000
tank_0113,0.0,1664409600000
tank_0115,0.0,1664409600000
tank_0116,0.0,1664409600000
tank_0117,191.0,1664409600000
tank_0118,32.0,1664409600000
tank_0122,12.0,1664409600000
tank_0125,0.0,1664409600000
tank_0130,0.0,1664409600000
tank_0131,0.0,1664409600000
tank_0132,0.0,1664409600000
tank_0134,0.0,1664409600000
tank_0135,0.0,1664409600000
tank_0142,0.0,1664409600000
tank_0143,0.0,1664409600000
tank_0144,28.0,1664409600000
tank_0148,0.0,1664409600000
tank_0153,0.0,1664409600000
tank_0156,0.0,1664409600000
tank_0159,0.0,1664409600000
tank_0165,0.0,1664409600000
tank_0171,0.0,1664409600000
tank_0172,0.0,1664409600000
tank_0174,2.164705882352941,1664409600000
tank_0176,0.0,1664409600000
tank_0184,0.0,1664409600000
tank_0187,0.0,1664409600000
tank_0190,0.0,1664409600000
tank_0192,0.0,1664409600000
tank_0193,0.0,1664409600000
tank_0195,0.0,1664409600000
tank_0199,0.0,1664409600000
tank_0204,9.0,1664409600000
tank_0205,0.0,1664409600000
tank_0207,0.0,1664409600000
tank_0209,0.0,1664409600000
tank_0213,16.0,1664409600000
tank_0217,84.88627450980391,1664409600000
tank_0220,0.0,1664409600000
tank_0221,0.0,1664409600000
tank_0225,2.0,1664409600000
tank_0226,0.0,1664409600000
tank_0228,0.0,1664409600000
tank_0229,0.0,1664409600000
tank_0231,0.0,1664409600000
tank_0233,0.0,1664409600000
tank_0236,0.0,1664409600000
tank_0237,0.0,1664409600000
tank_0240,0.0,1664409600000
tank_0242,0.0,1664409600000
tank_0245,0.0,1664409600000
tank_0247,220.0,1664409600000
tank_0256,0.0,1664409600000
tank_0257,0.0,1664409600000
tank_0260,0.0,1664409600000
tank_0261,0.0,1664409600000
tank_0264,88.0,1664409600000
tank_0273,36.0,1664409600000
tank_0276,0.0,1664409600000
tank_0278,0.0,1664409600000
tank_0280,0.0,1664409600000
tank_0291,6.0,1664409600000
tank_0292,0.0,1664409600000
tank_0296,0.0,1664409600000
tank_0297,23.0,1664409600000
tank_0299,0.0,1664409600000
tank_0300,0.0,1664409600000
tank_0301,0.0,1664409600000
tank_0307,0.0,1664409600000
tank_0309,0.0,1664409600000
tank_0313,14.0,1664409600000
tank_0314,0.0,1664409600000
tank_0319,0.0,1664409600000
tank_0321,0.0,1664409600000
tank_0327,0.0,1664409600000
tank_0337,0.0,1664409600000
tank_0338,0.0,1664409600000
tank_0339,0.0,1664409600000
tank_0342,35.7921568627451,1664409600000
tank_0345,0.0,1664409600000
tank_0346,0.0,1664409600000
tank_0349,121.97254901960784,1664409600000
tank_0350,0.0,1664409600000
tank_0353,0.0,1664409600000
tank_0356,0.0,1664409600000
tank_0360,0.0,1664409600000
tank_0361,0.0,1664409600000
tank_0362,0.0,1664409600000
tank_0364,0.0,1664409600000
tank_0366,0.0,1664409600000
tank_0369,12.0,1664409600000
tank_0375,0.0,1664409600000
tank_0379,0.0,1664409600000
tank_0381,0.0,1664409600000
tank_0386,21.0,1664409600000
tank_0390,0.0,1664409600000
tank_0397,0.0,1664409600000
tank_0399,0.0,1664409600000
tank_0404,235.3686274509804,1664409600000
tank_0409,0.0,1664409600000
tank_0420,0.0,1664409600000
tank_0425,0.0,1664409600000
tank_0431,0.0,1664409600000
tank_0432,0.0,1664409600000
tank_0435,0.0,1664409600000
tank_0436,0.0,1664409600000
tank_0438,10.0,1664409600000
tank_0443,0.0,1664409600000
tank_0444,0.0,1664409600000
tank_0447,1.0,1664409600000
tank_0448,0.0,1664409600000
tank_0449,0.0,1664409600000
tank_0455,0.0,1664409600000
tank_0460,0.0,1664409600000
tank_0462,104.0,1664409600000
tank_0466,0.0,1664409600000
tank_0471,0.0,1664409600000
tank_0473,0.0,1664409600000
tank_0474,0.0,1664409600000
tank_0481,6.0,1664409600000
tank_0485,11.0,1664409600000
tank_0489,0.0,1664409600000
tank_0491,0.0,1664409600000
tank_0494,0.0,1664409600000
tank_0497,0.0,1664409600000
tank_0498,0.0,1664409600000
tank_0502,15.682352941176472,1664409600000
tank_0505,0.0,1664409600000
tank_0509,0.0,1664409600000
tank_0512,52.0,1664409600000
tank_0514,0.0,1664409600000
tank_0515,0.0,1664409600000
tank_0521,21.0,1664409600000
tank_0524,0.0,1664409600000
tank_0526,37.0,1664409600000
tank_0533,0.0,1664409600000
tank_0534,2.0,1664409600000
tank_0536,16.76078431372549,1664409600000
tank_0537,0.0,1664409600000
tank_0541,0.0,1664409600000
tank_0547,0.0,1664409600000
tank_0552,0.0,1664409600000
tank_0555,15.0,1664409600000
tank_0556,0.0,1664409600000
tank_0557,0.0,1664409600000
tank_0560,0.0,1664409600000
tank_0561,0.0,1664409600000
tank_0566,0.0,1664409600000
tank_0567,0.0,1664409600000
tank_0568,0.0,1664409600000
tank_0574,27.0,1664409600000
tank_0579,38.0,1664409600000
tank_0583,0.0,1664409600000
tank_0587,0.0,1664409600000
tank_0589,0.0,1664409600000
tank_0590,79.0,1664409600000
tank_0592,0.0,1664409600000
tank_0593,0.0,1664409600000
tank_0595,0.0,1664409600000
tank_0600,0.0,1664409600000
tank_0604,0.0,1664409600000
tank_0606,0.0,1664409600000
tank_0607,0.0,1664409600000
tank_0608,46.0,1664409600000
tank_0610,0.0,1664409600000
tank_0611,0.0,1664409600000
tank_0612,0.0,1664409600000
tank_0613,0.0,1664409600000
tank_0619,0.0,1664409600000
tank_0626,0.0,1664409600000
tank_0627,0.0,1664409600000
tank_0628,0.0,1664409600000
tank_0632,0.0,1664409600000
tank_0633,0.0,1664409600000
tank_0639,0.0,1664409600000
tank_0640,0.0,1664409600000
tank_0641,0.0,1664409600000
tank_0643,0.0,1664409600000
tank_0646,0.0,1664409600000
tank_0663,0.0,1664409600000
tank_0664,20.423529411764704,1664409600000
tank_0666,0.0,1664409600000
tank_0667,0.0,1664409600000
tank_0670,9.0,1664409600000
tank_0675,0.0,1664409600000
tank_0676,7.0,1664409600000
tank_0678,0.0,1664409600000
tank_0681,0.0,1664409600000
tank_0687,0.0,1664409600000
tank_0688,148.9686274509804,1664409600000
tank_0697,0.0,1664409600000
tank_0720,3.0,1664409600000
tank_0722,0.0,1664409600000
tank_0724,0.0,1664409600000
tank_0725,0.0,1664409600000
tank_0728,0.0,1664409600000
tank_0730,0.0,1664409600000
tank_0731,71.0,1664409600000
tank_0732,0.0,1664409600000
tank_0737,5.0,1664409600000
tank_0739,0.0,1664409600000
tank_0740,0.0,1664409600000
tank_0746,0.0,1664409600000
tank_0748,0.0,1664409600000
tank_0749,0.0,1664409600000
tank_0752,0.0,1664409600000
tank_0760,0.0,1664409600000
tank_0770,0.0,1664409600000
tank_0772,0.0,1664409600000
tank_0788,0.0,1664409600000
tank_0789,0.0,1664409600000
tank_0792,0.0,1664409600000
tank_0797,47.0,1664409600000
tank_0800,48.0,1664409600000
tank_0802,16.92156862745098,1664409600000
tank_0803,0.0,1664409600000
tank_0808,1.6431372549019607,1664409600000
tank_0810,0.0,1664409600000
tank_0811,0.0,1664409600000
tank_0812,91.0,1664409600000
tank_0813,0.0,1664409600000
tank_0816,0.0,1664409600000
tank_0819,1.0313725490196077,1664409600000
tank_0823,0.0,1664409600000
tank_0824,33.0,1664409600000
tank_0825,1.0,1664409600000
tank_0828,5.0,1664409600000
tank_0829,43.63921568627451,1664409600000
tank_0830,57.0,1664409600000
tank_0831,0.0,1664409600000
tank_0844,0.0,1664409600000
tank_0852,141.2235294117647,1664409600000
tank_0855,63.0,1664409600000
tank_0856,5.0,1664409600000
tank_0860,0.0,1664409600000
tank_0861,13.0,1664409600000
tank_0872,20.0,1664409600000
tank_0875,20.0,1664409600000
tank_0879,0.0,1664409600000
tank_0885,0.0,1664409600000
tank_0891,3.0,1664409600000
tank_0894,0.0,1664409600000
tank_0898,11.0,1664409600000
tank_0900,53.13725490196079,1664409600000
tank_0901,63.76470588235294,1664409600000
tank_0902,0.0,1664409600000
tank_0914,38.984313725490196,1664409600000
tank_0917,3.0,1664409600000
tank_0919,0.0,1664409600000
tank_0920,27.0,1664409600000
tank_0922,7.0,1664409600000
tank_0923,34.498039215686276,1664409600000
tank_0924,0.0,1664409600000
tank_0926,0.0,1664409600000
tank_0927,3.0,1664409600000
tank_0928,8.0,1664409600000
tank_0930,47.0,1664409600000
tank_0931,0.0,1664409600000
tank_0933,0.0,1664409600000
tank_0934,0.0,1664409600000
tank_0937,0.0,1664409600000
tank_0938,0.0,1664409600000
tank_0939,0.0,1664409600000
tank_0944,0.0,1664409600000
tank_0946,0.0,1664409600000
tank_0952,23.0,1664409600000
tank_0958,0.0,1664409600000
tank_0962,2.0,1664409600000
tank_0967,3.9215686274509807,1664409600000
tank_0975,0.0,1664409600000
tank_0978,5.854901960784314,1664409600000
tank_0990,0.0,1664409600000
tank_0991,0.0,1664409600000
tank_0998,0.8901960784313725,1664409600000
tank_0999,0.0,1664409600000
tank_1003,3.0,1664409600000
tank_1004,0.0,1664409600000
tank_1014,89.0,1664409600000
tank_1026,70.0,1664409600000
tank_1031,6.0,1664409600000
tank_1032,3.341176470588235,1664409600000
tank_1034,2.0,1664409600000
tank_1042,15.0,1664409600000
tank_1045,4.0,1664409600000
tank_1049,16.0,1664409600000
tank_1055,15.36862745098039,1664409600000
tank_1061,20.92156862745098,1664409600000
tank_1062,0.0,1664409600000
tank_1064,0.0,1664409600000
tank_1065,1.8156862745098041,1664409600000
tank_1066,0.0,1664409600000
tank_1070,0.0,1664409600000
tank_1073,22.0,1664409600000
tank_1083,20.0,1664409600000
tank_1086,1.0,1664409600000
tank_1088,20.427450980392155,1664409600000
tank_1089,15.0,1664409600000
tank_1090,8.0,1664409600000
tank_1091,0.0,1664409600000
tank_1094,0.0,1664409600000
tank_1095,4.0,1664409600000
tank_1104,0.0,1664409600000
tank_1113,30.0,1664409600000
tank_1116,0.0,1664409600000
tank_1117,0.0,1664409600000
tank_1120,162.0,1664409600000
tank_1121,0.0,1664409600000
tank_1124,15.0,1664409600000
tank_1128,8.0,1664409600000
tank_1134,0.0,1664409600000
tank_1135,15.0,1664409600000
tank_1146,6.0,1664409600000
tank_1149,0.0,1664409600000
tank_1156,0.0,1664409600000
tank_1157,17.94509803921569,1664409600000
tank_1159,0.0,1664409600000
tank_1160,137.0,1664409600000
tank_1166,0.12941176470588237,1664409600000
tank_1170,16.49411764705882,1664409600000
tank_1175,0.0,1664409600000
tank_1177,0.0,1664409600000
tank_1179,0.0,1664409600000
tank_1181,46.0,1664409600000
tank_1186,22.0,1664409600000
tank_1187,24.901960784313726,1664409600000
tank_1190,0.0,1664409600000
tank_1192,6.0,1664409600000
tank_1196,0.0,1664409600000
tank_1197,43.0,1664409600000
tank_1201,0.0,1664409600000
tank_1203,6.0,1664409600000
tank_1205,41.0,1664409600000
tank_1209,0.0,1664409600000
tank_1217,0.0,1664409600000
tank_1223,0.0,1664409600000
tank_1226,141.21960784313725,1664409600000
tank_1228,30.0,1664409600000
tank_1230,0.0,1664409600000
tank_1237,5.976470588235294,1664409600000
tank_1239,264.0,1664409600000
tank_1245,0.0,1664409600000
tank_1246,36.0,1664409600000
tank_1250,0.0,1664409600000
tank_1254,15.0,1664409600000
tank_1255,0.6901960784313725,1664409600000
tank_1258,86.40392156862745,1664409600000
tank_1261,0.0,1664409600000
tank_1262,0.0,1664409600000
tank_1263,33.0,1664409600000
tank_1265,4.0,1664409600000
tank_1270,2.0,1664409600000
tank_1272,0.0,1664409600000
tank_1275,0.0,1664409600000
tank_1276,31.0,1664409600000
tank_1279,6.992156862745098,1664409600000
tank_1280,0.0,1664409600000
tank_1284,0.0,1664409600000
tank_1285,3.447058823529412,1664409600000
tank_1286,43.0,1664409600000
tank_1290,17.0,1664409600000
tank_1291,0.0,1664409600000
tank_1293,30.0,1664409600000
tank_1295,0.0,1664409600000
tank_1297,6.0,1664409600000
tank_1301,6.0,1664409600000
tank_1302,0.0,1664409600000
tank_1304,0.0,1664409600000
tank_1305,0.0,1664409600000
tank_1313,43.0,1664409600000
tank_1322,0.0,1664409600000
tank_1325,27.0,1664409600000
tank_1326,0.0,1664409600000
tank_1344,0.0,1664409600000
tank_1346,0.0,1664409600000
tank_1349,0.0,1664409600000
tank_1353,104.0,1664409600000
tank_1358,0.0,1664409600000
tank_1359,0.0,1664409600000
tank_1361,3.0,1664409600000
tank_1364,33.0,1664409600000
tank_1365,14.0,1664409600000
tank_1372,2.0,1664409600000
tank_1374,15.0,1664409600000
tank_1378,44.0,1664409600000
tank_1380,23.0,1664409600000
tank_1386,8.0,1664409600000
tank_1391,5.0,1664409600000
tank_1393,8.996078431372549,1664409600000
tank_1396,5.0,1664409600000
tank_1397,0.0,1664409600000
tank_1403,0.0,1664409600000
tank_1409,0.0,1664409600000
tank_1412,1.0,1664409600000
tank_1415,0.0,1664409600000
tank_1416,17.239215686274513,1664409600000
tank_1421,116.0,1664409600000
tank_1422,0.0,1664409600000
tank_1425,40.0,1664409600000
tank_1426,0.0,1664409600000
tank_1430,0.0,1664409600000
tank_1433,219.0,1664409600000
tank_1438,0.0,1664409600000
tank_1439,2.0,1664409600000
tank_1441,0.0,1664409600000
tank_1443,0.0,1664409600000
tank_1445,29.0,1664409600000
tank_1446,1.0,1664409600000
tank_1450,0.0,1664409600000
tank_1452,0.0,1664409600000
tank_1456,0.0,1664409600000
tank_1466,0.0,1664409600000
tank_1471,0.0,1664409600000
tank_1475,70.0,1664409600000
tank_1486,1119.0,1664409600000
tank_1488,49.0,1664409600000
tank_1491,28.95686274509804,1664409600000
tank_1500,18.490196078431374,1664409600000
tank_1505,150.0,1664409600000
tank_1513,488.0,1664409600000
tank_1531,50.0,1664409600000
tank_1536,39.964705882352945,1664409600000
tank_1539,312.0,1664409600000
tank_1541,0.0,1664409600000
tank_1542,0.0,1664409600000
tank_1547,27.0,1664409600000
tank_1563,4.0,1664409600000
tank_1564,0.0,1664409600000
tank_1565,67.0,1664409600000
tank_1567,51.92549019607843,1664409600000
tank_1568,0.0,1664409600000
tank_1573,9.0,1664409600000
tank_1583,0.0,1664409600000
tank_1587,286.0,1664409600000
tank_1588,0.0,1664409600000
tank_1592,0.0,1664409600000
tank_1594,96.0,1664409600000
tank_1595,25.26666666666667,1664409600000
tank_1597,250.49019607843138,1664409600000
tank_1598,0.0,1664409600000
tank_1600,0.0,1664409600000
tank_1604,0.0,1664409600000
tank_0002,0.0,1665446400000
tank_0004,0.0,1665446400000
tank_0005,0.0,1665446400000
tank_0011,0.0,1665446400000
tank_0014,0.0,1665446400000
tank_0019,0.0,1665446400000
tank_0024,31.305882352941175,1665446400000
tank_0025,0.0,1665446400000
tank_0026,0.0,1665446400000
tank_0027,0.0,1665446400000
tank_0030,0.0,1665446400000
tank_0031,20.729411764705883,1665446400000
tank_0036,0.0,1665446400000
tank_0037,0.0,1665446400000
tank_0038,0.0,1665446400000
tank_0050,50.325490196078434,1665446400000
tank_0051,0.0,1665446400000
tank_0052,0.0,1665446400000
tank_0053,0.0,1665446400000
tank_0055,0.0,1665446400000
tank_0057,28.0,1665446400000
tank_0058,0.0,1665446400000
tank_0064,37.45882352941177,1665446400000
tank_0069,22.0,1665446400000
tank_0072,4.0,1665446400000
tank_0073,0.0,1665446400000
tank_0080,14.0,1665446400000
tank_0094,0.0,1665446400000
tank_0107,0.0,1665446400000
tank_0110,161.6392156862745,1665446400000
tank_0113,0.0,1665446400000
tank_0115,0.0,1665446400000
tank_0116,0.0,1665446400000
tank_0117,207.6156862745098,1665446400000
tank_0118,45.27450980392157,1665446400000
tank_0122,9.0,1665446400000
tank_0125,0.0,1665446400000
tank_0130,0.0,1665446400000
tank_0131,0.0,1665446400000
tank_0132,0.0,1665446400000
tank_0134,0.0,1665446400000
tank_0135,0.0,1665446400000
tank_0142,0.0,1665446400000
tank_0143,27.0,1665446400000
tank_0144,42.0,1665446400000
tank_0148,0.0,1665446400000
tank_0153,62.77647058823529,1665446400000
tank_0156,0.0,1665446400000
tank_0159,0.0,1665446400000
tank_0165,0.0,1665446400000
tank_0171,21.0,1665446400000
tank_0172,0.0,1665446400000
tank_0174,0.0,1665446400000
tank_0176,0.0,1665446400000
tank_0184,0.0,1665446400000
tank_0187,0.0,1665446400000
tank_0190,0.0,1665446400000
tank_0192,0.0,1665446400000
tank_0193,0.0,1665446400000
tank_0195,0.0,1665446400000
tank_0199,0.0,1665446400000
tank_0204,17.0,1665446400000
tank_0205,0.0,1665446400000
tank_0207,0.0,1665446400000
tank_0209,0.0,1665446400000
tank_0213,11.0,1665446400000
tank_0217,197.67843137254903,1665446400000
tank_0220,0.0,1665446400000
tank_0221,0.0,1665446400000
tank_0225,0.0,1665446400000
tank_0226,0.0,1665446400000
tank_0228,0.0,1665446400000
tank_0229,0.0,1665446400000
tank_0231,0.0,1665446400000
tank_0233,0.0,1665446400000
tank_0236,0.0,1665446400000
tank_0237,0.0,1665446400000
tank_0240,0.0,1665446400000
tank_0242,68.47058823529412,1665446400000
tank_0245,0.0,1665446400000
tank_0247,246.0,1665446400000
tank_0256,0.0,1665446400000
tank_0257,0.0,1665446400000
tank_0260,0.0,1665446400000
tank_0261,0.0,1665446400000
tank_0264,84.0,1665446400000
tank_0273,113.0,1665446400000
tank_0276,0.0,1665446400000
tank_0278,0.0,1665446400000
tank_0280,0.0,1665446400000
tank_0291,0.0,1665446400000
tank_0292,0.0,1665446400000
tank_0296,0.0,1665446400000
tank_0297,24.51372549019608,1665446400000
tank_0299,0.0,1665446400000
tank_0300,0.0,1665446400000
tank_0301,0.0,1665446400000
tank_0307,42.93333333333334,1665446400000
tank_0309,13.0,1665446400000
tank_0313,19.0,1665446400000
tank_0314,0.0,1665446400000
tank_0319,8.0,1665446400000
tank_0321,0.0,1665446400000
tank_0327,0.0,1665446400000
tank_0337,0.0,1665446400000
tank_0338,0.0,1665446400000
tank_0339,0.0,1665446400000
tank_0342,54.3686274509804,1665446400000
tank_0345,0.0,1665446400000
tank_0346,0.0,1665446400000
tank_0349,185.75294117647059,1665446400000
tank_0350,0.0,1665446400000
tank_0353,0.0,1665446400000
tank_0356,0.0,1665446400000
tank_0360,4.0,1665446400000
tank_0361,0.0,1665446400000
tank_0362,0.0,1665446400000
tank_0364,0.0,1665446400000
tank_0366,0.0,1665446400000
tank_0369,36.529411764705884,1665446400000
tank_0375,0.0,1665446400000
tank_0379,0.0,1665446400000
tank_0381,0.0,1665446400000
tank_0386,12.250980392156862,1665446400000
tank_0390,11.0,1665446400000
tank_0397,0.0,1665446400000
tank_0399,0.0,1665446400000
tank_0404,668.1058823529411,1665446400000
tank_0409,0.0,1665446400000
tank_0420,0.0,1665446400000
tank_0425,0.0,1665446400000
tank_0431,0.0,1665446400000
tank_0432,0.0,1665446400000
tank_0435,80.0,1665446400000
tank_0436,0.0,1665446400000
tank_0438,37.0,1665446400000
tank_0443,0.0,1665446400000
tank_0444,221.0,1665446400000
tank_0447,0.0,1665446400000
tank_0448,0.0,1665446400000
tank_0449,0.0,1665446400000
tank_0455,0.0,1665446400000
tank_0460,0.0,1665446400000
tank_0462,268.0,1665446400000
tank_0466,0.0,1665446400000
tank_0471,0.0,1665446400000
tank_0473,0.0,1665446400000
tank_0474,0.0,1665446400000
tank_0481,0.0,1665446400000
tank_0485,61.93333333333332,1665446400000
tank_0489,0.0,1665446400000
tank_0491,0.0,1665446400000
tank_0494,0.0,1665446400000
tank_0497,0.0,1665446400000
tank_0498,0.0,1665446400000
tank_0502,14.0,1665446400000
tank_0505,0.0,1665446400000
tank_0509,0.0,1665446400000
tank_0512,168.98039215686276,1665446400000
tank_0514,0.0,1665446400000
tank_0515,0.0,1665446400000
tank_0521,44.0,1665446400000
tank_0524,0.0,1665446400000
tank_0526,54.0,1665446400000
tank_0533,0.0,1665446400000
tank_0534,0.0,1665446400000
tank_0536,19.0,1665446400000
tank_0537,0.0,1665446400000
tank_0541,0.0,1665446400000
tank_0547,0.0,1665446400000
tank_0552,0.0,1665446400000
tank_0555,17.0,1665446400000
tank_0556,0.0,1665446400000
tank_0557,0.0,1665446400000
tank_0560,0.0,1665446400000
tank_0561,0.0,1665446400000
tank_0566,0.0,1665446400000
tank_0567,0.0,1665446400000
tank_0568,0.0,1665446400000
tank_0574,68.0,1665446400000
tank_0579,811.0,1665446400000
tank_0583,221.0,1665446400000
tank_0587,0.0,1665446400000
tank_0589,0.0,1665446400000
tank_0590,65.0,1665446400000
tank_0592,0.0,1665446400000
tank_0593,0.0,1665446400000
tank_0595,0.0,1665446400000
tank_0600,0.0,1665446400000
tank_0604,0.0,1665446400000
tank_0606,0.0,1665446400000
tank_0607,0.0,1665446400000
tank_0608,611.0,1665446400000
tank_0610,0.0,1665446400000
tank_0611,0.0,1665446400000
tank_0612,0.0,1665446400000
tank_0613,0.0,1665446400000
tank_0619,5.0,1665446400000
tank_0626,0.0,1665446400000
tank_0627,0.0,1665446400000
tank_0628,0.0,1665446400000
tank_0632,2.0,1665446400000
tank_0633,0.0,1665446400000
tank_0639,0.0,1665446400000
tank_0640,0.0,1665446400000
tank_0641,0.0,1665446400000
tank_0643,0.0,1665446400000
tank_0646,0.0,1665446400000
tank_0663,0.0,1665446400000
tank_0664,16.0,1665446400000
tank_0666,0.0,1665446400000
tank_0667,0.0,1665446400000
tank_0670,36.50588235294117,1665446400000
tank_0675,0.0,1665446400000
tank_0676,190.0,1665446400000
tank_0678,0.0,1665446400000
tank_0681,0.0,1665446400000
tank_0687,23.0,1665446400000
tank_0688,293.0,1665446400000
tank_0697,0.0,1665446400000
tank_0720,0.0,1665446400000
tank_0722,0.0,1665446400000
tank_0724,0.0,1665446400000
tank_0725,35.0,1665446400000
tank_0728,0.0,1665446400000
tank_0730,0.0,1665446400000
tank_0731,652.0,1665446400000
tank_0732,0.0,1665446400000
tank_0737,3.0,1665446400000
tank_0739,0.0,1665446400000
tank_0740,0.0,1665446400000
tank_0746,0.0,1665446400000
tank_0748,0.0,1665446400000
tank_0749,0.0,1665446400000
tank_0752,0.0,1665446400000
tank_0760,0.0,1665446400000
tank_0770,0.0,1665446400000
tank_0772,0.0,1665446400000
tank_0788,0.0,1665446400000
tank_0789,0.0,1665446400000
tank_0792,0.0,1665446400000
tank_0797,65.0,1665446400000
tank_0800,49.0,1665446400000
tank_0802,12.92156862745098,1665446400000
tank_0803,0.0,1665446400000
tank_0808,0.0,1665446400000
tank_0810,19.980392156862745,1665446400000
tank_0811,0.0,1665446400000
tank_0812,99.98823529411764,1665446400000
tank_0813,0.0,1665446400000
tank_0816,0.0,1665446400000
tank_0819,0.0,1665446400000
tank_0823,0.0,1665446400000
tank_0824,432.0,1665446400000
tank_0825,0.0,1665446400000
tank_0828,0.0,1665446400000
tank_0829,58.984313725490196,1665446400000
tank_0830,73.0,1665446400000
tank_0831,0.0,1665446400000
tank_0844,0.0,1665446400000
tank_0852,141.0,1665446400000
tank_0855,139.0,1665446400000
tank_0856,598.0,1665446400000
tank_0860,2.0,1665446400000
tank_0861,5.0,1665446400000
tank_0872,13.0,1665446400000
tank_0875,177.0,1665446400000
tank_0879,12.0,1665446400000
tank_0885,0.0,1665446400000
tank_0891,3.0,1665446400000
tank_0894,366.0,1665446400000
tank_0898,298.0,1665446400000
tank_0900,46.86274509803921,1665446400000
tank_0901,101.88235294117646,1665446400000
tank_0902,152.0,1665446400000
tank_0914,81.0,1665446400000
tank_0917,429.0,1665446400000
tank_0919,6.0,1665446400000
tank_0920,56.0,1665446400000
tank_0922,13.0,1665446400000
tank_0923,18.49411764705882,1665446400000
tank_0924,0.0,1665446400000
tank_0926,0.0,1665446400000
tank_0927,1.2509803921568627,1665446400000
tank_0928,6.0,1665446400000
tank_0930,156.86666666666667,1665446400000
tank_0931,8.0,1665446400000
tank_0933,0.0,1665446400000
tank_0934,0.0,1665446400000
tank_0937,0.0,1665446400000
tank_0938,0.0,1665446400000
tank_0939,0.0,1665446400000
tank_0944,86.9921568627451,1665446400000
tank_0946,0.0,1665446400000
tank_0952,25.0,1665446400000
tank_0958,0.0,1665446400000
tank_0962,734.0,1665446400000
tank_0967,0.17254901960784313,1665446400000
tank_0975,0.0,1665446400000
tank_0978,0.0,1665446400000
tank_0990,0.0,1665446400000
tank_0991,199.0,1665446400000
tank_0998,0.0,1665446400000
tank_0999,0.0,1665446400000
tank_1003,1078.0,1665446400000
tank_1004,0.0,1665446400000
tank_1014,149.0,1665446400000
tank_1026,214.0,1665446400000
tank_1031,4.0,1665446400000
tank_1032,0.0,1665446400000
tank_1034,0.0,1665446400000
tank_1042,13.0,1665446400000
tank_1045,25.0,1665446400000
tank_1049,118.5843137254902,1665446400000
tank_1055,5.623529411764705,1665446400000
tank_1061,25.0,1665446400000
tank_1062,0.0,1665446400000
tank_1064,2.0,1665446400000
tank_1065,1.4980392156862745,1665446400000
tank_1066,0.0,1665446400000
tank_1070,86.0,1665446400000
tank_1073,34.0,1665446400000
tank_1083,199.0,1665446400000
tank_1086,0.0,1665446400000
tank_1088,0.0,1665446400000
tank_1089,25.0,1665446400000
tank_1090,105.0,1665446400000
tank_1091,0.0,1665446400000
tank_1094,304.0,1665446400000
tank_1095,2.0,1665446400000
tank_1104,0.0,1665446400000
tank_1113,29.0,1665446400000
tank_1116,0.0,1665446400000
tank_1117,0.0,1665446400000
tank_1120,343.50588235294117,1665446400000
tank_1121,208.0,1665446400000
tank_1124,24.96470588235294,1665446400000
tank_1128,26.0,1665446400000
tank_1134,0.0,1665446400000
tank_1135,28.890196078431373,1665446400000
tank_1146,2.0,1665446400000
tank_1149,0.0,1665446400000
tank_1156,0.0,1665446400000
tank_1157,15.133333333333335,1665446400000
tank_1159,236.0,1665446400000
tank_1160,629.0,1665446400000
tank_1166,0.0,1665446400000
tank_1170,2.4941176470588236,1665446400000
tank_1175,0.0,1665446400000
tank_1177,0.0,1665446400000
tank_1179,0.0,1665446400000
tank_1181,110.96862745098039,1665446400000
tank_1186,52.0,1665446400000
tank_1187,28.588235294117645,1665446400000
tank_1190,0.0,1665446400000
tank_1192,19.51372549019608,1665446400000
tank_1196,0.0,1665446400000
tank_1197,452.0,1665446400000
tank_1201,54.0,1665446400000
tank_1203,0.0,1665446400000
tank_1205,213.0,1665446400000
tank_1209,795.7333333333333,1665446400000
tank_1217,0.0,1665446400000
tank_1223,0.0,1665446400000
tank_1226,54.98823529411764,1665446400000
tank_1228,50.0,1665446400000
tank_1230,0.0,1665446400000
tank_1237,4.976470588235294,1665446400000
tank_1239,474.0,1665446400000
tank_1245,0.0,1665446400000
tank_1246,65.0,1665446400000
tank_1250,0.0,1665446400000
tank_1254,547.0,1665446400000
tank_1255,0.0,1665446400000
tank_1258,164.40392156862745,1665446400000
tank_1261,0.0,1665446400000
tank_1262,0.0,1665446400000
tank_1263,42.0,1665446400000
tank_1265,7.454901960784314,1665446400000
tank_1270,9.976470588235294,1665446400000
tank_1272,3.0,1665446400000
tank_1275,0.0,1665446400000
tank_1276,62.0,1665446400000
tank_1279,3.0,1665446400000
tank_1280,0.0,1665446400000
tank_1284,0.0,1665446400000
tank_1285,5.729411764705882,1665446400000
tank_1286,146.4,1665446400000
tank_1290,49.75686274509804,1665446400000
tank_1291,0.0,1665446400000
tank_1293,34.0,1665446400000
tank_1295,0.0,1665446400000
tank_1297,87.0,1665446400000
tank_1301,116.0,1665446400000
tank_1302,27.0,1665446400000
tank_1304,0.0,1665446400000
tank_1305,0.0,1665446400000
tank_1313,393.0,1665446400000
tank_1322,0.0,1665446400000
tank_1325,135.99607843137255,1665446400000
tank_1326,0.0,1665446400000
tank_1344,0.0,1665446400000
tank_1346,0.0,1665446400000
tank_1349,0.0,1665446400000
tank_1353,95.0,1665446400000
tank_1358,0.0,1665446400000
tank_1359,0.0,1665446400000
tank_1361,234.69019607843137,1665446400000
tank_1364,991.0,1665446400000
tank_1365,36.95294117647059,1665446400000
tank_1372,10.0,1665446400000
tank_1374,170.0,1665446400000
tank_1378,370.0,1665446400000
tank_1380,55.0,1665446400000
tank_1386,119.9843137254902,1665446400000
tank_1391,21.0,1665446400000
tank_1393,23.0,1665446400000
tank_1396,67.0,1665446400000
tank_1397,0.0,1665446400000
tank_1403,11.0,1665446400000
tank_1409,4.0,1665446400000
tank_1412,5.0,1665446400000
tank_1415,0.0,1665446400000
tank_1416,17.980392156862745,1665446400000
tank_1421,88.0,1665446400000
tank_1422,0.0,1665446400000
tank_1425,27.0,1665446400000
tank_1426,2.0,1665446400000
tank_1430,0.0,1665446400000
tank_1433,67.0,1665446400000
tank_1438,0.0,1665446400000
tank_1439,1.4313725490196079,1665446400000
tank_1441,0.0,1665446400000
tank_1443,0.0,1665446400000
tank_1445,30.0,1665446400000
tank_1446,9.0,1665446400000
tank_1450,0.0,1665446400000
tank_1452,0.0,1665446400000
tank_1456,0.0,1665446400000
tank_1466,0.0,1665446400000
tank_1471,0.0,1665446400000
tank_1475,432.0,1665446400000
tank_1486,980.0,1665446400000
tank_1488,109.83921568627451,1665446400000
tank_1491,40.0,1665446400000
tank_1500,14.623529411764705,1665446400000
tank_1505,514.0,1665446400000
tank_1513,531.0,1665446400000
tank_1531,43.0,1665446400000
tank_1536,44.964705882352945,1665446400000
tank_1539,285.0,1665446400000
tank_1541,5.0,1665446400000
tank_1542,17.976470588235294,1665446400000
tank_1547,38.0,1665446400000
tank_1563,29.627450980392155,1665446400000
tank_1564,0.0,1665446400000
tank_1565,115.0,1665446400000
tank_1567,53.0,1665446400000
tank_1568,48.0,1665446400000
tank_1573,47.0,1665446400000
tank_1583,0.0,1665446400000
tank_1587,703.0,1665446400000
tank_1588,2.0,1665446400000
tank_1592,0.0,1665446400000
tank_1594,83.0,1665446400000
tank_1595,32.89411764705883,1665446400000
tank_1597,301.2352941176471,1665446400000
tank_1598,2.1803921568627453,1665446400000
tank_1600,0.0,1665446400000
tank_1604,0.0,1665446400000
tank_0002,0.0,1666483200000
tank_0004,0.0,1666483200000
tank_0005,0.0,1666483200000
tank_0011,0.0,1666483200000
tank_0014,0.0,1666483200000
tank_0019,0.0,1666483200000
tank_0024,81.63529411764706,1666483200000
tank_0025,0.0,1666483200000
tank_0026,0.0,1666483200000
tank_0027,0.0,1666483200000
tank_0030,0.0,1666483200000
tank_0031,105.1686274509804,1666483200000
tank_0036,0.0,1666483200000
tank_0037,0.0,1666483200000
tank_0038,0.0,1666483200000
tank_0050,100.46274509803924,1666483200000
tank_0051,0.0,1666483200000
tank_0052,0.0,1666483200000
tank_0053,4.0,1666483200000
tank_0055,0.0,1666483200000
tank_0057,43.0,1666483200000
tank_0058,0.0,1666483200000
tank_0064,51.72941176470588,1666483200000
tank_0069,134.2549019607843,1666483200000
tank_0072,49.0,1666483200000
tank_0073,0.0,1666483200000
tank_0080,23.0,1666483200000
tank_0094,0.0,1666483200000
tank_0107,0.0,1666483200000
tank_0110,275.2156862745098,1666483200000
tank_0113,0.0,1666483200000
tank_0115,0.0,1666483200000
tank_0116,0.0,1666483200000
tank_0117,269.0,1666483200000
tank_0118,51.599999999999994,1666483200000
tank_0122,12.0,1666483200000
tank_0125,39.93333333333334,1666483200000
tank_0130,0.0,1666483200000
tank_0131,0.0,1666483200000
tank_0132,0.0,1666483200000
tank_0134,0.0,1666483200000
tank_0135,0.0,1666483200000
tank_0142,0.0,1666483200000
tank_0143,32.07058823529412,1666483200000
tank_0144,110.0,1666483200000
tank_0148,0.0,1666483200000
tank_0153,53.0,1666483200000
tank_0156,0.0,1666483200000
tank_0159,0.0,1666483200000
tank_0165,0.0,1666483200000
tank_0171,38.40392156862745,1666483200000
tank_0172,0.0,1666483200000
tank_0174,0.0,1666483200000
tank_0176,0.0,1666483200000
tank_0184,0.0,1666483200000
tank_0187,0.0,1666483200000
tank_0190,0.0,1666483200000
tank_0192,0.0,1666483200000
tank_0193,0.0,1666483200000
tank_0195,0.0,1666483200000
tank_0199,0.0,1666483200000
tank_0204,41.0,1666483200000
tank_0205,0.0,1666483200000
tank_0207,0.0,1666483200000
tank_0209,0.0,1666483200000
tank_0213,9.0,1666483200000
tank_0217,248.78823529411767,1666483200000
tank_0220,0.0,1666483200000
tank_0221,0.0,1666483200000
tank_0225,67.0,1666483200000
tank_0226,0.0,1666483200000
tank_0228,0.0,1666483200000
tank_0229,0.0,1666483200000
tank_0231,0.0,1666483200000
tank_0233,0.0,1666483200000
tank_0236,0.0,1666483200000
tank_0237,0.0,1666483200000
tank_0240,0.0,1666483200000
tank_0242,117.8078431372549,1666483200000
tank_0245,0.0,1666483200000
tank_0247,694.0,1666483200000
tank_0256,0.0,1666483200000
tank_0257,0.0,1666483200000
tank_0260,0.0,1666483200000
tank_0261,0.0,1666483200000
tank_0264,119.0,1666483200000
tank_0273,197.0,1666483200000
tank_0276,0.0,1666483200000
tank_0278,0.0,1666483200000
tank_0280,0.0,1666483200000
tank_0291,2.0,1666483200000
tank_0292,0.0,1666483200000
tank_0296,0.0,1666483200000
tank_0297,33.23529411764706,1666483200000
tank_0299,0.0,1666483200000
tank_0300,0.0,1666483200000
tank_0301,0.0,1666483200000
tank_0307,65.74509803921569,1666483200000
tank_0309,30.92549019607843,1666483200000
tank_0313,34.498039215686276,1666483200000
tank_0314,0.0,1666483200000
tank_0319,8.0,1666483200000
tank_0321,0.0,1666483200000
tank_0327,0.0,1666483200000
tank_0337,0.0,1666483200000
tank_0338,0.0,1666483200000
tank_0339,0.0,1666483200000
tank_0342,73.79607843137256,1666483200000
tank_0345,0.0,1666483200000
tank_0346,0.0,1666483200000
tank_0349,307.99607843137255,1666483200000
tank_0350,0.0,1666483200000
tank_0353,3.0,1666483200000
tank_0356,0.0,1666483200000
tank_0360,6.698039215686275,1666483200000
tank_0361,0.0,1666483200000
tank_0362,0.0,1666483200000
tank_0364,0.0,1666483200000
tank_0366,0.0,1666483200000
tank_0369,42.0,1666483200000
tank_0375,0.0,1666483200000
tank_0379,39.976470588235294,1666483200000
tank_0381,0.0,1666483200000
tank_0386,23.0,1666483200000
tank_0390,36.38823529411765,1666483200000
tank_0397,0.0,1666483200000
tank_0399,0.0,1666483200000
tank_0404,781.1176470588234,1666483200000
tank_0409,0.0,1666483200000
tank_0420,0.0,1666483200000
tank_0425,0.0,1666483200000
tank_0431,0.0,1666483200000
tank_0432,0.0,1666483200000
tank_0435,98.0,1666483200000
tank_0436,0.0,1666483200000
tank_0438,35.0,1666483200000
tank_0443,0.0,1666483200000
tank_0444,385.0,1666483200000
tank_0447,0.0,1666483200000
tank_0448,59.64705882352941,1666483200000
tank_0449,0.0,1666483200000
tank_0455,0.0,1666483200000
tank_0460,0.0,1666483200000
tank_0462,341.0,1666483200000
tank_0466,0.0,1666483200000
tank_0471,0.0,1666483200000
tank_0473,0.0,1666483200000
tank_0474,0.0,1666483200000
tank_0481,0.0,1666483200000
tank_0485,50.54117647058824,1666483200000
tank_0489,0.0,1666483200000
tank_0491,0.0,1666483200000
tank_0494,0.0,1666483200000
tank_0497,0.0,1666483200000
tank_0498,0.0,1666483200000
tank_0502,14.349019607843138,1666483200000
tank_0505,0.0,1666483200000
tank_0509,0.0,1666483200000
tank_0512,254.58039215686276,1666483200000
tank_0514,0.0,1666483200000
tank_0515,0.0,1666483200000
tank_0521,53.0,1666483200000
tank_0524,0.0,1666483200000
tank_0526,58.74901960784314,1666483200000
tank_0533,0.0,1666483200000
tank_0534,10.0,1666483200000
tank_0536,26.0,1666483200000
tank_0537,0.0,1666483200000
tank_0541,0.0,1666483200000
tank_0547,0.0,1666483200000
tank_0552,0.0,1666483200000
tank_0555,26.0,1666483200000
tank_0556,0.0,1666483200000
tank_0557,0.0,1666483200000
tank_0560,0.0,1666483200000
tank_0561,0.0,1666483200000
tank_0566,0.0,1666483200000
tank_0567,0.0,1666483200000
tank_0568,0.0,1666483200000
tank_0574,95.0,1666483200000
tank_0579,1177.0509803921568,1666483200000
tank_0583,264.0,1666483200000
tank_0587,0.0,1666483200000
tank_0589,0.0,1666483200000
tank_0590,109.0,1666483200000
tank_0592,0.0,1666483200000
tank_0593,0.0,1666483200000
tank_0595,0.0,1666483200000
tank_0600,0.0,1666483200000
tank_0604,0.0,1666483200000
tank_0606,0.0,1666483200000
tank_0607,6.0,1666483200000
tank_0608,810.0,1666483200000
tank_0610,0.0,1666483200000
tank_0611,1.1254901960784314,1666483200000
tank_0612,0.0,1666483200000
tank_0613,0.47843137254901963,1666483200000
tank_0619,6.0,1666483200000
tank_0626,0.0,1666483200000
tank_0627,0.0,1666483200000
tank_0628,0.0,1666483200000
tank_0632,29.529411764705884,1666483200000
tank_0633,0.0,1666483200000
tank_0639,0.0,1666483200000
tank_0640,0.0,1666483200000
tank_0641,0.0,1666483200000
tank_0643,0.0,1666483200000
tank_0646,0.0,1666483200000
tank_0663,0.0,1666483200000
tank_0664,22.0,1666483200000
tank_0666,0.0,1666483200000
tank_0667,0.0,1666483200000
tank_0670,42.43921568627451,1666483200000
tank_0675,0.0,1666483200000
tank_0676,516.0,1666483200000
tank_0678,0.0,1666483200000
tank_0681,0.0,1666483200000
tank_0687,37.88627450980392,1666483200000
tank_0688,466.0,1666483200000
tank_0697,0.0,1666483200000
tank_0720,4.0,1666483200000
tank_0722,1.203921568627451,1666483200000
tank_0724,0.0,1666483200000
tank_0725,32.909803921568624,1666483200000
tank_0728,0.0,1666483200000
tank_0730,0.0,1666483200000
tank_0731,864.0,1666483200000
tank_0732,0.0,1666483200000
tank_0737,470.0,1666483200000
tank_0739,0.0,1666483200000
tank_0740,0.0,1666483200000
tank_0746,0.0,1666483200000
tank_0748,0.0,1666483200000
tank_0749,0.0,1666483200000
tank_0752,0.0,1666483200000
tank_0760,0.0,1666483200000
tank_0770,0.0,1666483200000
tank_0772,0.0,1666483200000
tank_0788,0.0,1666483200000
tank_0789,0.6392156862745098,1666483200000
tank_0792,0.0,1666483200000
tank_0797,83.87450980392157,1666483200000
tank_0800,180.0313725490196,1666483200000
tank_0802,161.83921568627449,1666483200000
tank_0803,1.776470588235294,1666483200000
tank_0808,5.0,1666483200000
tank_0810,30.15294117647059,1666483200000
tank_0811,0.3215686274509804,1666483200000
tank_0812,97.21176470588236,1666483200000
tank_0813,3.768627450980393,1666483200000
tank_0816,0.0,1666483200000
tank_0819,14.75294117647059,1666483200000
tank_0823,0.0,1666483200000
tank_0824,724.0,1666483200000
tank_0825,12.619607843137256,1666483200000
tank_0828,12.0,1666483200000
tank_0829,64.69803921568628,1666483200000
tank_0830,237.1294117647059,1666483200000
tank_0831,0.0,1666483200000
tank_0844,0.0,1666483200000
tank_0852,231.82745098039217,1666483200000
tank_0855,144.0,1666483200000
tank_0856,545.0,1666483200000
tank_0860,63.992156862745105,1666483200000
tank_0861,65.72549019607843,1666483200000
tank_0872,28.0,1666483200000
tank_0875,239.72156862745098,1666483200000
tank_0879,9.0,1666483200000
tank_0885,0.0,1666483200000
tank_0891,26.0,1666483200000
tank_0894,554.0,1666483200000
tank_0898,328.0,1666483200000
tank_0900,93.72549019607843,1666483200000
tank_0901,111.5921568627451,1666483200000
tank_0902,125.0,1666483200000
tank_0914,99.91372549019609,1666483200000
tank_0917,645.9725490196079,1666483200000
tank_0919,164.9607843137255,1666483200000
tank_0920,125.0,1666483200000
tank_0922,119.0,1666483200000
tank_0923,60.99607843137255,1666483200000
tank_0924,0.0,1666483200000
tank_0926,0.0,1666483200000
tank_0927,8.603921568627449,1666483200000
tank_0928,24.690196078431374,1666483200000
tank_0930,291.9647058823529,1666483200000
tank_0931,228.0,1666483200000
tank_0933,0.0,1666483200000
tank_0934,0.0,1666483200000
tank_0937,0.0,1666483200000
tank_0938,0.0,1666483200000
tank_0939,0.0,1666483200000
tank_0944,99.0,1666483200000
tank_0946,0.0,1666483200000
tank_0952,40.41960784313726,1666483200000
tank_0958,0.0,1666483200000
tank_0962,1217.0,1666483200000
tank_0967,12.419607843137255,1666483200000
tank_0975,0.0,1666483200000
tank_0978,0.0,1666483200000
tank_0990,0.0,1666483200000
tank_0991,378.0,1666483200000
tank_0998,0.0,1666483200000
tank_0999,0.0,1666483200000
tank_1003,1044.0,1666483200000
tank_1004,0.0,1666483200000
tank_1014,461.0,1666483200000
tank_1026,253.6,1666483200000
tank_1031,59.92941176470588,1666483200000
tank_1032,0.0,1666483200000
tank_1034,6.0,1666483200000
tank_1042,30.0,1666483200000
tank_1045,41.0,1666483200000
tank_1049,130.0,1666483200000
tank_1055,7.921568627450981,1666483200000
tank_1061,30.92156862745098,1666483200000
tank_1062,0.0,1666483200000
tank_1064,6.007843137254902,1666483200000
tank_1065,3.0,1666483200000
tank_1066,11.0,1666483200000
tank_1070,127.0,1666483200000
tank_1073,110.0,1666483200000
tank_1083,206.0,1666483200000
tank_1086,9.0,1666483200000
tank_1088,26.603921568627452,1666483200000
tank_1089,29.0,1666483200000
tank_1090,152.50980392156862,1666483200000
tank_1091,0.0,1666483200000
tank_1094,968.0,1666483200000
tank_1095,10.0,1666483200000
tank_1104,6.372549019607844,1666483200000
tank_1113,26.0,1666483200000
tank_1116,0.0,1666483200000
tank_1117,0.0,1666483200000
tank_1120,402.35686274509806,1666483200000
tank_1121,294.0,1666483200000
tank_1124,22.776470588235295,1666483200000
tank_1128,85.80392156862746,1666483200000
tank_1134,8.80392156862745,1666483200000
tank_1135,41.75686274509804,1666483200000
tank_1146,0.0,1666483200000
tank_1149,2.0,1666483200000
tank_1156,0.0,1666483200000
tank_1157,21.09411764705883,1666483200000
tank_1159,237.0,1666483200000
tank_1160,750.0,1666483200000
tank_1166,4.529411764705882,1666483200000
tank_1170,27.19607843137255,1666483200000
tank_1175,0.0,1666483200000
tank_1177,0.0,1666483200000
tank_1179,0.0,1666483200000
tank_1181,149.85882352941178,1666483200000
tank_1186,137.7019607843137,1666483200000
tank_1187,29.474509803921567,1666483200000
tank_1190,0.0,1666483200000
tank_1192,6.0,1666483200000
tank_1196,0.0,1666483200000
tank_1197,1793.0,1666483200000
tank_1201,117.0,1666483200000
tank_1203,0.0,1666483200000
tank_1205,236.94901960784313,1666483200000
tank_1209,558.0,1666483200000
tank_1217,0.0,1666483200000
tank_1223,2.9450980392156865,1666483200000
tank_1226,130.2627450980392,1666483200000
tank_1228,286.0,1666483200000
tank_1230,0.0,1666483200000
tank_1237,22.0,1666483200000
tank_1239,869.9176470588236,1666483200000
tank_1245,0.0,1666483200000
tank_1246,154.0,1666483200000
tank_1250,0.0,1666483200000
tank_1254,1495.0,1666483200000
tank_1255,0.0,1666483200000
tank_1258,186.71764705882356,1666483200000
tank_1261,0.0,1666483200000
tank_1262,0.0,1666483200000
tank_1263,45.0,1666483200000
tank_1265,10.0,1666483200000
tank_1270,23.0,1666483200000
tank_1272,11.0,1666483200000
tank_1275,0.0,1666483200000
tank_1276,130.0,1666483200000
tank_1279,23.0,1666483200000
tank_1280,0.8627450980392157,1666483200000
tank_1284,0.0,1666483200000
tank_1285,10.79607843137255,1666483200000
tank_1286,186.43529411764706,1666483200000
tank_1290,62.741176470588236,1666483200000
tank_1291,0.0,1666483200000
tank_1293,62.0,1666483200000
tank_1295,0.0,1666483200000
tank_1297,88.0,1666483200000
tank_1301,202.0,1666483200000
tank_1302,32.0,1666483200000
tank_1304,0.0,1666483200000
tank_1305,63.57254901960784,1666483200000
tank_1313,729.0,1666483200000
tank_1322,0.0,1666483200000
tank_1325,176.47058823529412,1666483200000
tank_1326,0.0,1666483200000
tank_1344,0.0,1666483200000
tank_1346,0.0,1666483200000
tank_1349,0.0,1666483200000
tank_1353,606.0,1666483200000
tank_1358,0.0,1666483200000
tank_1359,0.0,1666483200000
tank_1361,586.0,1666483200000
tank_1364,702.9803921568628,1666483200000
tank_1365,7.0,1666483200000
tank_1372,57.0,1666483200000
tank_1374,189.0,1666483200000
tank_1378,451.8666666666667,1666483200000
tank_1380,83.33333333333333,1666483200000
tank_1386,238.0,1666483200000
tank_1391,20.0,1666483200000
tank_1393,39.423529411764704,1666483200000
tank_1396,152.0,1666483200000
tank_1397,0.0,1666483200000
tank_1403,6.0,1666483200000
tank_1409,202.0,1666483200000
tank_1412,13.031372549019608,1666483200000
tank_1415,0.0,1666483200000
tank_1416,29.937254901960785,1666483200000
tank_1421,275.0,1666483200000
tank_1422,0.0,1666483200000
tank_1425,78.0,1666483200000
tank_1426,4.0,1666483200000
tank_1430,23.980392156862745,1666483200000
tank_1433,334.0,1666483200000
tank_1438,2.8941176470588235,1666483200000
tank_1439,28.792156862745102,1666483200000
tank_1441,0.0,1666483200000
tank_1443,0.0,1666483200000
tank_1445,44.0,1666483200000
tank_1446,15.784313725490197,1666483200000
tank_1450,0.0,1666483200000
tank_1452,0.0,1666483200000
tank_1456,0.0,1666483200000
tank_1466,0.0,1666483200000
tank_1471,0.0,1666483200000
tank_1475,600.4274509803922,1666483200000
tank_1486,1360.0,1666483200000
tank_1488,161.07843137254903,1666483200000
tank_1491,52.0,1666483200000
tank_1500,22.490196078431374,1666483200000
tank_1505,562.0,1666483200000
tank_1513,593.0,1666483200000
tank_1531,80.0,1666483200000
tank_1536,61.878431372549024,1666483200000
tank_1539,570.0,1666483200000
tank_1541,74.0,1666483200000
tank_1542,19.866666666666667,1666483200000
tank_1547,259.0,1666483200000
tank_1563,30.0,1666483200000
tank_1564,0.0,1666483200000
tank_1565,1637.9137254901962,1666483200000
tank_1567,99.8156862745098,1666483200000
tank_1568,146.57254901960783,1666483200000
tank_1573,63.0,1666483200000
tank_1583,0.0,1666483200000
tank_1587,866.0,1666483200000
tank_1588,5.0627450980392155,1666483200000
tank_1592,0.0,1666483200000
tank_1594,104.3921568627451,1666483200000
tank_1595,41.10980392156863,1666483200000
tank_1597,372.2470588235294,1666483200000
tank_1598,13.152941176470588,1666483200000
tank_1600,0.0,1666483200000
tank_1604,0.0,1666483200000
tank_0002,0.0,1667520000000
tank_0004,0.0,1667520000000
tank_0005,0.0,1667520000000
tank_0011,0.0,1667520000000
tank_0014,0.0,1667520000000
tank_0019,0.0,1667520000000
tank_0024,74.20784313725491,1667520000000
tank_0025,0.0,1667520000000
tank_0026,0.0,1667520000000
tank_0027,0.0,1667520000000
tank_0030,0.0,1667520000000
tank_0031,72.78823529411765,1667520000000
tank_0036,0.0,1667520000000
tank_0037,0.0,1667520000000
tank_0038,0.0,1667520000000
tank_0050,97.74509803921572,1667520000000
tank_0051,0.0,1667520000000
tank_0052,0.0,1667520000000
tank_0053,0.0,1667520000000
tank_0055,0.0,1667520000000
tank_0057,52.0,1667520000000
tank_0058,0.0,1667520000000
tank_0064,49.53725490196078,1667520000000
tank_0069,106.27450980392156,1667520000000
tank_0072,27.0,1667520000000
tank_0073,0.0,1667520000000
tank_0080,19.0,1667520000000
tank_0094,0.0,1667520000000
tank_0107,0.0,1667520000000
tank_0110,273.61176470588236,1667520000000
tank_0113,0.0,1667520000000
tank_0115,0.0,1667520000000
tank_0116,0.0,1667520000000
tank_0117,250.0,1667520000000
tank_0118,48.0,1667520000000
tank_0122,9.0,1667520000000
tank_0125,21.0,1667520000000
tank_0130,0.0,1667520000000
tank_0131,0.0,1667520000000
tank_0132,0.0,1667520000000
tank_0134,0.0,1667520000000
tank_0135,0.0,1667520000000
tank_0142,0.0,1667520000000
tank_0143,36.97254901960784,1667520000000
tank_0144,70.0,1667520000000
tank_0148,0.0,1667520000000
tank_0153,23.0,1667520000000
tank_0156,0.0,1667520000000
tank_0159,0.0,1667520000000
tank_0165,0.0,1667520000000
tank_0171,33.98039215686275,1667520000000
tank_0172,0.0,1667520000000
tank_0174,0.0,1667520000000
tank_0176,0.0,1667520000000
tank_0184,0.0,1667520000000
tank_0187,0.0,1667520000000
tank_0190,0.0,1667520000000
tank_0192,0.0,1667520000000
tank_0193,0.0,1667520000000
tank_0195,0.0,1667520000000
tank_0199,0.0,1667520000000
tank_0204,33.0,1667520000000
tank_0205,0.0,1667520000000
tank_0207,0.0,1667520000000
tank_0209,0.0,1667520000000
tank_0213,0.0,1667520000000
tank_0217,194.3607843137255,1667520000000
tank_0220,0.0,1667520000000
tank_0221,0.0,1667520000000
tank_0225,33.0,1667520000000
tank_0226,0.0,1667520000000
tank_0228,0.0,1667520000000
tank_0229,0.0,1667520000000
tank_0231,0.0,1667520000000
tank_0233,0.0,1667520000000
tank_0236,0.0,1667520000000
tank_0237,0.0,1667520000000
tank_0240,0.0,1667520000000
tank_0242,88.0,1667520000000
tank_0245,0.0,1667520000000
tank_0247,624.4392156862745,1667520000000
tank_0256,0.0,1667520000000
tank_0257,0.0,1667520000000
tank_0260,0.0,1667520000000
tank_0261,0.0,1667520000000
tank_0264,110.0,1667520000000
tank_0273,64.0,1667520000000
tank_0276,0.0,1667520000000
tank_0278,0.0,1667520000000
tank_0280,0.0,1667520000000
tank_0291,1.0,1667520000000
tank_0292,0.0,1667520000000
tank_0296,0.0,1667520000000
tank_0297,20.51372549019608,1667520000000
tank_0299,0.0,1667520000000
tank_0300,0.0,1667520000000
tank_0301,0.0,1667520000000
tank_0307,70.40392156862745,1667520000000
tank_0309,23.0,1667520000000
tank_0313,22.96078431372549,1667520000000
tank_0314,0.0,1667520000000
tank_0319,13.223529411764705,1667520000000
tank_0321,0.0,1667520000000
tank_0327,0.0,1667520000000
tank_0337,0.0,1667520000000
tank_0338,0.0,1667520000000
tank_0339,0.0,1667520000000
tank_0342,68.2078431372549,1667520000000
tank_0345,0.0,1667520000000
tank_0346,0.0,1667520000000
tank_0349,305.921568627451,1667520000000
tank_0350,0.0,1667520000000
tank_0353,1.0,1667520000000
tank_0356,0.0,1667520000000
tank_0360,8.39607843137255,1667520000000
tank_0361,0.0,1667520000000
tank_0362,0.0,1667520000000
tank_0364,0.0,1667520000000
tank_0366,0.0,1667520000000
tank_0369,51.529411764705884,1667520000000
tank_0375,0.0,1667520000000
tank_0379,20.262745098039215,1667520000000
tank_0381,0.0,1667520000000
tank_0386,14.0,1667520000000
tank_0390,11.827450980392157,1667520000000
tank_0397,0.0,1667520000000
tank_0399,0.0,1667520000000
tank_0404,485.70588235294116,1667520000000
tank_0409,0.0,1667520000000
tank_0420,0.0,1667520000000
tank_0425,0.0,1667520000000
tank_0431,0.0,1667520000000
tank_0432,0.0,1667520000000
tank_0435,78.0,1667520000000
tank_0436,0.0,1667520000000
tank_0438,21.0,1667520000000
tank_0443,0.0,1667520000000
tank_0444,220.0,1667520000000
tank_0447,0.0,1667520000000
tank_0448,58.84705882352941,1667520000000
tank_0449,0.0,1667520000000
tank_0455,0.0,1667520000000
tank_0460,0.0,1667520000000
tank_0462,208.74901960784314,1667520000000
tank_0466,0.0,1667520000000
tank_0471,0.0,1667520000000
tank_0473,0.0,1667520000000
tank_0474,0.0,1667520000000
tank_0481,0.0,1667520000000
tank_0485,57.12941176470588,1667520000000
tank_0489,0.0,1667520000000
tank_0491,0.0,1667520000000
tank_0494,0.0,1667520000000
tank_0497,0.0,1667520000000
tank_0498,0.0,1667520000000
tank_0502,20.188235294117646,1667520000000
tank_0505,0.0,1667520000000
tank_0509,0.0,1667520000000
tank_0512,180.72549019607843,1667520000000
tank_0514,0.0,1667520000000
tank_0515,0.0,1667520000000
tank_0521,45.0,1667520000000
tank_0524,0.0,1667520000000
tank_0526,60.0,1667520000000
tank_0533,0.0,1667520000000
tank_0534,7.0,1667520000000
tank_0536,23.0,1667520000000
tank_0537,0.0,1667520000000
tank_0541,0.0,1667520000000
tank_0547,0.0,1667520000000
tank_0552,0.0,1667520000000
tank_0555,0.0,1667520000000
tank_0556,0.0,1667520000000
tank_0557,0.0,1667520000000
tank_0560,0.0,1667520000000
tank_0561,0.0,1667520000000
tank_0566,0.0,1667520000000
tank_0567,0.0,1667520000000
tank_0568,0.0,1667520000000
tank_0574,86.0,1667520000000
tank_0579,1037.0666666666666,1667520000000
tank_0583,256.0,1667520000000
tank_0587,0.0,1667520000000
tank_0589,0.0,1667520000000
tank_0590,71.0,1667520000000
tank_0592,0.0,1667520000000
tank_0593,0.0,1667520000000
tank_0595,0.0,1667520000000
tank_0600,0.0,1667520000000
tank_0604,0.0,1667520000000
tank_0606,0.0,1667520000000
tank_0607,2.0,1667520000000
tank_0608,484.0,1667520000000
tank_0610,0.0,1667520000000
tank_0611,0.0,1667520000000
tank_0612,0.0,1667520000000
tank_0613,0.0,1667520000000
tank_0619,5.0,1667520000000
tank_0626,0.0,1667520000000
tank_0627,0.0,1667520000000
tank_0628,0.0,1667520000000
tank_0632,27.666666666666668,1667520000000
tank_0633,0.0,1667520000000
tank_0639,0.0,1667520000000
tank_0640,0.0,1667520000000
tank_0641,0.0,1667520000000
tank_0643,0.0,1667520000000
tank_0646,0.0,1667520000000
tank_0663,0.0,1667520000000
tank_0664,27.423529411764704,1667520000000
tank_0666,0.0,1667520000000
tank_0667,0.0,1667520000000
tank_0670,43.423529411764704,1667520000000
tank_0675,0.0,1667520000000
tank_0676,509.0,1667520000000
tank_0678,0.0,1667520000000
tank_0681,0.0,1667520000000
tank_0687,31.6,1667520000000
tank_0688,299.0,1667520000000
tank_0697,0.0,1667520000000
tank_0720,2.0,1667520000000
tank_0722,0.0,1667520000000
tank_0724,0.0,1667520000000
tank_0725,25.0,1667520000000
tank_0728,0.0,1667520000000
tank_0730,0.0,1667520000000
tank_0731,781.0,1667520000000
tank_0732,0.0,1667520000000
tank_0737,326.0,1667520000000
tank_0739,0.0,1667520000000
tank_0740,0.0,1667520000000
tank_0746,0.0,1667520000000
tank_0748,0.0,1667520000000
tank_0749,0.0,1667520000000
tank_0752,0.0,1667520000000
tank_0760,0.0,1667520000000
tank_0770,0.0,1667520000000
tank_0772,0.0,1667520000000
tank_0788,0.0,1667520000000
tank_0789,0.0,1667520000000
tank_0792,0.0,1667520000000
tank_0797,66.95294117647059,1667520000000
tank_0800,127.21960784313727,1667520000000
tank_0802,116.73725490196077,1667520000000
tank_0803,0.0,1667520000000
tank_0808,0.0,1667520000000
tank_0810,19.278431372549022,1667520000000
tank_0811,1.0,1667520000000
tank_0812,79.94117647058823,1667520000000
tank_0813,1.0,1667520000000
tank_0816,0.0,1667520000000
tank_0819,18.92549019607843,1667520000000
tank_0823,0.0,1667520000000
tank_0824,463.0,1667520000000
tank_0825,8.0,1667520000000
tank_0828,10.0,1667520000000
tank_0829,63.984313725490196,1667520000000
tank_0830,209.63921568627453,1667520000000
tank_0831,0.0,1667520000000
tank_0844,0.0,1667520000000
tank_0852,200.42352941176472,1667520000000
tank_0855,144.98039215686273,1667520000000
tank_0856,915.0,1667520000000
tank_0860,47.64705882352941,1667520000000
tank_0861,47.34901960784313,1667520000000
tank_0872,25.75294117647059,1667520000000
tank_0875,143.42352941176472,1667520000000
tank_0879,0.0,1667520000000
tank_0885,0.0,1667520000000
tank_0891,35.0,1667520000000
tank_0894,1065.0,1667520000000
tank_0898,514.0,1667520000000
tank_0900,87.86274509803921,1667520000000
tank_0901,104.0,1667520000000
tank_0902,161.0,1667520000000
tank_0914,84.04313725490196,1667520000000
tank_0917,623.0,1667520000000
tank_0919,153.82745098039217,1667520000000
tank_0920,81.92941176470588,1667520000000
tank_0922,54.0,1667520000000
tank_0923,47.51372549019608,1667520000000
tank_0924,0.0,1667520000000
tank_0926,0.0,1667520000000
tank_0927,7.376470588235293,1667520000000
tank_0928,17.0,1667520000000
tank_0930,292.42745098039217,1667520000000
tank_0931,48.0,1667520000000
tank_0933,0.0,1667520000000
tank_0934,0.0,1667520000000
tank_0937,0.0,1667520000000
tank_0938,0.0,1667520000000
tank_0939,0.0,1667520000000
tank_0944,100.0,1667520000000
tank_0946,0.0,1667520000000
tank_0952,21.76862745098039,1667520000000
tank_0958,0.0,1667520000000
tank_0962,1044.0,1667520000000
tank_0967,5.3882352941176475,1667520000000
tank_0975,0.0,1667520000000
tank_0978,0.0,1667520000000
tank_0990,0.0,1667520000000
tank_0991,483.0,1667520000000
tank_0998,0.0,1667520000000
tank_0999,0.0,1667520000000
tank_1003,551.0,1667520000000
tank_1004,0.0,1667520000000
tank_1014,394.0,1667520000000
tank_1026,244.0,1667520000000
tank_1031,34.76862745098039,1667520000000
tank_1032,0.0,1667520000000
tank_1034,12.266666666666666,1667520000000
tank_1042,21.0,1667520000000
tank_1045,44.0,1667520000000
tank_1049,126.0,1667520000000
tank_1055,2.0588235294117645,1667520000000
tank_1061,25.815686274509805,1667520000000
tank_1062,0.0,1667520000000
tank_1064,0.0,1667520000000
tank_1065,8.24705882352941,1667520000000
tank_1066,0.0,1667520000000
tank_1070,110.52156862745099,1667520000000
tank_1073,95.0,1667520000000
tank_1083,200.0,1667520000000
tank_1086,2.0,1667520000000
tank_1088,3.0,1667520000000
tank_1089,25.0,1667520000000
tank_1090,147.0,1667520000000
tank_1091,0.0,1667520000000
tank_1094,1082.0,1667520000000
tank_1095,3.0,1667520000000
tank_1104,4.0,1667520000000
tank_1113,28.0,1667520000000
tank_1116,0.0,1667520000000
tank_1117,0.0,1667520000000
tank_1120,414.95294117647063,1667520000000
tank_1121,353.89019607843136,1667520000000
tank_1124,19.776470588235295,1667520000000
tank_1128,58.80392156862745,1667520000000
tank_1134,0.0,1667520000000
tank_1135,26.184313725490195,1667520000000
tank_1146,4.0,1667520000000
tank_1149,0.0,1667520000000
tank_1156,0.0,1667520000000
tank_1157,14.866666666666669,1667520000000
tank_1159,282.0,1667520000000
tank_1160,692.0,1667520000000
tank_1166,0.0,1667520000000
tank_1170,22.19607843137255,1667520000000
tank_1175,0.0,1667520000000
tank_1177,0.0,1667520000000
tank_1179,0.0,1667520000000
tank_1181,132.91764705882355,1667520000000
tank_1186,74.0,1667520000000
tank_1187,12.337254901960785,1667520000000
tank_1190,0.0,1667520000000
tank_1192,9.0,1667520000000
tank_1196,0.0,1667520000000
tank_1197,1715.0,1667520000000
tank_1201,105.0,1667520000000
tank_1203,0.0,1667520000000
tank_1205,238.90980392156862,1667520000000
tank_1209,822.0,1667520000000
tank_1217,0.0,1667520000000
tank_1223,0.0,1667520000000
tank_1226,117.53333333333332,1667520000000
tank_1228,331.0,1667520000000
tank_1230,0.0,1667520000000
tank_1237,21.0,1667520000000
tank_1239,595.0,1667520000000
tank_1245,0.0,1667520000000
tank_1246,153.8235294117647,1667520000000
tank_1250,0.0,1667520000000
tank_1254,1137.0,1667520000000
tank_1255,0.0,1667520000000
tank_1258,186.0,1667520000000
tank_1261,0.0,1667520000000
tank_1262,0.0,1667520000000
tank_1263,48.0,1667520000000
tank_1265,5.0,1667520000000
tank_1270,18.0,1667520000000
tank_1272,0.0,1667520000000
tank_1275,0.0,1667520000000
tank_1276,62.0,1667520000000
tank_1279,12.992156862745098,1667520000000
tank_1280,0.9607843137254902,1667520000000
tank_1284,1.380392156862745,1667520000000
tank_1285,9.890196078431371,1667520000000
tank_1286,184.72549019607845,1667520000000
tank_1290,60.12156862745098,1667520000000
tank_1291,0.0,1667520000000
tank_1293,64.0,1667520000000
tank_1295,0.0,1667520000000
tank_1297,94.0,1667520000000
tank_1301,162.0,1667520000000
tank_1302,30.0,1667520000000
tank_1304,0.0,1667520000000
tank_1305,42.0,1667520000000
tank_1313,564.0,1667520000000
tank_1322,0.0,1667520000000
tank_1325,161.06274509803922,1667520000000
tank_1326,0.0,1667520000000
tank_1344,0.0,1667520000000
tank_1346,0.0,1667520000000
tank_1349,0.0,1667520000000
tank_1353,411.0,1667520000000
tank_1358,0.0,1667520000000
tank_1359,0.0,1667520000000
tank_1361,296.0,1667520000000
tank_1364,1184.0,1667520000000
tank_1365,3.0,1667520000000
tank_1372,35.0,1667520000000
tank_1374,145.0,1667520000000
tank_1378,446.0,1667520000000
tank_1380,71.69019607843137,1667520000000
tank_1386,204.0,1667520000000
tank_1391,19.0,1667520000000
tank_1393,28.99607843137255,1667520000000
tank_1396,115.0,1667520000000
tank_1397,0.0,1667520000000
tank_1403,9.0,1667520000000
tank_1409,168.0,1667520000000
tank_1412,8.537254901960784,1667520000000
tank_1415,0.0,1667520000000
tank_1416,24.980392156862745,1667520000000
tank_1421,130.0,1667520000000
tank_1422,0.0,1667520000000
tank_1425,26.0,1667520000000
tank_1426,0.0,1667520000000
tank_1430,25.0,1667520000000
tank_1433,174.0,1667520000000
tank_1438,24.84705882352941,1667520000000
tank_1439,12.0,1667520000000
tank_1441,0.0,1667520000000
tank_1443,0.0,1667520000000
tank_1445,51.92941176470588,1667520000000
tank_1446,17.784313725490197,1667520000000
tank_1450,0.0,1667520000000
tank_1452,0.0,1667520000000
tank_1456,0.0,1667520000000
tank_1466,0.0,1667520000000
tank_1471,0.0,1667520000000
tank_1475,376.0,1667520000000
tank_1486,1181.0,1667520000000
tank_1488,129.27843137254902,1667520000000
tank_1491,39.0,1667520000000
tank_1500,35.14901960784314,1667520000000
tank_1505,449.0,1667520000000
tank_1513,388.0,1667520000000
tank_1531,66.0,1667520000000
tank_1536,49.0,1667520000000
tank_1539,516.0,1667520000000
tank_1541,45.0,1667520000000
tank_1542,17.890196078431373,1667520000000
tank_1547,141.0,1667520000000
tank_1563,23.623529411764707,1667520000000
tank_1564,0.0,1667520000000
tank_1565,1405.0,1667520000000
tank_1567,69.0,1667520000000
tank_1568,116.0,1667520000000
tank_1573,44.0,1667520000000
tank_1583,6.4980392156862745,1667520000000
tank_1587,812.0,1667520000000
tank_1588,3.0,1667520000000
tank_1592,0.0,1667520000000
tank_1594,95.73333333333333,1667520000000
tank_1595,34.80392156862746,1667520000000
tank_1597,277.74901960784314,1667520000000
tank_1598,3.1803921568627453,1667520000000
tank_1600,0.0,1667520000000
tank_1604,0.0,1667520000000
tank_0002,0.0,1668556800000
tank_0004,0.0,1668556800000
tank_0005,0.0,1668556800000
tank_0011,0.0,1668556800000
tank_0014,0.0,1668556800000
tank_0019,0.0,1668556800000
tank_0024,90.84313725490196,1668556800000
tank_0025,0.0,1668556800000
tank_0026,0.0,1668556800000
tank_0027,0.0,1668556800000
tank_0030,0.0,1668556800000
tank_0031,106.83137254901965,1668556800000
tank_0036,0.0,1668556800000
tank_0037,0.0,1668556800000
tank_0038,5.67843137254902,1668556800000
tank_0050,116.04705882352943,1668556800000
tank_0051,0.0,1668556800000
tank_0052,0.0,1668556800000
tank_0053,2.0,1668556800000
tank_0055,0.0,1668556800000
tank_0057,55.0,1668556800000
tank_0058,0.0,1668556800000
tank_0064,53.32549019607842,1668556800000
tank_0069,143.29803921568626,1668556800000
tank_0072,74.0,1668556800000
tank_0073,0.0,1668556800000
tank_0080,24.95294117647059,1668556800000
tank_0094,1.7568627450980392,1668556800000
tank_0107,0.0,1668556800000
tank_0110,277.1254901960784,1668556800000
tank_0113,9.0,1668556800000
tank_0115,0.0,1668556800000
tank_0116,0.0,1668556800000
tank_0117,363.6745098039216,1668556800000
tank_0118,43.2235294117647,1668556800000
tank_0122,21.031372549019608,1668556800000
tank_0125,19.333333333333336,1668556800000
tank_0130,0.0,1668556800000
tank_0131,0.0,1668556800000
tank_0132,0.0,1668556800000
tank_0134,0.0,1668556800000
tank_0135,0.0,1668556800000
tank_0142,0.0,1668556800000
tank_0143,39.49411764705882,1668556800000
tank_0144,105.95294117647059,1668556800000
tank_0148,0.0,1668556800000
tank_0153,27.0,1668556800000
tank_0156,0.0,1668556800000
tank_0159,0.0,1668556800000
tank_0165,0.0,1668556800000
tank_0171,30.43529411764706,1668556800000
tank_0172,0.0,1668556800000
tank_0174,0.19607843137254902,1668556800000
tank_0176,0.0,1668556800000
tank_0184,0.0,1668556800000
tank_0187,0.0,1668556800000
tank_0190,1.6235294117647059,1668556800000
tank_0192,0.0,1668556800000
tank_0193,0.0,1668556800000
tank_0195,0.0,1668556800000
tank_0199,0.0,1668556800000
tank_0204,42.89019607843137,1668556800000
tank_0205,0.0,1668556800000
tank_0207,0.0,1668556800000
tank_0209,0.0,1668556800000
tank_0213,17.0,1668556800000
tank_0217,223.0313725490196,1668556800000
tank_0220,0.0,1668556800000
tank_0221,0.6196078431372549,1668556800000
tank_0225,66.89411764705882,1668556800000
tank_0226,0.0,1668556800000
tank_0228,0.0,1668556800000
tank_0229,0.0,1668556800000
tank_0231,0.0,1668556800000
tank_0233,0.0,1668556800000
tank_0236,0.0,1668556800000
tank_0237,0.0,1668556800000
tank_0240,0.0,1668556800000
tank_0242,83.0,1668556800000
tank_0245,0.0,1668556800000
tank_0247,699.964705882353,1668556800000
tank_0256,0.0,1668556800000
tank_0257,0.0,1668556800000
tank_0260,0.0,1668556800000
tank_0261,0.0,1668556800000
tank_0264,145.93725490196078,1668556800000
tank_0273,201.0,1668556800000
tank_0276,0.0,1668556800000
tank_0278,0.0,1668556800000
tank_0280,0.0,1668556800000
tank_0291,3.0,1668556800000
tank_0292,0.0,1668556800000
tank_0296,0.0,1668556800000
tank_0297,26.376470588235293,1668556800000
tank_0299,0.0,1668556800000
tank_0300,0.0,1668556800000
tank_0301,2.145098039215686,1668556800000
tank_0307,76.82352941176471,1668556800000
tank_0309,38.8,1668556800000
tank_0313,28.96078431372549,1668556800000
tank_0314,0.0,1668556800000
tank_0319,10.03921568627451,1668556800000
tank_0321,0.0,1668556800000
tank_0327,0.0,1668556800000
tank_0337,0.0,1668556800000
tank_0338,0.0,1668556800000
tank_0339,0.0,1668556800000
tank_0342,61.04313725490196,1668556800000
tank_0345,0.0,1668556800000
tank_0346,0.0,1668556800000
tank_0349,328.68627450980387,1668556800000
tank_0350,0.0,1668556800000
tank_0353,0.0,1668556800000
tank_0356,0.0,1668556800000
tank_0360,11.298039215686275,1668556800000
tank_0361,0.0,1668556800000
tank_0362,0.0,1668556800000
tank_0364,0.0,1668556800000
tank_0366,0.0,1668556800000
tank_0369,45.90588235294118,1668556800000
tank_0375,0.0,1668556800000
tank_0379,42.13725490196079,1668556800000
tank_0381,0.0,1668556800000
tank_0386,30.749019607843138,1668556800000
tank_0390,35.56470588235294,1668556800000
tank_0397,0.0,1668556800000
tank_0399,0.0,1668556800000
tank_0404,477.6313725490196,1668556800000
tank_0409,0.0,1668556800000
tank_0420,0.0,1668556800000
tank_0425,0.0,1668556800000
tank_0431,0.0,1668556800000
tank_0432,0.0,1668556800000
tank_0435,90.0,1668556800000
tank_0436,0.0,1668556800000
tank_0438,22.984313725490196,1668556800000
tank_0443,0.0,1668556800000
tank_0444,405.0,1668556800000
tank_0447,0.0,1668556800000
tank_0448,48.98039215686275,1668556800000
tank_0449,0.0,1668556800000
tank_0455,0.0,1668556800000
tank_0460,0.0,1668556800000
tank_0462,369.4980392156863,1668556800000
tank_0466,0.0,1668556800000
tank_0471,0.0,1668556800000
tank_0473,0.0,1668556800000
tank_0474,0.0,1668556800000
tank_0481,2.0,1668556800000
tank_0485,55.423529411764704,1668556800000
tank_0489,0.0,1668556800000
tank_0491,0.0,1668556800000
tank_0494,0.0,1668556800000
tank_0497,0.0,1668556800000
tank_0498,0.34509803921568627,1668556800000
tank_0502,22.478431372549025,1668556800000
tank_0505,0.0,1668556800000
tank_0509,0.0,1668556800000
tank_0512,233.58039215686276,1668556800000
tank_0514,0.0,1668556800000
tank_0515,0.0,1668556800000
tank_0521,52.0,1668556800000
tank_0524,0.0,1668556800000
tank_0526,56.0,1668556800000
tank_0533,0.0,1668556800000
tank_0534,4.0,1668556800000
tank_0536,21.745098039215684,1668556800000
tank_0537,0.0,1668556800000
tank_0541,0.0,1668556800000
tank_0547,0.0,1668556800000
tank_0552,0.0,1668556800000
tank_0555,9.0,1668556800000
tank_0556,0.0,1668556800000
tank_0557,0.0,1668556800000
tank_0560,0.0,1668556800000
tank_0561,0.0,1668556800000
tank_0566,0.0,1668556800000
tank_0567,0.0,1668556800000
tank_0568,0.0,1668556800000
tank_0574,90.0,1668556800000
tank_0579,1166.6431372549018,1668556800000
tank_0583,278.0,1668556800000
tank_0587,0.0,1668556800000
tank_0589,0.0,1668556800000
tank_0590,117.0,1668556800000
tank_0592,0.0,1668556800000
tank_0593,0.0,1668556800000
tank_0595,0.0,1668556800000
tank_0600,0.0,1668556800000
tank_0604,0.0,1668556800000
tank_0606,0.0,1668556800000
tank_0607,0.0,1668556800000
tank_0608,758.9686274509804,1668556800000
tank_0610,0.0,1668556800000
tank_0611,0.0,1668556800000
tank_0612,0.0,1668556800000
tank_0613,0.0,1668556800000
tank_0619,8.662745098039217,1668556800000
tank_0626,0.0,1668556800000
tank_0627,0.0,1668556800000
tank_0628,0.0,1668556800000
tank_0632,20.666666666666668,1668556800000
tank_0633,0.0,1668556800000
tank_0639,0.0,1668556800000
tank_0640,0.0,1668556800000
tank_0641,0.0,1668556800000
tank_0643,0.0,1668556800000
tank_0646,0.0,1668556800000
tank_0663,0.0,1668556800000
tank_0664,26.094117647058823,1668556800000
tank_0666,0.0,1668556800000
tank_0667,0.0,1668556800000
tank_0670,39.34901960784313,1668556800000
tank_0675,0.0,1668556800000
tank_0676,523.0,1668556800000
tank_0678,0.0,1668556800000
tank_0681,0.0,1668556800000
tank_0687,35.886274509803926,1668556800000
tank_0688,431.0,1668556800000
tank_0697,0.0,1668556800000
tank_0720,2.0,1668556800000
tank_0722,0.0,1668556800000
tank_0724,0.0,1668556800000
tank_0725,27.0,1668556800000
tank_0728,0.0,1668556800000
tank_0730,0.0,1668556800000
tank_0731,864.0,1668556800000
tank_0732,0.0,1668556800000
tank_0737,400.0,1668556800000
tank_0739,0.0,1668556800000
tank_0740,0.0,1668556800000
tank_0746,0.0,1668556800000
tank_0748,0.0,1668556800000
tank_0749,0.0,1668556800000
tank_0752,0.0,1668556800000
tank_0760,0.0,1668556800000
tank_0770,0.0,1668556800000
tank_0772,0.0,1668556800000
tank_0788,0.0,1668556800000
tank_0789,0.0,1668556800000
tank_0792,7.372549019607843,1668556800000
tank_0797,85.0,1668556800000
tank_0800,146.3843137254902,1668556800000
tank_0802,119.56470588235294,1668556800000
tank_0803,1.572549019607843,1668556800000
tank_0808,3.313725490196078,1668556800000
tank_0810,32.15294117647059,1668556800000
tank_0811,6.733333333333333,1668556800000
tank_0812,79.0,1668556800000
tank_0813,6.219607843137254,1668556800000
tank_0816,0.0,1668556800000
tank_0819,22.470588235294116,1668556800000
tank_0823,0.0,1668556800000
tank_0824,691.0,1668556800000
tank_0825,6.929411764705883,1668556800000
tank_0828,13.0,1668556800000
tank_0829,66.56862745098039,1668556800000
tank_0830,196.10588235294117,1668556800000
tank_0831,0.0,1668556800000
tank_0844,0.0,1668556800000
tank_0852,223.7607843137255,1668556800000
tank_0855,148.0,1668556800000
tank_0856,969.0,1668556800000
tank_0860,49.42745098039216,1668556800000
tank_0861,49.831372549019605,1668556800000
tank_0872,28.75294117647059,1668556800000
tank_0875,233.0862745098039,1668556800000
tank_0879,6.0,1668556800000
tank_0885,0.0,1668556800000
tank_0891,29.0,1668556800000
tank_0894,1286.0,1668556800000
tank_0898,579.0,1668556800000
tank_0900,89.58823529411762,1668556800000
tank_0901,111.76470588235294,1668556800000
tank_0902,188.0,1668556800000
tank_0914,101.0,1668556800000
tank_0917,642.0,1668556800000
tank_0919,174.35686274509806,1668556800000
tank_0920,119.8,1668556800000
tank_0922,93.0,1668556800000
tank_0923,30.498039215686276,1668556800000
tank_0924,0.0,1668556800000
tank_0926,0.0,1668556800000
tank_0927,7.105882352941176,1668556800000
tank_0928,25.192156862745097,1668556800000
tank_0930,322.9725490196078,1668556800000
tank_0931,196.0,1668556800000
tank_0933,0.0,1668556800000
tank_0934,0.0,1668556800000
tank_0937,0.0,1668556800000
tank_0938,0.0,1668556800000
tank_0939,0.0,1668556800000
tank_0944,98.0,1668556800000
tank_0946,0.0,1668556800000
tank_0952,28.984313725490196,1668556800000
tank_0958,0.0,1668556800000
tank_0962,1290.0,1668556800000
tank_0967,7.749019607843137,1668556800000
tank_0975,0.0,1668556800000
tank_0978,0.0,1668556800000
tank_0990,0.0,1668556800000
tank_0991,612.0,1668556800000
tank_0998,0.0,1668556800000
tank_0999,0.0,1668556800000
tank_1003,1261.5058823529412,1668556800000
tank_1004,0.0,1668556800000
tank_1014,440.0,1668556800000
tank_1026,256.8627450980392,1668556800000
tank_1031,37.86666666666667,1668556800000
tank_1032,4.6196078431372545,1668556800000
tank_1034,25.30980392156863,1668556800000
tank_1042,35.898039215686275,1668556800000
tank_1045,34.0,1668556800000
tank_1049,133.86666666666667,1668556800000
tank_1055,23.99607843137255,1668556800000
tank_1061,28.91372549019608,1668556800000
tank_1062,0.0,1668556800000
tank_1064,0.0,1668556800000
tank_1065,7.92156862745098,1668556800000
tank_1066,0.0,1668556800000
tank_1070,125.0,1668556800000
tank_1073,97.0,1668556800000
tank_1083,209.0,1668556800000
tank_1086,4.0,1668556800000
tank_1088,49.274509803921575,1668556800000
tank_1089,31.0,1668556800000
tank_1090,134.98823529411766,1668556800000
tank_1091,0.0,1668556800000
tank_1094,1177.0,1668556800000
tank_1095,4.0,1668556800000
tank_1104,0.8745098039215686,1668556800000
tank_1113,30.0,1668556800000
tank_1116,0.0,1668556800000
tank_1117,0.0,1668556800000
tank_1120,401.1843137254902,1668556800000
tank_1121,228.0,1668556800000
tank_1124,27.211764705882352,1668556800000
tank_1128,51.772549019607844,1668556800000
tank_1134,0.6745098039215687,1668556800000
tank_1135,37.75686274509804,1668556800000
tank_1146,4.0,1668556800000
tank_1149,0.0,1668556800000
tank_1156,0.0,1668556800000
tank_1157,28.95294117647059,1668556800000
tank_1159,319.0,1668556800000
tank_1160,697.0,1668556800000
tank_1166,4.125490196078431,1668556800000
tank_1170,31.341176470588234,1668556800000
tank_1175,0.0,1668556800000
tank_1177,0.0,1668556800000
tank_1179,0.0,1668556800000
tank_1181,179.7921568627451,1668556800000
tank_1186,122.0,1668556800000
tank_1187,18.337254901960783,1668556800000
tank_1190,0.0,1668556800000
tank_1192,10.0,1668556800000
tank_1196,0.0,1668556800000
tank_1197,1832.0,1668556800000
tank_1201,119.0,1668556800000
tank_1203,0.0,1668556800000
tank_1205,265.9098039215686,1668556800000
tank_1209,1019.0,1668556800000
tank_1217,0.0,1668556800000
tank_1223,0.0,1668556800000
tank_1226,122.9843137254902,1668556800000
tank_1228,310.0,1668556800000
tank_1230,0.0,1668556800000
tank_1237,25.0,1668556800000
tank_1239,845.0,1668556800000
tank_1245,0.0,1668556800000
tank_1246,201.49803921568628,1668556800000
tank_1250,2.0823529411764707,1668556800000
tank_1254,1364.0,1668556800000
tank_1255,1.0,1668556800000
tank_1258,188.0,1668556800000
tank_1261,0.0,1668556800000
tank_1262,0.0,1668556800000
tank_1263,67.07058823529411,1668556800000
tank_1265,8.0,1668556800000
tank_1270,25.0,1668556800000
tank_1272,8.996078431372549,1668556800000
tank_1275,0.0,1668556800000
tank_1276,105.0,1668556800000
tank_1279,8.992156862745098,1668556800000
tank_1280,5.627450980392157,1668556800000
tank_1284,9.52549019607843,1668556800000
tank_1285,12.20392156862745,1668556800000
tank_1286,215.4980392156863,1668556800000
tank_1290,58.63921568627452,1668556800000
tank_1291,44.15686274509804,1668556800000
tank_1293,76.0,1668556800000
tank_1295,0.0,1668556800000
tank_1297,106.0,1668556800000
tank_1301,203.0,1668556800000
tank_1302,38.0,1668556800000
tank_1304,0.0,1668556800000
tank_1305,114.34117647058824,1668556800000
tank_1313,805.0,1668556800000
tank_1322,0.0,1668556800000
tank_1325,176.99607843137255,1668556800000
tank_1326,0.0,1668556800000
tank_1344,0.0,1668556800000
tank_1346,0.0,1668556800000
tank_1349,0.0,1668556800000
tank_1353,649.0,1668556800000
tank_1358,0.0,1668556800000
tank_1359,0.0,1668556800000
tank_1361,539.0,1668556800000
tank_1364,1399.0,1668556800000
tank_1365,4.0,1668556800000
tank_1372,48.0,1668556800000
tank_1374,176.0,1668556800000
tank_1378,511.0,1668556800000
tank_1380,78.0,1668556800000
tank_1386,228.0,1668556800000
tank_1391,22.0,1668556800000
tank_1393,29.992156862745098,1668556800000
tank_1396,172.0,1668556800000
tank_1397,0.0,1668556800000
tank_1403,12.0,1668556800000
tank_1409,187.0,1668556800000
tank_1412,8.0,1668556800000
tank_1415,0.0,1668556800000
tank_1416,25.980392156862745,1668556800000
tank_1421,313.0,1668556800000
tank_1422,0.0,1668556800000
tank_1425,152.0,1668556800000
tank_1426,5.0,1668556800000
tank_1430,41.752941176470586,1668556800000
tank_1433,320.0,1668556800000
tank_1438,26.149019607843133,1668556800000
tank_1439,13.67450980392157,1668556800000
tank_1441,0.0,1668556800000
tank_1443,0.0,1668556800000
tank_1445,52.92941176470588,1668556800000
tank_1446,23.0,1668556800000
tank_1450,0.0,1668556800000
tank_1452,0.0,1668556800000
tank_1456,0.0,1668556800000
tank_1466,0.0,1668556800000
tank_1471,0.0,1668556800000
tank_1475,603.9333333333333,1668556800000
tank_1486,1388.0,1668556800000
tank_1488,164.36470588235295,1668556800000
tank_1491,46.0,1668556800000
tank_1500,49.7764705882353,1668556800000
tank_1505,547.0,1668556800000
tank_1513,584.0,1668556800000
tank_1531,88.0,1668556800000
tank_1536,48.41568627450981,1668556800000
tank_1539,551.643137254902,1668556800000
tank_1541,53.0,1668556800000
tank_1542,20.59607843137255,1668556800000
tank_1547,284.0,1668556800000
tank_1563,29.0,1668556800000
tank_1564,0.0,1668556800000
tank_1565,1460.0,1668556800000
tank_1567,82.0,1668556800000
tank_1568,108.0,1668556800000
tank_1573,62.0,1668556800000
tank_1583,8.321568627450981,1668556800000
tank_1587,549.0,1668556800000
tank_1588,5.019607843137255,1668556800000
tank_1592,0.0,1668556800000
tank_1594,109.0,1668556800000
tank_1595,48.101960784313725,1668556800000
tank_1597,337.74901960784314,1668556800000
tank_1598,2.0,1668556800000
tank_1600,0.0,1668556800000
tank_1604,0.0,1668556800000
tank_0002,0.0,1669593600000
tank_0004,0.0,1669593600000
tank_0005,0.0,1669593600000
tank_0011,0.0,1669593600000
tank_0014,0.0,1669593600000
tank_0019,0.0,1669593600000
tank_0024,97.03529411764707,1669593600000
tank_0025,0.0,1669593600000
tank_0026,0.0,1669593600000
tank_0027,0.0,1669593600000
tank_0030,0.0,1669593600000
tank_0031,118.25098039215688,1669593600000
tank_0036,0.0,1669593600000
tank_0037,0.0,1669593600000
tank_0038,5.678431372549021,1669593600000
tank_0050,117.58039215686276,1669593600000
tank_0051,3.372549019607843,1669593600000
tank_0052,0.0,1669593600000
tank_0053,6.674509803921569,1669593600000
tank_0055,0.0,1669593600000
tank_0057,59.956862745098036,1669593600000
tank_0058,0.0,1669593600000
tank_0064,67.43137254901961,1669593600000
tank_0069,176.10588235294117,1669593600000
tank_0072,67.0,1669593600000
tank_0073,0.0,1669593600000
tank_0080,22.95294117647059,1669593600000
tank_0094,0.0,1669593600000
tank_0107,0.0,1669593600000
tank_0110,273.4470588235294,1669593600000
tank_0113,11.788235294117648,1669593600000
tank_0115,0.0,1669593600000
tank_0116,0.0,1669593600000
tank_0117,301.6745098039216,1669593600000
tank_0118,44.0,1669593600000
tank_0122,18.0,1669593600000
tank_0125,10.729411764705882,1669593600000
tank_0130,0.0,1669593600000
tank_0131,0.0,1669593600000
tank_0132,0.0,1669593600000
tank_0134,0.0,1669593600000
tank_0135,2.996078431372549,1669593600000
tank_0142,0.0,1669593600000
tank_0143,47.984313725490196,1669593600000
tank_0144,102.84313725490196,1669593600000
tank_0148,0.0,1669593600000
tank_0153,28.0,1669593600000
tank_0156,0.0,1669593600000
tank_0159,0.0,1669593600000
tank_0165,4.0,1669593600000
tank_0171,18.788235294117648,1669593600000
tank_0172,0.0,1669593600000
tank_0174,0.0,1669593600000
tank_0176,0.0,1669593600000
tank_0184,0.0,1669593600000
tank_0187,0.0,1669593600000
tank_0190,0.0,1669593600000
tank_0192,0.0,1669593600000
tank_0193,0.0,1669593600000
tank_0195,0.0,1669593600000
tank_0199,0.0,1669593600000
tank_0204,43.752941176470586,1669593600000
tank_0205,0.0,1669593600000
tank_0207,0.0,1669593600000
tank_0209,0.0,1669593600000
tank_0213,3.0,1669593600000
tank_0217,214.28627450980392,1669593600000
tank_0220,0.0,1669593600000
tank_0221,0.6196078431372549,1669593600000
tank_0225,61.52549019607843,1669593600000
tank_0226,0.0,1669593600000
tank_0228,0.0,1669593600000
tank_0229,0.0,1669593600000
tank_0231,0.1843137254901961,1669593600000
tank_0233,0.0,1669593600000
tank_0236,0.0,1669593600000
tank_0237,0.0,1669593600000
tank_0240,0.0,1669593600000
tank_0242,106.39607843137254,1669593600000
tank_0245,0.0,1669593600000
tank_0247,733.5372549019608,1669593600000
tank_0256,0.0,1669593600000
tank_0257,0.0,1669593600000
tank_0260,0.0,1669593600000
tank_0261,0.0,1669593600000
tank_0264,148.84313725490196,1669593600000
tank_0273,202.58823529411765,1669593600000
tank_0276,3.0,1669593600000
tank_0278,0.0,1669593600000
tank_0280,0.0,1669593600000
tank_0291,1.0,1669593600000
tank_0292,0.27450980392156865,1669593600000
tank_0296,0.0,1669593600000
tank_0297,30.235294117647058,1669593600000
tank_0299,1.0,1669593600000
tank_0300,1.211764705882353,1669593600000
tank_0301,0.0,1669593600000
tank_0307,89.93333333333334,1669593600000
tank_0309,29.737254901960785,1669593600000
tank_0313,12.0,1669593600000
tank_0314,0.0,1669593600000
tank_0319,13.741176470588236,1669593600000
tank_0321,0.0,1669593600000
tank_0327,0.0,1669593600000
tank_0337,0.0,1669593600000
tank_0338,0.0,1669593600000
tank_0339,0.0,1669593600000
tank_0342,68.4627450980392,1669593600000
tank_0345,0.0,1669593600000
tank_0346,0.0,1669593600000
tank_0349,374.0941176470588,1669593600000
tank_0350,0.0,1669593600000
tank_0353,1.0,1669593600000
tank_0356,0.0,1669593600000
tank_0360,14.682352941176472,1669593600000
tank_0361,0.0,1669593600000
tank_0362,0.0,1669593600000
tank_0364,0.0,1669593600000
tank_0366,2.156862745098039,1669593600000
tank_0369,38.529411764705884,1669593600000
tank_0375,0.0,1669593600000
tank_0379,35.38823529411765,1669593600000
tank_0381,0.0,1669593600000
tank_0386,29.250980392156862,1669593600000
tank_0390,36.95686274509803,1669593600000
tank_0397,0.0,1669593600000
tank_0399,0.0,1669593600000
tank_0404,522.6392156862745,1669593600000
tank_0409,0.0,1669593600000
tank_0420,0.050980392156862744,1669593600000
tank_0425,0.0,1669593600000
tank_0431,0.0,1669593600000
tank_0432,0.0,1669593600000
tank_0435,72.0,1669593600000
tank_0436,0.0,1669593600000
tank_0438,24.0,1669593600000
tank_0443,0.0,1669593600000
tank_0444,397.0,1669593600000
tank_0447,11.0,1669593600000
tank_0448,66.77254901960785,1669593600000
tank_0449,0.0,1669593600000
tank_0455,0.0,1669593600000
tank_0460,0.0,1669593600000
tank_0462,259.0,1669593600000
tank_0466,0.0,1669593600000
tank_0471,0.0,1669593600000
tank_0473,1.1254901960784314,1669593600000
tank_0474,0.0,1669593600000
tank_0481,4.858823529411765,1669593600000
tank_0485,60.741176470588236,1669593600000
tank_0489,0.0,1669593600000
tank_0491,0.0,1669593600000
tank_0494,0.0,1669593600000
tank_0497,0.0,1669593600000
tank_0498,3.32156862745098,1669593600000
tank_0502,28.88235294117647,1669593600000
tank_0505,0.0,1669593600000
tank_0509,0.0,1669593600000
tank_0512,201.85490196078433,1669593600000
tank_0514,0.0,1669593600000
tank_0515,1.843137254901961,1669593600000
tank_0521,44.0,1669593600000
tank_0524,0.0,1669593600000
tank_0526,48.0,1669593600000
tank_0533,0.0,1669593600000
tank_0534,4.0,1669593600000
tank_0536,21.0,1669593600000
tank_0537,0.0,1669593600000
tank_0541,0.0,1669593600000
tank_0547,0.0,1669593600000
tank_0552,0.0,1669593600000
tank_0555,18.0,1669593600000
tank_0556,0.0,1669593600000
tank_0557,0.0,1669593600000
tank_0560,0.0,1669593600000
tank_0561,0.0,1669593600000
tank_0566,0.0,1669593600000
tank_0567,0.0,1669593600000
tank_0568,0.0,1669593600000
tank_0574,95.0,1669593600000
tank_0579,1219.6431372549018,1669593600000
tank_0583,259.0,1669593600000
tank_0587,0.0,1669593600000
tank_0589,0.0,1669593600000
tank_0590,119.0,1669593600000
tank_0592,0.0,1669593600000
tank_0593,0.0,1669593600000
tank_0595,0.0,1669593600000
tank_0600,9.368627450980393,1669593600000
tank_0604,0.0,1669593600000
tank_0606,0.0,1669593600000
tank_0607,0.0,1669593600000
tank_0608,579.0,1669593600000
tank_0610,0.0,1669593600000
tank_0611,4.0,1669593600000
tank_0612,0.0,1669593600000
tank_0613,0.0,1669593600000
tank_0619,13.780392156862746,1669593600000
tank_0626,0.0,1669593600000
tank_0627,0.0,1669593600000
tank_0628,0.0,1669593600000
tank_0632,18.0,1669593600000
tank_0633,1.6901960784313725,1669593600000
tank_0639,0.0,1669593600000
tank_0640,2.5137254901960784,1669593600000
tank_0641,0.0,1669593600000
tank_0643,0.0,1669593600000
tank_0646,0.0,1669593600000
tank_0663,0.0,1669593600000
tank_0664,17.686274509803923,1669593600000
tank_0666,0.0,1669593600000
tank_0667,0.0,1669593600000
tank_0670,38.76470588235294,1669593600000
tank_0675,0.0,1669593600000
tank_0676,551.0,1669593600000
tank_0678,1.6862745098039216,1669593600000
tank_0681,0.0,1669593600000
tank_0687,28.886274509803922,1669593600000
tank_0688,365.0,1669593600000
tank_0697,0.0,1669593600000
tank_0720,6.0,1669593600000
tank_0722,0.0,1669593600000
tank_0724,0.0,1669593600000
tank_0725,36.0,1669593600000
tank_0728,0.0,1669593600000
tank_0730,0.0,1669593600000
tank_0731,802.0,1669593600000
tank_0732,0.0,1669593600000
tank_0737,388.0,1669593600000
tank_0739,0.0,1669593600000
tank_0740,0.0,1669593600000
tank_0746,0.0,1669593600000
tank_0748,0.0,1669593600000
tank_0749,0.0,1669593600000
tank_0752,0.0,1669593600000
tank_0760,0.0,1669593600000
tank_0770,0.0,1669593600000
tank_0772,0.30196078431372547,1669593600000
tank_0788,0.0,1669593600000
tank_0789,0.0,1669593600000
tank_0792,9.333333333333334,1669593600000
tank_0797,91.69019607843137,1669593600000
tank_0800,167.33333333333331,1669593600000
tank_0802,110.3843137254902,1669593600000
tank_0803,2.772549019607843,1669593600000
tank_0808,3.0,1669593600000
tank_0810,27.980392156862745,1669593600000
tank_0811,18.223529411764705,1669593600000
tank_0812,76.52549019607844,1669593600000
tank_0813,0.8627450980392157,1669593600000
tank_0816,2.0,1669593600000
tank_0819,4.031372549019608,1669593600000
tank_0823,0.0,1669593600000
tank_0824,701.921568627451,1669593600000
tank_0825,4.0,1669593600000
tank_0828,8.0,1669593600000
tank_0829,63.858823529411765,1669593600000
tank_0830,189.12549019607843,1669593600000
tank_0831,0.0,1669593600000
tank_0844,0.0,1669593600000
tank_0852,215.63921568627453,1669593600000
tank_0855,160.5921568627451,1669593600000
tank_0856,962.0,1669593600000
tank_0860,36.976470588235294,1669593600000
tank_0861,48.98039215686274,1669593600000
tank_0872,32.68627450980392,1669593600000
tank_0875,235.19607843137254,1669593600000
tank_0879,13.0,1669593600000
tank_0885,0.0,1669593600000
tank_0891,22.0,1669593600000
tank_0894,1353.8235294117646,1669593600000
tank_0898,556.0,1669593600000
tank_0900,98.29019607843136,1669593600000
tank_0901,118.0,1669593600000
tank_0902,203.0,1669593600000
tank_0914,78.9843137254902,1669593600000
tank_0917,632.9725490196079,1669593600000
tank_0919,169.7764705882353,1669593600000
tank_0920,111.80392156862744,1669593600000
tank_0922,128.0,1669593600000
tank_0923,65.51764705882353,1669593600000
tank_0924,0.0,1669593600000
tank_0926,0.0,1669593600000
tank_0927,8.584313725490194,1669593600000
tank_0928,29.0,1669593600000
tank_0930,308.1333333333333,1669593600000
tank_0931,228.96078431372547,1669593600000
tank_0933,0.0,1669593600000
tank_0934,0.0,1669593600000
tank_0937,0.0,1669593600000
tank_0938,0.0,1669593600000
tank_0939,6.68235294117647,1669593600000
tank_0944,93.9921568627451,1669593600000
tank_0946,0.0,1669593600000
tank_0952,35.57254901960785,1669593600000
tank_0958,0.0,1669593600000
tank_0962,1326.0,1669593600000
tank_0967,7.172549019607843,1669593600000
tank_0975,0.0,1669593600000
tank_0978,0.0,1669593600000
tank_0990,0.0,1669593600000
tank_0991,669.0,1669593600000
tank_0998,0.0,1669593600000
tank_0999,0.0,1669593600000
tank_1003,1286.1176470588234,1669593600000
tank_1004,0.0,1669593600000
tank_1014,461.0,1669593600000
tank_1026,252.88235294117646,1669593600000
tank_1031,31.0,1669593600000
tank_1032,12.4,1669593600000
tank_1034,4.407843137254902,1669593600000
tank_1042,25.0,1669593600000
tank_1045,33.0,1669593600000
tank_1049,135.86274509803923,1669593600000
tank_1055,39.80392156862746,1669593600000
tank_1061,30.729411764705883,1669593600000
tank_1062,3.1254901960784314,1669593600000
tank_1064,0.0,1669593600000
tank_1065,8.4,1669593600000
tank_1066,0.0,1669593600000
tank_1070,137.0,1669593600000
tank_1073,116.86274509803921,1669593600000
tank_1083,215.0,1669593600000
tank_1086,2.0,1669593600000
tank_1088,42.925490196078435,1669593600000
tank_1089,27.0,1669593600000
tank_1090,150.7372549019608,1669593600000
tank_1091,0.0,1669593600000
tank_1094,1203.0,1669593600000
tank_1095,6.0,1669593600000
tank_1104,5.443137254901961,1669593600000
tank_1113,33.0,1669593600000
tank_1116,0.0,1669593600000
tank_1117,0.0,1669593600000
tank_1120,394.67058823529413,1669593600000
tank_1121,393.0,1669593600000
tank_1124,23.490196078431374,1669593600000
tank_1128,62.80392156862745,1669593600000
tank_1134,4.627450980392156,1669593600000
tank_1135,46.63529411764706,1669593600000
tank_1146,2.0,1669593600000
tank_1149,0.0,1669593600000
tank_1156,0.0,1669593600000
tank_1157,26.482352941176476,1669593600000
tank_1159,325.0,1669593600000
tank_1160,644.0,1669593600000
tank_1166,1.3764705882352941,1669593600000
tank_1170,22.345098039215685,1669593600000
tank_1175,0.0,1669593600000
tank_1177,0.0,1669593600000
tank_1179,0.0,1669593600000
tank_1181,176.69803921568626,1669593600000
tank_1186,148.0,1669593600000
tank_1187,14.588235294117647,1669593600000
tank_1190,0.0,1669593600000
tank_1192,8.0,1669593600000
tank_1196,0.0,1669593600000
tank_1197,1840.7490196078431,1669593600000
tank_1201,135.0,1669593600000
tank_1203,0.0,1669593600000
tank_1205,289.0,1669593600000
tank_1209,996.0,1669593600000
tank_1217,0.0,1669593600000
tank_1223,0.9921568627450981,1669593600000
tank_1226,145.9019607843137,1669593600000
tank_1228,333.0,1669593600000
tank_1230,0.0,1669593600000
tank_1237,17.976470588235294,1669593600000
tank_1239,779.0,1669593600000
tank_1245,0.0,1669593600000
tank_1246,167.0,1669593600000
tank_1250,1.0,1669593600000
tank_1254,1338.0,1669593600000
tank_1255,0.0,1669593600000
tank_1258,202.71764705882353,1669593600000
tank_1261,0.0,1669593600000
tank_1262,0.0,1669593600000
tank_1263,50.0,1669593600000
tank_1265,16.72941176470588,1669593600000
tank_1270,22.976470588235294,1669593600000
tank_1272,4.0,1669593600000
tank_1275,0.0,1669593600000
tank_1276,114.0,1669593600000
tank_1279,20.866666666666667,1669593600000
tank_1280,4.9607843137254894,1669593600000
tank_1284,8.537254901960784,1669593600000
tank_1285,1.7490196078431373,1669593600000
tank_1286,194.78039215686275,1669593600000
tank_1290,70.55686274509803,1669593600000
tank_1291,34.05882352941177,1669593600000
tank_1293,71.0,1669593600000
tank_1295,0.0,1669593600000
tank_1297,106.0,1669593600000
tank_1301,213.0,1669593600000
tank_1302,27.0,1669593600000
tank_1304,0.0,1669593600000
tank_1305,104.62745098039217,1669593600000
tank_1313,497.0,1669593600000
tank_1322,0.0,1669593600000
tank_1325,171.99607843137255,1669593600000
tank_1326,0.0,1669593600000
tank_1344,0.0,1669593600000
tank_1346,0.0,1669593600000
tank_1349,0.0,1669593600000
tank_1353,736.0,1669593600000
tank_1358,0.0,1669593600000
tank_1359,0.0,1669593600000
tank_1361,576.0,1669593600000
tank_1364,1400.0,1669593600000
tank_1365,6.0,1669593600000
tank_1372,45.0,1669593600000
tank_1374,197.0,1669593600000
tank_1378,503.0,1669593600000
tank_1380,81.33333333333334,1669593600000
tank_1386,269.0,1669593600000
tank_1391,20.0,1669593600000
tank_1393,36.34117647058824,1669593600000
tank_1396,154.0,1669593600000
tank_1397,0.0,1669593600000
tank_1403,13.0,1669593600000
tank_1409,206.0,1669593600000
tank_1412,17.890196078431373,1669593600000
tank_1415,0.0,1669593600000
tank_1416,23.980392156862745,1669593600000
tank_1421,281.47843137254904,1669593600000
tank_1422,0.0,1669593600000
tank_1425,189.0,1669593600000
tank_1426,13.0,1669593600000
tank_1430,39.0,1669593600000
tank_1433,350.0,1669593600000
tank_1438,21.066666666666666,1669593600000
tank_1439,16.149019607843137,1669593600000
tank_1441,0.0,1669593600000
tank_1443,0.0,1669593600000
tank_1445,66.0,1669593600000
tank_1446,26.266666666666666,1669593600000
tank_1450,0.0,1669593600000
tank_1452,0.0,1669593600000
tank_1456,0.0,1669593600000
tank_1466,0.0,1669593600000
tank_1471,0.0,1669593600000
tank_1475,594.0,1669593600000
tank_1486,1406.0,1669593600000
tank_1488,174.91372549019607,1669593600000
tank_1491,47.0,1669593600000
tank_1500,53.298039215686266,1669593600000
tank_1505,553.0,1669593600000
tank_1513,585.0,1669593600000
tank_1531,77.0,1669593600000
tank_1536,70.29803921568627,1669593600000
tank_1539,578.0,1669593600000
tank_1541,63.76862745098039,1669593600000
tank_1542,16.764705882352942,1669593600000
tank_1547,235.0,1669593600000
tank_1563,32.25098039215686,1669593600000
tank_1564,0.0,1669593600000
tank_1565,1653.992156862745,1669593600000
tank_1567,93.94117647058823,1669593600000
tank_1568,143.87843137254904,1669593600000
tank_1573,72.0,1669593600000
tank_1583,0.0,1669593600000
tank_1587,844.0,1669593600000
tank_1588,0.0,1669593600000
tank_1592,0.0,1669593600000
tank_1594,115.0,1669593600000
tank_1595,42.17254901960784,1669593600000
tank_1597,341.74901960784314,1669593600000
tank_1598,0.0,1669593600000
tank_1600,0.0,1669593600000
tank_1604,0.0,1669593600000
tank_0002,0.0,1670630400000
tank_0004,0.0,1670630400000
tank_0005,0.0,1670630400000
tank_0011,0.0,1670630400000
tank_0014,0.0,1670630400000
tank_0019,0.0,1670630400000
tank_0024,58.674509803921566,1670630400000
tank_0025,0.0,1670630400000
tank_0026,0.0,1670630400000
tank_0027,0.0,1670630400000
tank_0030,0.0,1670630400000
tank_0031,75.98823529411764,1670630400000
tank_0036,0.0,1670630400000
tank_0037,0.0,1670630400000
tank_0038,2.0,1670630400000
tank_0050,79.5764705882353,1670630400000
tank_0051,0.0,1670630400000
tank_0052,0.0,1670630400000
tank_0053,2.682352941176471,1670630400000
tank_0055,0.0,1670630400000
tank_0057,55.77254901960784,1670630400000
tank_0058,0.0,1670630400000
tank_0064,57.0078431372549,1670630400000
tank_0069,147.16862745098038,1670630400000
tank_0072,32.0,1670630400000
tank_0073,0.0,1670630400000
tank_0080,23.0,1670630400000
tank_0094,0.9215686274509803,1670630400000
tank_0107,0.0,1670630400000
tank_0110,201.01960784313727,1670630400000
tank_0113,0.0,1670630400000
tank_0115,1.4117647058823528,1670630400000
tank_0116,0.0,1670630400000
tank_0117,199.0,1670630400000
tank_0118,7.0,1670630400000
tank_0122,21.0,1670630400000
tank_0125,5.0,1670630400000
tank_0130,0.0,1670630400000
tank_0131,0.0,1670630400000
tank_0132,0.0,1670630400000
tank_0134,0.0,1670630400000
tank_0135,0.0,1670630400000
tank_0142,0.0,1670630400000
tank_0143,49.86666666666667,1670630400000
tank_0144,52.95294117647059,1670630400000
tank_0148,0.0,1670630400000
tank_0153,21.0,1670630400000
tank_0156,0.0,1670630400000
tank_0159,0.0,1670630400000
tank_0165,1.0,1670630400000
tank_0171,0.0,1670630400000
tank_0172,0.0,1670630400000
tank_0174,0.0,1670630400000
tank_0176,0.0,1670630400000
tank_0184,0.0,1670630400000
tank_0187,0.0,1670630400000
tank_0190,0.06274509803921569,1670630400000
tank_0192,0.0,1670630400000
tank_0193,0.0,1670630400000
tank_0195,0.0,1670630400000
tank_0199,0.0,1670630400000
tank_0204,43.752941176470586,1670630400000
tank_0205,0.0,1670630400000
tank_0207,0.0,1670630400000
tank_0209,0.0,1670630400000
tank_0213,11.0,1670630400000
tank_0217,63.0,1670630400000
tank_0220,0.0,1670630400000
tank_0221,0.0,1670630400000
tank_0225,54.0,1670630400000
tank_0226,0.0,1670630400000
tank_0228,0.0,1670630400000
tank_0229,2.992156862745098,1670630400000
tank_0231,0.0,1670630400000
tank_0233,0.0,1670630400000
tank_0236,0.0,1670630400000
tank_0237,0.0,1670630400000
tank_0240,0.0,1670630400000
tank_0242,65.30588235294118,1670630400000
tank_0245,0.0,1670630400000
tank_0247,618.0,1670630400000
tank_0256,0.0,1670630400000
tank_0257,0.0,1670630400000
tank_0260,0.0,1670630400000
tank_0261,0.0,1670630400000
tank_0264,112.0,1670630400000
tank_0273,122.88627450980393,1670630400000
tank_0276,0.13725490196078433,1670630400000
tank_0278,0.0,1670630400000
tank_0280,0.0,1670630400000
tank_0291,0.0,1670630400000
tank_0292,0.0,1670630400000
tank_0296,0.0,1670630400000
tank_0297,23.67843137254902,1670630400000
tank_0299,0.0,1670630400000
tank_0300,0.0,1670630400000
tank_0301,0.0,1670630400000
tank_0307,36.0,1670630400000
tank_0309,23.92549019607843,1670630400000
tank_0313,9.0,1670630400000
tank_0314,0.0,1670630400000
tank_0319,11.952941176470588,1670630400000
tank_0321,0.0,1670630400000
tank_0327,0.0,1670630400000
tank_0337,0.0,1670630400000
tank_0338,0.0,1670630400000
tank_0339,0.0,1670630400000
tank_0342,61.890196078431366,1670630400000
tank_0345,0.0,1670630400000
tank_0346,0.0,1670630400000
tank_0349,300.64313725490194,1670630400000
tank_0350,0.0,1670630400000
tank_0353,0.0,1670630400000
tank_0356,0.0,1670630400000
tank_0360,1.6980392156862745,1670630400000
tank_0361,0.0,1670630400000
tank_0362,0.0,1670630400000
tank_0364,0.0,1670630400000
tank_0366,0.9019607843137255,1670630400000
tank_0369,1.9058823529411764,1670630400000
tank_0375,0.0,1670630400000
tank_0379,18.0,1670630400000
tank_0381,0.0,1670630400000
tank_0386,21.0,1670630400000
tank_0390,23.219607843137254,1670630400000
tank_0397,0.0,1670630400000
tank_0399,0.0,1670630400000
tank_0404,376.07450980392156,1670630400000
tank_0409,0.0,1670630400000
tank_0420,0.0,1670630400000
tank_0425,0.0,1670630400000
tank_0431,0.0,1670630400000
tank_0432,1.0,1670630400000
tank_0435,28.0,1670630400000
tank_0436,0.0,1670630400000
tank_0438,15.0,1670630400000
tank_0443,0.0,1670630400000
tank_0444,263.0,1670630400000
tank_0447,0.0,1670630400000
tank_0448,70.28627450980392,1670630400000
tank_0449,0.0,1670630400000
tank_0455,0.0,1670630400000
tank_0460,0.0,1670630400000
tank_0462,175.9294117647059,1670630400000
tank_0466,0.0,1670630400000
tank_0471,0.0,1670630400000
tank_0473,0.0,1670630400000
tank_0474,0.0,1670630400000
tank_0481,3.0,1670630400000
tank_0485,50.54117647058823,1670630400000
tank_0489,0.0,1670630400000
tank_0491,0.0,1670630400000
tank_0494,0.0,1670630400000
tank_0497,0.0,1670630400000
tank_0498,1.0,1670630400000
tank_0502,24.929411764705886,1670630400000
tank_0505,0.0,1670630400000
tank_0509,0.0,1670630400000
tank_0512,76.0,1670630400000
tank_0514,0.0,1670630400000
tank_0515,0.0,1670630400000
tank_0521,26.0,1670630400000
tank_0524,0.0,1670630400000
tank_0526,49.0,1670630400000
tank_0533,0.0,1670630400000
tank_0534,4.0,1670630400000
tank_0536,23.364705882352943,1670630400000
tank_0537,0.0,1670630400000
tank_0541,0.0,1670630400000
tank_0547,0.0,1670630400000
tank_0552,0.0,1670630400000
tank_0555,0.0,1670630400000
tank_0556,0.0,1670630400000
tank_0557,0.0,1670630400000
tank_0560,0.0,1670630400000
tank_0561,0.0,1670630400000
tank_0566,0.0,1670630400000
tank_0567,0.0,1670630400000
tank_0568,0.0,1670630400000
tank_0574,41.0,1670630400000
tank_0579,340.0,1670630400000
tank_0583,15.0,1670630400000
tank_0587,0.0,1670630400000
tank_0589,0.0,1670630400000
tank_0590,64.0,1670630400000
tank_0592,0.0,1670630400000
tank_0593,0.0,1670630400000
tank_0595,0.0,1670630400000
tank_0600,0.0,1670630400000
tank_0604,0.0,1670630400000
tank_0606,0.0,1670630400000
tank_0607,0.0,1670630400000
tank_0608,304.0,1670630400000
tank_0610,0.0,1670630400000
tank_0611,0.0,1670630400000
tank_0612,0.0,1670630400000
tank_0613,0.0,1670630400000
tank_0619,4.0,1670630400000
tank_0626,0.0,1670630400000
tank_0627,0.0,1670630400000
tank_0628,0.0,1670630400000
tank_0632,0.0,1670630400000
tank_0633,0.6784313725490196,1670630400000
tank_0639,0.0,1670630400000
tank_0640,0.0,1670630400000
tank_0641,2.0,1670630400000
tank_0643,0.0,1670630400000
tank_0646,0.0,1670630400000
tank_0663,0.0,1670630400000
tank_0664,25.686274509803923,1670630400000
tank_0666,0.0,1670630400000
tank_0667,0.0,1670630400000
tank_0670,30.850980392156863,1670630400000
tank_0675,0.0,1670630400000
tank_0676,55.0,1670630400000
tank_0678,0.0,1670630400000
tank_0681,0.0,1670630400000
tank_0687,31.0,1670630400000
tank_0688,226.0,1670630400000
tank_0697,0.0,1670630400000
tank_0720,2.0,1670630400000
tank_0722,0.0,1670630400000
tank_0724,0.0,1670630400000
tank_0725,38.0,1670630400000
tank_0728,0.0,1670630400000
tank_0730,0.0,1670630400000
tank_0731,334.0,1670630400000
tank_0732,0.0,1670630400000
tank_0737,171.0,1670630400000
tank_0739,0.0,1670630400000
tank_0740,0.0,1670630400000
tank_0746,0.0,1670630400000
tank_0748,0.0,1670630400000
tank_0749,0.0,1670630400000
tank_0752,0.0,1670630400000
tank_0760,0.0,1670630400000
tank_0770,0.0,1670630400000
tank_0772,0.0,1670630400000
tank_0788,0.0,1670630400000
tank_0789,0.0,1670630400000
tank_0792,0.0,1670630400000
tank_0797,62.95294117647059,1670630400000
tank_0800,95.09019607843138,1670630400000
tank_0802,59.69019607843137,1670630400000
tank_0803,0.2627450980392157,1670630400000
tank_0808,6.996078431372549,1670630400000
tank_0810,30.980392156862745,1670630400000
tank_0811,2.9686274509803923,1670630400000
tank_0812,77.89019607843137,1670630400000
tank_0813,0.0,1670630400000
tank_0816,0.0,1670630400000
tank_0819,0.0,1670630400000
tank_0823,0.0,1670630400000
tank_0824,26.0,1670630400000
tank_0825,5.929411764705883,1670630400000
tank_0828,2.0,1670630400000
tank_0829,68.74117647058824,1670630400000
tank_0830,104.16078431372549,1670630400000
tank_0831,0.0,1670630400000
tank_0844,0.0,1670630400000
tank_0852,164.24705882352941,1670630400000
tank_0855,128.0,1670630400000
tank_0856,362.0,1670630400000
tank_0860,21.0,1670630400000
tank_0861,25.137254901960784,1670630400000
tank_0872,20.96078431372549,1670630400000
tank_0875,90.0,1670630400000
tank_0879,11.0,1670630400000
tank_0885,0.0,1670630400000
tank_0891,0.0,1670630400000
tank_0894,123.0,1670630400000
tank_0898,161.0,1670630400000
tank_0900,47.8156862745098,1670630400000
tank_0901,82.5921568627451,1670630400000
tank_0902,25.0,1670630400000
tank_0914,25.984313725490196,1670630400000
tank_0917,286.0,1670630400000
tank_0919,140.00784313725492,1670630400000
tank_0920,75.97254901960784,1670630400000
tank_0922,42.0,1670630400000
tank_0923,24.635294117647057,1670630400000
tank_0924,0.0,1670630400000
tank_0926,0.0,1670630400000
tank_0927,5.231372549019607,1670630400000
tank_0928,3.0,1670630400000
tank_0930,206.27843137254902,1670630400000
tank_0931,16.0,1670630400000
tank_0933,0.0,1670630400000
tank_0934,0.0,1670630400000
tank_0937,0.0,1670630400000
tank_0938,0.0,1670630400000
tank_0939,0.0,1670630400000
tank_0944,96.9921568627451,1670630400000
tank_0946,0.0,1670630400000
tank_0952,25.91764705882353,1670630400000
tank_0958,0.0,1670630400000
tank_0962,207.0,1670630400000
tank_0967,1.1725490196078432,1670630400000
tank_0975,0.0,1670630400000
tank_0978,0.0,1670630400000
tank_0990,0.0,1670630400000
tank_0991,59.0,1670630400000
tank_0998,0.0,1670630400000
tank_0999,0.0,1670630400000
tank_1003,314.0,1670630400000
tank_1004,0.0,1670630400000
tank_1014,142.0,1670630400000
tank_1026,198.57647058823528,1670630400000
tank_1031,15.0,1670630400000
tank_1032,1.9450980392156865,1670630400000
tank_1034,0.0,1670630400000
tank_1042,19.0,1670630400000
tank_1045,2.0,1670630400000
tank_1049,50.0,1670630400000
tank_1055,8.490196078431373,1670630400000
tank_1061,30.976470588235294,1670630400000
tank_1062,0.0,1670630400000
tank_1064,4.976470588235294,1670630400000
tank_1065,2.988235294117647,1670630400000
tank_1066,0.0,1670630400000
tank_1070,10.0,1670630400000
tank_1073,3.0,1670630400000
tank_1083,121.0,1670630400000
tank_1086,0.0,1670630400000
tank_1088,8.784313725490195,1670630400000
tank_1089,19.0,1670630400000
tank_1090,54.73725490196078,1670630400000
tank_1091,0.0,1670630400000
tank_1094,89.0,1670630400000
tank_1095,2.0,1670630400000
tank_1104,4.709803921568628,1670630400000
tank_1113,29.0,1670630400000
tank_1116,0.0,1670630400000
tank_1117,0.0,1670630400000
tank_1120,151.49803921568628,1670630400000
tank_1121,92.0,1670630400000
tank_1124,17.71372549019608,1670630400000
tank_1128,17.0,1670630400000
tank_1134,0.0,1670630400000
tank_1135,28.34509803921569,1670630400000
tank_1146,0.0,1670630400000
tank_1149,0.0,1670630400000
tank_1156,0.0,1670630400000
tank_1157,18.250980392156865,1670630400000
tank_1159,10.0,1670630400000
tank_1160,276.0,1670630400000
tank_1166,0.0,1670630400000
tank_1170,13.494117647058822,1670630400000
tank_1175,0.0,1670630400000
tank_1177,0.0,1670630400000
tank_1179,0.0,1670630400000
tank_1181,92.96862745098039,1670630400000
tank_1186,20.0,1670630400000
tank_1187,18.996078431372553,1670630400000
tank_1190,0.0,1670630400000
tank_1192,9.0,1670630400000
tank_1196,0.0,1670630400000
tank_1197,340.0,1670630400000
tank_1201,51.0,1670630400000
tank_1203,0.0,1670630400000
tank_1205,131.0,1670630400000
tank_1209,7.0,1670630400000
tank_1217,0.0,1670630400000
tank_1223,0.0,1670630400000
tank_1226,87.84705882352941,1670630400000
tank_1228,39.0,1670630400000
tank_1230,0.0,1670630400000
tank_1237,6.0,1670630400000
tank_1239,105.0,1670630400000
tank_1245,0.0,1670630400000
tank_1246,62.0,1670630400000
tank_1250,0.0,1670630400000
tank_1254,203.0,1670630400000
tank_1255,0.0,1670630400000
tank_1258,128.0,1670630400000
tank_1261,0.0,1670630400000
tank_1262,0.0,1670630400000
tank_1263,6.0,1670630400000
tank_1265,10.0,1670630400000
tank_1270,11.0,1670630400000
tank_1272,3.8705882352941177,1670630400000
tank_1275,0.0,1670630400000
tank_1276,3.0,1670630400000
tank_1279,8.992156862745098,1670630400000
tank_1280,0.8627450980392157,1670630400000
tank_1284,0.0,1670630400000
tank_1285,6.0,1670630400000
tank_1286,36.0,1670630400000
tank_1290,29.988235294117647,1670630400000
tank_1291,9.0,1670630400000
tank_1293,25.0,1670630400000
tank_1295,0.0,1670630400000
tank_1297,40.0,1670630400000
tank_1301,109.0,1670630400000
tank_1302,17.0,1670630400000
tank_1304,0.0,1670630400000
tank_1305,35.59607843137255,1670630400000
tank_1313,4.0,1670630400000
tank_1322,0.0,1670630400000
tank_1325,68.99607843137255,1670630400000
tank_1326,0.0,1670630400000
tank_1344,0.0,1670630400000
tank_1346,0.0,1670630400000
tank_1349,0.0,1670630400000
tank_1353,72.0,1670630400000
tank_1358,0.0,1670630400000
tank_1359,0.0,1670630400000
tank_1361,14.0,1670630400000
tank_1364,7.0,1670630400000
tank_1365,0.0,1670630400000
tank_1372,1.0,1670630400000
tank_1374,0.0,1670630400000
tank_1378,6.0,1670630400000
tank_1380,20.0,1670630400000
tank_1386,29.0,1670630400000
tank_1391,11.0,1670630400000
tank_1393,12.0,1670630400000
tank_1396,11.0,1670630400000
tank_1397,0.0,1670630400000
tank_1403,1.0,1670630400000
tank_1409,3.0,1670630400000
tank_1412,3.0,1670630400000
tank_1415,0.0,1670630400000
tank_1416,12.980392156862745,1670630400000
tank_1421,20.0,1670630400000
tank_1422,0.0,1670630400000
tank_1425,4.0,1670630400000
tank_1426,0.0,1670630400000
tank_1430,14.75294117647059,1670630400000
tank_1433,11.0,1670630400000
tank_1438,20.96078431372549,1670630400000
tank_1439,7.854901960784314,1670630400000
tank_1441,0.0,1670630400000
tank_1443,0.0,1670630400000
tank_1445,48.0,1670630400000
tank_1446,0.0,1670630400000
tank_1450,0.0,1670630400000
tank_1452,0.0,1670630400000
tank_1456,0.0,1670630400000
tank_1466,0.0,1670630400000
tank_1471,0.0,1670630400000
tank_1475,7.0,1670630400000
tank_1486,24.0,1670630400000
tank_1488,75.63529411764705,1670630400000
tank_1491,27.0,1670630400000
tank_1500,24.113725490196078,1670630400000
tank_1505,150.0,1670630400000
tank_1513,5.0,1670630400000
tank_1531,26.0,1670630400000
tank_1536,10.0,1670630400000
tank_1539,173.0,1670630400000
tank_1541,0.0,1670630400000
tank_1542,11.0,1670630400000
tank_1547,24.0,1670630400000
tank_1563,0.0,1670630400000
tank_1564,0.0,1670630400000
tank_1565,87.0,1670630400000
tank_1567,35.0,1670630400000
tank_1568,32.0,1670630400000
tank_1573,5.0,1670630400000
tank_1583,1.0,1670630400000
tank_1587,57.0,1670630400000
tank_1588,0.0,1670630400000
tank_1592,0.0,1670630400000
tank_1594,87.0,1670630400000
tank_1595,27.835294117647067,1670630400000
tank_1597,167.13333333333333,1670630400000
tank_1598,0.0,1670630400000
tank_1600,0.0,1670630400000
tank_1604,0.0,1670630400000
tank_0002,0.0,1671667200000
tank_0004,0.0,1671667200000
tank_0005,0.0,1671667200000
tank_0011,0.0,1671667200000
tank_0014,0.0,1671667200000
tank_0019,0.0,1671667200000
tank_0024,99.70980392156862,1671667200000
tank_0025,0.0,1671667200000
tank_0026,0.0,1671667200000
tank_0027,0.0,1671667200000
tank_0030,0.0,1671667200000
tank_0031,117.38431372549022,1671667200000
tank_0036,0.0,1671667200000
tank_0037,0.0,1671667200000
tank_0038,1.6745098039215687,1671667200000
tank_0050,111.35686274509804,1671667200000
tank_0051,0.0,1671667200000
tank_0052,0.0,1671667200000
tank_0053,1.8274509803921566,1671667200000
tank_0055,0.0,1671667200000
tank_0057,67.8156862745098,1671667200000
tank_0058,0.0,1671667200000
tank_0064,88.34117647058821,1671667200000
tank_0069,181.41176470588232,1671667200000
tank_0072,72.0,1671667200000
tank_0073,0.0,1671667200000
tank_0080,28.0,1671667200000
tank_0094,2.4784313725490197,1671667200000
tank_0107,0.0,1671667200000
tank_0110,310.0509803921569,1671667200000
tank_0113,18.1843137254902,1671667200000
tank_0115,0.0,1671667200000
tank_0116,0.0,1671667200000
tank_0117,500.9843137254902,1671667200000
tank_0118,46.0,1671667200000
tank_0122,29.36078431372549,1671667200000
tank_0125,16.38823529411765,1671667200000
tank_0130,0.0,1671667200000
tank_0131,0.0,1671667200000
tank_0132,0.0,1671667200000
tank_0134,0.0,1671667200000
tank_0135,0.0,1671667200000
tank_0142,0.0,1671667200000
tank_0143,48.92549019607843,1671667200000
tank_0144,111.58823529411765,1671667200000
tank_0148,0.0,1671667200000
tank_0153,19.0,1671667200000
tank_0156,2.0,1671667200000
tank_0159,0.0,1671667200000
tank_0165,0.0,1671667200000
tank_0171,15.0,1671667200000
tank_0172,0.0,1671667200000
tank_0174,0.5529411764705883,1671667200000
tank_0176,0.0,1671667200000
tank_0184,0.0,1671667200000
tank_0187,0.0,1671667200000
tank_0190,0.0,1671667200000
tank_0192,0.0,1671667200000
tank_0193,0.0,1671667200000
tank_0195,0.0,1671667200000
tank_0199,0.0,1671667200000
tank_0204,46.0,1671667200000
tank_0205,0.0,1671667200000
tank_0207,0.0,1671667200000
tank_0209,0.0,1671667200000
tank_0213,15.0,1671667200000
tank_0217,209.79999999999998,1671667200000
tank_0220,0.0,1671667200000
tank_0221,1.6784313725490196,1671667200000
tank_0225,81.79607843137256,1671667200000
tank_0226,0.0,1671667200000
tank_0228,0.0,1671667200000
tank_0229,2.992156862745098,1671667200000
tank_0231,0.0,1671667200000
tank_0233,0.0,1671667200000
tank_0236,0.0,1671667200000
tank_0237,0.0,1671667200000
tank_0240,3.0,1671667200000
tank_0242,154.90980392156862,1671667200000
tank_0245,0.0,1671667200000
tank_0247,762.9137254901962,1671667200000
tank_0256,0.0,1671667200000
tank_0257,0.0,1671667200000
tank_0260,0.0,1671667200000
tank_0261,0.0,1671667200000
tank_0264,131.0,1671667200000
tank_0273,195.0,1671667200000
tank_0276,1.7490196078431373,1671667200000
tank_0278,0.0,1671667200000
tank_0280,0.0,1671667200000
tank_0291,1.0,1671667200000
tank_0292,0.0,1671667200000
tank_0296,0.0,1671667200000
tank_0297,29.870588235294118,1671667200000
tank_0299,0.0,1671667200000
tank_0300,1.6823529411764706,1671667200000
tank_0301,5.247058823529412,1671667200000
tank_0307,106.82352941176471,1671667200000
tank_0309,27.92549019607843,1671667200000
tank_0313,18.0,1671667200000
tank_0314,0.0,1671667200000
tank_0319,11.72549019607843,1671667200000
tank_0321,0.0,1671667200000
tank_0327,0.0,1671667200000
tank_0337,0.0,1671667200000
tank_0338,0.0,1671667200000
tank_0339,0.0,1671667200000
tank_0342,82.18039215686275,1671667200000
tank_0345,0.0,1671667200000
tank_0346,0.0,1671667200000
tank_0349,420.92156862745105,1671667200000
tank_0350,0.0,1671667200000
tank_0353,4.0,1671667200000
tank_0356,0.0,1671667200000
tank_0360,15.698039215686274,1671667200000
tank_0361,0.0,1671667200000
tank_0362,0.0,1671667200000
tank_0364,0.0,1671667200000
tank_0366,0.0,1671667200000
tank_0369,50.62352941176471,1671667200000
tank_0375,0.0,1671667200000
tank_0379,46.886274509803926,1671667200000
tank_0381,0.0,1671667200000
tank_0386,24.04705882352941,1671667200000
tank_0390,56.145098039215675,1671667200000
tank_0397,0.0,1671667200000
tank_0399,0.0,1671667200000
tank_0404,531.5882352941177,1671667200000
tank_0409,0.0,1671667200000
tank_0420,0.26666666666666666,1671667200000
tank_0425,0.9529411764705882,1671667200000
tank_0431,0.0,1671667200000
tank_0432,0.25098039215686274,1671667200000
tank_0435,88.0,1671667200000
tank_0436,0.0,1671667200000
tank_0438,21.984313725490196,1671667200000
tank_0443,0.0,1671667200000
tank_0444,433.0,1671667200000
tank_0447,3.623529411764706,1671667200000
tank_0448,92.08627450980391,1671667200000
tank_0449,10.38823529411765,1671667200000
tank_0455,1.0,1671667200000
tank_0460,0.0,1671667200000
tank_0462,386.356862745098,1671667200000
tank_0466,0.0,1671667200000
tank_0471,0.0,1671667200000
tank_0473,3.552941176470588,1671667200000
tank_0474,0.0,1671667200000
tank_0481,5.874509803921569,1671667200000
tank_0485,58.674509803921566,1671667200000
tank_0489,0.0,1671667200000
tank_0491,0.0,1671667200000
tank_0494,0.0,1671667200000
tank_0497,0.0,1671667200000
tank_0498,10.745098039215687,1671667200000
tank_0502,19.63137254901961,1671667200000
tank_0505,0.0,1671667200000
tank_0509,0.0,1671667200000
tank_0512,235.58039215686273,1671667200000
tank_0514,0.0,1671667200000
tank_0515,5.0,1671667200000
tank_0521,47.0,1671667200000
tank_0524,0.0,1671667200000
tank_0526,64.0,1671667200000
tank_0533,0.0,1671667200000
tank_0534,13.0,1671667200000
tank_0536,24.76078431372549,1671667200000
tank_0537,1.0,1671667200000
tank_0541,0.0,1671667200000
tank_0547,0.0,1671667200000
tank_0552,0.0,1671667200000
tank_0555,18.0,1671667200000
tank_0556,0.0,1671667200000
tank_0557,0.0,1671667200000
tank_0560,0.0,1671667200000
tank_0561,0.0,1671667200000
tank_0566,0.0,1671667200000
tank_0567,0.0,1671667200000
tank_0568,0.0,1671667200000
tank_0574,83.0,1671667200000
tank_0579,1245.6627450980393,1671667200000
tank_0583,249.0,1671667200000
tank_0587,0.0,1671667200000
tank_0589,0.0,1671667200000
tank_0590,145.0,1671667200000
tank_0592,0.0,1671667200000
tank_0593,0.0,1671667200000
tank_0595,0.0,1671667200000
tank_0600,2.1882352941176473,1671667200000
tank_0604,0.0,1671667200000
tank_0606,0.0,1671667200000
tank_0607,1.7490196078431373,1671667200000
tank_0608,826.0,1671667200000
tank_0610,0.0,1671667200000
tank_0611,12.0,1671667200000
tank_0612,0.0,1671667200000
tank_0613,3.0,1671667200000
tank_0619,6.662745098039216,1671667200000
tank_0626,0.0,1671667200000
tank_0627,0.0,1671667200000
tank_0628,0.0,1671667200000
tank_0632,11.894117647058824,1671667200000
tank_0633,0.0,1671667200000
tank_0639,0.0,1671667200000
tank_0640,0.0,1671667200000
tank_0641,0.0,1671667200000
tank_0643,0.0,1671667200000
tank_0646,0.0,1671667200000
tank_0663,0.0,1671667200000
tank_0664,25.686274509803923,1671667200000
tank_0666,0.0,1671667200000
tank_0667,0.0,1671667200000
tank_0670,47.7921568627451,1671667200000
tank_0675,0.0,1671667200000
tank_0676,566.0,1671667200000
tank_0678,0.0,1671667200000
tank_0681,0.0,1671667200000
tank_0687,36.6,1671667200000
tank_0688,425.0,1671667200000
tank_0697,2.0,1671667200000
tank_0720,6.0,1671667200000
tank_0722,0.0,1671667200000
tank_0724,0.0,1671667200000
tank_0725,32.0,1671667200000
tank_0728,0.0,1671667200000
tank_0730,0.0,1671667200000
tank_0731,974.1333333333333,1671667200000
tank_0732,0.0,1671667200000
tank_0737,460.0,1671667200000
tank_0739,0.0,1671667200000
tank_0740,0.0,1671667200000
tank_0746,0.0,1671667200000
tank_0748,0.0,1671667200000
tank_0749,0.0,1671667200000
tank_0752,0.0,1671667200000
tank_0760,0.0,1671667200000
tank_0770,1.9294117647058824,1671667200000
tank_0772,0.0,1671667200000
tank_0788,0.0,1671667200000
tank_0789,0.0,1671667200000
tank_0792,29.31372549019608,1671667200000
tank_0797,90.20392156862745,1671667200000
tank_0800,229.26666666666665,1671667200000
tank_0802,134.62745098039218,1671667200000
tank_0803,6.270588235294118,1671667200000
tank_0808,27.780392156862746,1671667200000
tank_0810,28.60392156862745,1671667200000
tank_0811,8.447058823529412,1671667200000
tank_0812,78.0,1671667200000
tank_0813,1.3294117647058823,1671667200000
tank_0816,0.0,1671667200000
tank_0819,40.0078431372549,1671667200000
tank_0823,0.0,1671667200000
tank_0824,714.0,1671667200000
tank_0825,2.0,1671667200000
tank_0828,14.0,1671667200000
tank_0829,67.58039215686274,1671667200000
tank_0830,212.47058823529412,1671667200000
tank_0831,2.0,1671667200000
tank_0844,0.0,1671667200000
tank_0852,270.46274509803925,1671667200000
tank_0855,145.39215686274508,1671667200000
tank_0856,855.0,1671667200000
tank_0860,61.92156862745098,1671667200000
tank_0861,49.52156862745099,1671667200000
tank_0872,29.7921568627451,1671667200000
tank_0875,262.7098039215686,1671667200000
tank_0879,13.545098039215686,1671667200000
tank_0885,0.0,1671667200000
tank_0891,40.0,1671667200000
tank_0894,1305.0,1671667200000
tank_0898,463.0,1671667200000
tank_0900,91.34901960784313,1671667200000
tank_0901,110.51372549019608,1671667200000
tank_0902,200.0,1671667200000
tank_0914,78.9843137254902,1671667200000
tank_0917,628.0,1671667200000
tank_0919,216.04705882352943,1671667200000
tank_0920,127.90196078431372,1671667200000
tank_0922,124.0,1671667200000
tank_0923,78.15294117647059,1671667200000
tank_0924,0.0,1671667200000
tank_0926,0.0,1671667200000
tank_0927,14.968627450980392,1671667200000
tank_0928,16.192156862745097,1671667200000
tank_0930,321.59999999999997,1671667200000
tank_0931,218.0,1671667200000
tank_0933,0.0,1671667200000
tank_0934,0.0,1671667200000
tank_0937,0.0,1671667200000
tank_0938,0.0,1671667200000
tank_0939,0.0,1671667200000
tank_0944,111.9921568627451,1671667200000
tank_0946,0.0,1671667200000
tank_0952,30.827450980392157,1671667200000
tank_0958,0.0,1671667200000
tank_0962,1386.0,1671667200000
tank_0967,8.933333333333332,1671667200000
tank_0975,0.0,1671667200000
tank_0978,0.0,1671667200000
tank_0990,0.0,1671667200000
tank_0991,592.0,1671667200000
tank_0998,0.0,1671667200000
tank_0999,0.0,1671667200000
tank_1003,1213.0,1671667200000
tank_1004,0.0,1671667200000
tank_1014,486.7058823529412,1671667200000
tank_1026,255.0,1671667200000
tank_1031,42.0,1671667200000
tank_1032,3.380392156862745,1671667200000
tank_1034,38.30980392156863,1671667200000
tank_1042,29.0,1671667200000
tank_1045,46.0,1671667200000
tank_1049,123.0,1671667200000
tank_1055,51.1921568627451,1671667200000
tank_1061,24.976470588235294,1671667200000
tank_1062,0.0,1671667200000
tank_1064,9.298039215686273,1671667200000
tank_1065,12.321568627450981,1671667200000
tank_1066,0.0,1671667200000
tank_1070,155.521568627451,1671667200000
tank_1073,108.0,1671667200000
tank_1083,215.0,1671667200000
tank_1086,0.0,1671667200000
tank_1088,92.73333333333335,1671667200000
tank_1089,31.8,1671667200000
tank_1090,149.0,1671667200000
tank_1091,0.0,1671667200000
tank_1094,1252.0,1671667200000
tank_1095,0.0,1671667200000
tank_1104,11.07843137254902,1671667200000
tank_1113,30.0,1671667200000
tank_1116,0.0,1671667200000
tank_1117,0.0,1671667200000
tank_1120,423.8,1671667200000
tank_1121,406.85490196078433,1671667200000
tank_1124,26.96470588235294,1671667200000
tank_1128,77.0,1671667200000
tank_1134,0.0,1671667200000
tank_1135,64.33333333333334,1671667200000
tank_1146,1.0,1671667200000
tank_1149,0.0,1671667200000
tank_1156,0.0,1671667200000
tank_1157,20.486274509803927,1671667200000
tank_1159,363.0,1671667200000
tank_1160,716.0,1671667200000
tank_1166,6.333333333333334,1671667200000
tank_1170,32.96862745098039,1671667200000
tank_1175,0.0,1671667200000
tank_1177,3.0,1671667200000
tank_1179,0.0,1671667200000
tank_1181,183.65098039215687,1671667200000
tank_1186,136.0,1671667200000
tank_1187,15.588235294117647,1671667200000
tank_1190,0.0,1671667200000
tank_1192,14.0,1671667200000
tank_1196,0.0,1671667200000
tank_1197,1847.0,1671667200000
tank_1201,131.0,1671667200000
tank_1203,4.0,1671667200000
tank_1205,283.9098039215686,1671667200000
tank_1209,952.0,1671667200000
tank_1217,0.0,1671667200000
tank_1223,0.0,1671667200000
tank_1226,123.26274509803922,1671667200000
tank_1228,388.0,1671667200000
tank_1230,0.0,1671667200000
tank_1237,19.976470588235294,1671667200000
tank_1239,881.0,1671667200000
tank_1245,0.0,1671667200000
tank_1246,160.0,1671667200000
tank_1250,0.0,1671667200000
tank_1254,1507.0,1671667200000
tank_1255,0.0,1671667200000
tank_1258,201.0,1671667200000
tank_1261,0.0,1671667200000
tank_1262,0.0,1671667200000
tank_1263,61.0,1671667200000
tank_1265,20.6156862745098,1671667200000
tank_1270,26.819607843137256,1671667200000
tank_1272,14.870588235294118,1671667200000
tank_1275,0.0,1671667200000
tank_1276,133.0,1671667200000
tank_1279,19.992156862745098,1671667200000
tank_1280,2.6549019607843136,1671667200000
tank_1284,1.6980392156862747,1671667200000
tank_1285,8.168627450980392,1671667200000
tank_1286,239.45490196078435,1671667200000
tank_1290,76.74117647058823,1671667200000
tank_1291,50.64313725490196,1671667200000
tank_1293,82.0,1671667200000
tank_1295,0.0,1671667200000
tank_1297,109.98823529411764,1671667200000
tank_1301,210.0,1671667200000
tank_1302,40.0,1671667200000
tank_1304,0.0,1671667200000
tank_1305,96.67058823529412,1671667200000
tank_1313,836.0,1671667200000
tank_1322,0.0,1671667200000
tank_1325,188.86274509803923,1671667200000
tank_1326,0.0,1671667200000
tank_1344,0.0,1671667200000
tank_1346,0.0,1671667200000
tank_1349,0.0,1671667200000
tank_1353,721.0,1671667200000
tank_1358,0.0,1671667200000
tank_1359,0.0,1671667200000
tank_1361,741.0,1671667200000
tank_1364,1392.0,1671667200000
tank_1365,2.0,1671667200000
tank_1372,50.0,1671667200000
tank_1374,178.0,1671667200000
tank_1378,513.0,1671667200000
tank_1380,75.0,1671667200000
tank_1386,305.0,1671667200000
tank_1391,21.0,1671667200000
tank_1393,34.92156862745098,1671667200000
tank_1396,177.0,1671667200000
tank_1397,0.0,1671667200000
tank_1403,15.0,1671667200000
tank_1409,244.0,1671667200000
tank_1412,17.545098039215688,1671667200000
tank_1415,0.0,1671667200000
tank_1416,34.61176470588235,1671667200000
tank_1421,271.83529411764704,1671667200000
tank_1422,0.0,1671667200000
tank_1425,202.0,1671667200000
tank_1426,0.0,1671667200000
tank_1430,41.87843137254902,1671667200000
tank_1433,393.0,1671667200000
tank_1438,24.72549019607843,1671667200000
tank_1439,23.564705882352943,1671667200000
tank_1441,0.0,1671667200000
tank_1443,0.0,1671667200000
tank_1445,59.0,1671667200000
tank_1446,30.0,1671667200000
tank_1450,0.0,1671667200000
tank_1452,0.0,1671667200000
tank_1456,0.0,1671667200000
tank_1466,0.0,1671667200000
tank_1471,0.0,1671667200000
tank_1475,340.0,1671667200000
tank_1486,1290.0,1671667200000
tank_1488,154.0549019607843,1671667200000
tank_1491,62.03921568627452,1671667200000
tank_1500,48.7764705882353,1671667200000
tank_1505,537.0,1671667200000
tank_1513,260.0,1671667200000
tank_1531,89.0,1671667200000
tank_1536,77.23137254901961,1671667200000
tank_1539,608.9254901960785,1671667200000
tank_1541,45.0,1671667200000
tank_1542,18.227450980392156,1671667200000
tank_1547,269.0,1671667200000
tank_1563,36.25098039215686,1671667200000
tank_1564,0.0,1671667200000
tank_1565,1497.0,1671667200000
tank_1567,104.0,1671667200000
tank_1568,152.0,1671667200000
tank_1573,69.0,1671667200000
tank_1583,3.7490196078431373,1671667200000
tank_1587,840.964705882353,1671667200000
tank_1588,1.0,1671667200000
tank_1592,0.0,1671667200000
tank_1594,114.0,1671667200000
tank_1595,43.0392156862745,1671667200000
tank_1597,337.74901960784314,1671667200000
tank_1598,3.0980392156862746,1671667200000
tank_1600,0.0,1671667200000
tank_1604,0.0,1671667200000
