tank_id,sum,date_ms
tank_0002,0.6627450980392158,1609459200000
tank_0004,0.0,1609459200000
tank_0005,0.0,1609459200000
tank_0011,0.0,1609459200000
tank_0014,0.0,1609459200000
tank_0019,0.0,1609459200000
tank_0024,0.0,1609459200000
tank_0025,0.0,1609459200000
tank_0026,0.0,1609459200000
tank_0027,0.0,1609459200000
tank_0030,0.0,1609459200000
tank_0031,1.0,1609459200000
tank_0036,0.0,1609459200000
tank_0037,0.0,1609459200000
tank_0038,0.0,1609459200000
tank_0050,3.2470588235294118,1609459200000
tank_0051,0.0,1609459200000
tank_0052,0.0,1609459200000
tank_0053,0.0,1609459200000
tank_0055,0.0,1609459200000
tank_0057,0.0,1609459200000
tank_0058,0.0,1609459200000
tank_0064,0.0,1609459200000
tank_0069,0.0,1609459200000
tank_0072,0.0,1609459200000
tank_0073,0.0,1609459200000
tank_0080,15.0,1609459200000
tank_0094,2.2901960784313724,1609459200000
tank_0107,0.0,1609459200000
tank_0110,0.0,1609459200000
tank_0113,20.686274509803923,1609459200000
tank_0115,0.0,1609459200000
tank_0116,0.0,1609459200000
tank_0117,0.0,1609459200000
tank_0118,0.0,1609459200000
tank_0122,0.0,1609459200000
tank_0125,0.0,1609459200000
tank_0130,0.0,1609459200000
tank_0131,0.0,1609459200000
tank_0132,0.0,1609459200000
tank_0134,0.0,1609459200000
tank_0135,4.905882352941177,1609459200000
tank_0142,0.0,1609459200000
tank_0143,0.0,1609459200000
tank_0144,0.0,1609459200000
tank_0148,3.3568627450980393,1609459200000
tank_0153,0.0,1609459200000
tank_0156,0.10588235294117647,1609459200000
tank_0159,1.2352941176470589,1609459200000
tank_0165,13.301960784313726,1609459200000
tank_0171,0.0,1609459200000
tank_0172,0.0,1609459200000
tank_0174,1.0431372549019609,1609459200000
tank_0176,5.482352941176471,1609459200000
tank_0184,0.0,1609459200000
tank_0187,2.0,1609459200000
tank_0190,0.0,1609459200000
tank_0192,0.0,1609459200000
tank_0193,0.0,1609459200000
tank_0195,0.0,1609459200000
tank_0199,0.0,1609459200000
tank_0204,0.0,1609459200000
tank_0205,0.0,1609459200000
tank_0207,2.0,1609459200000
tank_0209,0.0,1609459200000
tank_0213,0.0,1609459200000
tank_0217,0.0,1609459200000
tank_0220,0.0,1609459200000
tank_0221,1.768627450980392,1609459200000
tank_0225,0.0,1609459200000
tank_0226,0.0,1609459200000
tank_0228,0.0,1609459200000
tank_0229,0.0,1609459200000
tank_0231,0.0,1609459200000
tank_0233,0.0,1609459200000
tank_0236,0.0,1609459200000
tank_0237,0.0,1609459200000
tank_0240,0.0,1609459200000
tank_0242,0.0,1609459200000
tank_0245,0.0,1609459200000
tank_0247,28.0,1609459200000
tank_0256,0.0,1609459200000
tank_0257,0.0,1609459200000
tank_0260,1.1254901960784314,1609459200000
tank_0261,0.0,1609459200000
tank_0264,0.0,1609459200000
tank_0273,0.0,1609459200000
tank_0276,0.0,1609459200000
tank_0278,0.0,1609459200000
tank_0280,0.0,1609459200000
tank_0291,7.0,1609459200000
tank_0292,2.4823529411764707,1609459200000
tank_0296,0.0,1609459200000
tank_0297,6.639215686274509,1609459200000
tank_0299,0.0,1609459200000
tank_0300,0.7215686274509804,1609459200000
tank_0301,0.0,1609459200000
tank_0307,0.0,1609459200000
tank_0309,0.0,1609459200000
tank_0313,0.0,1609459200000
tank_0314,0.0,1609459200000
tank_0319,0.0,1609459200000
tank_0321,0.0,1609459200000
tank_0327,0.0,1609459200000
tank_0337,0.0,1609459200000
tank_0338,0.0,1609459200000
tank_0339,1.6431372549019607,1609459200000
tank_0342,0.0,1609459200000
tank_0345,0.7450980392156863,1609459200000
tank_0346,0.0,1609459200000
tank_0349,10.0,1609459200000
tank_0350,0.0,1609459200000
tank_0353,0.0,1609459200000
tank_0356,0.0,1609459200000
tank_0360,0.0,1609459200000
tank_0361,0.0,1609459200000
tank_0362,0.0,1609459200000
tank_0364,0.0,1609459200000
tank_0366,22.08627450980392,1609459200000
tank_0369,0.0,1609459200000
tank_0375,0.0,1609459200000
tank_0379,1.6745098039215687,1609459200000
tank_0381,10.082352941176472,1609459200000
tank_0386,0.0,1609459200000
tank_0390,0.0,1609459200000
tank_0397,0.0,1609459200000
tank_0399,0.0,1609459200000
tank_0404,6.0,1609459200000
tank_0409,0.0,1609459200000
tank_0420,0.0,1609459200000
tank_0425,0.0,1609459200000
tank_0431,0.0,1609459200000
tank_0432,0.0,1609459200000
tank_0435,0.0,1609459200000
tank_0436,0.0,1609459200000
tank_0438,0.0,1609459200000
tank_0443,0.0,1609459200000
tank_0444,0.0,1609459200000
tank_0447,3.372549019607843,1609459200000
tank_0448,0.0,1609459200000
tank_0449,0.0,1609459200000
tank_0455,0.9764705882352942,1609459200000
tank_0460,0.3568627450980392,1609459200000
tank_0462,0.0,1609459200000
tank_0466,0.0,1609459200000
tank_0471,0.0,1609459200000
tank_0473,2.0,1609459200000
tank_0474,6.007843137254902,1609459200000
tank_0481,14.301960784313724,1609459200000
tank_0485,0.0,1609459200000
tank_0489,0.0,1609459200000
tank_0491,0.0,1609459200000
tank_0494,0.0,1609459200000
tank_0497,0.0,1609459200000
tank_0498,0.0,1609459200000
tank_0502,0.0,1609459200000
tank_0505,0.0,1609459200000
tank_0509,0.0,1609459200000
tank_0512,35.0,1609459200000
tank_0514,0.0,1609459200000
tank_0515,0.11764705882352941,1609459200000
tank_0521,0.0,1609459200000
tank_0524,0.0,1609459200000
tank_0526,57.87450980392157,1609459200000
tank_0533,0.0,1609459200000
tank_0534,0.0,1609459200000
tank_0536,0.0,1609459200000
tank_0537,0.0,1609459200000
tank_0541,0.0,1609459200000
tank_0547,0.0,1609459200000
tank_0552,2.0,1609459200000
tank_0555,1.0,1609459200000
tank_0556,0.0,1609459200000
tank_0557,0.0,1609459200000
tank_0560,0.0,1609459200000
tank_0561,0.0,1609459200000
tank_0566,0.0,1609459200000
tank_0567,0.0,1609459200000
tank_0568,3.176470588235294,1609459200000
tank_0574,0.0,1609459200000
tank_0579,0.0,1609459200000
tank_0583,41.0,1609459200000
tank_0587,0.0,1609459200000
tank_0589,0.0,1609459200000
tank_0590,0.0,1609459200000
tank_0592,0.0,1609459200000
tank_0593,0.0,1609459200000
tank_0595,0.0,1609459200000
tank_0600,0.0,1609459200000
tank_0604,0.0,1609459200000
tank_0606,0.0,1609459200000
tank_0607,0.0,1609459200000
tank_0608,115.0,1609459200000
tank_0610,0.0,1609459200000
tank_0611,1.0,1609459200000
tank_0612,2.1882352941176473,1609459200000
tank_0613,0.0,1609459200000
tank_0619,0.0,1609459200000
tank_0626,0.0,1609459200000
tank_0627,0.0,1609459200000
tank_0628,0.0,1609459200000
tank_0632,0.0,1609459200000
tank_0633,0.0,1609459200000
tank_0639,0.0,1609459200000
tank_0640,0.0,1609459200000
tank_0641,4.290196078431372,1609459200000
tank_0643,31.262745098039215,1609459200000
tank_0646,0.0,1609459200000
tank_0663,0.0,1609459200000
tank_0664,0.0,1609459200000
tank_0666,0.0,1609459200000
tank_0667,0.0,1609459200000
tank_0670,1.0,1609459200000
tank_0675,0.0,1609459200000
tank_0676,20.0,1609459200000
tank_0678,0.0,1609459200000
tank_0681,0.0,1609459200000
tank_0687,0.0,1609459200000
tank_0688,0.0,1609459200000
tank_0697,0.0,1609459200000
tank_0720,0.8,1609459200000
tank_0722,0.0,1609459200000
tank_0724,0.0,1609459200000
tank_0725,0.0,1609459200000
tank_0728,0.0,1609459200000
tank_0730,0.0,1609459200000
tank_0731,0.0,1609459200000
tank_0732,0.0,1609459200000
tank_0737,199.0,1609459200000
tank_0739,0.0,1609459200000
tank_0740,8.462745098039216,1609459200000
tank_0746,0.0,1609459200000
tank_0748,0.0,1609459200000
tank_0749,0.0,1609459200000
tank_0752,0.0,1609459200000
tank_0760,0.0,1609459200000
tank_0770,0.0,1609459200000
tank_0772,0.0,1609459200000
tank_0788,0.0,1609459200000
tank_0789,0.0,1609459200000
tank_0792,15.568627450980392,1609459200000
tank_0797,0.0,1609459200000
tank_0800,0.0,1609459200000
tank_0802,0.0,1609459200000
tank_0803,1.776470588235294,1609459200000
tank_0808,7.286274509803921,1609459200000
tank_0810,0.0,1609459200000
tank_0811,0.0,1609459200000
tank_0812,0.0,1609459200000
tank_0813,15.141176470588233,1609459200000
tank_0816,4.0,1609459200000
tank_0819,0.0,1609459200000
tank_0823,0.0,1609459200000
tank_0824,379.0,1609459200000
tank_0825,0.0,1609459200000
tank_0828,0.0,1609459200000
tank_0829,55.984313725490196,1609459200000
tank_0830,0.0,1609459200000
tank_0831,0.0,1609459200000
tank_0844,0.0,1609459200000
tank_0852,11.0,1609459200000
tank_0855,47.0,1609459200000
tank_0856,507.0,1609459200000
tank_0860,0.0,1609459200000
tank_0861,0.0,1609459200000
tank_0872,0.0,1609459200000
tank_0875,29.0,1609459200000
tank_0879,0.0,1609459200000
tank_0885,0.0,1609459200000
tank_0891,0.0,1609459200000
tank_0894,127.0,1609459200000
tank_0898,418.87450980392157,1609459200000
tank_0900,0.0,1609459200000
tank_0901,106.0,1609459200000
tank_0902,85.0,1609459200000
tank_0914,45.95294117647059,1609459200000
tank_0917,495.97254901960787,1609459200000
tank_0919,0.0,1609459200000
tank_0920,60.0,1609459200000
tank_0922,53.0,1609459200000
tank_0923,0.0,1609459200000
tank_0924,0.0,1609459200000
tank_0926,0.0,1609459200000
tank_0927,0.0,1609459200000
tank_0928,0.0,1609459200000
tank_0930,117.0,1609459200000
tank_0931,0.0,1609459200000
tank_0933,0.0,1609459200000
tank_0934,0.0,1609459200000
tank_0937,0.0,1609459200000
tank_0938,0.0,1609459200000
tank_0939,0.4549019607843137,1609459200000
tank_0944,10.0,1609459200000
tank_0946,0.0,1609459200000
tank_0952,0.0,1609459200000
tank_0958,0.0,1609459200000
tank_0962,516.0,1609459200000
tank_0967,0.0,1609459200000
tank_0975,0.0,1609459200000
tank_0978,0.0,1609459200000
tank_0990,0.0,1609459200000
tank_0991,88.0,1609459200000
tank_0998,0.0,1609459200000
tank_0999,9.137254901960784,1609459200000
tank_1003,652.0,1609459200000
tank_1004,1.4509803921568627,1609459200000
tank_1014,43.0,1609459200000
tank_1026,215.0,1609459200000
tank_1031,33.0,1609459200000
tank_1032,17.098039215686274,1609459200000
tank_1034,1.0,1609459200000
tank_1042,34.0,1609459200000
tank_1045,23.0,1609459200000
tank_1049,51.0,1609459200000
tank_1055,12.815686274509803,1609459200000
tank_1061,14.79607843137255,1609459200000
tank_1062,0.0,1609459200000
tank_1064,6.5058823529411764,1609459200000
tank_1065,16.823529411764707,1609459200000
tank_1066,0.0,1609459200000
tank_1070,52.0,1609459200000
tank_1073,65.0,1609459200000
tank_1083,213.0,1609459200000
tank_1086,9.0,1609459200000
tank_1088,18.12549019607843,1609459200000
tank_1089,26.0,1609459200000
tank_1090,14.988235294117647,1609459200000
tank_1091,0.0,1609459200000
tank_1094,601.0,1609459200000
tank_1095,22.172549019607843,1609459200000
tank_1104,3.443137254901961,1609459200000
tank_1113,48.0,1609459200000
tank_1116,0.0,1609459200000
tank_1117,0.0,1609459200000
tank_1120,335.35686274509806,1609459200000
tank_1121,106.0,1609459200000
tank_1124,17.96470588235294,1609459200000
tank_1128,46.80392156862745,1609459200000
tank_1134,2.4823529411764707,1609459200000
tank_1135,27.0,1609459200000
tank_1146,19.0,1609459200000
tank_1149,0.0,1609459200000
tank_1156,0.0,1609459200000
tank_1157,34.81176470588235,1609459200000
tank_1159,195.0,1609459200000
tank_1160,558.0,1609459200000
tank_1166,5.027450980392157,1609459200000
tank_1170,19.24313725490196,1609459200000
tank_1175,0.0,1609459200000
tank_1177,5.0,1609459200000
tank_1179,0.0,1609459200000
tank_1181,138.0,1609459200000
tank_1186,74.7921568627451,1609459200000
tank_1187,7.050980392156863,1609459200000
tank_1190,0.0,1609459200000
tank_1192,24.0,1609459200000
tank_1196,0.0,1609459200000
tank_1197,513.0,1609459200000
tank_1201,107.0,1609459200000
tank_1203,0.0,1609459200000
tank_1205,56.0,1609459200000
tank_1209,811.0,1609459200000
tank_1217,0.0,1609459200000
tank_1223,0.0,1609459200000
tank_1226,0.0,1609459200000
tank_1228,19.0,1609459200000
tank_1230,0.0,1609459200000
tank_1237,2.0,1609459200000
tank_1239,683.9176470588235,1609459200000
tank_1245,1.0156862745098039,1609459200000
tank_1246,0.0,1609459200000
tank_1250,0.0,1609459200000
tank_1254,981.0,1609459200000
tank_1255,0.0,1609459200000
tank_1258,47.0,1609459200000
tank_1261,0.0,1609459200000
tank_1262,0.0,1609459200000
tank_1263,10.0,1609459200000
tank_1265,0.0,1609459200000
tank_1270,17.0,1609459200000
tank_1272,0.0,1609459200000
tank_1275,0.0,1609459200000
tank_1276,21.0,1609459200000
tank_1279,20.992156862745098,1609459200000
tank_1280,0.0,1609459200000
tank_1284,0.0,1609459200000
tank_1285,0.0,1609459200000
tank_1286,23.0,1609459200000
tank_1290,0.0,1609459200000
tank_1291,0.0,1609459200000
tank_1293,19.894117647058824,1609459200000
tank_1295,0.0,1609459200000
tank_1297,29.0,1609459200000
tank_1301,239.0,1609459200000
tank_1302,9.0,1609459200000
tank_1304,0.0,1609459200000
tank_1305,0.0,1609459200000
tank_1313,404.0,1609459200000
tank_1322,0.0,1609459200000
tank_1325,41.0,1609459200000
tank_1326,0.0,1609459200000
tank_1344,0.0,1609459200000
tank_1346,0.0,1609459200000
tank_1349,0.0,1609459200000
tank_1353,444.0,1609459200000
tank_1358,0.0,1609459200000
tank_1359,0.0,1609459200000
tank_1361,270.0,1609459200000
tank_1364,1054.0,1609459200000
tank_1365,0.0,1609459200000
tank_1372,31.0,1609459200000
tank_1374,184.75294117647059,1609459200000
tank_1378,205.98823529411766,1609459200000
tank_1380,58.0,1609459200000
tank_1386,81.0,1609459200000
tank_1391,16.0,1609459200000
tank_1393,0.0,1609459200000
tank_1396,0.0,1609459200000
tank_1397,0.0,1609459200000
tank_1403,0.0,1609459200000
tank_1409,0.0,1609459200000
tank_1412,0.0,1609459200000
tank_1415,0.0,1609459200000
tank_1416,0.0,1609459200000
tank_1421,200.0,1609459200000
tank_1422,0.0,1609459200000
tank_1425,512.0,1609459200000
tank_1426,0.0,1609459200000
tank_1430,0.0,1609459200000
tank_1433,308.0,1609459200000
tank_1438,0.0,1609459200000
tank_1439,7.0,1609459200000
tank_1441,0.0,1609459200000
tank_1443,2.4196078431372547,1609459200000
tank_1445,0.0,1609459200000
tank_1446,0.0,1609459200000
tank_1450,0.0,1609459200000
tank_1452,0.0,1609459200000
tank_1456,0.0,1609459200000
tank_1466,0.0,1609459200000
tank_1471,0.0,1609459200000
tank_1475,482.94117647058823,1609459200000
tank_1486,1329.0,1609459200000
tank_1488,0.0,1609459200000
tank_1491,0.0,1609459200000
tank_1500,0.0,1609459200000
tank_1505,455.0,1609459200000
tank_1513,877.0,1609459200000
tank_1531,62.0,1609459200000
tank_1536,0.0,1609459200000
tank_1539,391.0,1609459200000
tank_1541,2.0,1609459200000
tank_1542,12.0,1609459200000
tank_1547,105.0,1609459200000
tank_1563,33.25098039215686,1609459200000
tank_1564,0.0,1609459200000
tank_1565,544.0,1609459200000
tank_1567,66.49019607843137,1609459200000
tank_1568,26.0,1609459200000
tank_1573,4.0,1609459200000
tank_1583,1.0,1609459200000
tank_1587,913.0,1609459200000
tank_1588,2.0,1609459200000
tank_1592,0.0,1609459200000
tank_1594,87.0,1609459200000
tank_1595,31.596078431372554,1609459200000
tank_1597,181.82745098039217,1609459200000
tank_1598,0.0,1609459200000
tank_1600,0.0,1609459200000
tank_1604,0.0,1609459200000
tank_0002,0.0,1610496000000
tank_0004,0.0,1610496000000
tank_0005,0.0,1610496000000
tank_0011,0.0,1610496000000
tank_0014,0.0,1610496000000
tank_0019,0.0,1610496000000
tank_0024,2.0,1610496000000
tank_0025,0.0,1610496000000
tank_0026,0.0,1610496000000
tank_0027,2.0,1610496000000
tank_0030,0.0,1610496000000
tank_0031,7.0,1610496000000
tank_0036,0.0,1610496000000
tank_0037,0.0,1610496000000
tank_0038,0.0,1610496000000
tank_0050,3.0,1610496000000
tank_0051,0.0,1610496000000
tank_0052,0.9921568627450981,1610496000000
tank_0053,0.0,1610496000000
tank_0055,0.0,1610496000000
tank_0057,0.0,1610496000000
tank_0058,0.0,1610496000000
tank_0064,6.623529411764706,1610496000000
tank_0069,0.0,1610496000000
tank_0072,0.0,1610496000000
tank_0073,0.0,1610496000000
tank_0080,22.0,1610496000000
tank_0094,1.8392156862745097,1610496000000
tank_0107,0.0,1610496000000
tank_0110,0.0,1610496000000
tank_0113,13.28235294117647,1610496000000
tank_0115,0.0,1610496000000
tank_0116,0.0,1610496000000
tank_0117,0.0,1610496000000
tank_0118,0.0,1610496000000
tank_0122,0.0,1610496000000
tank_0125,0.0,1610496000000
tank_0130,0.4117647058823529,1610496000000
tank_0131,0.0,1610496000000
tank_0132,0.0,1610496000000
tank_0134,0.0,1610496000000
tank_0135,1.4980392156862745,1610496000000
tank_0142,0.0,1610496000000
tank_0143,0.0,1610496000000
tank_0144,0.0,1610496000000
tank_0148,0.0,1610496000000
tank_0153,0.0,1610496000000
tank_0156,0.17647058823529413,1610496000000
tank_0159,0.0,1610496000000
tank_0165,6.6,1610496000000
tank_0171,0.0,1610496000000
tank_0172,1.0,1610496000000
tank_0174,5.623529411764706,1610496000000
tank_0176,1.0,1610496000000
tank_0184,0.0,1610496000000
tank_0187,7.0,1610496000000
tank_0190,3.1411764705882352,1610496000000
tank_0192,0.5647058823529412,1610496000000
tank_0193,0.0,1610496000000
tank_0195,0.0,1610496000000
tank_0199,0.0,1610496000000
tank_0204,0.0,1610496000000
tank_0205,0.0,1610496000000
tank_0207,0.0,1610496000000
tank_0209,0.0,1610496000000
tank_0213,4.0,1610496000000
tank_0217,0.0,1610496000000
tank_0220,0.0,1610496000000
tank_0221,0.8156862745098039,1610496000000
tank_0225,0.0,1610496000000
tank_0226,0.0,1610496000000
tank_0228,0.0,1610496000000
tank_0229,0.0,1610496000000
tank_0231,0.0,1610496000000
tank_0233,0.0,1610496000000
tank_0236,0.0,1610496000000
tank_0237,0.0,1610496000000
tank_0240,0.0,1610496000000
tank_0242,0.0,1610496000000
tank_0245,0.0,1610496000000
tank_0247,29.0,1610496000000
tank_0256,0.0,1610496000000
tank_0257,0.0,1610496000000
tank_0260,0.0,1610496000000
tank_0261,0.0,1610496000000
tank_0264,0.0,1610496000000
tank_0273,0.0,1610496000000
tank_0276,0.0,1610496000000
tank_0278,0.1411764705882353,1610496000000
tank_0280,0.0,1610496000000
tank_0291,10.0,1610496000000
tank_0292,8.0,1610496000000
tank_0296,0.0,1610496000000
tank_0297,1.9607843137254903,1610496000000
tank_0299,0.0,1610496000000
tank_0300,2.227450980392157,1610496000000
tank_0301,0.0,1610496000000
tank_0307,0.0,1610496000000
tank_0309,0.0,1610496000000
tank_0313,0.0,1610496000000
tank_0314,0.6509803921568628,1610496000000
tank_0319,0.0,1610496000000
tank_0321,7.0,1610496000000
tank_0327,0.0,1610496000000
tank_0337,0.0,1610496000000
tank_0338,4.0,1610496000000
tank_0339,10.886274509803922,1610496000000
tank_0342,26.250980392156862,1610496000000
tank_0345,0.25098039215686274,1610496000000
tank_0346,0.0,1610496000000
tank_0349,10.0,1610496000000
tank_0350,0.0,1610496000000
tank_0353,17.584313725490198,1610496000000
tank_0356,0.1843137254901961,1610496000000
tank_0360,0.0,1610496000000
tank_0361,0.0,1610496000000
tank_0362,0.0,1610496000000
tank_0364,0.6235294117647059,1610496000000
tank_0366,35.29803921568627,1610496000000
tank_0369,0.0,1610496000000
tank_0375,0.0,1610496000000
tank_0379,2.4980392156862745,1610496000000
tank_0381,9.074509803921568,1610496000000
tank_0386,0.0,1610496000000
tank_0390,0.0,1610496000000
tank_0397,0.0,1610496000000
tank_0399,0.0,1610496000000
tank_0404,4.0,1610496000000
tank_0409,0.0,1610496000000
tank_0420,0.0,1610496000000
tank_0425,1.5647058823529412,1610496000000
tank_0431,0.0,1610496000000
tank_0432,3.784313725490196,1610496000000
tank_0435,0.0,1610496000000
tank_0436,0.0,1610496000000
tank_0438,0.0,1610496000000
tank_0443,0.0,1610496000000
tank_0444,0.0,1610496000000
tank_0447,40.36862745098039,1610496000000
tank_0448,0.0,1610496000000
tank_0449,0.0,1610496000000
tank_0455,12.207843137254901,1610496000000
tank_0460,3.807843137254902,1610496000000
tank_0462,0.0,1610496000000
tank_0466,0.0,1610496000000
tank_0471,0.0,1610496000000
tank_0473,3.0,1610496000000
tank_0474,1.3686274509803922,1610496000000
tank_0481,20.48627450980392,1610496000000
tank_0485,0.0,1610496000000
tank_0489,0.0,1610496000000
tank_0491,0.0,1610496000000
tank_0494,0.0,1610496000000
tank_0497,0.0,1610496000000
tank_0498,1.9647058823529413,1610496000000
tank_0502,0.0,1610496000000
tank_0505,0.0,1610496000000
tank_0509,0.0,1610496000000
tank_0512,28.0,1610496000000
tank_0514,0.0,1610496000000
tank_0515,8.674509803921568,1610496000000
tank_0521,0.0,1610496000000
tank_0524,0.0,1610496000000
tank_0526,60.0,1610496000000
tank_0533,0.0,1610496000000
tank_0534,0.0,1610496000000
tank_0536,0.0,1610496000000
tank_0537,0.0,1610496000000
tank_0541,0.0,1610496000000
tank_0547,0.5411764705882353,1610496000000
tank_0552,0.03137254901960784,1610496000000
tank_0555,1.0,1610496000000
tank_0556,0.0,1610496000000
tank_0557,0.0,1610496000000
tank_0560,0.0,1610496000000
tank_0561,0.0,1610496000000
tank_0566,0.0,1610496000000
tank_0567,0.0,1610496000000
tank_0568,6.549019607843137,1610496000000
tank_0574,0.0,1610496000000
tank_0579,0.0,1610496000000
tank_0583,35.0,1610496000000
tank_0587,0.0,1610496000000
tank_0589,0.0,1610496000000
tank_0590,0.0,1610496000000
tank_0592,1.615686274509804,1610496000000
tank_0593,0.0,1610496000000
tank_0595,0.0,1610496000000
tank_0600,0.0,1610496000000
tank_0604,0.0,1610496000000
tank_0606,3.0,1610496000000
tank_0607,0.0,1610496000000
tank_0608,124.0,1610496000000
tank_0610,0.0,1610496000000
tank_0611,8.52941176470588,1610496000000
tank_0612,0.0,1610496000000
tank_0613,0.0,1610496000000
tank_0619,0.0,1610496000000
tank_0626,0.0,1610496000000
tank_0627,0.0,1610496000000
tank_0628,0.0,1610496000000
tank_0632,0.0,1610496000000
tank_0633,0.0,1610496000000
tank_0639,0.0,1610496000000
tank_0640,0.0,1610496000000
tank_0641,5.376470588235295,1610496000000
tank_0643,37.388235294117656,1610496000000
tank_0646,0.0,1610496000000
tank_0663,0.0,1610496000000
tank_0664,0.0,1610496000000
tank_0666,0.0,1610496000000
tank_0667,0.0,1610496000000
tank_0670,4.0,1610496000000
tank_0675,0.0,1610496000000
tank_0676,12.0,1610496000000
tank_0678,0.0,1610496000000
tank_0681,0.0,1610496000000
tank_0687,0.0,1610496000000
tank_0688,0.0,1610496000000
tank_0697,0.0,1610496000000
tank_0720,0.0,1610496000000
tank_0722,0.0,1610496000000
tank_0724,0.0,1610496000000
tank_0725,0.0,1610496000000
tank_0728,0.0,1610496000000
tank_0730,0.0,1610496000000
tank_0731,0.0,1610496000000
tank_0732,0.0,1610496000000
tank_0737,224.0,1610496000000
tank_0739,0.0,1610496000000
tank_0740,0.0,1610496000000
tank_0746,0.0,1610496000000
tank_0748,0.0,1610496000000
tank_0749,3.6470588235294117,1610496000000
tank_0752,0.0,1610496000000
tank_0760,0.0,1610496000000
tank_0770,0.0,1610496000000
tank_0772,0.0,1610496000000
tank_0788,0.0,1610496000000
tank_0789,9.0,1610496000000
tank_0792,96.86274509803923,1610496000000
tank_0797,0.0,1610496000000
tank_0800,0.0,1610496000000
tank_0802,0.0,1610496000000
tank_0803,4.9450980392156865,1610496000000
tank_0808,39.04313725490197,1610496000000
tank_0810,0.0,1610496000000
tank_0811,10.866666666666667,1610496000000
tank_0812,0.0,1610496000000
tank_0813,11.388235294117646,1610496000000
tank_0816,7.768627450980392,1610496000000
tank_0819,0.0,1610496000000
tank_0823,0.0,1610496000000
tank_0824,511.0,1610496000000
tank_0825,0.0,1610496000000
tank_0828,0.0,1610496000000
tank_0829,56.858823529411765,1610496000000
tank_0830,0.0,1610496000000
tank_0831,0.0,1610496000000
tank_0844,0.0,1610496000000
tank_0852,10.0,1610496000000
tank_0855,37.0,1610496000000
tank_0856,801.0,1610496000000
tank_0860,1.0,1610496000000
tank_0861,0.0,1610496000000
tank_0872,0.0,1610496000000
tank_0875,8.0,1610496000000
tank_0879,0.0,1610496000000
tank_0885,0.0,1610496000000
tank_0891,0.0,1610496000000
tank_0894,1087.850980392157,1610496000000
tank_0898,303.0,1610496000000
tank_0900,3.0,1610496000000
tank_0901,91.69411764705882,1610496000000
tank_0902,79.0,1610496000000
tank_0914,43.84313725490196,1610496000000
tank_0917,606.9725490196079,1610496000000
tank_0919,0.0,1610496000000
tank_0920,64.0,1610496000000
tank_0922,83.0,1610496000000
tank_0923,0.0,1610496000000
tank_0924,0.0,1610496000000
tank_0926,0.0,1610496000000
tank_0927,0.0,1610496000000
tank_0928,0.0,1610496000000
tank_0930,124.0,1610496000000
tank_0931,0.0,1610496000000
tank_0933,0.0,1610496000000
tank_0934,0.0,1610496000000
tank_0937,0.0,1610496000000
tank_0938,0.0,1610496000000
tank_0939,1.7098039215686274,1610496000000
tank_0944,3.0,1610496000000
tank_0946,0.0,1610496000000
tank_0952,0.0,1610496000000
tank_0958,0.0,1610496000000
tank_0962,1096.0,1610496000000
tank_0967,0.0,1610496000000
tank_0975,0.0,1610496000000
tank_0978,0.0,1610496000000
tank_0990,0.0,1610496000000
tank_0991,735.0,1610496000000
tank_0998,0.0,1610496000000
tank_0999,2.0,1610496000000
tank_1003,944.7450980392157,1610496000000
tank_1004,3.0,1610496000000
tank_1014,85.0,1610496000000
tank_1026,236.0,1610496000000
tank_1031,36.0,1610496000000
tank_1032,9.035294117647059,1610496000000
tank_1034,8.75294117647059,1610496000000
tank_1042,29.95686274509804,1610496000000
tank_1045,16.0,1610496000000
tank_1049,57.0,1610496000000
tank_1055,29.47450980392157,1610496000000
tank_1061,13.83921568627451,1610496000000
tank_1062,0.0,1610496000000
tank_1064,11.847058823529412,1610496000000
tank_1065,7.32156862745098,1610496000000
tank_1066,0.0,1610496000000
tank_1070,32.0,1610496000000
tank_1073,67.0,1610496000000
tank_1083,222.0,1610496000000
tank_1086,0.0,1610496000000
tank_1088,43.65098039215687,1610496000000
tank_1089,26.0,1610496000000
tank_1090,16.988235294117647,1610496000000
tank_1091,0.0,1610496000000
tank_1094,1098.0,1610496000000
tank_1095,25.04705882352941,1610496000000
tank_1104,5.411764705882353,1610496000000
tank_1113,47.0,1610496000000
tank_1116,0.0,1610496000000
tank_1117,0.0,1610496000000
tank_1120,325.9372549019608,1610496000000
tank_1121,392.0,1610496000000
tank_1124,18.929411764705883,1610496000000
tank_1128,74.80392156862746,1610496000000
tank_1134,20.435294117647064,1610496000000
tank_1135,23.317647058823532,1610496000000
tank_1146,29.643137254901962,1610496000000
tank_1149,0.21176470588235294,1610496000000
tank_1156,0.0,1610496000000
tank_1157,32.81176470588235,1610496000000
tank_1159,217.0,1610496000000
tank_1160,607.0,1610496000000
tank_1166,0.06666666666666667,1610496000000
tank_1170,38.45490196078431,1610496000000
tank_1175,0.0,1610496000000
tank_1177,0.0,1610496000000
tank_1179,1.0,1610496000000
tank_1181,168.74117647058824,1610496000000
tank_1186,74.74901960784314,1610496000000
tank_1187,0.0,1610496000000
tank_1190,0.0,1610496000000
tank_1192,27.333333333333336,1610496000000
tank_1196,0.0,1610496000000
tank_1197,1611.0,1610496000000
tank_1201,122.0,1610496000000
tank_1203,0.0,1610496000000
tank_1205,136.0,1610496000000
tank_1209,889.0,1610496000000
tank_1217,0.0,1610496000000
tank_1223,2.9450980392156865,1610496000000
tank_1226,0.0,1610496000000
tank_1228,17.0,1610496000000
tank_1230,0.0,1610496000000
tank_1237,0.0,1610496000000
tank_1239,842.8039215686274,1610496000000
tank_1245,0.0,1610496000000
tank_1246,0.0,1610496000000
tank_1250,0.0,1610496000000
tank_1254,1519.0,1610496000000
tank_1255,0.0,1610496000000
tank_1258,45.0,1610496000000
tank_1261,0.0,1610496000000
tank_1262,0.0,1610496000000
tank_1263,9.0,1610496000000
tank_1265,0.0,1610496000000
tank_1270,26.058823529411768,1610496000000
tank_1272,0.0,1610496000000
tank_1275,0.0,1610496000000
tank_1276,40.0,1610496000000
tank_1279,31.866666666666667,1610496000000
tank_1280,0.0,1610496000000
tank_1284,0.0,1610496000000
tank_1285,0.0,1610496000000
tank_1286,24.0,1610496000000
tank_1290,2.0,1610496000000
tank_1291,0.0,1610496000000
tank_1293,46.0,1610496000000
tank_1295,0.0,1610496000000
tank_1297,50.0,1610496000000
tank_1301,236.0,1610496000000
tank_1302,11.0,1610496000000
tank_1304,0.0,1610496000000
tank_1305,0.0,1610496000000
tank_1313,425.0,1610496000000
tank_1322,0.0,1610496000000
tank_1325,164.99607843137255,1610496000000
tank_1326,0.0,1610496000000
tank_1344,0.0,1610496000000
tank_1346,0.0,1610496000000
tank_1349,0.0,1610496000000
tank_1353,506.0,1610496000000
tank_1358,0.0,1610496000000
tank_1359,0.0,1610496000000
tank_1361,508.0,1610496000000
tank_1364,1274.0,1610496000000
tank_1365,0.0,1610496000000
tank_1372,142.8941176470588,1610496000000
tank_1374,264.0,1610496000000
tank_1378,521.0,1610496000000
tank_1380,68.76862745098039,1610496000000
tank_1386,104.0,1610496000000
tank_1391,17.0,1610496000000
tank_1393,0.0,1610496000000
tank_1396,0.0,1610496000000
tank_1397,0.0,1610496000000
tank_1403,0.0,1610496000000
tank_1409,2.0,1610496000000
tank_1412,0.0,1610496000000
tank_1415,0.0,1610496000000
tank_1416,0.0,1610496000000
tank_1421,219.0,1610496000000
tank_1422,0.0,1610496000000
tank_1425,499.0,1610496000000
tank_1426,0.0,1610496000000
tank_1430,0.0,1610496000000
tank_1433,363.0,1610496000000
tank_1438,0.0,1610496000000
tank_1439,9.913725490196079,1610496000000
tank_1441,0.0,1610496000000
tank_1443,6.105882352941176,1610496000000
tank_1445,3.0,1610496000000
tank_1446,27.0,1610496000000
tank_1450,0.0,1610496000000
tank_1452,0.0,1610496000000
tank_1456,2.0980392156862746,1610496000000
tank_1466,0.0,1610496000000
tank_1471,0.0,1610496000000
tank_1475,582.9490196078432,1610496000000
tank_1486,1429.0,1610496000000
tank_1488,0.0,1610496000000
tank_1491,2.0,1610496000000
tank_1500,0.0,1610496000000
tank_1505,515.8666666666667,1610496000000
tank_1513,900.0,1610496000000
tank_1531,70.0,1610496000000
tank_1536,36.0,1610496000000
tank_1539,668.9921568627451,1610496000000
tank_1541,0.0,1610496000000
tank_1542,15.0,1610496000000
tank_1547,114.0,1610496000000
tank_1563,22.627450980392155,1610496000000
tank_1564,0.0,1610496000000
tank_1565,825.9764705882353,1610496000000
tank_1567,60.741176470588236,1610496000000
tank_1568,43.0,1610496000000
tank_1573,6.0,1610496000000
tank_1583,0.0,1610496000000
tank_1587,959.0,1610496000000
tank_1588,0.0,1610496000000
tank_1592,0.0,1610496000000
tank_1594,93.0,1610496000000
tank_1595,38.94901960784314,1610496000000
tank_1597,200.82745098039214,1610496000000
tank_1598,0.0,1610496000000
tank_1600,1.5058823529411764,1610496000000
tank_1604,0.0,1610496000000
tank_0002,0.0,1611532800000
tank_0004,0.0,1611532800000
tank_0005,0.0,1611532800000
tank_0011,0.0,1611532800000
tank_0014,0.0,1611532800000
tank_0019,0.0,1611532800000
tank_0024,2.27843137254902,1611532800000
tank_0025,0.0,1611532800000
tank_0026,0.0,1611532800000
tank_0027,0.0,1611532800000
tank_0030,0.0,1611532800000
tank_0031,4.0,1611532800000
tank_0036,0.0,1611532800000
tank_0037,0.0,1611532800000
tank_0038,6.67843137254902,1611532800000
tank_0050,9.831372549019608,1611532800000
tank_0051,0.0,1611532800000
tank_0052,6.4980392156862745,1611532800000
tank_0053,4.0,1611532800000
tank_0055,0.0,1611532800000
tank_0057,0.0,1611532800000
tank_0058,0.0,1611532800000
tank_0064,8.79607843137255,1611532800000
tank_0069,6.0,1611532800000
tank_0072,0.0,1611532800000
tank_0073,0.0,1611532800000
tank_0080,16.0,1611532800000
tank_0094,0.0,1611532800000
tank_0107,0.0,1611532800000
tank_0110,0.0,1611532800000
tank_0113,34.286274509803924,1611532800000
tank_0115,2.32156862745098,1611532800000
tank_0116,2.0,1611532800000
tank_0117,5.0,1611532800000
tank_0118,0.0,1611532800000
tank_0122,0.0,1611532800000
tank_0125,4.0,1611532800000
tank_0130,2.0,1611532800000
tank_0131,0.0,1611532800000
tank_0132,0.0,1611532800000
tank_0134,0.0,1611532800000
tank_0135,8.745098039215687,1611532800000
tank_0142,7.0,1611532800000
tank_0143,0.0,1611532800000
tank_0144,0.0,1611532800000
tank_0148,6.474509803921569,1611532800000
tank_0153,0.0,1611532800000
tank_0156,3.180392156862745,1611532800000
tank_0159,7.8235294117647065,1611532800000
tank_0165,8.12156862745098,1611532800000
tank_0171,0.0,1611532800000
tank_0172,0.0,1611532800000
tank_0174,4.8313725490196076,1611532800000
tank_0176,18.91764705882353,1611532800000
tank_0184,1.0,1611532800000
tank_0187,7.713725490196079,1611532800000
tank_0190,2.764705882352941,1611532800000
tank_0192,0.0,1611532800000
tank_0193,0.0,1611532800000
tank_0195,0.0,1611532800000
tank_0199,5.050980392156863,1611532800000
tank_0204,0.0,1611532800000
tank_0205,0.0,1611532800000
tank_0207,1.0,1611532800000
tank_0209,0.0,1611532800000
tank_0213,7.101960784313725,1611532800000
tank_0217,0.0,1611532800000
tank_0220,0.0,1611532800000
tank_0221,0.35294117647058826,1611532800000
tank_0225,0.0,1611532800000
tank_0226,3.0,1611532800000
tank_0228,0.0,1611532800000
tank_0229,0.0,1611532800000
tank_0231,0.0,1611532800000
tank_0233,0.0,1611532800000
tank_0236,0.5019607843137255,1611532800000
tank_0237,0.0,1611532800000
tank_0240,0.0,1611532800000
tank_0242,0.0,1611532800000
tank_0245,0.0,1611532800000
tank_0247,29.45098039215686,1611532800000
tank_0256,0.0,1611532800000
tank_0257,0.996078431372549,1611532800000
tank_0260,0.996078431372549,1611532800000
tank_0261,0.0,1611532800000
tank_0264,0.0,1611532800000
tank_0273,0.0,1611532800000
tank_0276,0.0,1611532800000
tank_0278,1.0,1611532800000
tank_0280,0.0,1611532800000
tank_0291,7.0,1611532800000
tank_0292,0.0,1611532800000
tank_0296,0.0,1611532800000
tank_0297,0.0,1611532800000
tank_0299,3.0980392156862746,1611532800000
tank_0300,8.36078431372549,1611532800000
tank_0301,4.749019607843137,1611532800000
tank_0307,0.0,1611532800000
tank_0309,0.0,1611532800000
tank_0313,0.0,1611532800000
tank_0314,4.011764705882353,1611532800000
tank_0319,0.0,1611532800000
tank_0321,9.28627450980392,1611532800000
tank_0327,0.0,1611532800000
tank_0337,0.0,1611532800000
tank_0338,2.0,1611532800000
tank_0339,50.33725490196079,1611532800000
tank_0342,3.3137254901960786,1611532800000
tank_0345,1.6313725490196078,1611532800000
tank_0346,0.0,1611532800000
tank_0349,0.0,1611532800000
tank_0350,4.0,1611532800000
tank_0353,14.541176470588235,1611532800000
tank_0356,0.17254901960784313,1611532800000
tank_0360,1.0,1611532800000
tank_0361,0.0,1611532800000
tank_0362,0.0,1611532800000
tank_0364,0.0,1611532800000
tank_0366,24.0,1611532800000
tank_0369,0.0,1611532800000
tank_0375,0.0,1611532800000
tank_0379,23.32156862745098,1611532800000
tank_0381,2.1058823529411765,1611532800000
tank_0386,0.0,1611532800000
tank_0390,0.0,1611532800000
tank_0397,0.0,1611532800000
tank_0399,0.0,1611532800000
tank_0404,0.0,1611532800000
tank_0409,0.0,1611532800000
tank_0420,0.0,1611532800000
tank_0425,0.0,1611532800000
tank_0431,0.0,1611532800000
tank_0432,2.1176470588235294,1611532800000
tank_0435,0.0,1611532800000
tank_0436,0.0,1611532800000
tank_0438,0.0,1611532800000
tank_0443,0.0,1611532800000
tank_0444,0.0,1611532800000
tank_0447,70.81960784313726,1611532800000
tank_0448,0.0,1611532800000
tank_0449,1.0,1611532800000
tank_0455,1.0,1611532800000
tank_0460,0.0,1611532800000
tank_0462,0.0,1611532800000
tank_0466,1.0,1611532800000
tank_0471,0.0,1611532800000
tank_0473,0.0,1611532800000
tank_0474,1.384313725490196,1611532800000
tank_0481,58.30196078431372,1611532800000
tank_0485,0.0,1611532800000
tank_0489,0.0,1611532800000
tank_0491,0.0,1611532800000
tank_0494,0.0,1611532800000
tank_0497,0.0,1611532800000
tank_0498,3.7254901960784315,1611532800000
tank_0502,0.0,1611532800000
tank_0505,0.0,1611532800000
tank_0509,0.0,1611532800000
tank_0512,19.0,1611532800000
tank_0514,0.0,1611532800000
tank_0515,2.152941176470588,1611532800000
tank_0521,0.0,1611532800000
tank_0524,0.0,1611532800000
tank_0526,51.0,1611532800000
tank_0533,0.0,1611532800000
tank_0534,0.0,1611532800000
tank_0536,0.0,1611532800000
tank_0537,0.0,1611532800000
tank_0541,0.0,1611532800000
tank_0547,1.2549019607843137,1611532800000
tank_0552,2.7450980392156863,1611532800000
tank_0555,0.0,1611532800000
tank_0556,0.0,1611532800000
tank_0557,0.0,1611532800000
tank_0560,2.443137254901961,1611532800000
tank_0561,0.0,1611532800000
tank_0566,0.0,1611532800000
tank_0567,0.0,1611532800000
tank_0568,7.066666666666666,1611532800000
tank_0574,0.0,1611532800000
tank_0579,0.0,1611532800000
tank_0583,13.0,1611532800000
tank_0587,0.0,1611532800000
tank_0589,0.0,1611532800000
tank_0590,0.0,1611532800000
tank_0592,0.0,1611532800000
tank_0593,0.0,1611532800000
tank_0595,0.0,1611532800000
tank_0600,5.0,1611532800000
tank_0604,0.0,1611532800000
tank_0606,3.0,1611532800000
tank_0607,0.0,1611532800000
tank_0608,112.0,1611532800000
tank_0610,0.0,1611532800000
tank_0611,4.811764705882353,1611532800000
tank_0612,8.066666666666668,1611532800000
tank_0613,0.0,1611532800000
tank_0619,0.0,1611532800000
tank_0626,0.0,1611532800000
tank_0627,0.0,1611532800000
tank_0628,0.0,1611532800000
tank_0632,0.0,1611532800000
tank_0633,0.0,1611532800000
tank_0639,0.0,1611532800000
tank_0640,0.0,1611532800000
tank_0641,4.988235294117647,1611532800000
tank_0643,55.74901960784313,1611532800000
tank_0646,0.0,1611532800000
tank_0663,0.0,1611532800000
tank_0664,0.0,1611532800000
tank_0666,0.0,1611532800000
tank_0667,0.0,1611532800000
tank_0670,6.0,1611532800000
tank_0675,0.0,1611532800000
tank_0676,5.0,1611532800000
tank_0678,3.0,1611532800000
tank_0681,0.0,1611532800000
tank_0687,0.0,1611532800000
tank_0688,0.0,1611532800000
tank_0697,0.0,1611532800000
tank_0720,0.42745098039215684,1611532800000
tank_0722,0.0,1611532800000
tank_0724,0.0,1611532800000
tank_0725,0.0,1611532800000
tank_0728,0.0,1611532800000
tank_0730,0.0,1611532800000
tank_0731,0.0,1611532800000
tank_0732,0.0,1611532800000
tank_0737,206.0,1611532800000
tank_0739,2.5803921568627453,1611532800000
tank_0740,10.584313725490196,1611532800000
tank_0746,0.0,1611532800000
tank_0748,0.0,1611532800000
tank_0749,0.0,1611532800000
tank_0752,0.0,1611532800000
tank_0760,0.0,1611532800000
tank_0770,5.9450980392156865,1611532800000
tank_0772,0.0,1611532800000
tank_0788,0.0,1611532800000
tank_0789,0.0,1611532800000
tank_0792,151.76862745098038,1611532800000
tank_0797,0.0,1611532800000
tank_0800,0.0,1611532800000
tank_0802,0.7411764705882353,1611532800000
tank_0803,6.0,1611532800000
tank_0808,14.211764705882352,1611532800000
tank_0810,0.0,1611532800000
tank_0811,6.0,1611532800000
tank_0812,0.0,1611532800000
tank_0813,10.235294117647058,1611532800000
tank_0816,11.258823529411766,1611532800000
tank_0819,0.0,1611532800000
tank_0823,0.0,1611532800000
tank_0824,394.0,1611532800000
tank_0825,0.0,1611532800000
tank_0828,0.0,1611532800000
tank_0829,54.984313725490196,1611532800000
tank_0830,0.0,1611532800000
tank_0831,1.0,1611532800000
tank_0844,0.0,1611532800000
tank_0852,10.0,1611532800000
tank_0855,29.0,1611532800000
tank_0856,476.0,1611532800000
tank_0860,0.0,1611532800000
tank_0861,0.0,1611532800000
tank_0872,0.0,1611532800000
tank_0875,2.0,1611532800000
tank_0879,0.0,1611532800000
tank_0885,0.0,1611532800000
tank_0891,0.0,1611532800000
tank_0894,1124.0,1611532800000
tank_0898,432.0,1611532800000
tank_0900,1.0,1611532800000
tank_0901,97.76470588235294,1611532800000
tank_0902,56.0,1611532800000
tank_0914,32.0,1611532800000
tank_0917,548.0,1611532800000
tank_0919,0.0,1611532800000
tank_0920,54.0,1611532800000
tank_0922,56.0,1611532800000
tank_0923,0.0,1611532800000
tank_0924,0.0,1611532800000
tank_0926,0.3686274509803922,1611532800000
tank_0927,0.0,1611532800000
tank_0928,0.0,1611532800000
tank_0930,119.0,1611532800000
tank_0931,0.0,1611532800000
tank_0933,0.0,1611532800000
tank_0934,0.0,1611532800000
tank_0937,0.0,1611532800000
tank_0938,0.0,1611532800000
tank_0939,6.023529411764706,1611532800000
tank_0944,0.0,1611532800000
tank_0946,0.0,1611532800000
tank_0952,1.6588235294117648,1611532800000
tank_0958,0.0,1611532800000
tank_0962,1070.0,1611532800000
tank_0967,0.0,1611532800000
tank_0975,0.0,1611532800000
tank_0978,0.0,1611532800000
tank_0990,0.0,1611532800000
tank_0991,664.0,1611532800000
tank_0998,0.0,1611532800000
tank_0999,8.074509803921568,1611532800000
tank_1003,906.4509803921569,1611532800000
tank_1004,3.0,1611532800000
tank_1014,77.0,1611532800000
tank_1026,200.0,1611532800000
tank_1031,31.866666666666667,1611532800000
tank_1032,4.0,1611532800000
tank_1034,0.603921568627451,1611532800000
tank_1042,51.74901960784314,1611532800000
tank_1045,5.0,1611532800000
tank_1049,48.0,1611532800000
tank_1055,19.972549019607847,1611532800000
tank_1061,12.662745098039215,1611532800000
tank_1062,0.0,1611532800000
tank_1064,1.0,1611532800000
tank_1065,6.615686274509804,1611532800000
tank_1066,1.2509803921568627,1611532800000
tank_1070,37.0,1611532800000
tank_1073,68.0,1611532800000
tank_1083,233.0,1611532800000
tank_1086,4.0,1611532800000
tank_1088,46.69411764705883,1611532800000
tank_1089,25.0,1611532800000
tank_1090,20.0,1611532800000
tank_1091,0.0,1611532800000
tank_1094,1170.0,1611532800000
tank_1095,13.250980392156862,1611532800000
tank_1104,4.588235294117647,1611532800000
tank_1113,47.984313725490196,1611532800000
tank_1116,0.0,1611532800000
tank_1117,0.0,1611532800000
tank_1120,297.98823529411766,1611532800000
tank_1121,422.0,1611532800000
tank_1124,20.71372549019608,1611532800000
tank_1128,75.4078431372549,1611532800000
tank_1134,5.176470588235294,1611532800000
tank_1135,32.84705882352941,1611532800000
tank_1146,31.39607843137255,1611532800000
tank_1149,0.0,1611532800000
tank_1156,0.0,1611532800000
tank_1157,29.156862745098042,1611532800000
tank_1159,190.0,1611532800000
tank_1160,548.0,1611532800000
tank_1166,2.9568627450980385,1611532800000
tank_1170,32.345098039215685,1611532800000
tank_1175,0.0,1611532800000
tank_1177,0.5019607843137255,1611532800000
tank_1179,4.737254901960785,1611532800000
tank_1181,127.94117647058823,1611532800000
tank_1186,91.0,1611532800000
tank_1187,3.8313725490196076,1611532800000
tank_1190,0.0,1611532800000
tank_1192,25.901960784313726,1611532800000
tank_1196,0.0,1611532800000
tank_1197,989.0,1611532800000
tank_1201,132.0,1611532800000
tank_1203,0.0,1611532800000
tank_1205,130.0,1611532800000
tank_1209,743.0,1611532800000
tank_1217,0.0,1611532800000
tank_1223,3.0,1611532800000
tank_1226,0.0,1611532800000
tank_1228,18.0,1611532800000
tank_1230,0.0,1611532800000
tank_1237,0.0,1611532800000
tank_1239,805.0,1611532800000
tank_1245,0.0,1611532800000
tank_1246,0.0,1611532800000
tank_1250,0.0,1611532800000
tank_1254,744.0,1611532800000
tank_1255,0.0,1611532800000
tank_1258,39.0,1611532800000
tank_1261,0.0,1611532800000
tank_1262,1.3058823529411765,1611532800000
tank_1263,2.0,1611532800000
tank_1265,0.0,1611532800000
tank_1270,28.976470588235294,1611532800000
tank_1272,0.0,1611532800000
tank_1275,0.0,1611532800000
tank_1276,39.0,1611532800000
tank_1279,25.992156862745098,1611532800000
tank_1280,0.0,1611532800000
tank_1284,0.0,1611532800000
tank_1285,0.0,1611532800000
tank_1286,26.0,1611532800000
tank_1290,4.0,1611532800000
tank_1291,0.0,1611532800000
tank_1293,63.0,1611532800000
tank_1295,0.0,1611532800000
tank_1297,68.0,1611532800000
tank_1301,231.0,1611532800000
tank_1302,10.0,1611532800000
tank_1304,0.0,1611532800000
tank_1305,0.0,1611532800000
tank_1313,506.0,1611532800000
tank_1322,0.0,1611532800000
tank_1325,191.97254901960784,1611532800000
tank_1326,0.0,1611532800000
tank_1344,0.0,1611532800000
tank_1346,0.0,1611532800000
tank_1349,0.0,1611532800000
tank_1353,508.0,1611532800000
tank_1358,0.0,1611532800000
tank_1359,0.0,1611532800000
tank_1361,539.0,1611532800000
tank_1364,1263.0,1611532800000
tank_1365,0.0,1611532800000
tank_1372,127.8235294117647,1611532800000
tank_1374,254.0,1611532800000
tank_1378,529.0,1611532800000
tank_1380,39.0,1611532800000
tank_1386,116.9843137254902,1611532800000
tank_1391,20.0,1611532800000
tank_1393,0.0,1611532800000
tank_1396,37.0,1611532800000
tank_1397,0.0,1611532800000
tank_1403,0.0,1611532800000
tank_1409,5.0,1611532800000
tank_1412,0.0,1611532800000
tank_1415,0.0,1611532800000
tank_1416,0.0,1611532800000
tank_1421,212.0,1611532800000
tank_1422,0.0,1611532800000
tank_1425,530.0,1611532800000
tank_1426,3.0,1611532800000
tank_1430,0.0,1611532800000
tank_1433,317.0,1611532800000
tank_1438,0.0,1611532800000
tank_1439,4.913725490196079,1611532800000
tank_1441,0.0,1611532800000
tank_1443,0.0,1611532800000
tank_1445,2.0,1611532800000
tank_1446,24.0,1611532800000
tank_1450,0.0,1611532800000
tank_1452,0.0,1611532800000
tank_1456,0.0,1611532800000
tank_1466,0.0,1611532800000
tank_1471,0.0,1611532800000
tank_1475,336.0,1611532800000
tank_1486,973.0,1611532800000
tank_1488,0.0,1611532800000
tank_1491,4.0,1611532800000
tank_1500,0.0,1611532800000
tank_1505,466.0,1611532800000
tank_1513,491.0,1611532800000
tank_1531,59.0,1611532800000
tank_1536,27.0,1611532800000
tank_1539,633.3294117647058,1611532800000
tank_1541,11.0,1611532800000
tank_1542,0.0,1611532800000
tank_1547,128.0,1611532800000
tank_1563,22.0,1611532800000
tank_1564,0.0,1611532800000
tank_1565,1155.0,1611532800000
tank_1567,71.8156862745098,1611532800000
tank_1568,39.0,1611532800000
tank_1573,13.0,1611532800000
tank_1583,5.0,1611532800000
tank_1587,910.0,1611532800000
tank_1588,0.0,1611532800000
tank_1592,0.0,1611532800000
tank_1594,94.0,1611532800000
tank_1595,35.843137254901954,1611532800000
tank_1597,200.1137254901961,1611532800000
tank_1598,0.0,1611532800000
tank_1600,1.0,1611532800000
tank_1604,0.0,1611532800000
tank_0002,0.0,1612569600000
tank_0004,0.0,1612569600000
tank_0005,0.0,1612569600000
tank_0011,0.0,1612569600000
tank_0014,9.0,1612569600000
tank_0019,0.0,1612569600000
tank_0024,5.9372549019607845,1612569600000
tank_0025,0.0,1612569600000
tank_0026,0.0,1612569600000
tank_0027,0.0,1612569600000
tank_0030,0.0,1612569600000
tank_0031,0.0,1612569600000
tank_0036,0.0,1612569600000
tank_0037,0.0,1612569600000
tank_0038,5.149019607843138,1612569600000
tank_0050,7.2784313725490195,1612569600000
tank_0051,0.0,1612569600000
tank_0052,2.0,1612569600000
tank_0053,15.027450980392157,1612569600000
tank_0055,0.0,1612569600000
tank_0057,2.0,1612569600000
tank_0058,0.0,1612569600000
tank_0064,4.749019607843137,1612569600000
tank_0069,2.341176470588235,1612569600000
tank_0072,0.0,1612569600000
tank_0073,0.0,1612569600000
tank_0080,19.0,1612569600000
tank_0094,0.0,1612569600000
tank_0107,0.0,1612569600000
tank_0110,1.0,1612569600000
tank_0113,52.258823529411764,1612569600000
tank_0115,0.0,1612569600000
tank_0116,1.0,1612569600000
tank_0117,15.0,1612569600000
tank_0118,0.0,1612569600000
tank_0122,0.0,1612569600000
tank_0125,6.666666666666667,1612569600000
tank_0130,10.529411764705882,1612569600000
tank_0131,0.0,1612569600000
tank_0132,0.0,1612569600000
tank_0134,0.49019607843137253,1612569600000
tank_0135,5.0,1612569600000
tank_0142,3.0,1612569600000
tank_0143,0.0,1612569600000
tank_0144,0.0,1612569600000
tank_0148,7.752941176470587,1612569600000
tank_0153,0.0,1612569600000
tank_0156,5.003921568627451,1612569600000
tank_0159,10.80392156862745,1612569600000
tank_0165,0.34509803921568627,1612569600000
tank_0171,0.0,1612569600000
tank_0172,0.0,1612569600000
tank_0174,13.713725490196074,1612569600000
tank_0176,3.0,1612569600000
tank_0184,4.364705882352942,1612569600000
tank_0187,0.7333333333333334,1612569600000
tank_0190,5.552941176470588,1612569600000
tank_0192,0.5647058823529412,1612569600000
tank_0193,0.0,1612569600000
tank_0195,0.0,1612569600000
tank_0199,6.7098039215686285,1612569600000
tank_0204,0.0,1612569600000
tank_0205,2.5019607843137255,1612569600000
tank_0207,0.0,1612569600000
tank_0209,2.0,1612569600000
tank_0213,0.0,1612569600000
tank_0217,0.0,1612569600000
tank_0220,0.0,1612569600000
tank_0221,0.0,1612569600000
tank_0225,0.0,1612569600000
tank_0226,0.0,1612569600000
tank_0228,0.0,1612569600000
tank_0229,0.0,1612569600000
tank_0231,0.0,1612569600000
tank_0233,0.0,1612569600000
tank_0236,0.0,1612569600000
tank_0237,0.0,1612569600000
tank_0240,0.0,1612569600000
tank_0242,0.0,1612569600000
tank_0245,0.0,1612569600000
tank_0247,36.0,1612569600000
tank_0256,2.7490196078431373,1612569600000
tank_0257,0.0,1612569600000
tank_0260,0.0,1612569600000
tank_0261,0.0,1612569600000
tank_0264,0.0,1612569600000
tank_0273,0.0,1612569600000
tank_0276,0.043137254901960784,1612569600000
tank_0278,0.0,1612569600000
tank_0280,0.0,1612569600000
tank_0291,3.0,1612569600000
tank_0292,18.372549019607842,1612569600000
tank_0296,0.0,1612569600000
tank_0297,2.0,1612569600000
tank_0299,3.443137254901961,1612569600000
tank_0300,1.8078431372549022,1612569600000
tank_0301,13.113725490196082,1612569600000
tank_0307,0.0,1612569600000
tank_0309,0.0,1612569600000
tank_0313,0.0,1612569600000
tank_0314,0.0,1612569600000
tank_0319,0.0,1612569600000
tank_0321,7.0,1612569600000
tank_0327,0.0,1612569600000
tank_0337,0.0,1612569600000
tank_0338,4.0,1612569600000
tank_0339,44.266666666666666,1612569600000
tank_0342,23.92156862745098,1612569600000
tank_0345,1.5098039215686274,1612569600000
tank_0346,0.0,1612569600000
tank_0349,0.0,1612569600000
tank_0350,0.0,1612569600000
tank_0353,20.933333333333334,1612569600000
tank_0356,0.0,1612569600000
tank_0360,0.0,1612569600000
tank_0361,3.5843137254901962,1612569600000
tank_0362,0.0,1612569600000
tank_0364,0.0,1612569600000
tank_0366,18.929411764705886,1612569600000
tank_0369,0.0,1612569600000
tank_0375,0.0,1612569600000
tank_0379,20.35686274509804,1612569600000
tank_0381,0.3529411764705882,1612569600000
tank_0386,0.0,1612569600000
tank_0390,0.0,1612569600000
tank_0397,0.0,1612569600000
tank_0399,0.0,1612569600000
tank_0404,3.0,1612569600000
tank_0409,0.0,1612569600000
tank_0420,0.0,1612569600000
tank_0425,0.0,1612569600000
tank_0431,0.0,1612569600000
tank_0432,0.0,1612569600000
tank_0435,0.0,1612569600000
tank_0436,0.0,1612569600000
tank_0438,0.0,1612569600000
tank_0443,2.0,1612569600000
tank_0444,0.0,1612569600000
tank_0447,78.6078431372549,1612569600000
tank_0448,0.0,1612569600000
tank_0449,0.0,1612569600000
tank_0455,4.572549019607843,1612569600000
tank_0460,0.8705882352941177,1612569600000
tank_0462,0.0,1612569600000
tank_0466,0.0,1612569600000
tank_0471,0.0,1612569600000
tank_0473,6.0,1612569600000
tank_0474,5.392156862745098,1612569600000
tank_0481,44.4235294117647,1612569600000
tank_0485,0.0,1612569600000
tank_0489,0.0,1612569600000
tank_0491,0.0,1612569600000
tank_0494,0.0,1612569600000
tank_0497,0.0,1612569600000
tank_0498,0.0,1612569600000
tank_0502,0.0,1612569600000
tank_0505,0.18823529411764706,1612569600000
tank_0509,0.0,1612569600000
tank_0512,14.0,1612569600000
tank_0514,0.0,1612569600000
tank_0515,0.0,1612569600000
tank_0521,0.0,1612569600000
tank_0524,0.0,1612569600000
tank_0526,49.0,1612569600000
tank_0533,0.03137254901960784,1612569600000
tank_0534,0.0,1612569600000
tank_0536,0.0,1612569600000
tank_0537,0.0,1612569600000
tank_0541,0.0,1612569600000
tank_0547,1.219607843137255,1612569600000
tank_0552,0.0,1612569600000
tank_0555,0.0,1612569600000
tank_0556,0.0,1612569600000
tank_0557,1.2509803921568627,1612569600000
tank_0560,0.0,1612569600000
tank_0561,0.0,1612569600000
tank_0566,0.0,1612569600000
tank_0567,0.0,1612569600000
tank_0568,24.062745098039215,1612569600000
tank_0574,0.0,1612569600000
tank_0579,0.0,1612569600000
tank_0583,11.0,1612569600000
tank_0587,0.0,1612569600000
tank_0589,0.0,1612569600000
tank_0590,0.0,1612569600000
tank_0592,0.0,1612569600000
tank_0593,0.0,1612569600000
tank_0595,0.0,1612569600000
tank_0600,0.0,1612569600000
tank_0604,0.0,1612569600000
tank_0606,0.0,1612569600000
tank_0607,1.0,1612569600000
tank_0608,77.0,1612569600000
tank_0610,0.0,1612569600000
tank_0611,0.0,1612569600000
tank_0612,7.745098039215686,1612569600000
tank_0613,0.0,1612569600000
tank_0619,0.0,1612569600000
tank_0626,0.0,1612569600000
tank_0627,0.0,1612569600000
tank_0628,2.662745098039216,1612569600000
tank_0632,4.529411764705882,1612569600000
tank_0633,0.0,1612569600000
tank_0639,0.0,1612569600000
tank_0640,0.0,1612569600000
tank_0641,0.0,1612569600000
tank_0643,43.6156862745098,1612569600000
tank_0646,0.0,1612569600000
tank_0663,0.0,1612569600000
tank_0664,0.0,1612569600000
tank_0666,0.0,1612569600000
tank_0667,0.0,1612569600000
tank_0670,4.0,1612569600000
tank_0675,0.0,1612569600000
tank_0676,0.0,1612569600000
tank_0678,2.0,1612569600000
tank_0681,0.0,1612569600000
tank_0687,0.0,1612569600000
tank_0688,0.0,1612569600000
tank_0697,0.0,1612569600000
tank_0720,0.42745098039215684,1612569600000
tank_0722,0.0,1612569600000
tank_0724,3.317647058823529,1612569600000
tank_0725,0.0,1612569600000
tank_0728,1.0,1612569600000
tank_0730,0.0,1612569600000
tank_0731,0.0,1612569600000
tank_0732,0.0,1612569600000
tank_0737,171.0,1612569600000
tank_0739,2.1843137254901963,1612569600000
tank_0740,0.0,1612569600000
tank_0746,0.0,1612569600000
tank_0748,0.0,1612569600000
tank_0749,0.0,1612569600000
tank_0752,0.0,1612569600000
tank_0760,0.0,1612569600000
tank_0770,1.2705882352941176,1612569600000
tank_0772,0.0,1612569600000
tank_0788,0.0,1612569600000
tank_0789,0.0,1612569600000
tank_0792,119.75686274509803,1612569600000
tank_0797,0.0,1612569600000
tank_0800,4.0,1612569600000
tank_0802,0.0,1612569600000
tank_0803,0.0,1612569600000
tank_0808,2.8862745098039215,1612569600000
tank_0810,0.0,1612569600000
tank_0811,7.968627450980392,1612569600000
tank_0812,0.0,1612569600000
tank_0813,1.0,1612569600000
tank_0816,0.0,1612569600000
tank_0819,0.0,1612569600000
tank_0823,0.0,1612569600000
tank_0824,297.521568627451,1612569600000
tank_0825,0.0,1612569600000
tank_0828,0.0,1612569600000
tank_0829,55.984313725490196,1612569600000
tank_0830,0.0,1612569600000
tank_0831,0.0,1612569600000
tank_0844,0.0,1612569600000
tank_0852,1.0,1612569600000
tank_0855,12.0,1612569600000
tank_0856,625.0,1612569600000
tank_0860,0.0,1612569600000
tank_0861,0.0,1612569600000
tank_0872,0.0,1612569600000
tank_0875,0.0,1612569600000
tank_0879,0.0,1612569600000
tank_0885,0.0,1612569600000
tank_0891,0.0,1612569600000
tank_0894,997.0,1612569600000
tank_0898,355.87450980392157,1612569600000
tank_0900,0.0,1612569600000
tank_0901,78.0,1612569600000
tank_0902,49.0,1612569600000
tank_0914,23.0,1612569600000
tank_0917,585.0,1612569600000
tank_0919,0.0,1612569600000
tank_0920,48.0,1612569600000
tank_0922,54.0,1612569600000
tank_0923,3.0,1612569600000
tank_0924,0.0,1612569600000
tank_0926,0.0,1612569600000
tank_0927,0.0,1612569600000
tank_0928,0.0,1612569600000
tank_0930,124.0,1612569600000
tank_0931,0.0,1612569600000
tank_0933,0.0,1612569600000
tank_0934,0.0,1612569600000
tank_0937,0.0,1612569600000
tank_0938,0.0,1612569600000
tank_0939,0.0,1612569600000
tank_0944,0.0,1612569600000
tank_0946,0.0,1612569600000
tank_0952,0.0,1612569600000
tank_0958,0.0,1612569600000
tank_0962,991.0,1612569600000
tank_0967,0.0,1612569600000
tank_0975,0.0,1612569600000
tank_0978,0.0,1612569600000
tank_0990,0.0,1612569600000
tank_0991,698.0,1612569600000
tank_0998,0.0,1612569600000
tank_0999,8.015686274509804,1612569600000
tank_1003,881.0,1612569600000
tank_1004,1.2549019607843137,1612569600000
tank_1014,65.0,1612569600000
tank_1026,200.0,1612569600000
tank_1031,36.46274509803922,1612569600000
tank_1032,6.36078431372549,1612569600000
tank_1034,0.0,1612569600000
tank_1042,48.0,1612569600000
tank_1045,5.0,1612569600000
tank_1049,30.0,1612569600000
tank_1055,7.0,1612569600000
tank_1061,7.0,1612569600000
tank_1062,0.0,1612569600000
tank_1064,0.0,1612569600000
tank_1065,0.984313725490196,1612569600000
tank_1066,9.850980392156863,1612569600000
tank_1070,10.0,1612569600000
tank_1073,52.0,1612569600000
tank_1083,240.0,1612569600000
tank_1086,13.772549019607844,1612569600000
tank_1088,32.160784313725486,1612569600000
tank_1089,26.8,1612569600000
tank_1090,18.862745098039216,1612569600000
tank_1091,0.0,1612569600000
tank_1094,1174.0,1612569600000
tank_1095,19.929411764705883,1612569600000
tank_1104,1.0,1612569600000
tank_1113,34.0,1612569600000
tank_1116,0.0,1612569600000
tank_1117,0.0,1612569600000
tank_1120,244.50196078431372,1612569600000
tank_1121,285.75686274509803,1612569600000
tank_1124,16.91764705882353,1612569600000
tank_1128,75.87450980392158,1612569600000
tank_1134,0.0,1612569600000
tank_1135,20.890196078431373,1612569600000
tank_1146,38.321568627450986,1612569600000
tank_1149,0.0,1612569600000
tank_1156,0.0,1612569600000
tank_1157,14.62745098039216,1612569600000
tank_1159,184.95294117647057,1612569600000
tank_1160,608.0,1612569600000
tank_1166,0.12941176470588237,1612569600000
tank_1170,31.337254901960783,1612569600000
tank_1175,0.0,1612569600000
tank_1177,8.752941176470586,1612569600000
tank_1179,6.490196078431373,1612569600000
tank_1181,153.94117647058823,1612569600000
tank_1186,62.0,1612569600000
tank_1187,9.215686274509803,1612569600000
tank_1190,1.0,1612569600000
tank_1192,27.0,1612569600000
tank_1196,0.0,1612569600000
tank_1197,1678.8235294117649,1612569600000
tank_1201,131.0,1612569600000
tank_1203,7.380392156862745,1612569600000
tank_1205,202.0,1612569600000
tank_1209,796.0,1612569600000
tank_1217,0.0784313725490196,1612569600000
tank_1223,0.0,1612569600000
tank_1226,0.0,1612569600000
tank_1228,35.0,1612569600000
tank_1230,0.0,1612569600000
tank_1237,0.0,1612569600000
tank_1239,842.8666666666667,1612569600000
tank_1245,0.0,1612569600000
tank_1246,78.0,1612569600000
tank_1250,0.0,1612569600000
tank_1254,931.0,1612569600000
tank_1255,0.0,1612569600000
tank_1258,38.0,1612569600000
tank_1261,0.0,1612569600000
tank_1262,2.631372549019608,1612569600000
tank_1263,1.0,1612569600000
tank_1265,8.0,1612569600000
tank_1270,30.0,1612569600000
tank_1272,0.0,1612569600000
tank_1275,0.0,1612569600000
tank_1276,41.0,1612569600000
tank_1279,28.992156862745098,1612569600000
tank_1280,0.0,1612569600000
tank_1284,0.0,1612569600000
tank_1285,0.0,1612569600000
tank_1286,46.0,1612569600000
tank_1290,2.0,1612569600000
tank_1291,0.0,1612569600000
tank_1293,61.0,1612569600000
tank_1295,0.0,1612569600000
tank_1297,83.0,1612569600000
tank_1301,205.0,1612569600000
tank_1302,11.0,1612569600000
tank_1304,0.0,1612569600000
tank_1305,0.0,1612569600000
tank_1313,502.0,1612569600000
tank_1322,0.0,1612569600000
tank_1325,179.59607843137255,1612569600000
tank_1326,0.0,1612569600000
tank_1344,2.0,1612569600000
tank_1346,5.709803921568627,1612569600000
tank_1349,0.0,1612569600000
tank_1353,595.9176470588236,1612569600000
tank_1358,0.0,1612569600000
tank_1359,0.0,1612569600000
tank_1361,549.0,1612569600000
tank_1364,1210.0,1612569600000
tank_1365,0.0,1612569600000
tank_1372,87.76470588235294,1612569600000
tank_1374,270.0,1612569600000
tank_1378,523.0,1612569600000
tank_1380,22.87450980392157,1612569600000
tank_1386,132.0,1612569600000
tank_1391,16.0,1612569600000
tank_1393,0.0,1612569600000
tank_1396,29.0,1612569600000
tank_1397,0.0,1612569600000
tank_1403,0.0,1612569600000
tank_1409,0.0,1612569600000
tank_1412,0.0,1612569600000
tank_1415,13.0,1612569600000
tank_1416,0.0,1612569600000
tank_1421,220.0,1612569600000
tank_1422,0.0,1612569600000
tank_1425,537.0,1612569600000
tank_1426,0.0,1612569600000
tank_1430,0.0,1612569600000
tank_1433,384.0,1612569600000
tank_1438,0.0,1612569600000
tank_1439,7.0,1612569600000
tank_1441,0.0,1612569600000
tank_1443,0.0,1612569600000
tank_1445,13.0,1612569600000
tank_1446,16.0,1612569600000
tank_1450,0.0,1612569600000
tank_1452,0.0,1612569600000
tank_1456,0.0,1612569600000
tank_1466,0.0,1612569600000
tank_1471,0.0,1612569600000
tank_1475,349.0,1612569600000
tank_1486,1098.0,1612569600000
tank_1488,0.0,1612569600000
tank_1491,0.0,1612569600000
tank_1500,0.0,1612569600000
tank_1505,578.0,1612569600000
tank_1513,323.0,1612569600000
tank_1531,60.0,1612569600000
tank_1536,25.0,1612569600000
tank_1539,650.9254901960785,1612569600000
tank_1541,27.0,1612569600000
tank_1542,0.0,1612569600000
tank_1547,159.0,1612569600000
tank_1563,24.0,1612569600000
tank_1564,0.0,1612569600000
tank_1565,1378.7882352941176,1612569600000
tank_1567,61.8156862745098,1612569600000
tank_1568,32.0,1612569600000
tank_1573,4.0,1612569600000
tank_1583,5.0,1612569600000
tank_1587,874.0,1612569600000
tank_1588,0.0,1612569600000
tank_1592,2.0,1612569600000
tank_1594,91.0,1612569600000
tank_1595,22.737254901960785,1612569600000
tank_1597,226.96470588235294,1612569600000
tank_1598,0.0,1612569600000
tank_1600,6.0,1612569600000
tank_1604,0.0,1612569600000
tank_0002,6.12156862745098,1613606400000
tank_0004,0.0,1613606400000
tank_0005,0.0,1613606400000
tank_0011,0.0,1613606400000
tank_0014,12.0,1613606400000
tank_0019,0.0,1613606400000
tank_0024,19.031372549019608,1613606400000
tank_0025,0.0,1613606400000
tank_0026,0.0,1613606400000
tank_0027,0.0,1613606400000
tank_0030,3.635294117647059,1613606400000
tank_0031,0.0,1613606400000
tank_0036,0.0,1613606400000
tank_0037,1.4078431372549018,1613606400000
tank_0038,3.9294117647058826,1613606400000
tank_0050,0.25098039215686274,1613606400000
tank_0051,0.0,1613606400000
tank_0052,0.0,1613606400000
tank_0053,18.494117647058825,1613606400000
tank_0055,0.0,1613606400000
tank_0057,0.0,1613606400000
tank_0058,0.0,1613606400000
tank_0064,14.788235294117646,1613606400000
tank_0069,5.733333333333333,1613606400000
tank_0072,0.0,1613606400000
tank_0073,0.0,1613606400000
tank_0080,14.0,1613606400000
tank_0094,0.0,1613606400000
tank_0107,0.0,1613606400000
tank_0110,0.0,1613606400000
tank_0113,67.52549019607842,1613606400000
tank_0115,0.0,1613606400000
tank_0116,0.0,1613606400000
tank_0117,13.0,1613606400000
tank_0118,0.0,1613606400000
tank_0122,0.0,1613606400000
tank_0125,3.0,1613606400000
tank_0130,14.517647058823531,1613606400000
tank_0131,0.0,1613606400000
tank_0132,0.0,1613606400000
tank_0134,0.0,1613606400000
tank_0135,15.745098039215687,1613606400000
tank_0142,6.0,1613606400000
tank_0143,0.0,1613606400000
tank_0144,0.0,1613606400000
tank_0148,4.211764705882353,1613606400000
tank_0153,5.0,1613606400000
tank_0156,26.941176470588232,1613606400000
tank_0159,3.0862745098039217,1613606400000
tank_0165,0.34509803921568627,1613606400000
tank_0171,0.0,1613606400000
tank_0172,1.0,1613606400000
tank_0174,6.909803921568629,1613606400000
tank_0176,9.20392156862745,1613606400000
tank_0184,1.0,1613606400000
tank_0187,0.0,1613606400000
tank_0190,10.537254901960784,1613606400000
tank_0192,0.0,1613606400000
tank_0193,0.0,1613606400000
tank_0195,2.6666666666666665,1613606400000
tank_0199,10.909803921568628,1613606400000
tank_0204,0.0,1613606400000
tank_0205,9.129411764705882,1613606400000
tank_0207,0.0,1613606400000
tank_0209,0.0,1613606400000
tank_0213,5.0,1613606400000
tank_0217,0.0,1613606400000
tank_0220,0.0,1613606400000
tank_0221,0.0,1613606400000
tank_0225,0.0,1613606400000
tank_0226,13.0,1613606400000
tank_0228,0.0,1613606400000
tank_0229,0.0,1613606400000
tank_0231,1.184313725490196,1613606400000
tank_0233,0.0,1613606400000
tank_0236,0.0,1613606400000
tank_0237,0.0,1613606400000
tank_0240,0.0,1613606400000
tank_0242,0.0,1613606400000
tank_0245,0.0,1613606400000
tank_0247,13.0,1613606400000
tank_0256,2.0,1613606400000
tank_0257,0.0,1613606400000
tank_0260,5.474509803921569,1613606400000
tank_0261,0.0,1613606400000
tank_0264,0.0,1613606400000
tank_0273,0.0,1613606400000
tank_0276,0.0,1613606400000
tank_0278,1.0,1613606400000
tank_0280,0.0,1613606400000
tank_0291,0.0,1613606400000
tank_0292,9.0,1613606400000
tank_0296,0.0,1613606400000
tank_0297,0.0,1613606400000
tank_0299,0.0,1613606400000
tank_0300,4.929411764705883,1613606400000
tank_0301,1.5098039215686274,1613606400000
tank_0307,0.0,1613606400000
tank_0309,0.0,1613606400000
tank_0313,0.0,1613606400000
tank_0314,5.874509803921568,1613606400000
tank_0319,0.0,1613606400000
tank_0321,10.0,1613606400000
tank_0327,0.0,1613606400000
tank_0337,0.0,1613606400000
tank_0338,3.0,1613606400000
tank_0339,36.33725490196078,1613606400000
tank_0342,13.0,1613606400000
tank_0345,0.0,1613606400000
tank_0346,0.0,1613606400000
tank_0349,0.0,1613606400000
tank_0350,0.0,1613606400000
tank_0353,13.964705882352941,1613606400000
tank_0356,0.00784313725490196,1613606400000
tank_0360,0.0,1613606400000
tank_0361,10.364705882352942,1613606400000
tank_0362,1.0470588235294116,1613606400000
tank_0364,0.0,1613606400000
tank_0366,14.0,1613606400000
tank_0369,0.0,1613606400000
tank_0375,0.0,1613606400000
tank_0379,35.87058823529412,1613606400000
tank_0381,6.105882352941176,1613606400000
tank_0386,0.0,1613606400000
tank_0390,0.0,1613606400000
tank_0397,0.0,1613606400000
tank_0399,0.0,1613606400000
tank_0404,0.0,1613606400000
tank_0409,0.0,1613606400000
tank_0420,0.0,1613606400000
tank_0425,0.0,1613606400000
tank_0431,0.0,1613606400000
tank_0432,0.25098039215686274,1613606400000
tank_0435,0.0,1613606400000
tank_0436,0.0,1613606400000
tank_0438,0.596078431372549,1613606400000
tank_0443,0.0,1613606400000
tank_0444,0.0,1613606400000
tank_0447,64.1843137254902,1613606400000
tank_0448,0.0,1613606400000
tank_0449,0.0,1613606400000
tank_0455,6.227450980392157,1613606400000
tank_0460,1.8470588235294119,1613606400000
tank_0462,0.0,1613606400000
tank_0466,0.0,1613606400000
tank_0471,0.0,1613606400000
tank_0473,2.1843137254901963,1613606400000
tank_0474,4.007843137254902,1613606400000
tank_0481,68.03529411764706,1613606400000
tank_0485,0.0,1613606400000
tank_0489,0.0,1613606400000
tank_0491,0.0,1613606400000
tank_0494,0.0,1613606400000
tank_0497,0.0,1613606400000
tank_0498,0.0,1613606400000
tank_0502,0.0,1613606400000
tank_0505,18.55294117647059,1613606400000
tank_0509,0.0,1613606400000
tank_0512,14.0,1613606400000
tank_0514,0.0,1613606400000
tank_0515,0.0,1613606400000
tank_0521,0.0,1613606400000
tank_0524,0.0,1613606400000
tank_0526,33.0,1613606400000
tank_0533,0.0,1613606400000
tank_0534,0.0,1613606400000
tank_0536,0.0,1613606400000
tank_0537,0.0,1613606400000
tank_0541,0.996078431372549,1613606400000
tank_0547,0.0,1613606400000
tank_0552,0.0,1613606400000
tank_0555,0.0,1613606400000
tank_0556,0.0,1613606400000
tank_0557,2.615686274509804,1613606400000
tank_0560,11.0,1613606400000
tank_0561,0.0,1613606400000
tank_0566,0.0,1613606400000
tank_0567,0.0,1613606400000
tank_0568,9.827450980392157,1613606400000
tank_0574,0.0,1613606400000
tank_0579,0.0,1613606400000
tank_0583,0.0,1613606400000
tank_0587,0.0,1613606400000
tank_0589,1.3215686274509804,1613606400000
tank_0590,11.0,1613606400000
tank_0592,0.0,1613606400000
tank_0593,0.0,1613606400000
tank_0595,0.0,1613606400000
tank_0600,6.0627450980392155,1613606400000
tank_0604,0.0,1613606400000
tank_0606,1.0,1613606400000
tank_0607,1.9607843137254903,1613606400000
tank_0608,0.0,1613606400000
tank_0610,0.0,1613606400000
tank_0611,0.0,1613606400000
tank_0612,9.815686274509805,1613606400000
tank_0613,0.0,1613606400000
tank_0619,0.0,1613606400000
tank_0626,0.0,1613606400000
tank_0627,0.0,1613606400000
tank_0628,0.0,1613606400000
tank_0632,2.0,1613606400000
tank_0633,0.0,1613606400000
tank_0639,2.0,1613606400000
tank_0640,0.0,1613606400000
tank_0641,0.0,1613606400000
tank_0643,48.31764705882353,1613606400000
tank_0646,0.0,1613606400000
tank_0663,4.0,1613606400000
tank_0664,0.0,1613606400000
tank_0666,0.0,1613606400000
tank_0667,0.0,1613606400000
tank_0670,3.0,1613606400000
tank_0675,0.0,1613606400000
tank_0676,0.0,1613606400000
tank_0678,3.2509803921568627,1613606400000
tank_0681,0.0,1613606400000
tank_0687,0.0,1613606400000
tank_0688,0.0,1613606400000
tank_0697,0.0,1613606400000
tank_0720,0.33725490196078434,1613606400000
tank_0722,0.0,1613606400000
tank_0724,2.074509803921569,1613606400000
tank_0725,0.0,1613606400000
tank_0728,0.0,1613606400000
tank_0730,0.0,1613606400000
tank_0731,0.0,1613606400000
tank_0732,0.0,1613606400000
tank_0737,22.0,1613606400000
tank_0739,0.0,1613606400000
tank_0740,15.180392156862746,1613606400000
tank_0746,0.0,1613606400000
tank_0748,0.0,1613606400000
tank_0749,0.0,1613606400000
tank_0752,0.0,1613606400000
tank_0760,0.0,1613606400000
tank_0770,0.2549019607843137,1613606400000
tank_0772,0.0,1613606400000
tank_0788,0.0,1613606400000
tank_0789,7.0,1613606400000
tank_0792,126.19999999999997,1613606400000
tank_0797,0.0,1613606400000
tank_0800,1.0,1613606400000
tank_0802,0.0,1613606400000
tank_0803,0.0,1613606400000
tank_0808,0.9098039215686274,1613606400000
tank_0810,0.0,1613606400000
tank_0811,0.0,1613606400000
tank_0812,0.0,1613606400000
tank_0813,0.0,1613606400000
tank_0816,0.0,1613606400000
tank_0819,0.0,1613606400000
tank_0823,0.0,1613606400000
tank_0824,89.0,1613606400000
tank_0825,0.0,1613606400000
tank_0828,0.0,1613606400000
tank_0829,52.741176470588236,1613606400000
tank_0830,0.0,1613606400000
tank_0831,0.0,1613606400000
tank_0844,0.0,1613606400000
tank_0852,1.0,1613606400000
tank_0855,0.0,1613606400000
tank_0856,417.0,1613606400000
tank_0860,0.0,1613606400000
tank_0861,0.0,1613606400000
tank_0872,0.0,1613606400000
tank_0875,0.0,1613606400000
tank_0879,0.0,1613606400000
tank_0885,0.0,1613606400000
tank_0891,0.0,1613606400000
tank_0894,485.0,1613606400000
tank_0898,385.0,1613606400000
tank_0900,2.619607843137255,1613606400000
tank_0901,61.0,1613606400000
tank_0902,43.0,1613606400000
tank_0914,0.0,1613606400000
tank_0917,568.0,1613606400000
tank_0919,0.0,1613606400000
tank_0920,31.0,1613606400000
tank_0922,39.0,1613606400000
tank_0923,0.0,1613606400000
tank_0924,0.0,1613606400000
tank_0926,0.25098039215686274,1613606400000
tank_0927,0.0,1613606400000
tank_0928,0.0,1613606400000
tank_0930,104.0,1613606400000
tank_0931,0.0,1613606400000
tank_0933,0.0,1613606400000
tank_0934,0.0,1613606400000
tank_0937,0.0,1613606400000
tank_0938,0.0,1613606400000
tank_0939,0.0,1613606400000
tank_0944,0.0,1613606400000
tank_0946,0.0,1613606400000
tank_0952,0.36470588235294116,1613606400000
tank_0958,0.0,1613606400000
tank_0962,518.0,1613606400000
tank_0967,4.63921568627451,1613606400000
tank_0975,0.0,1613606400000
tank_0978,0.396078431372549,1613606400000
tank_0990,0.0,1613606400000
tank_0991,370.0,1613606400000
tank_0998,0.0,1613606400000
tank_0999,2.8745098039215686,1613606400000
tank_1003,498.0,1613606400000
tank_1004,21.0,1613606400000
tank_1014,17.0,1613606400000
tank_1026,179.0,1613606400000
tank_1031,27.929411764705883,1613606400000
tank_1032,6.525490196078431,1613606400000
tank_1034,0.0,1613606400000
tank_1042,55.0,1613606400000
tank_1045,0.0,1613606400000
tank_1049,43.0,1613606400000
tank_1055,1.788235294117647,1613606400000
tank_1061,6.0,1613606400000
tank_1062,0.0,1613606400000
tank_1064,0.0,1613606400000
tank_1065,1.9764705882352942,1613606400000
tank_1066,2.996078431372549,1613606400000
tank_1070,10.0,1613606400000
tank_1073,7.0,1613606400000
tank_1083,186.0,1613606400000
tank_1086,5.0,1613606400000
tank_1088,19.847058823529412,1613606400000
tank_1089,22.0,1613606400000
tank_1090,16.0,1613606400000
tank_1091,0.0,1613606400000
tank_1094,457.0,1613606400000
tank_1095,25.46666666666667,1613606400000
tank_1104,3.0,1613606400000
tank_1113,38.0,1613606400000
tank_1116,0.0,1613606400000
tank_1117,0.0,1613606400000
tank_1120,243.0,1613606400000
tank_1121,249.0,1613606400000
tank_1124,18.905882352941177,1613606400000
tank_1128,50.0,1613606400000
tank_1134,0.0,1613606400000
tank_1135,14.890196078431373,1613606400000
tank_1146,23.87450980392157,1613606400000
tank_1149,0.4,1613606400000
tank_1156,0.0,1613606400000
tank_1157,14.533333333333335,1613606400000
tank_1159,142.0,1613606400000
tank_1160,601.0,1613606400000
tank_1166,0.0,1613606400000
tank_1170,22.12549019607843,1613606400000
tank_1175,0.0,1613606400000
tank_1177,2.5019607843137255,1613606400000
tank_1179,6.145098039215686,1613606400000
tank_1181,133.76470588235293,1613606400000
tank_1186,74.0,1613606400000
tank_1187,34.77647058823529,1613606400000
tank_1190,8.0,1613606400000
tank_1192,23.984313725490196,1613606400000
tank_1196,0.0,1613606400000
tank_1197,1096.0,1613606400000
tank_1201,98.38823529411765,1613606400000
tank_1203,13.772549019607842,1613606400000
tank_1205,182.0,1613606400000
tank_1209,786.0,1613606400000
tank_1217,0.16078431372549018,1613606400000
tank_1223,0.0,1613606400000
tank_1226,0.0,1613606400000
tank_1228,74.0,1613606400000
tank_1230,0.0,1613606400000
tank_1237,3.0,1613606400000
tank_1239,602.9098039215686,1613606400000
tank_1245,1.0156862745098039,1613606400000
tank_1246,76.0,1613606400000
tank_1250,0.0,1613606400000
tank_1254,442.0,1613606400000
tank_1255,0.0,1613606400000
tank_1258,35.0,1613606400000
tank_1261,0.0,1613606400000
tank_1262,4.8274509803921575,1613606400000
tank_1263,0.0,1613606400000
tank_1265,19.0,1613606400000
tank_1270,27.84313725490196,1613606400000
tank_1272,0.0,1613606400000
tank_1275,0.0,1613606400000
tank_1276,37.0,1613606400000
tank_1279,17.866666666666667,1613606400000
tank_1280,0.0,1613606400000
tank_1284,0.0,1613606400000
tank_1285,0.0,1613606400000
tank_1286,56.0,1613606400000
tank_1290,6.0,1613606400000
tank_1291,0.0,1613606400000
tank_1293,54.0,1613606400000
tank_1295,0.4,1613606400000
tank_1297,65.0,1613606400000
tank_1301,160.0,1613606400000
tank_1302,14.0,1613606400000
tank_1304,0.0,1613606400000
tank_1305,2.0,1613606400000
tank_1313,462.0,1613606400000
tank_1322,0.0,1613606400000
tank_1325,140.99607843137255,1613606400000
tank_1326,0.0,1613606400000
tank_1344,2.0,1613606400000
tank_1346,3.0274509803921568,1613606400000
tank_1349,0.0,1613606400000
tank_1353,438.0,1613606400000
tank_1358,0.0,1613606400000
tank_1359,0.0,1613606400000
tank_1361,188.0,1613606400000
tank_1364,981.0,1613606400000
tank_1365,0.0,1613606400000
tank_1372,78.33333333333334,1613606400000
tank_1374,228.2980392156863,1613606400000
tank_1378,455.0,1613606400000
tank_1380,18.0,1613606400000
tank_1386,109.0,1613606400000
tank_1391,17.0,1613606400000
tank_1393,0.0,1613606400000
tank_1396,18.0,1613606400000
tank_1397,0.0,1613606400000
tank_1403,0.0,1613606400000
tank_1409,2.0,1613606400000
tank_1412,0.0,1613606400000
tank_1415,0.0,1613606400000
tank_1416,0.0,1613606400000
tank_1421,193.0,1613606400000
tank_1422,0.0,1613606400000
tank_1425,352.0,1613606400000
tank_1426,0.0,1613606400000
tank_1430,0.0,1613606400000
tank_1433,337.8588235294118,1613606400000
tank_1438,0.0,1613606400000
tank_1439,5.0,1613606400000
tank_1441,0.0,1613606400000
tank_1443,0.0,1613606400000
tank_1445,20.0,1613606400000
tank_1446,17.0,1613606400000
tank_1450,1.0,1613606400000
tank_1452,0.0,1613606400000
tank_1456,0.0,1613606400000
tank_1466,0.0,1613606400000
tank_1471,0.0,1613606400000
tank_1475,563.0,1613606400000
tank_1486,1051.0,1613606400000
tank_1488,0.0,1613606400000
tank_1491,2.0,1613606400000
tank_1500,0.0,1613606400000
tank_1505,558.0,1613606400000
tank_1513,266.0,1613606400000
tank_1531,54.0,1613606400000
tank_1536,9.0,1613606400000
tank_1539,220.0,1613606400000
tank_1541,10.0,1613606400000
tank_1542,0.0,1613606400000
tank_1547,96.0,1613606400000
tank_1563,11.0,1613606400000
tank_1564,0.0,1613606400000
tank_1565,441.0,1613606400000
tank_1567,53.8156862745098,1613606400000
tank_1568,21.0,1613606400000
tank_1573,9.0,1613606400000
tank_1583,0.0,1613606400000
tank_1587,347.0,1613606400000
tank_1588,0.0,1613606400000
tank_1592,0.0,1613606400000
tank_1594,68.0,1613606400000
tank_1595,12.0,1613606400000
tank_1597,198.1137254901961,1613606400000
tank_1598,0.0,1613606400000
tank_1600,3.0,1613606400000
tank_1604,0.0,1613606400000
tank_0002,1.0,1614643200000
tank_0004,0.0,1614643200000
tank_0005,0.0,1614643200000
tank_0011,0.0,1614643200000
tank_0014,3.0,1614643200000
tank_0019,0.0,1614643200000
tank_0024,2.172549019607843,1614643200000
tank_0025,0.0,1614643200000
tank_0026,0.0,1614643200000
tank_0027,0.0,1614643200000
tank_0030,0.0,1614643200000
tank_0031,0.0,1614643200000
tank_0036,0.0,1614643200000
tank_0037,1.4078431372549018,1614643200000
tank_0038,18.0,1614643200000
tank_0050,4.8235294117647065,1614643200000
tank_0051,0.0,1614643200000
tank_0052,12.686274509803923,1614643200000
tank_0053,35.372549019607845,1614643200000
tank_0055,0.0,1614643200000
tank_0057,0.0,1614643200000
tank_0058,0.0,1614643200000
tank_0064,18.48235294117647,1614643200000
tank_0069,0.11372549019607843,1614643200000
tank_0072,0.0,1614643200000
tank_0073,0.0,1614643200000
tank_0080,21.0,1614643200000
tank_0094,0.0,1614643200000
tank_0107,0.0,1614643200000
tank_0110,5.0,1614643200000
tank_0113,58.15686274509804,1614643200000
tank_0115,0.0,1614643200000
tank_0116,0.0,1614643200000
tank_0117,15.0,1614643200000
tank_0118,0.0,1614643200000
tank_0122,0.0,1614643200000
tank_0125,13.0,1614643200000
tank_0130,7.247058823529412,1614643200000
tank_0131,0.0,1614643200000
tank_0132,0.0,1614643200000
tank_0134,0.0,1614643200000
tank_0135,0.0,1614643200000
tank_0142,6.0,1614643200000
tank_0143,0.0,1614643200000
tank_0144,0.0,1614643200000
tank_0148,0.0,1614643200000
tank_0153,0.0,1614643200000
tank_0156,22.898039215686268,1614643200000
tank_0159,11.572549019607841,1614643200000
tank_0165,10.486274509803922,1614643200000
tank_0171,0.0,1614643200000
tank_0172,0.0,1614643200000
tank_0174,8.427450980392157,1614643200000
tank_0176,8.0,1614643200000
tank_0184,1.0,1614643200000
tank_0187,4.9372549019607845,1614643200000
tank_0190,2.203921568627451,1614643200000
tank_0192,0.0,1614643200000
tank_0193,0.0,1614643200000
tank_0195,3.372549019607843,1614643200000
tank_0199,7.027450980392157,1614643200000
tank_0204,0.0,1614643200000
tank_0205,9.26666666666667,1614643200000
tank_0207,2.0,1614643200000
tank_0209,0.0,1614643200000
tank_0213,0.0,1614643200000
tank_0217,0.0,1614643200000
tank_0220,0.0,1614643200000
tank_0221,0.12156862745098039,1614643200000
tank_0225,0.0,1614643200000
tank_0226,13.0,1614643200000
tank_0228,0.0,1614643200000
tank_0229,0.0,1614643200000
tank_0231,2.6941176470588237,1614643200000
tank_0233,0.0,1614643200000
tank_0236,0.24705882352941178,1614643200000
tank_0237,0.0,1614643200000
tank_0240,0.03529411764705882,1614643200000
tank_0242,0.0,1614643200000
tank_0245,0.0,1614643200000
tank_0247,28.0,1614643200000
tank_0256,5.4980392156862745,1614643200000
tank_0257,0.996078431372549,1614643200000
tank_0260,0.996078431372549,1614643200000
tank_0261,0.0,1614643200000
tank_0264,0.0,1614643200000
tank_0273,0.0,1614643200000
tank_0276,0.0,1614643200000
tank_0278,4.9372549019607845,1614643200000
tank_0280,0.0,1614643200000
tank_0291,0.0,1614643200000
tank_0292,18.749019607843138,1614643200000
tank_0296,0.0,1614643200000
tank_0297,0.0,1614643200000
tank_0299,9.133333333333333,1614643200000
tank_0300,12.568627450980392,1614643200000
tank_0301,0.6431372549019607,1614643200000
tank_0307,0.0,1614643200000
tank_0309,0.0,1614643200000
tank_0313,0.0,1614643200000
tank_0314,2.9294117647058826,1614643200000
tank_0319,0.0,1614643200000
tank_0321,12.054901960784315,1614643200000
tank_0327,0.0,1614643200000
tank_0337,0.0,1614643200000
tank_0338,0.0,1614643200000
tank_0339,46.45490196078431,1614643200000
tank_0342,1.0,1614643200000
tank_0345,3.223529411764706,1614643200000
tank_0346,0.0,1614643200000
tank_0349,0.0,1614643200000
tank_0350,0.0,1614643200000
tank_0353,53.6313725490196,1614643200000
tank_0356,0.0,1614643200000
tank_0360,2.0,1614643200000
tank_0361,9.552941176470586,1614643200000
tank_0362,0.12549019607843137,1614643200000
tank_0364,4.0,1614643200000
tank_0366,9.03921568627451,1614643200000
tank_0369,0.0,1614643200000
tank_0375,0.0,1614643200000
tank_0379,29.976470588235298,1614643200000
tank_0381,5.372549019607843,1614643200000
tank_0386,0.0,1614643200000
tank_0390,4.0,1614643200000
tank_0397,1.0,1614643200000
tank_0399,0.0,1614643200000
tank_0404,0.0,1614643200000
tank_0409,1.5254901960784313,1614643200000
tank_0420,0.0,1614643200000
tank_0425,3.0392156862745097,1614643200000
tank_0431,0.0,1614643200000
tank_0432,0.0,1614643200000
tank_0435,0.0,1614643200000
tank_0436,0.0,1614643200000
tank_0438,0.0,1614643200000
tank_0443,3.6470588235294117,1614643200000
tank_0444,0.0,1614643200000
tank_0447,86.6156862745098,1614643200000
tank_0448,0.0,1614643200000
tank_0449,1.0,1614643200000
tank_0455,14.427450980392157,1614643200000
tank_0460,0.0,1614643200000
tank_0462,0.0,1614643200000
tank_0466,0.0,1614643200000
tank_0471,0.24705882352941178,1614643200000
tank_0473,12.368627450980393,1614643200000
tank_0474,3.380392156862745,1614643200000
tank_0481,52.3843137254902,1614643200000
tank_0485,0.0,1614643200000
tank_0489,0.0,1614643200000
tank_0491,0.0,1614643200000
tank_0494,2.0274509803921568,1614643200000
tank_0497,0.0,1614643200000
tank_0498,1.8274509803921568,1614643200000
tank_0502,0.0,1614643200000
tank_0505,18.854901960784314,1614643200000
tank_0509,0.0,1614643200000
tank_0512,3.0,1614643200000
tank_0514,0.0,1614643200000
tank_0515,0.0,1614643200000
tank_0521,0.0,1614643200000
tank_0524,0.0,1614643200000
tank_0526,34.0,1614643200000
tank_0533,0.0,1614643200000
tank_0534,2.435294117647059,1614643200000
tank_0536,0.0,1614643200000
tank_0537,0.0,1614643200000
tank_0541,0.0,1614643200000
tank_0547,1.0,1614643200000
tank_0552,1.992156862745098,1614643200000
tank_0555,0.0,1614643200000
tank_0556,0.0,1614643200000
tank_0557,0.5098039215686274,1614643200000
tank_0560,3.3490196078431373,1614643200000
tank_0561,1.0,1614643200000
tank_0566,0.0,1614643200000
tank_0567,0.0,1614643200000
tank_0568,7.705882352941177,1614643200000
tank_0574,0.0,1614643200000
tank_0579,0.0,1614643200000
tank_0583,0.0,1614643200000
tank_0587,0.0,1614643200000
tank_0589,0.0,1614643200000
tank_0590,9.0,1614643200000
tank_0592,1.615686274509804,1614643200000
tank_0593,0.0,1614643200000
tank_0595,0.0,1614643200000
tank_0600,0.0,1614643200000
tank_0604,0.0,1614643200000
tank_0606,2.0,1614643200000
tank_0607,5.423529411764706,1614643200000
tank_0608,0.0,1614643200000
tank_0610,0.0,1614643200000
tank_0611,1.988235294117647,1614643200000
tank_0612,7.352941176470589,1614643200000
tank_0613,0.0,1614643200000
tank_0619,0.0,1614643200000
tank_0626,0.0,1614643200000
tank_0627,0.0,1614643200000
tank_0628,0.0,1614643200000
tank_0632,2.0,1614643200000
tank_0633,0.20784313725490197,1614643200000
tank_0639,0.11764705882352941,1614643200000
tank_0640,0.0,1614643200000
tank_0641,0.0,1614643200000
tank_0643,29.949019607843137,1614643200000
tank_0646,0.0,1614643200000
tank_0663,0.0,1614643200000
tank_0664,0.0,1614643200000
tank_0666,4.0,1614643200000
tank_0667,0.0,1614643200000
tank_0670,2.0,1614643200000
tank_0675,0.0,1614643200000
tank_0676,0.0,1614643200000
tank_0678,0.0,1614643200000
tank_0681,0.0,1614643200000
tank_0687,0.0,1614643200000
tank_0688,0.0,1614643200000
tank_0697,1.0,1614643200000
tank_0720,1.631372549019608,1614643200000
tank_0722,0.0,1614643200000
tank_0724,8.0,1614643200000
tank_0725,0.0,1614643200000
tank_0728,1.0470588235294116,1614643200000
tank_0730,2.2509803921568627,1614643200000
tank_0731,0.0,1614643200000
tank_0732,7.454901960784314,1614643200000
tank_0737,92.0,1614643200000
tank_0739,1.9254901960784314,1614643200000
tank_0740,18.91372549019608,1614643200000
tank_0746,0.0,1614643200000
tank_0748,3.9450980392156865,1614643200000
tank_0749,4.694117647058823,1614643200000
tank_0752,0.0,1614643200000
tank_0760,0.0,1614643200000
tank_0770,3.7490196078431373,1614643200000
tank_0772,1.0,1614643200000
tank_0788,0.0,1614643200000
tank_0789,15.0,1614643200000
tank_0792,157.20392156862738,1614643200000
tank_0797,0.0,1614643200000
tank_0800,0.0,1614643200000
tank_0802,0.803921568627451,1614643200000
tank_0803,0.5137254901960784,1614643200000
tank_0808,3.682352941176471,1614643200000
tank_0810,0.0,1614643200000
tank_0811,8.392156862745098,1614643200000
tank_0812,0.0,1614643200000
tank_0813,0.0,1614643200000
tank_0816,0.0,1614643200000
tank_0819,0.0,1614643200000
tank_0823,0.0,1614643200000
tank_0824,246.78823529411764,1614643200000
tank_0825,0.0,1614643200000
tank_0828,0.0,1614643200000
tank_0829,51.984313725490196,1614643200000
tank_0830,0.0,1614643200000
tank_0831,2.443137254901961,1614643200000
tank_0844,0.0,1614643200000
tank_0852,3.6196078431372554,1614643200000
tank_0855,0.0,1614643200000
tank_0856,360.0,1614643200000
tank_0860,0.0,1614643200000
tank_0861,0.0,1614643200000
tank_0872,0.0,1614643200000
tank_0875,0.0,1614643200000
tank_0879,0.0,1614643200000
tank_0885,0.0,1614643200000
tank_0891,0.0,1614643200000
tank_0894,914.0,1614643200000
tank_0898,357.0,1614643200000
tank_0900,4.0,1614643200000
tank_0901,68.5921568627451,1614643200000
tank_0902,42.0,1614643200000
tank_0914,0.0,1614643200000
tank_0917,600.9725490196079,1614643200000
tank_0919,0.0,1614643200000
tank_0920,37.0,1614643200000
tank_0922,39.0,1614643200000
tank_0923,0.0,1614643200000
tank_0924,2.0,1614643200000
tank_0926,0.0,1614643200000
tank_0927,0.043137254901960784,1614643200000
tank_0928,0.0,1614643200000
tank_0930,117.0,1614643200000
tank_0931,0.0,1614643200000
tank_0933,0.0,1614643200000
tank_0934,2.0,1614643200000
tank_0937,0.0,1614643200000
tank_0938,0.0,1614643200000
tank_0939,2.0,1614643200000
tank_0944,0.0,1614643200000
tank_0946,0.0,1614643200000
tank_0952,0.0,1614643200000
tank_0958,0.0,1614643200000
tank_0962,939.0,1614643200000
tank_0967,0.0,1614643200000
tank_0975,0.0,1614643200000
tank_0978,0.0,1614643200000
tank_0990,0.0,1614643200000
tank_0991,660.0,1614643200000
tank_0998,0.0,1614643200000
tank_0999,15.047058823529412,1614643200000
tank_1003,658.0,1614643200000
tank_1004,19.109803921568627,1614643200000
tank_1014,43.0,1614643200000
tank_1026,170.0,1614643200000
tank_1031,32.79607843137255,1614643200000
tank_1032,8.031372549019608,1614643200000
tank_1034,0.0,1614643200000
tank_1042,47.0,1614643200000
tank_1045,0.0,1614643200000
tank_1049,39.0,1614643200000
tank_1055,4.0627450980392155,1614643200000
tank_1061,5.894117647058824,1614643200000
tank_1062,0.0,1614643200000
tank_1064,0.0,1614643200000
tank_1065,0.0,1614643200000
tank_1066,2.1254901960784314,1614643200000
tank_1070,26.0,1614643200000
tank_1073,57.0,1614643200000
tank_1083,243.0,1614643200000
tank_1086,15.0,1614643200000
tank_1088,18.23921568627451,1614643200000
tank_1089,20.0,1614643200000
tank_1090,18.862745098039216,1614643200000
tank_1091,0.0,1614643200000
tank_1094,1157.0,1614643200000
tank_1095,24.67058823529412,1614643200000
tank_1104,0.0,1614643200000
tank_1113,41.0,1614643200000
tank_1116,0.0,1614643200000
tank_1117,0.0,1614643200000
tank_1120,281.0,1614643200000
tank_1121,305.0,1614643200000
tank_1124,18.88235294117647,1614643200000
tank_1128,80.63529411764706,1614643200000
tank_1134,0.0,1614643200000
tank_1135,15.0,1614643200000
tank_1146,22.239215686274513,1614643200000
tank_1149,3.6941176470588237,1614643200000
tank_1156,0.0,1614643200000
tank_1157,19.960784313725497,1614643200000
tank_1159,115.0,1614643200000
tank_1160,523.0,1614643200000
tank_1166,0.0,1614643200000
tank_1170,11.24313725490196,1614643200000
tank_1175,0.0,1614643200000
tank_1177,9.152941176470588,1614643200000
tank_1179,2.1372549019607843,1614643200000
tank_1181,129.94117647058823,1614643200000
tank_1186,57.498039215686276,1614643200000
tank_1187,58.81568627450981,1614643200000
tank_1190,16.0,1614643200000
tank_1192,17.0,1614643200000
tank_1196,0.0,1614643200000
tank_1197,1234.0,1614643200000
tank_1201,150.0,1614643200000
tank_1203,0.0,1614643200000
tank_1205,217.0,1614643200000
tank_1209,709.0,1614643200000
tank_1217,0.6784313725490196,1614643200000
tank_1223,5.9450980392156865,1614643200000
tank_1226,0.0,1614643200000
tank_1228,68.0,1614643200000
tank_1230,0.0,1614643200000
tank_1237,1.0,1614643200000
tank_1239,752.0,1614643200000
tank_1245,0.0,1614643200000
tank_1246,81.0,1614643200000
tank_1250,0.0,1614643200000
tank_1254,259.0,1614643200000
tank_1255,5.7215686274509805,1614643200000
tank_1258,38.0,1614643200000
tank_1261,0.0,1614643200000
tank_1262,8.211764705882352,1614643200000
tank_1263,0.0,1614643200000
tank_1265,13.0,1614643200000
tank_1270,23.80392156862745,1614643200000
tank_1272,0.0,1614643200000
tank_1275,0.0,1614643200000
tank_1276,58.0,1614643200000
tank_1279,19.0,1614643200000
tank_1280,0.0,1614643200000
tank_1284,0.0,1614643200000
tank_1285,0.0,1614643200000
tank_1286,51.0,1614643200000
tank_1290,5.427450980392156,1614643200000
tank_1291,0.0,1614643200000
tank_1293,64.0,1614643200000
tank_1295,0.0,1614643200000
tank_1297,63.0,1614643200000
tank_1301,125.0,1614643200000
tank_1302,9.0,1614643200000
tank_1304,0.0,1614643200000
tank_1305,11.823529411764707,1614643200000
tank_1313,491.0,1614643200000
tank_1322,0.0,1614643200000
tank_1325,163.54117647058823,1614643200000
tank_1326,0.0,1614643200000
tank_1344,8.984313725490196,1614643200000
tank_1346,7.976470588235294,1614643200000
tank_1349,0.0,1614643200000
tank_1353,504.0,1614643200000
tank_1358,0.0,1614643200000
tank_1359,0.0,1614643200000
tank_1361,425.0,1614643200000
tank_1364,1028.0,1614643200000
tank_1365,0.0,1614643200000
tank_1372,59.0,1614643200000
tank_1374,224.0,1614643200000
tank_1378,538.0,1614643200000
tank_1380,14.0,1614643200000
tank_1386,110.0,1614643200000
tank_1391,17.0,1614643200000
tank_1393,0.0,1614643200000
tank_1396,15.0,1614643200000
tank_1397,0.0,1614643200000
tank_1403,0.0,1614643200000
tank_1409,0.0,1614643200000
tank_1412,0.0,1614643200000
tank_1415,0.0,1614643200000
tank_1416,0.0,1614643200000
tank_1421,183.0,1614643200000
tank_1422,0.0,1614643200000
tank_1425,539.0,1614643200000
tank_1426,4.0,1614643200000
tank_1430,0.0,1614643200000
tank_1433,384.0,1614643200000
tank_1438,0.0,1614643200000
tank_1439,4.0,1614643200000
tank_1441,0.0,1614643200000
tank_1443,0.0,1614643200000
tank_1445,3.6196078431372554,1614643200000
tank_1446,15.0,1614643200000
tank_1450,0.0,1614643200000
tank_1452,0.0,1614643200000
tank_1456,0.0,1614643200000
tank_1466,0.0,1614643200000
tank_1471,0.0,1614643200000
tank_1475,531.0,1614643200000
tank_1486,1259.0,1614643200000
tank_1488,0.0,1614643200000
tank_1491,0.0,1614643200000
tank_1500,0.0,1614643200000
tank_1505,611.8666666666667,1614643200000
tank_1513,405.0,1614643200000
tank_1531,48.0,1614643200000
tank_1536,7.0,1614643200000
tank_1539,602.0,1614643200000
tank_1541,0.0,1614643200000
tank_1542,0.0,1614643200000
tank_1547,165.51372549019607,1614643200000
tank_1563,12.250980392156862,1614643200000
tank_1564,0.0,1614643200000
tank_1565,1281.0,1614643200000
tank_1567,58.92549019607843,1614643200000
tank_1568,9.0,1614643200000
tank_1573,6.0,1614643200000
tank_1583,0.0,1614643200000
tank_1587,972.0,1614643200000
tank_1588,0.0,1614643200000
tank_1592,0.0,1614643200000
tank_1594,79.0,1614643200000
tank_1595,0.0,1614643200000
tank_1597,193.49019607843138,1614643200000
tank_1598,0.0,1614643200000
tank_1600,5.7215686274509805,1614643200000
tank_1604,0.0,1614643200000
tank_0002,4.109803921568627,1615680000000
tank_0004,0.0,1615680000000
tank_0005,0.0,1615680000000
tank_0011,0.0,1615680000000
tank_0014,7.0,1615680000000
tank_0019,1.0,1615680000000
tank_0024,11.635294117647057,1615680000000
tank_0025,0.25098039215686274,1615680000000
tank_0026,0.0,1615680000000
tank_0027,0.0,1615680000000
tank_0030,4.31764705882353,1615680000000
tank_0031,0.0,1615680000000
tank_0036,0.19215686274509805,1615680000000
tank_0037,2.8941176470588235,1615680000000
tank_0038,12.564705882352943,1615680000000
tank_0050,8.490196078431373,1615680000000
tank_0051,0.0,1615680000000
tank_0052,2.0,1615680000000
tank_0053,43.949019607843134,1615680000000
tank_0055,0.0,1615680000000
tank_0057,2.0,1615680000000
tank_0058,0.32941176470588235,1615680000000
tank_0064,12.505882352941176,1615680000000
tank_0069,6.16078431372549,1615680000000
tank_0072,0.0,1615680000000
tank_0073,1.0,1615680000000
tank_0080,19.0,1615680000000
tank_0094,0.0,1615680000000
tank_0107,0.0,1615680000000
tank_0110,4.0,1615680000000
tank_0113,55.392156862745104,1615680000000
tank_0115,6.215686274509803,1615680000000
tank_0116,0.0,1615680000000
tank_0117,6.0,1615680000000
tank_0118,0.0,1615680000000
tank_0122,0.0,1615680000000
tank_0125,14.0,1615680000000
tank_0130,0.047058823529411764,1615680000000
tank_0131,0.0,1615680000000
tank_0132,0.0,1615680000000
tank_0134,0.0,1615680000000
tank_0135,3.0,1615680000000
tank_0142,0.0,1615680000000
tank_0143,0.0,1615680000000
tank_0144,0.0,1615680000000
tank_0148,0.0,1615680000000
tank_0153,0.0,1615680000000
tank_0156,55.43137254901961,1615680000000
tank_0159,5.078431372549019,1615680000000
tank_0165,9.458823529411765,1615680000000
tank_0171,0.0,1615680000000
tank_0172,0.0,1615680000000
tank_0174,5.666666666666667,1615680000000
tank_0176,25.058823529411764,1615680000000
tank_0184,0.0,1615680000000
tank_0187,2.1176470588235294,1615680000000
tank_0190,0.8509803921568627,1615680000000
tank_0192,0.8235294117647058,1615680000000
tank_0193,0.0,1615680000000
tank_0195,1.6941176470588235,1615680000000
tank_0199,5.76078431372549,1615680000000
tank_0204,0.0,1615680000000
tank_0205,4.5019607843137255,1615680000000
tank_0207,0.0,1615680000000
tank_0209,0.1411764705882353,1615680000000
tank_0213,1.0,1615680000000
tank_0217,0.6235294117647059,1615680000000
tank_0220,1.0,1615680000000
tank_0221,0.12156862745098039,1615680000000
tank_0225,0.0,1615680000000
tank_0226,12.0,1615680000000
tank_0228,0.0,1615680000000
tank_0229,0.0,1615680000000
tank_0231,0.3686274509803922,1615680000000
tank_0233,3.0,1615680000000
tank_0236,0.0,1615680000000
tank_0237,0.0,1615680000000
tank_0240,0.0,1615680000000
tank_0242,0.0,1615680000000
tank_0245,2.0,1615680000000
tank_0247,35.949019607843134,1615680000000
tank_0256,4.08235294117647,1615680000000
tank_0257,0.0,1615680000000
tank_0260,0.4980392156862745,1615680000000
tank_0261,0.0,1615680000000
tank_0264,0.0,1615680000000
tank_0273,0.0,1615680000000
tank_0276,0.0,1615680000000
tank_0278,0.4117647058823529,1615680000000
tank_0280,0.0,1615680000000
tank_0291,0.0,1615680000000
tank_0292,15.945098039215685,1615680000000
tank_0296,0.0,1615680000000
tank_0297,0.0,1615680000000
tank_0299,7.560784313725491,1615680000000
tank_0300,3.674509803921569,1615680000000
tank_0301,9.372549019607844,1615680000000
tank_0307,0.0,1615680000000
tank_0309,0.0,1615680000000
tank_0313,0.0,1615680000000
tank_0314,4.800000000000001,1615680000000
tank_0319,0.0,1615680000000
tank_0321,0.0,1615680000000
tank_0327,0.0,1615680000000
tank_0337,0.0,1615680000000
tank_0338,0.0,1615680000000
tank_0339,25.733333333333334,1615680000000
tank_0342,16.686274509803923,1615680000000
tank_0345,3.0274509803921568,1615680000000
tank_0346,0.0,1615680000000
tank_0349,0.0,1615680000000
tank_0350,1.0,1615680000000
tank_0353,41.57254901960784,1615680000000
tank_0356,0.0,1615680000000
tank_0360,0.0,1615680000000
tank_0361,8.83529411764706,1615680000000
tank_0362,1.8745098039215686,1615680000000
tank_0364,0.0,1615680000000
tank_0366,27.129411764705882,1615680000000
tank_0369,0.0,1615680000000
tank_0375,0.0,1615680000000
tank_0379,52.05490196078432,1615680000000
tank_0381,1.8078431372549018,1615680000000
tank_0386,0.0,1615680000000
tank_0390,0.0,1615680000000
tank_0397,0.0,1615680000000
tank_0399,0.0,1615680000000
tank_0404,0.0,1615680000000
tank_0409,2.0,1615680000000
tank_0420,0.0,1615680000000
tank_0425,1.8039215686274508,1615680000000
tank_0431,0.0,1615680000000
tank_0432,0.0,1615680000000
tank_0435,0.0,1615680000000
tank_0436,0.0,1615680000000
tank_0438,0.0,1615680000000
tank_0443,0.0,1615680000000
tank_0444,0.0,1615680000000
tank_0447,71.95686274509804,1615680000000
tank_0448,0.0,1615680000000
tank_0449,0.4549019607843137,1615680000000
tank_0455,8.572549019607843,1615680000000
tank_0460,0.0,1615680000000
tank_0462,0.0,1615680000000
tank_0466,0.0,1615680000000
tank_0471,0.0,1615680000000
tank_0473,14.0,1615680000000
tank_0474,4.0,1615680000000
tank_0481,48.5529411764706,1615680000000
tank_0485,0.0,1615680000000
tank_0489,0.0,1615680000000
tank_0491,0.0,1615680000000
tank_0494,0.0,1615680000000
tank_0497,1.0,1615680000000
tank_0498,1.0,1615680000000
tank_0502,0.0,1615680000000
tank_0505,7.564705882352941,1615680000000
tank_0509,1.4156862745098038,1615680000000
tank_0512,7.0,1615680000000
tank_0514,0.0,1615680000000
tank_0515,0.0,1615680000000
tank_0521,0.0,1615680000000
tank_0524,0.0,1615680000000
tank_0526,44.59607843137255,1615680000000
tank_0533,0.0,1615680000000
tank_0534,0.0,1615680000000
tank_0536,0.0,1615680000000
tank_0537,0.0,1615680000000
tank_0541,0.0,1615680000000
tank_0547,2.0,1615680000000
tank_0552,0.9921568627450981,1615680000000
tank_0555,0.0,1615680000000
tank_0556,0.0,1615680000000
tank_0557,0.9137254901960785,1615680000000
tank_0560,3.215686274509804,1615680000000
tank_0561,2.6431372549019607,1615680000000
tank_0566,0.0,1615680000000
tank_0567,0.0,1615680000000
tank_0568,20.705882352941178,1615680000000
tank_0574,0.0,1615680000000
tank_0579,0.0,1615680000000
tank_0583,0.0,1615680000000
tank_0587,0.0,1615680000000
tank_0589,0.0,1615680000000
tank_0590,12.0,1615680000000
tank_0592,3.0,1615680000000
tank_0593,0.0,1615680000000
tank_0595,2.3490196078431373,1615680000000
tank_0600,4.0,1615680000000
tank_0604,0.0,1615680000000
tank_0606,6.0,1615680000000
tank_0607,1.9607843137254903,1615680000000
tank_0608,0.0,1615680000000
tank_0610,0.0,1615680000000
tank_0611,0.0,1615680000000
tank_0612,7.407843137254902,1615680000000
tank_0613,0.8901960784313725,1615680000000
tank_0619,0.0,1615680000000
tank_0626,0.0,1615680000000
tank_0627,0.0,1615680000000
tank_0628,0.0,1615680000000
tank_0632,5.0,1615680000000
tank_0633,0.0,1615680000000
tank_0639,0.0,1615680000000
tank_0640,0.0,1615680000000
tank_0641,0.0,1615680000000
tank_0643,27.184313725490195,1615680000000
tank_0646,0.0,1615680000000
tank_0663,1.0,1615680000000
tank_0664,0.0,1615680000000
tank_0666,0.0,1615680000000
tank_0667,0.0,1615680000000
tank_0670,0.0,1615680000000
tank_0675,0.0,1615680000000
tank_0676,0.0,1615680000000
tank_0678,14.380392156862746,1615680000000
tank_0681,0.0,1615680000000
tank_0687,0.0,1615680000000
tank_0688,0.0,1615680000000
tank_0697,0.0,1615680000000
tank_0720,0.8784313725490196,1615680000000
tank_0722,2.0,1615680000000
tank_0724,7.0,1615680000000
tank_0725,0.0,1615680000000
tank_0728,1.0431372549019606,1615680000000
tank_0730,0.0,1615680000000
tank_0731,0.0,1615680000000
tank_0732,4.988235294117647,1615680000000
tank_0737,58.0,1615680000000
tank_0739,0.0,1615680000000
tank_0740,18.24705882352941,1615680000000
tank_0746,0.0,1615680000000
tank_0748,1.0,1615680000000
tank_0749,2.2588235294117647,1615680000000
tank_0752,0.0,1615680000000
tank_0760,0.0,1615680000000
tank_0770,0.2549019607843137,1615680000000
tank_0772,2.0,1615680000000
tank_0788,0.0,1615680000000
tank_0789,28.08235294117647,1615680000000
tank_0792,134.90588235294118,1615680000000
tank_0797,0.0,1615680000000
tank_0800,0.0,1615680000000
tank_0802,1.5921568627450982,1615680000000
tank_0803,4.258823529411765,1615680000000
tank_0808,4.811764705882353,1615680000000
tank_0810,0.0,1615680000000
tank_0811,3.6,1615680000000
tank_0812,0.0,1615680000000
tank_0813,0.0,1615680000000
tank_0816,0.0,1615680000000
tank_0819,0.0,1615680000000
tank_0823,0.0,1615680000000
tank_0824,177.0,1615680000000
tank_0825,0.0,1615680000000
tank_0828,0.0,1615680000000
tank_0829,47.0,1615680000000
tank_0830,0.0,1615680000000
tank_0831,7.8274509803921575,1615680000000
tank_0844,0.0,1615680000000
tank_0852,5.000000000000001,1615680000000
tank_0855,0.0,1615680000000
tank_0856,863.0,1615680000000
tank_0860,7.0,1615680000000
tank_0861,0.0,1615680000000
tank_0872,0.0,1615680000000
tank_0875,0.0,1615680000000
tank_0879,0.0,1615680000000
tank_0885,0.0,1615680000000
tank_0891,0.0,1615680000000
tank_0894,1293.0,1615680000000
tank_0898,543.0,1615680000000
tank_0900,0.0,1615680000000
tank_0901,67.0,1615680000000
tank_0902,39.0,1615680000000
tank_0914,0.0,1615680000000
tank_0917,540.0,1615680000000
tank_0919,0.0,1615680000000
tank_0920,23.0,1615680000000
tank_0922,40.0,1615680000000
tank_0923,0.0,1615680000000
tank_0924,0.0,1615680000000
tank_0926,0.0,1615680000000
tank_0927,0.0,1615680000000
tank_0928,0.0,1615680000000
tank_0930,102.72549019607843,1615680000000
tank_0931,0.0,1615680000000
tank_0933,0.0,1615680000000
tank_0934,0.0,1615680000000
tank_0937,0.0,1615680000000
tank_0938,0.0,1615680000000
tank_0939,0.0,1615680000000
tank_0944,0.0,1615680000000
tank_0946,0.0,1615680000000
tank_0952,0.9333333333333333,1615680000000
tank_0958,0.0,1615680000000
tank_0962,789.0,1615680000000
tank_0967,2.592156862745098,1615680000000
tank_0975,0.0,1615680000000
tank_0978,1.0,1615680000000
tank_0990,0.0,1615680000000
tank_0991,656.0,1615680000000
tank_0998,0.0,1615680000000
tank_0999,4.074509803921568,1615680000000
tank_1003,805.0,1615680000000
tank_1004,16.0,1615680000000
tank_1014,6.0,1615680000000
tank_1026,169.0,1615680000000
tank_1031,28.866666666666667,1615680000000
tank_1032,10.0,1615680000000
tank_1034,0.0,1615680000000
tank_1042,46.898039215686275,1615680000000
tank_1045,0.0,1615680000000
tank_1049,35.0,1615680000000
tank_1055,2.0,1615680000000
tank_1061,0.0,1615680000000
tank_1062,0.01568627450980392,1615680000000
tank_1064,0.0,1615680000000
tank_1065,5.0,1615680000000
tank_1066,3.2509803921568627,1615680000000
tank_1070,21.0,1615680000000
tank_1073,39.0,1615680000000
tank_1083,232.0,1615680000000
tank_1086,9.0,1615680000000
tank_1088,7.0,1615680000000
tank_1089,18.0,1615680000000
tank_1090,16.76078431372549,1615680000000
tank_1091,0.0,1615680000000
tank_1094,1105.0,1615680000000
tank_1095,20.501960784313724,1615680000000
tank_1104,3.3647058823529408,1615680000000
tank_1113,35.0,1615680000000
tank_1116,0.0,1615680000000
tank_1117,0.0,1615680000000
tank_1120,310.3921568627451,1615680000000
tank_1121,466.0,1615680000000
tank_1124,28.88235294117647,1615680000000
tank_1128,73.05882352941177,1615680000000
tank_1134,0.0,1615680000000
tank_1135,22.0,1615680000000
tank_1146,17.87450980392157,1615680000000
tank_1149,0.0,1615680000000
tank_1156,0.0,1615680000000
tank_1157,12.141176470588237,1615680000000
tank_1159,79.0,1615680000000
tank_1160,571.0,1615680000000
tank_1166,0.0196078431372549,1615680000000
tank_1170,16.101960784313725,1615680000000
tank_1175,0.0,1615680000000
tank_1177,3.2509803921568627,1615680000000
tank_1179,3.3215686274509806,1615680000000
tank_1181,173.81176470588235,1615680000000
tank_1186,50.0,1615680000000
tank_1187,20.68627450980392,1615680000000
tank_1190,7.0,1615680000000
tank_1192,14.0,1615680000000
tank_1196,0.0,1615680000000
tank_1197,1674.0,1615680000000
tank_1201,109.0,1615680000000
tank_1203,0.6235294117647059,1615680000000
tank_1205,219.0,1615680000000
tank_1209,680.0,1615680000000
tank_1217,0.25098039215686274,1615680000000
tank_1223,0.0,1615680000000
tank_1226,0.0,1615680000000
tank_1228,43.0,1615680000000
tank_1230,0.0,1615680000000
tank_1237,4.874509803921569,1615680000000
tank_1239,856.0,1615680000000
tank_1245,0.0,1615680000000
tank_1246,59.0,1615680000000
tank_1250,0.0,1615680000000
tank_1254,935.0,1615680000000
tank_1255,3.1137254901960785,1615680000000
tank_1258,37.0,1615680000000
tank_1261,0.0,1615680000000
tank_1262,5.0549019607843135,1615680000000
tank_1263,0.0,1615680000000
tank_1265,15.0,1615680000000
tank_1270,19.850980392156863,1615680000000
tank_1272,0.0,1615680000000
tank_1275,0.26666666666666666,1615680000000
tank_1276,43.0,1615680000000
tank_1279,19.909803921568628,1615680000000
tank_1280,0.0,1615680000000
tank_1284,0.0,1615680000000
tank_1285,0.0,1615680000000
tank_1286,49.0,1615680000000
tank_1290,4.0,1615680000000
tank_1291,0.0,1615680000000
tank_1293,53.0,1615680000000
tank_1295,0.0,1615680000000
tank_1297,66.0,1615680000000
tank_1301,144.0,1615680000000
tank_1302,4.0,1615680000000
tank_1304,0.0,1615680000000
tank_1305,10.0,1615680000000
tank_1313,515.0,1615680000000
tank_1322,0.0,1615680000000
tank_1325,159.59607843137255,1615680000000
tank_1326,0.0,1615680000000
tank_1344,8.0,1615680000000
tank_1346,4.901960784313726,1615680000000
tank_1349,0.0,1615680000000
tank_1353,474.0,1615680000000
tank_1358,0.0,1615680000000
tank_1359,0.0,1615680000000
tank_1361,364.0,1615680000000
tank_1364,1131.0,1615680000000
tank_1365,0.0,1615680000000
tank_1372,41.0,1615680000000
tank_1374,187.0,1615680000000
tank_1378,505.0,1615680000000
tank_1380,15.0,1615680000000
tank_1386,93.0,1615680000000
tank_1391,14.0,1615680000000
tank_1393,0.0,1615680000000
tank_1396,11.0,1615680000000
tank_1397,0.0,1615680000000
tank_1403,0.0,1615680000000
tank_1409,0.0,1615680000000
tank_1412,0.0,1615680000000
tank_1415,0.0,1615680000000
tank_1416,0.0,1615680000000
tank_1421,198.0,1615680000000
tank_1422,0.0,1615680000000
tank_1425,547.0,1615680000000
tank_1426,5.0,1615680000000
tank_1430,0.0,1615680000000
tank_1433,376.0,1615680000000
tank_1438,0.0,1615680000000
tank_1439,6.0,1615680000000
tank_1441,0.0,1615680000000
tank_1443,0.0,1615680000000
tank_1445,10.0,1615680000000
tank_1446,4.0,1615680000000
tank_1450,0.0,1615680000000
tank_1452,0.0,1615680000000
tank_1456,0.0,1615680000000
tank_1466,0.0,1615680000000
tank_1471,0.0,1615680000000
tank_1475,528.9411764705883,1615680000000
tank_1486,1330.0,1615680000000
tank_1488,0.0,1615680000000
tank_1491,0.0,1615680000000
tank_1500,0.0,1615680000000
tank_1505,579.0,1615680000000
tank_1513,701.0,1615680000000
tank_1531,36.0,1615680000000
tank_1536,0.0,1615680000000
tank_1539,518.0,1615680000000
tank_1541,0.0,1615680000000
tank_1542,0.0,1615680000000
tank_1547,181.0,1615680000000
tank_1563,9.0,1615680000000
tank_1564,0.0,1615680000000
tank_1565,1208.9137254901962,1615680000000
tank_1567,63.92549019607843,1615680000000
tank_1568,0.0,1615680000000
tank_1573,7.0,1615680000000
tank_1583,0.0,1615680000000
tank_1587,992.0,1615680000000
tank_1588,0.0,1615680000000
tank_1592,0.0,1615680000000
tank_1594,75.0,1615680000000
tank_1595,0.0,1615680000000
tank_1597,171.23529411764707,1615680000000
tank_1598,0.0,1615680000000
tank_1600,6.933333333333334,1615680000000
tank_1604,0.0,1615680000000
tank_0002,0.0,1616716800000
tank_0004,0.0,1616716800000
tank_0005,0.0,1616716800000
tank_0011,0.0,1616716800000
tank_0014,33.501960784313724,1616716800000
tank_0019,6.0,1616716800000
tank_0024,6.898039215686275,1616716800000
tank_0025,1.807843137254902,1616716800000
tank_0026,3.011764705882353,1616716800000
tank_0027,1.2901960784313726,1616716800000
tank_0030,8.384313725490198,1616716800000
tank_0031,0.0,1616716800000
tank_0036,0.3254901960784314,1616716800000
tank_0037,0.4980392156862745,1616716800000
tank_0038,21.44705882352941,1616716800000
tank_0050,8.713725490196076,1616716800000
tank_0051,0.0,1616716800000
tank_0052,4.360784313725491,1616716800000
tank_0053,44.80392156862745,1616716800000
tank_0055,0.0,1616716800000
tank_0057,0.0,1616716800000
tank_0058,4.968627450980392,1616716800000
tank_0064,15.196078431372547,1616716800000
tank_0069,0.20392156862745098,1616716800000
tank_0072,0.0,1616716800000
tank_0073,0.0,1616716800000
tank_0080,17.0,1616716800000
tank_0094,0.0,1616716800000
tank_0107,0.0,1616716800000
tank_0110,4.0,1616716800000
tank_0113,63.66666666666667,1616716800000
tank_0115,8.047058823529412,1616716800000
tank_0116,6.87843137254902,1616716800000
tank_0117,36.0,1616716800000
tank_0118,0.0,1616716800000
tank_0122,0.0,1616716800000
tank_0125,11.666666666666668,1616716800000
tank_0130,0.0,1616716800000
tank_0131,0.0,1616716800000
tank_0132,0.0,1616716800000
tank_0134,0.0,1616716800000
tank_0135,0.0,1616716800000
tank_0142,0.0,1616716800000
tank_0143,0.0,1616716800000
tank_0144,0.0,1616716800000
tank_0148,0.0,1616716800000
tank_0153,0.0,1616716800000
tank_0156,65.05098039215687,1616716800000
tank_0159,5.862745098039216,1616716800000
tank_0165,7.784313725490195,1616716800000
tank_0171,0.0,1616716800000
tank_0172,0.0,1616716800000
tank_0174,6.250980392156864,1616716800000
tank_0176,32.16862745098039,1616716800000
tank_0184,3.450980392156863,1616716800000
tank_0187,1.7137254901960786,1616716800000
tank_0190,9.486274509803922,1616716800000
tank_0192,0.0,1616716800000
tank_0193,2.0,1616716800000
tank_0195,1.9764705882352942,1616716800000
tank_0199,9.098039215686274,1616716800000
tank_0204,0.0,1616716800000
tank_0205,21.858823529411765,1616716800000
tank_0207,0.3764705882352941,1616716800000
tank_0209,0.0,1616716800000
tank_0213,0.0,1616716800000
tank_0217,0.0,1616716800000
tank_0220,0.0,1616716800000
tank_0221,0.6196078431372549,1616716800000
tank_0225,0.0,1616716800000
tank_0226,11.0,1616716800000
tank_0228,0.0,1616716800000
tank_0229,0.0,1616716800000
tank_0231,0.6784313725490196,1616716800000
tank_0233,0.0,1616716800000
tank_0236,3.0,1616716800000
tank_0237,0.0,1616716800000
tank_0240,1.5843137254901962,1616716800000
tank_0242,0.0,1616716800000
tank_0245,3.196078431372549,1616716800000
tank_0247,31.949019607843137,1616716800000
tank_0256,14.12549019607843,1616716800000
tank_0257,0.0,1616716800000
tank_0260,1.4980392156862745,1616716800000
tank_0261,0.0,1616716800000
tank_0264,0.0,1616716800000
tank_0273,0.0,1616716800000
tank_0276,0.4549019607843137,1616716800000
tank_0278,5.0,1616716800000
tank_0280,0.0,1616716800000
tank_0291,0.0,1616716800000
tank_0292,20.788235294117648,1616716800000
tank_0296,0.0,1616716800000
tank_0297,0.6901960784313725,1616716800000
tank_0299,21.0,1616716800000
tank_0300,7.572549019607844,1616716800000
tank_0301,8.788235294117648,1616716800000
tank_0307,0.0,1616716800000
tank_0309,0.0,1616716800000
tank_0313,0.0,1616716800000
tank_0314,2.7450980392156863,1616716800000
tank_0319,0.0,1616716800000
tank_0321,6.294117647058823,1616716800000
tank_0327,1.203921568627451,1616716800000
tank_0337,1.5019607843137255,1616716800000
tank_0338,2.588235294117647,1616716800000
tank_0339,50.09803921568628,1616716800000
tank_0342,27.811764705882357,1616716800000
tank_0345,0.0,1616716800000
tank_0346,0.0,1616716800000
tank_0349,0.0,1616716800000
tank_0350,0.0,1616716800000
tank_0353,49.133333333333326,1616716800000
tank_0356,0.0,1616716800000
tank_0360,2.0,1616716800000
tank_0361,5.68235294117647,1616716800000
tank_0362,0.0,1616716800000
tank_0364,0.0,1616716800000
tank_0366,31.298039215686273,1616716800000
tank_0369,0.0,1616716800000
tank_0375,0.0,1616716800000
tank_0379,71.05490196078432,1616716800000
tank_0381,0.26666666666666666,1616716800000
tank_0386,0.0,1616716800000
tank_0390,0.0,1616716800000
tank_0397,2.3058823529411763,1616716800000
tank_0399,0.0,1616716800000
tank_0404,0.0,1616716800000
tank_0409,0.0,1616716800000
tank_0420,0.0,1616716800000
tank_0425,0.0,1616716800000
tank_0431,0.0,1616716800000
tank_0432,0.6980392156862745,1616716800000
tank_0435,0.0,1616716800000
tank_0436,0.0,1616716800000
tank_0438,0.49411764705882355,1616716800000
tank_0443,3.6470588235294117,1616716800000
tank_0444,0.0,1616716800000
tank_0447,82.0313725490196,1616716800000
tank_0448,0.0,1616716800000
tank_0449,0.0,1616716800000
tank_0455,9.686274509803923,1616716800000
tank_0460,0.0,1616716800000
tank_0462,0.0,1616716800000
tank_0466,3.8274509803921566,1616716800000
tank_0471,0.0,1616716800000
tank_0473,5.0,1616716800000
tank_0474,4.996078431372549,1616716800000
tank_0481,55.196078431372555,1616716800000
tank_0485,0.0,1616716800000
tank_0489,0.0,1616716800000
tank_0491,0.0,1616716800000
tank_0494,0.396078431372549,1616716800000
tank_0497,0.0,1616716800000
tank_0498,0.0,1616716800000
tank_0502,3.2470588235294118,1616716800000
tank_0505,6.243137254901961,1616716800000
tank_0509,1.5490196078431373,1616716800000
tank_0512,17.0,1616716800000
tank_0514,0.0,1616716800000
tank_0515,0.0,1616716800000
tank_0521,0.0,1616716800000
tank_0524,0.0,1616716800000
tank_0526,40.0,1616716800000
tank_0533,0.0,1616716800000
tank_0534,7.64313725490196,1616716800000
tank_0536,0.0,1616716800000
tank_0537,0.0,1616716800000
tank_0541,5.0,1616716800000
tank_0547,1.1254901960784314,1616716800000
tank_0552,1.0,1616716800000
tank_0555,0.0,1616716800000
tank_0556,0.0,1616716800000
tank_0557,3.2784313725490195,1616716800000
tank_0560,0.8352941176470589,1616716800000
tank_0561,0.0,1616716800000
tank_0566,0.0,1616716800000
tank_0567,0.0,1616716800000
tank_0568,25.188235294117646,1616716800000
tank_0574,0.0,1616716800000
tank_0579,0.0,1616716800000
tank_0583,0.0,1616716800000
tank_0587,0.0,1616716800000
tank_0589,3.0,1616716800000
tank_0590,4.0,1616716800000
tank_0592,1.0,1616716800000
tank_0593,0.0,1616716800000
tank_0595,0.0,1616716800000
tank_0600,4.749019607843137,1616716800000
tank_0604,0.0,1616716800000
tank_0606,0.0,1616716800000
tank_0607,9.411764705882353,1616716800000
tank_0608,0.0,1616716800000
tank_0610,0.0,1616716800000
tank_0611,0.0,1616716800000
tank_0612,0.7725490196078432,1616716800000
tank_0613,0.0,1616716800000
tank_0619,0.0,1616716800000
tank_0626,0.0,1616716800000
tank_0627,0.0,1616716800000
tank_0628,2.2470588235294118,1616716800000
tank_0632,11.0,1616716800000
tank_0633,0.0,1616716800000
tank_0639,1.0,1616716800000
tank_0640,0.0,1616716800000
tank_0641,2.207843137254902,1616716800000
tank_0643,21.76470588235294,1616716800000
tank_0646,0.0,1616716800000
tank_0663,0.0,1616716800000
tank_0664,0.0,1616716800000
tank_0666,0.0,1616716800000
tank_0667,0.0,1616716800000
tank_0670,0.0,1616716800000
tank_0675,0.0,1616716800000
tank_0676,0.0,1616716800000
tank_0678,18.011764705882353,1616716800000
tank_0681,0.0,1616716800000
tank_0687,0.0,1616716800000
tank_0688,0.0,1616716800000
tank_0697,2.227450980392157,1616716800000
tank_0720,0.7647058823529411,1616716800000
tank_0722,0.0,1616716800000
tank_0724,6.250980392156863,1616716800000
tank_0725,0.0,1616716800000
tank_0728,0.0,1616716800000
tank_0730,5.117647058823529,1616716800000
tank_0731,0.0,1616716800000
tank_0732,5.780392156862746,1616716800000
tank_0737,3.0,1616716800000
tank_0739,0.0,1616716800000
tank_0740,23.850980392156863,1616716800000
tank_0746,0.0,1616716800000
tank_0748,7.788235294117647,1616716800000
tank_0749,4.443137254901961,1616716800000
tank_0752,0.0,1616716800000
tank_0760,0.12549019607843137,1616716800000
tank_0770,0.0,1616716800000
tank_0772,0.0,1616716800000
tank_0788,0.0,1616716800000
tank_0789,25.0,1616716800000
tank_0792,138.4313725490196,1616716800000
tank_0797,0.0,1616716800000
tank_0800,1.3254901960784313,1616716800000
tank_0802,0.0,1616716800000
tank_0803,2.011764705882353,1616716800000
tank_0808,5.0,1616716800000
tank_0810,0.0,1616716800000
tank_0811,3.231372549019608,1616716800000
tank_0812,0.0,1616716800000
tank_0813,0.0,1616716800000
tank_0816,3.0,1616716800000
tank_0819,0.0,1616716800000
tank_0823,0.0,1616716800000
tank_0824,103.0,1616716800000
tank_0825,0.0,1616716800000
tank_0828,0.0,1616716800000
tank_0829,39.984313725490196,1616716800000
tank_0830,0.0,1616716800000
tank_0831,19.047058823529408,1616716800000
tank_0844,0.0,1616716800000
tank_0852,0.0,1616716800000
tank_0855,0.0,1616716800000
tank_0856,865.0,1616716800000
tank_0860,16.0,1616716800000
tank_0861,0.0,1616716800000
tank_0872,0.0,1616716800000
tank_0875,0.0,1616716800000
tank_0879,0.0,1616716800000
tank_0885,0.0,1616716800000
tank_0891,0.0,1616716800000
tank_0894,1283.0,1616716800000
tank_0898,558.0,1616716800000
tank_0900,8.0,1616716800000
tank_0901,61.0,1616716800000
tank_0902,29.0,1616716800000
tank_0914,0.0,1616716800000
tank_0917,470.0,1616716800000
tank_0919,0.0,1616716800000
tank_0920,27.0,1616716800000
tank_0922,39.0,1616716800000
tank_0923,0.0,1616716800000
tank_0924,1.0,1616716800000
tank_0926,3.3960784313725494,1616716800000
tank_0927,0.0,1616716800000
tank_0928,0.0,1616716800000
tank_0930,93.0,1616716800000
tank_0931,0.0,1616716800000
tank_0933,0.0,1616716800000
tank_0934,0.0,1616716800000
tank_0937,0.0,1616716800000
tank_0938,0.0,1616716800000
tank_0939,0.0,1616716800000
tank_0944,0.0,1616716800000
tank_0946,3.3176470588235296,1616716800000
tank_0952,4.792156862745098,1616716800000
tank_0958,0.0,1616716800000
tank_0962,645.0,1616716800000
tank_0967,0.9215686274509804,1616716800000
tank_0975,0.0,1616716800000
tank_0978,1.6705882352941175,1616716800000
tank_0990,0.0,1616716800000
tank_0991,599.0,1616716800000
tank_0998,0.0,1616716800000
tank_0999,15.67843137254902,1616716800000
tank_1003,793.7450980392157,1616716800000
tank_1004,3.0,1616716800000
tank_1014,0.0,1616716800000
tank_1026,166.0,1616716800000
tank_1031,49.450980392156865,1616716800000
tank_1032,10.882352941176471,1616716800000
tank_1034,0.0,1616716800000
tank_1042,36.898039215686275,1616716800000
tank_1045,0.0,1616716800000
tank_1049,26.0,1616716800000
tank_1055,1.3647058823529412,1616716800000
tank_1061,0.0,1616716800000
tank_1062,0.0,1616716800000
tank_1064,0.0,1616716800000
tank_1065,4.0,1616716800000
tank_1066,1.4941176470588236,1616716800000
tank_1070,17.0,1616716800000
tank_1073,40.0,1616716800000
tank_1083,242.0,1616716800000
tank_1086,11.0,1616716800000
tank_1088,0.0,1616716800000
tank_1089,18.0,1616716800000
tank_1090,13.988235294117647,1616716800000
tank_1091,0.0,1616716800000
tank_1094,1096.0,1616716800000
tank_1095,24.75294117647059,1616716800000
tank_1104,0.0,1616716800000
tank_1113,39.0,1616716800000
tank_1116,0.0,1616716800000
tank_1117,0.0,1616716800000
tank_1120,216.0,1616716800000
tank_1121,460.0,1616716800000
tank_1124,17.71372549019608,1616716800000
tank_1128,62.0,1616716800000
tank_1134,0.0,1616716800000
tank_1135,12.0,1616716800000
tank_1146,14.0,1616716800000
tank_1149,2.9647058823529413,1616716800000
tank_1156,0.0,1616716800000
tank_1157,13.549019607843139,1616716800000
tank_1159,29.0,1616716800000
tank_1160,618.0,1616716800000
tank_1166,0.0,1616716800000
tank_1170,15.72156862745098,1616716800000
tank_1175,0.0,1616716800000
tank_1177,1.0823529411764705,1616716800000
tank_1179,2.0,1616716800000
tank_1181,215.23529411764704,1616716800000
tank_1186,57.7921568627451,1616716800000
tank_1187,53.360784313725496,1616716800000
tank_1190,15.780392156862746,1616716800000
tank_1192,9.0,1616716800000
tank_1196,0.0,1616716800000
tank_1197,1658.0,1616716800000
tank_1201,92.0,1616716800000
tank_1203,0.0,1616716800000
tank_1205,256.0,1616716800000
tank_1209,493.0,1616716800000
tank_1217,0.0784313725490196,1616716800000
tank_1223,0.0,1616716800000
tank_1226,0.0,1616716800000
tank_1228,34.0,1616716800000
tank_1230,0.0,1616716800000
tank_1237,4.0,1616716800000
tank_1239,824.0,1616716800000
tank_1245,0.0,1616716800000
tank_1246,60.0,1616716800000
tank_1250,0.0,1616716800000
tank_1254,1466.0,1616716800000
tank_1255,0.0,1616716800000
tank_1258,28.0,1616716800000
tank_1261,0.0,1616716800000
tank_1262,3.631372549019608,1616716800000
tank_1263,0.0,1616716800000
tank_1265,12.0,1616716800000
tank_1270,21.0,1616716800000
tank_1272,1.8705882352941177,1616716800000
tank_1275,0.0,1616716800000
tank_1276,52.0,1616716800000
tank_1279,20.866666666666667,1616716800000
tank_1280,0.0,1616716800000
tank_1284,0.0,1616716800000
tank_1285,0.0,1616716800000
tank_1286,44.0,1616716800000
tank_1290,4.0,1616716800000
tank_1291,0.0,1616716800000
tank_1293,37.0,1616716800000
tank_1295,0.0,1616716800000
tank_1297,67.0,1616716800000
tank_1301,132.0,1616716800000
tank_1302,12.0,1616716800000
tank_1304,0.0,1616716800000
tank_1305,5.0,1616716800000
tank_1313,594.0,1616716800000
tank_1322,0.0,1616716800000
tank_1325,141.99607843137255,1616716800000
tank_1326,0.0,1616716800000
tank_1344,2.0,1616716800000
tank_1346,5.7254901960784315,1616716800000
tank_1349,0.0,1616716800000
tank_1353,481.0,1616716800000
tank_1358,0.0,1616716800000
tank_1359,0.0,1616716800000
tank_1361,310.0,1616716800000
tank_1364,1109.0,1616716800000
tank_1365,0.0,1616716800000
tank_1372,22.0,1616716800000
tank_1374,187.0,1616716800000
tank_1378,486.0,1616716800000
tank_1380,13.0,1616716800000
tank_1386,84.0,1616716800000
tank_1391,9.0,1616716800000
tank_1393,0.0,1616716800000
tank_1396,11.0,1616716800000
tank_1397,0.0,1616716800000
tank_1403,0.0,1616716800000
tank_1409,0.0,1616716800000
tank_1412,0.0,1616716800000
tank_1415,0.0,1616716800000
tank_1416,0.0,1616716800000
tank_1421,195.0,1616716800000
tank_1422,0.0,1616716800000
tank_1425,616.3450980392157,1616716800000
tank_1426,6.0,1616716800000
tank_1430,0.0,1616716800000
tank_1433,369.0,1616716800000
tank_1438,0.0,1616716800000
tank_1439,2.0,1616716800000
tank_1441,0.0,1616716800000
tank_1443,0.0,1616716800000
tank_1445,17.0,1616716800000
tank_1446,5.0,1616716800000
tank_1450,3.0,1616716800000
tank_1452,0.0,1616716800000
tank_1456,5.894117647058824,1616716800000
tank_1466,0.0,1616716800000
tank_1471,0.0,1616716800000
tank_1475,510.0,1616716800000
tank_1486,1255.0,1616716800000
tank_1488,0.0,1616716800000
tank_1491,0.0,1616716800000
tank_1500,0.0,1616716800000
tank_1505,588.0,1616716800000
tank_1513,820.0,1616716800000
tank_1531,22.0,1616716800000
tank_1536,4.0,1616716800000
tank_1539,581.686274509804,1616716800000
tank_1541,7.0,1616716800000
tank_1542,0.0,1616716800000
tank_1547,180.91372549019607,1616716800000
tank_1563,6.0,1616716800000
tank_1564,0.0,1616716800000
tank_1565,1220.9411764705883,1616716800000
tank_1567,51.92549019607843,1616716800000
tank_1568,0.0,1616716800000
tank_1573,3.0,1616716800000
tank_1583,0.0,1616716800000
tank_1587,994.0,1616716800000
tank_1588,0.0,1616716800000
tank_1592,0.19215686274509805,1616716800000
tank_1594,73.0,1616716800000
tank_1595,0.0,1616716800000
tank_1597,156.6,1616716800000
tank_1598,0.0,1616716800000
tank_1600,4.050980392156863,1616716800000
tank_1604,0.0,1616716800000
tank_0002,7.980392156862745,1617753600000
tank_0004,0.0,1617753600000
tank_0005,0.0,1617753600000
tank_0011,0.0,1617753600000
tank_0014,31.454901960784312,1617753600000
tank_0019,3.0,1617753600000
tank_0024,10.172549019607843,1617753600000
tank_0025,0.0,1617753600000
tank_0026,1.5137254901960784,1617753600000
tank_0027,0.25098039215686274,1617753600000
tank_0030,2.7490196078431373,1617753600000
tank_0031,0.0,1617753600000
tank_0036,1.3137254901960782,1617753600000
tank_0037,1.4078431372549018,1617753600000
tank_0038,15.439215686274508,1617753600000
tank_0050,2.9607843137254903,1617753600000
tank_0051,0.0,1617753600000
tank_0052,6.0,1617753600000
tank_0053,59.643137254901966,1617753600000
tank_0055,0.0,1617753600000
tank_0057,5.0,1617753600000
tank_0058,0.0,1617753600000
tank_0064,14.203921568627454,1617753600000
tank_0069,0.9372549019607843,1617753600000
tank_0072,0.0,1617753600000
tank_0073,0.0,1617753600000
tank_0080,12.0,1617753600000
tank_0094,0.0,1617753600000
tank_0107,0.0,1617753600000
tank_0110,10.0,1617753600000
tank_0113,49.68627450980392,1617753600000
tank_0115,4.678431372549019,1617753600000
tank_0116,1.8588235294117648,1617753600000
tank_0117,19.0,1617753600000
tank_0118,0.0,1617753600000
tank_0122,0.0,1617753600000
tank_0125,7.5058823529411764,1617753600000
tank_0130,2.6980392156862747,1617753600000
tank_0131,0.0,1617753600000
tank_0132,0.0,1617753600000
tank_0134,0.0,1617753600000
tank_0135,0.0,1617753600000
tank_0142,0.5450980392156862,1617753600000
tank_0143,0.0,1617753600000
tank_0144,0.0,1617753600000
tank_0148,0.0,1617753600000
tank_0153,0.0,1617753600000
tank_0156,56.7450980392157,1617753600000
tank_0159,4.078431372549019,1617753600000
tank_0165,3.635294117647059,1617753600000
tank_0171,0.0,1617753600000
tank_0172,0.0,1617753600000
tank_0174,9.545098039215686,1617753600000
tank_0176,19.015686274509804,1617753600000
tank_0184,0.8274509803921569,1617753600000
tank_0187,3.415686274509804,1617753600000
tank_0190,1.2117647058823529,1617753600000
tank_0192,5.0,1617753600000
tank_0193,6.333333333333333,1617753600000
tank_0195,4.0,1617753600000
tank_0199,0.0,1617753600000
tank_0204,0.0,1617753600000
tank_0205,8.701960784313727,1617753600000
tank_0207,0.0,1617753600000
tank_0209,0.0,1617753600000
tank_0213,0.18823529411764706,1617753600000
tank_0217,0.0,1617753600000
tank_0220,4.0,1617753600000
tank_0221,2.2666666666666666,1617753600000
tank_0225,0.0,1617753600000
tank_0226,15.0,1617753600000
tank_0228,0.0,1617753600000
tank_0229,0.0,1617753600000
tank_0231,2.3607843137254902,1617753600000
tank_0233,0.0,1617753600000
tank_0236,0.0,1617753600000
tank_0237,0.0,1617753600000
tank_0240,1.5843137254901962,1617753600000
tank_0242,0.0,1617753600000
tank_0245,0.0,1617753600000
tank_0247,32.94901960784314,1617753600000
tank_0256,6.443137254901961,1617753600000
tank_0257,0.0,1617753600000
tank_0260,3.196078431372549,1617753600000
tank_0261,0.0,1617753600000
tank_0264,0.0,1617753600000
tank_0273,0.0,1617753600000
tank_0276,0.0,1617753600000
tank_0278,3.0,1617753600000
tank_0280,0.0,1617753600000
tank_0291,0.0,1617753600000
tank_0292,34.50588235294118,1617753600000
tank_0296,0.0,1617753600000
tank_0297,0.0,1617753600000
tank_0299,9.176470588235295,1617753600000
tank_0300,5.596078431372549,1617753600000
tank_0301,6.117647058823529,1617753600000
tank_0307,0.0,1617753600000
tank_0309,0.0,1617753600000
tank_0313,0.0,1617753600000
tank_0314,9.843137254901961,1617753600000
tank_0319,0.0,1617753600000
tank_0321,6.0549019607843135,1617753600000
tank_0327,1.8039215686274508,1617753600000
tank_0337,2.6509803921568627,1617753600000
tank_0338,1.0,1617753600000
tank_0339,41.24313725490196,1617753600000
tank_0342,14.419607843137255,1617753600000
tank_0345,0.0,1617753600000
tank_0346,0.0,1617753600000
tank_0349,1.6431372549019607,1617753600000
tank_0350,0.5333333333333333,1617753600000
tank_0353,54.160784313725486,1617753600000
tank_0356,0.0,1617753600000
tank_0360,2.0,1617753600000
tank_0361,3.376470588235294,1617753600000
tank_0362,0.0,1617753600000
tank_0364,0.0,1617753600000
tank_0366,10.28235294117647,1617753600000
tank_0369,0.0,1617753600000
tank_0375,0.0,1617753600000
tank_0379,88.34901960784315,1617753600000
tank_0381,0.0,1617753600000
tank_0386,2.0,1617753600000
tank_0390,0.0,1617753600000
tank_0397,0.10196078431372549,1617753600000
tank_0399,0.0,1617753600000
tank_0404,0.0,1617753600000
tank_0409,0.0,1617753600000
tank_0420,0.050980392156862744,1617753600000
tank_0425,0.0,1617753600000
tank_0431,0.0,1617753600000
tank_0432,0.0,1617753600000
tank_0435,0.0,1617753600000
tank_0436,0.0,1617753600000
tank_0438,0.996078431372549,1617753600000
tank_0443,0.0,1617753600000
tank_0444,0.0,1617753600000
tank_0447,36.42745098039215,1617753600000
tank_0448,0.0,1617753600000
tank_0449,0.0,1617753600000
tank_0455,6.976470588235294,1617753600000
tank_0460,0.0,1617753600000
tank_0462,0.0,1617753600000
tank_0466,0.0,1617753600000
tank_0471,0.0,1617753600000
tank_0473,5.258823529411765,1617753600000
tank_0474,5.266666666666667,1617753600000
tank_0481,47.980392156862756,1617753600000
tank_0485,0.0,1617753600000
tank_0489,0.0,1617753600000
tank_0491,0.0,1617753600000
tank_0494,4.411764705882353,1617753600000
tank_0497,0.0,1617753600000
tank_0498,0.0,1617753600000
tank_0502,0.0,1617753600000
tank_0505,3.0,1617753600000
tank_0509,0.0,1617753600000
tank_0512,8.0,1617753600000
tank_0514,0.0,1617753600000
tank_0515,0.0,1617753600000
tank_0521,0.0,1617753600000
tank_0524,0.0,1617753600000
tank_0526,21.0,1617753600000
tank_0533,0.0,1617753600000
tank_0534,0.0,1617753600000
tank_0536,0.0,1617753600000
tank_0537,0.0,1617753600000
tank_0541,5.0,1617753600000
tank_0547,0.0,1617753600000
tank_0552,3.0,1617753600000
tank_0555,0.0,1617753600000
tank_0556,2.9450980392156865,1617753600000
tank_0557,7.490196078431373,1617753600000
tank_0560,0.0,1617753600000
tank_0561,0.0,1617753600000
tank_0566,0.0,1617753600000
tank_0567,0.0,1617753600000
tank_0568,23.937254901960788,1617753600000
tank_0574,0.0,1617753600000
tank_0579,0.0,1617753600000
tank_0583,0.0,1617753600000
tank_0587,0.0,1617753600000
tank_0589,0.0,1617753600000
tank_0590,5.0,1617753600000
tank_0592,0.0,1617753600000
tank_0593,0.0,1617753600000
tank_0595,0.0,1617753600000
tank_0600,5.552941176470589,1617753600000
tank_0604,0.0,1617753600000
tank_0606,0.0,1617753600000
tank_0607,12.811764705882352,1617753600000
tank_0608,0.0,1617753600000
tank_0610,0.0,1617753600000
tank_0611,0.0,1617753600000
tank_0612,2.6588235294117646,1617753600000
tank_0613,0.0,1617753600000
tank_0619,0.0,1617753600000
tank_0626,0.0,1617753600000
tank_0627,0.0,1617753600000
tank_0628,0.0,1617753600000
tank_0632,8.529411764705882,1617753600000
tank_0633,0.0,1617753600000
tank_0639,0.0,1617753600000
tank_0640,0.0,1617753600000
tank_0641,0.0,1617753600000
tank_0643,9.580392156862745,1617753600000
tank_0646,0.0,1617753600000
tank_0663,0.0,1617753600000
tank_0664,0.0,1617753600000
tank_0666,9.623529411764707,1617753600000
tank_0667,0.0,1617753600000
tank_0670,0.0,1617753600000
tank_0675,0.13725490196078433,1617753600000
tank_0676,0.0,1617753600000
tank_0678,8.168627450980392,1617753600000
tank_0681,0.0,1617753600000
tank_0687,0.0,1617753600000
tank_0688,0.0,1617753600000
tank_0697,0.9058823529411765,1617753600000
tank_0720,3.2549019607843137,1617753600000
tank_0722,4.0,1617753600000
tank_0724,6.317647058823529,1617753600000
tank_0725,0.0,1617753600000
tank_0728,2.0470588235294116,1617753600000
tank_0730,0.0,1617753600000
tank_0731,0.0,1617753600000
tank_0732,0.0,1617753600000
tank_0737,0.0,1617753600000
tank_0739,0.0,1617753600000
tank_0740,18.84705882352941,1617753600000
tank_0746,0.0,1617753600000
tank_0748,0.9019607843137255,1617753600000
tank_0749,5.580392156862745,1617753600000
tank_0752,5.0,1617753600000
tank_0760,0.0,1617753600000
tank_0770,0.27058823529411763,1617753600000
tank_0772,6.749019607843137,1617753600000
tank_0788,0.0,1617753600000
tank_0789,30.250980392156862,1617753600000
tank_0792,116.30980392156862,1617753600000
tank_0797,0.0,1617753600000
tank_0800,1.0,1617753600000
tank_0802,0.0,1617753600000
tank_0803,0.0,1617753600000
tank_0808,4.780392156862745,1617753600000
tank_0810,0.0,1617753600000
tank_0811,9.192156862745097,1617753600000
tank_0812,0.0,1617753600000
tank_0813,0.0,1617753600000
tank_0816,0.43137254901960786,1617753600000
tank_0819,0.0,1617753600000
tank_0823,0.0,1617753600000
tank_0824,56.0,1617753600000
tank_0825,0.0,1617753600000
tank_0828,0.0,1617753600000
tank_0829,34.984313725490196,1617753600000
tank_0830,0.0,1617753600000
tank_0831,10.600000000000001,1617753600000
tank_0844,0.0,1617753600000
tank_0852,3.4980392156862745,1617753600000
tank_0855,0.0,1617753600000
tank_0856,720.8980392156863,1617753600000
tank_0860,0.615686274509804,1617753600000
tank_0861,0.0,1617753600000
tank_0872,0.0,1617753600000
tank_0875,0.0,1617753600000
tank_0879,0.0,1617753600000
tank_0885,0.0,1617753600000
tank_0891,0.0,1617753600000
tank_0894,1133.0,1617753600000
tank_0898,406.0,1617753600000
tank_0900,7.023529411764706,1617753600000
tank_0901,32.36078431372549,1617753600000
tank_0902,42.0,1617753600000
tank_0914,0.0,1617753600000
tank_0917,365.0,1617753600000
tank_0919,0.0,1617753600000
tank_0920,3.0,1617753600000
tank_0922,30.0,1617753600000
tank_0923,0.0,1617753600000
tank_0924,0.0,1617753600000
tank_0926,3.0,1617753600000
tank_0927,2.0,1617753600000
tank_0928,0.0,1617753600000
tank_0930,77.0,1617753600000
tank_0931,0.0,1617753600000
tank_0933,0.0,1617753600000
tank_0934,0.0,1617753600000
tank_0937,0.0,1617753600000
tank_0938,0.0,1617753600000
tank_0939,0.0,1617753600000
tank_0944,0.0,1617753600000
tank_0946,0.0,1617753600000
tank_0952,0.2980392156862745,1617753600000
tank_0958,0.0,1617753600000
tank_0962,465.0,1617753600000
tank_0967,0.9215686274509804,1617753600000
tank_0975,0.0,1617753600000
tank_0978,0.0,1617753600000
tank_0990,0.0,1617753600000
tank_0991,434.49411764705883,1617753600000
tank_0998,0.0,1617753600000
tank_0999,21.713725490196076,1617753600000
tank_1003,214.0,1617753600000
tank_1004,21.0,1617753600000
tank_1014,0.0,1617753600000
tank_1026,145.0,1617753600000
tank_1031,33.0,1617753600000
tank_1032,8.466666666666667,1617753600000
tank_1034,0.0,1617753600000
tank_1042,39.0,1617753600000
tank_1045,0.0,1617753600000
tank_1049,3.0,1617753600000
tank_1055,1.0,1617753600000
tank_1061,0.0,1617753600000
tank_1062,3.8745098039215686,1617753600000
tank_1064,0.0,1617753600000
tank_1065,0.0,1617753600000
tank_1066,5.372549019607844,1617753600000
tank_1070,11.0,1617753600000
tank_1073,32.0,1617753600000
tank_1083,234.0,1617753600000
tank_1086,1.0,1617753600000
tank_1088,0.0,1617753600000
tank_1089,14.0,1617753600000
tank_1090,6.0,1617753600000
tank_1091,0.0,1617753600000
tank_1094,1030.0,1617753600000
tank_1095,12.75294117647059,1617753600000
tank_1104,1.0,1617753600000
tank_1113,21.0,1617753600000
tank_1116,0.0,1617753600000
tank_1117,0.0,1617753600000
tank_1120,154.0,1617753600000
tank_1121,342.21568627450984,1617753600000
tank_1124,14.964705882352941,1617753600000
tank_1128,63.0,1617753600000
tank_1134,0.0,1617753600000
tank_1135,22.0,1617753600000
tank_1146,27.0,1617753600000
tank_1149,2.588235294117647,1617753600000
tank_1156,0.0,1617753600000
tank_1157,11.235294117647062,1617753600000
tank_1159,123.0,1617753600000
tank_1160,371.0,1617753600000
tank_1166,0.0,1617753600000
tank_1170,3.243137254901961,1617753600000
tank_1175,0.0,1617753600000
tank_1177,0.0,1617753600000
tank_1179,0.0,1617753600000
tank_1181,183.3921568627451,1617753600000
tank_1186,44.0,1617753600000
tank_1187,42.47450980392157,1617753600000
tank_1190,19.0,1617753600000
tank_1192,0.0,1617753600000
tank_1196,0.0,1617753600000
tank_1197,1666.0,1617753600000
tank_1201,92.0,1617753600000
tank_1203,0.396078431372549,1617753600000
tank_1205,191.0,1617753600000
tank_1209,332.0,1617753600000
tank_1217,0.2392156862745098,1617753600000
tank_1223,0.0,1617753600000
tank_1226,0.0,1617753600000
tank_1228,29.0,1617753600000
tank_1230,0.0,1617753600000
tank_1237,2.0,1617753600000
tank_1239,646.0,1617753600000
tank_1245,0.0,1617753600000
tank_1246,55.0,1617753600000
tank_1250,0.0,1617753600000
tank_1254,756.0,1617753600000
tank_1255,1.0470588235294118,1617753600000
tank_1258,28.0,1617753600000
tank_1261,0.0,1617753600000
tank_1262,5.7176470588235295,1617753600000
tank_1263,0.0,1617753600000
tank_1265,10.0,1617753600000
tank_1270,20.0,1617753600000
tank_1272,1.996078431372549,1617753600000
tank_1275,0.0,1617753600000
tank_1276,42.0,1617753600000
tank_1279,10.992156862745098,1617753600000
tank_1280,0.0,1617753600000
tank_1284,0.0,1617753600000
tank_1285,0.0,1617753600000
tank_1286,30.0,1617753600000
tank_1290,3.0,1617753600000
tank_1291,0.0,1617753600000
tank_1293,35.0,1617753600000
tank_1295,0.4196078431372549,1617753600000
tank_1297,50.0,1617753600000
tank_1301,77.0,1617753600000
tank_1302,12.0,1617753600000
tank_1304,0.0,1617753600000
tank_1305,0.0,1617753600000
tank_1313,472.0,1617753600000
tank_1322,0.0,1617753600000
tank_1325,144.94901960784313,1617753600000
tank_1326,0.0,1617753600000
tank_1344,4.0,1617753600000
tank_1346,7.874509803921569,1617753600000
tank_1349,0.0,1617753600000
tank_1353,409.0,1617753600000
tank_1358,0.0,1617753600000
tank_1359,0.0,1617753600000
tank_1361,199.0,1617753600000
tank_1364,864.0,1617753600000
tank_1365,0.0,1617753600000
tank_1372,14.0,1617753600000
tank_1374,147.0,1617753600000
tank_1378,457.8666666666667,1617753600000
tank_1380,12.0,1617753600000
tank_1386,64.0,1617753600000
tank_1391,1.0,1617753600000
tank_1393,0.0,1617753600000
tank_1396,13.0,1617753600000
tank_1397,0.0,1617753600000
tank_1403,0.0,1617753600000
tank_1409,0.0,1617753600000
tank_1412,0.0,1617753600000
tank_1415,0.0,1617753600000
tank_1416,0.0,1617753600000
tank_1421,168.0,1617753600000
tank_1422,0.0,1617753600000
tank_1425,588.0,1617753600000
tank_1426,3.0,1617753600000
tank_1430,0.0,1617753600000
tank_1433,328.0,1617753600000
tank_1438,0.0,1617753600000
tank_1439,0.0,1617753600000
tank_1441,0.0,1617753600000
tank_1443,0.0,1617753600000
tank_1445,12.0,1617753600000
tank_1446,2.0,1617753600000
tank_1450,3.0901960784313722,1617753600000
tank_1452,0.0,1617753600000
tank_1456,0.0,1617753600000
tank_1466,0.0,1617753600000
tank_1471,0.0,1617753600000
tank_1475,472.0,1617753600000
tank_1486,1126.0,1617753600000
tank_1488,3.0,1617753600000
tank_1491,0.0,1617753600000
tank_1500,0.0,1617753600000
tank_1505,525.0,1617753600000
tank_1513,676.0,1617753600000
tank_1531,16.0,1617753600000
tank_1536,4.0,1617753600000
tank_1539,334.0,1617753600000
tank_1541,4.0,1617753600000
tank_1542,0.0,1617753600000
tank_1547,125.0,1617753600000
tank_1563,4.0,1617753600000
tank_1564,0.0,1617753600000
tank_1565,380.0,1617753600000
tank_1567,31.92549019607843,1617753600000
tank_1568,0.0,1617753600000
tank_1573,1.0,1617753600000
tank_1583,0.0,1617753600000
tank_1587,192.0,1617753600000
tank_1588,0.0,1617753600000
tank_1592,9.64313725490196,1617753600000
tank_1594,62.0,1617753600000
tank_1595,0.0,1617753600000
tank_1597,127.74901960784314,1617753600000
tank_1598,0.0,1617753600000
tank_1600,13.109803921568627,1617753600000
tank_1604,0.0,1617753600000
tank_0002,2.5411764705882356,1618790400000
tank_0004,1.0470588235294118,1618790400000
tank_0005,0.0,1618790400000
tank_0011,0.0,1618790400000
tank_0014,34.917647058823526,1618790400000
tank_0019,10.0,1618790400000
tank_0024,24.450980392156858,1618790400000
tank_0025,4.0,1618790400000
tank_0026,13.168627450980392,1618790400000
tank_0027,0.0,1618790400000
tank_0030,3.7490196078431373,1618790400000
tank_0031,0.0,1618790400000
tank_0036,2.0,1618790400000
tank_0037,2.392156862745098,1618790400000
tank_0038,35.490196078431374,1618790400000
tank_0050,5.6078431372549025,1618790400000
tank_0051,0.0,1618790400000
tank_0052,6.0,1618790400000
tank_0053,141.09019607843135,1618790400000
tank_0055,3.3529411764705883,1618790400000
tank_0057,6.0,1618790400000
tank_0058,11.47058823529412,1618790400000
tank_0064,24.85882352941176,1618790400000
tank_0069,5.003921568627451,1618790400000
tank_0072,0.0,1618790400000
tank_0073,2.0,1618790400000
tank_0080,14.0,1618790400000
tank_0094,0.0,1618790400000
tank_0107,4.317647058823529,1618790400000
tank_0110,23.0,1618790400000
tank_0113,59.431372549019606,1618790400000
tank_0115,3.984313725490196,1618790400000
tank_0116,0.0,1618790400000
tank_0117,29.0,1618790400000
tank_0118,0.0,1618790400000
tank_0122,0.0,1618790400000
tank_0125,7.0,1618790400000
tank_0130,4.050980392156863,1618790400000
tank_0131,0.0,1618790400000
tank_0132,0.0,1618790400000
tank_0134,1.0,1618790400000
tank_0135,0.0,1618790400000
tank_0142,12.0,1618790400000
tank_0143,0.0,1618790400000
tank_0144,0.0,1618790400000
tank_0148,10.733333333333333,1618790400000
tank_0153,4.0,1618790400000
tank_0156,66.7686274509804,1618790400000
tank_0159,32.40784313725491,1618790400000
tank_0165,13.984313725490196,1618790400000
tank_0171,1.0,1618790400000
tank_0172,0.0,1618790400000
tank_0174,6.937254901960785,1618790400000
tank_0176,21.0,1618790400000
tank_0184,2.372549019607843,1618790400000
tank_0187,4.070588235294117,1618790400000
tank_0190,3.1333333333333333,1618790400000
tank_0192,3.3019607843137253,1618790400000
tank_0193,8.070588235294117,1618790400000
tank_0195,10.427450980392157,1618790400000
tank_0199,14.329411764705883,1618790400000
tank_0204,0.0,1618790400000
tank_0205,1.2509803921568627,1618790400000
tank_0207,1.3764705882352941,1618790400000
tank_0209,2.2666666666666666,1618790400000
tank_0213,0.0,1618790400000
tank_0217,0.0,1618790400000
tank_0220,1.0,1618790400000
tank_0221,0.0,1618790400000
tank_0225,0.0,1618790400000
tank_0226,10.188235294117646,1618790400000
tank_0228,0.0,1618790400000
tank_0229,0.0,1618790400000
tank_0231,6.976470588235294,1618790400000
tank_0233,0.0,1618790400000
tank_0236,0.0,1618790400000
tank_0237,0.0,1618790400000
tank_0240,0.0,1618790400000
tank_0242,0.0,1618790400000
tank_0245,4.576470588235294,1618790400000
tank_0247,14.0,1618790400000
tank_0256,1.435294117647059,1618790400000
tank_0257,5.972549019607843,1618790400000
tank_0260,2.4980392156862745,1618790400000
tank_0261,0.0,1618790400000
tank_0264,0.0,1618790400000
tank_0273,0.0,1618790400000
tank_0276,0.4980392156862745,1618790400000
tank_0278,7.298039215686275,1618790400000
tank_0280,0.2196078431372549,1618790400000
tank_0291,0.0,1618790400000
tank_0292,76.81568627450982,1618790400000
tank_0296,0.0,1618790400000
tank_0297,0.6901960784313725,1618790400000
tank_0299,27.603921568627452,1618790400000
tank_0300,19.454901960784312,1618790400000
tank_0301,6.007843137254902,1618790400000
tank_0307,2.0,1618790400000
tank_0309,0.0,1618790400000
tank_0313,3.2823529411764705,1618790400000
tank_0314,6.450980392156863,1618790400000
tank_0319,0.0,1618790400000
tank_0321,3.2980392156862743,1618790400000
tank_0327,1.0,1618790400000
tank_0337,0.0,1618790400000
tank_0338,1.0,1618790400000
tank_0339,27.48235294117647,1618790400000
tank_0342,4.0,1618790400000
tank_0345,7.098039215686276,1618790400000
tank_0346,0.0,1618790400000
tank_0349,3.8588235294117648,1618790400000
tank_0350,0.0,1618790400000
tank_0353,66.84705882352941,1618790400000
tank_0356,0.0,1618790400000
tank_0360,0.06274509803921569,1618790400000
tank_0361,4.1568627450980395,1618790400000
tank_0362,1.7607843137254902,1618790400000
tank_0364,8.39607843137255,1618790400000
tank_0366,27.815686274509805,1618790400000
tank_0369,0.0,1618790400000
tank_0375,7.1568627450980395,1618790400000
tank_0379,87.83529411764707,1618790400000
tank_0381,0.0,1618790400000
tank_0386,0.0,1618790400000
tank_0390,2.0,1618790400000
tank_0397,3.3529411764705883,1618790400000
tank_0399,0.0,1618790400000
tank_0404,4.192156862745098,1618790400000
tank_0409,0.0,1618790400000
tank_0420,0.0,1618790400000
tank_0425,2.72156862745098,1618790400000
tank_0431,0.0,1618790400000
tank_0432,0.0,1618790400000
tank_0435,0.0,1618790400000
tank_0436,0.0,1618790400000
tank_0438,1.7058823529411764,1618790400000
tank_0443,4.796078431372549,1618790400000
tank_0444,0.0,1618790400000
tank_0447,64.66274509803922,1618790400000
tank_0448,1.3725490196078431,1618790400000
tank_0449,0.0,1618790400000
tank_0455,19.011764705882353,1618790400000
tank_0460,0.0,1618790400000
tank_0462,0.0,1618790400000
tank_0466,0.4980392156862745,1618790400000
tank_0471,0.0,1618790400000
tank_0473,8.858823529411763,1618790400000
tank_0474,0.0196078431372549,1618790400000
tank_0481,66.70196078431374,1618790400000
tank_0485,0.0,1618790400000
tank_0489,0.0,1618790400000
tank_0491,2.0,1618790400000
tank_0494,15.0,1618790400000
tank_0497,3.784313725490196,1618790400000
tank_0498,0.8470588235294116,1618790400000
tank_0502,0.0,1618790400000
tank_0505,16.87450980392157,1618790400000
tank_0509,0.0,1618790400000
tank_0512,0.0,1618790400000
tank_0514,0.0,1618790400000
tank_0515,0.0,1618790400000
tank_0521,0.0,1618790400000
tank_0524,0.0,1618790400000
tank_0526,20.0,1618790400000
tank_0533,0.0,1618790400000
tank_0534,3.56078431372549,1618790400000
tank_0536,0.0,1618790400000
tank_0537,0.0,1618790400000
tank_0541,0.0,1618790400000
tank_0547,7.317647058823528,1618790400000
tank_0552,0.0,1618790400000
tank_0555,0.0,1618790400000
tank_0556,6.219607843137255,1618790400000
tank_0557,0.14509803921568626,1618790400000
tank_0560,4.0,1618790400000
tank_0561,3.662745098039216,1618790400000
tank_0566,0.0,1618790400000
tank_0567,0.0,1618790400000
tank_0568,38.537254901960786,1618790400000
tank_0574,0.0,1618790400000
tank_0579,0.0,1618790400000
tank_0583,0.0,1618790400000
tank_0587,0.0,1618790400000
tank_0589,0.0,1618790400000
tank_0590,6.635294117647058,1618790400000
tank_0592,6.6196078431372545,1618790400000
tank_0593,0.0,1618790400000
tank_0595,0.0,1618790400000
tank_0600,13.721568627450981,1618790400000
tank_0604,4.0,1618790400000
tank_0606,4.733333333333333,1618790400000
tank_0607,13.890196078431371,1618790400000
tank_0608,0.0,1618790400000
tank_0610,0.0,1618790400000
tank_0611,3.0,1618790400000
tank_0612,0.058823529411764705,1618790400000
tank_0613,4.0,1618790400000
tank_0619,0.0,1618790400000
tank_0626,0.0,1618790400000
tank_0627,0.0,1618790400000
tank_0628,0.0,1618790400000
tank_0632,12.529411764705882,1618790400000
tank_0633,0.45882352941176474,1618790400000
tank_0639,4.0,1618790400000
tank_0640,1.3725490196078431,1618790400000
tank_0641,1.0,1618790400000
tank_0643,20.835294117647056,1618790400000
tank_0646,0.0,1618790400000
tank_0663,2.0,1618790400000
tank_0664,0.0,1618790400000
tank_0666,5.137254901960784,1618790400000
tank_0667,4.435294117647059,1618790400000
tank_0670,0.0,1618790400000
tank_0675,0.0,1618790400000
tank_0676,0.0,1618790400000
tank_0678,3.5019607843137255,1618790400000
tank_0681,0.0,1618790400000
tank_0687,0.0,1618790400000
tank_0688,0.0,1618790400000
tank_0697,5.305882352941176,1618790400000
tank_0720,4.713725490196079,1618790400000
tank_0722,4.682352941176471,1618790400000
tank_0724,6.0,1618790400000
tank_0725,0.0,1618790400000
tank_0728,7.698039215686275,1618790400000
tank_0730,1.8509803921568628,1618790400000
tank_0731,0.0,1618790400000
tank_0732,8.0,1618790400000
tank_0737,0.0,1618790400000
tank_0739,9.286274509803922,1618790400000
tank_0740,77.43921568627451,1618790400000
tank_0746,0.0,1618790400000
tank_0748,1.0,1618790400000
tank_0749,10.694117647058825,1618790400000
tank_0752,4.145098039215686,1618790400000
tank_0760,4.0,1618790400000
tank_0770,3.537254901960784,1618790400000
tank_0772,2.8862745098039215,1618790400000
tank_0788,0.0,1618790400000
tank_0789,45.745098039215684,1618790400000
tank_0792,216.07450980392147,1618790400000
tank_0797,0.0,1618790400000
tank_0800,2.0,1618790400000
tank_0802,9.862745098039216,1618790400000
tank_0803,1.4941176470588236,1618790400000
tank_0808,8.36078431372549,1618790400000
tank_0810,0.0,1618790400000
tank_0811,9.854901960784314,1618790400000
tank_0812,0.0,1618790400000
tank_0813,0.0,1618790400000
tank_0816,0.0,1618790400000
tank_0819,0.0,1618790400000
tank_0823,0.0,1618790400000
tank_0824,37.0,1618790400000
tank_0825,0.0,1618790400000
tank_0828,0.0,1618790400000
tank_0829,27.984313725490196,1618790400000
tank_0830,0.0,1618790400000
tank_0831,43.81960784313725,1618790400000
tank_0844,6.047058823529412,1618790400000
tank_0852,5.0,1618790400000
tank_0855,0.0,1618790400000
tank_0856,7.0,1618790400000
tank_0860,3.9568627450980394,1618790400000
tank_0861,0.0,1618790400000
tank_0872,0.0,1618790400000
tank_0875,0.0,1618790400000
tank_0879,0.0,1618790400000
tank_0885,0.0,1618790400000
tank_0891,0.0,1618790400000
tank_0894,1.0,1618790400000
tank_0898,12.0,1618790400000
tank_0900,13.705882352941178,1618790400000
tank_0901,25.0,1618790400000
tank_0902,0.0,1618790400000
tank_0914,0.0,1618790400000
tank_0917,9.0,1618790400000
tank_0919,0.0,1618790400000
tank_0920,0.0,1618790400000
tank_0922,4.0,1618790400000
tank_0923,0.0,1618790400000
tank_0924,1.9372549019607843,1618790400000
tank_0926,0.0,1618790400000
tank_0927,0.0,1618790400000
tank_0928,0.0,1618790400000
tank_0930,27.0,1618790400000
tank_0931,0.0,1618790400000
tank_0933,0.0,1618790400000
tank_0934,1.0,1618790400000
tank_0937,0.0,1618790400000
tank_0938,0.0,1618790400000
tank_0939,0.0,1618790400000
tank_0944,0.0,1618790400000
tank_0946,0.0,1618790400000
tank_0952,0.0,1618790400000
tank_0958,0.0,1618790400000
tank_0962,17.0,1618790400000
tank_0967,3.764705882352941,1618790400000
tank_0975,0.0,1618790400000
tank_0978,0.0,1618790400000
tank_0990,0.0,1618790400000
tank_0991,28.0,1618790400000
tank_0998,0.0,1618790400000
tank_0999,26.52156862745097,1618790400000
tank_1003,291.0,1618790400000
tank_1004,18.92156862745098,1618790400000
tank_1014,0.0,1618790400000
tank_1026,82.0,1618790400000
tank_1031,18.866666666666667,1618790400000
tank_1032,7.803921568627451,1618790400000
tank_1034,0.0,1618790400000
tank_1042,38.898039215686275,1618790400000
tank_1045,0.0,1618790400000
tank_1049,5.0,1618790400000
tank_1055,4.537254901960784,1618790400000
tank_1061,0.0,1618790400000
tank_1062,0.0,1618790400000
tank_1064,0.0,1618790400000
tank_1065,0.8274509803921569,1618790400000
tank_1066,5.580392156862745,1618790400000
tank_1070,10.0,1618790400000
tank_1073,18.0,1618790400000
tank_1083,152.0,1618790400000
tank_1086,8.0,1618790400000
tank_1088,8.945098039215686,1618790400000
tank_1089,10.0,1618790400000
tank_1090,0.0,1618790400000
tank_1091,0.9647058823529411,1618790400000
tank_1094,107.0,1618790400000
tank_1095,15.525490196078431,1618790400000
tank_1104,2.796078431372549,1618790400000
tank_1113,32.0,1618790400000
tank_1116,0.0,1618790400000
tank_1117,0.0,1618790400000
tank_1120,127.0,1618790400000
tank_1121,46.0,1618790400000
tank_1124,20.0,1618790400000
tank_1128,13.0,1618790400000
tank_1134,0.3607843137254902,1618790400000
tank_1135,15.890196078431373,1618790400000
tank_1146,11.498039215686276,1618790400000
tank_1149,8.192156862745097,1618790400000
tank_1156,0.0,1618790400000
tank_1157,15.780392156862748,1618790400000
tank_1159,91.0,1618790400000
tank_1160,618.0,1618790400000
tank_1166,1.1019607843137256,1618790400000
tank_1170,10.24313725490196,1618790400000
tank_1175,0.0,1618790400000
tank_1177,0.03529411764705882,1618790400000
tank_1179,2.0,1618790400000
tank_1181,190.72156862745098,1618790400000
tank_1186,30.498039215686276,1618790400000
tank_1187,34.35686274509804,1618790400000
tank_1190,11.780392156862746,1618790400000
tank_1192,0.0,1618790400000
tank_1196,3.0,1618790400000
tank_1197,691.9921568627451,1618790400000
tank_1201,38.0,1618790400000
tank_1203,0.0,1618790400000
tank_1205,159.0,1618790400000
tank_1209,121.0,1618790400000
tank_1217,14.439215686274506,1618790400000
tank_1223,0.0,1618790400000
tank_1226,0.0,1618790400000
tank_1228,16.0,1618790400000
tank_1230,0.0,1618790400000
tank_1237,0.0,1618790400000
tank_1239,542.9176470588235,1618790400000
tank_1245,0.0,1618790400000
tank_1246,34.0,1618790400000
tank_1250,0.0,1618790400000
tank_1254,1060.0,1618790400000
tank_1255,13.505882352941176,1618790400000
tank_1258,16.0,1618790400000
tank_1261,0.0,1618790400000
tank_1262,5.5058823529411764,1618790400000
tank_1263,0.0,1618790400000
tank_1265,3.0,1618790400000
tank_1270,9.0,1618790400000
tank_1272,0.0,1618790400000
tank_1275,0.0,1618790400000
tank_1276,75.0,1618790400000
tank_1279,15.0,1618790400000
tank_1280,0.0,1618790400000
tank_1284,0.0,1618790400000
tank_1285,0.0,1618790400000
tank_1286,30.0,1618790400000
tank_1290,4.0,1618790400000
tank_1291,0.0,1618790400000
tank_1293,16.0,1618790400000
tank_1295,0.8274509803921568,1618790400000
tank_1297,67.0,1618790400000
tank_1301,83.0,1618790400000
tank_1302,6.0,1618790400000
tank_1304,2.3960784313725494,1618790400000
tank_1305,0.0,1618790400000
tank_1313,358.0,1618790400000
tank_1322,0.0,1618790400000
tank_1325,111.99607843137255,1618790400000
tank_1326,0.0,1618790400000
tank_1344,6.588235294117647,1618790400000
tank_1346,11.458823529411765,1618790400000
tank_1349,1.6274509803921569,1618790400000
tank_1353,285.0,1618790400000
tank_1358,0.0,1618790400000
tank_1359,0.0,1618790400000
tank_1361,202.0,1618790400000
tank_1364,937.0,1618790400000
tank_1365,0.0,1618790400000
tank_1372,9.0,1618790400000
tank_1374,138.0,1618790400000
tank_1378,424.0,1618790400000
tank_1380,5.0,1618790400000
tank_1386,43.0,1618790400000
tank_1391,0.0,1618790400000
tank_1393,0.0,1618790400000
tank_1396,7.0,1618790400000
tank_1397,0.0,1618790400000
tank_1403,0.0,1618790400000
tank_1409,0.0,1618790400000
tank_1412,0.0,1618790400000
tank_1415,0.0,1618790400000
tank_1416,0.0,1618790400000
tank_1421,149.0,1618790400000
tank_1422,3.8627450980392157,1618790400000
tank_1425,590.0,1618790400000
tank_1426,0.0,1618790400000
tank_1430,0.0,1618790400000
tank_1433,282.0,1618790400000
tank_1438,0.0,1618790400000
tank_1439,2.0,1618790400000
tank_1441,0.0,1618790400000
tank_1443,0.0,1618790400000
tank_1445,14.0,1618790400000
tank_1446,0.0,1618790400000
tank_1450,3.16078431372549,1618790400000
tank_1452,0.0,1618790400000
tank_1456,4.764705882352941,1618790400000
tank_1466,5.0,1618790400000
tank_1471,8.0,1618790400000
tank_1475,459.0,1618790400000
tank_1486,1163.0,1618790400000
tank_1488,0.0,1618790400000
tank_1491,0.0,1618790400000
tank_1500,0.0,1618790400000
tank_1505,508.0,1618790400000
tank_1513,720.6235294117647,1618790400000
tank_1531,5.0,1618790400000
tank_1536,0.0,1618790400000
tank_1539,535.0,1618790400000
tank_1541,0.0,1618790400000
tank_1542,0.0,1618790400000
tank_1547,196.0,1618790400000
tank_1563,3.0,1618790400000
tank_1564,0.0,1618790400000
tank_1565,657.0,1618790400000
tank_1567,32.92549019607843,1618790400000
tank_1568,0.0,1618790400000
tank_1573,2.0,1618790400000
tank_1583,0.0,1618790400000
tank_1587,840.0,1618790400000
tank_1588,5.0,1618790400000
tank_1592,10.0,1618790400000
tank_1594,71.0,1618790400000
tank_1595,0.0,1618790400000
tank_1597,109.6,1618790400000
tank_1598,0.0,1618790400000
tank_1600,12.929411764705883,1618790400000
tank_1604,0.0,1618790400000
tank_0002,0.18823529411764706,1619827200000
tank_0004,0.0,1619827200000
tank_0005,0.0,1619827200000
tank_0011,2.0,1619827200000
tank_0014,39.47450980392157,1619827200000
tank_0019,2.0,1619827200000
tank_0024,18.819607843137256,1619827200000
tank_0025,2.0,1619827200000
tank_0026,0.0,1619827200000
tank_0027,0.0,1619827200000
tank_0030,3.003921568627451,1619827200000
tank_0031,0.0,1619827200000
tank_0036,0.0,1619827200000
tank_0037,0.4117647058823529,1619827200000
tank_0038,12.35294117647059,1619827200000
tank_0050,4.141176470588235,1619827200000
tank_0051,0.0,1619827200000
tank_0052,1.5137254901960784,1619827200000
tank_0053,53.72156862745099,1619827200000
tank_0055,0.0,1619827200000
tank_0057,6.956862745098039,1619827200000
tank_0058,11.392156862745097,1619827200000
tank_0064,4.576470588235295,1619827200000
tank_0069,3.274509803921569,1619827200000
tank_0072,0.0,1619827200000
tank_0073,0.0,1619827200000
tank_0080,24.0,1619827200000
tank_0094,0.0,1619827200000
tank_0107,0.8745098039215686,1619827200000
tank_0110,21.0,1619827200000
tank_0113,52.7921568627451,1619827200000
tank_0115,0.0,1619827200000
tank_0116,2.0,1619827200000
tank_0117,0.0,1619827200000
tank_0118,0.0,1619827200000
tank_0122,0.0,1619827200000
tank_0125,5.0,1619827200000
tank_0130,2.7411764705882353,1619827200000
tank_0131,0.0,1619827200000
tank_0132,0.0,1619827200000
tank_0134,3.0,1619827200000
tank_0135,4.0,1619827200000
tank_0142,15.67450980392157,1619827200000
tank_0143,0.0,1619827200000
tank_0144,0.0,1619827200000
tank_0148,3.454901960784314,1619827200000
tank_0153,0.0,1619827200000
tank_0156,70.59607843137255,1619827200000
tank_0159,22.580392156862747,1619827200000
tank_0165,17.023529411764706,1619827200000
tank_0171,0.0,1619827200000
tank_0172,0.0,1619827200000
tank_0174,14.792156862745097,1619827200000
tank_0176,21.0,1619827200000
tank_0184,0.0,1619827200000
tank_0187,0.12156862745098039,1619827200000
tank_0190,17.137254901960784,1619827200000
tank_0192,8.411764705882353,1619827200000
tank_0193,3.5294117647058822,1619827200000
tank_0195,15.63921568627451,1619827200000
tank_0199,16.384313725490195,1619827200000
tank_0204,0.0,1619827200000
tank_0205,4.0,1619827200000
tank_0207,0.0,1619827200000
tank_0209,0.0,1619827200000
tank_0213,0.18823529411764706,1619827200000
tank_0217,0.0,1619827200000
tank_0220,2.0,1619827200000
tank_0221,4.003921568627451,1619827200000
tank_0225,0.0,1619827200000
tank_0226,15.0,1619827200000
tank_0228,0.0,1619827200000
tank_0229,12.352941176470589,1619827200000
tank_0231,1.607843137254902,1619827200000
tank_0233,2.0,1619827200000
tank_0236,9.0,1619827200000
tank_0237,0.0,1619827200000
tank_0240,1.156862745098039,1619827200000
tank_0242,0.0,1619827200000
tank_0245,0.0,1619827200000
tank_0247,17.0,1619827200000
tank_0256,19.996078431372542,1619827200000
tank_0257,0.0,1619827200000
tank_0260,2.219607843137255,1619827200000
tank_0261,3.835294117647059,1619827200000
tank_0264,0.0,1619827200000
tank_0273,0.0,1619827200000
tank_0276,0.39215686274509803,1619827200000
tank_0278,13.847058823529412,1619827200000
tank_0280,2.0,1619827200000
tank_0291,0.0,1619827200000
tank_0292,45.90196078431373,1619827200000
tank_0296,0.0,1619827200000
tank_0297,3.3607843137254902,1619827200000
tank_0299,22.729411764705883,1619827200000
tank_0300,14.498039215686275,1619827200000
tank_0301,5.015686274509804,1619827200000
tank_0307,0.0,1619827200000
tank_0309,0.0,1619827200000
tank_0313,0.0,1619827200000
tank_0314,6.258823529411765,1619827200000
tank_0319,0.0,1619827200000
tank_0321,16.286274509803924,1619827200000
tank_0327,4.803921568627451,1619827200000
tank_0337,0.0,1619827200000
tank_0338,7.0,1619827200000
tank_0339,37.96078431372549,1619827200000
tank_0342,15.0,1619827200000
tank_0345,7.235294117647058,1619827200000
tank_0346,0.0,1619827200000
tank_0349,0.0,1619827200000
tank_0350,0.0,1619827200000
tank_0353,84.7686274509804,1619827200000
tank_0356,0.0,1619827200000
tank_0360,0.0,1619827200000
tank_0361,8.0,1619827200000
tank_0362,2.5843137254901962,1619827200000
tank_0364,7.44705882352941,1619827200000
tank_0366,31.137254901960784,1619827200000
tank_0369,0.0,1619827200000
tank_0375,0.0,1619827200000
tank_0379,78.85098039215686,1619827200000
tank_0381,7.027450980392157,1619827200000
tank_0386,0.0,1619827200000
tank_0390,6.0,1619827200000
tank_0397,0.0,1619827200000
tank_0399,2.0,1619827200000
tank_0404,0.5019607843137255,1619827200000
tank_0409,0.0,1619827200000
tank_0420,0.0,1619827200000
tank_0425,0.0,1619827200000
tank_0431,0.0,1619827200000
tank_0432,0.0,1619827200000
tank_0435,0.0,1619827200000
tank_0436,0.0,1619827200000
tank_0438,0.4196078431372549,1619827200000
tank_0443,0.9176470588235294,1619827200000
tank_0444,0.0,1619827200000
tank_0447,44.54509803921569,1619827200000
tank_0448,0.0,1619827200000
tank_0449,4.874509803921569,1619827200000
tank_0455,6.572549019607843,1619827200000
tank_0460,3.4784313725490197,1619827200000
tank_0462,0.0,1619827200000
tank_0466,2.3254901960784315,1619827200000
tank_0471,0.0,1619827200000
tank_0473,0.8784313725490196,1619827200000
tank_0474,6.0,1619827200000
tank_0481,75.8,1619827200000
tank_0485,0.0,1619827200000
tank_0489,0.25098039215686274,1619827200000
tank_0491,2.0,1619827200000
tank_0494,16.262745098039215,1619827200000
tank_0497,0.0,1619827200000
tank_0498,0.23529411764705882,1619827200000
tank_0502,0.0,1619827200000
tank_0505,8.509803921568627,1619827200000
tank_0509,2.631372549019608,1619827200000
tank_0512,3.984313725490196,1619827200000
tank_0514,0.0,1619827200000
tank_0515,0.0,1619827200000
tank_0521,0.0,1619827200000
tank_0524,3.7333333333333334,1619827200000
tank_0526,27.0,1619827200000
tank_0533,0.0,1619827200000
tank_0534,3.996078431372549,1619827200000
tank_0536,0.0,1619827200000
tank_0537,0.0,1619827200000
tank_0541,0.0,1619827200000
tank_0547,8.733333333333333,1619827200000
tank_0552,3.007843137254902,1619827200000
tank_0555,0.0,1619827200000
tank_0556,8.196078431372548,1619827200000
tank_0557,2.376470588235294,1619827200000
tank_0560,3.1647058823529415,1619827200000
tank_0561,2.0,1619827200000
tank_0566,0.0,1619827200000
tank_0567,0.0,1619827200000
tank_0568,57.2156862745098,1619827200000
tank_0574,0.0,1619827200000
tank_0579,0.0,1619827200000
tank_0583,0.0,1619827200000
tank_0587,0.0,1619827200000
tank_0589,0.0,1619827200000
tank_0590,3.0,1619827200000
tank_0592,5.0,1619827200000
tank_0593,0.0,1619827200000
tank_0595,0.0,1619827200000
tank_0600,9.321568627450981,1619827200000
tank_0604,4.0,1619827200000
tank_0606,0.0,1619827200000
tank_0607,19.890196078431366,1619827200000
tank_0608,0.0,1619827200000
tank_0610,0.0,1619827200000
tank_0611,0.0,1619827200000
tank_0612,10.24705882352941,1619827200000
tank_0613,0.0,1619827200000
tank_0619,0.0,1619827200000
tank_0626,0.0,1619827200000
tank_0627,0.0,1619827200000
tank_0628,0.0,1619827200000
tank_0632,2.0,1619827200000
tank_0633,0.0,1619827200000
tank_0639,4.6117647058823525,1619827200000
tank_0640,0.0,1619827200000
tank_0641,0.0,1619827200000
tank_0643,22.666666666666668,1619827200000
tank_0646,0.0,1619827200000
tank_0663,3.0,1619827200000
tank_0664,0.0,1619827200000
tank_0666,1.0,1619827200000
tank_0667,4.796078431372549,1619827200000
tank_0670,0.0,1619827200000
tank_0675,0.0,1619827200000
tank_0676,0.0,1619827200000
tank_0678,11.615686274509805,1619827200000
tank_0681,0.0,1619827200000
tank_0687,0.0,1619827200000
tank_0688,0.0,1619827200000
tank_0697,1.1058823529411765,1619827200000
tank_0720,3.003921568627451,1619827200000
tank_0722,0.9764705882352942,1619827200000
tank_0724,0.9215686274509803,1619827200000
tank_0725,0.0,1619827200000
tank_0728,0.0,1619827200000
tank_0730,1.3725490196078431,1619827200000
tank_0731,0.0,1619827200000
tank_0732,0.8509803921568627,1619827200000
tank_0737,0.0,1619827200000
tank_0739,4.7215686274509805,1619827200000
tank_0740,66.22745098039215,1619827200000
tank_0746,0.0,1619827200000
tank_0748,0.0,1619827200000
tank_0749,6.215686274509803,1619827200000
tank_0752,3.5098039215686274,1619827200000
tank_0760,0.6509803921568628,1619827200000
tank_0770,0.0,1619827200000
tank_0772,0.0,1619827200000
tank_0788,0.0,1619827200000
tank_0789,8.631372549019606,1619827200000
tank_0792,26.94509803921569,1619827200000
tank_0797,0.0,1619827200000
tank_0800,0.0,1619827200000
tank_0802,7.3921568627450975,1619827200000
tank_0803,0.2627450980392157,1619827200000
tank_0808,15.439215686274512,1619827200000
tank_0810,0.0,1619827200000
tank_0811,4.423529411764706,1619827200000
tank_0812,0.0,1619827200000
tank_0813,1.2,1619827200000
tank_0816,0.0,1619827200000
tank_0819,0.0,1619827200000
tank_0823,0.0,1619827200000
tank_0824,16.0,1619827200000
tank_0825,0.0,1619827200000
tank_0828,0.0,1619827200000
tank_0829,28.0,1619827200000
tank_0830,0.0,1619827200000
tank_0831,58.603921568627435,1619827200000
tank_0844,0.0,1619827200000
tank_0852,14.2,1619827200000
tank_0855,0.0,1619827200000
tank_0856,766.0,1619827200000
tank_0860,14.454901960784314,1619827200000
tank_0861,0.0,1619827200000
tank_0872,0.0,1619827200000
tank_0875,0.0,1619827200000
tank_0879,0.0,1619827200000
tank_0885,0.0,1619827200000
tank_0891,1.0,1619827200000
tank_0894,1000.0,1619827200000
tank_0898,539.0,1619827200000
tank_0900,8.988235294117647,1619827200000
tank_0901,20.764705882352942,1619827200000
tank_0902,76.0,1619827200000
tank_0914,0.0,1619827200000
tank_0917,108.0,1619827200000
tank_0919,0.0,1619827200000
tank_0920,0.6235294117647059,1619827200000
tank_0922,20.0,1619827200000
tank_0923,0.06274509803921569,1619827200000
tank_0924,9.270588235294118,1619827200000
tank_0926,0.0,1619827200000
tank_0927,0.043137254901960784,1619827200000
tank_0928,0.0,1619827200000
tank_0930,58.0,1619827200000
tank_0931,0.0,1619827200000
tank_0933,0.0,1619827200000
tank_0934,0.0,1619827200000
tank_0937,2.850980392156863,1619827200000
tank_0938,0.0,1619827200000
tank_0939,0.0,1619827200000
tank_0944,0.0,1619827200000
tank_0946,0.0,1619827200000
tank_0952,3.780392156862745,1619827200000
tank_0958,0.0,1619827200000
tank_0962,245.0,1619827200000
tank_0967,0.17254901960784313,1619827200000
tank_0975,0.0,1619827200000
tank_0978,0.0,1619827200000
tank_0990,0.0,1619827200000
tank_0991,256.0,1619827200000
tank_0998,0.0,1619827200000
tank_0999,12.564705882352943,1619827200000
tank_1003,640.0,1619827200000
tank_1004,15.870588235294118,1619827200000
tank_1014,0.0,1619827200000
tank_1026,141.0,1619827200000
tank_1031,30.0,1619827200000
tank_1032,8.909803921568628,1619827200000
tank_1034,0.0,1619827200000
tank_1042,28.615686274509805,1619827200000
tank_1045,0.0,1619827200000
tank_1049,2.0,1619827200000
tank_1055,0.00784313725490196,1619827200000
tank_1061,0.0,1619827200000
tank_1062,1.0,1619827200000
tank_1064,0.0,1619827200000
tank_1065,2.8078431372549018,1619827200000
tank_1066,1.5019607843137255,1619827200000
tank_1070,8.0,1619827200000
tank_1073,4.0,1619827200000
tank_1083,216.0,1619827200000
tank_1086,3.0,1619827200000
tank_1088,1.9450980392156862,1619827200000
tank_1089,14.0,1619827200000
tank_1090,7.0,1619827200000
tank_1091,0.0,1619827200000
tank_1094,928.0,1619827200000
tank_1095,15.0,1619827200000
tank_1104,0.6392156862745098,1619827200000
tank_1113,45.0,1619827200000
tank_1116,0.0,1619827200000
tank_1117,0.0,1619827200000
tank_1120,111.0,1619827200000
tank_1121,360.75686274509803,1619827200000
tank_1124,17.96470588235294,1619827200000
tank_1128,55.0,1619827200000
tank_1134,0.0,1619827200000
tank_1135,12.0,1619827200000
tank_1146,15.0,1619827200000
tank_1149,10.72156862745098,1619827200000
tank_1156,0.0,1619827200000
tank_1157,11.968627450980392,1619827200000
tank_1159,59.0,1619827200000
tank_1160,614.0,1619827200000
tank_1166,0.0,1619827200000
tank_1170,19.19607843137255,1619827200000
tank_1175,0.0,1619827200000
tank_1177,6.16078431372549,1619827200000
tank_1179,9.984313725490194,1619827200000
tank_1181,176.7058823529412,1619827200000
tank_1186,40.0,1619827200000
tank_1187,62.1843137254902,1619827200000
tank_1190,0.0,1619827200000
tank_1192,0.0,1619827200000
tank_1196,0.0,1619827200000
tank_1197,1019.0,1619827200000
tank_1201,73.0,1619827200000
tank_1203,0.0,1619827200000
tank_1205,166.0,1619827200000
tank_1209,267.0,1619827200000
tank_1217,2.7137254901960786,1619827200000
tank_1223,0.0,1619827200000
tank_1226,0.0,1619827200000
tank_1228,24.0,1619827200000
tank_1230,1.0,1619827200000
tank_1237,0.0,1619827200000
tank_1239,764.0,1619827200000
tank_1245,0.0,1619827200000
tank_1246,30.0,1619827200000
tank_1250,0.0,1619827200000
tank_1254,1155.0,1619827200000
tank_1255,2.435294117647059,1619827200000
tank_1258,15.0,1619827200000
tank_1261,0.0,1619827200000
tank_1262,3.5058823529411764,1619827200000
tank_1263,0.0,1619827200000
tank_1265,8.0,1619827200000
tank_1270,5.0,1619827200000
tank_1272,0.0,1619827200000
tank_1275,0.7490196078431373,1619827200000
tank_1276,90.0,1619827200000
tank_1279,7.0,1619827200000
tank_1280,0.09803921568627451,1619827200000
tank_1284,0.0,1619827200000
tank_1285,0.0,1619827200000
tank_1286,26.0,1619827200000
tank_1290,0.0,1619827200000
tank_1291,0.0,1619827200000
tank_1293,41.0,1619827200000
tank_1295,3.094117647058823,1619827200000
tank_1297,56.0,1619827200000
tank_1301,195.0,1619827200000
tank_1302,4.0,1619827200000
tank_1304,0.7411764705882353,1619827200000
tank_1305,0.0,1619827200000
tank_1313,559.0,1619827200000
tank_1322,0.0,1619827200000
tank_1325,77.89019607843137,1619827200000
tank_1326,0.0,1619827200000
tank_1344,12.901960784313726,1619827200000
tank_1346,8.807843137254903,1619827200000
tank_1349,0.0,1619827200000
tank_1353,360.0,1619827200000
tank_1358,0.0,1619827200000
tank_1359,0.0,1619827200000
tank_1361,280.0,1619827200000
tank_1364,1069.0,1619827200000
tank_1365,0.0,1619827200000
tank_1372,1.0,1619827200000
tank_1374,130.0,1619827200000
tank_1378,397.0,1619827200000
tank_1380,0.0,1619827200000
tank_1386,39.0,1619827200000
tank_1391,0.0,1619827200000
tank_1393,0.0,1619827200000
tank_1396,8.0,1619827200000
tank_1397,0.0,1619827200000
tank_1403,0.0,1619827200000
tank_1409,0.0,1619827200000
tank_1412,0.0,1619827200000
tank_1415,0.0,1619827200000
tank_1416,0.0,1619827200000
tank_1421,135.0,1619827200000
tank_1422,0.0,1619827200000
tank_1425,605.0,1619827200000
tank_1426,0.0,1619827200000
tank_1430,0.0,1619827200000
tank_1433,292.0,1619827200000
tank_1438,0.0,1619827200000
tank_1439,0.0,1619827200000
tank_1441,1.0,1619827200000
tank_1443,0.0,1619827200000
tank_1445,7.0,1619827200000
tank_1446,0.0,1619827200000
tank_1450,3.6392156862745093,1619827200000
tank_1452,0.0,1619827200000
tank_1456,0.0,1619827200000
tank_1466,2.450980392156863,1619827200000
tank_1471,0.0,1619827200000
tank_1475,237.0,1619827200000
tank_1486,704.0,1619827200000
tank_1488,4.0,1619827200000
tank_1491,0.0,1619827200000
tank_1500,0.0,1619827200000
tank_1505,475.0,1619827200000
tank_1513,403.0,1619827200000
tank_1531,2.0,1619827200000
tank_1536,0.0,1619827200000
tank_1539,520.0,1619827200000
tank_1541,0.0,1619827200000
tank_1542,0.0,1619827200000
tank_1547,200.0,1619827200000
tank_1563,0.0,1619827200000
tank_1564,0.0,1619827200000
tank_1565,1074.9882352941177,1619827200000
tank_1567,30.0,1619827200000
tank_1568,0.0,1619827200000
tank_1573,4.0,1619827200000
tank_1583,0.0,1619827200000
tank_1587,863.0,1619827200000
tank_1588,0.0,1619827200000
tank_1592,0.0,1619827200000
tank_1594,61.0,1619827200000
tank_1595,0.0,1619827200000
tank_1597,127.1686274509804,1619827200000
tank_1598,0.0,1619827200000
tank_1600,6.0,1619827200000
tank_1604,0.0,1619827200000
tank_0002,0.0,1620864000000
tank_0004,0.0,1620864000000
tank_0005,0.0,1620864000000
tank_0011,0.0,1620864000000
tank_0014,0.0,1620864000000
tank_0019,0.0,1620864000000
tank_0024,0.0,1620864000000
tank_0025,0.0,1620864000000
tank_0026,0.0,1620864000000
tank_0027,0.0,1620864000000
tank_0030,0.0,1620864000000
tank_0031,0.0,1620864000000
tank_0036,0.0,1620864000000
tank_0037,0.0,1620864000000
tank_0038,0.0,1620864000000
tank_0050,0.0,1620864000000
tank_0051,0.0,1620864000000
tank_0052,0.0,1620864000000
tank_0053,0.0,1620864000000
tank_0055,0.0,1620864000000
tank_0057,0.0,1620864000000
tank_0058,0.0,1620864000000
tank_0064,0.0,1620864000000
tank_0069,0.0,1620864000000
tank_0072,15.0,1620864000000
tank_0073,0.0,1620864000000
tank_0080,16.0,1620864000000
tank_0094,0.0,1620864000000
tank_0107,0.0,1620864000000
tank_0110,0.0,1620864000000
tank_0113,0.0,1620864000000
tank_0115,0.0,1620864000000
tank_0116,0.0,1620864000000
tank_0117,0.0,1620864000000
tank_0118,0.0,1620864000000
tank_0122,0.0,1620864000000
tank_0125,0.0,1620864000000
tank_0130,0.0,1620864000000
tank_0131,0.0,1620864000000
tank_0132,0.0,1620864000000
tank_0134,0.0,1620864000000
tank_0135,0.0,1620864000000
tank_0142,0.0,1620864000000
tank_0143,0.0,1620864000000
tank_0144,0.0,1620864000000
tank_0148,0.0,1620864000000
tank_0153,0.0,1620864000000
tank_0156,0.0,1620864000000
tank_0159,2.376470588235294,1620864000000
tank_0165,0.0,1620864000000
tank_0171,0.0,1620864000000
tank_0172,0.0,1620864000000
tank_0174,0.0,1620864000000
tank_0176,0.0,1620864000000
tank_0184,0.0,1620864000000
tank_0187,0.0,1620864000000
tank_0190,1.0,1620864000000
tank_0192,1.8980392156862744,1620864000000
tank_0193,0.0,1620864000000
tank_0195,0.0,1620864000000
tank_0199,0.0,1620864000000
tank_0204,0.0,1620864000000
tank_0205,0.0,1620864000000
tank_0207,0.0,1620864000000
tank_0209,0.0,1620864000000
tank_0213,0.0,1620864000000
tank_0217,0.0,1620864000000
tank_0220,0.0,1620864000000
tank_0221,0.0,1620864000000
tank_0225,0.0,1620864000000
tank_0226,0.0,1620864000000
tank_0228,0.0,1620864000000
tank_0229,0.0,1620864000000
tank_0231,0.0,1620864000000
tank_0233,0.0,1620864000000
tank_0236,0.0,1620864000000
tank_0237,0.0,1620864000000
tank_0240,0.0,1620864000000
tank_0242,0.0,1620864000000
tank_0245,0.0,1620864000000
tank_0247,0.0,1620864000000
tank_0256,0.0,1620864000000
tank_0257,0.0,1620864000000
tank_0260,0.0,1620864000000
tank_0261,0.0,1620864000000
tank_0264,0.0,1620864000000
tank_0273,0.0,1620864000000
tank_0276,0.0,1620864000000
tank_0278,0.0,1620864000000
tank_0280,0.0,1620864000000
tank_0291,0.0,1620864000000
tank_0292,0.0,1620864000000
tank_0296,0.0,1620864000000
tank_0297,0.0,1620864000000
tank_0299,0.0,1620864000000
tank_0300,0.607843137254902,1620864000000
tank_0301,0.0,1620864000000
tank_0307,0.0,1620864000000
tank_0309,0.0,1620864000000
tank_0313,0.0,1620864000000
tank_0314,0.0,1620864000000
tank_0319,0.0,1620864000000
tank_0321,1.0,1620864000000
tank_0327,0.0,1620864000000
tank_0337,0.0,1620864000000
tank_0338,0.0,1620864000000
tank_0339,50.50196078431372,1620864000000
tank_0342,0.0,1620864000000
tank_0345,0.0,1620864000000
tank_0346,0.0,1620864000000
tank_0349,0.0,1620864000000
tank_0350,0.0,1620864000000
tank_0353,0.0,1620864000000
tank_0356,0.0,1620864000000
tank_0360,0.0,1620864000000
tank_0361,0.0,1620864000000
tank_0362,0.0,1620864000000
tank_0364,0.0,1620864000000
tank_0366,0.0,1620864000000
tank_0369,0.0,1620864000000
tank_0375,0.0,1620864000000
tank_0379,0.0,1620864000000
tank_0381,0.0,1620864000000
tank_0386,0.0,1620864000000
tank_0390,0.0,1620864000000
tank_0397,0.0,1620864000000
tank_0399,0.0,1620864000000
tank_0404,0.0,1620864000000
tank_0409,0.0,1620864000000
tank_0420,0.0,1620864000000
tank_0425,0.0,1620864000000
tank_0431,0.0,1620864000000
tank_0432,0.0,1620864000000
tank_0435,0.0,1620864000000
tank_0436,0.0,1620864000000
tank_0438,0.0,1620864000000
tank_0443,0.0,1620864000000
tank_0444,0.0,1620864000000
tank_0447,0.0,1620864000000
tank_0448,0.0,1620864000000
tank_0449,0.0,1620864000000
tank_0455,0.0,1620864000000
tank_0460,0.0,1620864000000
tank_0462,0.0,1620864000000
tank_0466,0.0,1620864000000
tank_0471,0.0,1620864000000
tank_0473,0.0,1620864000000
tank_0474,0.0,1620864000000
tank_0481,0.0,1620864000000
tank_0485,0.0,1620864000000
tank_0489,0.0,1620864000000
tank_0491,0.0,1620864000000
tank_0494,0.0,1620864000000
tank_0497,0.0,1620864000000
tank_0498,0.0,1620864000000
tank_0502,0.0,1620864000000
tank_0505,0.0,1620864000000
tank_0509,0.0,1620864000000
tank_0512,0.0,1620864000000
tank_0514,0.0,1620864000000
tank_0515,3.0,1620864000000
tank_0521,0.0,1620864000000
tank_0524,0.0,1620864000000
tank_0526,12.0,1620864000000
tank_0533,0.0,1620864000000
tank_0534,0.0,1620864000000
tank_0536,0.0,1620864000000
tank_0537,0.0,1620864000000
tank_0541,0.0,1620864000000
tank_0547,0.0,1620864000000
tank_0552,0.0,1620864000000
tank_0555,0.0,1620864000000
tank_0556,0.0,1620864000000
tank_0557,0.0,1620864000000
tank_0560,0.0,1620864000000
tank_0561,0.0,1620864000000
tank_0566,0.0,1620864000000
tank_0567,0.0,1620864000000
tank_0568,1.0,1620864000000
tank_0574,0.0,1620864000000
tank_0579,0.0,1620864000000
tank_0583,0.0,1620864000000
tank_0587,0.0,1620864000000
tank_0589,0.0,1620864000000
tank_0590,0.0,1620864000000
tank_0592,0.0,1620864000000
tank_0593,0.0,1620864000000
tank_0595,0.0,1620864000000
tank_0600,0.0,1620864000000
tank_0604,0.0,1620864000000
tank_0606,0.0,1620864000000
tank_0607,0.0,1620864000000
tank_0608,0.0,1620864000000
tank_0610,0.0,1620864000000
tank_0611,0.12549019607843137,1620864000000
tank_0612,0.0,1620864000000
tank_0613,0.0,1620864000000
tank_0619,0.0,1620864000000
tank_0626,0.0,1620864000000
tank_0627,0.0,1620864000000
tank_0628,0.0,1620864000000
tank_0632,0.0,1620864000000
tank_0633,0.0,1620864000000
tank_0639,0.0,1620864000000
tank_0640,0.0,1620864000000
tank_0641,0.0,1620864000000
tank_0643,0.0,1620864000000
tank_0646,0.0,1620864000000
tank_0663,0.0,1620864000000
tank_0664,0.0,1620864000000
tank_0666,0.0,1620864000000
tank_0667,0.0,1620864000000
tank_0670,0.0,1620864000000
tank_0675,0.0,1620864000000
tank_0676,0.0,1620864000000
tank_0678,8.298039215686273,1620864000000
tank_0681,0.0,1620864000000
tank_0687,0.0,1620864000000
tank_0688,105.0,1620864000000
tank_0697,0.0,1620864000000
tank_0720,0.42745098039215684,1620864000000
tank_0722,0.0,1620864000000
tank_0724,0.0,1620864000000
tank_0725,0.0,1620864000000
tank_0728,0.0,1620864000000
tank_0730,0.0,1620864000000
tank_0731,0.0,1620864000000
tank_0732,0.0,1620864000000
tank_0737,0.0,1620864000000
tank_0739,0.0,1620864000000
tank_0740,4.0,1620864000000
tank_0746,0.0,1620864000000
tank_0748,0.0,1620864000000
tank_0749,0.0,1620864000000
tank_0752,0.0,1620864000000
tank_0760,0.0,1620864000000
tank_0770,6.309803921568628,1620864000000
tank_0772,0.0,1620864000000
tank_0788,0.0,1620864000000
tank_0789,5.0,1620864000000
tank_0792,80.32941176470588,1620864000000
tank_0797,1.0,1620864000000
tank_0800,0.0,1620864000000
tank_0802,0.0,1620864000000
tank_0803,2.0,1620864000000
tank_0808,7.0,1620864000000
tank_0810,0.0,1620864000000
tank_0811,1.9058823529411764,1620864000000
tank_0812,0.0,1620864000000
tank_0813,1.1058823529411765,1620864000000
tank_0816,0.0,1620864000000
tank_0819,0.0,1620864000000
tank_0823,0.0,1620864000000
tank_0824,34.0,1620864000000
tank_0825,0.0,1620864000000
tank_0828,0.0,1620864000000
tank_0829,17.984313725490196,1620864000000
tank_0830,0.0,1620864000000
tank_0831,36.33333333333332,1620864000000
tank_0844,0.0,1620864000000
tank_0852,0.0,1620864000000
tank_0855,0.0,1620864000000
tank_0856,211.0,1620864000000
tank_0860,0.0,1620864000000
tank_0861,0.0,1620864000000
tank_0872,0.0,1620864000000
tank_0875,20.0,1620864000000
tank_0879,0.0,1620864000000
tank_0885,0.0,1620864000000
tank_0891,0.0,1620864000000
tank_0894,205.0,1620864000000
tank_0898,388.0,1620864000000
tank_0900,0.0,1620864000000
tank_0901,12.0,1620864000000
tank_0902,0.0,1620864000000
tank_0914,0.0,1620864000000
tank_0917,13.0,1620864000000
tank_0919,0.0,1620864000000
tank_0920,32.0,1620864000000
tank_0922,8.0,1620864000000
tank_0923,0.0,1620864000000
tank_0924,0.0,1620864000000
tank_0926,0.0,1620864000000
tank_0927,0.0,1620864000000
tank_0928,0.0,1620864000000
tank_0930,27.0,1620864000000
tank_0931,0.0,1620864000000
tank_0933,0.0,1620864000000
tank_0934,0.0,1620864000000
tank_0937,0.0,1620864000000
tank_0938,0.0,1620864000000
tank_0939,0.0,1620864000000
tank_0944,0.0,1620864000000
tank_0946,0.0,1620864000000
tank_0952,0.0,1620864000000
tank_0958,0.0,1620864000000
tank_0962,74.0,1620864000000
tank_0967,0.0,1620864000000
tank_0975,0.0,1620864000000
tank_0978,0.0,1620864000000
tank_0990,0.0,1620864000000
tank_0991,48.0,1620864000000
tank_0998,0.0,1620864000000
tank_0999,0.0,1620864000000
tank_1003,400.0,1620864000000
tank_1004,8.125490196078431,1620864000000
tank_1014,0.0,1620864000000
tank_1026,137.0,1620864000000
tank_1031,5.0,1620864000000
tank_1032,0.0,1620864000000
tank_1034,0.0,1620864000000
tank_1042,15.0,1620864000000
tank_1045,0.0,1620864000000
tank_1049,0.0,1620864000000
tank_1055,2.164705882352941,1620864000000
tank_1061,0.0,1620864000000
tank_1062,1.2509803921568627,1620864000000
tank_1064,0.0,1620864000000
tank_1065,0.0,1620864000000
tank_1066,1.0627450980392157,1620864000000
tank_1070,2.0,1620864000000
tank_1073,10.0,1620864000000
tank_1083,91.0,1620864000000
tank_1086,9.0,1620864000000
tank_1088,2.0,1620864000000
tank_1089,7.0,1620864000000
tank_1090,0.0,1620864000000
tank_1091,0.0,1620864000000
tank_1094,660.0,1620864000000
tank_1095,18.627450980392158,1620864000000
tank_1104,0.0,1620864000000
tank_1113,34.0,1620864000000
tank_1116,0.0,1620864000000
tank_1117,0.0,1620864000000
tank_1120,67.0,1620864000000
tank_1121,54.0,1620864000000
tank_1124,15.964705882352941,1620864000000
tank_1128,45.0,1620864000000
tank_1134,0.0,1620864000000
tank_1135,29.890196078431373,1620864000000
tank_1146,10.0,1620864000000
tank_1149,0.0,1620864000000
tank_1156,0.0,1620864000000
tank_1157,4.631372549019607,1620864000000
tank_1159,10.0,1620864000000
tank_1160,438.0,1620864000000
tank_1166,0.0,1620864000000
tank_1170,10.133333333333333,1620864000000
tank_1175,0.0,1620864000000
tank_1177,10.003921568627447,1620864000000
tank_1179,11.235294117647058,1620864000000
tank_1181,132.79215686274512,1620864000000
tank_1186,23.0,1620864000000
tank_1187,18.462745098039214,1620864000000
tank_1190,25.06666666666667,1620864000000
tank_1192,0.0,1620864000000
tank_1196,0.0,1620864000000
tank_1197,1432.0,1620864000000
tank_1201,41.0,1620864000000
tank_1203,0.0,1620864000000
tank_1205,140.0,1620864000000
tank_1209,169.0,1620864000000
tank_1217,4.035294117647059,1620864000000
tank_1223,0.0,1620864000000
tank_1226,0.0,1620864000000
tank_1228,16.0,1620864000000
tank_1230,0.0,1620864000000
tank_1237,0.0,1620864000000
tank_1239,623.0,1620864000000
tank_1245,0.0,1620864000000
tank_1246,15.0,1620864000000
tank_1250,0.0,1620864000000
tank_1254,530.0,1620864000000
tank_1255,0.0,1620864000000
tank_1258,3.0,1620864000000
tank_1261,0.0,1620864000000
tank_1262,6.811764705882354,1620864000000
tank_1263,0.0,1620864000000
tank_1265,0.0,1620864000000
tank_1270,0.0,1620864000000
tank_1272,0.0,1620864000000
tank_1275,0.0,1620864000000
tank_1276,41.0,1620864000000
tank_1279,0.0,1620864000000
tank_1280,0.0,1620864000000
tank_1284,0.0,1620864000000
tank_1285,0.0,1620864000000
tank_1286,13.0,1620864000000
tank_1290,0.0,1620864000000
tank_1291,0.0,1620864000000
tank_1293,23.0,1620864000000
tank_1295,0.0,1620864000000
tank_1297,42.0,1620864000000
tank_1301,234.0,1620864000000
tank_1302,0.0,1620864000000
tank_1304,0.0,1620864000000
tank_1305,0.0,1620864000000
tank_1313,460.0,1620864000000
tank_1322,0.0,1620864000000
tank_1325,58.99607843137255,1620864000000
tank_1326,0.0,1620864000000
tank_1344,14.898039215686275,1620864000000
tank_1346,6.91764705882353,1620864000000
tank_1349,0.0,1620864000000
tank_1353,249.0,1620864000000
tank_1358,0.0,1620864000000
tank_1359,0.0,1620864000000
tank_1361,106.0,1620864000000
tank_1364,735.0,1620864000000
tank_1365,0.0,1620864000000
tank_1372,0.0,1620864000000
tank_1374,94.0,1620864000000
tank_1378,330.0,1620864000000
tank_1380,0.0,1620864000000
tank_1386,21.0,1620864000000
tank_1391,0.0,1620864000000
tank_1393,0.0,1620864000000
tank_1396,0.0,1620864000000
tank_1397,0.0,1620864000000
tank_1403,0.0,1620864000000
tank_1409,0.0,1620864000000
tank_1412,0.0,1620864000000
tank_1415,0.0,1620864000000
tank_1416,0.0,1620864000000
tank_1421,98.0,1620864000000
tank_1422,3.8627450980392157,1620864000000
tank_1425,510.0,1620864000000
tank_1426,0.0,1620864000000
tank_1430,0.0,1620864000000
tank_1433,167.0,1620864000000
tank_1438,0.0,1620864000000
tank_1439,0.0,1620864000000
tank_1441,0.0,1620864000000
tank_1443,0.0,1620864000000
tank_1445,12.0,1620864000000
tank_1446,0.0,1620864000000
tank_1450,9.498039215686275,1620864000000
tank_1452,0.0,1620864000000
tank_1456,0.0,1620864000000
tank_1466,8.498039215686275,1620864000000
tank_1471,11.819607843137256,1620864000000
tank_1475,33.0,1620864000000
tank_1486,399.0,1620864000000
tank_1488,0.0,1620864000000
tank_1491,0.0,1620864000000
tank_1500,0.0,1620864000000
tank_1505,148.0,1620864000000
tank_1513,105.0,1620864000000
tank_1531,0.0,1620864000000
tank_1536,0.0,1620864000000
tank_1539,249.0,1620864000000
tank_1541,0.0,1620864000000
tank_1542,0.0,1620864000000
tank_1547,146.0,1620864000000
tank_1563,0.0,1620864000000
tank_1564,0.0,1620864000000
tank_1565,313.0,1620864000000
tank_1567,31.92549019607843,1620864000000
tank_1568,0.0,1620864000000
tank_1573,0.0,1620864000000
tank_1583,0.0,1620864000000
tank_1587,386.0,1620864000000
tank_1588,0.0,1620864000000
tank_1592,8.0,1620864000000
tank_1594,59.0,1620864000000
tank_1595,0.0,1620864000000
tank_1597,95.97647058823529,1620864000000
tank_1598,0.0,1620864000000
tank_1600,9.568627450980392,1620864000000
tank_1604,0.0,1620864000000
tank_0002,0.0,1621900800000
tank_0004,0.0,1621900800000
tank_0005,0.0,1621900800000
tank_0011,0.0,1621900800000
tank_0014,0.0,1621900800000
tank_0019,0.0,1621900800000
tank_0024,8.678431372549019,1621900800000
tank_0025,0.0,1621900800000
tank_0026,0.0,1621900800000
tank_0027,0.0,1621900800000
tank_0030,0.0,1621900800000
tank_0031,0.0,1621900800000
tank_0036,0.0,1621900800000
tank_0037,0.0,1621900800000
tank_0038,0.0,1621900800000
tank_0050,0.0,1621900800000
tank_0051,0.0,1621900800000
tank_0052,0.0,1621900800000
tank_0053,0.17647058823529413,1621900800000
tank_0055,0.0,1621900800000
tank_0057,0.0,1621900800000
tank_0058,0.0,1621900800000
tank_0064,0.0,1621900800000
tank_0069,0.0,1621900800000
tank_0072,0.0,1621900800000
tank_0073,0.0,1621900800000
tank_0080,11.0,1621900800000
tank_0094,0.0,1621900800000
tank_0107,0.0,1621900800000
tank_0110,0.0,1621900800000
tank_0113,0.0,1621900800000
tank_0115,0.0,1621900800000
tank_0116,0.0,1621900800000
tank_0117,24.0,1621900800000
tank_0118,0.0,1621900800000
tank_0122,0.0,1621900800000
tank_0125,7.0,1621900800000
tank_0130,0.0,1621900800000
tank_0131,0.0,1621900800000
tank_0132,0.0,1621900800000
tank_0134,0.0,1621900800000
tank_0135,0.0,1621900800000
tank_0142,0.0,1621900800000
tank_0143,0.0,1621900800000
tank_0144,0.0,1621900800000
tank_0148,0.0,1621900800000
tank_0153,0.0,1621900800000
tank_0156,0.0,1621900800000
tank_0159,0.0,1621900800000
tank_0165,0.34509803921568627,1621900800000
tank_0171,0.0,1621900800000
tank_0172,0.0,1621900800000
tank_0174,0.0,1621900800000
tank_0176,0.0,1621900800000
tank_0184,0.0,1621900800000
tank_0187,1.5960784313725491,1621900800000
tank_0190,0.0,1621900800000
tank_0192,0.0,1621900800000
tank_0193,0.0,1621900800000
tank_0195,0.0,1621900800000
tank_0199,0.0,1621900800000
tank_0204,0.0,1621900800000
tank_0205,0.0,1621900800000
tank_0207,0.0,1621900800000
tank_0209,0.0,1621900800000
tank_0213,0.0,1621900800000
tank_0217,0.0,1621900800000
tank_0220,0.0,1621900800000
tank_0221,0.0,1621900800000
tank_0225,0.0,1621900800000
tank_0226,0.0,1621900800000
tank_0228,0.0,1621900800000
tank_0229,0.0,1621900800000
tank_0231,0.0,1621900800000
tank_0233,0.0,1621900800000
tank_0236,0.0,1621900800000
tank_0237,0.0,1621900800000
tank_0240,0.0,1621900800000
tank_0242,0.0,1621900800000
tank_0245,0.0,1621900800000
tank_0247,5.0,1621900800000
tank_0256,0.47058823529411764,1621900800000
tank_0257,0.0,1621900800000
tank_0260,0.0,1621900800000
tank_0261,0.0,1621900800000
tank_0264,0.0,1621900800000
tank_0273,0.0,1621900800000
tank_0276,0.0,1621900800000
tank_0278,0.0,1621900800000
tank_0280,0.0,1621900800000
tank_0291,0.0,1621900800000
tank_0292,0.0,1621900800000
tank_0296,0.0,1621900800000
tank_0297,0.0,1621900800000
tank_0299,0.0,1621900800000
tank_0300,0.0,1621900800000
tank_0301,0.0,1621900800000
tank_0307,0.0,1621900800000
tank_0309,0.0,1621900800000
tank_0313,0.0,1621900800000
tank_0314,0.0,1621900800000
tank_0319,0.0,1621900800000
tank_0321,0.0,1621900800000
tank_0327,0.0,1621900800000
tank_0337,0.0,1621900800000
tank_0338,0.0,1621900800000
tank_0339,1.7490196078431373,1621900800000
tank_0342,7.0,1621900800000
tank_0345,0.0,1621900800000
tank_0346,0.0,1621900800000
tank_0349,0.0,1621900800000
tank_0350,0.0,1621900800000
tank_0353,2.0,1621900800000
tank_0356,0.0,1621900800000
tank_0360,0.0,1621900800000
tank_0361,0.0,1621900800000
tank_0362,0.0,1621900800000
tank_0364,0.0,1621900800000
tank_0366,0.0,1621900800000
tank_0369,0.0,1621900800000
tank_0375,0.0,1621900800000
tank_0379,0.0,1621900800000
tank_0381,0.0,1621900800000
tank_0386,4.0,1621900800000
tank_0390,0.0,1621900800000
tank_0397,0.0,1621900800000
tank_0399,0.0,1621900800000
tank_0404,0.1607843137254902,1621900800000
tank_0409,0.0,1621900800000
tank_0420,0.0,1621900800000
tank_0425,0.0,1621900800000
tank_0431,0.0,1621900800000
tank_0432,0.0,1621900800000
tank_0435,0.0,1621900800000
tank_0436,0.0,1621900800000
tank_0438,0.0,1621900800000
tank_0443,0.0,1621900800000
tank_0444,0.0,1621900800000
tank_0447,0.0,1621900800000
tank_0448,1.1254901960784314,1621900800000
tank_0449,0.0,1621900800000
tank_0455,3.572549019607843,1621900800000
tank_0460,0.0,1621900800000
tank_0462,0.0,1621900800000
tank_0466,0.0,1621900800000
tank_0471,0.0,1621900800000
tank_0473,0.0,1621900800000
tank_0474,0.0,1621900800000
tank_0481,6.098039215686274,1621900800000
tank_0485,0.0,1621900800000
tank_0489,0.0,1621900800000
tank_0491,0.0,1621900800000
tank_0494,0.7019607843137254,1621900800000
tank_0497,0.0,1621900800000
tank_0498,0.0,1621900800000
tank_0502,0.0,1621900800000
tank_0505,2.0,1621900800000
tank_0509,0.0,1621900800000
tank_0512,0.0,1621900800000
tank_0514,0.0,1621900800000
tank_0515,0.0,1621900800000
tank_0521,0.0,1621900800000
tank_0524,0.0,1621900800000
tank_0526,40.0,1621900800000
tank_0533,0.0,1621900800000
tank_0534,0.0,1621900800000
tank_0536,0.0,1621900800000
tank_0537,0.0,1621900800000
tank_0541,0.0,1621900800000
tank_0547,0.0,1621900800000
tank_0552,0.0,1621900800000
tank_0555,0.0,1621900800000
tank_0556,0.0,1621900800000
tank_0557,0.0,1621900800000
tank_0560,0.0,1621900800000
tank_0561,0.0,1621900800000
tank_0566,0.0,1621900800000
tank_0567,0.0,1621900800000
tank_0568,0.0,1621900800000
tank_0574,0.0,1621900800000
tank_0579,0.0,1621900800000
tank_0583,0.0,1621900800000
tank_0587,0.0,1621900800000
tank_0589,0.0,1621900800000
tank_0590,0.0,1621900800000
tank_0592,0.0,1621900800000
tank_0593,0.0,1621900800000
tank_0595,0.0,1621900800000
tank_0600,0.0,1621900800000
tank_0604,2.0,1621900800000
tank_0606,0.0,1621900800000
tank_0607,0.0,1621900800000
tank_0608,0.0,1621900800000
tank_0610,0.0,1621900800000
tank_0611,0.0,1621900800000
tank_0612,1.1176470588235294,1621900800000
tank_0613,0.0,1621900800000
tank_0619,0.0,1621900800000
tank_0626,0.0,1621900800000
tank_0627,0.0,1621900800000
tank_0628,0.0,1621900800000
tank_0632,0.0,1621900800000
tank_0633,0.25098039215686274,1621900800000
tank_0639,0.0,1621900800000
tank_0640,0.0,1621900800000
tank_0641,0.0,1621900800000
tank_0643,0.0,1621900800000
tank_0646,0.0,1621900800000
tank_0663,0.0,1621900800000
tank_0664,0.0,1621900800000
tank_0666,0.0,1621900800000
tank_0667,0.0,1621900800000
tank_0670,0.0,1621900800000
tank_0675,0.0,1621900800000
tank_0676,0.0,1621900800000
tank_0678,16.65098039215686,1621900800000
tank_0681,0.0,1621900800000
tank_0687,0.0,1621900800000
tank_0688,0.0,1621900800000
tank_0697,0.0,1621900800000
tank_0720,0.0,1621900800000
tank_0722,0.0,1621900800000
tank_0724,0.0,1621900800000
tank_0725,0.0,1621900800000
tank_0728,0.0,1621900800000
tank_0730,0.0,1621900800000
tank_0731,0.0,1621900800000
tank_0732,0.0,1621900800000
tank_0737,21.0,1621900800000
tank_0739,3.3607843137254902,1621900800000
tank_0740,7.764705882352942,1621900800000
tank_0746,0.0,1621900800000
tank_0748,0.0,1621900800000
tank_0749,0.0,1621900800000
tank_0752,0.0,1621900800000
tank_0760,0.0,1621900800000
tank_0770,0.0,1621900800000
tank_0772,0.0,1621900800000
tank_0788,0.0,1621900800000
tank_0789,0.0,1621900800000
tank_0792,6.580392156862745,1621900800000
tank_0797,0.0,1621900800000
tank_0800,0.0,1621900800000
tank_0802,0.0,1621900800000
tank_0803,0.0,1621900800000
tank_0808,5.4156862745098024,1621900800000
tank_0810,0.0,1621900800000
tank_0811,5.407843137254902,1621900800000
tank_0812,0.0,1621900800000
tank_0813,5.513725490196078,1621900800000
tank_0816,0.0,1621900800000
tank_0819,0.0,1621900800000
tank_0823,0.0,1621900800000
tank_0824,12.0,1621900800000
tank_0825,0.0,1621900800000
tank_0828,0.0,1621900800000
tank_0829,11.984313725490196,1621900800000
tank_0830,0.0,1621900800000
tank_0831,13.949019607843137,1621900800000
tank_0844,0.0,1621900800000
tank_0852,0.0,1621900800000
tank_0855,0.0,1621900800000
tank_0856,0.0,1621900800000
tank_0860,0.0,1621900800000
tank_0861,0.0,1621900800000
tank_0872,0.0,1621900800000
tank_0875,13.0,1621900800000
tank_0879,0.0,1621900800000
tank_0885,0.0,1621900800000
tank_0891,0.0,1621900800000
tank_0894,0.0,1621900800000
tank_0898,79.0,1621900800000
tank_0900,0.0,1621900800000
tank_0901,10.0,1621900800000
tank_0902,1.0,1621900800000
tank_0914,0.0,1621900800000
tank_0917,2.0,1621900800000
tank_0919,0.0,1621900800000
tank_0920,0.0,1621900800000
tank_0922,0.0,1621900800000
tank_0923,0.0,1621900800000
tank_0924,0.0,1621900800000
tank_0926,0.0,1621900800000
tank_0927,0.0,1621900800000
tank_0928,0.0,1621900800000
tank_0930,27.0,1621900800000
tank_0931,0.0,1621900800000
tank_0933,0.0,1621900800000
tank_0934,0.0,1621900800000
tank_0937,0.0,1621900800000
tank_0938,0.0,1621900800000
tank_0939,0.0,1621900800000
tank_0944,0.0,1621900800000
tank_0946,0.0,1621900800000
tank_0952,1.0,1621900800000
tank_0958,0.4745098039215686,1621900800000
tank_0962,0.0,1621900800000
tank_0967,0.0,1621900800000
tank_0975,0.0,1621900800000
tank_0978,0.0,1621900800000
tank_0990,0.0,1621900800000
tank_0991,2.0,1621900800000
tank_0998,0.0,1621900800000
tank_0999,22.835294117647052,1621900800000
tank_1003,2.0,1621900800000
tank_1004,0.0,1621900800000
tank_1014,32.0,1621900800000
tank_1026,86.0,1621900800000
tank_1031,8.0,1621900800000
tank_1032,7.0,1621900800000
tank_1034,2.0,1621900800000
tank_1042,19.894117647058824,1621900800000
tank_1045,0.0,1621900800000
tank_1049,0.0,1621900800000
tank_1055,2.0392156862745097,1621900800000
tank_1061,0.0,1621900800000
tank_1062,10.184313725490197,1621900800000
tank_1064,0.0,1621900800000
tank_1065,0.4235294117647059,1621900800000
tank_1066,0.25098039215686274,1621900800000
tank_1070,0.0,1621900800000
tank_1073,9.0,1621900800000
tank_1083,68.0,1621900800000
tank_1086,4.0,1621900800000
tank_1088,15.670588235294117,1621900800000
tank_1089,5.0,1621900800000
tank_1090,0.0,1621900800000
tank_1091,0.0,1621900800000
tank_1094,1.0,1621900800000
tank_1095,12.0,1621900800000
tank_1104,0.0,1621900800000
tank_1113,39.0,1621900800000
tank_1116,7.43921568627451,1621900800000
tank_1117,0.0,1621900800000
tank_1120,23.0,1621900800000
tank_1121,14.0,1621900800000
tank_1124,13.0,1621900800000
tank_1128,9.0,1621900800000
tank_1134,0.0,1621900800000
tank_1135,7.0,1621900800000
tank_1146,14.0,1621900800000
tank_1149,0.12549019607843137,1621900800000
tank_1156,0.0,1621900800000
tank_1157,15.443137254901965,1621900800000
tank_1159,0.0,1621900800000
tank_1160,138.0,1621900800000
tank_1166,0.0,1621900800000
tank_1170,18.596078431372547,1621900800000
tank_1175,0.0,1621900800000
tank_1177,5.658823529411764,1621900800000
tank_1179,7.2,1621900800000
tank_1181,93.0,1621900800000
tank_1186,17.0,1621900800000
tank_1187,22.066666666666666,1621900800000
tank_1190,23.27843137254902,1621900800000
tank_1192,0.0,1621900800000
tank_1196,0.0,1621900800000
tank_1197,1140.992156862745,1621900800000
tank_1201,10.0,1621900800000
tank_1203,2.0,1621900800000
tank_1205,114.0,1621900800000
tank_1209,12.0,1621900800000
tank_1217,8.552941176470588,1621900800000
tank_1223,0.0,1621900800000
tank_1226,0.0,1621900800000
tank_1228,10.0,1621900800000
tank_1230,3.2784313725490195,1621900800000
tank_1237,3.0,1621900800000
tank_1239,265.8666666666667,1621900800000
tank_1245,0.0,1621900800000
tank_1246,3.0,1621900800000
tank_1250,0.0,1621900800000
tank_1254,287.0,1621900800000
tank_1255,9.117647058823529,1621900800000
tank_1258,0.0,1621900800000
tank_1261,0.0,1621900800000
tank_1262,0.6313725490196078,1621900800000
tank_1263,0.0,1621900800000
tank_1265,0.0,1621900800000
tank_1270,0.0,1621900800000
tank_1272,1.996078431372549,1621900800000
tank_1275,0.0,1621900800000
tank_1276,12.976470588235294,1621900800000
tank_1279,0.0,1621900800000
tank_1280,0.0,1621900800000
tank_1284,0.0,1621900800000
tank_1285,0.0,1621900800000
tank_1286,2.0,1621900800000
tank_1290,0.0,1621900800000
tank_1291,0.0,1621900800000
tank_1293,1.0,1621900800000
tank_1295,0.0,1621900800000
tank_1297,16.0,1621900800000
tank_1301,145.0,1621900800000
tank_1302,0.0,1621900800000
tank_1304,10.772549019607842,1621900800000
tank_1305,0.0,1621900800000
tank_1313,139.0,1621900800000
tank_1322,0.0,1621900800000
tank_1325,2.0,1621900800000
tank_1326,0.0,1621900800000
tank_1344,0.0,1621900800000
tank_1346,7.0588235294117645,1621900800000
tank_1349,0.0,1621900800000
tank_1353,155.0,1621900800000
tank_1358,0.0,1621900800000
tank_1359,0.0,1621900800000
tank_1361,64.0,1621900800000
tank_1364,0.0,1621900800000
tank_1365,0.0,1621900800000
tank_1372,0.0,1621900800000
tank_1374,98.0,1621900800000
tank_1378,238.0,1621900800000
tank_1380,0.0,1621900800000
tank_1386,5.0,1621900800000
tank_1391,0.0,1621900800000
tank_1393,0.0,1621900800000
tank_1396,0.0,1621900800000
tank_1397,0.0,1621900800000
tank_1403,0.0,1621900800000
tank_1409,0.0,1621900800000
tank_1412,0.0,1621900800000
tank_1415,0.0,1621900800000
tank_1416,0.0,1621900800000
tank_1421,120.0,1621900800000
tank_1422,0.8627450980392157,1621900800000
tank_1425,121.0,1621900800000
tank_1426,2.0,1621900800000
tank_1430,0.0,1621900800000
tank_1433,86.0,1621900800000
tank_1438,0.0,1621900800000
tank_1439,0.0,1621900800000
tank_1441,3.2509803921568627,1621900800000
tank_1443,0.0,1621900800000
tank_1445,0.0,1621900800000
tank_1446,0.0,1621900800000
tank_1450,0.6627450980392157,1621900800000
tank_1452,0.0,1621900800000
tank_1456,0.0,1621900800000
tank_1466,6.215686274509804,1621900800000
tank_1471,4.0,1621900800000
tank_1475,58.0,1621900800000
tank_1486,262.0,1621900800000
tank_1488,0.0,1621900800000
tank_1491,0.0,1621900800000
tank_1500,0.0,1621900800000
tank_1505,346.0,1621900800000
tank_1513,0.0,1621900800000
tank_1531,0.0,1621900800000
tank_1536,0.0,1621900800000
tank_1539,468.0,1621900800000
tank_1541,0.0,1621900800000
tank_1542,0.0,1621900800000
tank_1547,1.0,1621900800000
tank_1563,0.0,1621900800000
tank_1564,0.0,1621900800000
tank_1565,52.0,1621900800000
tank_1567,34.0,1621900800000
tank_1568,0.0,1621900800000
tank_1573,0.0,1621900800000
tank_1583,0.0,1621900800000
tank_1587,618.0,1621900800000
tank_1588,0.0,1621900800000
tank_1592,5.611764705882353,1621900800000
tank_1594,59.0,1621900800000
tank_1595,0.0,1621900800000
tank_1597,71.7764705882353,1621900800000
tank_1598,0.0,1621900800000
tank_1600,4.0,1621900800000
tank_1604,0.0,1621900800000
tank_0002,0.0,1622937600000
tank_0004,0.0,1622937600000
tank_0005,0.0,1622937600000
tank_0011,0.0,1622937600000
tank_0014,0.0,1622937600000
tank_0019,0.0,1622937600000
tank_0024,0.0,1622937600000
tank_0025,0.0,1622937600000
tank_0026,0.0,1622937600000
tank_0027,0.0,1622937600000
tank_0030,0.0,1622937600000
tank_0031,4.0,1622937600000
tank_0036,0.0,1622937600000
tank_0037,0.0,1622937600000
tank_0038,0.0,1622937600000
tank_0050,0.0,1622937600000
tank_0051,0.0,1622937600000
tank_0052,0.0,1622937600000
tank_0053,0.0,1622937600000
tank_0055,0.0,1622937600000
tank_0057,0.0,1622937600000
tank_0058,0.0,1622937600000
tank_0064,0.0,1622937600000
tank_0069,0.0,1622937600000
tank_0072,11.0,1622937600000
tank_0073,0.0,1622937600000
tank_0080,16.0,1622937600000
tank_0094,0.0,1622937600000
tank_0107,0.0,1622937600000
tank_0110,0.0,1622937600000
tank_0113,0.0,1622937600000
tank_0115,0.0,1622937600000
tank_0116,0.0,1622937600000
tank_0117,31.0,1622937600000
tank_0118,0.0,1622937600000
tank_0122,0.0,1622937600000
tank_0125,6.0,1622937600000
tank_0130,0.0,1622937600000
tank_0131,0.0,1622937600000
tank_0132,0.0,1622937600000
tank_0134,0.0,1622937600000
tank_0135,0.0,1622937600000
tank_0142,0.0,1622937600000
tank_0143,0.0,1622937600000
tank_0144,0.0,1622937600000
tank_0148,0.0,1622937600000
tank_0153,5.0,1622937600000
tank_0156,0.0,1622937600000
tank_0159,0.0,1622937600000
tank_0165,0.0,1622937600000
tank_0171,0.0,1622937600000
tank_0172,0.0,1622937600000
tank_0174,0.0,1622937600000
tank_0176,0.0,1622937600000
tank_0184,0.0,1622937600000
tank_0187,0.0,1622937600000
tank_0190,0.0,1622937600000
tank_0192,0.0,1622937600000
tank_0193,0.0,1622937600000
tank_0195,0.0,1622937600000
tank_0199,0.0,1622937600000
tank_0204,0.0,1622937600000
tank_0205,0.0,1622937600000
tank_0207,0.0,1622937600000
tank_0209,0.0,1622937600000
tank_0213,9.0,1622937600000
tank_0217,0.0,1622937600000
tank_0220,0.0,1622937600000
tank_0221,0.0,1622937600000
tank_0225,0.0,1622937600000
tank_0226,0.0,1622937600000
tank_0228,0.0,1622937600000
tank_0229,0.0,1622937600000
tank_0231,0.0,1622937600000
tank_0233,0.0,1622937600000
tank_0236,0.0,1622937600000
tank_0237,0.0,1622937600000
tank_0240,0.0,1622937600000
tank_0242,0.0,1622937600000
tank_0245,0.0,1622937600000
tank_0247,32.0,1622937600000
tank_0256,0.0,1622937600000
tank_0257,0.0,1622937600000
tank_0260,0.0,1622937600000
tank_0261,0.0,1622937600000
tank_0264,0.0,1622937600000
tank_0273,8.0,1622937600000
tank_0276,0.0,1622937600000
tank_0278,0.0,1622937600000
tank_0280,0.0,1622937600000
tank_0291,0.0,1622937600000
tank_0292,0.0,1622937600000
tank_0296,0.0,1622937600000
tank_0297,0.0,1622937600000
tank_0299,0.0,1622937600000
tank_0300,0.0,1622937600000
tank_0301,0.0,1622937600000
tank_0307,0.0,1622937600000
tank_0309,17.92549019607843,1622937600000
tank_0313,0.0,1622937600000
tank_0314,0.0,1622937600000
tank_0319,0.0,1622937600000
tank_0321,0.0,1622937600000
tank_0327,0.0,1622937600000
tank_0337,0.0,1622937600000
tank_0338,0.0,1622937600000
tank_0339,0.0,1622937600000
tank_0342,4.0,1622937600000
tank_0345,0.0,1622937600000
tank_0346,0.0,1622937600000
tank_0349,66.0,1622937600000
tank_0350,0.0,1622937600000
tank_0353,0.0,1622937600000
tank_0356,0.0,1622937600000
tank_0360,0.0,1622937600000
tank_0361,0.0,1622937600000
tank_0362,0.0,1622937600000
tank_0364,0.0,1622937600000
tank_0366,0.0,1622937600000
tank_0369,0.0,1622937600000
tank_0375,0.0,1622937600000
tank_0379,0.0,1622937600000
tank_0381,0.0,1622937600000
tank_0386,26.0,1622937600000
tank_0390,0.0,1622937600000
tank_0397,0.0,1622937600000
tank_0399,0.0,1622937600000
tank_0404,0.0,1622937600000
tank_0409,0.0,1622937600000
tank_0420,0.0,1622937600000
tank_0425,0.0,1622937600000
tank_0431,0.0,1622937600000
tank_0432,0.0,1622937600000
tank_0435,0.0,1622937600000
tank_0436,0.0,1622937600000
tank_0438,0.0,1622937600000
tank_0443,0.0,1622937600000
tank_0444,0.0,1622937600000
tank_0447,0.0,1622937600000
tank_0448,0.0,1622937600000
tank_0449,0.0,1622937600000
tank_0455,0.0,1622937600000
tank_0460,0.0,1622937600000
tank_0462,191.0,1622937600000
tank_0466,0.0,1622937600000
tank_0471,0.0,1622937600000
tank_0473,0.0,1622937600000
tank_0474,0.0,1622937600000
tank_0481,0.0,1622937600000
tank_0485,0.0,1622937600000
tank_0489,0.0,1622937600000
tank_0491,0.0,1622937600000
tank_0494,0.0,1622937600000
tank_0497,0.0,1622937600000
tank_0498,0.0,1622937600000
tank_0502,0.0,1622937600000
tank_0505,0.0,1622937600000
tank_0509,0.0,1622937600000
tank_0512,0.0,1622937600000
tank_0514,0.0,1622937600000
tank_0515,0.0,1622937600000
tank_0521,0.0,1622937600000
tank_0524,0.0,1622937600000
tank_0526,55.0,1622937600000
tank_0533,0.0,1622937600000
tank_0534,0.0,1622937600000
tank_0536,16.0,1622937600000
tank_0537,0.0,1622937600000
tank_0541,0.0,1622937600000
tank_0547,0.0,1622937600000
tank_0552,0.0,1622937600000
tank_0555,0.0,1622937600000
tank_0556,0.0,1622937600000
tank_0557,0.0,1622937600000
tank_0560,0.0,1622937600000
tank_0561,0.0,1622937600000
tank_0566,0.0,1622937600000
tank_0567,0.0,1622937600000
tank_0568,0.0,1622937600000
tank_0574,0.0,1622937600000
tank_0579,0.0,1622937600000
tank_0583,8.0,1622937600000
tank_0587,0.0,1622937600000
tank_0589,0.0,1622937600000
tank_0590,0.0,1622937600000
tank_0592,0.0,1622937600000
tank_0593,0.0,1622937600000
tank_0595,0.0,1622937600000
tank_0600,0.0,1622937600000
tank_0604,0.0,1622937600000
tank_0606,0.0,1622937600000
tank_0607,0.0,1622937600000
tank_0608,76.0,1622937600000
tank_0610,0.0,1622937600000
tank_0611,0.0,1622937600000
tank_0612,0.0,1622937600000
tank_0613,0.0,1622937600000
tank_0619,0.0,1622937600000
tank_0626,0.0,1622937600000
tank_0627,0.0,1622937600000
tank_0628,0.0,1622937600000
tank_0632,0.0,1622937600000
tank_0633,0.0,1622937600000
tank_0639,0.0,1622937600000
tank_0640,0.0,1622937600000
tank_0641,0.0,1622937600000
tank_0643,0.0,1622937600000
tank_0646,0.0,1622937600000
tank_0663,0.0,1622937600000
tank_0664,0.0,1622937600000
tank_0666,0.0,1622937600000
tank_0667,0.0,1622937600000
tank_0670,0.0,1622937600000
tank_0675,0.0,1622937600000
tank_0676,0.0,1622937600000
tank_0678,0.0,1622937600000
tank_0681,0.0,1622937600000
tank_0687,0.0,1622937600000
tank_0688,30.0,1622937600000
tank_0697,0.0,1622937600000
tank_0720,0.0,1622937600000
tank_0722,0.0,1622937600000
tank_0724,0.0,1622937600000
tank_0725,16.0,1622937600000
tank_0728,0.0,1622937600000
tank_0730,0.0,1622937600000
tank_0731,12.0,1622937600000
tank_0732,0.0,1622937600000
tank_0737,233.0,1622937600000
tank_0739,0.0,1622937600000
tank_0740,0.0,1622937600000
tank_0746,0.0,1622937600000
tank_0748,0.0,1622937600000
tank_0749,0.0,1622937600000
tank_0752,0.0,1622937600000
tank_0760,0.0,1622937600000
tank_0770,0.0,1622937600000
tank_0772,0.0,1622937600000
tank_0788,0.0,1622937600000
tank_0789,0.0,1622937600000
tank_0792,0.0,1622937600000
tank_0797,0.0,1622937600000
tank_0800,0.0,1622937600000
tank_0802,0.0,1622937600000
tank_0803,0.0,1622937600000
tank_0808,0.0,1622937600000
tank_0810,0.0,1622937600000
tank_0811,0.0,1622937600000
tank_0812,0.0,1622937600000
tank_0813,0.0,1622937600000
tank_0816,0.0,1622937600000
tank_0819,0.0,1622937600000
tank_0823,0.0,1622937600000
tank_0824,35.0,1622937600000
tank_0825,0.0,1622937600000
tank_0828,0.0,1622937600000
tank_0829,26.858823529411765,1622937600000
tank_0830,0.0,1622937600000
tank_0831,0.0,1622937600000
tank_0844,0.0,1622937600000
tank_0852,0.0,1622937600000
tank_0855,0.0,1622937600000
tank_0856,430.0,1622937600000
tank_0860,0.0,1622937600000
tank_0861,0.0,1622937600000
tank_0872,0.0,1622937600000
tank_0875,24.0,1622937600000
tank_0879,0.0,1622937600000
tank_0885,0.0,1622937600000
tank_0891,0.0,1622937600000
tank_0894,79.0,1622937600000
tank_0898,190.0,1622937600000
tank_0900,0.0,1622937600000
tank_0901,23.0,1622937600000
tank_0902,20.0,1622937600000
tank_0914,0.0,1622937600000
tank_0917,0.0,1622937600000
tank_0919,0.0,1622937600000
tank_0920,50.0,1622937600000
tank_0922,2.0,1622937600000
tank_0923,0.0,1622937600000
tank_0924,0.0,1622937600000
tank_0926,0.0,1622937600000
tank_0927,0.0,1622937600000
tank_0928,2.0,1622937600000
tank_0930,69.0,1622937600000
tank_0931,0.0,1622937600000
tank_0933,0.0,1622937600000
tank_0934,0.0,1622937600000
tank_0937,0.0,1622937600000
tank_0938,0.0,1622937600000
tank_0939,0.0,1622937600000
tank_0944,0.0,1622937600000
tank_0946,0.0,1622937600000
tank_0952,6.0,1622937600000
tank_0958,0.0,1622937600000
tank_0962,111.0,1622937600000
tank_0967,0.0,1622937600000
tank_0975,0.0,1622937600000
tank_0978,0.0,1622937600000
tank_0990,0.0,1622937600000
tank_0991,105.0,1622937600000
tank_0998,0.0,1622937600000
tank_0999,0.0,1622937600000
tank_1003,374.0,1622937600000
tank_1004,0.0,1622937600000
tank_1014,101.0,1622937600000
tank_1026,128.0,1622937600000
tank_1031,7.0,1622937600000
tank_1032,0.0,1622937600000
tank_1034,0.0,1622937600000
tank_1042,18.0,1622937600000
tank_1045,3.0,1622937600000
tank_1049,0.0,1622937600000
tank_1055,0.0,1622937600000
tank_1061,0.0,1622937600000
tank_1062,0.0,1622937600000
tank_1064,0.0,1622937600000
tank_1065,0.0,1622937600000
tank_1066,0.0,1622937600000
tank_1070,15.0,1622937600000
tank_1073,32.0,1622937600000
tank_1083,182.0,1622937600000
tank_1086,0.0,1622937600000
tank_1088,2.376470588235294,1622937600000
tank_1089,11.0,1622937600000
tank_1090,0.0,1622937600000
tank_1091,0.0,1622937600000
tank_1094,598.0,1622937600000
tank_1095,6.0,1622937600000
tank_1104,1.7490196078431373,1622937600000
tank_1113,38.0,1622937600000
tank_1116,0.0,1622937600000
tank_1117,0.0,1622937600000
tank_1120,66.0,1622937600000
tank_1121,69.0,1622937600000
tank_1124,12.0,1622937600000
tank_1128,28.0,1622937600000
tank_1134,0.0,1622937600000
tank_1135,9.0,1622937600000
tank_1146,5.749019607843137,1622937600000
tank_1149,0.0,1622937600000
tank_1156,0.0,1622937600000
tank_1157,8.207843137254903,1622937600000
tank_1159,0.0,1622937600000
tank_1160,356.0,1622937600000
tank_1166,0.0,1622937600000
tank_1170,4.494117647058824,1622937600000
tank_1175,0.0,1622937600000
tank_1177,0.0,1622937600000
tank_1179,0.0,1622937600000
tank_1181,59.0,1622937600000
tank_1186,20.0,1622937600000
tank_1187,0.0,1622937600000
tank_1190,0.0,1622937600000
tank_1192,22.0,1622937600000
tank_1196,0.0,1622937600000
tank_1197,794.0,1622937600000
tank_1201,60.0,1622937600000
tank_1203,0.0,1622937600000
tank_1205,101.0,1622937600000
tank_1209,130.0,1622937600000
tank_1217,0.0,1622937600000
tank_1223,0.0,1622937600000
tank_1226,0.0,1622937600000
tank_1228,20.0,1622937600000
tank_1230,0.0,1622937600000
tank_1237,0.0,1622937600000
tank_1239,358.8666666666667,1622937600000
tank_1245,0.0,1622937600000
tank_1246,18.0,1622937600000
tank_1250,0.0,1622937600000
tank_1254,1350.0,1622937600000
tank_1255,0.0,1622937600000
tank_1258,0.0,1622937600000
tank_1261,0.0,1622937600000
tank_1262,0.0,1622937600000
tank_1263,0.0,1622937600000
tank_1265,0.0,1622937600000
tank_1270,0.0,1622937600000
tank_1272,0.0,1622937600000
tank_1275,0.0,1622937600000
tank_1276,5.0,1622937600000
tank_1279,0.0,1622937600000
tank_1280,0.0,1622937600000
tank_1284,0.0,1622937600000
tank_1285,0.0,1622937600000
tank_1286,15.0,1622937600000
tank_1290,0.0,1622937600000
tank_1291,0.0,1622937600000
tank_1293,19.0,1622937600000
tank_1295,0.0,1622937600000
tank_1297,46.0,1622937600000
tank_1301,169.0,1622937600000
tank_1302,0.0,1622937600000
tank_1304,0.0,1622937600000
tank_1305,2.0,1622937600000
tank_1313,150.0,1622937600000
tank_1322,0.0,1622937600000
tank_1325,39.0,1622937600000
tank_1326,0.0,1622937600000
tank_1344,0.0,1622937600000
tank_1346,0.0,1622937600000
tank_1349,0.0,1622937600000
tank_1353,179.0,1622937600000
tank_1358,0.0,1622937600000
tank_1359,0.0,1622937600000
tank_1361,9.0,1622937600000
tank_1364,264.0,1622937600000
tank_1365,0.0,1622937600000
tank_1372,7.0,1622937600000
tank_1374,43.0,1622937600000
tank_1378,66.0,1622937600000
tank_1380,0.0,1622937600000
tank_1386,7.0,1622937600000
tank_1391,0.0,1622937600000
tank_1393,9.0,1622937600000
tank_1396,7.0,1622937600000
tank_1397,0.0,1622937600000
tank_1403,0.0,1622937600000
tank_1409,0.0,1622937600000
tank_1412,0.0,1622937600000
tank_1415,0.0,1622937600000
tank_1416,0.0,1622937600000
tank_1421,41.0,1622937600000
tank_1422,0.0,1622937600000
tank_1425,305.0,1622937600000
tank_1426,0.0,1622937600000
tank_1430,0.0,1622937600000
tank_1433,46.0,1622937600000
tank_1438,0.0,1622937600000
tank_1439,0.0,1622937600000
tank_1441,0.0,1622937600000
tank_1443,0.0,1622937600000
tank_1445,39.0,1622937600000
tank_1446,0.0,1622937600000
tank_1450,0.0,1622937600000
tank_1452,0.0,1622937600000
tank_1456,0.0,1622937600000
tank_1466,0.0,1622937600000
tank_1471,0.0,1622937600000
tank_1475,134.0,1622937600000
tank_1486,626.0,1622937600000
tank_1488,0.0,1622937600000
tank_1491,0.0,1622937600000
tank_1500,19.0,1622937600000
tank_1505,310.0,1622937600000
tank_1513,14.0,1622937600000
tank_1531,42.0,1622937600000
tank_1536,0.0,1622937600000
tank_1539,369.0,1622937600000
tank_1541,0.0,1622937600000
tank_1542,0.0,1622937600000
tank_1547,100.0,1622937600000
tank_1563,0.0,1622937600000
tank_1564,0.0,1622937600000
tank_1565,610.0,1622937600000
tank_1567,11.0,1622937600000
tank_1568,0.0,1622937600000
tank_1573,0.0,1622937600000
tank_1583,3.0,1622937600000
tank_1587,663.0,1622937600000
tank_1588,0.0,1622937600000
tank_1592,0.0,1622937600000
tank_1594,54.0,1622937600000
tank_1595,16.0,1622937600000
tank_1597,28.094117647058827,1622937600000
tank_1598,0.0,1622937600000
tank_1600,0.0,1622937600000
tank_1604,0.0,1622937600000
tank_0002,0.0,1623974400000
tank_0004,0.0,1623974400000
tank_0005,0.0,1623974400000
tank_0011,0.0,1623974400000
tank_0014,0.0,1623974400000
tank_0019,0.0,1623974400000
tank_0024,0.0,1623974400000
tank_0025,0.0,1623974400000
tank_0026,0.0,1623974400000
tank_0027,0.0,1623974400000
tank_0030,0.0,1623974400000
tank_0031,2.0,1623974400000
tank_0036,0.0,1623974400000
tank_0037,0.0,1623974400000
tank_0038,3.0,1623974400000
tank_0050,0.0,1623974400000
tank_0051,0.0,1623974400000
tank_0052,0.0,1623974400000
tank_0053,0.0,1623974400000
tank_0055,0.0,1623974400000
tank_0057,0.0,1623974400000
tank_0058,5.0,1623974400000
tank_0064,0.0,1623974400000
tank_0069,0.0,1623974400000
tank_0072,0.0,1623974400000
tank_0073,0.0,1623974400000
tank_0080,18.0,1623974400000
tank_0094,0.0,1623974400000
tank_0107,0.0,1623974400000
tank_0110,0.0,1623974400000
tank_0113,6.0,1623974400000
tank_0115,0.0,1623974400000
tank_0116,0.0,1623974400000
tank_0117,37.0,1623974400000
tank_0118,0.0,1623974400000
tank_0122,0.0,1623974400000
tank_0125,4.0,1623974400000
tank_0130,0.0,1623974400000
tank_0131,0.0,1623974400000
tank_0132,0.0,1623974400000
tank_0134,0.0,1623974400000
tank_0135,0.0,1623974400000
tank_0142,0.0,1623974400000
tank_0143,0.0,1623974400000
tank_0144,0.0,1623974400000
tank_0148,0.0,1623974400000
tank_0153,2.0,1623974400000
tank_0156,0.0,1623974400000
tank_0159,1.83921568627451,1623974400000
tank_0165,0.0,1623974400000
tank_0171,0.0,1623974400000
tank_0172,0.0,1623974400000
tank_0174,2.317647058823529,1623974400000
tank_0176,0.0,1623974400000
tank_0184,0.0,1623974400000
tank_0187,4.823529411764706,1623974400000
tank_0190,2.0,1623974400000
tank_0192,0.0,1623974400000
tank_0193,0.0,1623974400000
tank_0195,0.0,1623974400000
tank_0199,0.0,1623974400000
tank_0204,0.0,1623974400000
tank_0205,0.0,1623974400000
tank_0207,0.0,1623974400000
tank_0209,0.0,1623974400000
tank_0213,8.0,1623974400000
tank_0217,0.0,1623974400000
tank_0220,0.0,1623974400000
tank_0221,0.12156862745098039,1623974400000
tank_0225,0.0,1623974400000
tank_0226,0.0,1623974400000
tank_0228,0.0,1623974400000
tank_0229,6.3843137254901965,1623974400000
tank_0231,0.25882352941176473,1623974400000
tank_0233,0.0,1623974400000
tank_0236,4.0,1623974400000
tank_0237,0.0,1623974400000
tank_0240,0.0,1623974400000
tank_0242,0.0,1623974400000
tank_0245,0.0,1623974400000
tank_0247,7.0,1623974400000
tank_0256,4.545098039215686,1623974400000
tank_0257,1.0,1623974400000
tank_0260,0.0,1623974400000
tank_0261,0.0,1623974400000
tank_0264,0.0,1623974400000
tank_0273,10.0,1623974400000
tank_0276,0.0,1623974400000
tank_0278,0.0,1623974400000
tank_0280,0.0,1623974400000
tank_0291,0.0,1623974400000
tank_0292,1.3647058823529412,1623974400000
tank_0296,0.0,1623974400000
tank_0297,0.0,1623974400000
tank_0299,0.0,1623974400000
tank_0300,2.4117647058823533,1623974400000
tank_0301,0.0,1623974400000
tank_0307,0.0,1623974400000
tank_0309,22.92549019607843,1623974400000
tank_0313,0.0,1623974400000
tank_0314,0.0,1623974400000
tank_0319,0.0,1623974400000
tank_0321,0.0,1623974400000
tank_0327,0.0,1623974400000
tank_0337,6.294117647058823,1623974400000
tank_0338,0.0,1623974400000
tank_0339,12.509803921568627,1623974400000
tank_0342,2.0,1623974400000
tank_0345,0.0,1623974400000
tank_0346,0.0,1623974400000
tank_0349,94.0,1623974400000
tank_0350,0.0,1623974400000
tank_0353,0.0,1623974400000
tank_0356,0.0,1623974400000
tank_0360,0.0,1623974400000
tank_0361,0.0,1623974400000
tank_0362,0.0,1623974400000
tank_0364,0.0,1623974400000
tank_0366,2.0,1623974400000
tank_0369,0.0,1623974400000
tank_0375,0.0,1623974400000
tank_0379,0.0,1623974400000
tank_0381,0.8156862745098039,1623974400000
tank_0386,27.0,1623974400000
tank_0390,0.0,1623974400000
tank_0397,0.0,1623974400000
tank_0399,0.0,1623974400000
tank_0404,1.0666666666666667,1623974400000
tank_0409,0.0,1623974400000
tank_0420,0.0,1623974400000
tank_0425,0.0,1623974400000
tank_0431,0.0,1623974400000
tank_0432,0.0,1623974400000
tank_0435,0.0,1623974400000
tank_0436,0.0,1623974400000
tank_0438,0.5176470588235293,1623974400000
tank_0443,0.6235294117647059,1623974400000
tank_0444,0.0,1623974400000
tank_0447,0.0,1623974400000
tank_0448,0.0,1623974400000
tank_0449,0.10980392156862745,1623974400000
tank_0455,0.0,1623974400000
tank_0460,0.0,1623974400000
tank_0462,25.0,1623974400000
tank_0466,0.0,1623974400000
tank_0471,0.0,1623974400000
tank_0473,0.0,1623974400000
tank_0474,2.0,1623974400000
tank_0481,0.0,1623974400000
tank_0485,0.0,1623974400000
tank_0489,0.0,1623974400000
tank_0491,0.0,1623974400000
tank_0494,0.0,1623974400000
tank_0497,0.0,1623974400000
tank_0498,0.0,1623974400000
tank_0502,0.0,1623974400000
tank_0505,0.0,1623974400000
tank_0509,0.8117647058823529,1623974400000
tank_0512,0.0,1623974400000
tank_0514,0.0,1623974400000
tank_0515,0.8196078431372549,1623974400000
tank_0521,0.0,1623974400000
tank_0524,0.0,1623974400000
tank_0526,42.0,1623974400000
tank_0533,0.0,1623974400000
tank_0534,0.0,1623974400000
tank_0536,6.0,1623974400000
tank_0537,0.0,1623974400000
tank_0541,0.0,1623974400000
tank_0547,0.0,1623974400000
tank_0552,0.0,1623974400000
tank_0555,0.0,1623974400000
tank_0556,0.0,1623974400000
tank_0557,0.0,1623974400000
tank_0560,0.0,1623974400000
tank_0561,0.0,1623974400000
tank_0566,0.0,1623974400000
tank_0567,0.0,1623974400000
tank_0568,7.917647058823528,1623974400000
tank_0574,0.0,1623974400000
tank_0579,0.0,1623974400000
tank_0583,0.0,1623974400000
tank_0587,0.0,1623974400000
tank_0589,0.0,1623974400000
tank_0590,0.0,1623974400000
tank_0592,0.0,1623974400000
tank_0593,0.0,1623974400000
tank_0595,0.0,1623974400000
tank_0600,6.952941176470588,1623974400000
tank_0604,0.0,1623974400000
tank_0606,0.0,1623974400000
tank_0607,0.0,1623974400000
tank_0608,46.0,1623974400000
tank_0610,0.0,1623974400000
tank_0611,4.588235294117647,1623974400000
tank_0612,0.3137254901960784,1623974400000
tank_0613,0.0,1623974400000
tank_0619,0.0,1623974400000
tank_0626,0.0,1623974400000
tank_0627,0.0,1623974400000
tank_0628,0.0,1623974400000
tank_0632,0.0,1623974400000
tank_0633,0.3333333333333333,1623974400000
tank_0639,0.0,1623974400000
tank_0640,0.0,1623974400000
tank_0641,0.0,1623974400000
tank_0643,0.0,1623974400000
tank_0646,0.0,1623974400000
tank_0663,0.0,1623974400000
tank_0664,0.0,1623974400000
tank_0666,0.0,1623974400000
tank_0667,0.0,1623974400000
tank_0670,0.0,1623974400000
tank_0675,0.0,1623974400000
tank_0676,0.0,1623974400000
tank_0678,0.3568627450980392,1623974400000
tank_0681,0.0,1623974400000
tank_0687,0.0,1623974400000
tank_0688,0.0,1623974400000
tank_0697,0.0,1623974400000
tank_0720,0.0,1623974400000
tank_0722,0.0,1623974400000
tank_0724,0.0,1623974400000
tank_0725,15.0,1623974400000
tank_0728,0.0,1623974400000
tank_0730,0.0,1623974400000
tank_0731,0.0,1623974400000
tank_0732,0.0,1623974400000
tank_0737,43.0,1623974400000
tank_0739,0.0,1623974400000
tank_0740,9.956862745098041,1623974400000
tank_0746,0.0,1623974400000
tank_0748,0.0,1623974400000
tank_0749,0.0,1623974400000
tank_0752,0.0,1623974400000
tank_0760,0.0,1623974400000
tank_0770,0.0,1623974400000
tank_0772,0.0,1623974400000
tank_0788,0.0,1623974400000
tank_0789,0.0,1623974400000
tank_0792,29.274509803921568,1623974400000
tank_0797,0.0,1623974400000
tank_0800,0.0,1623974400000
tank_0802,0.0,1623974400000
tank_0803,0.0,1623974400000
tank_0808,9.67450980392157,1623974400000
tank_0810,0.0,1623974400000
tank_0811,0.0,1623974400000
tank_0812,0.0,1623974400000
tank_0813,1.4313725490196079,1623974400000
tank_0816,0.0,1623974400000
tank_0819,0.0,1623974400000
tank_0823,0.0,1623974400000
tank_0824,26.0,1623974400000
tank_0825,0.0,1623974400000
tank_0828,0.0,1623974400000
tank_0829,19.0,1623974400000
tank_0830,0.0,1623974400000
tank_0831,6.254901960784314,1623974400000
tank_0844,0.0,1623974400000
tank_0852,0.0,1623974400000
tank_0855,0.0,1623974400000
tank_0856,457.0,1623974400000
tank_0860,0.0,1623974400000
tank_0861,0.0,1623974400000
tank_0872,0.0,1623974400000
tank_0875,3.0,1623974400000
tank_0879,0.0,1623974400000
tank_0885,0.0,1623974400000
tank_0891,0.0,1623974400000
tank_0894,82.0,1623974400000
tank_0898,66.0,1623974400000
tank_0900,0.0,1623974400000
tank_0901,14.0,1623974400000
tank_0902,4.0,1623974400000
tank_0914,0.0,1623974400000
tank_0917,0.0,1623974400000
tank_0919,0.0,1623974400000
tank_0920,22.0,1623974400000
tank_0922,9.0,1623974400000
tank_0923,0.0,1623974400000
tank_0924,0.0,1623974400000
tank_0926,0.0,1623974400000
tank_0927,0.0,1623974400000
tank_0928,0.0,1623974400000
tank_0930,62.0,1623974400000
tank_0931,0.0,1623974400000
tank_0933,0.0,1623974400000
tank_0934,0.0,1623974400000
tank_0937,0.0,1623974400000
tank_0938,0.0,1623974400000
tank_0939,2.2784313725490195,1623974400000
tank_0944,0.0,1623974400000
tank_0946,0.0,1623974400000
tank_0952,0.0,1623974400000
tank_0958,0.0,1623974400000
tank_0962,96.0,1623974400000
tank_0967,0.0,1623974400000
tank_0975,0.0,1623974400000
tank_0978,0.0,1623974400000
tank_0990,0.0,1623974400000
tank_0991,174.0,1623974400000
tank_0998,0.0,1623974400000
tank_0999,0.0,1623974400000
tank_1003,52.0,1623974400000
tank_1004,6.635294117647058,1623974400000
tank_1014,88.0,1623974400000
tank_1026,77.0,1623974400000
tank_1031,6.0,1623974400000
tank_1032,7.250980392156863,1623974400000
tank_1034,1.0509803921568628,1623974400000
tank_1042,34.85490196078432,1623974400000
tank_1045,0.0,1623974400000
tank_1049,7.0,1623974400000
tank_1055,1.4980392156862745,1623974400000
tank_1061,0.0,1623974400000
tank_1062,1.4117647058823528,1623974400000
tank_1064,0.0,1623974400000
tank_1065,1.8980392156862744,1623974400000
tank_1066,0.0,1623974400000
tank_1070,19.0,1623974400000
tank_1073,10.0,1623974400000
tank_1083,183.0,1623974400000
tank_1086,5.0,1623974400000
tank_1088,18.2235294117647,1623974400000
tank_1089,11.0,1623974400000
tank_1090,6.0,1623974400000
tank_1091,0.0,1623974400000
tank_1094,736.0,1623974400000
tank_1095,13.501960784313725,1623974400000
tank_1104,0.0,1623974400000
tank_1113,24.0,1623974400000
tank_1116,5.407843137254902,1623974400000
tank_1117,0.0,1623974400000
tank_1120,12.0,1623974400000
tank_1121,339.85490196078433,1623974400000
tank_1124,17.71372549019608,1623974400000
tank_1128,35.0,1623974400000
tank_1134,0.0,1623974400000
tank_1135,18.0,1623974400000
tank_1146,26.0,1623974400000
tank_1149,0.0,1623974400000
tank_1156,0.0,1623974400000
tank_1157,15.423529411764708,1623974400000
tank_1159,0.0,1623974400000
tank_1160,408.0,1623974400000
tank_1166,0.0,1623974400000
tank_1170,15.24313725490196,1623974400000
tank_1175,0.0,1623974400000
tank_1177,5.019607843137255,1623974400000
tank_1179,18.0,1623974400000
tank_1181,25.0,1623974400000
tank_1186,43.0,1623974400000
tank_1187,54.854901960784325,1623974400000
tank_1190,16.749019607843138,1623974400000
tank_1192,25.0,1623974400000
tank_1196,0.0,1623974400000
tank_1197,357.0,1623974400000
tank_1201,72.0,1623974400000
tank_1203,1.6235294117647059,1623974400000
tank_1205,165.0,1623974400000
tank_1209,17.0,1623974400000
tank_1217,0.0,1623974400000
tank_1223,0.0,1623974400000
tank_1226,0.0,1623974400000
tank_1228,21.0,1623974400000
tank_1230,0.0,1623974400000
tank_1237,9.0,1623974400000
tank_1239,604.0,1623974400000
tank_1245,1.552941176470588,1623974400000
tank_1246,8.0,1623974400000
tank_1250,0.0,1623974400000
tank_1254,203.0,1623974400000
tank_1255,5.4,1623974400000
tank_1258,0.0,1623974400000
tank_1261,0.10980392156862745,1623974400000
tank_1262,3.6431372549019607,1623974400000
tank_1263,0.0,1623974400000
tank_1265,0.0,1623974400000
tank_1270,0.0,1623974400000
tank_1272,0.0,1623974400000
tank_1275,0.0,1623974400000
tank_1276,10.0,1623974400000
tank_1279,0.0,1623974400000
tank_1280,0.0,1623974400000
tank_1284,0.0,1623974400000
tank_1285,0.0,1623974400000
tank_1286,32.0,1623974400000
tank_1290,0.0,1623974400000
tank_1291,0.0,1623974400000
tank_1293,26.0,1623974400000
tank_1295,0.0,1623974400000
tank_1297,46.0,1623974400000
tank_1301,47.0,1623974400000
tank_1302,0.0,1623974400000
tank_1304,0.0,1623974400000
tank_1305,5.0,1623974400000
tank_1313,78.0,1623974400000
tank_1322,0.0,1623974400000
tank_1325,61.976470588235294,1623974400000
tank_1326,0.0,1623974400000
tank_1344,0.0,1623974400000
tank_1346,0.0,1623974400000
tank_1349,0.0,1623974400000
tank_1353,230.0,1623974400000
tank_1358,0.0,1623974400000
tank_1359,0.0,1623974400000
tank_1361,92.0,1623974400000
tank_1364,300.0,1623974400000
tank_1365,0.0,1623974400000
tank_1372,6.0,1623974400000
tank_1374,54.0,1623974400000
tank_1378,89.0,1623974400000
tank_1380,0.0,1623974400000
tank_1386,21.0,1623974400000
tank_1391,0.0,1623974400000
tank_1393,3.0,1623974400000
tank_1396,22.0,1623974400000
tank_1397,0.0,1623974400000
tank_1403,0.0,1623974400000
tank_1409,0.0,1623974400000
tank_1412,0.0,1623974400000
tank_1415,0.0,1623974400000
tank_1416,0.0,1623974400000
tank_1421,94.0,1623974400000
tank_1422,0.0,1623974400000
tank_1425,530.0,1623974400000
tank_1426,5.0,1623974400000
tank_1430,0.0,1623974400000
tank_1433,212.0,1623974400000
tank_1438,0.0,1623974400000
tank_1439,0.0,1623974400000
tank_1441,0.0,1623974400000
tank_1443,0.0,1623974400000
tank_1445,37.0,1623974400000
tank_1446,0.0,1623974400000
tank_1450,0.0,1623974400000
tank_1452,0.0,1623974400000
tank_1456,0.0,1623974400000
tank_1466,1.7843137254901962,1623974400000
tank_1471,0.0,1623974400000
tank_1475,222.0,1623974400000
tank_1486,771.0,1623974400000
tank_1488,0.0,1623974400000
tank_1491,0.0,1623974400000
tank_1500,20.0,1623974400000
tank_1505,545.0,1623974400000
tank_1513,383.0,1623974400000
tank_1531,45.0,1623974400000
tank_1536,0.0,1623974400000
tank_1539,437.0,1623974400000
tank_1541,0.0,1623974400000
tank_1542,0.0,1623974400000
tank_1547,69.0,1623974400000
tank_1563,0.0,1623974400000
tank_1564,0.0,1623974400000
tank_1565,125.0,1623974400000
tank_1567,31.0,1623974400000
tank_1568,0.0,1623974400000
tank_1573,0.0,1623974400000
tank_1583,0.0,1623974400000
tank_1587,660.0,1623974400000
tank_1588,0.0,1623974400000
tank_1592,0.0,1623974400000
tank_1594,61.0,1623974400000
tank_1595,0.0,1623974400000
tank_1597,126.23529411764706,1623974400000
tank_1598,0.0,1623974400000
tank_1600,0.0,1623974400000
tank_1604,0.0,1623974400000
tank_0002,0.0,1625011200000
tank_0004,0.0,1625011200000
tank_0005,0.0,1625011200000
tank_0011,0.0,1625011200000
tank_0014,0.0,1625011200000
tank_0019,0.0,1625011200000
tank_0024,0.0,1625011200000
tank_0025,0.0,1625011200000
tank_0026,0.0,1625011200000
tank_0027,0.0,1625011200000
tank_0030,0.0,1625011200000
tank_0031,2.0,1625011200000
tank_0036,0.0,1625011200000
tank_0037,0.0,1625011200000
tank_0038,34.19607843137255,1625011200000
tank_0050,0.0,1625011200000
tank_0051,0.0,1625011200000
tank_0052,0.0,1625011200000
tank_0053,13.066666666666666,1625011200000
tank_0055,0.0,1625011200000
tank_0057,0.0,1625011200000
tank_0058,0.0,1625011200000
tank_0064,0.0,1625011200000
tank_0069,1.3254901960784313,1625011200000
tank_0072,0.0,1625011200000
tank_0073,0.0,1625011200000
tank_0080,17.0,1625011200000
tank_0094,0.0,1625011200000
tank_0107,0.0,1625011200000
tank_0110,0.0,1625011200000
tank_0113,10.0,1625011200000
tank_0115,0.0,1625011200000
tank_0116,0.4745098039215686,1625011200000
tank_0117,40.0,1625011200000
tank_0118,0.0,1625011200000
tank_0122,0.0,1625011200000
tank_0125,2.0,1625011200000
tank_0130,0.0,1625011200000
tank_0131,0.0,1625011200000
tank_0132,0.0,1625011200000
tank_0134,0.0,1625011200000
tank_0135,0.0,1625011200000
tank_0142,0.0,1625011200000
tank_0143,0.0,1625011200000
tank_0144,0.0,1625011200000
tank_0148,0.0,1625011200000
tank_0153,0.0,1625011200000
tank_0156,11.75686274509804,1625011200000
tank_0159,0.8549019607843138,1625011200000
tank_0165,6.0,1625011200000
tank_0171,0.0,1625011200000
tank_0172,0.0,1625011200000
tank_0174,12.36862745098039,1625011200000
tank_0176,0.0,1625011200000
tank_0184,0.0,1625011200000
tank_0187,4.0,1625011200000
tank_0190,3.329411764705882,1625011200000
tank_0192,0.0,1625011200000
tank_0193,0.0,1625011200000
tank_0195,0.4980392156862745,1625011200000
tank_0199,0.0,1625011200000
tank_0204,0.0,1625011200000
tank_0205,3.3607843137254902,1625011200000
tank_0207,0.0,1625011200000
tank_0209,0.0,1625011200000
tank_0213,0.0,1625011200000
tank_0217,0.0,1625011200000
tank_0220,0.0,1625011200000
tank_0221,3.9019607843137254,1625011200000
tank_0225,0.0,1625011200000
tank_0226,5.0,1625011200000
tank_0228,0.0,1625011200000
tank_0229,1.4823529411764707,1625011200000
tank_0231,0.0,1625011200000
tank_0233,0.0,1625011200000
tank_0236,3.0,1625011200000
tank_0237,0.0,1625011200000
tank_0240,0.09803921568627451,1625011200000
tank_0242,0.0,1625011200000
tank_0245,0.5607843137254902,1625011200000
tank_0247,6.0,1625011200000
tank_0256,0.47058823529411764,1625011200000
tank_0257,0.0,1625011200000
tank_0260,0.4980392156862745,1625011200000
tank_0261,0.0,1625011200000
tank_0264,0.0,1625011200000
tank_0273,0.0,1625011200000
tank_0276,0.0,1625011200000
tank_0278,0.0,1625011200000
tank_0280,0.0,1625011200000
tank_0291,0.0,1625011200000
tank_0292,7.125490196078431,1625011200000
tank_0296,0.0,1625011200000
tank_0297,0.0,1625011200000
tank_0299,5.039215686274509,1625011200000
tank_0300,3.2588235294117647,1625011200000
tank_0301,1.5529411764705883,1625011200000
tank_0307,0.0,1625011200000
tank_0309,4.0,1625011200000
tank_0313,0.0,1625011200000
tank_0314,0.0,1625011200000
tank_0319,0.0,1625011200000
tank_0321,5.0,1625011200000
tank_0327,0.0,1625011200000
tank_0337,1.6941176470588235,1625011200000
tank_0338,0.0,1625011200000
tank_0339,22.254901960784313,1625011200000
tank_0342,0.0,1625011200000
tank_0345,0.0,1625011200000
tank_0346,0.0,1625011200000
tank_0349,91.0,1625011200000
tank_0350,2.0,1625011200000
tank_0353,0.0,1625011200000
tank_0356,0.0,1625011200000
tank_0360,0.0,1625011200000
tank_0361,0.0,1625011200000
tank_0362,0.0,1625011200000
tank_0364,0.0,1625011200000
tank_0366,1.1176470588235294,1625011200000
tank_0369,0.0,1625011200000
tank_0375,0.0,1625011200000
tank_0379,3.4980392156862745,1625011200000
tank_0381,7.372549019607843,1625011200000
tank_0386,30.0,1625011200000
tank_0390,0.0,1625011200000
tank_0397,0.0,1625011200000
tank_0399,0.0,1625011200000
tank_0404,0.0,1625011200000
tank_0409,0.0,1625011200000
tank_0420,0.0,1625011200000
tank_0425,0.0,1625011200000
tank_0431,0.0,1625011200000
tank_0432,0.0,1625011200000
tank_0435,0.0,1625011200000
tank_0436,0.0,1625011200000
tank_0438,0.0,1625011200000
tank_0443,4.749019607843137,1625011200000
tank_0444,0.0,1625011200000
tank_0447,8.662745098039217,1625011200000
tank_0448,0.0,1625011200000
tank_0449,0.0,1625011200000
tank_0455,4.0,1625011200000
tank_0460,0.803921568627451,1625011200000
tank_0462,26.0,1625011200000
tank_0466,0.0,1625011200000
tank_0471,3.0,1625011200000
tank_0473,0.3254901960784314,1625011200000
tank_0474,1.996078431372549,1625011200000
tank_0481,3.67843137254902,1625011200000
tank_0485,0.0,1625011200000
tank_0489,0.0,1625011200000
tank_0491,0.0,1625011200000
tank_0494,0.0,1625011200000
tank_0497,0.0,1625011200000
tank_0498,0.0,1625011200000
tank_0502,0.0,1625011200000
tank_0505,0.0,1625011200000
tank_0509,0.0,1625011200000
tank_0512,0.0,1625011200000
tank_0514,0.0,1625011200000
tank_0515,0.0,1625011200000
tank_0521,0.0,1625011200000
tank_0524,0.0,1625011200000
tank_0526,39.0,1625011200000
tank_0533,0.0,1625011200000
tank_0534,0.0,1625011200000
tank_0536,3.0,1625011200000
tank_0537,0.0,1625011200000
tank_0541,0.0,1625011200000
tank_0547,0.0,1625011200000
tank_0552,0.0,1625011200000
tank_0555,0.0,1625011200000
tank_0556,0.0,1625011200000
tank_0557,0.0,1625011200000
tank_0560,0.0,1625011200000
tank_0561,0.0,1625011200000
tank_0566,0.0,1625011200000
tank_0567,0.0,1625011200000
tank_0568,1.0,1625011200000
tank_0574,0.0,1625011200000
tank_0579,0.0,1625011200000
tank_0583,0.0,1625011200000
tank_0587,0.4980392156862745,1625011200000
tank_0589,0.0,1625011200000
tank_0590,0.0,1625011200000
tank_0592,0.0,1625011200000
tank_0593,0.0,1625011200000
tank_0595,0.0,1625011200000
tank_0600,2.9843137254901957,1625011200000
tank_0604,0.0,1625011200000
tank_0606,0.0,1625011200000
tank_0607,0.0,1625011200000
tank_0608,0.0,1625011200000
tank_0610,0.0,1625011200000
tank_0611,0.0,1625011200000
tank_0612,4.301960784313725,1625011200000
tank_0613,0.0,1625011200000
tank_0619,0.0,1625011200000
tank_0626,0.0,1625011200000
tank_0627,0.0,1625011200000
tank_0628,0.0,1625011200000
tank_0632,0.0,1625011200000
tank_0633,0.0,1625011200000
tank_0639,3.0,1625011200000
tank_0640,0.37254901960784315,1625011200000
tank_0641,0.0,1625011200000
tank_0643,0.0,1625011200000
tank_0646,0.0,1625011200000
tank_0663,0.0,1625011200000
tank_0664,0.0,1625011200000
tank_0666,0.0,1625011200000
tank_0667,0.0,1625011200000
tank_0670,0.0,1625011200000
tank_0675,0.0,1625011200000
tank_0676,0.0,1625011200000
tank_0678,3.3960784313725494,1625011200000
tank_0681,0.0,1625011200000
tank_0687,0.0,1625011200000
tank_0688,0.0,1625011200000
tank_0697,0.0,1625011200000
tank_0720,0.0,1625011200000
tank_0722,0.0,1625011200000
tank_0724,0.0,1625011200000
tank_0725,7.0,1625011200000
tank_0728,0.0,1625011200000
tank_0730,0.0,1625011200000
tank_0731,0.0,1625011200000
tank_0732,0.0,1625011200000
tank_0737,28.0,1625011200000
tank_0739,0.0,1625011200000
tank_0740,5.545098039215686,1625011200000
tank_0746,0.0,1625011200000
tank_0748,0.0,1625011200000
tank_0749,0.0,1625011200000
tank_0752,0.0,1625011200000
tank_0760,0.0,1625011200000
tank_0770,0.0,1625011200000
tank_0772,0.0,1625011200000
tank_0788,0.0,1625011200000
tank_0789,0.0,1625011200000
tank_0792,21.68627450980392,1625011200000
tank_0797,0.0,1625011200000
tank_0800,0.0,1625011200000
tank_0802,0.0,1625011200000
tank_0803,0.0,1625011200000
tank_0808,2.0941176470588236,1625011200000
tank_0810,0.0,1625011200000
tank_0811,11.423529411764706,1625011200000
tank_0812,0.0,1625011200000
tank_0813,2.0,1625011200000
tank_0816,0.0,1625011200000
tank_0819,0.0,1625011200000
tank_0823,0.0,1625011200000
tank_0824,36.0,1625011200000
tank_0825,0.0,1625011200000
tank_0828,0.0,1625011200000
tank_0829,16.0,1625011200000
tank_0830,0.0,1625011200000
tank_0831,0.0,1625011200000
tank_0844,0.0,1625011200000
tank_0852,4.0,1625011200000
tank_0855,0.0,1625011200000
tank_0856,0.0,1625011200000
tank_0860,0.0,1625011200000
tank_0861,0.0,1625011200000
tank_0872,0.0,1625011200000
tank_0875,0.0,1625011200000
tank_0879,0.0,1625011200000
tank_0885,0.0,1625011200000
tank_0891,0.0,1625011200000
tank_0894,26.0,1625011200000
tank_0898,36.0,1625011200000
tank_0900,0.0,1625011200000
tank_0901,8.0,1625011200000
tank_0902,0.0,1625011200000
tank_0914,0.0,1625011200000
tank_0917,0.0,1625011200000
tank_0919,0.0,1625011200000
tank_0920,10.0,1625011200000
tank_0922,0.0,1625011200000
tank_0923,0.0,1625011200000
tank_0924,0.0,1625011200000
tank_0926,0.0,1625011200000
tank_0927,0.0,1625011200000
tank_0928,0.0,1625011200000
tank_0930,39.0,1625011200000
tank_0931,0.0,1625011200000
tank_0933,0.0,1625011200000
tank_0934,0.0,1625011200000
tank_0937,0.0,1625011200000
tank_0938,0.0,1625011200000
tank_0939,0.0,1625011200000
tank_0944,0.0,1625011200000
tank_0946,0.0,1625011200000
tank_0952,1.0,1625011200000
tank_0958,0.0,1625011200000
tank_0962,21.0,1625011200000
tank_0967,0.0,1625011200000
tank_0975,0.0,1625011200000
tank_0978,0.0,1625011200000
tank_0990,0.0,1625011200000
tank_0991,0.0,1625011200000
tank_0998,0.0,1625011200000
tank_0999,0.0,1625011200000
tank_1003,167.0,1625011200000
tank_1004,4.0,1625011200000
tank_1014,47.0,1625011200000
tank_1026,62.0,1625011200000
tank_1031,5.0,1625011200000
tank_1032,3.0,1625011200000
tank_1034,0.0,1625011200000
tank_1042,23.0,1625011200000
tank_1045,0.0,1625011200000
tank_1049,1.0,1625011200000
tank_1055,8.313725490196079,1625011200000
tank_1061,0.0,1625011200000
tank_1062,0.01568627450980392,1625011200000
tank_1064,0.0,1625011200000
tank_1065,0.0,1625011200000
tank_1066,0.3686274509803922,1625011200000
tank_1070,2.0,1625011200000
tank_1073,22.0,1625011200000
tank_1083,6.0,1625011200000
tank_1086,3.0,1625011200000
tank_1088,5.0,1625011200000
tank_1089,9.0,1625011200000
tank_1090,0.0,1625011200000
tank_1091,2.0,1625011200000
tank_1094,28.0,1625011200000
tank_1095,11.0,1625011200000
tank_1104,0.0,1625011200000
tank_1113,38.0,1625011200000
tank_1116,1.0,1625011200000
tank_1117,0.0,1625011200000
tank_1120,17.0,1625011200000
tank_1121,10.0,1625011200000
tank_1124,16.0,1625011200000
tank_1128,0.0,1625011200000
tank_1134,0.0,1625011200000
tank_1135,9.0,1625011200000
tank_1146,10.0,1625011200000
tank_1149,3.447058823529412,1625011200000
tank_1156,0.0,1625011200000
tank_1157,18.22745098039216,1625011200000
tank_1159,0.0,1625011200000
tank_1160,295.0,1625011200000
tank_1166,0.0,1625011200000
tank_1170,17.24313725490196,1625011200000
tank_1175,0.0,1625011200000
tank_1177,1.4823529411764707,1625011200000
tank_1179,18.623529411764707,1625011200000
tank_1181,14.0,1625011200000
tank_1186,24.0,1625011200000
tank_1187,28.29019607843137,1625011200000
tank_1190,3.0,1625011200000
tank_1192,24.0,1625011200000
tank_1196,0.0,1625011200000
tank_1197,202.0,1625011200000
tank_1201,29.0,1625011200000
tank_1203,0.4666666666666667,1625011200000
tank_1205,54.0,1625011200000
tank_1209,13.0,1625011200000
tank_1217,0.0,1625011200000
tank_1223,0.0,1625011200000
tank_1226,0.0,1625011200000
tank_1228,2.0,1625011200000
tank_1230,0.0,1625011200000
tank_1237,2.0,1625011200000
tank_1239,429.0,1625011200000
tank_1245,0.0,1625011200000
tank_1246,0.0,1625011200000
tank_1250,0.0,1625011200000
tank_1254,803.0,1625011200000
tank_1255,5.9490196078431365,1625011200000
tank_1258,0.0,1625011200000
tank_1261,0.0,1625011200000
tank_1262,0.0,1625011200000
tank_1263,0.0,1625011200000
tank_1265,0.0,1625011200000
tank_1270,0.0,1625011200000
tank_1272,0.0,1625011200000
tank_1275,0.0,1625011200000
tank_1276,41.0,1625011200000
tank_1279,0.0,1625011200000
tank_1280,0.0,1625011200000
tank_1284,0.0,1625011200000
tank_1285,0.0,1625011200000
tank_1286,13.0,1625011200000
tank_1290,0.0,1625011200000
tank_1291,0.0,1625011200000
tank_1293,23.0,1625011200000
tank_1295,0.0,1625011200000
tank_1297,32.0,1625011200000
tank_1301,134.0,1625011200000
tank_1302,0.0,1625011200000
tank_1304,0.0,1625011200000
tank_1305,0.0,1625011200000
tank_1313,127.0,1625011200000
tank_1322,0.0,1625011200000
tank_1325,4.0,1625011200000
tank_1326,0.0,1625011200000
tank_1344,0.0,1625011200000
tank_1346,0.0,1625011200000
tank_1349,0.0,1625011200000
tank_1353,81.0,1625011200000
tank_1358,0.0,1625011200000
tank_1359,0.0,1625011200000
tank_1361,39.0,1625011200000
tank_1364,235.0,1625011200000
tank_1365,0.0,1625011200000
tank_1372,0.0,1625011200000
tank_1374,21.0,1625011200000
tank_1378,39.0,1625011200000
tank_1380,0.0,1625011200000
tank_1386,0.0,1625011200000
tank_1391,0.0,1625011200000
tank_1393,0.0,1625011200000
tank_1396,15.0,1625011200000
tank_1397,0.0,1625011200000
tank_1403,0.0,1625011200000
tank_1409,0.0,1625011200000
tank_1412,0.0,1625011200000
tank_1415,0.0,1625011200000
tank_1416,0.0,1625011200000
tank_1421,93.0,1625011200000
tank_1422,0.0,1625011200000
tank_1425,520.0,1625011200000
tank_1426,0.0,1625011200000
tank_1430,0.0,1625011200000
tank_1433,69.0,1625011200000
tank_1438,0.0,1625011200000
tank_1439,0.0,1625011200000
tank_1441,0.0,1625011200000
tank_1443,0.0,1625011200000
tank_1445,28.0,1625011200000
tank_1446,0.0,1625011200000
tank_1450,0.0,1625011200000
tank_1452,0.0,1625011200000
tank_1456,0.0,1625011200000
tank_1466,0.0,1625011200000
tank_1471,0.0,1625011200000
tank_1475,34.0,1625011200000
tank_1486,414.0,1625011200000
tank_1488,0.0,1625011200000
tank_1491,0.0,1625011200000
tank_1500,3.9137254901960783,1625011200000
tank_1505,252.0,1625011200000
tank_1513,49.0,1625011200000
tank_1531,45.0,1625011200000
tank_1536,0.0,1625011200000
tank_1539,453.0,1625011200000
tank_1541,0.0,1625011200000
tank_1542,0.0,1625011200000
tank_1547,28.0,1625011200000
tank_1563,0.0,1625011200000
tank_1564,0.0,1625011200000
tank_1565,108.0,1625011200000
tank_1567,34.92549019607843,1625011200000
tank_1568,0.0,1625011200000
tank_1573,2.0,1625011200000
tank_1583,0.0,1625011200000
tank_1587,784.0,1625011200000
tank_1588,0.0,1625011200000
tank_1592,0.0,1625011200000
tank_1594,55.0,1625011200000
tank_1595,0.0,1625011200000
tank_1597,134.01960784313727,1625011200000
tank_1598,0.0,1625011200000
tank_1600,0.0,1625011200000
tank_1604,0.0,1625011200000
tank_0002,0.0,1626048000000
tank_0004,0.0,1626048000000
tank_0005,5.0,1626048000000
tank_0011,0.0,1626048000000
tank_0014,0.0,1626048000000
tank_0019,0.0,1626048000000
tank_0024,0.0,1626048000000
tank_0025,0.0,1626048000000
tank_0026,0.0,1626048000000
tank_0027,0.0,1626048000000
tank_0030,0.0,1626048000000
tank_0031,7.0,1626048000000
tank_0036,0.0,1626048000000
tank_0037,0.0,1626048000000
tank_0038,13.949019607843137,1626048000000
tank_0050,0.0,1626048000000
tank_0051,0.0,1626048000000
tank_0052,0.0,1626048000000
tank_0053,18.674509803921566,1626048000000
tank_0055,0.0,1626048000000
tank_0057,0.0,1626048000000
tank_0058,2.3568627450980393,1626048000000
tank_0064,0.0,1626048000000
tank_0069,0.0,1626048000000
tank_0072,0.0,1626048000000
tank_0073,0.0,1626048000000
tank_0080,14.0,1626048000000
tank_0094,0.0,1626048000000
tank_0107,0.0,1626048000000
tank_0110,0.0,1626048000000
tank_0113,0.0,1626048000000
tank_0115,0.0,1626048000000
tank_0116,0.0,1626048000000
tank_0117,7.0,1626048000000
tank_0118,0.0,1626048000000
tank_0122,0.0,1626048000000
tank_0125,0.0,1626048000000
tank_0130,0.058823529411764705,1626048000000
tank_0131,0.0,1626048000000
tank_0132,0.0,1626048000000
tank_0134,0.0,1626048000000
tank_0135,2.0,1626048000000
tank_0142,0.0,1626048000000
tank_0143,0.0,1626048000000
tank_0144,0.0,1626048000000
tank_0148,0.0,1626048000000
tank_0153,0.0,1626048000000
tank_0156,16.898039215686275,1626048000000
tank_0159,0.0,1626048000000
tank_0165,0.0,1626048000000
tank_0171,0.0,1626048000000
tank_0172,0.0,1626048000000
tank_0174,0.592156862745098,1626048000000
tank_0176,0.0,1626048000000
tank_0184,2.023529411764706,1626048000000
tank_0187,0.0,1626048000000
tank_0190,0.0,1626048000000
tank_0192,0.0,1626048000000
tank_0193,0.0,1626048000000
tank_0195,0.0,1626048000000
tank_0199,0.0,1626048000000
tank_0204,0.0,1626048000000
tank_0205,0.0,1626048000000
tank_0207,0.0,1626048000000
tank_0209,0.0,1626048000000
tank_0213,0.0,1626048000000
tank_0217,0.0,1626048000000
tank_0220,0.0,1626048000000
tank_0221,0.0,1626048000000
tank_0225,0.0,1626048000000
tank_0226,0.0,1626048000000
tank_0228,0.0,1626048000000
tank_0229,0.0,1626048000000
tank_0231,12.717647058823529,1626048000000
tank_0233,0.0,1626048000000
tank_0236,0.0,1626048000000
tank_0237,0.0,1626048000000
tank_0240,1.0,1626048000000
tank_0242,0.0,1626048000000
tank_0245,0.0,1626048000000
tank_0247,2.0,1626048000000
tank_0256,2.3333333333333335,1626048000000
tank_0257,0.0,1626048000000
tank_0260,0.0,1626048000000
tank_0261,0.0,1626048000000
tank_0264,0.0,1626048000000
tank_0273,4.0,1626048000000
tank_0276,0.0,1626048000000
tank_0278,0.0,1626048000000
tank_0280,0.0,1626048000000
tank_0291,0.0,1626048000000
tank_0292,0.0,1626048000000
tank_0296,0.0,1626048000000
tank_0297,0.0,1626048000000
tank_0299,0.0,1626048000000
tank_0300,1.1254901960784314,1626048000000
tank_0301,0.0,1626048000000
tank_0307,0.0,1626048000000
tank_0309,0.9254901960784314,1626048000000
tank_0313,0.0,1626048000000
tank_0314,0.0,1626048000000
tank_0319,0.0,1626048000000
tank_0321,0.0,1626048000000
tank_0327,0.0,1626048000000
tank_0337,0.0,1626048000000
tank_0338,0.0,1626048000000
tank_0339,2.1254901960784314,1626048000000
tank_0342,0.0,1626048000000
tank_0345,0.0,1626048000000
tank_0346,0.0,1626048000000
tank_0349,45.0,1626048000000
tank_0350,2.0,1626048000000
tank_0353,0.0,1626048000000
tank_0356,0.0,1626048000000
tank_0360,0.0,1626048000000
tank_0361,0.0,1626048000000
tank_0362,0.0,1626048000000
tank_0364,4.8352941176470585,1626048000000
tank_0366,0.0,1626048000000
tank_0369,0.0,1626048000000
tank_0375,0.0,1626048000000
tank_0379,0.0,1626048000000
tank_0381,4.784313725490196,1626048000000
tank_0386,11.0,1626048000000
tank_0390,1.4980392156862745,1626048000000
tank_0397,0.0,1626048000000
tank_0399,0.0,1626048000000
tank_0404,2.0,1626048000000
tank_0409,0.0,1626048000000
tank_0420,0.0,1626048000000
tank_0425,0.0,1626048000000
tank_0431,0.0,1626048000000
tank_0432,0.0,1626048000000
tank_0435,0.0,1626048000000
tank_0436,0.0,1626048000000
tank_0438,0.0,1626048000000
tank_0443,0.10196078431372549,1626048000000
tank_0444,0.0,1626048000000
tank_0447,7.929411764705883,1626048000000
tank_0448,0.0,1626048000000
tank_0449,0.0,1626048000000
tank_0455,8.415686274509804,1626048000000
tank_0460,0.0,1626048000000
tank_0462,28.0,1626048000000
tank_0466,0.0,1626048000000
tank_0471,0.0,1626048000000
tank_0473,2.9647058823529413,1626048000000
tank_0474,0.996078431372549,1626048000000
tank_0481,14.215686274509803,1626048000000
tank_0485,17.0,1626048000000
tank_0489,0.0,1626048000000
tank_0491,0.0,1626048000000
tank_0494,0.0,1626048000000
tank_0497,0.0,1626048000000
tank_0498,4.462745098039216,1626048000000
tank_0502,0.0,1626048000000
tank_0505,0.0,1626048000000
tank_0509,0.0,1626048000000
tank_0512,6.0,1626048000000
tank_0514,0.0,1626048000000
tank_0515,0.0,1626048000000
tank_0521,0.0,1626048000000
tank_0524,0.0,1626048000000
tank_0526,22.0,1626048000000
tank_0533,0.0,1626048000000
tank_0534,0.0,1626048000000
tank_0536,0.0,1626048000000
tank_0537,0.0,1626048000000
tank_0541,0.0,1626048000000
tank_0547,0.0,1626048000000
tank_0552,0.0,1626048000000
tank_0555,0.0,1626048000000
tank_0556,0.0,1626048000000
tank_0557,0.0,1626048000000
tank_0560,0.0,1626048000000
tank_0561,0.0,1626048000000
tank_0566,0.0,1626048000000
tank_0567,0.0,1626048000000
tank_0568,2.0,1626048000000
tank_0574,0.0,1626048000000
tank_0579,0.0,1626048000000
tank_0583,0.0,1626048000000
tank_0587,0.0,1626048000000
tank_0589,0.0,1626048000000
tank_0590,0.0,1626048000000
tank_0592,0.0,1626048000000
tank_0593,0.0,1626048000000
tank_0595,0.0,1626048000000
tank_0600,9.819607843137256,1626048000000
tank_0604,0.0,1626048000000
tank_0606,0.0,1626048000000
tank_0607,0.0,1626048000000
tank_0608,28.0,1626048000000
tank_0610,4.749019607843137,1626048000000
tank_0611,0.0,1626048000000
tank_0612,0.0,1626048000000
tank_0613,7.729411764705882,1626048000000
tank_0619,0.0,1626048000000
tank_0626,0.0,1626048000000
tank_0627,0.0,1626048000000
tank_0628,0.0,1626048000000
tank_0632,0.0,1626048000000
tank_0633,0.0,1626048000000
tank_0639,0.0,1626048000000
tank_0640,0.0,1626048000000
tank_0641,0.0,1626048000000
tank_0643,0.0,1626048000000
tank_0646,0.0,1626048000000
tank_0663,2.0,1626048000000
tank_0664,0.0,1626048000000
tank_0666,0.0,1626048000000
tank_0667,0.0,1626048000000
tank_0670,0.0,1626048000000
tank_0675,0.0,1626048000000
tank_0676,0.0,1626048000000
tank_0678,0.0,1626048000000
tank_0681,0.0,1626048000000
tank_0687,2.0,1626048000000
tank_0688,0.0,1626048000000
tank_0697,0.0,1626048000000
tank_0720,0.0,1626048000000
tank_0722,0.0,1626048000000
tank_0724,0.0,1626048000000
tank_0725,15.0,1626048000000
tank_0728,0.0,1626048000000
tank_0730,0.0,1626048000000
tank_0731,0.0,1626048000000
tank_0732,0.0,1626048000000
tank_0737,0.0,1626048000000
tank_0739,1.1803921568627451,1626048000000
tank_0740,0.0,1626048000000
tank_0746,0.0,1626048000000
tank_0748,9.12156862745098,1626048000000
tank_0749,2.0,1626048000000
tank_0752,0.0,1626048000000
tank_0760,0.0,1626048000000
tank_0770,1.0,1626048000000
tank_0772,0.0,1626048000000
tank_0788,0.0,1626048000000
tank_0789,0.0,1626048000000
tank_0792,76.76862745098039,1626048000000
tank_0797,0.0,1626048000000
tank_0800,0.0,1626048000000
tank_0802,0.0,1626048000000
tank_0803,0.0,1626048000000
tank_0808,0.0,1626048000000
tank_0810,0.0,1626048000000
tank_0811,0.0,1626048000000
tank_0812,0.0,1626048000000
tank_0813,2.376470588235294,1626048000000
tank_0816,0.0,1626048000000
tank_0819,0.0,1626048000000
tank_0823,0.0,1626048000000
tank_0824,2.0,1626048000000
tank_0825,0.0,1626048000000
tank_0828,0.0,1626048000000
tank_0829,8.0,1626048000000
tank_0830,0.0,1626048000000
tank_0831,0.0,1626048000000
tank_0844,0.0,1626048000000
tank_0852,0.0,1626048000000
tank_0855,17.0,1626048000000
tank_0856,4.0,1626048000000
tank_0860,0.615686274509804,1626048000000
tank_0861,0.0,1626048000000
tank_0872,0.0,1626048000000
tank_0875,0.0,1626048000000
tank_0879,0.0,1626048000000
tank_0885,0.0,1626048000000
tank_0891,0.0,1626048000000
tank_0894,3.0,1626048000000
tank_0898,26.0,1626048000000
tank_0900,1.0,1626048000000
tank_0901,7.0,1626048000000
tank_0902,5.0,1626048000000
tank_0914,0.0,1626048000000
tank_0917,0.0,1626048000000
tank_0919,0.0,1626048000000
tank_0920,11.0,1626048000000
tank_0922,0.0,1626048000000
tank_0923,0.0,1626048000000
tank_0924,0.0,1626048000000
tank_0926,0.0,1626048000000
tank_0927,0.0,1626048000000
tank_0928,0.0,1626048000000
tank_0930,26.0,1626048000000
tank_0931,0.0,1626048000000
tank_0933,0.0,1626048000000
tank_0934,0.0,1626048000000
tank_0937,0.0,1626048000000
tank_0938,0.0,1626048000000
tank_0939,0.0,1626048000000
tank_0944,0.0,1626048000000
tank_0946,0.0,1626048000000
tank_0952,19.0,1626048000000
tank_0958,0.0,1626048000000
tank_0962,3.0,1626048000000
tank_0967,2.0,1626048000000
tank_0975,0.0,1626048000000
tank_0978,0.0,1626048000000
tank_0990,0.0,1626048000000
tank_0991,15.0,1626048000000
tank_0998,0.0,1626048000000
tank_0999,0.0,1626048000000
tank_1003,0.0,1626048000000
tank_1004,0.0,1626048000000
tank_1014,22.0,1626048000000
tank_1026,31.0,1626048000000
tank_1031,3.0,1626048000000
tank_1032,0.0,1626048000000
tank_1034,0.0,1626048000000
tank_1042,14.0,1626048000000
tank_1045,0.0,1626048000000
tank_1049,0.0,1626048000000
tank_1055,11.415686274509802,1626048000000
tank_1061,0.0,1626048000000
tank_1062,0.0,1626048000000
tank_1064,0.0,1626048000000
tank_1065,4.1607843137254905,1626048000000
tank_1066,0.0,1626048000000
tank_1070,4.0,1626048000000
tank_1073,4.0,1626048000000
tank_1083,37.0,1626048000000
tank_1086,0.0,1626048000000
tank_1088,17.0,1626048000000
tank_1089,6.0,1626048000000
tank_1090,0.0,1626048000000
tank_1091,0.0,1626048000000
tank_1094,102.0,1626048000000
tank_1095,9.0,1626048000000
tank_1104,0.0,1626048000000
tank_1113,19.0,1626048000000
tank_1116,0.0,1626048000000
tank_1117,0.0,1626048000000
tank_1120,8.0,1626048000000
tank_1121,10.0,1626048000000
tank_1124,14.0,1626048000000
tank_1128,1.0,1626048000000
tank_1134,0.0,1626048000000
tank_1135,9.0,1626048000000
tank_1146,5.874509803921569,1626048000000
tank_1149,4.0,1626048000000
tank_1156,0.0,1626048000000
tank_1157,14.486274509803923,1626048000000
tank_1159,0.0,1626048000000
tank_1160,109.0,1626048000000
tank_1166,2.1294117647058823,1626048000000
tank_1170,28.941176470588232,1626048000000
tank_1175,0.0,1626048000000
tank_1177,3.0,1626048000000
tank_1179,0.0,1626048000000
tank_1181,4.0,1626048000000
tank_1186,31.0,1626048000000
tank_1187,31.125490196078434,1626048000000
tank_1190,9.749019607843138,1626048000000
tank_1192,16.0,1626048000000
tank_1196,0.0,1626048000000
tank_1197,193.0,1626048000000
tank_1201,7.0,1626048000000
tank_1203,0.0,1626048000000
tank_1205,81.0,1626048000000
tank_1209,12.0,1626048000000
tank_1217,0.0,1626048000000
tank_1223,0.0,1626048000000
tank_1226,0.0,1626048000000
tank_1228,0.0,1626048000000
tank_1230,0.0,1626048000000
tank_1237,0.0,1626048000000
tank_1239,134.0,1626048000000
tank_1245,0.0,1626048000000
tank_1246,0.0,1626048000000
tank_1250,0.0,1626048000000
tank_1254,46.0,1626048000000
tank_1255,0.0,1626048000000
tank_1258,0.0,1626048000000
tank_1261,0.0,1626048000000
tank_1262,0.0,1626048000000
tank_1263,0.0,1626048000000
tank_1265,0.0,1626048000000
tank_1270,0.0,1626048000000
tank_1272,0.0,1626048000000
tank_1275,0.0,1626048000000
tank_1276,3.0,1626048000000
tank_1279,0.0,1626048000000
tank_1280,0.0,1626048000000
tank_1284,0.0,1626048000000
tank_1285,0.0,1626048000000
tank_1286,18.0,1626048000000
tank_1290,0.0,1626048000000
tank_1291,0.0,1626048000000
tank_1293,31.0,1626048000000
tank_1295,0.0,1626048000000
tank_1297,38.0,1626048000000
tank_1301,5.0,1626048000000
tank_1302,0.0,1626048000000
tank_1304,0.0,1626048000000
tank_1305,0.0,1626048000000
tank_1313,8.0,1626048000000
tank_1322,0.0,1626048000000
tank_1325,8.0,1626048000000
tank_1326,0.0,1626048000000
tank_1344,0.0,1626048000000
tank_1346,4.4980392156862745,1626048000000
tank_1349,0.0,1626048000000
tank_1353,26.0,1626048000000
tank_1358,0.0,1626048000000
tank_1359,0.0,1626048000000
tank_1361,8.0,1626048000000
tank_1364,71.0,1626048000000
tank_1365,0.0,1626048000000
tank_1372,0.0,1626048000000
tank_1374,9.0,1626048000000
tank_1378,2.0,1626048000000
tank_1380,0.0,1626048000000
tank_1386,0.0,1626048000000
tank_1391,0.0,1626048000000
tank_1393,0.0,1626048000000
tank_1396,9.0,1626048000000
tank_1397,0.0,1626048000000
tank_1403,2.0,1626048000000
tank_1409,0.0,1626048000000
tank_1412,0.0,1626048000000
tank_1415,0.0,1626048000000
tank_1416,0.0,1626048000000
tank_1421,13.0,1626048000000
tank_1422,0.0,1626048000000
tank_1425,64.0,1626048000000
tank_1426,0.0,1626048000000
tank_1430,0.0,1626048000000
tank_1433,6.0,1626048000000
tank_1438,0.0,1626048000000
tank_1439,0.0,1626048000000
tank_1441,0.0,1626048000000
tank_1443,0.0,1626048000000
tank_1445,19.0,1626048000000
tank_1446,0.0,1626048000000
tank_1450,0.0,1626048000000
tank_1452,0.0,1626048000000
tank_1456,0.0,1626048000000
tank_1466,4.682352941176471,1626048000000
tank_1471,0.0,1626048000000
tank_1475,13.0,1626048000000
tank_1486,104.0,1626048000000
tank_1488,0.0,1626048000000
tank_1491,0.0,1626048000000
tank_1500,9.0,1626048000000
tank_1505,192.0,1626048000000
tank_1513,0.0,1626048000000
tank_1531,39.0,1626048000000
tank_1536,0.0,1626048000000
tank_1539,39.0,1626048000000
tank_1541,0.0,1626048000000
tank_1542,0.0,1626048000000
tank_1547,33.0,1626048000000
tank_1563,0.0,1626048000000
tank_1564,0.0,1626048000000
tank_1565,98.0,1626048000000
tank_1567,22.0,1626048000000
tank_1568,0.0,1626048000000
tank_1573,6.0,1626048000000
tank_1583,0.0,1626048000000
tank_1587,4.0,1626048000000
tank_1588,0.0,1626048000000
tank_1592,0.0,1626048000000
tank_1594,55.0,1626048000000
tank_1595,0.0,1626048000000
tank_1597,61.61960784313726,1626048000000
tank_1598,0.0,1626048000000
tank_1600,0.0,1626048000000
tank_1604,0.0,1626048000000
tank_0002,0.0,1627084800000
tank_0004,0.0,1627084800000
tank_0005,1.0,1627084800000
tank_0011,0.0,1627084800000
tank_0014,0.0,1627084800000
tank_0019,0.0,1627084800000
tank_0024,0.0,1627084800000
tank_0025,0.0,1627084800000
tank_0026,0.0,1627084800000
tank_0027,0.0,1627084800000
tank_0030,0.0,1627084800000
tank_0031,4.0,1627084800000
tank_0036,0.0,1627084800000
tank_0037,0.0,1627084800000
tank_0038,4.75686274509804,1627084800000
tank_0050,0.0,1627084800000
tank_0051,0.0,1627084800000
tank_0052,0.0,1627084800000
tank_0053,0.0,1627084800000
tank_0055,0.0,1627084800000
tank_0057,0.0,1627084800000
tank_0058,0.0,1627084800000
tank_0064,0.0,1627084800000
tank_0069,0.0,1627084800000
tank_0072,0.0,1627084800000
tank_0073,0.0,1627084800000
tank_0080,19.0,1627084800000
tank_0094,0.0,1627084800000
tank_0107,0.0,1627084800000
tank_0110,0.0,1627084800000
tank_0113,0.0,1627084800000
tank_0115,0.0,1627084800000
tank_0116,0.0,1627084800000
tank_0117,34.0,1627084800000
tank_0118,0.0,1627084800000
tank_0122,0.0,1627084800000
tank_0125,0.0,1627084800000
tank_0130,0.0,1627084800000
tank_0131,0.0,1627084800000
tank_0132,0.0,1627084800000
tank_0134,0.0,1627084800000
tank_0135,0.0,1627084800000
tank_0142,0.0,1627084800000
tank_0143,0.0,1627084800000
tank_0144,0.0,1627084800000
tank_0148,0.0,1627084800000
tank_0153,0.0,1627084800000
tank_0156,0.0,1627084800000
tank_0159,0.0,1627084800000
tank_0165,0.0,1627084800000
tank_0171,0.0,1627084800000
tank_0172,0.0,1627084800000
tank_0174,0.0,1627084800000
tank_0176,0.0,1627084800000
tank_0184,0.0,1627084800000
tank_0187,0.0,1627084800000
tank_0190,0.0,1627084800000
tank_0192,0.0,1627084800000
tank_0193,0.0,1627084800000
tank_0195,0.0,1627084800000
tank_0199,0.0,1627084800000
tank_0204,0.0,1627084800000
tank_0205,0.0,1627084800000
tank_0207,0.0,1627084800000
tank_0209,0.0,1627084800000
tank_0213,0.0,1627084800000
tank_0217,0.0,1627084800000
tank_0220,0.0,1627084800000
tank_0221,0.0,1627084800000
tank_0225,0.0,1627084800000
tank_0226,0.0,1627084800000
tank_0228,0.0,1627084800000
tank_0229,0.0,1627084800000
tank_0231,0.0,1627084800000
tank_0233,0.0,1627084800000
tank_0236,0.0,1627084800000
tank_0237,0.0,1627084800000
tank_0240,0.0,1627084800000
tank_0242,0.0,1627084800000
tank_0245,0.0,1627084800000
tank_0247,3.0,1627084800000
tank_0256,0.0,1627084800000
tank_0257,0.0,1627084800000
tank_0260,0.0,1627084800000
tank_0261,0.0,1627084800000
tank_0264,0.0,1627084800000
tank_0273,0.0,1627084800000
tank_0276,0.0,1627084800000
tank_0278,0.0,1627084800000
tank_0280,0.0,1627084800000
tank_0291,0.0,1627084800000
tank_0292,0.0,1627084800000
tank_0296,0.0,1627084800000
tank_0297,0.0,1627084800000
tank_0299,0.0,1627084800000
tank_0300,0.0,1627084800000
tank_0301,0.0,1627084800000
tank_0307,0.0,1627084800000
tank_0309,0.0,1627084800000
tank_0313,0.0,1627084800000
tank_0314,0.0,1627084800000
tank_0319,0.0,1627084800000
tank_0321,0.0,1627084800000
tank_0327,0.0,1627084800000
tank_0337,0.0,1627084800000
tank_0338,0.0,1627084800000
tank_0339,0.0,1627084800000
tank_0342,0.0,1627084800000
tank_0345,0.0,1627084800000
tank_0346,0.0,1627084800000
tank_0349,48.0,1627084800000
tank_0350,0.0,1627084800000
tank_0353,0.0,1627084800000
tank_0356,0.0,1627084800000
tank_0360,0.0,1627084800000
tank_0361,0.0,1627084800000
tank_0362,0.0,1627084800000
tank_0364,0.0,1627084800000
tank_0366,0.0,1627084800000
tank_0369,0.0,1627084800000
tank_0375,0.0,1627084800000
tank_0379,0.0,1627084800000
tank_0381,0.0,1627084800000
tank_0386,5.0,1627084800000
tank_0390,0.0,1627084800000
tank_0397,0.0,1627084800000
tank_0399,0.0,1627084800000
tank_0404,0.0,1627084800000
tank_0409,0.0,1627084800000
tank_0420,0.0,1627084800000
tank_0425,0.0,1627084800000
tank_0431,0.0,1627084800000
tank_0432,0.0,1627084800000
tank_0435,0.0,1627084800000
tank_0436,0.0,1627084800000
tank_0438,0.0,1627084800000
tank_0443,0.0,1627084800000
tank_0444,0.0,1627084800000
tank_0447,0.0,1627084800000
tank_0448,0.0,1627084800000
tank_0449,0.10980392156862745,1627084800000
tank_0455,0.0,1627084800000
tank_0460,0.0,1627084800000
tank_0462,11.0,1627084800000
tank_0466,0.0,1627084800000
tank_0471,0.0,1627084800000
tank_0473,0.0,1627084800000
tank_0474,2.0,1627084800000
tank_0481,0.0,1627084800000
tank_0485,4.0,1627084800000
tank_0489,0.0,1627084800000
tank_0491,0.0,1627084800000
tank_0494,0.0,1627084800000
tank_0497,0.0,1627084800000
tank_0498,0.0,1627084800000
tank_0502,0.0,1627084800000
tank_0505,0.0,1627084800000
tank_0509,0.0,1627084800000
tank_0512,0.0,1627084800000
tank_0514,0.0,1627084800000
tank_0515,0.0,1627084800000
tank_0521,0.0,1627084800000
tank_0524,0.0,1627084800000
tank_0526,25.0,1627084800000
tank_0533,0.0,1627084800000
tank_0534,0.0,1627084800000
tank_0536,0.0,1627084800000
tank_0537,0.0,1627084800000
tank_0541,0.0,1627084800000
tank_0547,0.0,1627084800000
tank_0552,0.0,1627084800000
tank_0555,0.0,1627084800000
tank_0556,0.0,1627084800000
tank_0557,0.0,1627084800000
tank_0560,0.0,1627084800000
tank_0561,0.0,1627084800000
tank_0566,0.0,1627084800000
tank_0567,0.0,1627084800000
tank_0568,0.0,1627084800000
tank_0574,0.0,1627084800000
tank_0579,0.0,1627084800000
tank_0583,0.0,1627084800000
tank_0587,0.0,1627084800000
tank_0589,0.0,1627084800000
tank_0590,0.0,1627084800000
tank_0592,0.0,1627084800000
tank_0593,0.0,1627084800000
tank_0595,0.0,1627084800000
tank_0600,0.0,1627084800000
tank_0604,0.0,1627084800000
tank_0606,0.0,1627084800000
tank_0607,0.0,1627084800000
tank_0608,1.0,1627084800000
tank_0610,0.0,1627084800000
tank_0611,0.0,1627084800000
tank_0612,0.0,1627084800000
tank_0613,0.0,1627084800000
tank_0619,0.0,1627084800000
tank_0626,0.0,1627084800000
tank_0627,0.0,1627084800000
tank_0628,0.0,1627084800000
tank_0632,0.0,1627084800000
tank_0633,0.0,1627084800000
tank_0639,0.0,1627084800000
tank_0640,0.0,1627084800000
tank_0641,0.0,1627084800000
tank_0643,0.0,1627084800000
tank_0646,0.0,1627084800000
tank_0663,0.0,1627084800000
tank_0664,0.0,1627084800000
tank_0666,0.0,1627084800000
tank_0667,0.0,1627084800000
tank_0670,0.0,1627084800000
tank_0675,0.0,1627084800000
tank_0676,0.0,1627084800000
tank_0678,0.0,1627084800000
tank_0681,0.0,1627084800000
tank_0687,0.0,1627084800000
tank_0688,0.0,1627084800000
tank_0697,0.0,1627084800000
tank_0720,0.0,1627084800000
tank_0722,0.0,1627084800000
tank_0724,0.0,1627084800000
tank_0725,17.0,1627084800000
tank_0728,0.0,1627084800000
tank_0730,0.0,1627084800000
tank_0731,0.0,1627084800000
tank_0732,0.0,1627084800000
tank_0737,2.0,1627084800000
tank_0739,0.0,1627084800000
tank_0740,0.0,1627084800000
tank_0746,0.0,1627084800000
tank_0748,0.0,1627084800000
tank_0749,0.0,1627084800000
tank_0752,0.0,1627084800000
tank_0760,0.0,1627084800000
tank_0770,0.0,1627084800000
tank_0772,0.0,1627084800000
tank_0788,0.0,1627084800000
tank_0789,0.0,1627084800000
tank_0792,5.0,1627084800000
tank_0797,0.0,1627084800000
tank_0800,0.0,1627084800000
tank_0802,0.0,1627084800000
tank_0803,0.0,1627084800000
tank_0808,1.0,1627084800000
tank_0810,0.0,1627084800000
tank_0811,2.243137254901961,1627084800000
tank_0812,0.0,1627084800000
tank_0813,0.32941176470588235,1627084800000
tank_0816,0.0,1627084800000
tank_0819,0.0,1627084800000
tank_0823,0.0,1627084800000
tank_0824,0.0,1627084800000
tank_0825,0.0,1627084800000
tank_0828,0.0,1627084800000
tank_0829,16.0,1627084800000
tank_0830,0.0,1627084800000
tank_0831,2.0,1627084800000
tank_0844,0.0,1627084800000
tank_0852,0.0,1627084800000
tank_0855,0.0,1627084800000
tank_0856,0.0,1627084800000
tank_0860,0.0,1627084800000
tank_0861,0.0,1627084800000
tank_0872,0.0,1627084800000
tank_0875,0.0,1627084800000
tank_0879,0.0,1627084800000
tank_0885,0.0,1627084800000
tank_0891,0.0,1627084800000
tank_0894,0.0,1627084800000
tank_0898,12.0,1627084800000
tank_0900,0.0,1627084800000
tank_0901,1.0,1627084800000
tank_0902,0.0,1627084800000
tank_0914,0.0,1627084800000
tank_0917,0.0,1627084800000
tank_0919,0.0,1627084800000
tank_0920,0.0,1627084800000
tank_0922,0.0,1627084800000
tank_0923,0.0,1627084800000
tank_0924,0.0,1627084800000
tank_0926,0.0,1627084800000
tank_0927,0.0,1627084800000
tank_0928,0.0,1627084800000
tank_0930,10.0,1627084800000
tank_0931,0.0,1627084800000
tank_0933,0.0,1627084800000
tank_0934,0.0,1627084800000
tank_0937,0.0,1627084800000
tank_0938,0.0,1627084800000
tank_0939,0.0,1627084800000
tank_0944,0.0,1627084800000
tank_0946,0.0,1627084800000
tank_0952,10.0,1627084800000
tank_0958,0.0,1627084800000
tank_0962,19.0,1627084800000
tank_0967,0.0,1627084800000
tank_0975,0.0,1627084800000
tank_0978,0.0,1627084800000
tank_0990,0.0,1627084800000
tank_0991,17.0,1627084800000
tank_0998,0.0,1627084800000
tank_0999,0.0,1627084800000
tank_1003,7.0,1627084800000
tank_1004,0.0,1627084800000
tank_1014,30.0,1627084800000
tank_1026,4.0,1627084800000
tank_1031,5.0,1627084800000
tank_1032,0.0,1627084800000
tank_1034,2.2549019607843137,1627084800000
tank_1042,15.0,1627084800000
tank_1045,0.0,1627084800000
tank_1049,0.0,1627084800000
tank_1055,2.462745098039216,1627084800000
tank_1061,0.0,1627084800000
tank_1062,0.0,1627084800000
tank_1064,0.0,1627084800000
tank_1065,2.8941176470588235,1627084800000
tank_1066,4.647058823529411,1627084800000
tank_1070,6.0,1627084800000
tank_1073,5.0,1627084800000
tank_1083,106.0,1627084800000
tank_1086,0.0,1627084800000
tank_1088,8.0,1627084800000
tank_1089,2.0,1627084800000
tank_1090,0.0,1627084800000
tank_1091,0.0,1627084800000
tank_1094,99.0,1627084800000
tank_1095,18.52549019607843,1627084800000
tank_1104,0.0,1627084800000
tank_1113,9.0,1627084800000
tank_1116,0.0,1627084800000
tank_1117,0.0,1627084800000
tank_1120,16.0,1627084800000
tank_1121,17.0,1627084800000
tank_1124,14.0,1627084800000
tank_1128,4.0,1627084800000
tank_1134,0.0,1627084800000
tank_1135,9.890196078431373,1627084800000
tank_1146,12.0,1627084800000
tank_1149,0.0,1627084800000
tank_1156,0.0,1627084800000
tank_1157,13.964705882352943,1627084800000
tank_1159,0.0,1627084800000
tank_1160,78.0,1627084800000
tank_1166,0.0196078431372549,1627084800000
tank_1170,22.24313725490196,1627084800000
tank_1175,0.0,1627084800000
tank_1177,0.0,1627084800000
tank_1179,0.0,1627084800000
tank_1181,0.0,1627084800000
tank_1186,39.74901960784314,1627084800000
tank_1187,31.337254901960783,1627084800000
tank_1190,0.0,1627084800000
tank_1192,16.0,1627084800000
tank_1196,0.0,1627084800000
tank_1197,326.0,1627084800000
tank_1201,12.0,1627084800000
tank_1203,0.0,1627084800000
tank_1205,119.0,1627084800000
tank_1209,0.0,1627084800000
tank_1217,0.0,1627084800000
tank_1223,0.0,1627084800000
tank_1226,0.0,1627084800000
tank_1228,9.0,1627084800000
tank_1230,0.0,1627084800000
tank_1237,5.976470588235294,1627084800000
tank_1239,78.0,1627084800000
tank_1245,0.0,1627084800000
tank_1246,0.0,1627084800000
tank_1250,0.0,1627084800000
tank_1254,886.0,1627084800000
tank_1255,0.0,1627084800000
tank_1258,0.0,1627084800000
tank_1261,0.0,1627084800000
tank_1262,0.0,1627084800000
tank_1263,0.0,1627084800000
tank_1265,0.0,1627084800000
tank_1270,0.0,1627084800000
tank_1272,0.0,1627084800000
tank_1275,0.0,1627084800000
tank_1276,0.0,1627084800000
tank_1279,0.0,1627084800000
tank_1280,0.0,1627084800000
tank_1284,0.0,1627084800000
tank_1285,0.0,1627084800000
tank_1286,11.0,1627084800000
tank_1290,0.0,1627084800000
tank_1291,0.0,1627084800000
tank_1293,16.0,1627084800000
tank_1295,0.0,1627084800000
tank_1297,24.0,1627084800000
tank_1301,15.0,1627084800000
tank_1302,0.0,1627084800000
tank_1304,0.0,1627084800000
tank_1305,0.0,1627084800000
tank_1313,0.0,1627084800000
tank_1322,0.0,1627084800000
tank_1325,0.0,1627084800000
tank_1326,0.0,1627084800000
tank_1344,0.0,1627084800000
tank_1346,0.0,1627084800000
tank_1349,0.0,1627084800000
tank_1353,61.0,1627084800000
tank_1358,0.0,1627084800000
tank_1359,0.0,1627084800000
tank_1361,2.0,1627084800000
tank_1364,40.0,1627084800000
tank_1365,0.0,1627084800000
tank_1372,0.0,1627084800000
tank_1374,71.0,1627084800000
tank_1378,27.0,1627084800000
tank_1380,0.0,1627084800000
tank_1386,0.0,1627084800000
tank_1391,0.0,1627084800000
tank_1393,0.0,1627084800000
tank_1396,0.0,1627084800000
tank_1397,0.0,1627084800000
tank_1403,0.0,1627084800000
tank_1409,0.0,1627084800000
tank_1412,0.0,1627084800000
tank_1415,0.0,1627084800000
tank_1416,0.0,1627084800000
tank_1421,64.0,1627084800000
tank_1422,0.0,1627084800000
tank_1425,34.0,1627084800000
tank_1426,0.0,1627084800000
tank_1430,0.0,1627084800000
tank_1433,36.0,1627084800000
tank_1438,0.0,1627084800000
tank_1439,0.0,1627084800000
tank_1441,0.0,1627084800000
tank_1443,0.0,1627084800000
tank_1445,0.0,1627084800000
tank_1446,0.0,1627084800000
tank_1450,0.0,1627084800000
tank_1452,0.0,1627084800000
tank_1456,0.0,1627084800000
tank_1466,0.0,1627084800000
tank_1471,0.0,1627084800000
tank_1475,190.0,1627084800000
tank_1486,476.0,1627084800000
tank_1488,0.0,1627084800000
tank_1491,0.0,1627084800000
tank_1500,10.0,1627084800000
tank_1505,505.0,1627084800000
tank_1513,136.0,1627084800000
tank_1531,29.0,1627084800000
tank_1536,0.0,1627084800000
tank_1539,164.0,1627084800000
tank_1541,0.0,1627084800000
tank_1542,0.0,1627084800000
tank_1547,24.0,1627084800000
tank_1563,0.0,1627084800000
tank_1564,0.0,1627084800000
tank_1565,34.0,1627084800000
tank_1567,43.92549019607843,1627084800000
tank_1568,0.0,1627084800000
tank_1573,2.0,1627084800000
tank_1583,1.0,1627084800000
tank_1587,747.0,1627084800000
tank_1588,0.0,1627084800000
tank_1592,0.0,1627084800000
tank_1594,59.0,1627084800000
tank_1595,0.0,1627084800000
tank_1597,148.75686274509806,1627084800000
tank_1598,0.0,1627084800000
tank_1600,0.0,1627084800000
tank_1604,0.0,1627084800000
tank_0002,0.0,1628121600000
tank_0004,0.0,1628121600000
tank_0005,0.0,1628121600000
tank_0011,0.0,1628121600000
tank_0014,0.0,1628121600000
tank_0019,0.0,1628121600000
tank_0024,0.0,1628121600000
tank_0025,1.9450980392156862,1628121600000
tank_0026,0.0,1628121600000
tank_0027,0.0,1628121600000
tank_0030,0.0,1628121600000
tank_0031,2.0,1628121600000
tank_0036,0.0,1628121600000
tank_0037,0.0,1628121600000
tank_0038,10.415686274509804,1628121600000
tank_0050,0.0,1628121600000
tank_0051,0.0,1628121600000
tank_0052,7.6039215686274515,1628121600000
tank_0053,5.458823529411765,1628121600000
tank_0055,1.7490196078431373,1628121600000
tank_0057,0.0,1628121600000
tank_0058,0.0,1628121600000
tank_0064,0.0,1628121600000
tank_0069,0.0,1628121600000
tank_0072,0.0,1628121600000
tank_0073,0.0,1628121600000
tank_0080,16.0,1628121600000
tank_0094,0.0,1628121600000
tank_0107,0.0,1628121600000
tank_0110,0.0,1628121600000
tank_0113,2.0901960784313727,1628121600000
tank_0115,0.0,1628121600000
tank_0116,0.0,1628121600000
tank_0117,25.0,1628121600000
tank_0118,0.0,1628121600000
tank_0122,0.0,1628121600000
tank_0125,0.0,1628121600000
tank_0130,1.4980392156862745,1628121600000
tank_0131,0.0,1628121600000
tank_0132,0.0,1628121600000
tank_0134,0.0,1628121600000
tank_0135,0.0,1628121600000
tank_0142,0.0,1628121600000
tank_0143,0.0,1628121600000
tank_0144,0.0,1628121600000
tank_0148,0.0,1628121600000
tank_0153,0.0,1628121600000
tank_0156,0.09411764705882353,1628121600000
tank_0159,0.0,1628121600000
tank_0165,2.1058823529411765,1628121600000
tank_0171,0.0,1628121600000
tank_0172,0.0,1628121600000
tank_0174,0.0,1628121600000
tank_0176,0.0,1628121600000
tank_0184,1.6901960784313725,1628121600000
tank_0187,6.596078431372549,1628121600000
tank_0190,0.0,1628121600000
tank_0192,0.0,1628121600000
tank_0193,0.0,1628121600000
tank_0195,0.0,1628121600000
tank_0199,0.0,1628121600000
tank_0204,0.0,1628121600000
tank_0205,0.0,1628121600000
tank_0207,0.0,1628121600000
tank_0209,0.0,1628121600000
tank_0213,0.0,1628121600000
tank_0217,0.0,1628121600000
tank_0220,0.0,1628121600000
tank_0221,2.1215686274509804,1628121600000
tank_0225,0.0,1628121600000
tank_0226,2.0,1628121600000
tank_0228,0.0,1628121600000
tank_0229,0.0,1628121600000
tank_0231,1.6235294117647059,1628121600000
tank_0233,0.0,1628121600000
tank_0236,0.0,1628121600000
tank_0237,0.0,1628121600000
tank_0240,6.113725490196078,1628121600000
tank_0242,0.0,1628121600000
tank_0245,0.0,1628121600000
tank_0247,8.0,1628121600000
tank_0256,0.0,1628121600000
tank_0257,0.0,1628121600000
tank_0260,0.0,1628121600000
tank_0261,0.0,1628121600000
tank_0264,0.0,1628121600000
tank_0273,0.0,1628121600000
tank_0276,0.0,1628121600000
tank_0278,1.0,1628121600000
tank_0280,0.0,1628121600000
tank_0291,0.0,1628121600000
tank_0292,2.0,1628121600000
tank_0296,0.0,1628121600000
tank_0297,0.0,1628121600000
tank_0299,0.0,1628121600000
tank_0300,0.0,1628121600000
tank_0301,0.0,1628121600000
tank_0307,0.0,1628121600000
tank_0309,0.0,1628121600000
tank_0313,0.0,1628121600000
tank_0314,0.15294117647058825,1628121600000
tank_0319,0.0,1628121600000
tank_0321,0.0,1628121600000
tank_0327,0.0,1628121600000
tank_0337,0.0,1628121600000
tank_0338,0.0,1628121600000
tank_0339,15.980392156862745,1628121600000
tank_0342,0.0,1628121600000
tank_0345,2.4784313725490197,1628121600000
tank_0346,0.0,1628121600000
tank_0349,52.0,1628121600000
tank_0350,0.4980392156862745,1628121600000
tank_0353,0.0,1628121600000
tank_0356,0.0,1628121600000
tank_0360,0.0,1628121600000
tank_0361,0.792156862745098,1628121600000
tank_0362,0.0,1628121600000
tank_0364,0.0,1628121600000
tank_0366,13.858823529411765,1628121600000
tank_0369,0.0,1628121600000
tank_0375,0.0,1628121600000
tank_0379,16.0,1628121600000
tank_0381,0.0,1628121600000
tank_0386,7.0,1628121600000
tank_0390,0.0,1628121600000
tank_0397,0.0,1628121600000
tank_0399,0.0,1628121600000
tank_0404,10.95686274509804,1628121600000
tank_0409,0.0,1628121600000
tank_0420,0.0,1628121600000
tank_0425,0.0,1628121600000
tank_0431,0.0,1628121600000
tank_0432,4.090196078431372,1628121600000
tank_0435,0.0,1628121600000
tank_0436,0.0,1628121600000
tank_0438,0.0,1628121600000
tank_0443,0.0,1628121600000
tank_0444,0.0,1628121600000
tank_0447,1.603921568627451,1628121600000
tank_0448,0.0,1628121600000
tank_0449,0.1568627450980392,1628121600000
tank_0455,2.0,1628121600000
tank_0460,0.0,1628121600000
tank_0462,7.0,1628121600000
tank_0466,0.0,1628121600000
tank_0471,0.0,1628121600000
tank_0473,0.0,1628121600000
tank_0474,0.0,1628121600000
tank_0481,9.67450980392157,1628121600000
tank_0485,0.0,1628121600000
tank_0489,0.0,1628121600000
tank_0491,0.0,1628121600000
tank_0494,0.0,1628121600000
tank_0497,0.0,1628121600000
tank_0498,0.09803921568627451,1628121600000
tank_0502,0.0,1628121600000
tank_0505,0.0,1628121600000
tank_0509,0.0,1628121600000
tank_0512,1.0,1628121600000
tank_0514,0.0,1628121600000
tank_0515,0.0,1628121600000
tank_0521,0.0,1628121600000
tank_0524,0.0,1628121600000
tank_0526,24.0,1628121600000
tank_0533,0.0,1628121600000
tank_0534,0.0,1628121600000
tank_0536,0.0,1628121600000
tank_0537,0.0,1628121600000
tank_0541,0.0,1628121600000
tank_0547,0.0,1628121600000
tank_0552,0.0,1628121600000
tank_0555,0.0,1628121600000
tank_0556,0.0,1628121600000
tank_0557,0.0,1628121600000
tank_0560,0.0,1628121600000
tank_0561,0.0,1628121600000
tank_0566,0.0,1628121600000
tank_0567,0.0,1628121600000
tank_0568,18.46274509803921,1628121600000
tank_0574,0.0,1628121600000
tank_0579,0.0,1628121600000
tank_0583,0.0,1628121600000
tank_0587,0.0,1628121600000
tank_0589,0.0,1628121600000
tank_0590,0.0,1628121600000
tank_0592,0.0,1628121600000
tank_0593,0.0,1628121600000
tank_0595,0.0,1628121600000
tank_0600,0.0,1628121600000
tank_0604,0.0,1628121600000
tank_0606,0.0,1628121600000
tank_0607,0.0,1628121600000
tank_0608,9.0,1628121600000
tank_0610,0.7490196078431373,1628121600000
tank_0611,0.0,1628121600000
tank_0612,0.3764705882352941,1628121600000
tank_0613,0.0,1628121600000
tank_0619,0.0,1628121600000
tank_0626,0.0,1628121600000
tank_0627,0.0,1628121600000
tank_0628,0.0,1628121600000
tank_0632,0.0,1628121600000
tank_0633,0.0,1628121600000
tank_0639,0.0,1628121600000
tank_0640,0.0,1628121600000
tank_0641,0.0,1628121600000
tank_0643,0.0,1628121600000
tank_0646,0.0,1628121600000
tank_0663,0.0,1628121600000
tank_0664,0.0,1628121600000
tank_0666,0.0,1628121600000
tank_0667,0.0,1628121600000
tank_0670,0.0,1628121600000
tank_0675,0.0,1628121600000
tank_0676,0.0,1628121600000
tank_0678,2.152941176470588,1628121600000
tank_0681,0.0,1628121600000
tank_0687,0.0,1628121600000
tank_0688,2.0,1628121600000
tank_0697,0.0,1628121600000
tank_0720,0.0,1628121600000
tank_0722,4.333333333333334,1628121600000
tank_0724,0.0,1628121600000
tank_0725,13.0,1628121600000
tank_0728,0.0,1628121600000
tank_0730,0.0,1628121600000
tank_0731,0.0,1628121600000
tank_0732,0.0,1628121600000
tank_0737,8.0,1628121600000
tank_0739,0.0,1628121600000
tank_0740,2.0,1628121600000
tank_0746,1.1686274509803922,1628121600000
tank_0748,1.992156862745098,1628121600000
tank_0749,0.0,1628121600000
tank_0752,0.5058823529411764,1628121600000
tank_0760,2.0,1628121600000
tank_0770,1.4980392156862745,1628121600000
tank_0772,4.0,1628121600000
tank_0788,0.0,1628121600000
tank_0789,0.0,1628121600000
tank_0792,43.01176470588236,1628121600000
tank_0797,0.0,1628121600000
tank_0800,0.0,1628121600000
tank_0802,0.0,1628121600000
tank_0803,0.0,1628121600000
tank_0808,2.5843137254901962,1628121600000
tank_0810,0.0,1628121600000
tank_0811,0.0,1628121600000
tank_0812,0.0,1628121600000
tank_0813,0.596078431372549,1628121600000
tank_0816,0.0,1628121600000
tank_0819,0.0,1628121600000
tank_0823,0.0,1628121600000
tank_0824,19.0,1628121600000
tank_0825,0.0,1628121600000
tank_0828,0.0,1628121600000
tank_0829,14.984313725490196,1628121600000
tank_0830,0.0,1628121600000
tank_0831,0.0,1628121600000
tank_0844,0.0,1628121600000
tank_0852,0.0,1628121600000
tank_0855,4.0,1628121600000
tank_0856,72.0,1628121600000
tank_0860,0.0,1628121600000
tank_0861,0.0,1628121600000
tank_0872,0.0,1628121600000
tank_0875,0.0,1628121600000
tank_0879,0.0,1628121600000
tank_0885,0.0,1628121600000
tank_0891,0.0,1628121600000
tank_0894,22.0,1628121600000
tank_0898,41.0,1628121600000
tank_0900,0.0,1628121600000
tank_0901,0.0,1628121600000
tank_0902,0.0,1628121600000
tank_0914,0.0,1628121600000
tank_0917,0.0,1628121600000
tank_0919,0.0,1628121600000
tank_0920,22.0,1628121600000
tank_0922,0.0,1628121600000
tank_0923,0.0,1628121600000
tank_0924,0.0,1628121600000
tank_0926,0.0,1628121600000
tank_0927,0.0,1628121600000
tank_0928,0.0,1628121600000
tank_0930,28.0,1628121600000
tank_0931,0.0,1628121600000
tank_0933,0.0,1628121600000
tank_0934,0.0,1628121600000
tank_0937,0.0,1628121600000
tank_0938,0.0,1628121600000
tank_0939,0.0,1628121600000
tank_0944,0.0,1628121600000
tank_0946,0.0,1628121600000
tank_0952,5.874509803921569,1628121600000
tank_0958,0.0,1628121600000
tank_0962,6.0,1628121600000
tank_0967,0.0,1628121600000
tank_0975,0.0,1628121600000
tank_0978,0.0,1628121600000
tank_0990,0.0,1628121600000
tank_0991,18.0,1628121600000
tank_0998,0.0,1628121600000
tank_0999,0.0,1628121600000
tank_1003,347.0,1628121600000
tank_1004,4.0,1628121600000
tank_1014,26.0,1628121600000
tank_1026,60.0,1628121600000
tank_1031,2.0,1628121600000
tank_1032,1.0,1628121600000
tank_1034,0.0,1628121600000
tank_1042,21.894117647058824,1628121600000
tank_1045,0.0,1628121600000
tank_1049,0.0,1628121600000
tank_1055,16.576470588235296,1628121600000
tank_1061,0.0,1628121600000
tank_1062,0.0,1628121600000
tank_1064,2.0,1628121600000
tank_1065,8.458823529411765,1628121600000
tank_1066,51.62352941176471,1628121600000
tank_1070,10.0,1628121600000
tank_1073,25.0,1628121600000
tank_1083,69.0,1628121600000
tank_1086,0.0,1628121600000
tank_1088,7.866666666666666,1628121600000
tank_1089,4.0,1628121600000
tank_1090,0.0,1628121600000
tank_1091,7.28235294117647,1628121600000
tank_1094,218.0,1628121600000
tank_1095,20.0,1628121600000
tank_1104,0.0,1628121600000
tank_1113,39.0,1628121600000
tank_1116,0.0,1628121600000
tank_1117,0.0,1628121600000
tank_1120,34.0,1628121600000
tank_1121,11.0,1628121600000
tank_1124,15.0,1628121600000
tank_1128,0.0,1628121600000
tank_1134,0.0,1628121600000
tank_1135,14.0,1628121600000
tank_1146,0.0,1628121600000
tank_1149,0.7215686274509805,1628121600000
tank_1156,0.0,1628121600000
tank_1157,18.964705882352945,1628121600000
tank_1159,0.0,1628121600000
tank_1160,456.0,1628121600000
tank_1166,0.0196078431372549,1628121600000
tank_1170,7.72156862745098,1628121600000
tank_1175,0.0,1628121600000
tank_1177,0.0,1628121600000
tank_1179,0.0,1628121600000
tank_1181,9.0,1628121600000
tank_1186,37.0,1628121600000
tank_1187,43.909803921568624,1628121600000
tank_1190,0.0,1628121600000
tank_1192,17.0,1628121600000
tank_1196,0.0,1628121600000
tank_1197,880.0,1628121600000
tank_1201,24.0,1628121600000
tank_1203,0.0,1628121600000
tank_1205,84.0,1628121600000
tank_1209,1.0,1628121600000
tank_1217,0.0,1628121600000
tank_1223,0.0,1628121600000
tank_1226,0.0,1628121600000
tank_1228,2.0,1628121600000
tank_1230,0.0,1628121600000
tank_1237,0.29411764705882354,1628121600000
tank_1239,272.60392156862747,1628121600000
tank_1245,3.015686274509804,1628121600000
tank_1246,0.0,1628121600000
tank_1250,0.0,1628121600000
tank_1254,364.0,1628121600000
tank_1255,0.0,1628121600000
tank_1258,0.0,1628121600000
tank_1261,0.0,1628121600000
tank_1262,0.0,1628121600000
tank_1263,0.0,1628121600000
tank_1265,1.0,1628121600000
tank_1270,0.0,1628121600000
tank_1272,0.0,1628121600000
tank_1275,0.0,1628121600000
tank_1276,63.0,1628121600000
tank_1279,0.0,1628121600000
tank_1280,0.0,1628121600000
tank_1284,0.0,1628121600000
tank_1285,0.0,1628121600000
tank_1286,3.0,1628121600000
tank_1290,0.0,1628121600000
tank_1291,0.0,1628121600000
tank_1293,16.0,1628121600000
tank_1295,0.0,1628121600000
tank_1297,4.0,1628121600000
tank_1301,65.0,1628121600000
tank_1302,0.0,1628121600000
tank_1304,0.0,1628121600000
tank_1305,0.0,1628121600000
tank_1313,206.0,1628121600000
tank_1322,0.0,1628121600000
tank_1325,0.0,1628121600000
tank_1326,0.0,1628121600000
tank_1344,0.0,1628121600000
tank_1346,0.0,1628121600000
tank_1349,0.0,1628121600000
tank_1353,68.0,1628121600000
tank_1358,0.0,1628121600000
tank_1359,0.0,1628121600000
tank_1361,16.0,1628121600000
tank_1364,26.0,1628121600000
tank_1365,0.0,1628121600000
tank_1372,0.0,1628121600000
tank_1374,35.0,1628121600000
tank_1378,9.0,1628121600000
tank_1380,0.0,1628121600000
tank_1386,0.0,1628121600000
tank_1391,0.0,1628121600000
tank_1393,0.0,1628121600000
tank_1396,1.0,1628121600000
tank_1397,0.0,1628121600000
tank_1403,0.0,1628121600000
tank_1409,0.0,1628121600000
tank_1412,0.0,1628121600000
tank_1415,0.0,1628121600000
tank_1416,0.0,1628121600000
tank_1421,56.0,1628121600000
tank_1422,0.0,1628121600000
tank_1425,97.0,1628121600000
tank_1426,0.0,1628121600000
tank_1430,0.0,1628121600000
tank_1433,92.0,1628121600000
tank_1438,0.0,1628121600000
tank_1439,0.0,1628121600000
tank_1441,0.0,1628121600000
tank_1443,2.7215686274509805,1628121600000
tank_1445,0.0,1628121600000
tank_1446,0.0,1628121600000
tank_1450,0.0,1628121600000
tank_1452,0.0,1628121600000
tank_1456,0.0,1628121600000
tank_1466,0.0,1628121600000
tank_1471,0.0,1628121600000
tank_1475,0.0,1628121600000
tank_1486,100.0,1628121600000
tank_1488,0.0,1628121600000
tank_1491,0.0,1628121600000
tank_1500,5.0,1628121600000
tank_1505,169.0,1628121600000
tank_1513,14.0,1628121600000
tank_1531,23.0,1628121600000
tank_1536,0.0,1628121600000
tank_1539,196.0,1628121600000
tank_1541,0.0,1628121600000
tank_1542,0.0,1628121600000
tank_1547,24.0,1628121600000
tank_1563,0.0,1628121600000
tank_1564,0.0,1628121600000
tank_1565,41.0,1628121600000
tank_1567,27.0,1628121600000
tank_1568,0.0,1628121600000
tank_1573,7.0,1628121600000
tank_1583,0.0,1628121600000
tank_1587,437.0,1628121600000
tank_1588,0.0,1628121600000
tank_1592,0.0,1628121600000
tank_1594,80.0,1628121600000
tank_1595,0.0,1628121600000
tank_1597,108.46666666666667,1628121600000
tank_1598,0.0,1628121600000
tank_1600,0.0,1628121600000
tank_1604,0.0,1628121600000
tank_0002,0.0,1629158400000
tank_0004,0.0,1629158400000
tank_0005,0.0,1629158400000
tank_0011,0.0,1629158400000
tank_0014,0.0,1629158400000
tank_0019,0.0,1629158400000
tank_0024,0.0,1629158400000
tank_0025,0.0,1629158400000
tank_0026,0.0,1629158400000
tank_0027,4.0,1629158400000
tank_0030,0.0,1629158400000
tank_0031,2.0,1629158400000
tank_0036,0.0,1629158400000
tank_0037,0.0,1629158400000
tank_0038,0.0,1629158400000
tank_0050,0.0,1629158400000
tank_0051,0.0,1629158400000
tank_0052,0.0,1629158400000
tank_0053,0.0,1629158400000
tank_0055,0.0,1629158400000
tank_0057,0.0,1629158400000
tank_0058,0.0,1629158400000
tank_0064,0.0,1629158400000
tank_0069,0.0,1629158400000
tank_0072,0.0,1629158400000
tank_0073,0.0,1629158400000
tank_0080,17.95294117647059,1629158400000
tank_0094,0.0,1629158400000
tank_0107,0.0,1629158400000
tank_0110,0.0,1629158400000
tank_0113,0.0,1629158400000
tank_0115,0.0,1629158400000
tank_0116,0.0,1629158400000
tank_0117,26.0,1629158400000
tank_0118,0.0,1629158400000
tank_0122,0.0,1629158400000
tank_0125,0.0,1629158400000
tank_0130,0.0,1629158400000
tank_0131,0.0,1629158400000
tank_0132,0.0,1629158400000
tank_0134,0.0,1629158400000
tank_0135,0.0,1629158400000
tank_0142,0.0,1629158400000
tank_0143,0.0,1629158400000
tank_0144,0.0,1629158400000
tank_0148,0.0,1629158400000
tank_0153,3.0,1629158400000
tank_0156,0.0,1629158400000
tank_0159,0.0,1629158400000
tank_0165,0.0,1629158400000
tank_0171,0.0,1629158400000
tank_0172,0.0,1629158400000
tank_0174,0.1411764705882353,1629158400000
tank_0176,0.0,1629158400000
tank_0184,0.0,1629158400000
tank_0187,0.0,1629158400000
tank_0190,0.0,1629158400000
tank_0192,0.0,1629158400000
tank_0193,0.0,1629158400000
tank_0195,0.0,1629158400000
tank_0199,0.0,1629158400000
tank_0204,0.0,1629158400000
tank_0205,0.0,1629158400000
tank_0207,0.0,1629158400000
tank_0209,0.0,1629158400000
tank_0213,0.0,1629158400000
tank_0217,0.0,1629158400000
tank_0220,0.0,1629158400000
tank_0221,0.6196078431372549,1629158400000
tank_0225,0.0,1629158400000
tank_0226,0.0,1629158400000
tank_0228,0.0,1629158400000
tank_0229,0.0,1629158400000
tank_0231,0.0,1629158400000
tank_0233,0.0,1629158400000
tank_0236,0.0,1629158400000
tank_0237,0.0,1629158400000
tank_0240,0.0,1629158400000
tank_0242,0.0,1629158400000
tank_0245,0.0,1629158400000
tank_0247,0.0,1629158400000
tank_0256,0.0,1629158400000
tank_0257,0.0,1629158400000
tank_0260,0.0,1629158400000
tank_0261,0.0,1629158400000
tank_0264,0.0,1629158400000
tank_0273,0.0,1629158400000
tank_0276,0.0,1629158400000
tank_0278,0.0,1629158400000
tank_0280,0.0,1629158400000
tank_0291,1.0,1629158400000
tank_0292,1.0,1629158400000
tank_0296,0.0,1629158400000
tank_0297,0.0,1629158400000
tank_0299,0.0,1629158400000
tank_0300,0.0,1629158400000
tank_0301,0.0,1629158400000
tank_0307,0.0,1629158400000
tank_0309,0.0,1629158400000
tank_0313,0.0,1629158400000
tank_0314,0.0,1629158400000
tank_0319,0.0,1629158400000
tank_0321,0.0,1629158400000
tank_0327,0.0,1629158400000
tank_0337,0.0,1629158400000
tank_0338,0.0,1629158400000
tank_0339,4.0,1629158400000
tank_0342,0.0,1629158400000
tank_0345,0.0,1629158400000
tank_0346,0.0,1629158400000
tank_0349,35.0,1629158400000
tank_0350,0.0,1629158400000
tank_0353,0.0,1629158400000
tank_0356,0.0,1629158400000
tank_0360,0.0,1629158400000
tank_0361,0.0,1629158400000
tank_0362,0.0,1629158400000
tank_0364,0.0,1629158400000
tank_0366,0.0,1629158400000
tank_0369,0.0,1629158400000
tank_0375,0.0,1629158400000
tank_0379,0.0,1629158400000
tank_0381,0.0,1629158400000
tank_0386,0.0,1629158400000
tank_0390,0.0,1629158400000
tank_0397,0.0,1629158400000
tank_0399,0.0,1629158400000
tank_0404,0.0,1629158400000
tank_0409,0.0,1629158400000
tank_0420,0.0,1629158400000
tank_0425,0.0,1629158400000
tank_0431,0.0,1629158400000
tank_0432,0.0,1629158400000
tank_0435,0.0,1629158400000
tank_0436,0.0,1629158400000
tank_0438,0.0,1629158400000
tank_0443,0.0,1629158400000
tank_0444,0.0,1629158400000
tank_0447,0.0,1629158400000
tank_0448,0.0,1629158400000
tank_0449,0.0,1629158400000
tank_0455,0.0,1629158400000
tank_0460,0.0,1629158400000
tank_0462,4.0,1629158400000
tank_0466,0.0,1629158400000
tank_0471,0.0,1629158400000
tank_0473,0.0,1629158400000
tank_0474,0.0,1629158400000
tank_0481,2.0,1629158400000
tank_0485,0.0,1629158400000
tank_0489,0.0,1629158400000
tank_0491,0.0,1629158400000
tank_0494,0.0,1629158400000
tank_0497,0.0,1629158400000
tank_0498,0.0,1629158400000
tank_0502,0.0,1629158400000
tank_0505,0.0,1629158400000
tank_0509,0.0,1629158400000
tank_0512,0.0,1629158400000
tank_0514,0.0,1629158400000
tank_0515,0.0,1629158400000
tank_0521,0.0,1629158400000
tank_0524,0.0,1629158400000
tank_0526,28.0,1629158400000
tank_0533,0.0,1629158400000
tank_0534,0.0,1629158400000
tank_0536,0.0,1629158400000
tank_0537,0.0,1629158400000
tank_0541,0.0,1629158400000
tank_0547,0.0,1629158400000
tank_0552,0.0,1629158400000
tank_0555,0.0,1629158400000
tank_0556,0.0,1629158400000
tank_0557,0.0,1629158400000
tank_0560,0.0,1629158400000
tank_0561,0.0,1629158400000
tank_0566,0.0,1629158400000
tank_0567,0.0,1629158400000
tank_0568,4.0,1629158400000
tank_0574,0.0,1629158400000
tank_0579,0.0,1629158400000
tank_0583,0.0,1629158400000
tank_0587,0.0,1629158400000
tank_0589,0.0,1629158400000
tank_0590,0.0,1629158400000
tank_0592,0.0,1629158400000
tank_0593,0.0,1629158400000
tank_0595,0.0,1629158400000
tank_0600,0.0,1629158400000
tank_0604,10.619607843137256,1629158400000
tank_0606,0.0,1629158400000
tank_0607,0.0,1629158400000
tank_0608,0.0,1629158400000
tank_0610,0.0,1629158400000
tank_0611,0.0,1629158400000
tank_0612,0.0,1629158400000
tank_0613,0.0,1629158400000
tank_0619,0.0,1629158400000
tank_0626,0.0,1629158400000
tank_0627,0.0,1629158400000
tank_0628,0.0,1629158400000
tank_0632,0.0,1629158400000
tank_0633,0.0,1629158400000
tank_0639,0.0,1629158400000
tank_0640,0.0,1629158400000
tank_0641,0.0,1629158400000
tank_0643,0.0,1629158400000
tank_0646,0.0,1629158400000
tank_0663,0.0,1629158400000
tank_0664,0.0,1629158400000
tank_0666,0.0,1629158400000
tank_0667,0.0,1629158400000
tank_0670,0.0,1629158400000
tank_0675,0.0,1629158400000
tank_0676,0.0,1629158400000
tank_0678,0.0,1629158400000
tank_0681,0.0,1629158400000
tank_0687,0.0,1629158400000
tank_0688,3.0,1629158400000
tank_0697,0.0,1629158400000
tank_0720,0.0,1629158400000
tank_0722,0.0,1629158400000
tank_0724,0.0,1629158400000
tank_0725,6.0,1629158400000
tank_0728,0.0,1629158400000
tank_0730,0.0,1629158400000
tank_0731,0.0,1629158400000
tank_0732,0.0,1629158400000
tank_0737,40.0,1629158400000
tank_0739,0.0,1629158400000
tank_0740,0.0,1629158400000
tank_0746,1.1686274509803922,1629158400000
tank_0748,0.0,1629158400000
tank_0749,0.0,1629158400000
tank_0752,0.0,1629158400000
tank_0760,0.0,1629158400000
tank_0770,0.0,1629158400000
tank_0772,0.0,1629158400000
tank_0788,0.0,1629158400000
tank_0789,0.0,1629158400000
tank_0792,0.45098039215686275,1629158400000
tank_0797,0.0,1629158400000
tank_0800,0.0,1629158400000
tank_0802,0.0,1629158400000
tank_0803,0.0,1629158400000
tank_0808,4.0,1629158400000
tank_0810,0.0,1629158400000
tank_0811,0.0,1629158400000
tank_0812,0.0,1629158400000
tank_0813,0.25098039215686274,1629158400000
tank_0816,0.0,1629158400000
tank_0819,0.0,1629158400000
tank_0823,0.0,1629158400000
tank_0824,3.0,1629158400000
tank_0825,0.0,1629158400000
tank_0828,0.0,1629158400000
tank_0829,13.984313725490196,1629158400000
tank_0830,0.0,1629158400000
tank_0831,0.0,1629158400000
tank_0844,0.0,1629158400000
tank_0852,0.0,1629158400000
tank_0855,0.0,1629158400000
tank_0856,31.0,1629158400000
tank_0860,0.0,1629158400000
tank_0861,0.0,1629158400000
tank_0872,0.0,1629158400000
tank_0875,0.0,1629158400000
tank_0879,0.0,1629158400000
tank_0885,0.0,1629158400000
tank_0891,0.0,1629158400000
tank_0894,21.0,1629158400000
tank_0898,43.0,1629158400000
tank_0900,0.0,1629158400000
tank_0901,0.0,1629158400000
tank_0902,0.0,1629158400000
tank_0914,0.0,1629158400000
tank_0917,4.0,1629158400000
tank_0919,0.0,1629158400000
tank_0920,0.0,1629158400000
tank_0922,0.0,1629158400000
tank_0923,0.0,1629158400000
tank_0924,0.0,1629158400000
tank_0926,0.0,1629158400000
tank_0927,0.0,1629158400000
tank_0928,0.0,1629158400000
tank_0930,9.0,1629158400000
tank_0931,0.0,1629158400000
tank_0933,0.0,1629158400000
tank_0934,0.0,1629158400000
tank_0937,0.0,1629158400000
tank_0938,0.0,1629158400000
tank_0939,0.0,1629158400000
tank_0944,0.0,1629158400000
tank_0946,0.0,1629158400000
tank_0952,0.0,1629158400000
tank_0958,0.0,1629158400000
tank_0962,0.0,1629158400000
tank_0967,0.0,1629158400000
tank_0975,0.0,1629158400000
tank_0978,0.0,1629158400000
tank_0990,0.0,1629158400000
tank_0991,14.0,1629158400000
tank_0998,0.0,1629158400000
tank_0999,0.0,1629158400000
tank_1003,26.0,1629158400000
tank_1004,0.0,1629158400000
tank_1014,50.0,1629158400000
tank_1026,58.0,1629158400000
tank_1031,1.0,1629158400000
tank_1032,0.0,1629158400000
tank_1034,2.0509803921568626,1629158400000
tank_1042,29.0,1629158400000
tank_1045,0.0,1629158400000
tank_1049,0.0,1629158400000
tank_1055,0.0,1629158400000
tank_1061,0.0,1629158400000
tank_1062,0.0,1629158400000
tank_1064,0.0,1629158400000
tank_1065,1.4862745098039216,1629158400000
tank_1066,30.839215686274507,1629158400000
tank_1070,15.0,1629158400000
tank_1073,11.0,1629158400000
tank_1083,121.0,1629158400000
tank_1086,0.0,1629158400000
tank_1088,9.28627450980392,1629158400000
tank_1089,1.0,1629158400000
tank_1090,3.0,1629158400000
tank_1091,6.592156862745098,1629158400000
tank_1094,47.0,1629158400000
tank_1095,16.0,1629158400000
tank_1104,0.0,1629158400000
tank_1113,28.0,1629158400000
tank_1116,0.0,1629158400000
tank_1117,0.0,1629158400000
tank_1120,2.0,1629158400000
tank_1121,22.0,1629158400000
tank_1124,15.0,1629158400000
tank_1128,2.0,1629158400000
tank_1134,0.0,1629158400000
tank_1135,8.0,1629158400000
tank_1146,12.874509803921569,1629158400000
tank_1149,0.0,1629158400000
tank_1156,0.0,1629158400000
tank_1157,11.956862745098041,1629158400000
tank_1159,0.0,1629158400000
tank_1160,235.0,1629158400000
tank_1166,0.06666666666666667,1629158400000
tank_1170,16.60392156862745,1629158400000
tank_1175,0.0,1629158400000
tank_1177,0.0,1629158400000
tank_1179,0.0,1629158400000
tank_1181,6.0,1629158400000
tank_1186,23.0,1629158400000
tank_1187,38.811764705882354,1629158400000
tank_1190,0.0,1629158400000
tank_1192,17.0,1629158400000
tank_1196,0.0,1629158400000
tank_1197,1559.0,1629158400000
tank_1201,3.0,1629158400000
tank_1203,0.11372549019607843,1629158400000
tank_1205,63.0,1629158400000
tank_1209,0.0,1629158400000
tank_1217,0.0,1629158400000
tank_1223,0.0,1629158400000
tank_1226,0.0,1629158400000
tank_1228,7.0,1629158400000
tank_1230,0.0,1629158400000
tank_1237,2.0,1629158400000
tank_1239,388.9176470588235,1629158400000
tank_1245,0.0,1629158400000
tank_1246,0.0,1629158400000
tank_1250,0.0,1629158400000
tank_1254,167.0,1629158400000
tank_1255,0.0,1629158400000
tank_1258,0.0,1629158400000
tank_1261,0.0,1629158400000
tank_1262,0.0,1629158400000
tank_1263,0.0,1629158400000
tank_1265,0.0,1629158400000
tank_1270,0.0,1629158400000
tank_1272,0.0,1629158400000
tank_1275,0.0,1629158400000
tank_1276,11.0,1629158400000
tank_1279,0.0,1629158400000
tank_1280,0.0,1629158400000
tank_1284,0.0,1629158400000
tank_1285,0.0,1629158400000
tank_1286,12.0,1629158400000
tank_1290,0.0,1629158400000
tank_1291,0.0,1629158400000
tank_1293,29.0,1629158400000
tank_1295,0.0,1629158400000
tank_1297,8.0,1629158400000
tank_1301,103.0,1629158400000
tank_1302,0.0,1629158400000
tank_1304,0.0,1629158400000
tank_1305,0.0,1629158400000
tank_1313,50.0,1629158400000
tank_1322,0.0,1629158400000
tank_1325,0.0,1629158400000
tank_1326,0.0,1629158400000
tank_1344,0.0,1629158400000
tank_1346,0.0,1629158400000
tank_1349,0.0,1629158400000
tank_1353,142.0,1629158400000
tank_1358,0.0,1629158400000
tank_1359,0.4627450980392157,1629158400000
tank_1361,5.0,1629158400000
tank_1364,111.0,1629158400000
tank_1365,0.0,1629158400000
tank_1372,0.0,1629158400000
tank_1374,18.0,1629158400000
tank_1378,0.0,1629158400000
tank_1380,0.0,1629158400000
tank_1386,3.0,1629158400000
tank_1391,0.0,1629158400000
tank_1393,0.0,1629158400000
tank_1396,0.0,1629158400000
tank_1397,0.0,1629158400000
tank_1403,0.0,1629158400000
tank_1409,0.0,1629158400000
tank_1412,0.0,1629158400000
tank_1415,2.0,1629158400000
tank_1416,0.0,1629158400000
tank_1421,23.0,1629158400000
tank_1422,0.0,1629158400000
tank_1425,235.0,1629158400000
tank_1426,0.0,1629158400000
tank_1430,0.0,1629158400000
tank_1433,13.0,1629158400000
tank_1438,0.0,1629158400000
tank_1439,0.0,1629158400000
tank_1441,0.0,1629158400000
tank_1443,0.0,1629158400000
tank_1445,0.0,1629158400000
tank_1446,0.0,1629158400000
tank_1450,0.0,1629158400000
tank_1452,0.0,1629158400000
tank_1456,3.0,1629158400000
tank_1466,0.0,1629158400000
tank_1471,0.0,1629158400000
tank_1475,31.0,1629158400000
tank_1486,515.0,1629158400000
tank_1488,0.0,1629158400000
tank_1491,0.0,1629158400000
tank_1500,8.0,1629158400000
tank_1505,140.0,1629158400000
tank_1513,0.0,1629158400000
tank_1531,20.0,1629158400000
tank_1536,0.0,1629158400000
tank_1539,364.0,1629158400000
tank_1541,0.0,1629158400000
tank_1542,0.0,1629158400000
tank_1547,23.0,1629158400000
tank_1563,0.0,1629158400000
tank_1564,0.0,1629158400000
tank_1565,58.0,1629158400000
tank_1567,20.0,1629158400000
tank_1568,0.0,1629158400000
tank_1573,0.0,1629158400000
tank_1583,0.0,1629158400000
tank_1587,181.0,1629158400000
tank_1588,0.0,1629158400000
tank_1592,0.0,1629158400000
tank_1594,52.0,1629158400000
tank_1595,0.0,1629158400000
tank_1597,113.61960784313726,1629158400000
tank_1598,0.0,1629158400000
tank_1600,0.0,1629158400000
tank_1604,0.0,1629158400000
tank_0002,0.0,1630195200000
tank_0004,0.0,1630195200000
tank_0005,0.0,1630195200000
tank_0011,0.0,1630195200000
tank_0014,0.0,1630195200000
tank_0019,0.0,1630195200000
tank_0024,0.0,1630195200000
tank_0025,0.0,1630195200000
tank_0026,0.0,1630195200000
tank_0027,0.0,1630195200000
tank_0030,0.0,1630195200000
tank_0031,5.0,1630195200000
tank_0036,0.0,1630195200000
tank_0037,0.0,1630195200000
tank_0038,0.0,1630195200000
tank_0050,0.0,1630195200000
tank_0051,0.0,1630195200000
tank_0052,0.0,1630195200000
tank_0053,0.0,1630195200000
tank_0055,0.0,1630195200000
tank_0057,0.0,1630195200000
tank_0058,0.0,1630195200000
tank_0064,0.0,1630195200000
tank_0069,0.0,1630195200000
tank_0072,0.0,1630195200000
tank_0073,0.0,1630195200000
tank_0080,11.0,1630195200000
tank_0094,0.0,1630195200000
tank_0107,0.0,1630195200000
tank_0110,0.0,1630195200000
tank_0113,0.0,1630195200000
tank_0115,0.0,1630195200000
tank_0116,0.0,1630195200000
tank_0117,28.0,1630195200000
tank_0118,0.0,1630195200000
tank_0122,0.0,1630195200000
tank_0125,0.0,1630195200000
tank_0130,0.0,1630195200000
tank_0131,0.0,1630195200000
tank_0132,0.0,1630195200000
tank_0134,0.0,1630195200000
tank_0135,0.0,1630195200000
tank_0142,0.0,1630195200000
tank_0143,0.0,1630195200000
tank_0144,0.0,1630195200000
tank_0148,0.0,1630195200000
tank_0153,0.0,1630195200000
tank_0156,0.0,1630195200000
tank_0159,0.0,1630195200000
tank_0165,1.6666666666666665,1630195200000
tank_0171,0.0,1630195200000
tank_0172,0.0,1630195200000
tank_0174,0.0,1630195200000
tank_0176,4.0,1630195200000
tank_0184,0.0,1630195200000
tank_0187,0.0,1630195200000
tank_0190,0.37254901960784315,1630195200000
tank_0192,0.0,1630195200000
tank_0193,0.0,1630195200000
tank_0195,0.0,1630195200000
tank_0199,0.0,1630195200000
tank_0204,0.0,1630195200000
tank_0205,0.0,1630195200000
tank_0207,0.0,1630195200000
tank_0209,0.0,1630195200000
tank_0213,0.0,1630195200000
tank_0217,0.0,1630195200000
tank_0220,0.0,1630195200000
tank_0221,0.0,1630195200000
tank_0225,0.0,1630195200000
tank_0226,0.0,1630195200000
tank_0228,0.0,1630195200000
tank_0229,0.0,1630195200000
tank_0231,0.0,1630195200000
tank_0233,0.0,1630195200000
tank_0236,0.0,1630195200000
tank_0237,0.6901960784313725,1630195200000
tank_0240,6.415686274509803,1630195200000
tank_0242,0.0,1630195200000
tank_0245,0.0,1630195200000
tank_0247,1.0,1630195200000
tank_0256,0.0,1630195200000
tank_0257,0.0,1630195200000
tank_0260,0.0,1630195200000
tank_0261,0.0,1630195200000
tank_0264,0.0,1630195200000
tank_0273,1.0,1630195200000
tank_0276,0.0,1630195200000
tank_0278,0.0,1630195200000
tank_0280,0.0,1630195200000
tank_0291,1.0,1630195200000
tank_0292,0.0,1630195200000
tank_0296,0.0,1630195200000
tank_0297,0.0,1630195200000
tank_0299,0.0,1630195200000
tank_0300,0.0,1630195200000
tank_0301,0.0,1630195200000
tank_0307,0.0,1630195200000
tank_0309,22.92549019607843,1630195200000
tank_0313,0.0,1630195200000
tank_0314,0.0,1630195200000
tank_0319,0.0,1630195200000
tank_0321,0.0,1630195200000
tank_0327,0.0,1630195200000
tank_0337,0.0,1630195200000
tank_0338,0.0,1630195200000
tank_0339,0.0,1630195200000
tank_0342,0.0,1630195200000
tank_0345,0.0,1630195200000
tank_0346,0.0,1630195200000
tank_0349,43.0,1630195200000
tank_0350,0.0,1630195200000
tank_0353,0.0,1630195200000
tank_0356,0.0,1630195200000
tank_0360,0.0,1630195200000
tank_0361,0.4980392156862745,1630195200000
tank_0362,0.0,1630195200000
tank_0364,0.0,1630195200000
tank_0366,8.0,1630195200000
tank_0369,0.0,1630195200000
tank_0375,0.0,1630195200000
tank_0379,0.0,1630195200000
tank_0381,0.0,1630195200000
tank_0386,7.0,1630195200000
tank_0390,0.0,1630195200000
tank_0397,0.0,1630195200000
tank_0399,0.0,1630195200000
tank_0404,0.0,1630195200000
tank_0409,0.0,1630195200000
tank_0420,0.0,1630195200000
tank_0425,0.0,1630195200000
tank_0431,0.0,1630195200000
tank_0432,0.0,1630195200000
tank_0435,0.0,1630195200000
tank_0436,0.0,1630195200000
tank_0438,0.0,1630195200000
tank_0443,0.0,1630195200000
tank_0444,0.0,1630195200000
tank_0447,0.0,1630195200000
tank_0448,0.0,1630195200000
tank_0449,0.0,1630195200000
tank_0455,0.0,1630195200000
tank_0460,0.0,1630195200000
tank_0462,2.0,1630195200000
tank_0466,0.0,1630195200000
tank_0471,0.0,1630195200000
tank_0473,0.0,1630195200000
tank_0474,0.0,1630195200000
tank_0481,10.329411764705883,1630195200000
tank_0485,0.0,1630195200000
tank_0489,0.0,1630195200000
tank_0491,0.0,1630195200000
tank_0494,0.0,1630195200000
tank_0497,0.0,1630195200000
tank_0498,0.0,1630195200000
tank_0502,0.0,1630195200000
tank_0505,0.0,1630195200000
tank_0509,0.0,1630195200000
tank_0512,0.0,1630195200000
tank_0514,0.0,1630195200000
tank_0515,0.8156862745098039,1630195200000
tank_0521,0.0,1630195200000
tank_0524,0.0,1630195200000
tank_0526,14.0,1630195200000
tank_0533,0.0,1630195200000
tank_0534,0.0,1630195200000
tank_0536,0.0,1630195200000
tank_0537,0.0,1630195200000
tank_0541,0.0,1630195200000
tank_0547,0.0,1630195200000
tank_0552,0.0,1630195200000
tank_0555,0.0,1630195200000
tank_0556,0.0,1630195200000
tank_0557,0.0,1630195200000
tank_0560,0.0,1630195200000
tank_0561,0.0,1630195200000
tank_0566,0.0,1630195200000
tank_0567,0.0,1630195200000
tank_0568,4.470588235294118,1630195200000
tank_0574,0.0,1630195200000
tank_0579,0.0,1630195200000
tank_0583,0.0,1630195200000
tank_0587,0.0,1630195200000
tank_0589,0.0,1630195200000
tank_0590,0.0,1630195200000
tank_0592,0.0,1630195200000
tank_0593,0.0,1630195200000
tank_0595,0.0,1630195200000
tank_0600,0.0,1630195200000
tank_0604,0.0,1630195200000
tank_0606,0.0,1630195200000
tank_0607,0.0,1630195200000
tank_0608,11.0,1630195200000
tank_0610,0.7490196078431373,1630195200000
tank_0611,0.0,1630195200000
tank_0612,1.1176470588235294,1630195200000
tank_0613,1.3568627450980393,1630195200000
tank_0619,0.0,1630195200000
tank_0626,0.0,1630195200000
tank_0627,0.0,1630195200000
tank_0628,1.3725490196078431,1630195200000
tank_0632,0.0,1630195200000
tank_0633,0.0,1630195200000
tank_0639,0.0,1630195200000
tank_0640,0.0,1630195200000
tank_0641,0.0,1630195200000
tank_0643,0.0,1630195200000
tank_0646,0.0,1630195200000
tank_0663,0.0,1630195200000
tank_0664,0.0,1630195200000
tank_0666,0.0,1630195200000
tank_0667,0.0,1630195200000
tank_0670,0.0,1630195200000
tank_0675,0.0,1630195200000
tank_0676,0.0,1630195200000
tank_0678,0.0,1630195200000
tank_0681,0.0,1630195200000
tank_0687,0.0,1630195200000
tank_0688,19.0,1630195200000
tank_0697,0.0,1630195200000
tank_0720,0.0,1630195200000
tank_0722,0.0,1630195200000
tank_0724,0.0,1630195200000
tank_0725,0.0,1630195200000
tank_0728,0.0,1630195200000
tank_0730,0.0,1630195200000
tank_0731,0.0,1630195200000
tank_0732,0.0,1630195200000
tank_0737,2.0,1630195200000
tank_0739,0.0,1630195200000
tank_0740,0.0,1630195200000
tank_0746,0.0,1630195200000
tank_0748,0.0,1630195200000
tank_0749,0.0,1630195200000
tank_0752,0.0,1630195200000
tank_0760,0.0,1630195200000
tank_0770,0.0,1630195200000
tank_0772,0.0,1630195200000
tank_0788,0.0,1630195200000
tank_0789,0.0,1630195200000
tank_0792,18.8078431372549,1630195200000
tank_0797,0.0,1630195200000
tank_0800,0.0,1630195200000
tank_0802,0.0,1630195200000
tank_0803,0.0,1630195200000
tank_0808,0.0,1630195200000
tank_0810,0.0,1630195200000
tank_0811,0.0,1630195200000
tank_0812,0.0,1630195200000
tank_0813,0.0,1630195200000
tank_0816,0.0,1630195200000
tank_0819,0.0,1630195200000
tank_0823,0.0,1630195200000
tank_0824,0.0,1630195200000
tank_0825,0.0,1630195200000
tank_0828,0.0,1630195200000
tank_0829,12.0,1630195200000
tank_0830,0.0,1630195200000
tank_0831,0.5686274509803921,1630195200000
tank_0844,0.0,1630195200000
tank_0852,0.0,1630195200000
tank_0855,0.0,1630195200000
tank_0856,52.0,1630195200000
tank_0860,0.0,1630195200000
tank_0861,0.0,1630195200000
tank_0872,0.0,1630195200000
tank_0875,0.0,1630195200000
tank_0879,0.0,1630195200000
tank_0885,0.0,1630195200000
tank_0891,0.0,1630195200000
tank_0894,2.0,1630195200000
tank_0898,29.0,1630195200000
tank_0900,0.0,1630195200000
tank_0901,0.0,1630195200000
tank_0902,6.0,1630195200000
tank_0914,0.0,1630195200000
tank_0917,10.0,1630195200000
tank_0919,0.0,1630195200000
tank_0920,1.0,1630195200000
tank_0922,0.0,1630195200000
tank_0923,0.0,1630195200000
tank_0924,0.0,1630195200000
tank_0926,0.0,1630195200000
tank_0927,0.0,1630195200000
tank_0928,0.0,1630195200000
tank_0930,0.0,1630195200000
tank_0931,0.0,1630195200000
tank_0933,0.0,1630195200000
tank_0934,0.0,1630195200000
tank_0937,0.0,1630195200000
tank_0938,0.0,1630195200000
tank_0939,2.0,1630195200000
tank_0944,0.0,1630195200000
tank_0946,0.0,1630195200000
tank_0952,2.0,1630195200000
tank_0958,0.0,1630195200000
tank_0962,2.0,1630195200000
tank_0967,0.0,1630195200000
tank_0975,0.0,1630195200000
tank_0978,0.0,1630195200000
tank_0990,0.0,1630195200000
tank_0991,6.0,1630195200000
tank_0998,0.0,1630195200000
tank_0999,0.0,1630195200000
tank_1003,4.0,1630195200000
tank_1004,0.0,1630195200000
tank_1014,0.0,1630195200000
tank_1026,66.0,1630195200000
tank_1031,3.0,1630195200000
tank_1032,1.0,1630195200000
tank_1034,0.0,1630195200000
tank_1042,15.0,1630195200000
tank_1045,0.0,1630195200000
tank_1049,0.0,1630195200000
tank_1055,8.949019607843137,1630195200000
tank_1061,0.0,1630195200000
tank_1062,0.0,1630195200000
tank_1064,2.992156862745098,1630195200000
tank_1065,0.0,1630195200000
tank_1066,0.0,1630195200000
tank_1070,0.0,1630195200000
tank_1073,18.0,1630195200000
tank_1083,71.0,1630195200000
tank_1086,0.0,1630195200000
tank_1088,14.945098039215686,1630195200000
tank_1089,11.0,1630195200000
tank_1090,0.0,1630195200000
tank_1091,0.0,1630195200000
tank_1094,63.0,1630195200000
tank_1095,18.0,1630195200000
tank_1104,2.0,1630195200000
tank_1113,33.0,1630195200000
tank_1116,0.0,1630195200000
tank_1117,0.0,1630195200000
tank_1120,17.0,1630195200000
tank_1121,9.0,1630195200000
tank_1124,14.71372549019608,1630195200000
tank_1128,0.0,1630195200000
tank_1134,0.0,1630195200000
tank_1135,18.0,1630195200000
tank_1146,8.0,1630195200000
tank_1149,0.0,1630195200000
tank_1156,0.0,1630195200000
tank_1157,14.486274509803923,1630195200000
tank_1159,0.0,1630195200000
tank_1160,112.0,1630195200000
tank_1166,0.0,1630195200000
tank_1170,15.24313725490196,1630195200000
tank_1175,0.0,1630195200000
tank_1177,1.2509803921568627,1630195200000
tank_1179,0.0,1630195200000
tank_1181,47.0,1630195200000
tank_1186,19.498039215686276,1630195200000
tank_1187,19.505882352941175,1630195200000
tank_1190,0.0,1630195200000
tank_1192,20.0,1630195200000
tank_1196,0.0,1630195200000
tank_1197,58.0,1630195200000
tank_1201,7.0,1630195200000
tank_1203,0.0,1630195200000
tank_1205,86.0,1630195200000
tank_1209,0.0,1630195200000
tank_1217,0.0,1630195200000
tank_1223,0.0,1630195200000
tank_1226,0.0,1630195200000
tank_1228,1.0,1630195200000
tank_1230,0.0,1630195200000
tank_1237,2.0,1630195200000
tank_1239,38.0,1630195200000
tank_1245,1.552941176470588,1630195200000
tank_1246,0.0,1630195200000
tank_1250,0.0,1630195200000
tank_1254,46.0,1630195200000
tank_1255,0.0,1630195200000
tank_1258,0.0,1630195200000
tank_1261,0.0,1630195200000
tank_1262,0.0,1630195200000
tank_1263,0.0,1630195200000
tank_1265,0.0,1630195200000
tank_1270,0.0,1630195200000
tank_1272,0.0,1630195200000
tank_1275,0.0,1630195200000
tank_1276,6.0,1630195200000
tank_1279,0.0,1630195200000
tank_1280,0.0,1630195200000
tank_1284,0.0,1630195200000
tank_1285,0.0,1630195200000
tank_1286,7.0,1630195200000
tank_1290,0.0,1630195200000
tank_1291,0.0,1630195200000
tank_1293,20.0,1630195200000
tank_1295,0.0,1630195200000
tank_1297,25.0,1630195200000
tank_1301,30.0,1630195200000
tank_1302,0.0,1630195200000
tank_1304,0.0,1630195200000
tank_1305,0.0,1630195200000
tank_1313,26.0,1630195200000
tank_1322,0.0,1630195200000
tank_1325,0.0,1630195200000
tank_1326,0.0,1630195200000
tank_1344,0.0,1630195200000
tank_1346,5.0,1630195200000
tank_1349,0.0,1630195200000
tank_1353,50.0,1630195200000
tank_1358,0.0,1630195200000
tank_1359,0.0,1630195200000
tank_1361,0.0,1630195200000
tank_1364,5.0,1630195200000
tank_1365,0.0,1630195200000
tank_1372,0.0,1630195200000
tank_1374,2.0,1630195200000
tank_1378,0.0,1630195200000
tank_1380,0.0,1630195200000
tank_1386,0.0,1630195200000
tank_1391,0.0,1630195200000
tank_1393,3.0,1630195200000
tank_1396,0.0,1630195200000
tank_1397,0.0,1630195200000
tank_1403,0.0,1630195200000
tank_1409,0.0,1630195200000
tank_1412,0.0,1630195200000
tank_1415,0.0,1630195200000
tank_1416,0.0,1630195200000
tank_1421,48.0,1630195200000
tank_1422,0.0,1630195200000
tank_1425,179.0,1630195200000
tank_1426,1.0,1630195200000
tank_1430,0.0,1630195200000
tank_1433,36.0,1630195200000
tank_1438,0.0,1630195200000
tank_1439,0.0,1630195200000
tank_1441,0.0,1630195200000
tank_1443,0.0,1630195200000
tank_1445,35.0,1630195200000
tank_1446,0.0,1630195200000
tank_1450,0.0,1630195200000
tank_1452,0.0,1630195200000
tank_1456,4.0,1630195200000
tank_1466,0.0,1630195200000
tank_1471,0.0,1630195200000
tank_1475,3.0,1630195200000
tank_1486,17.0,1630195200000
tank_1488,0.0,1630195200000
tank_1491,0.0,1630195200000
tank_1500,13.0,1630195200000
tank_1505,170.0,1630195200000
tank_1513,0.0,1630195200000
tank_1531,28.0,1630195200000
tank_1536,0.0,1630195200000
tank_1539,116.0,1630195200000
tank_1541,0.0,1630195200000
tank_1542,0.0,1630195200000
tank_1547,21.0,1630195200000
tank_1563,0.0,1630195200000
tank_1564,0.0,1630195200000
tank_1565,13.0,1630195200000
tank_1567,31.0,1630195200000
tank_1568,0.0,1630195200000
tank_1573,0.0,1630195200000
tank_1583,0.0,1630195200000
tank_1587,39.0,1630195200000
tank_1588,0.0,1630195200000
tank_1592,0.0,1630195200000
tank_1594,60.0,1630195200000
tank_1595,0.0,1630195200000
tank_1597,90.18823529411765,1630195200000
tank_1598,0.0,1630195200000
tank_1600,0.0,1630195200000
tank_1604,0.0,1630195200000
tank_0002,0.0,1631232000000
tank_0004,0.0,1631232000000
tank_0005,0.0,1631232000000
tank_0011,0.0,1631232000000
tank_0014,0.0,1631232000000
tank_0019,0.0,1631232000000
tank_0024,0.0,1631232000000
tank_0025,0.0,1631232000000
tank_0026,0.0,1631232000000
tank_0027,0.0,1631232000000
tank_0030,0.0,1631232000000
tank_0031,4.0,1631232000000
tank_0036,0.0,1631232000000
tank_0037,0.0,1631232000000
tank_0038,0.0,1631232000000
tank_0050,1.0,1631232000000
tank_0051,0.0,1631232000000
tank_0052,2.4862745098039216,1631232000000
tank_0053,0.0,1631232000000
tank_0055,0.0,1631232000000
tank_0057,0.0,1631232000000
tank_0058,0.0,1631232000000
tank_0064,0.0,1631232000000
tank_0069,0.0,1631232000000
tank_0072,0.0,1631232000000
tank_0073,0.0,1631232000000
tank_0080,17.0,1631232000000
tank_0094,1.0,1631232000000
tank_0107,0.0,1631232000000
tank_0110,0.0,1631232000000
tank_0113,0.0,1631232000000
tank_0115,0.0,1631232000000
tank_0116,0.0,1631232000000
tank_0117,40.0,1631232000000
tank_0118,0.0,1631232000000
tank_0122,0.0,1631232000000
tank_0125,1.2509803921568627,1631232000000
tank_0130,0.0,1631232000000
tank_0131,0.0,1631232000000
tank_0132,0.0,1631232000000
tank_0134,0.0,1631232000000
tank_0135,0.0,1631232000000
tank_0142,0.0,1631232000000
tank_0143,0.0,1631232000000
tank_0144,0.0,1631232000000
tank_0148,0.0,1631232000000
tank_0153,0.0,1631232000000
tank_0156,0.0,1631232000000
tank_0159,0.0,1631232000000
tank_0165,0.0,1631232000000
tank_0171,0.0,1631232000000
tank_0172,0.0,1631232000000
tank_0174,1.6549019607843136,1631232000000
tank_0176,0.0,1631232000000
tank_0184,0.0,1631232000000
tank_0187,0.0,1631232000000
tank_0190,0.25098039215686274,1631232000000
tank_0192,0.0,1631232000000
tank_0193,0.0,1631232000000
tank_0195,0.0,1631232000000
tank_0199,0.0,1631232000000
tank_0204,0.0,1631232000000
tank_0205,0.0,1631232000000
tank_0207,0.0,1631232000000
tank_0209,0.0,1631232000000
tank_0213,0.0,1631232000000
tank_0217,0.0,1631232000000
tank_0220,0.0,1631232000000
tank_0221,0.12156862745098039,1631232000000
tank_0225,0.0,1631232000000
tank_0226,0.0,1631232000000
tank_0228,0.0,1631232000000
tank_0229,0.0,1631232000000
tank_0231,4.6117647058823525,1631232000000
tank_0233,0.0,1631232000000
tank_0236,0.0,1631232000000
tank_0237,0.0,1631232000000
tank_0240,0.0,1631232000000
tank_0242,0.0,1631232000000
tank_0245,0.0,1631232000000
tank_0247,4.0,1631232000000
tank_0256,0.0,1631232000000
tank_0257,1.1215686274509804,1631232000000
tank_0260,0.0,1631232000000
tank_0261,0.0,1631232000000
tank_0264,0.0,1631232000000
tank_0273,9.0,1631232000000
tank_0276,0.0,1631232000000
tank_0278,0.0,1631232000000
tank_0280,0.0,1631232000000
tank_0291,0.0,1631232000000
tank_0292,0.0,1631232000000
tank_0296,0.0,1631232000000
tank_0297,0.0,1631232000000
tank_0299,0.0,1631232000000
tank_0300,0.0,1631232000000
tank_0301,5.454901960784314,1631232000000
tank_0307,0.0,1631232000000
tank_0309,23.0,1631232000000
tank_0313,0.0,1631232000000
tank_0314,0.0,1631232000000
tank_0319,0.0,1631232000000
tank_0321,0.0,1631232000000
tank_0327,0.0,1631232000000
tank_0337,0.0,1631232000000
tank_0338,0.0,1631232000000
tank_0339,0.0,1631232000000
tank_0342,0.0,1631232000000
tank_0345,5.0,1631232000000
tank_0346,0.0,1631232000000
tank_0349,62.0,1631232000000
tank_0350,0.592156862745098,1631232000000
tank_0353,0.0,1631232000000
tank_0356,0.0,1631232000000
tank_0360,0.0,1631232000000
tank_0361,0.0,1631232000000
tank_0362,0.0,1631232000000
tank_0364,0.0,1631232000000
tank_0366,4.372549019607844,1631232000000
tank_0369,0.0,1631232000000
tank_0375,0.0,1631232000000
tank_0379,0.0,1631232000000
tank_0381,0.0,1631232000000
tank_0386,0.0,1631232000000
tank_0390,0.0,1631232000000
tank_0397,0.0,1631232000000
tank_0399,0.0,1631232000000
tank_0404,4.0,1631232000000
tank_0409,0.0,1631232000000
tank_0420,0.0,1631232000000
tank_0425,0.0,1631232000000
tank_0431,0.0,1631232000000
tank_0432,0.0,1631232000000
tank_0435,0.0,1631232000000
tank_0436,0.0,1631232000000
tank_0438,0.0,1631232000000
tank_0443,0.0,1631232000000
tank_0444,0.0,1631232000000
tank_0447,1.0,1631232000000
tank_0448,0.0,1631232000000
tank_0449,1.011764705882353,1631232000000
tank_0455,0.0,1631232000000
tank_0460,0.0,1631232000000
tank_0462,0.0,1631232000000
tank_0466,0.0,1631232000000
tank_0471,1.5882352941176472,1631232000000
tank_0473,0.0,1631232000000
tank_0474,0.0,1631232000000
tank_0481,7.674509803921569,1631232000000
tank_0485,0.0,1631232000000
tank_0489,0.0,1631232000000
tank_0491,0.0,1631232000000
tank_0494,0.0,1631232000000
tank_0497,0.0,1631232000000
tank_0498,0.0,1631232000000
tank_0502,0.0,1631232000000
tank_0505,0.0,1631232000000
tank_0509,0.0,1631232000000
tank_0512,2.0,1631232000000
tank_0514,0.0,1631232000000
tank_0515,0.0,1631232000000
tank_0521,0.0,1631232000000
tank_0524,0.0,1631232000000
tank_0526,22.0,1631232000000
tank_0533,0.0,1631232000000
tank_0534,0.0,1631232000000
tank_0536,0.0,1631232000000
tank_0537,0.0,1631232000000
tank_0541,0.0,1631232000000
tank_0547,0.0,1631232000000
tank_0552,0.0,1631232000000
tank_0555,0.0,1631232000000
tank_0556,0.0,1631232000000
tank_0557,0.0,1631232000000
tank_0560,0.0,1631232000000
tank_0561,0.0,1631232000000
tank_0566,0.0,1631232000000
tank_0567,0.0,1631232000000
tank_0568,6.796078431372548,1631232000000
tank_0574,0.0,1631232000000
tank_0579,0.0,1631232000000
tank_0583,0.0,1631232000000
tank_0587,0.0,1631232000000
tank_0589,0.0,1631232000000
tank_0590,0.0,1631232000000
tank_0592,0.0,1631232000000
tank_0593,0.0,1631232000000
tank_0595,0.0,1631232000000
tank_0600,0.0,1631232000000
tank_0604,0.0,1631232000000
tank_0606,0.0,1631232000000
tank_0607,0.0,1631232000000
tank_0608,0.0,1631232000000
tank_0610,0.0,1631232000000
tank_0611,0.0,1631232000000
tank_0612,3.443137254901961,1631232000000
tank_0613,0.0,1631232000000
tank_0619,0.0,1631232000000
tank_0626,0.0,1631232000000
tank_0627,0.0,1631232000000
tank_0628,0.0,1631232000000
tank_0632,0.0,1631232000000
tank_0633,0.0,1631232000000
tank_0639,1.0,1631232000000
tank_0640,0.0,1631232000000
tank_0641,0.0,1631232000000
tank_0643,0.0,1631232000000
tank_0646,0.0,1631232000000
tank_0663,0.0,1631232000000
tank_0664,0.0,1631232000000
tank_0666,0.0,1631232000000
tank_0667,0.0,1631232000000
tank_0670,0.0,1631232000000
tank_0675,0.0,1631232000000
tank_0676,0.0,1631232000000
tank_0678,4.509803921568627,1631232000000
tank_0681,0.0,1631232000000
tank_0687,0.0,1631232000000
tank_0688,138.0,1631232000000
tank_0697,0.0,1631232000000
tank_0720,0.0,1631232000000
tank_0722,0.0,1631232000000
tank_0724,0.0,1631232000000
tank_0725,0.0,1631232000000
tank_0728,0.0,1631232000000
tank_0730,0.0,1631232000000
tank_0731,0.0,1631232000000
tank_0732,0.0,1631232000000
tank_0737,8.0,1631232000000
tank_0739,0.0,1631232000000
tank_0740,0.0,1631232000000
tank_0746,0.0,1631232000000
tank_0748,0.0,1631232000000
tank_0749,0.0,1631232000000
tank_0752,0.0,1631232000000
tank_0760,0.0,1631232000000
tank_0770,0.0,1631232000000
tank_0772,0.0,1631232000000
tank_0788,0.0,1631232000000
tank_0789,0.0,1631232000000
tank_0792,8.329411764705883,1631232000000
tank_0797,0.0,1631232000000
tank_0800,0.0,1631232000000
tank_0802,0.0,1631232000000
tank_0803,0.0,1631232000000
tank_0808,5.815686274509804,1631232000000
tank_0810,0.0,1631232000000
tank_0811,2.9686274509803923,1631232000000
tank_0812,0.0,1631232000000
tank_0813,8.003921568627451,1631232000000
tank_0816,2.4980392156862745,1631232000000
tank_0819,0.0,1631232000000
tank_0823,0.0,1631232000000
tank_0824,2.0,1631232000000
tank_0825,0.0,1631232000000
tank_0828,0.0,1631232000000
tank_0829,16.0,1631232000000
tank_0830,0.0,1631232000000
tank_0831,0.0,1631232000000
tank_0844,0.0,1631232000000
tank_0852,0.0,1631232000000
tank_0855,0.0,1631232000000
tank_0856,2.0,1631232000000
tank_0860,0.0,1631232000000
tank_0861,0.0,1631232000000
tank_0872,0.0,1631232000000
tank_0875,4.0,1631232000000
tank_0879,0.0,1631232000000
tank_0885,0.0,1631232000000
tank_0891,0.0,1631232000000
tank_0894,0.0,1631232000000
tank_0898,77.0,1631232000000
tank_0900,0.0,1631232000000
tank_0901,0.0,1631232000000
tank_0902,8.0,1631232000000
tank_0914,0.0,1631232000000
tank_0917,275.0,1631232000000
tank_0919,0.0,1631232000000
tank_0920,4.0,1631232000000
tank_0922,10.0,1631232000000
tank_0923,0.0,1631232000000
tank_0924,0.0,1631232000000
tank_0926,0.0,1631232000000
tank_0927,0.0,1631232000000
tank_0928,0.0,1631232000000
tank_0930,0.0,1631232000000
tank_0931,0.0,1631232000000
tank_0933,0.0,1631232000000
tank_0934,0.0,1631232000000
tank_0937,0.0,1631232000000
tank_0938,0.0,1631232000000
tank_0939,0.0,1631232000000
tank_0944,0.0,1631232000000
tank_0946,0.0,1631232000000
tank_0952,1.0,1631232000000
tank_0958,0.0,1631232000000
tank_0962,0.0,1631232000000
tank_0967,0.0,1631232000000
tank_0975,0.0,1631232000000
tank_0978,0.20784313725490197,1631232000000
tank_0990,0.0,1631232000000
tank_0991,0.0,1631232000000
tank_0998,0.0,1631232000000
tank_0999,0.0,1631232000000
tank_1003,129.0,1631232000000
tank_1004,0.0,1631232000000
tank_1014,24.0,1631232000000
tank_1026,51.0,1631232000000
tank_1031,29.0,1631232000000
tank_1032,3.0784313725490198,1631232000000
tank_1034,0.20392156862745098,1631232000000
tank_1042,36.85490196078432,1631232000000
tank_1045,0.0,1631232000000
tank_1049,0.0,1631232000000
tank_1055,9.20392156862745,1631232000000
tank_1061,0.0,1631232000000
tank_1062,0.0,1631232000000
tank_1064,0.0,1631232000000
tank_1065,2.549019607843137,1631232000000
tank_1066,0.0,1631232000000
tank_1070,0.0,1631232000000
tank_1073,26.0,1631232000000
tank_1083,90.0,1631232000000
tank_1086,0.0,1631232000000
tank_1088,16.690196078431374,1631232000000
tank_1089,11.0,1631232000000
tank_1090,4.0,1631232000000
tank_1091,0.0,1631232000000
tank_1094,94.0,1631232000000
tank_1095,0.0,1631232000000
tank_1104,0.4588235294117647,1631232000000
tank_1113,24.0,1631232000000
tank_1116,0.0,1631232000000
tank_1117,0.0,1631232000000
tank_1120,434.4745098039216,1631232000000
tank_1121,149.89019607843136,1631232000000
tank_1124,12.0,1631232000000
tank_1128,0.0,1631232000000
tank_1134,0.0,1631232000000
tank_1135,4.0,1631232000000
tank_1146,20.239215686274513,1631232000000
tank_1149,0.0,1631232000000
tank_1156,0.0,1631232000000
tank_1157,12.486274509803922,1631232000000
tank_1159,0.0,1631232000000
tank_1160,419.0,1631232000000
tank_1166,0.4274509803921569,1631232000000
tank_1170,29.49019607843137,1631232000000
tank_1175,0.0,1631232000000
tank_1177,0.0,1631232000000
tank_1179,0.0,1631232000000
tank_1181,187.61176470588236,1631232000000
tank_1186,29.0,1631232000000
tank_1187,16.235294117647058,1631232000000
tank_1190,0.0,1631232000000
tank_1192,15.0,1631232000000
tank_1196,2.0,1631232000000
tank_1197,719.0,1631232000000
tank_1201,7.0,1631232000000
tank_1203,2.643137254901961,1631232000000
tank_1205,35.0,1631232000000
tank_1209,97.0,1631232000000
tank_1217,0.0,1631232000000
tank_1223,0.0,1631232000000
tank_1226,0.0,1631232000000
tank_1228,14.0,1631232000000
tank_1230,0.0,1631232000000
tank_1237,2.976470588235294,1631232000000
tank_1239,405.8666666666667,1631232000000
tank_1245,0.0,1631232000000
tank_1246,0.0,1631232000000
tank_1250,0.0,1631232000000
tank_1254,247.0,1631232000000
tank_1255,0.0,1631232000000
tank_1258,0.0,1631232000000
tank_1261,0.0,1631232000000
tank_1262,0.0,1631232000000
tank_1263,0.0,1631232000000
tank_1265,0.0,1631232000000
tank_1270,0.0,1631232000000
tank_1272,0.0,1631232000000
tank_1275,0.0,1631232000000
tank_1276,35.0,1631232000000
tank_1279,0.0,1631232000000
tank_1280,0.0,1631232000000
tank_1284,0.0,1631232000000
tank_1285,0.0,1631232000000
tank_1286,6.0,1631232000000
tank_1290,0.0,1631232000000
tank_1291,0.0,1631232000000
tank_1293,8.0,1631232000000
tank_1295,0.0,1631232000000
tank_1297,19.0,1631232000000
tank_1301,23.0,1631232000000
tank_1302,0.0,1631232000000
tank_1304,0.0,1631232000000
tank_1305,0.0,1631232000000
tank_1313,112.0,1631232000000
tank_1322,0.0,1631232000000
tank_1325,0.0,1631232000000
tank_1326,0.0,1631232000000
tank_1344,0.0,1631232000000
tank_1346,0.0,1631232000000
tank_1349,0.0,1631232000000
tank_1353,200.0,1631232000000
tank_1358,0.0,1631232000000
tank_1359,0.0,1631232000000
tank_1361,180.0,1631232000000
tank_1364,536.0,1631232000000
tank_1365,0.0,1631232000000
tank_1372,0.0,1631232000000
tank_1374,400.2,1631232000000
tank_1378,0.0,1631232000000
tank_1380,0.0,1631232000000
tank_1386,17.0,1631232000000
tank_1391,0.0,1631232000000
tank_1393,8.0,1631232000000
tank_1396,10.0,1631232000000
tank_1397,0.0,1631232000000
tank_1403,0.0,1631232000000
tank_1409,0.0,1631232000000
tank_1412,0.0,1631232000000
tank_1415,0.0,1631232000000
tank_1416,0.0,1631232000000
tank_1421,77.0,1631232000000
tank_1422,0.0,1631232000000
tank_1425,511.0,1631232000000
tank_1426,0.0,1631232000000
tank_1430,0.0,1631232000000
tank_1433,116.0,1631232000000
tank_1438,0.0,1631232000000
tank_1439,0.0,1631232000000
tank_1441,0.0,1631232000000
tank_1443,0.0,1631232000000
tank_1445,32.92941176470588,1631232000000
tank_1446,0.0,1631232000000
tank_1450,0.0,1631232000000
tank_1452,0.0,1631232000000
tank_1456,0.0,1631232000000
tank_1466,0.0,1631232000000
tank_1471,0.0,1631232000000
tank_1475,27.0,1631232000000
tank_1486,410.0,1631232000000
tank_1488,0.0,1631232000000
tank_1491,0.0,1631232000000
tank_1500,15.866666666666667,1631232000000
tank_1505,251.0,1631232000000
tank_1513,5.0,1631232000000
tank_1531,27.0,1631232000000
tank_1536,0.0,1631232000000
tank_1539,393.0,1631232000000
tank_1541,0.0,1631232000000
tank_1542,0.0,1631232000000
tank_1547,61.0,1631232000000
tank_1563,0.0,1631232000000
tank_1564,0.0,1631232000000
tank_1565,130.0,1631232000000
tank_1567,40.0,1631232000000
tank_1568,0.0,1631232000000
tank_1573,6.0,1631232000000
tank_1583,0.0,1631232000000
tank_1587,551.0,1631232000000
tank_1588,0.0,1631232000000
tank_1592,0.0,1631232000000
tank_1594,79.0,1631232000000
tank_1595,0.0,1631232000000
tank_1597,221.7098039215686,1631232000000
tank_1598,0.0,1631232000000
tank_1600,0.0,1631232000000
tank_1604,0.0,1631232000000
tank_0002,0.0,1632268800000
tank_0004,0.0,1632268800000
tank_0005,0.0,1632268800000
tank_0011,0.0,1632268800000
tank_0014,0.0,1632268800000
tank_0019,0.0,1632268800000
tank_0024,0.0,1632268800000
tank_0025,0.0,1632268800000
tank_0026,0.0,1632268800000
tank_0027,0.0,1632268800000
tank_0030,0.0,1632268800000
tank_0031,4.0,1632268800000
tank_0036,0.0,1632268800000
tank_0037,0.0,1632268800000
tank_0038,0.0,1632268800000
tank_0050,0.0,1632268800000
tank_0051,0.0,1632268800000
tank_0052,0.0,1632268800000
tank_0053,0.0,1632268800000
tank_0055,0.0,1632268800000
tank_0057,0.0,1632268800000
tank_0058,0.0,1632268800000
tank_0064,0.0,1632268800000
tank_0069,0.0,1632268800000
tank_0072,0.0,1632268800000
tank_0073,0.0,1632268800000
tank_0080,13.0,1632268800000
tank_0094,0.0,1632268800000
tank_0107,0.0,1632268800000
tank_0110,0.0,1632268800000
tank_0113,0.0,1632268800000
tank_0115,0.0,1632268800000
tank_0116,0.0,1632268800000
tank_0117,15.0,1632268800000
tank_0118,0.0,1632268800000
tank_0122,0.0,1632268800000
tank_0125,0.0,1632268800000
tank_0130,0.0,1632268800000
tank_0131,0.0,1632268800000
tank_0132,0.0,1632268800000
tank_0134,0.0,1632268800000
tank_0135,0.0,1632268800000
tank_0142,0.0,1632268800000
tank_0143,0.0,1632268800000
tank_0144,0.0,1632268800000
tank_0148,0.0,1632268800000
tank_0153,0.0,1632268800000
tank_0156,0.0,1632268800000
tank_0159,0.0,1632268800000
tank_0165,0.0,1632268800000
tank_0171,0.0,1632268800000
tank_0172,0.0,1632268800000
tank_0174,0.0,1632268800000
tank_0176,0.0,1632268800000
tank_0184,0.0,1632268800000
tank_0187,0.0,1632268800000
tank_0190,0.0,1632268800000
tank_0192,0.0,1632268800000
tank_0193,0.0,1632268800000
tank_0195,0.0,1632268800000
tank_0199,0.0,1632268800000
tank_0204,0.0,1632268800000
tank_0205,0.0,1632268800000
tank_0207,0.0,1632268800000
tank_0209,0.0,1632268800000
tank_0213,0.0,1632268800000
tank_0217,0.0,1632268800000
tank_0220,0.0,1632268800000
tank_0221,0.0,1632268800000
tank_0225,0.0,1632268800000
tank_0226,0.0,1632268800000
tank_0228,0.0,1632268800000
tank_0229,0.0,1632268800000
tank_0231,0.0,1632268800000
tank_0233,0.0,1632268800000
tank_0236,0.0,1632268800000
tank_0237,0.0,1632268800000
tank_0240,0.0,1632268800000
tank_0242,0.0,1632268800000
tank_0245,0.0,1632268800000
tank_0247,0.0,1632268800000
tank_0256,0.0,1632268800000
tank_0257,0.0,1632268800000
tank_0260,0.0,1632268800000
tank_0261,0.0,1632268800000
tank_0264,0.0,1632268800000
tank_0273,0.0,1632268800000
tank_0276,0.0,1632268800000
tank_0278,0.0,1632268800000
tank_0280,0.0,1632268800000
tank_0291,2.0,1632268800000
tank_0292,0.0,1632268800000
tank_0296,0.0,1632268800000
tank_0297,0.0,1632268800000
tank_0299,0.0,1632268800000
tank_0300,0.7215686274509804,1632268800000
tank_0301,0.0,1632268800000
tank_0307,0.0,1632268800000
tank_0309,9.925490196078432,1632268800000
tank_0313,0.0,1632268800000
tank_0314,0.0,1632268800000
tank_0319,0.0,1632268800000
tank_0321,0.0,1632268800000
tank_0327,0.0,1632268800000
tank_0337,0.0,1632268800000
tank_0338,0.0,1632268800000
tank_0339,0.12549019607843137,1632268800000
tank_0342,0.0,1632268800000
tank_0345,0.0,1632268800000
tank_0346,0.0,1632268800000
tank_0349,28.0,1632268800000
tank_0350,0.0,1632268800000
tank_0353,0.0,1632268800000
tank_0356,0.0,1632268800000
tank_0360,0.0,1632268800000
tank_0361,0.0,1632268800000
tank_0362,0.0,1632268800000
tank_0364,0.0,1632268800000
tank_0366,0.0,1632268800000
tank_0369,0.0,1632268800000
tank_0375,0.0,1632268800000
tank_0379,0.0,1632268800000
tank_0381,0.0,1632268800000
tank_0386,0.0,1632268800000
tank_0390,0.0,1632268800000
tank_0397,0.0,1632268800000
tank_0399,0.0,1632268800000
tank_0404,3.0,1632268800000
tank_0409,0.0,1632268800000
tank_0420,0.0,1632268800000
tank_0425,0.0,1632268800000
tank_0431,0.0,1632268800000
tank_0432,0.0,1632268800000
tank_0435,0.0,1632268800000
tank_0436,0.0,1632268800000
tank_0438,0.0,1632268800000
tank_0443,0.0,1632268800000
tank_0444,0.0,1632268800000
tank_0447,0.0,1632268800000
tank_0448,0.0,1632268800000
tank_0449,0.0,1632268800000
tank_0455,0.0,1632268800000
tank_0460,0.0,1632268800000
tank_0462,0.0,1632268800000
tank_0466,0.0,1632268800000
tank_0471,0.0,1632268800000
tank_0473,0.0,1632268800000
tank_0474,0.0,1632268800000
tank_0481,0.0,1632268800000
tank_0485,0.0,1632268800000
tank_0489,0.0,1632268800000
tank_0491,0.0,1632268800000
tank_0494,0.0,1632268800000
tank_0497,0.0,1632268800000
tank_0498,0.0,1632268800000
tank_0502,0.0,1632268800000
tank_0505,0.0,1632268800000
tank_0509,0.0,1632268800000
tank_0512,0.0,1632268800000
tank_0514,0.0,1632268800000
tank_0515,0.0,1632268800000
tank_0521,0.0,1632268800000
tank_0524,0.0,1632268800000
tank_0526,2.0,1632268800000
tank_0533,0.0,1632268800000
tank_0534,0.0,1632268800000
tank_0536,0.0,1632268800000
tank_0537,0.0,1632268800000
tank_0541,0.0,1632268800000
tank_0547,0.0,1632268800000
tank_0552,0.0,1632268800000
tank_0555,0.0,1632268800000
tank_0556,0.0,1632268800000
tank_0557,0.0,1632268800000
tank_0560,0.0,1632268800000
tank_0561,0.0,1632268800000
tank_0566,0.0,1632268800000
tank_0567,0.0,1632268800000
tank_0568,0.0,1632268800000
tank_0574,0.0,1632268800000
tank_0579,0.0,1632268800000
tank_0583,0.0,1632268800000
tank_0587,0.0,1632268800000
tank_0589,0.0,1632268800000
tank_0590,0.0,1632268800000
tank_0592,0.0,1632268800000
tank_0593,0.0,1632268800000
tank_0595,0.0,1632268800000
tank_0600,0.0,1632268800000
tank_0604,0.0,1632268800000
tank_0606,0.0,1632268800000
tank_0607,0.0,1632268800000
tank_0608,0.0,1632268800000
tank_0610,0.0,1632268800000
tank_0611,0.0,1632268800000
tank_0612,0.0,1632268800000
tank_0613,0.0,1632268800000
tank_0619,0.0,1632268800000
tank_0626,0.0,1632268800000
tank_0627,0.0,1632268800000
tank_0628,0.0,1632268800000
tank_0632,0.0,1632268800000
tank_0633,0.0,1632268800000
tank_0639,0.0,1632268800000
tank_0640,0.0,1632268800000
tank_0641,0.0,1632268800000
tank_0643,0.0,1632268800000
tank_0646,0.0,1632268800000
tank_0663,0.0,1632268800000
tank_0664,0.0,1632268800000
tank_0666,0.0,1632268800000
tank_0667,0.0,1632268800000
tank_0670,0.0,1632268800000
tank_0675,0.0,1632268800000
tank_0676,0.0,1632268800000
tank_0678,0.0,1632268800000
tank_0681,0.0,1632268800000
tank_0687,0.0,1632268800000
tank_0688,90.0,1632268800000
tank_0697,0.0,1632268800000
tank_0720,0.0,1632268800000
tank_0722,0.0,1632268800000
tank_0724,0.0,1632268800000
tank_0725,0.0,1632268800000
tank_0728,0.0,1632268800000
tank_0730,0.0,1632268800000
tank_0731,0.0,1632268800000
tank_0732,0.0,1632268800000
tank_0737,9.0,1632268800000
tank_0739,0.0,1632268800000
tank_0740,0.0,1632268800000
tank_0746,0.0,1632268800000
tank_0748,0.0,1632268800000
tank_0749,0.0,1632268800000
tank_0752,0.0,1632268800000
tank_0760,0.0,1632268800000
tank_0770,0.0,1632268800000
tank_0772,0.0,1632268800000
tank_0788,0.0,1632268800000
tank_0789,0.0,1632268800000
tank_0792,0.0,1632268800000
tank_0797,0.0,1632268800000
tank_0800,0.0,1632268800000
tank_0802,0.0,1632268800000
tank_0803,0.0,1632268800000
tank_0808,3.8745098039215686,1632268800000
tank_0810,0.0,1632268800000
tank_0811,0.0,1632268800000
tank_0812,0.0,1632268800000
tank_0813,0.0,1632268800000
tank_0816,0.0,1632268800000
tank_0819,0.0,1632268800000
tank_0823,0.0,1632268800000
tank_0824,0.0,1632268800000
tank_0825,0.0,1632268800000
tank_0828,0.0,1632268800000
tank_0829,7.984313725490196,1632268800000
tank_0830,0.0,1632268800000
tank_0831,0.0,1632268800000
tank_0844,0.0,1632268800000
tank_0852,0.0,1632268800000
tank_0855,0.0,1632268800000
tank_0856,40.0,1632268800000
tank_0860,0.0,1632268800000
tank_0861,0.0,1632268800000
tank_0872,0.0,1632268800000
tank_0875,0.0,1632268800000
tank_0879,0.0,1632268800000
tank_0885,0.0,1632268800000
tank_0891,0.0,1632268800000
tank_0894,6.0,1632268800000
tank_0898,92.0,1632268800000
tank_0900,0.0,1632268800000
tank_0901,0.0,1632268800000
tank_0902,8.0,1632268800000
tank_0914,0.0,1632268800000
tank_0917,203.97254901960784,1632268800000
tank_0919,0.0,1632268800000
tank_0920,0.0,1632268800000
tank_0922,0.0,1632268800000
tank_0923,0.0,1632268800000
tank_0924,0.0,1632268800000
tank_0926,0.0,1632268800000
tank_0927,0.0,1632268800000
tank_0928,0.0,1632268800000
tank_0930,0.0,1632268800000
tank_0931,0.0,1632268800000
tank_0933,0.0,1632268800000
tank_0934,0.0,1632268800000
tank_0937,0.0,1632268800000
tank_0938,0.0,1632268800000
tank_0939,0.0,1632268800000
tank_0944,0.0,1632268800000
tank_0946,0.0,1632268800000
tank_0952,0.0,1632268800000
tank_0958,0.0,1632268800000
tank_0962,0.0,1632268800000
tank_0967,0.0,1632268800000
tank_0975,0.0,1632268800000
tank_0978,0.0,1632268800000
tank_0990,0.0,1632268800000
tank_0991,0.0,1632268800000
tank_0998,0.0,1632268800000
tank_0999,0.0,1632268800000
tank_1003,6.0,1632268800000
tank_1004,0.0,1632268800000
tank_1014,5.0,1632268800000
tank_1026,97.0,1632268800000
tank_1031,12.0,1632268800000
tank_1032,0.0,1632268800000
tank_1034,0.30196078431372547,1632268800000
tank_1042,18.0,1632268800000
tank_1045,0.0,1632268800000
tank_1049,0.0,1632268800000
tank_1055,2.6862745098039214,1632268800000
tank_1061,0.0,1632268800000
tank_1062,0.0,1632268800000
tank_1064,0.0,1632268800000
tank_1065,2.372549019607843,1632268800000
tank_1066,0.0,1632268800000
tank_1070,0.0,1632268800000
tank_1073,22.0,1632268800000
tank_1083,114.0,1632268800000
tank_1086,0.0,1632268800000
tank_1088,0.9098039215686275,1632268800000
tank_1089,9.0,1632268800000
tank_1090,0.0,1632268800000
tank_1091,0.0,1632268800000
tank_1094,42.0,1632268800000
tank_1095,10.0,1632268800000
tank_1104,0.788235294117647,1632268800000
tank_1113,21.0,1632268800000
tank_1116,0.0,1632268800000
tank_1117,0.0,1632268800000
tank_1120,254.55686274509804,1632268800000
tank_1121,0.0,1632268800000
tank_1124,4.964705882352941,1632268800000
tank_1128,0.0,1632268800000
tank_1134,0.0,1632268800000
tank_1135,14.0,1632268800000
tank_1146,12.0,1632268800000
tank_1149,0.0,1632268800000
tank_1156,0.0,1632268800000
tank_1157,13.611764705882354,1632268800000
tank_1159,5.0,1632268800000
tank_1160,181.0,1632268800000
tank_1166,0.023529411764705882,1632268800000
tank_1170,14.454901960784312,1632268800000
tank_1175,0.0,1632268800000
tank_1177,0.0,1632268800000
tank_1179,0.0,1632268800000
tank_1181,112.66274509803922,1632268800000
tank_1186,18.0,1632268800000
tank_1187,42.58039215686275,1632268800000
tank_1190,0.0,1632268800000
tank_1192,11.0,1632268800000
tank_1196,0.0,1632268800000
tank_1197,636.0,1632268800000
tank_1201,2.0,1632268800000
tank_1203,0.9215686274509804,1632268800000
tank_1205,8.0,1632268800000
tank_1209,53.0,1632268800000
tank_1217,0.0,1632268800000
tank_1223,0.0,1632268800000
tank_1226,0.0,1632268800000
tank_1228,13.0,1632268800000
tank_1230,0.0,1632268800000
tank_1237,5.0,1632268800000
tank_1239,113.0,1632268800000
tank_1245,0.0,1632268800000
tank_1246,0.0,1632268800000
tank_1250,0.0,1632268800000
tank_1254,245.0,1632268800000
tank_1255,0.0,1632268800000
tank_1258,0.0,1632268800000
tank_1261,0.0,1632268800000
tank_1262,0.0,1632268800000
tank_1263,0.0,1632268800000
tank_1265,0.0,1632268800000
tank_1270,0.0,1632268800000
tank_1272,0.0,1632268800000
tank_1275,0.0,1632268800000
tank_1276,8.0,1632268800000
tank_1279,0.0,1632268800000
tank_1280,0.0,1632268800000
tank_1284,0.0,1632268800000
tank_1285,0.0,1632268800000
tank_1286,1.0,1632268800000
tank_1290,0.0,1632268800000
tank_1291,0.0,1632268800000
tank_1293,8.0,1632268800000
tank_1295,0.0,1632268800000
tank_1297,4.0,1632268800000
tank_1301,0.0,1632268800000
tank_1302,0.0,1632268800000
tank_1304,0.0,1632268800000
tank_1305,0.0,1632268800000
tank_1313,4.0,1632268800000
tank_1322,0.0,1632268800000
tank_1325,0.0,1632268800000
tank_1326,0.0,1632268800000
tank_1344,0.0,1632268800000
tank_1346,0.0,1632268800000
tank_1349,0.0,1632268800000
tank_1353,79.0,1632268800000
tank_1358,0.0,1632268800000
tank_1359,0.0,1632268800000
tank_1361,45.0,1632268800000
tank_1364,1.0,1632268800000
tank_1365,0.0,1632268800000
tank_1372,0.0,1632268800000
tank_1374,86.0,1632268800000
tank_1378,280.0,1632268800000
tank_1380,0.0,1632268800000
tank_1386,0.0,1632268800000
tank_1391,0.0,1632268800000
tank_1393,0.0,1632268800000
tank_1396,0.0,1632268800000
tank_1397,0.0,1632268800000
tank_1403,0.0,1632268800000
tank_1409,0.0,1632268800000
tank_1412,0.0,1632268800000
tank_1415,0.0,1632268800000
tank_1416,0.0,1632268800000
tank_1421,58.0,1632268800000
tank_1422,0.0,1632268800000
tank_1425,194.0,1632268800000
tank_1426,0.0,1632268800000
tank_1430,0.0,1632268800000
tank_1433,24.0,1632268800000
tank_1438,0.0,1632268800000
tank_1439,0.0,1632268800000
tank_1441,0.0,1632268800000
tank_1443,0.0,1632268800000
tank_1445,22.0,1632268800000
tank_1446,0.0,1632268800000
tank_1450,0.0,1632268800000
tank_1452,0.0,1632268800000
tank_1456,0.0,1632268800000
tank_1466,0.0,1632268800000
tank_1471,0.0,1632268800000
tank_1475,9.0,1632268800000
tank_1486,321.0,1632268800000
tank_1488,0.0,1632268800000
tank_1491,0.0,1632268800000
tank_1500,11.0,1632268800000
tank_1505,259.0,1632268800000
tank_1513,0.0,1632268800000
tank_1531,15.0,1632268800000
tank_1536,0.0,1632268800000
tank_1539,315.0,1632268800000
tank_1541,0.0,1632268800000
tank_1542,0.0,1632268800000
tank_1547,1.0,1632268800000
tank_1563,0.0,1632268800000
tank_1564,0.0,1632268800000
tank_1565,10.0,1632268800000
tank_1567,21.92549019607843,1632268800000
tank_1568,0.0,1632268800000
tank_1573,0.0,1632268800000
tank_1583,0.0,1632268800000
tank_1587,381.0,1632268800000
tank_1588,0.0,1632268800000
tank_1592,0.0,1632268800000
tank_1594,64.0,1632268800000
tank_1595,0.0,1632268800000
tank_1597,177.49019607843138,1632268800000
tank_1598,0.0,1632268800000
tank_1600,0.0,1632268800000
tank_1604,0.0,1632268800000
tank_0002,0.0,1633305600000
tank_0004,0.0,1633305600000
tank_0005,0.0,1633305600000
tank_0011,0.0,1633305600000
tank_0014,0.0,1633305600000
tank_0019,0.0,1633305600000
tank_0024,0.0,1633305600000
tank_0025,0.37254901960784315,1633305600000
tank_0026,0.0,1633305600000
tank_0027,0.0,1633305600000
tank_0030,0.0,1633305600000
tank_0031,6.0,1633305600000
tank_0036,0.0,1633305600000
tank_0037,0.0,1633305600000
tank_0038,0.0,1633305600000
tank_0050,0.0,1633305600000
tank_0051,0.0,1633305600000
tank_0052,0.1843137254901961,1633305600000
tank_0053,2.0745098039215684,1633305600000
tank_0055,0.0,1633305600000
tank_0057,0.0,1633305600000
tank_0058,0.0,1633305600000
tank_0064,0.0,1633305600000
tank_0069,0.0,1633305600000
tank_0072,0.0,1633305600000
tank_0073,0.0,1633305600000
tank_0080,13.0,1633305600000
tank_0094,0.0,1633305600000
tank_0107,0.0,1633305600000
tank_0110,0.0,1633305600000
tank_0113,0.0,1633305600000
tank_0115,0.0,1633305600000
tank_0116,0.0,1633305600000
tank_0117,14.0,1633305600000
tank_0118,0.0,1633305600000
tank_0122,0.0,1633305600000
tank_0125,0.0,1633305600000
tank_0130,0.0,1633305600000
tank_0131,0.0,1633305600000
tank_0132,0.0,1633305600000
tank_0134,0.0,1633305600000
tank_0135,0.0,1633305600000
tank_0142,0.0,1633305600000
tank_0143,0.0,1633305600000
tank_0144,0.0,1633305600000
tank_0148,0.0,1633305600000
tank_0153,0.0,1633305600000
tank_0156,0.0,1633305600000
tank_0159,0.0,1633305600000
tank_0165,2.0,1633305600000
tank_0171,0.0,1633305600000
tank_0172,0.0,1633305600000
tank_0174,0.0,1633305600000
tank_0176,0.0,1633305600000
tank_0184,0.0,1633305600000
tank_0187,0.0,1633305600000
tank_0190,0.0,1633305600000
tank_0192,0.0,1633305600000
tank_0193,0.0,1633305600000
tank_0195,0.0,1633305600000
tank_0199,0.0,1633305600000
tank_0204,0.0,1633305600000
tank_0205,0.0,1633305600000
tank_0207,0.0,1633305600000
tank_0209,0.0,1633305600000
tank_0213,0.0,1633305600000
tank_0217,0.0,1633305600000
tank_0220,0.0,1633305600000
tank_0221,0.0,1633305600000
tank_0225,0.0,1633305600000
tank_0226,0.0,1633305600000
tank_0228,0.0,1633305600000
tank_0229,0.0,1633305600000
tank_0231,0.0,1633305600000
tank_0233,0.0,1633305600000
tank_0236,1.0,1633305600000
tank_0237,0.0,1633305600000
tank_0240,2.0,1633305600000
tank_0242,0.0,1633305600000
tank_0245,0.0,1633305600000
tank_0247,32.0,1633305600000
tank_0256,0.0,1633305600000
tank_0257,0.0,1633305600000
tank_0260,0.6274509803921569,1633305600000
tank_0261,0.0,1633305600000
tank_0264,0.0,1633305600000
tank_0273,19.0,1633305600000
tank_0276,0.0,1633305600000
tank_0278,3.7490196078431373,1633305600000
tank_0280,0.0,1633305600000
tank_0291,0.0,1633305600000
tank_0292,1.0,1633305600000
tank_0296,0.0,1633305600000
tank_0297,0.0,1633305600000
tank_0299,0.0,1633305600000
tank_0300,2.682352941176471,1633305600000
tank_0301,3.145098039215686,1633305600000
tank_0307,0.0,1633305600000
tank_0309,8.925490196078432,1633305600000
tank_0313,0.0,1633305600000
tank_0314,0.0,1633305600000
tank_0319,0.0,1633305600000
tank_0321,0.0,1633305600000
tank_0327,0.0,1633305600000
tank_0337,0.0,1633305600000
tank_0338,0.0,1633305600000
tank_0339,0.0,1633305600000
tank_0342,0.0,1633305600000
tank_0345,0.0,1633305600000
tank_0346,0.0,1633305600000
tank_0349,45.0,1633305600000
tank_0350,0.0,1633305600000
tank_0353,0.0,1633305600000
tank_0356,0.0,1633305600000
tank_0360,0.0,1633305600000
tank_0361,0.0,1633305600000
tank_0362,0.0,1633305600000
tank_0364,0.0,1633305600000
tank_0366,6.0,1633305600000
tank_0369,0.0,1633305600000
tank_0375,0.0,1633305600000
tank_0379,29.91372549019608,1633305600000
tank_0381,0.0,1633305600000
tank_0386,0.0,1633305600000
tank_0390,0.0,1633305600000
tank_0397,0.0,1633305600000
tank_0399,0.0,1633305600000
tank_0404,0.0,1633305600000
tank_0409,0.0,1633305600000
tank_0420,0.0,1633305600000
tank_0425,0.0,1633305600000
tank_0431,0.0,1633305600000
tank_0432,0.12549019607843137,1633305600000
tank_0435,0.0,1633305600000
tank_0436,0.0,1633305600000
tank_0438,0.0,1633305600000
tank_0443,0.0,1633305600000
tank_0444,0.0,1633305600000
tank_0447,10.039215686274511,1633305600000
tank_0448,0.0,1633305600000
tank_0449,0.0,1633305600000
tank_0455,0.0,1633305600000
tank_0460,0.0,1633305600000
tank_0462,0.0,1633305600000
tank_0466,0.0,1633305600000
tank_0471,0.0,1633305600000
tank_0473,0.0,1633305600000
tank_0474,0.0,1633305600000
tank_0481,6.623529411764705,1633305600000
tank_0485,0.0,1633305600000
tank_0489,0.0,1633305600000
tank_0491,0.0,1633305600000
tank_0494,0.0,1633305600000
tank_0497,0.0,1633305600000
tank_0498,0.0,1633305600000
tank_0502,0.0,1633305600000
tank_0505,0.0,1633305600000
tank_0509,0.0,1633305600000
tank_0512,0.0,1633305600000
tank_0514,0.0,1633305600000
tank_0515,0.0,1633305600000
tank_0521,0.0,1633305600000
tank_0524,0.0,1633305600000
tank_0526,36.0,1633305600000
tank_0533,0.0,1633305600000
tank_0534,0.0,1633305600000
tank_0536,0.0,1633305600000
tank_0537,0.0,1633305600000
tank_0541,0.0,1633305600000
tank_0547,0.0,1633305600000
tank_0552,0.0,1633305600000
tank_0555,0.0,1633305600000
tank_0556,0.0,1633305600000
tank_0557,0.0,1633305600000
tank_0560,0.0,1633305600000
tank_0561,0.0,1633305600000
tank_0566,0.0,1633305600000
tank_0567,0.0,1633305600000
tank_0568,7.921568627450981,1633305600000
tank_0574,0.0,1633305600000
tank_0579,0.0,1633305600000
tank_0583,0.0,1633305600000
tank_0587,0.0,1633305600000
tank_0589,0.0,1633305600000
tank_0590,0.0,1633305600000
tank_0592,0.0,1633305600000
tank_0593,0.0,1633305600000
tank_0595,0.4980392156862745,1633305600000
tank_0600,1.0,1633305600000
tank_0604,2.0,1633305600000
tank_0606,0.0,1633305600000
tank_0607,0.0,1633305600000
tank_0608,0.0,1633305600000
tank_0610,0.0,1633305600000
tank_0611,0.0,1633305600000
tank_0612,1.1137254901960785,1633305600000
tank_0613,0.0,1633305600000
tank_0619,0.0,1633305600000
tank_0626,0.0,1633305600000
tank_0627,0.0,1633305600000
tank_0628,0.0,1633305600000
tank_0632,1.0,1633305600000
tank_0633,0.0,1633305600000
tank_0639,0.0,1633305600000
tank_0640,0.0,1633305600000
tank_0641,0.0,1633305600000
tank_0643,0.0,1633305600000
tank_0646,0.0,1633305600000
tank_0663,0.0,1633305600000
tank_0664,0.0,1633305600000
tank_0666,0.0,1633305600000
tank_0667,0.0,1633305600000
tank_0670,0.0,1633305600000
tank_0675,0.0,1633305600000
tank_0676,0.0,1633305600000
tank_0678,0.3568627450980392,1633305600000
tank_0681,0.0,1633305600000
tank_0687,0.0,1633305600000
tank_0688,206.0,1633305600000
tank_0697,0.0,1633305600000
tank_0720,0.0,1633305600000
tank_0722,4.360784313725491,1633305600000
tank_0724,0.0,1633305600000
tank_0725,0.0,1633305600000
tank_0728,0.0,1633305600000
tank_0730,0.0,1633305600000
tank_0731,0.0,1633305600000
tank_0732,0.0,1633305600000
tank_0737,90.0,1633305600000
tank_0739,0.0,1633305600000
tank_0740,1.0,1633305600000
tank_0746,0.0,1633305600000
tank_0748,0.0,1633305600000
tank_0749,0.0,1633305600000
tank_0752,0.0,1633305600000
tank_0760,0.0,1633305600000
tank_0770,0.0,1633305600000
tank_0772,0.0,1633305600000
tank_0788,0.0,1633305600000
tank_0789,0.12941176470588237,1633305600000
tank_0792,14.501960784313725,1633305600000
tank_0797,0.0,1633305600000
tank_0800,0.0,1633305600000
tank_0802,0.0,1633305600000
tank_0803,0.776470588235294,1633305600000
tank_0808,11.047058823529413,1633305600000
tank_0810,0.0,1633305600000
tank_0811,0.4392156862745098,1633305600000
tank_0812,0.0,1633305600000
tank_0813,0.0,1633305600000
tank_0816,5.952941176470588,1633305600000
tank_0819,0.0,1633305600000
tank_0823,0.0,1633305600000
tank_0824,0.0,1633305600000
tank_0825,0.0,1633305600000
tank_0828,0.0,1633305600000
tank_0829,0.0,1633305600000
tank_0830,0.0,1633305600000
tank_0831,0.0,1633305600000
tank_0844,0.0,1633305600000
tank_0852,1.0,1633305600000
tank_0855,0.0,1633305600000
tank_0856,975.0,1633305600000
tank_0860,0.0,1633305600000
tank_0861,0.0,1633305600000
tank_0872,0.0,1633305600000
tank_0875,0.0,1633305600000
tank_0879,0.0,1633305600000
tank_0885,0.0,1633305600000
tank_0891,0.0,1633305600000
tank_0894,500.0,1633305600000
tank_0898,540.8745098039216,1633305600000
tank_0900,0.0,1633305600000
tank_0901,0.0,1633305600000
tank_0902,108.0,1633305600000
tank_0914,0.0,1633305600000
tank_0917,628.0,1633305600000
tank_0919,0.0,1633305600000
tank_0920,4.0,1633305600000
tank_0922,2.0,1633305600000
tank_0923,0.0,1633305600000
tank_0924,0.0,1633305600000
tank_0926,0.0,1633305600000
tank_0927,0.0,1633305600000
tank_0928,0.0,1633305600000
tank_0930,0.0,1633305600000
tank_0931,0.0,1633305600000
tank_0933,0.0,1633305600000
tank_0934,0.0,1633305600000
tank_0937,0.0,1633305600000
tank_0938,0.0,1633305600000
tank_0939,0.0,1633305600000
tank_0944,0.0,1633305600000
tank_0946,0.0,1633305600000
tank_0952,0.0,1633305600000
tank_0958,0.0,1633305600000
tank_0962,1.0,1633305600000
tank_0967,0.0,1633305600000
tank_0975,0.0,1633305600000
tank_0978,0.0,1633305600000
tank_0990,0.0,1633305600000
tank_0991,2.0,1633305600000
tank_0998,0.0,1633305600000
tank_0999,0.0,1633305600000
tank_1003,581.0,1633305600000
tank_1004,0.0,1633305600000
tank_1014,6.0,1633305600000
tank_1026,146.0,1633305600000
tank_1031,26.0,1633305600000
tank_1032,2.0,1633305600000
tank_1034,0.0,1633305600000
tank_1042,33.0,1633305600000
tank_1045,0.0,1633305600000
tank_1049,0.0,1633305600000
tank_1055,1.2509803921568627,1633305600000
tank_1061,0.0,1633305600000
tank_1062,0.0,1633305600000
tank_1064,0.0,1633305600000
tank_1065,0.9882352941176471,1633305600000
tank_1066,0.0,1633305600000
tank_1070,11.0,1633305600000
tank_1073,29.0,1633305600000
tank_1083,188.0,1633305600000
tank_1086,1.0,1633305600000
tank_1088,12.466666666666669,1633305600000
tank_1089,7.0,1633305600000
tank_1090,2.0,1633305600000
tank_1091,0.0,1633305600000
tank_1094,559.0,1633305600000
tank_1095,11.75294117647059,1633305600000
tank_1104,0.0,1633305600000
tank_1113,37.0,1633305600000
tank_1116,0.0,1633305600000
tank_1117,0.0,1633305600000
tank_1120,389.5176470588235,1633305600000
tank_1121,228.0,1633305600000
tank_1124,5.0,1633305600000
tank_1128,0.0,1633305600000
tank_1134,0.0,1633305600000
tank_1135,16.0,1633305600000
tank_1146,8.0,1633305600000
tank_1149,5.537254901960784,1633305600000
tank_1156,0.0,1633305600000
tank_1157,14.486274509803923,1633305600000
tank_1159,229.0,1633305600000
tank_1160,618.0,1633305600000
tank_1166,0.0,1633305600000
tank_1170,16.721568627450978,1633305600000
tank_1175,0.0,1633305600000
tank_1177,0.0,1633305600000
tank_1179,0.0,1633305600000
tank_1181,184.85882352941178,1633305600000
tank_1186,32.0,1633305600000
tank_1187,18.690196078431374,1633305600000
tank_1190,0.0,1633305600000
tank_1192,6.0,1633305600000
tank_1196,0.0,1633305600000
tank_1197,1771.0,1633305600000
tank_1201,9.0,1633305600000
tank_1203,0.0,1633305600000
tank_1205,49.0,1633305600000
tank_1209,849.0,1633305600000
tank_1217,0.0,1633305600000
tank_1223,0.0,1633305600000
tank_1226,0.0,1633305600000
tank_1228,21.0,1633305600000
tank_1230,0.0,1633305600000
tank_1237,0.0,1633305600000
tank_1239,661.0,1633305600000
tank_1245,0.0,1633305600000
tank_1246,0.0,1633305600000
tank_1250,0.0,1633305600000
tank_1254,771.0,1633305600000
tank_1255,0.0,1633305600000
tank_1258,0.0,1633305600000
tank_1261,0.0,1633305600000
tank_1262,0.0,1633305600000
tank_1263,0.0,1633305600000
tank_1265,0.0,1633305600000
tank_1270,0.0,1633305600000
tank_1272,0.0,1633305600000
tank_1275,0.0,1633305600000
tank_1276,90.0,1633305600000
tank_1279,0.0,1633305600000
tank_1280,0.0,1633305600000
tank_1284,0.0,1633305600000
tank_1285,0.0,1633305600000
tank_1286,15.0,1633305600000
tank_1290,0.0,1633305600000
tank_1291,0.0,1633305600000
tank_1293,5.0,1633305600000
tank_1295,0.0,1633305600000
tank_1297,24.0,1633305600000
tank_1301,62.0,1633305600000
tank_1302,0.0,1633305600000
tank_1304,0.0,1633305600000
tank_1305,0.0,1633305600000
tank_1313,452.0,1633305600000
tank_1322,0.0,1633305600000
tank_1325,0.0,1633305600000
tank_1326,0.0,1633305600000
tank_1344,0.0,1633305600000
tank_1346,0.0,1633305600000
tank_1349,0.0,1633305600000
tank_1353,596.0,1633305600000
tank_1358,0.0,1633305600000
tank_1359,0.0,1633305600000
tank_1361,432.0,1633305600000
tank_1364,1003.0,1633305600000
tank_1365,0.0,1633305600000
tank_1372,0.0,1633305600000
tank_1374,240.0,1633305600000
tank_1378,521.0,1633305600000
tank_1380,0.0,1633305600000
tank_1386,16.0,1633305600000
tank_1391,0.0,1633305600000
tank_1393,0.0,1633305600000
tank_1396,4.0,1633305600000
tank_1397,0.0,1633305600000
tank_1403,0.0,1633305600000
tank_1409,0.0,1633305600000
tank_1412,0.0,1633305600000
tank_1415,0.0,1633305600000
tank_1416,0.0,1633305600000
tank_1421,98.0,1633305600000
tank_1422,0.0,1633305600000
tank_1425,513.0,1633305600000
tank_1426,0.0,1633305600000
tank_1430,0.0,1633305600000
tank_1433,75.0,1633305600000
tank_1438,0.0,1633305600000
tank_1439,0.0,1633305600000
tank_1441,0.0,1633305600000
tank_1443,0.0,1633305600000
tank_1445,27.0,1633305600000
tank_1446,0.0,1633305600000
tank_1450,0.0,1633305600000
tank_1452,0.0,1633305600000
tank_1456,0.0,1633305600000
tank_1466,0.0,1633305600000
tank_1471,0.0,1633305600000
tank_1475,90.0,1633305600000
tank_1486,380.0,1633305600000
tank_1488,0.0,1633305600000
tank_1491,0.0,1633305600000
tank_1500,8.0,1633305600000
tank_1505,463.0,1633305600000
tank_1513,118.0,1633305600000
tank_1531,17.0,1633305600000
tank_1536,0.0,1633305600000
tank_1539,242.0,1633305600000
tank_1541,0.0,1633305600000
tank_1542,0.0,1633305600000
tank_1547,70.0,1633305600000
tank_1563,0.0,1633305600000
tank_1564,0.0,1633305600000
tank_1565,383.0,1633305600000
tank_1567,34.0,1633305600000
tank_1568,0.0,1633305600000
tank_1573,0.0,1633305600000
tank_1583,0.0,1633305600000
tank_1587,612.0,1633305600000
tank_1588,0.0,1633305600000
tank_1592,0.0,1633305600000
tank_1594,78.0,1633305600000
tank_1595,0.0,1633305600000
tank_1597,239.53333333333333,1633305600000
tank_1598,0.0,1633305600000
tank_1600,0.0,1633305600000
tank_1604,0.0,1633305600000
tank_0002,0.0,1634342400000
tank_0004,0.0,1634342400000
tank_0005,0.0,1634342400000
tank_0011,0.0,1634342400000
tank_0014,0.0,1634342400000
tank_0019,0.0,1634342400000
tank_0024,0.0,1634342400000
tank_0025,0.0,1634342400000
tank_0026,0.0,1634342400000
tank_0027,0.0,1634342400000
tank_0030,0.0,1634342400000
tank_0031,3.0,1634342400000
tank_0036,0.0,1634342400000
tank_0037,0.0,1634342400000
tank_0038,0.0,1634342400000
tank_0050,0.0,1634342400000
tank_0051,0.0,1634342400000
tank_0052,0.0,1634342400000
tank_0053,0.8941176470588236,1634342400000
tank_0055,0.0,1634342400000
tank_0057,1.0,1634342400000
tank_0058,0.0,1634342400000
tank_0064,0.0,1634342400000
tank_0069,0.0,1634342400000
tank_0072,0.0,1634342400000
tank_0073,0.0,1634342400000
tank_0080,13.0,1634342400000
tank_0094,0.0,1634342400000
tank_0107,0.0,1634342400000
tank_0110,0.0,1634342400000
tank_0113,0.0,1634342400000
tank_0115,0.0,1634342400000
tank_0116,0.0,1634342400000
tank_0117,32.0,1634342400000
tank_0118,0.0,1634342400000
tank_0122,7.0,1634342400000
tank_0125,4.0,1634342400000
tank_0130,0.0,1634342400000
tank_0131,0.0,1634342400000
tank_0132,0.0,1634342400000
tank_0134,0.0,1634342400000
tank_0135,0.0,1634342400000
tank_0142,0.0,1634342400000
tank_0143,0.0,1634342400000
tank_0144,5.0,1634342400000
tank_0148,0.0,1634342400000
tank_0153,0.0,1634342400000
tank_0156,0.0,1634342400000
tank_0159,0.0,1634342400000
tank_0165,0.0,1634342400000
tank_0171,0.0,1634342400000
tank_0172,0.0,1634342400000
tank_0174,0.0,1634342400000
tank_0176,0.0,1634342400000
tank_0184,0.0,1634342400000
tank_0187,2.0,1634342400000
tank_0190,0.0,1634342400000
tank_0192,0.0,1634342400000
tank_0193,0.0,1634342400000
tank_0195,0.0,1634342400000
tank_0199,0.0,1634342400000
tank_0204,0.0,1634342400000
tank_0205,0.0,1634342400000
tank_0207,0.0,1634342400000
tank_0209,0.0,1634342400000
tank_0213,1.0,1634342400000
tank_0217,0.0,1634342400000
tank_0220,0.0,1634342400000
tank_0221,0.0,1634342400000
tank_0225,0.0,1634342400000
tank_0226,0.0,1634342400000
tank_0228,0.0,1634342400000
tank_0229,0.0,1634342400000
tank_0231,0.0,1634342400000
tank_0233,0.0,1634342400000
tank_0236,0.0,1634342400000
tank_0237,0.0,1634342400000
tank_0240,0.0,1634342400000
tank_0242,0.0,1634342400000
tank_0245,0.0,1634342400000
tank_0247,17.0,1634342400000
tank_0256,0.0,1634342400000
tank_0257,0.0,1634342400000
tank_0260,0.0,1634342400000
tank_0261,0.0,1634342400000
tank_0264,0.0,1634342400000
tank_0273,24.0,1634342400000
tank_0276,0.0,1634342400000
tank_0278,0.0,1634342400000
tank_0280,0.0,1634342400000
tank_0291,5.0,1634342400000
tank_0292,0.0,1634342400000
tank_0296,0.0,1634342400000
tank_0297,13.639215686274511,1634342400000
tank_0299,0.0,1634342400000
tank_0300,0.0,1634342400000
tank_0301,0.0,1634342400000
tank_0307,0.0,1634342400000
tank_0309,18.92549019607843,1634342400000
tank_0313,0.0,1634342400000
tank_0314,0.0,1634342400000
tank_0319,0.0,1634342400000
tank_0321,0.0,1634342400000
tank_0327,0.0,1634342400000
tank_0337,0.0,1634342400000
tank_0338,0.0,1634342400000
tank_0339,0.0,1634342400000
tank_0342,31.286274509803924,1634342400000
tank_0345,0.0,1634342400000
tank_0346,0.0,1634342400000
tank_0349,27.0,1634342400000
tank_0350,0.0,1634342400000
tank_0353,0.0,1634342400000
tank_0356,0.0,1634342400000
tank_0360,0.0,1634342400000
tank_0361,0.0,1634342400000
tank_0362,0.0,1634342400000
tank_0364,0.0,1634342400000
tank_0366,0.0,1634342400000
tank_0369,6.0,1634342400000
tank_0375,0.0,1634342400000
tank_0379,0.0,1634342400000
tank_0381,0.0,1634342400000
tank_0386,7.0,1634342400000
tank_0390,0.0,1634342400000
tank_0397,0.0,1634342400000
tank_0399,0.0,1634342400000
tank_0404,14.0,1634342400000
tank_0409,0.0,1634342400000
tank_0420,0.0,1634342400000
tank_0425,0.0,1634342400000
tank_0431,0.0,1634342400000
tank_0432,0.0,1634342400000
tank_0435,0.0,1634342400000
tank_0436,0.0,1634342400000
tank_0438,0.0,1634342400000
tank_0443,0.0,1634342400000
tank_0444,0.0,1634342400000
tank_0447,0.0,1634342400000
tank_0448,0.0,1634342400000
tank_0449,0.0,1634342400000
tank_0455,0.0,1634342400000
tank_0460,0.0,1634342400000
tank_0462,168.0,1634342400000
tank_0466,0.0,1634342400000
tank_0471,0.0,1634342400000
tank_0473,0.0,1634342400000
tank_0474,0.0,1634342400000
tank_0481,0.0,1634342400000
tank_0485,0.0,1634342400000
tank_0489,0.0,1634342400000
tank_0491,0.0,1634342400000
tank_0494,0.0,1634342400000
tank_0497,0.0,1634342400000
tank_0498,0.0,1634342400000
tank_0502,0.0,1634342400000
tank_0505,0.0,1634342400000
tank_0509,0.0,1634342400000
tank_0512,81.0,1634342400000
tank_0514,0.0,1634342400000
tank_0515,0.4901960784313726,1634342400000
tank_0521,26.0,1634342400000
tank_0524,0.0,1634342400000
tank_0526,71.8,1634342400000
tank_0533,0.0,1634342400000
tank_0534,0.0,1634342400000
tank_0536,5.0,1634342400000
tank_0537,0.0,1634342400000
tank_0541,0.0,1634342400000
tank_0547,0.0,1634342400000
tank_0552,0.0,1634342400000
tank_0555,0.0,1634342400000
tank_0556,0.0,1634342400000
tank_0557,0.0,1634342400000
tank_0560,0.0,1634342400000
tank_0561,0.0,1634342400000
tank_0566,0.0,1634342400000
tank_0567,0.0,1634342400000
tank_0568,7.882352941176471,1634342400000
tank_0574,24.0,1634342400000
tank_0579,41.0,1634342400000
tank_0583,21.0,1634342400000
tank_0587,0.0,1634342400000
tank_0589,0.0,1634342400000
tank_0590,74.0,1634342400000
tank_0592,0.0,1634342400000
tank_0593,0.0,1634342400000
tank_0595,0.0,1634342400000
tank_0600,0.0,1634342400000
tank_0604,0.0,1634342400000
tank_0606,0.0,1634342400000
tank_0607,0.0,1634342400000
tank_0608,241.0,1634342400000
tank_0610,0.0,1634342400000
tank_0611,0.0,1634342400000
tank_0612,0.0,1634342400000
tank_0613,0.0,1634342400000
tank_0619,14.0,1634342400000
tank_0626,0.0,1634342400000
tank_0627,0.0,1634342400000
tank_0628,0.0,1634342400000
tank_0632,0.0,1634342400000
tank_0633,0.0,1634342400000
tank_0639,0.0,1634342400000
tank_0640,0.0,1634342400000
tank_0641,0.0,1634342400000
tank_0643,0.0,1634342400000
tank_0646,0.0,1634342400000
tank_0663,0.0,1634342400000
tank_0664,20.737254901960785,1634342400000
tank_0666,0.0,1634342400000
tank_0667,0.0,1634342400000
tank_0670,0.0,1634342400000
tank_0675,0.0,1634342400000
tank_0676,347.0,1634342400000
tank_0678,3.0,1634342400000
tank_0681,0.0,1634342400000
tank_0687,10.0,1634342400000
tank_0688,254.0,1634342400000
tank_0697,0.0,1634342400000
tank_0720,8.0,1634342400000
tank_0722,0.0,1634342400000
tank_0724,0.0,1634342400000
tank_0725,0.0,1634342400000
tank_0728,0.0,1634342400000
tank_0730,0.0,1634342400000
tank_0731,0.0,1634342400000
tank_0732,0.0,1634342400000
tank_0737,255.0,1634342400000
tank_0739,0.0,1634342400000
tank_0740,0.0,1634342400000
tank_0746,0.0,1634342400000
tank_0748,0.0,1634342400000
tank_0749,0.0,1634342400000
tank_0752,0.0,1634342400000
tank_0760,3.0,1634342400000
tank_0770,0.0,1634342400000
tank_0772,0.0,1634342400000
tank_0788,0.0,1634342400000
tank_0789,0.0,1634342400000
tank_0792,0.0,1634342400000
tank_0797,0.0,1634342400000
tank_0800,4.0,1634342400000
tank_0802,0.0,1634342400000
tank_0803,0.0,1634342400000
tank_0808,2.0862745098039217,1634342400000
tank_0810,0.0,1634342400000
tank_0811,0.0,1634342400000
tank_0812,0.0,1634342400000
tank_0813,1.7490196078431373,1634342400000
tank_0816,1.3686274509803922,1634342400000
tank_0819,0.0,1634342400000
tank_0823,0.0,1634342400000
tank_0824,10.0,1634342400000
tank_0825,0.0,1634342400000
tank_0828,0.0,1634342400000
tank_0829,13.0,1634342400000
tank_0830,0.0,1634342400000
tank_0831,0.0,1634342400000
tank_0844,0.0,1634342400000
tank_0852,0.0,1634342400000
tank_0855,0.0,1634342400000
tank_0856,647.0,1634342400000
tank_0860,0.0,1634342400000
tank_0861,0.0,1634342400000
tank_0872,0.0,1634342400000
tank_0875,0.0,1634342400000
tank_0879,0.0,1634342400000
tank_0885,0.0,1634342400000
tank_0891,0.0,1634342400000
tank_0894,1078.0,1634342400000
tank_0898,389.0,1634342400000
tank_0900,10.39607843137255,1634342400000
tank_0901,0.0,1634342400000
tank_0902,76.0,1634342400000
tank_0914,0.0,1634342400000
tank_0917,592.0,1634342400000
tank_0919,0.0,1634342400000
tank_0920,0.0,1634342400000
tank_0922,98.0,1634342400000
tank_0923,0.0,1634342400000
tank_0924,0.0,1634342400000
tank_0926,0.0,1634342400000
tank_0927,0.0,1634342400000
tank_0928,0.0,1634342400000
tank_0930,14.0,1634342400000
tank_0931,0.0,1634342400000
tank_0933,0.0,1634342400000
tank_0934,0.0,1634342400000
tank_0937,0.0,1634342400000
tank_0938,0.0,1634342400000
tank_0939,0.0,1634342400000
tank_0944,0.0,1634342400000
tank_0946,0.0,1634342400000
tank_0952,32.0,1634342400000
tank_0958,0.0,1634342400000
tank_0962,72.0,1634342400000
tank_0967,3.0,1634342400000
tank_0975,0.0,1634342400000
tank_0978,0.0,1634342400000
tank_0990,0.0,1634342400000
tank_0991,174.0,1634342400000
tank_0998,0.0,1634342400000
tank_0999,0.0,1634342400000
tank_1003,611.0,1634342400000
tank_1004,0.0,1634342400000
tank_1014,118.0,1634342400000
tank_1026,150.0,1634342400000
tank_1031,36.705882352941174,1634342400000
tank_1032,0.0,1634342400000
tank_1034,0.0,1634342400000
tank_1042,45.72156862745098,1634342400000
tank_1045,32.0,1634342400000
tank_1049,0.0,1634342400000
tank_1055,13.741176470588234,1634342400000
tank_1061,0.0,1634342400000
tank_1062,0.0,1634342400000
tank_1064,4.654901960784314,1634342400000
tank_1065,6.5019607843137255,1634342400000
tank_1066,0.0,1634342400000
tank_1070,19.0,1634342400000
tank_1073,55.0,1634342400000
tank_1083,209.0,1634342400000
tank_1086,0.0,1634342400000
tank_1088,16.31764705882353,1634342400000
tank_1089,8.0,1634342400000
tank_1090,2.0,1634342400000
tank_1091,1.2392156862745098,1634342400000
tank_1094,523.0,1634342400000
tank_1095,9.0,1634342400000
tank_1104,1.231372549019608,1634342400000
tank_1113,39.0,1634342400000
tank_1116,0.0,1634342400000
tank_1117,0.0,1634342400000
tank_1120,343.98823529411766,1634342400000
tank_1121,214.0,1634342400000
tank_1124,7.0,1634342400000
tank_1128,0.0,1634342400000
tank_1134,1.768627450980392,1634342400000
tank_1135,12.0,1634342400000
tank_1146,4.0,1634342400000
tank_1149,2.0,1634342400000
tank_1156,0.0,1634342400000
tank_1157,23.81960784313726,1634342400000
tank_1159,127.0,1634342400000
tank_1160,568.0,1634342400000
tank_1166,0.12941176470588237,1634342400000
tank_1170,28.705882352941174,1634342400000
tank_1175,0.0,1634342400000
tank_1177,0.0,1634342400000
tank_1179,0.0,1634342400000
tank_1181,191.74117647058824,1634342400000
tank_1186,35.0,1634342400000
tank_1187,39.18431372549019,1634342400000
tank_1190,2.9019607843137254,1634342400000
tank_1192,22.0,1634342400000
tank_1196,0.0,1634342400000
tank_1197,1631.0,1634342400000
tank_1201,7.0,1634342400000
tank_1203,0.0,1634342400000
tank_1205,71.0,1634342400000
tank_1209,657.0,1634342400000
tank_1217,0.0,1634342400000
tank_1223,0.0,1634342400000
tank_1226,0.0,1634342400000
tank_1228,20.0,1634342400000
tank_1230,0.0,1634342400000
tank_1237,4.0,1634342400000
tank_1239,743.0,1634342400000
tank_1245,0.0,1634342400000
tank_1246,0.0,1634342400000
tank_1250,0.0,1634342400000
tank_1254,509.0,1634342400000
tank_1255,0.0,1634342400000
tank_1258,0.0,1634342400000
tank_1261,0.0,1634342400000
tank_1262,0.0,1634342400000
tank_1263,0.0,1634342400000
tank_1265,0.0,1634342400000
tank_1270,0.0,1634342400000
tank_1272,0.0,1634342400000
tank_1275,0.0,1634342400000
tank_1276,72.0,1634342400000
tank_1279,0.0,1634342400000
tank_1280,0.0,1634342400000
tank_1284,0.0,1634342400000
tank_1285,0.0,1634342400000
tank_1286,12.0,1634342400000
tank_1290,0.0,1634342400000
tank_1291,0.0,1634342400000
tank_1293,0.0,1634342400000
tank_1295,0.0,1634342400000
tank_1297,23.0,1634342400000
tank_1301,72.0,1634342400000
tank_1302,0.0,1634342400000
tank_1304,0.0,1634342400000
tank_1305,0.0,1634342400000
tank_1313,538.0,1634342400000
tank_1322,0.0,1634342400000
tank_1325,0.0,1634342400000
tank_1326,0.0,1634342400000
tank_1344,0.0,1634342400000
tank_1346,0.0,1634342400000
tank_1349,0.0,1634342400000
tank_1353,577.0,1634342400000
tank_1358,1.6235294117647059,1634342400000
tank_1359,0.0,1634342400000
tank_1361,674.0,1634342400000
tank_1364,1392.0,1634342400000
tank_1365,0.0,1634342400000
tank_1372,0.0,1634342400000
tank_1374,210.0,1634342400000
tank_1378,499.0,1634342400000
tank_1380,0.0,1634342400000
tank_1386,15.0,1634342400000
tank_1391,0.0,1634342400000
tank_1393,17.0,1634342400000
tank_1396,12.0,1634342400000
tank_1397,0.0,1634342400000
tank_1403,1.0,1634342400000
tank_1409,0.0,1634342400000
tank_1412,0.0,1634342400000
tank_1415,0.0,1634342400000
tank_1416,0.0,1634342400000
tank_1421,104.0,1634342400000
tank_1422,0.0,1634342400000
tank_1425,463.0,1634342400000
tank_1426,0.0,1634342400000
tank_1430,0.0,1634342400000
tank_1433,42.858823529411765,1634342400000
tank_1438,0.0,1634342400000
tank_1439,0.0,1634342400000
tank_1441,0.0,1634342400000
tank_1443,0.0,1634342400000
tank_1445,40.0,1634342400000
tank_1446,0.0,1634342400000
tank_1450,0.0,1634342400000
tank_1452,0.0,1634342400000
tank_1456,0.0,1634342400000
tank_1466,0.0,1634342400000
tank_1471,0.0,1634342400000
tank_1475,32.0,1634342400000
tank_1486,894.0,1634342400000
tank_1488,0.0,1634342400000
tank_1491,0.0,1634342400000
tank_1500,13.0,1634342400000
tank_1505,505.0,1634342400000
tank_1513,793.0,1634342400000
tank_1531,26.0,1634342400000
tank_1536,0.0,1634342400000
tank_1539,368.0,1634342400000
tank_1541,0.0,1634342400000
tank_1542,0.0,1634342400000
tank_1547,128.0,1634342400000
tank_1563,0.0,1634342400000
tank_1564,0.0,1634342400000
tank_1565,601.0,1634342400000
tank_1567,51.0,1634342400000
tank_1568,0.0,1634342400000
tank_1573,6.0,1634342400000
tank_1583,0.0,1634342400000
tank_1587,927.0,1634342400000
tank_1588,0.0,1634342400000
tank_1592,0.0,1634342400000
tank_1594,84.0,1634342400000
tank_1595,25.250980392156862,1634342400000
tank_1597,320.7490196078431,1634342400000
tank_1598,0.0,1634342400000
tank_1600,0.0,1634342400000
tank_1604,0.0,1634342400000
tank_0002,0.0,1635379200000
tank_0004,0.0,1635379200000
tank_0005,0.0,1635379200000
tank_0011,0.0,1635379200000
tank_0014,0.0,1635379200000
tank_0019,0.0,1635379200000
tank_0024,0.0,1635379200000
tank_0025,0.0,1635379200000
tank_0026,0.0,1635379200000
tank_0027,0.0,1635379200000
tank_0030,0.0,1635379200000
tank_0031,6.0,1635379200000
tank_0036,0.0,1635379200000
tank_0037,0.0,1635379200000
tank_0038,0.0,1635379200000
tank_0050,0.0,1635379200000
tank_0051,0.0,1635379200000
tank_0052,0.25098039215686274,1635379200000
tank_0053,7.635294117647059,1635379200000
tank_0055,0.0,1635379200000
tank_0057,0.0,1635379200000
tank_0058,0.0,1635379200000
tank_0064,0.0,1635379200000
tank_0069,0.0,1635379200000
tank_0072,0.0,1635379200000
tank_0073,0.0,1635379200000
tank_0080,11.0,1635379200000
tank_0094,0.0,1635379200000
tank_0107,0.0,1635379200000
tank_0110,0.0,1635379200000
tank_0113,0.0,1635379200000
tank_0115,0.0,1635379200000
tank_0116,0.0,1635379200000
tank_0117,51.0,1635379200000
tank_0118,0.0,1635379200000
tank_0122,0.0,1635379200000
tank_0125,4.901960784313726,1635379200000
tank_0130,0.0,1635379200000
tank_0131,0.0,1635379200000
tank_0132,0.0,1635379200000
tank_0134,0.0,1635379200000
tank_0135,0.0,1635379200000
tank_0142,0.0,1635379200000
tank_0143,0.0,1635379200000
tank_0144,2.0,1635379200000
tank_0148,0.0,1635379200000
tank_0153,2.0,1635379200000
tank_0156,0.0,1635379200000
tank_0159,0.0,1635379200000
tank_0165,0.0,1635379200000
tank_0171,0.0,1635379200000
tank_0172,0.0,1635379200000
tank_0174,4.572549019607843,1635379200000
tank_0176,0.0,1635379200000
tank_0184,0.0,1635379200000
tank_0187,0.0,1635379200000
tank_0190,0.0,1635379200000
tank_0192,0.0,1635379200000
tank_0193,0.0,1635379200000
tank_0195,0.0,1635379200000
tank_0199,0.0,1635379200000
tank_0204,0.0,1635379200000
tank_0205,0.0,1635379200000
tank_0207,0.0,1635379200000
tank_0209,0.0,1635379200000
tank_0213,2.0,1635379200000
tank_0217,0.0,1635379200000
tank_0220,0.0,1635379200000
tank_0221,0.0,1635379200000
tank_0225,4.0,1635379200000
tank_0226,0.0,1635379200000
tank_0228,0.0,1635379200000
tank_0229,0.0,1635379200000
tank_0231,0.0,1635379200000
tank_0233,0.0,1635379200000
tank_0236,0.0,1635379200000
tank_0237,0.0,1635379200000
tank_0240,4.0,1635379200000
tank_0242,0.0,1635379200000
tank_0245,0.0,1635379200000
tank_0247,23.0,1635379200000
tank_0256,0.0,1635379200000
tank_0257,0.0,1635379200000
tank_0260,0.0,1635379200000
tank_0261,0.0,1635379200000
tank_0264,0.0,1635379200000
tank_0273,16.0,1635379200000
tank_0276,0.0,1635379200000
tank_0278,0.0,1635379200000
tank_0280,0.0,1635379200000
tank_0291,2.0,1635379200000
tank_0292,0.0,1635379200000
tank_0296,0.0,1635379200000
tank_0297,14.0,1635379200000
tank_0299,0.0,1635379200000
tank_0300,0.0,1635379200000
tank_0301,0.0,1635379200000
tank_0307,0.0,1635379200000
tank_0309,16.92549019607843,1635379200000
tank_0313,0.0,1635379200000
tank_0314,0.0,1635379200000
tank_0319,0.0,1635379200000
tank_0321,0.0,1635379200000
tank_0327,0.0,1635379200000
tank_0337,0.0,1635379200000
tank_0338,0.0,1635379200000
tank_0339,0.0,1635379200000
tank_0342,25.0,1635379200000
tank_0345,0.0,1635379200000
tank_0346,0.0,1635379200000
tank_0349,46.0,1635379200000
tank_0350,0.0,1635379200000
tank_0353,0.0,1635379200000
tank_0356,0.0,1635379200000
tank_0360,0.0,1635379200000
tank_0361,0.0,1635379200000
tank_0362,0.0,1635379200000
tank_0364,0.0,1635379200000
tank_0366,0.0,1635379200000
tank_0369,2.0,1635379200000
tank_0375,0.0,1635379200000
tank_0379,0.0,1635379200000
tank_0381,0.0,1635379200000
tank_0386,4.0,1635379200000
tank_0390,0.0,1635379200000
tank_0397,0.0,1635379200000
tank_0399,0.0,1635379200000
tank_0404,6.0,1635379200000
tank_0409,0.0,1635379200000
tank_0420,0.0,1635379200000
tank_0425,0.0,1635379200000
tank_0431,0.0,1635379200000
tank_0432,0.0,1635379200000
tank_0435,0.0,1635379200000
tank_0436,0.0,1635379200000
tank_0438,0.0,1635379200000
tank_0443,0.0,1635379200000
tank_0444,0.0,1635379200000
tank_0447,0.0,1635379200000
tank_0448,0.0,1635379200000
tank_0449,0.0,1635379200000
tank_0455,0.0,1635379200000
tank_0460,0.0,1635379200000
tank_0462,164.0,1635379200000
tank_0466,0.0,1635379200000
tank_0471,0.0,1635379200000
tank_0473,0.0,1635379200000
tank_0474,0.0,1635379200000
tank_0481,0.0,1635379200000
tank_0485,0.0,1635379200000
tank_0489,0.0,1635379200000
tank_0491,0.0,1635379200000
tank_0494,0.0,1635379200000
tank_0497,0.0,1635379200000
tank_0498,0.0,1635379200000
tank_0502,0.0,1635379200000
tank_0505,0.0,1635379200000
tank_0509,0.0,1635379200000
tank_0512,85.0,1635379200000
tank_0514,0.0,1635379200000
tank_0515,1.6745098039215687,1635379200000
tank_0521,30.0,1635379200000
tank_0524,0.0,1635379200000
tank_0526,65.0,1635379200000
tank_0533,0.0,1635379200000
tank_0534,0.0,1635379200000
tank_0536,0.0,1635379200000
tank_0537,0.0,1635379200000
tank_0541,0.0,1635379200000
tank_0547,0.0,1635379200000
tank_0552,0.0,1635379200000
tank_0555,0.0,1635379200000
tank_0556,0.0,1635379200000
tank_0557,0.0,1635379200000
tank_0560,0.0,1635379200000
tank_0561,0.0,1635379200000
tank_0566,0.0,1635379200000
tank_0567,0.0,1635379200000
tank_0568,0.0,1635379200000
tank_0574,11.0,1635379200000
tank_0579,32.0,1635379200000
tank_0583,22.0,1635379200000
tank_0587,0.0,1635379200000
tank_0589,0.0,1635379200000
tank_0590,74.0,1635379200000
tank_0592,0.0,1635379200000
tank_0593,0.0,1635379200000
tank_0595,0.0,1635379200000
tank_0600,0.0,1635379200000
tank_0604,0.0,1635379200000
tank_0606,0.0,1635379200000
tank_0607,0.0,1635379200000
tank_0608,222.0,1635379200000
tank_0610,0.0,1635379200000
tank_0611,0.0,1635379200000
tank_0612,0.0,1635379200000
tank_0613,0.0,1635379200000
tank_0619,5.882352941176471,1635379200000
tank_0626,0.0,1635379200000
tank_0627,0.0,1635379200000
tank_0628,0.0,1635379200000
tank_0632,0.0,1635379200000
tank_0633,0.0,1635379200000
tank_0639,1.3098039215686275,1635379200000
tank_0640,0.0,1635379200000
tank_0641,0.0,1635379200000
tank_0643,0.0,1635379200000
tank_0646,0.0,1635379200000
tank_0663,0.0,1635379200000
tank_0664,2.7372549019607844,1635379200000
tank_0666,0.0,1635379200000
tank_0667,0.0,1635379200000
tank_0670,9.0,1635379200000
tank_0675,0.0,1635379200000
tank_0676,341.0,1635379200000
tank_0678,0.0,1635379200000
tank_0681,0.0,1635379200000
tank_0687,6.0,1635379200000
tank_0688,295.0,1635379200000
tank_0697,0.996078431372549,1635379200000
tank_0720,4.0,1635379200000
tank_0722,0.0,1635379200000
tank_0724,0.0,1635379200000
tank_0725,0.0,1635379200000
tank_0728,0.0,1635379200000
tank_0730,0.0,1635379200000
tank_0731,126.0,1635379200000
tank_0732,0.0,1635379200000
tank_0737,144.0,1635379200000
tank_0739,0.0,1635379200000
tank_0740,4.384313725490196,1635379200000
tank_0746,0.0,1635379200000
tank_0748,0.0,1635379200000
tank_0749,0.0,1635379200000
tank_0752,0.0,1635379200000
tank_0760,0.0,1635379200000
tank_0770,0.0,1635379200000
tank_0772,0.0,1635379200000
tank_0788,0.0,1635379200000
tank_0789,0.8901960784313725,1635379200000
tank_0792,0.0,1635379200000
tank_0797,0.0,1635379200000
tank_0800,2.0,1635379200000
tank_0802,0.0,1635379200000
tank_0803,0.0,1635379200000
tank_0808,6.454901960784314,1635379200000
tank_0810,0.0,1635379200000
tank_0811,0.0,1635379200000
tank_0812,0.0,1635379200000
tank_0813,1.5137254901960784,1635379200000
tank_0816,0.0,1635379200000
tank_0819,0.0,1635379200000
tank_0823,0.0,1635379200000
tank_0824,22.0,1635379200000
tank_0825,0.0,1635379200000
tank_0828,0.0,1635379200000
tank_0829,21.0,1635379200000
tank_0830,0.0,1635379200000
tank_0831,1.1058823529411763,1635379200000
tank_0844,0.0,1635379200000
tank_0852,0.0,1635379200000
tank_0855,0.0,1635379200000
tank_0856,881.0,1635379200000
tank_0860,0.0,1635379200000
tank_0861,0.0,1635379200000
tank_0872,0.0,1635379200000
tank_0875,23.0,1635379200000
tank_0879,0.0,1635379200000
tank_0885,0.0,1635379200000
tank_0891,0.0,1635379200000
tank_0894,1250.0,1635379200000
tank_0898,502.0,1635379200000
tank_0900,0.0,1635379200000
tank_0901,49.0,1635379200000
tank_0902,51.0,1635379200000
tank_0914,0.0,1635379200000
tank_0917,587.0,1635379200000
tank_0919,0.0,1635379200000
tank_0920,0.0,1635379200000
tank_0922,97.0,1635379200000
tank_0923,0.0,1635379200000
tank_0924,0.0,1635379200000
tank_0926,0.0,1635379200000
tank_0927,0.0,1635379200000
tank_0928,0.0,1635379200000
tank_0930,8.0,1635379200000
tank_0931,0.0,1635379200000
tank_0933,0.0,1635379200000
tank_0934,0.0,1635379200000
tank_0937,0.0,1635379200000
tank_0938,0.0,1635379200000
tank_0939,0.0,1635379200000
tank_0944,0.0,1635379200000
tank_0946,0.0,1635379200000
tank_0952,33.0,1635379200000
tank_0958,0.0,1635379200000
tank_0962,100.0,1635379200000
tank_0967,4.0,1635379200000
tank_0975,0.0,1635379200000
tank_0978,0.0,1635379200000
tank_0990,0.0,1635379200000
tank_0991,537.0,1635379200000
tank_0998,0.0,1635379200000
tank_0999,0.0,1635379200000
tank_1003,584.0,1635379200000
tank_1004,0.0,1635379200000
tank_1014,95.0,1635379200000
tank_1026,150.0,1635379200000
tank_1031,29.0,1635379200000
tank_1032,5.396078431372549,1635379200000
tank_1034,1.3019607843137255,1635379200000
tank_1042,29.0,1635379200000
tank_1045,36.0,1635379200000
tank_1049,0.0,1635379200000
tank_1055,25.47450980392157,1635379200000
tank_1061,0.0,1635379200000
tank_1062,0.0,1635379200000
tank_1064,5.7215686274509805,1635379200000
tank_1065,17.341176470588238,1635379200000
tank_1066,0.0,1635379200000
tank_1070,19.0,1635379200000
tank_1073,43.0,1635379200000
tank_1083,207.0,1635379200000
tank_1086,0.0,1635379200000
tank_1088,12.462745098039216,1635379200000
tank_1089,19.0,1635379200000
tank_1090,4.0,1635379200000
tank_1091,0.0,1635379200000
tank_1094,635.0,1635379200000
tank_1095,12.0,1635379200000
tank_1104,5.360784313725491,1635379200000
tank_1113,35.0,1635379200000
tank_1116,0.0,1635379200000
tank_1117,0.0,1635379200000
tank_1120,291.28235294117644,1635379200000
tank_1121,189.0,1635379200000
tank_1124,6.0,1635379200000
tank_1128,0.0,1635379200000
tank_1134,13.141176470588237,1635379200000
tank_1135,6.847058823529412,1635379200000
tank_1146,0.0,1635379200000
tank_1149,0.0,1635379200000
tank_1156,0.0,1635379200000
tank_1157,33.4392156862745,1635379200000
tank_1159,183.0,1635379200000
tank_1160,543.0,1635379200000
tank_1166,0.06666666666666667,1635379200000
tank_1170,27.56470588235294,1635379200000
tank_1175,0.0,1635379200000
tank_1177,0.0,1635379200000
tank_1179,0.0,1635379200000
tank_1181,186.85882352941178,1635379200000
tank_1186,37.0,1635379200000
tank_1187,5.0,1635379200000
tank_1190,0.0,1635379200000
tank_1192,24.0,1635379200000
tank_1196,0.0,1635379200000
tank_1197,1730.992156862745,1635379200000
tank_1201,2.0,1635379200000
tank_1203,0.0,1635379200000
tank_1205,69.0,1635379200000
tank_1209,584.9607843137255,1635379200000
tank_1217,0.0,1635379200000
tank_1223,0.0,1635379200000
tank_1226,0.0,1635379200000
tank_1228,24.0,1635379200000
tank_1230,0.0,1635379200000
tank_1237,5.874509803921569,1635379200000
tank_1239,675.0,1635379200000
tank_1245,0.0,1635379200000
tank_1246,0.0,1635379200000
tank_1250,0.0,1635379200000
tank_1254,1062.0,1635379200000
tank_1255,0.0,1635379200000
tank_1258,0.0,1635379200000
tank_1261,0.0,1635379200000
tank_1262,0.0,1635379200000
tank_1263,0.0,1635379200000
tank_1265,0.0,1635379200000
tank_1270,0.0,1635379200000
tank_1272,0.0,1635379200000
tank_1275,0.0,1635379200000
tank_1276,50.0,1635379200000
tank_1279,0.0,1635379200000
tank_1280,0.0,1635379200000
tank_1284,0.0,1635379200000
tank_1285,0.0,1635379200000
tank_1286,21.0,1635379200000
tank_1290,0.0,1635379200000
tank_1291,0.0,1635379200000
tank_1293,2.0,1635379200000
tank_1295,0.0,1635379200000
tank_1297,31.0,1635379200000
tank_1301,62.0,1635379200000
tank_1302,0.0,1635379200000
tank_1304,0.403921568627451,1635379200000
tank_1305,0.0,1635379200000
tank_1313,601.0,1635379200000
tank_1322,0.0,1635379200000
tank_1325,0.0,1635379200000
tank_1326,0.0,1635379200000
tank_1344,0.0,1635379200000
tank_1346,0.0,1635379200000
tank_1349,0.0,1635379200000
tank_1353,668.0,1635379200000
tank_1358,0.0,1635379200000
tank_1359,0.0,1635379200000
tank_1361,661.0,1635379200000
tank_1364,1161.9803921568628,1635379200000
tank_1365,0.0,1635379200000
tank_1372,0.0,1635379200000
tank_1374,224.0,1635379200000
tank_1378,532.0,1635379200000
tank_1380,0.0,1635379200000
tank_1386,152.98431372549018,1635379200000
tank_1391,0.0,1635379200000
tank_1393,19.615686274509805,1635379200000
tank_1396,17.0,1635379200000
tank_1397,0.0,1635379200000
tank_1403,7.0,1635379200000
tank_1409,0.0,1635379200000
tank_1412,0.0,1635379200000
tank_1415,0.0,1635379200000
tank_1416,0.0,1635379200000
tank_1421,120.0,1635379200000
tank_1422,0.0,1635379200000
tank_1425,540.0,1635379200000
tank_1426,2.0,1635379200000
tank_1430,0.0,1635379200000
tank_1433,37.0,1635379200000
tank_1438,0.0,1635379200000
tank_1439,0.0,1635379200000
tank_1441,0.0,1635379200000
tank_1443,0.0,1635379200000
tank_1445,34.0,1635379200000
tank_1446,0.0,1635379200000
tank_1450,0.0,1635379200000
tank_1452,0.0,1635379200000
tank_1456,0.0,1635379200000
tank_1466,0.0,1635379200000
tank_1471,0.0,1635379200000
tank_1475,52.0,1635379200000
tank_1486,1232.0,1635379200000
tank_1488,0.0,1635379200000
tank_1491,0.0,1635379200000
tank_1500,9.0,1635379200000
tank_1505,567.0,1635379200000
tank_1513,629.0,1635379200000
tank_1531,12.0,1635379200000
tank_1536,0.0,1635379200000
tank_1539,381.0,1635379200000
tank_1541,0.0,1635379200000
tank_1542,0.0,1635379200000
tank_1547,145.0,1635379200000
tank_1563,33.627450980392155,1635379200000
tank_1564,0.0,1635379200000
tank_1565,518.0,1635379200000
tank_1567,63.0,1635379200000
tank_1568,0.0,1635379200000
tank_1573,28.0,1635379200000
tank_1583,0.0,1635379200000
tank_1587,748.0,1635379200000
tank_1588,0.0,1635379200000
tank_1592,0.0,1635379200000
tank_1594,86.0,1635379200000
tank_1595,24.250980392156862,1635379200000
tank_1597,327.11372549019603,1635379200000
tank_1598,0.0,1635379200000
tank_1600,0.0,1635379200000
tank_1604,0.0,1635379200000
tank_0002,0.0,1636416000000
tank_0004,0.0,1636416000000
tank_0005,0.0,1636416000000
tank_0011,0.0,1636416000000
tank_0014,0.0,1636416000000
tank_0019,0.0,1636416000000
tank_0024,0.0,1636416000000
tank_0025,0.0,1636416000000
tank_0026,0.0,1636416000000
tank_0027,0.0,1636416000000
tank_0030,0.0,1636416000000
tank_0031,4.0,1636416000000
tank_0036,0.0,1636416000000
tank_0037,0.0,1636416000000
tank_0038,0.0,1636416000000
tank_0050,0.0,1636416000000
tank_0051,0.0,1636416000000
tank_0052,0.0,1636416000000
tank_0053,1.0,1636416000000
tank_0055,0.0,1636416000000
tank_0057,0.0,1636416000000
tank_0058,1.3568627450980393,1636416000000
tank_0064,0.0,1636416000000
tank_0069,0.0,1636416000000
tank_0072,0.0,1636416000000
tank_0073,0.0,1636416000000
tank_0080,21.0,1636416000000
tank_0094,0.10196078431372549,1636416000000
tank_0107,0.0,1636416000000
tank_0110,0.0,1636416000000
tank_0113,0.0,1636416000000
tank_0115,0.0,1636416000000
tank_0116,1.0,1636416000000
tank_0117,56.0,1636416000000
tank_0118,0.0,1636416000000
tank_0122,0.0,1636416000000
tank_0125,5.250980392156863,1636416000000
tank_0130,0.0,1636416000000
tank_0131,0.0,1636416000000
tank_0132,0.0,1636416000000
tank_0134,0.0,1636416000000
tank_0135,0.0,1636416000000
tank_0142,0.0,1636416000000
tank_0143,0.0,1636416000000
tank_0144,0.0,1636416000000
tank_0148,0.0,1636416000000
tank_0153,10.0,1636416000000
tank_0156,0.0,1636416000000
tank_0159,0.0,1636416000000
tank_0165,0.0,1636416000000
tank_0171,0.0,1636416000000
tank_0172,0.0,1636416000000
tank_0174,0.0,1636416000000
tank_0176,0.0,1636416000000
tank_0184,0.0,1636416000000
tank_0187,0.0,1636416000000
tank_0190,0.0,1636416000000
tank_0192,0.0,1636416000000
tank_0193,0.0,1636416000000
tank_0195,0.0,1636416000000
tank_0199,0.0,1636416000000
tank_0204,0.0,1636416000000
tank_0205,0.0,1636416000000
tank_0207,0.0,1636416000000
tank_0209,0.0,1636416000000
tank_0213,0.0,1636416000000
tank_0217,0.0,1636416000000
tank_0220,0.0,1636416000000
tank_0221,0.0,1636416000000
tank_0225,0.0,1636416000000
tank_0226,0.0,1636416000000
tank_0228,0.0,1636416000000
tank_0229,0.0,1636416000000
tank_0231,0.0,1636416000000
tank_0233,0.0,1636416000000
tank_0236,0.0,1636416000000
tank_0237,0.0,1636416000000
tank_0240,0.0,1636416000000
tank_0242,0.0,1636416000000
tank_0245,0.0,1636416000000
tank_0247,36.0,1636416000000
tank_0256,0.0,1636416000000
tank_0257,0.0,1636416000000
tank_0260,0.0,1636416000000
tank_0261,0.0,1636416000000
tank_0264,0.0,1636416000000
tank_0273,27.0,1636416000000
tank_0276,0.0,1636416000000
tank_0278,0.0,1636416000000
tank_0280,0.0,1636416000000
tank_0291,1.0,1636416000000
tank_0292,0.0,1636416000000
tank_0296,0.0,1636416000000
tank_0297,16.372549019607845,1636416000000
tank_0299,0.0,1636416000000
tank_0300,0.0,1636416000000
tank_0301,0.0,1636416000000
tank_0307,0.0,1636416000000
tank_0309,22.92549019607843,1636416000000
tank_0313,4.0,1636416000000
tank_0314,0.0,1636416000000
tank_0319,0.0,1636416000000
tank_0321,0.0,1636416000000
tank_0327,0.0,1636416000000
tank_0337,2.0,1636416000000
tank_0338,0.0,1636416000000
tank_0339,0.0,1636416000000
tank_0342,18.0,1636416000000
tank_0345,0.0,1636416000000
tank_0346,0.0,1636416000000
tank_0349,65.0,1636416000000
tank_0350,0.0,1636416000000
tank_0353,0.0,1636416000000
tank_0356,0.0,1636416000000
tank_0360,0.0,1636416000000
tank_0361,0.0,1636416000000
tank_0362,0.0,1636416000000
tank_0364,0.0,1636416000000
tank_0366,0.0,1636416000000
tank_0369,0.0,1636416000000
tank_0375,0.0,1636416000000
tank_0379,0.0,1636416000000
tank_0381,0.0,1636416000000
tank_0386,17.0,1636416000000
tank_0390,0.0,1636416000000
tank_0397,0.0,1636416000000
tank_0399,0.0,1636416000000
tank_0404,22.0,1636416000000
tank_0409,0.0,1636416000000
tank_0420,0.0,1636416000000
tank_0425,0.0,1636416000000
tank_0431,0.0,1636416000000
tank_0432,0.0,1636416000000
tank_0435,0.0,1636416000000
tank_0436,0.0,1636416000000
tank_0438,0.0,1636416000000
tank_0443,0.0,1636416000000
tank_0444,0.0,1636416000000
tank_0447,0.0,1636416000000
tank_0448,0.0,1636416000000
tank_0449,0.0,1636416000000
tank_0455,0.0,1636416000000
tank_0460,0.0,1636416000000
tank_0462,163.0,1636416000000
tank_0466,0.0,1636416000000
tank_0471,0.0,1636416000000
tank_0473,0.0,1636416000000
tank_0474,0.0,1636416000000
tank_0481,0.0,1636416000000
tank_0485,0.0,1636416000000
tank_0489,0.0,1636416000000
tank_0491,0.0,1636416000000
tank_0494,0.0,1636416000000
tank_0497,0.0,1636416000000
tank_0498,0.0,1636416000000
tank_0502,0.0,1636416000000
tank_0505,0.0,1636416000000
tank_0509,0.0,1636416000000
tank_0512,83.0,1636416000000
tank_0514,0.0,1636416000000
tank_0515,0.0,1636416000000
tank_0521,22.0,1636416000000
tank_0524,0.0,1636416000000
tank_0526,69.87450980392157,1636416000000
tank_0533,0.0,1636416000000
tank_0534,0.0,1636416000000
tank_0536,0.0,1636416000000
tank_0537,0.0,1636416000000
tank_0541,0.0,1636416000000
tank_0547,0.0,1636416000000
tank_0552,0.0,1636416000000
tank_0555,0.0,1636416000000
tank_0556,0.0,1636416000000
tank_0557,0.0,1636416000000
tank_0560,0.0,1636416000000
tank_0561,0.0,1636416000000
tank_0566,0.0,1636416000000
tank_0567,0.0,1636416000000
tank_0568,0.0,1636416000000
tank_0574,0.0,1636416000000
tank_0579,9.0,1636416000000
tank_0583,13.0,1636416000000
tank_0587,0.0,1636416000000
tank_0589,0.0,1636416000000
tank_0590,60.0,1636416000000
tank_0592,0.0,1636416000000
tank_0593,0.0,1636416000000
tank_0595,0.0,1636416000000
tank_0600,6.121568627450981,1636416000000
tank_0604,0.0,1636416000000
tank_0606,0.0,1636416000000
tank_0607,0.0,1636416000000
tank_0608,183.0,1636416000000
tank_0610,0.0,1636416000000
tank_0611,0.0,1636416000000
tank_0612,0.0,1636416000000
tank_0613,0.0,1636416000000
tank_0619,0.0,1636416000000
tank_0626,0.0,1636416000000
tank_0627,0.0,1636416000000
tank_0628,0.0,1636416000000
tank_0632,0.0,1636416000000
tank_0633,0.0,1636416000000
tank_0639,0.0,1636416000000
tank_0640,0.0,1636416000000
tank_0641,0.0,1636416000000
tank_0643,0.0,1636416000000
tank_0646,0.0,1636416000000
tank_0663,0.0,1636416000000
tank_0664,0.0,1636416000000
tank_0666,0.0,1636416000000
tank_0667,0.0,1636416000000
tank_0670,12.0,1636416000000
tank_0675,0.0,1636416000000
tank_0676,281.0,1636416000000
tank_0678,0.0,1636416000000
tank_0681,0.0,1636416000000
tank_0687,8.0,1636416000000
tank_0688,283.0,1636416000000
tank_0697,2.0,1636416000000
tank_0720,6.0,1636416000000
tank_0722,0.0,1636416000000
tank_0724,0.0,1636416000000
tank_0725,0.0,1636416000000
tank_0728,0.0,1636416000000
tank_0730,0.0,1636416000000
tank_0731,14.0,1636416000000
tank_0732,0.0,1636416000000
tank_0737,168.0,1636416000000
tank_0739,0.0,1636416000000
tank_0740,0.0,1636416000000
tank_0746,0.0,1636416000000
tank_0748,0.0,1636416000000
tank_0749,0.0,1636416000000
tank_0752,0.0,1636416000000
tank_0760,0.0,1636416000000
tank_0770,0.0,1636416000000
tank_0772,0.0,1636416000000
tank_0788,0.0,1636416000000
tank_0789,1.8901960784313725,1636416000000
tank_0792,19.811764705882354,1636416000000
tank_0797,0.0,1636416000000
tank_0800,2.0,1636416000000
tank_0802,0.0,1636416000000
tank_0803,0.0,1636416000000
tank_0808,16.062745098039215,1636416000000
tank_0810,0.0,1636416000000
tank_0811,0.0,1636416000000
tank_0812,0.0,1636416000000
tank_0813,10.156862745098039,1636416000000
tank_0816,0.0,1636416000000
tank_0819,0.0,1636416000000
tank_0823,0.0,1636416000000
tank_0824,20.0,1636416000000
tank_0825,0.0,1636416000000
tank_0828,0.0,1636416000000
tank_0829,22.741176470588236,1636416000000
tank_0830,0.0,1636416000000
tank_0831,0.0,1636416000000
tank_0844,0.0,1636416000000
tank_0852,0.0,1636416000000
tank_0855,0.0,1636416000000
tank_0856,959.0,1636416000000
tank_0860,0.0,1636416000000
tank_0861,0.0,1636416000000
tank_0872,0.0,1636416000000
tank_0875,8.0,1636416000000
tank_0879,0.0,1636416000000
tank_0885,0.0,1636416000000
tank_0891,0.0,1636416000000
tank_0894,1232.0,1636416000000
tank_0898,549.9058823529411,1636416000000
tank_0900,0.0,1636416000000
tank_0901,31.0,1636416000000
tank_0902,121.0,1636416000000
tank_0914,0.0,1636416000000
tank_0917,626.9725490196079,1636416000000
tank_0919,0.0,1636416000000
tank_0920,0.0,1636416000000
tank_0922,81.0,1636416000000
tank_0923,0.0,1636416000000
tank_0924,0.0,1636416000000
tank_0926,0.0,1636416000000
tank_0927,0.0,1636416000000
tank_0928,0.0,1636416000000
tank_0930,3.0,1636416000000
tank_0931,0.0,1636416000000
tank_0933,0.0,1636416000000
tank_0934,0.0,1636416000000
tank_0937,0.0,1636416000000
tank_0938,0.0,1636416000000
tank_0939,0.0,1636416000000
tank_0944,0.0,1636416000000
tank_0946,0.0,1636416000000
tank_0952,12.0,1636416000000
tank_0958,0.0,1636416000000
tank_0962,115.0,1636416000000
tank_0967,0.0,1636416000000
tank_0975,0.0,1636416000000
tank_0978,0.0,1636416000000
tank_0990,0.0,1636416000000
tank_0991,603.0,1636416000000
tank_0998,0.0,1636416000000
tank_0999,0.0,1636416000000
tank_1003,659.0,1636416000000
tank_1004,0.0,1636416000000
tank_1014,104.0,1636416000000
tank_1026,156.0,1636416000000
tank_1031,40.86666666666667,1636416000000
tank_1032,19.294117647058822,1636416000000
tank_1034,18.741176470588233,1636416000000
tank_1042,34.0,1636416000000
tank_1045,39.0,1636416000000
tank_1049,0.0,1636416000000
tank_1055,21.439215686274512,1636416000000
tank_1061,0.0,1636416000000
tank_1062,0.0,1636416000000
tank_1064,2.976470588235294,1636416000000
tank_1065,17.36078431372549,1636416000000
tank_1066,0.0,1636416000000
tank_1070,31.0,1636416000000
tank_1073,78.0,1636416000000
tank_1083,200.0,1636416000000
tank_1086,6.0,1636416000000
tank_1088,42.30980392156863,1636416000000
tank_1089,10.0,1636416000000
tank_1090,1.0,1636416000000
tank_1091,0.0,1636416000000
tank_1094,601.0,1636416000000
tank_1095,12.0,1636416000000
tank_1104,9.874509803921569,1636416000000
tank_1113,44.0,1636416000000
tank_1116,0.0,1636416000000
tank_1117,0.0,1636416000000
tank_1120,320.0627450980392,1636416000000
tank_1121,193.0,1636416000000
tank_1124,4.0,1636416000000
tank_1128,0.0,1636416000000
tank_1134,3.7411764705882353,1636416000000
tank_1135,9.0,1636416000000
tank_1146,2.0,1636416000000
tank_1149,0.0,1636416000000
tank_1156,0.0,1636416000000
tank_1157,38.31764705882352,1636416000000
tank_1159,149.0,1636416000000
tank_1160,626.0,1636416000000
tank_1166,0.0,1636416000000
tank_1170,33.31372549019608,1636416000000
tank_1175,0.0,1636416000000
tank_1177,0.0,1636416000000
tank_1179,3.2509803921568627,1636416000000
tank_1181,202.71764705882353,1636416000000
tank_1186,36.0,1636416000000
tank_1187,18.0,1636416000000
tank_1190,0.0,1636416000000
tank_1192,31.686274509803923,1636416000000
tank_1196,0.0,1636416000000
tank_1197,1773.0,1636416000000
tank_1201,4.0,1636416000000
tank_1203,0.0,1636416000000
tank_1205,68.0,1636416000000
tank_1209,893.0,1636416000000
tank_1217,0.0,1636416000000
tank_1223,0.0,1636416000000
tank_1226,0.0,1636416000000
tank_1228,19.0,1636416000000
tank_1230,0.0,1636416000000
tank_1237,13.0,1636416000000
tank_1239,760.0,1636416000000
tank_1245,0.0,1636416000000
tank_1246,0.0,1636416000000
tank_1250,0.0,1636416000000
tank_1254,1443.0,1636416000000
tank_1255,0.0,1636416000000
tank_1258,0.0,1636416000000
tank_1261,0.0,1636416000000
tank_1262,0.0,1636416000000
tank_1263,0.0,1636416000000
tank_1265,0.0,1636416000000
tank_1270,0.0,1636416000000
tank_1272,0.0,1636416000000
tank_1275,0.0,1636416000000
tank_1276,53.0,1636416000000
tank_1279,0.0,1636416000000
tank_1280,0.0,1636416000000
tank_1284,0.0,1636416000000
tank_1285,0.0,1636416000000
tank_1286,17.0,1636416000000
tank_1290,0.0,1636416000000
tank_1291,0.0,1636416000000
tank_1293,0.0,1636416000000
tank_1295,0.0,1636416000000
tank_1297,19.0,1636416000000
tank_1301,60.0,1636416000000
tank_1302,0.0,1636416000000
tank_1304,0.0,1636416000000
tank_1305,2.0,1636416000000
tank_1313,556.9882352941177,1636416000000
tank_1322,0.0,1636416000000
tank_1325,0.0,1636416000000
tank_1326,0.0,1636416000000
tank_1344,0.0,1636416000000
tank_1346,0.0,1636416000000
tank_1349,0.0,1636416000000
tank_1353,585.0,1636416000000
tank_1358,0.0,1636416000000
tank_1359,0.0,1636416000000
tank_1361,631.0,1636416000000
tank_1364,1373.0,1636416000000
tank_1365,0.0,1636416000000
tank_1372,0.0,1636416000000
tank_1374,217.0,1636416000000
tank_1378,538.0,1636416000000
tank_1380,0.0,1636416000000
tank_1386,211.0,1636416000000
tank_1391,0.0,1636416000000
tank_1393,22.0,1636416000000
tank_1396,26.0,1636416000000
tank_1397,0.0,1636416000000
tank_1403,5.0,1636416000000
tank_1409,0.0,1636416000000
tank_1412,0.0,1636416000000
tank_1415,0.0,1636416000000
tank_1416,0.0,1636416000000
tank_1421,173.0,1636416000000
tank_1422,0.0,1636416000000
tank_1425,531.0,1636416000000
tank_1426,0.0,1636416000000
tank_1430,0.0,1636416000000
tank_1433,50.0,1636416000000
tank_1438,0.0,1636416000000
tank_1439,0.0,1636416000000
tank_1441,0.0,1636416000000
tank_1443,0.0,1636416000000
tank_1445,20.0,1636416000000
tank_1446,0.0,1636416000000
tank_1450,0.0,1636416000000
tank_1452,0.0,1636416000000
tank_1456,0.0,1636416000000
tank_1466,0.0,1636416000000
tank_1471,0.0,1636416000000
tank_1475,212.94117647058823,1636416000000
tank_1486,1371.0,1636416000000
tank_1488,0.0,1636416000000
tank_1491,0.0,1636416000000
tank_1500,11.0,1636416000000
tank_1505,623.0,1636416000000
tank_1513,930.0,1636416000000
tank_1531,7.0,1636416000000
tank_1536,0.0,1636416000000
tank_1539,403.0,1636416000000
tank_1541,0.0,1636416000000
tank_1542,0.0,1636416000000
tank_1547,200.0,1636416000000
tank_1563,25.0,1636416000000
tank_1564,0.0,1636416000000
tank_1565,1477.9137254901962,1636416000000
tank_1567,65.92549019607843,1636416000000
tank_1568,0.0,1636416000000
tank_1573,28.0,1636416000000
tank_1583,1.0,1636416000000
tank_1587,931.0,1636416000000
tank_1588,0.0,1636416000000
tank_1592,0.0,1636416000000
tank_1594,81.0,1636416000000
tank_1595,28.988235294117647,1636416000000
tank_1597,221.74901960784314,1636416000000
tank_1598,0.0,1636416000000
tank_1600,1.0,1636416000000
tank_1604,0.0,1636416000000
tank_0002,0.0,1637452800000
tank_0004,0.0,1637452800000
tank_0005,0.0,1637452800000
tank_0011,0.0,1637452800000
tank_0014,0.0,1637452800000
tank_0019,0.0,1637452800000
tank_0024,0.0,1637452800000
tank_0025,0.0,1637452800000
tank_0026,0.0,1637452800000
tank_0027,0.0,1637452800000
tank_0030,0.0,1637452800000
tank_0031,3.0,1637452800000
tank_0036,0.0,1637452800000
tank_0037,0.0,1637452800000
tank_0038,0.0,1637452800000
tank_0050,0.0,1637452800000
tank_0051,0.0,1637452800000
tank_0052,0.0,1637452800000
tank_0053,0.0,1637452800000
tank_0055,0.0,1637452800000
tank_0057,16.0,1637452800000
tank_0058,0.0,1637452800000
tank_0064,0.0,1637452800000
tank_0069,0.0,1637452800000
tank_0072,0.0,1637452800000
tank_0073,0.0,1637452800000
tank_0080,18.0,1637452800000
tank_0094,0.0,1637452800000
tank_0107,0.0,1637452800000
tank_0110,0.0,1637452800000
tank_0113,0.0,1637452800000
tank_0115,0.0,1637452800000
tank_0116,0.0,1637452800000
tank_0117,50.0,1637452800000
tank_0118,0.0,1637452800000
tank_0122,3.0,1637452800000
tank_0125,10.980392156862745,1637452800000
tank_0130,0.0,1637452800000
tank_0131,0.0,1637452800000
tank_0132,0.0,1637452800000
tank_0134,0.0,1637452800000
tank_0135,0.0,1637452800000
tank_0142,0.0,1637452800000
tank_0143,0.0,1637452800000
tank_0144,7.0,1637452800000
tank_0148,0.0,1637452800000
tank_0153,20.0,1637452800000
tank_0156,0.0,1637452800000
tank_0159,0.0,1637452800000
tank_0165,0.0,1637452800000
tank_0171,0.0,1637452800000
tank_0172,0.0,1637452800000
tank_0174,0.0,1637452800000
tank_0176,0.0,1637452800000
tank_0184,0.0,1637452800000
tank_0187,0.0,1637452800000
tank_0190,0.0,1637452800000
tank_0192,0.0,1637452800000
tank_0193,0.0,1637452800000
tank_0195,0.0,1637452800000
tank_0199,0.0,1637452800000
tank_0204,0.0,1637452800000
tank_0205,0.0,1637452800000
tank_0207,0.0,1637452800000
tank_0209,0.0,1637452800000
tank_0213,13.0,1637452800000
tank_0217,0.0,1637452800000
tank_0220,0.0,1637452800000
tank_0221,0.0,1637452800000
tank_0225,13.0,1637452800000
tank_0226,0.0,1637452800000
tank_0228,0.0,1637452800000
tank_0229,0.0,1637452800000
tank_0231,0.0,1637452800000
tank_0233,0.0,1637452800000
tank_0236,0.0,1637452800000
tank_0237,0.0,1637452800000
tank_0240,0.0,1637452800000
tank_0242,0.0,1637452800000
tank_0245,0.0,1637452800000
tank_0247,107.0,1637452800000
tank_0256,0.0,1637452800000
tank_0257,0.0,1637452800000
tank_0260,0.0,1637452800000
tank_0261,0.0,1637452800000
tank_0264,0.0,1637452800000
tank_0273,40.0,1637452800000
tank_0276,0.0,1637452800000
tank_0278,0.0,1637452800000
tank_0280,0.0,1637452800000
tank_0291,0.0,1637452800000
tank_0292,0.0,1637452800000
tank_0296,0.0,1637452800000
tank_0297,21.0,1637452800000
tank_0299,0.0,1637452800000
tank_0300,0.0,1637452800000
tank_0301,0.0,1637452800000
tank_0307,0.0,1637452800000
tank_0309,16.92549019607843,1637452800000
tank_0313,7.0,1637452800000
tank_0314,0.0,1637452800000
tank_0319,0.0,1637452800000
tank_0321,0.0,1637452800000
tank_0327,0.0,1637452800000
tank_0337,0.0,1637452800000
tank_0338,0.0,1637452800000
tank_0339,0.0,1637452800000
tank_0342,17.92156862745098,1637452800000
tank_0345,0.0,1637452800000
tank_0346,0.0,1637452800000
tank_0349,61.0,1637452800000
tank_0350,0.0,1637452800000
tank_0353,3.0,1637452800000
tank_0356,0.0,1637452800000
tank_0360,0.0,1637452800000
tank_0361,0.0,1637452800000
tank_0362,0.0,1637452800000
tank_0364,0.0,1637452800000
tank_0366,0.0,1637452800000
tank_0369,12.0,1637452800000
tank_0375,0.0,1637452800000
tank_0379,0.0,1637452800000
tank_0381,0.0,1637452800000
tank_0386,16.0,1637452800000
tank_0390,0.0,1637452800000
tank_0397,0.0,1637452800000
tank_0399,0.0,1637452800000
tank_0404,10.0,1637452800000
tank_0409,0.0,1637452800000
tank_0420,0.0,1637452800000
tank_0425,0.0,1637452800000
tank_0431,0.0,1637452800000
tank_0432,0.0,1637452800000
tank_0435,21.0,1637452800000
tank_0436,0.0,1637452800000
tank_0438,0.0,1637452800000
tank_0443,0.0,1637452800000
tank_0444,22.0,1637452800000
tank_0447,0.0,1637452800000
tank_0448,0.0,1637452800000
tank_0449,0.0,1637452800000
tank_0455,0.0,1637452800000
tank_0460,0.0,1637452800000
tank_0462,212.0,1637452800000
tank_0466,0.0,1637452800000
tank_0471,0.0,1637452800000
tank_0473,0.0,1637452800000
tank_0474,0.0,1637452800000
tank_0481,0.0,1637452800000
tank_0485,0.0,1637452800000
tank_0489,0.0,1637452800000
tank_0491,0.0,1637452800000
tank_0494,0.0,1637452800000
tank_0497,0.0,1637452800000
tank_0498,0.0,1637452800000
tank_0502,0.0,1637452800000
tank_0505,0.0,1637452800000
tank_0509,0.0,1637452800000
tank_0512,175.9843137254902,1637452800000
tank_0514,0.0,1637452800000
tank_0515,0.0,1637452800000
tank_0521,52.0,1637452800000
tank_0524,0.0,1637452800000
tank_0526,68.67450980392157,1637452800000
tank_0533,0.0,1637452800000
tank_0534,0.0,1637452800000
tank_0536,4.0,1637452800000
tank_0537,0.0,1637452800000
tank_0541,0.0,1637452800000
tank_0547,0.0,1637452800000
tank_0552,0.0,1637452800000
tank_0555,20.0,1637452800000
tank_0556,0.0,1637452800000
tank_0557,0.0,1637452800000
tank_0560,0.0,1637452800000
tank_0561,0.0,1637452800000
tank_0566,0.0,1637452800000
tank_0567,0.0,1637452800000
tank_0568,0.0,1637452800000
tank_0574,60.0,1637452800000
tank_0579,137.0,1637452800000
tank_0583,204.0,1637452800000
tank_0587,0.0,1637452800000
tank_0589,0.0,1637452800000
tank_0590,71.0,1637452800000
tank_0592,0.0,1637452800000
tank_0593,0.0,1637452800000
tank_0595,0.0,1637452800000
tank_0600,0.0,1637452800000
tank_0604,0.0,1637452800000
tank_0606,0.0,1637452800000
tank_0607,0.0,1637452800000
tank_0608,369.0,1637452800000
tank_0610,0.0,1637452800000
tank_0611,0.0,1637452800000
tank_0612,0.0,1637452800000
tank_0613,0.0,1637452800000
tank_0619,10.776470588235295,1637452800000
tank_0626,0.0,1637452800000
tank_0627,0.0,1637452800000
tank_0628,0.0,1637452800000
tank_0632,2.0,1637452800000
tank_0633,0.0,1637452800000
tank_0639,0.0,1637452800000
tank_0640,0.0,1637452800000
tank_0641,0.0,1637452800000
tank_0643,0.0,1637452800000
tank_0646,0.0,1637452800000
tank_0663,0.0,1637452800000
tank_0664,22.423529411764704,1637452800000
tank_0666,0.0,1637452800000
tank_0667,0.0,1637452800000
tank_0670,23.941176470588236,1637452800000
tank_0675,0.0,1637452800000
tank_0676,451.0,1637452800000
tank_0678,0.0,1637452800000
tank_0681,0.0,1637452800000
tank_0687,14.0,1637452800000
tank_0688,247.0,1637452800000
tank_0697,0.0,1637452800000
tank_0720,12.862745098039216,1637452800000
tank_0722,0.0,1637452800000
tank_0724,0.0,1637452800000
tank_0725,9.0,1637452800000
tank_0728,0.0,1637452800000
tank_0730,0.0,1637452800000
tank_0731,571.0,1637452800000
tank_0732,0.0,1637452800000
tank_0737,300.0,1637452800000
tank_0739,0.0,1637452800000
tank_0740,0.0,1637452800000
tank_0746,0.0,1637452800000
tank_0748,0.0,1637452800000
tank_0749,0.0,1637452800000
tank_0752,0.0,1637452800000
tank_0760,0.0,1637452800000
tank_0770,0.0,1637452800000
tank_0772,0.0,1637452800000
tank_0788,0.0,1637452800000
tank_0789,0.0,1637452800000
tank_0792,0.0,1637452800000
tank_0797,70.0,1637452800000
tank_0800,37.0,1637452800000
tank_0802,14.0,1637452800000
tank_0803,0.0,1637452800000
tank_0808,0.0,1637452800000
tank_0810,6.0,1637452800000
tank_0811,0.0,1637452800000
tank_0812,0.0,1637452800000
tank_0813,0.0,1637452800000
tank_0816,0.0,1637452800000
tank_0819,0.0,1637452800000
tank_0823,0.0,1637452800000
tank_0824,673.0,1637452800000
tank_0825,0.0,1637452800000
tank_0828,6.0,1637452800000
tank_0829,50.984313725490196,1637452800000
tank_0830,64.0,1637452800000
tank_0831,0.0,1637452800000
tank_0844,0.0,1637452800000
tank_0852,60.0,1637452800000
tank_0855,47.0,1637452800000
tank_0856,850.0,1637452800000
tank_0860,0.0,1637452800000
tank_0861,0.0,1637452800000
tank_0872,0.0,1637452800000
tank_0875,163.61960784313726,1637452800000
tank_0879,13.0,1637452800000
tank_0885,0.0,1637452800000
tank_0891,4.0,1637452800000
tank_0894,829.0,1637452800000
tank_0898,435.87450980392157,1637452800000
tank_0900,34.52156862745098,1637452800000
tank_0901,100.0,1637452800000
tank_0902,69.0,1637452800000
tank_0914,102.28235294117647,1637452800000
tank_0917,545.0,1637452800000
tank_0919,0.0,1637452800000
tank_0920,66.8,1637452800000
tank_0922,47.0,1637452800000
tank_0923,16.51372549019608,1637452800000
tank_0924,0.0,1637452800000
tank_0926,0.0,1637452800000
tank_0927,2.376470588235294,1637452800000
tank_0928,2.0,1637452800000
tank_0930,90.0,1637452800000
tank_0931,30.0,1637452800000
tank_0933,0.0,1637452800000
tank_0934,0.0,1637452800000
tank_0937,0.0,1637452800000
tank_0938,0.0,1637452800000
tank_0939,0.0,1637452800000
tank_0944,55.0,1637452800000
tank_0946,0.0,1637452800000
tank_0952,31.0,1637452800000
tank_0958,0.0,1637452800000
tank_0962,643.8352941176471,1637452800000
tank_0967,7.0627450980392155,1637452800000
tank_0975,0.0,1637452800000
tank_0978,0.0,1637452800000
tank_0990,0.0,1637452800000
tank_0991,488.0,1637452800000
tank_0998,0.0,1637452800000
tank_0999,0.0,1637452800000
tank_1003,1141.0,1637452800000
tank_1004,0.0,1637452800000
tank_1014,291.0,1637452800000
tank_1026,219.0,1637452800000
tank_1031,13.0,1637452800000
tank_1032,0.0,1637452800000
tank_1034,0.0,1637452800000
tank_1042,13.0,1637452800000
tank_1045,37.0,1637452800000
tank_1049,48.0,1637452800000
tank_1055,0.00784313725490196,1637452800000
tank_1061,17.0,1637452800000
tank_1062,0.0,1637452800000
tank_1064,4.729411764705882,1637452800000
tank_1065,0.0,1637452800000
tank_1066,0.0,1637452800000
tank_1070,83.0,1637452800000
tank_1073,93.0,1637452800000
tank_1083,188.0,1637452800000
tank_1086,0.0,1637452800000
tank_1088,0.37254901960784315,1637452800000
tank_1089,18.0,1637452800000
tank_1090,5.0,1637452800000
tank_1091,0.0,1637452800000
tank_1094,614.0,1637452800000
tank_1095,4.0,1637452800000
tank_1104,0.0,1637452800000
tank_1113,35.0,1637452800000
tank_1116,0.0,1637452800000
tank_1117,0.0,1637452800000
tank_1120,370.0470588235294,1637452800000
tank_1121,160.0,1637452800000
tank_1124,16.96470588235294,1637452800000
tank_1128,2.0,1637452800000
tank_1134,0.0,1637452800000
tank_1135,6.0,1637452800000
tank_1146,6.0,1637452800000
tank_1149,6.0,1637452800000
tank_1156,0.0,1637452800000
tank_1157,13.662745098039217,1637452800000
tank_1159,226.0,1637452800000
tank_1160,586.0,1637452800000
tank_1166,0.0,1637452800000
tank_1170,10.24313725490196,1637452800000
tank_1175,0.0,1637452800000
tank_1177,0.0,1637452800000
tank_1179,0.0,1637452800000
tank_1181,144.94117647058823,1637452800000
tank_1186,23.0,1637452800000
tank_1187,1.0,1637452800000
tank_1190,0.0,1637452800000
tank_1192,23.0,1637452800000
tank_1196,0.0,1637452800000
tank_1197,1450.0,1637452800000
tank_1201,23.0,1637452800000
tank_1203,2.9490196078431374,1637452800000
tank_1205,127.0,1637452800000
tank_1209,650.0,1637452800000
tank_1217,0.0,1637452800000
tank_1223,0.0,1637452800000
tank_1226,40.858823529411765,1637452800000
tank_1228,16.0,1637452800000
tank_1230,0.0,1637452800000
tank_1237,0.0,1637452800000
tank_1239,488.0,1637452800000
tank_1245,0.0,1637452800000
tank_1246,21.0,1637452800000
tank_1250,0.0,1637452800000
tank_1254,1263.0,1637452800000
tank_1255,0.0,1637452800000
tank_1258,84.0,1637452800000
tank_1261,0.0,1637452800000
tank_1262,0.0,1637452800000
tank_1263,35.70196078431373,1637452800000
tank_1265,0.0,1637452800000
tank_1270,3.0,1637452800000
tank_1272,0.0,1637452800000
tank_1275,0.0,1637452800000
tank_1276,2.0,1637452800000
tank_1279,3.0,1637452800000
tank_1280,0.0,1637452800000
tank_1284,0.0,1637452800000
tank_1285,0.0,1637452800000
tank_1286,11.0,1637452800000
tank_1290,0.0,1637452800000
tank_1291,0.0,1637452800000
tank_1293,0.0,1637452800000
tank_1295,0.0,1637452800000
tank_1297,17.0,1637452800000
tank_1301,157.0,1637452800000
tank_1302,10.0,1637452800000
tank_1304,0.0,1637452800000
tank_1305,3.0,1637452800000
tank_1313,137.0,1637452800000
tank_1322,0.0,1637452800000
tank_1325,0.0,1637452800000
tank_1326,0.0,1637452800000
tank_1344,0.0,1637452800000
tank_1346,0.0,1637452800000
tank_1349,0.0,1637452800000
tank_1353,206.0,1637452800000
tank_1358,0.0,1637452800000
tank_1359,0.0,1637452800000
tank_1361,172.0,1637452800000
tank_1364,971.0,1637452800000
tank_1365,10.0,1637452800000
tank_1372,0.0,1637452800000
tank_1374,194.0,1637452800000
tank_1378,373.0,1637452800000
tank_1380,21.0,1637452800000
tank_1386,80.0,1637452800000
tank_1391,12.0,1637452800000
tank_1393,30.0,1637452800000
tank_1396,18.0,1637452800000
tank_1397,0.0,1637452800000
tank_1403,10.0,1637452800000
tank_1409,0.0,1637452800000
tank_1412,0.0,1637452800000
tank_1415,0.0,1637452800000
tank_1416,5.0,1637452800000
tank_1421,79.07450980392157,1637452800000
tank_1422,0.0,1637452800000
tank_1425,358.0,1637452800000
tank_1426,0.0,1637452800000
tank_1430,0.0,1637452800000
tank_1433,146.0,1637452800000
tank_1438,0.0,1637452800000
tank_1439,2.8549019607843134,1637452800000
tank_1441,0.0,1637452800000
tank_1443,0.0,1637452800000
tank_1445,40.0,1637452800000
tank_1446,0.0,1637452800000
tank_1450,0.0,1637452800000
tank_1452,0.0,1637452800000
tank_1456,0.0,1637452800000
tank_1466,0.0,1637452800000
tank_1471,0.0,1637452800000
tank_1475,285.0,1637452800000
tank_1486,1109.0,1637452800000
tank_1488,30.0,1637452800000
tank_1491,32.0,1637452800000
tank_1500,15.0,1637452800000
tank_1505,401.0,1637452800000
tank_1513,690.0,1637452800000
tank_1531,66.84313725490196,1637452800000
tank_1536,0.0,1637452800000
tank_1539,470.0,1637452800000
tank_1541,25.0,1637452800000
tank_1542,0.0,1637452800000
tank_1547,81.0,1637452800000
tank_1563,11.627450980392156,1637452800000
tank_1564,0.0,1637452800000
tank_1565,851.9764705882353,1637452800000
tank_1567,43.0,1637452800000
tank_1568,0.0,1637452800000
tank_1573,14.0,1637452800000
tank_1583,0.0,1637452800000
tank_1587,778.0,1637452800000
tank_1588,0.0,1637452800000
tank_1592,0.0,1637452800000
tank_1594,73.0,1637452800000
tank_1595,25.68235294117647,1637452800000
tank_1597,176.79607843137256,1637452800000
tank_1598,70.22352941176472,1637452800000
tank_1600,1.8980392156862744,1637452800000
tank_1604,0.0,1637452800000
tank_0002,0.0,1638489600000
tank_0004,0.0,1638489600000
tank_0005,0.0,1638489600000
tank_0011,0.0,1638489600000
tank_0014,0.0,1638489600000
tank_0019,0.0,1638489600000
tank_0024,0.0,1638489600000
tank_0025,0.0,1638489600000
tank_0026,0.0,1638489600000
tank_0027,0.0,1638489600000
tank_0030,0.0,1638489600000
tank_0031,0.0,1638489600000
tank_0036,0.3254901960784314,1638489600000
tank_0037,0.0,1638489600000
tank_0038,0.0,1638489600000
tank_0050,0.0,1638489600000
tank_0051,0.0,1638489600000
tank_0052,0.0,1638489600000
tank_0053,0.0,1638489600000
tank_0055,0.0,1638489600000
tank_0057,23.0,1638489600000
tank_0058,0.0,1638489600000
tank_0064,1.0,1638489600000
tank_0069,4.0,1638489600000
tank_0072,0.0,1638489600000
tank_0073,0.0,1638489600000
tank_0080,20.0,1638489600000
tank_0094,0.0,1638489600000
tank_0107,0.0,1638489600000
tank_0110,0.0,1638489600000
tank_0113,0.0,1638489600000
tank_0115,0.0,1638489600000
tank_0116,0.0,1638489600000
tank_0117,64.0,1638489600000
tank_0118,0.0,1638489600000
tank_0122,0.0,1638489600000
tank_0125,9.980392156862745,1638489600000
tank_0130,0.0,1638489600000
tank_0131,0.0,1638489600000
tank_0132,0.0,1638489600000
tank_0134,0.0,1638489600000
tank_0135,0.0,1638489600000
tank_0142,0.0,1638489600000
tank_0143,0.0,1638489600000
tank_0144,2.0,1638489600000
tank_0148,0.0,1638489600000
tank_0153,27.0,1638489600000
tank_0156,0.0,1638489600000
tank_0159,0.0,1638489600000
tank_0165,0.0,1638489600000
tank_0171,6.0,1638489600000
tank_0172,0.0,1638489600000
tank_0174,0.0,1638489600000
tank_0176,0.0,1638489600000
tank_0184,0.0,1638489600000
tank_0187,2.0,1638489600000
tank_0190,0.0,1638489600000
tank_0192,0.0,1638489600000
tank_0193,0.0,1638489600000
tank_0195,0.0,1638489600000
tank_0199,0.0,1638489600000
tank_0204,0.0,1638489600000
tank_0205,0.0,1638489600000
tank_0207,0.0,1638489600000
tank_0209,0.0,1638489600000
tank_0213,6.0,1638489600000
tank_0217,0.0,1638489600000
tank_0220,0.0,1638489600000
tank_0221,0.0,1638489600000
tank_0225,39.0,1638489600000
tank_0226,0.0,1638489600000
tank_0228,0.0,1638489600000
tank_0229,0.0,1638489600000
tank_0231,0.0,1638489600000
tank_0233,0.0,1638489600000
tank_0236,0.0,1638489600000
tank_0237,0.0,1638489600000
tank_0240,0.0,1638489600000
tank_0242,0.0,1638489600000
tank_0245,0.0,1638489600000
tank_0247,438.0,1638489600000
tank_0256,0.0,1638489600000
tank_0257,0.0,1638489600000
tank_0260,0.0,1638489600000
tank_0261,0.0,1638489600000
tank_0264,0.0,1638489600000
tank_0273,93.0,1638489600000
tank_0276,0.0,1638489600000
tank_0278,0.0,1638489600000
tank_0280,0.0,1638489600000
tank_0291,0.0,1638489600000
tank_0292,0.0,1638489600000
tank_0296,0.0,1638489600000
tank_0297,22.63921568627451,1638489600000
tank_0299,0.0,1638489600000
tank_0300,0.0,1638489600000
tank_0301,0.0,1638489600000
tank_0307,0.0,1638489600000
tank_0309,24.92549019607843,1638489600000
tank_0313,17.0,1638489600000
tank_0314,0.0,1638489600000
tank_0319,0.0,1638489600000
tank_0321,0.0,1638489600000
tank_0327,0.0,1638489600000
tank_0337,0.0,1638489600000
tank_0338,0.0,1638489600000
tank_0339,0.0,1638489600000
tank_0342,26.43529411764706,1638489600000
tank_0345,0.0,1638489600000
tank_0346,0.0,1638489600000
tank_0349,148.0,1638489600000
tank_0350,0.0,1638489600000
tank_0353,0.0,1638489600000
tank_0356,0.0,1638489600000
tank_0360,0.0,1638489600000
tank_0361,0.0,1638489600000
tank_0362,0.0,1638489600000
tank_0364,0.0,1638489600000
tank_0366,0.0,1638489600000
tank_0369,38.0,1638489600000
tank_0375,0.0,1638489600000
tank_0379,0.0,1638489600000
tank_0381,1.5411764705882351,1638489600000
tank_0386,44.08627450980392,1638489600000
tank_0390,0.0,1638489600000
tank_0397,0.0,1638489600000
tank_0399,0.0,1638489600000
tank_0404,64.94901960784314,1638489600000
tank_0409,0.0,1638489600000
tank_0420,0.0,1638489600000
tank_0425,0.0,1638489600000
tank_0431,0.0,1638489600000
tank_0432,0.0,1638489600000
tank_0435,85.0,1638489600000
tank_0436,0.0,1638489600000
tank_0438,4.0,1638489600000
tank_0443,0.0,1638489600000
tank_0444,200.0,1638489600000
tank_0447,0.0,1638489600000
tank_0448,4.0,1638489600000
tank_0449,0.0,1638489600000
tank_0455,0.0,1638489600000
tank_0460,0.0,1638489600000
tank_0462,232.0,1638489600000
tank_0466,0.0,1638489600000
tank_0471,0.0,1638489600000
tank_0473,0.0,1638489600000
tank_0474,0.0,1638489600000
tank_0481,0.0,1638489600000
tank_0485,0.0,1638489600000
tank_0489,0.0,1638489600000
tank_0491,0.0,1638489600000
tank_0494,0.0,1638489600000
tank_0497,0.0,1638489600000
tank_0498,0.0,1638489600000
tank_0502,0.0,1638489600000
tank_0505,0.0,1638489600000
tank_0509,0.0,1638489600000
tank_0512,191.0,1638489600000
tank_0514,0.0,1638489600000
tank_0515,0.0,1638489600000
tank_0521,60.0,1638489600000
tank_0524,0.0,1638489600000
tank_0526,71.67450980392157,1638489600000
tank_0533,0.0,1638489600000
tank_0534,0.0,1638489600000
tank_0536,0.0,1638489600000
tank_0537,0.0,1638489600000
tank_0541,0.0,1638489600000
tank_0547,0.0,1638489600000
tank_0552,0.0,1638489600000
tank_0555,25.0,1638489600000
tank_0556,0.0,1638489600000
tank_0557,0.0,1638489600000
tank_0560,0.0,1638489600000
tank_0561,0.0,1638489600000
tank_0566,0.0,1638489600000
tank_0567,0.0,1638489600000
tank_0568,0.0,1638489600000
tank_0574,72.0,1638489600000
tank_0579,172.0,1638489600000
tank_0583,258.0,1638489600000
tank_0587,0.0,1638489600000
tank_0589,0.0,1638489600000
tank_0590,102.0,1638489600000
tank_0592,0.0,1638489600000
tank_0593,0.0,1638489600000
tank_0595,0.0,1638489600000
tank_0600,0.17647058823529413,1638489600000
tank_0604,0.0,1638489600000
tank_0606,0.0,1638489600000
tank_0607,0.0,1638489600000
tank_0608,517.0,1638489600000
tank_0610,0.0,1638489600000
tank_0611,0.0,1638489600000
tank_0612,0.0,1638489600000
tank_0613,0.0,1638489600000
tank_0619,13.0,1638489600000
tank_0626,0.0,1638489600000
tank_0627,0.0,1638489600000
tank_0628,0.0,1638489600000
tank_0632,1.0,1638489600000
tank_0633,0.0,1638489600000
tank_0639,0.0,1638489600000
tank_0640,0.0,1638489600000
tank_0641,0.0,1638489600000
tank_0643,0.0,1638489600000
tank_0646,0.0,1638489600000
tank_0663,0.0,1638489600000
tank_0664,18.737254901960785,1638489600000
tank_0666,0.0,1638489600000
tank_0667,0.0,1638489600000
tank_0670,34.7921568627451,1638489600000
tank_0675,0.0,1638489600000
tank_0676,476.0,1638489600000
tank_0678,0.0,1638489600000
tank_0681,0.0,1638489600000
tank_0687,13.0,1638489600000
tank_0688,313.0,1638489600000
tank_0697,0.0,1638489600000
tank_0720,14.862745098039216,1638489600000
tank_0722,0.0,1638489600000
tank_0724,0.0,1638489600000
tank_0725,14.0,1638489600000
tank_0728,0.0,1638489600000
tank_0730,0.0,1638489600000
tank_0731,637.0,1638489600000
tank_0732,0.0,1638489600000
tank_0737,384.0,1638489600000
tank_0739,0.0,1638489600000
tank_0740,0.0,1638489600000
tank_0746,0.0,1638489600000
tank_0748,0.0,1638489600000
tank_0749,0.0,1638489600000
tank_0752,0.0,1638489600000
tank_0760,0.0,1638489600000
tank_0770,0.0,1638489600000
tank_0772,0.0,1638489600000
tank_0788,0.0,1638489600000
tank_0789,0.0,1638489600000
tank_0792,2.0,1638489600000
tank_0797,66.0,1638489600000
tank_0800,37.0,1638489600000
tank_0802,11.847058823529412,1638489600000
tank_0803,0.0,1638489600000
tank_0808,2.976470588235294,1638489600000
tank_0810,34.317647058823525,1638489600000
tank_0811,1.9411764705882353,1638489600000
tank_0812,0.0,1638489600000
tank_0813,1.0862745098039215,1638489600000
tank_0816,0.0,1638489600000
tank_0819,23.36470588235294,1638489600000
tank_0823,0.0,1638489600000
tank_0824,684.9372549019608,1638489600000
tank_0825,0.0,1638489600000
tank_0828,8.0,1638489600000
tank_0829,63.58039215686274,1638489600000
tank_0830,29.0,1638489600000
tank_0831,0.0,1638489600000
tank_0844,0.0,1638489600000
tank_0852,27.372549019607845,1638489600000
tank_0855,54.0,1638489600000
tank_0856,927.0,1638489600000
tank_0860,1.2117647058823529,1638489600000
tank_0861,1.0,1638489600000
tank_0872,0.0,1638489600000
tank_0875,224.4392156862745,1638489600000
tank_0879,13.0,1638489600000
tank_0885,0.0,1638489600000
tank_0891,9.0,1638489600000
tank_0894,1210.0,1638489600000
tank_0898,499.0,1638489600000
tank_0900,39.90588235294118,1638489600000
tank_0901,142.0,1638489600000
tank_0902,126.0,1638489600000
tank_0914,60.95294117647059,1638489600000
tank_0917,590.0,1638489600000
tank_0919,0.0,1638489600000
tank_0920,116.77254901960784,1638489600000
tank_0922,87.0,1638489600000
tank_0923,31.0,1638489600000
tank_0924,0.0,1638489600000
tank_0926,0.0,1638489600000
tank_0927,1.1254901960784314,1638489600000
tank_0928,13.0,1638489600000
tank_0930,108.0,1638489600000
tank_0931,62.0,1638489600000
tank_0933,0.0,1638489600000
tank_0934,0.0,1638489600000
tank_0937,0.0,1638489600000
tank_0938,0.0,1638489600000
tank_0939,2.772549019607843,1638489600000
tank_0944,76.0,1638489600000
tank_0946,0.0,1638489600000
tank_0952,30.0,1638489600000
tank_0958,0.0,1638489600000
tank_0962,1163.0,1638489600000
tank_0967,11.137254901960784,1638489600000
tank_0975,0.0,1638489600000
tank_0978,0.0,1638489600000
tank_0990,0.0,1638489600000
tank_0991,667.0,1638489600000
tank_0998,0.0,1638489600000
tank_0999,0.0,1638489600000
tank_1003,1237.0,1638489600000
tank_1004,0.0,1638489600000
tank_1014,316.0,1638489600000
tank_1026,264.6862745098039,1638489600000
tank_1031,36.0,1638489600000
tank_1032,0.0,1638489600000
tank_1034,22.694117647058825,1638489600000
tank_1042,32.0,1638489600000
tank_1045,39.0,1638489600000
tank_1049,82.0,1638489600000
tank_1055,23.925490196078435,1638489600000
tank_1061,35.0,1638489600000
tank_1062,0.0,1638489600000
tank_1064,10.019607843137255,1638489600000
tank_1065,9.901960784313726,1638489600000
tank_1066,0.0,1638489600000
tank_1070,119.0,1638489600000
tank_1073,109.0,1638489600000
tank_1083,211.0,1638489600000
tank_1086,0.0,1638489600000
tank_1088,42.576470588235296,1638489600000
tank_1089,21.0,1638489600000
tank_1090,40.0,1638489600000
tank_1091,0.0,1638489600000
tank_1094,910.0,1638489600000
tank_1095,13.0,1638489600000
tank_1104,0.0,1638489600000
tank_1113,33.0,1638489600000
tank_1116,0.0,1638489600000
tank_1117,0.0,1638489600000
tank_1120,412.4392156862745,1638489600000
tank_1121,348.0,1638489600000
tank_1124,14.0,1638489600000
tank_1128,46.0,1638489600000
tank_1134,0.0,1638489600000
tank_1135,21.0,1638489600000
tank_1146,8.0,1638489600000
tank_1149,4.0,1638489600000
tank_1156,0.0,1638489600000
tank_1157,28.223529411764705,1638489600000
tank_1159,294.0,1638489600000
tank_1160,653.0,1638489600000
tank_1166,0.12941176470588237,1638489600000
tank_1170,27.192156862745097,1638489600000
tank_1175,0.0,1638489600000
tank_1177,0.0,1638489600000
tank_1179,0.0,1638489600000
tank_1181,185.85098039215686,1638489600000
tank_1186,55.74901960784314,1638489600000
tank_1187,0.0,1638489600000
tank_1190,0.0,1638489600000
tank_1192,29.984313725490196,1638489600000
tank_1196,0.0,1638489600000
tank_1197,1707.843137254902,1638489600000
tank_1201,47.0,1638489600000
tank_1203,0.0,1638489600000
tank_1205,215.0,1638489600000
tank_1209,889.0,1638489600000
tank_1217,0.0,1638489600000
tank_1223,0.0,1638489600000
tank_1226,64.69019607843137,1638489600000
tank_1228,34.0,1638489600000
tank_1230,0.0,1638489600000
tank_1237,5.921568627450981,1638489600000
tank_1239,830.0,1638489600000
tank_1245,0.0,1638489600000
tank_1246,43.0,1638489600000
tank_1250,3.23921568627451,1638489600000
tank_1254,1474.0,1638489600000
tank_1255,0.0,1638489600000
tank_1258,122.38823529411765,1638489600000
tank_1261,0.0,1638489600000
tank_1262,0.0,1638489600000
tank_1263,69.13333333333333,1638489600000
tank_1265,1.0,1638489600000
tank_1270,0.0,1638489600000
tank_1272,0.0,1638489600000
tank_1275,0.0,1638489600000
tank_1276,56.0,1638489600000
tank_1279,3.0,1638489600000
tank_1280,0.0,1638489600000
tank_1284,0.0,1638489600000
tank_1285,0.0,1638489600000
tank_1286,21.0,1638489600000
tank_1290,0.0,1638489600000
tank_1291,0.0,1638489600000
tank_1293,6.0,1638489600000
tank_1295,0.0,1638489600000
tank_1297,40.0,1638489600000
tank_1301,216.0,1638489600000
tank_1302,16.0,1638489600000
tank_1304,0.0,1638489600000
tank_1305,8.0,1638489600000
tank_1313,488.0,1638489600000
tank_1322,0.0,1638489600000
tank_1325,0.0,1638489600000
tank_1326,0.0,1638489600000
tank_1344,0.0,1638489600000
tank_1346,0.0,1638489600000
tank_1349,0.0,1638489600000
tank_1353,431.0,1638489600000
tank_1358,0.0,1638489600000
tank_1359,0.0,1638489600000
tank_1361,428.0,1638489600000
tank_1364,854.0,1638489600000
tank_1365,0.0,1638489600000
tank_1372,0.0,1638489600000
tank_1374,236.0,1638489600000
tank_1378,440.0,1638489600000
tank_1380,56.76862745098039,1638489600000
tank_1386,185.0,1638489600000
tank_1391,16.0,1638489600000
tank_1393,34.79607843137255,1638489600000
tank_1396,33.0,1638489600000
tank_1397,0.0,1638489600000
tank_1403,14.0,1638489600000
tank_1409,0.0,1638489600000
tank_1412,7.0,1638489600000
tank_1415,0.0,1638489600000
tank_1416,7.0,1638489600000
tank_1421,191.06666666666666,1638489600000
tank_1422,0.0,1638489600000
tank_1425,440.0,1638489600000
tank_1426,1.0,1638489600000
tank_1430,0.0,1638489600000
tank_1433,291.0,1638489600000
tank_1438,0.0,1638489600000
tank_1439,58.949019607843155,1638489600000
tank_1441,0.0,1638489600000
tank_1443,0.0,1638489600000
tank_1445,32.0,1638489600000
tank_1446,0.0,1638489600000
tank_1450,0.0,1638489600000
tank_1452,0.0,1638489600000
tank_1456,0.0,1638489600000
tank_1466,0.0,1638489600000
tank_1471,0.0,1638489600000
tank_1475,448.0,1638489600000
tank_1486,1233.0,1638489600000
tank_1488,83.01568627450979,1638489600000
tank_1491,43.0,1638489600000
tank_1500,10.0,1638489600000
tank_1505,543.0,1638489600000
tank_1513,538.0,1638489600000
tank_1531,87.0,1638489600000
tank_1536,2.0,1638489600000
tank_1539,586.0,1638489600000
tank_1541,57.0,1638489600000
tank_1542,0.0,1638489600000
tank_1547,176.0,1638489600000
tank_1563,28.0,1638489600000
tank_1564,0.0,1638489600000
tank_1565,992.913725490196,1638489600000
tank_1567,80.8,1638489600000
tank_1568,25.0,1638489600000
tank_1573,23.0,1638489600000
tank_1583,2.0,1638489600000
tank_1587,450.0,1638489600000
tank_1588,0.0,1638489600000
tank_1592,0.0,1638489600000
tank_1594,82.0,1638489600000
tank_1595,28.733333333333334,1638489600000
tank_1597,293.74901960784314,1638489600000
tank_1598,14.250980392156862,1638489600000
tank_1600,12.92156862745098,1638489600000
tank_1604,0.0,1638489600000
tank_0002,0.0,1639526400000
tank_0004,0.0,1639526400000
tank_0005,0.0,1639526400000
tank_0011,0.0,1639526400000
tank_0014,0.0,1639526400000
tank_0019,0.0,1639526400000
tank_0024,0.0,1639526400000
tank_0025,0.0,1639526400000
tank_0026,0.0,1639526400000
tank_0027,0.0,1639526400000
tank_0030,0.0,1639526400000
tank_0031,6.0,1639526400000
tank_0036,0.0,1639526400000
tank_0037,0.0,1639526400000
tank_0038,0.0,1639526400000
tank_0050,0.0,1639526400000
tank_0051,0.0,1639526400000
tank_0052,0.0,1639526400000
tank_0053,0.0,1639526400000
tank_0055,0.0,1639526400000
tank_0057,29.0,1639526400000
tank_0058,0.0,1639526400000
tank_0064,0.0,1639526400000
tank_0069,4.0,1639526400000
tank_0072,0.0,1639526400000
tank_0073,0.0,1639526400000
tank_0080,25.95294117647059,1639526400000
tank_0094,0.0,1639526400000
tank_0107,0.0,1639526400000
tank_0110,0.0,1639526400000
tank_0113,8.254901960784313,1639526400000
tank_0115,0.0,1639526400000
tank_0116,0.0,1639526400000
tank_0117,89.0,1639526400000
tank_0118,0.0,1639526400000
tank_0122,0.0,1639526400000
tank_0125,4.0,1639526400000
tank_0130,0.0,1639526400000
tank_0131,0.0,1639526400000
tank_0132,0.0,1639526400000
tank_0134,0.0,1639526400000
tank_0135,0.0,1639526400000
tank_0142,0.0,1639526400000
tank_0143,0.0,1639526400000
tank_0144,4.0,1639526400000
tank_0148,0.0,1639526400000
tank_0153,31.0,1639526400000
tank_0156,0.0,1639526400000
tank_0159,0.0,1639526400000
tank_0165,0.0,1639526400000
tank_0171,2.6470588235294117,1639526400000
tank_0172,0.0,1639526400000
tank_0174,2.164705882352941,1639526400000
tank_0176,0.0,1639526400000
tank_0184,0.0,1639526400000
tank_0187,0.4901960784313726,1639526400000
tank_0190,0.06274509803921569,1639526400000
tank_0192,0.0,1639526400000
tank_0193,0.0,1639526400000
tank_0195,0.0,1639526400000
tank_0199,0.0,1639526400000
tank_0204,0.0,1639526400000
tank_0205,0.0,1639526400000
tank_0207,0.0,1639526400000
tank_0209,0.0,1639526400000
tank_0213,0.0,1639526400000
tank_0217,0.0,1639526400000
tank_0220,0.0,1639526400000
tank_0221,1.450980392156863,1639526400000
tank_0225,39.0,1639526400000
tank_0226,0.0,1639526400000
tank_0228,0.0,1639526400000
tank_0229,0.0,1639526400000
tank_0231,0.0,1639526400000
tank_0233,0.0,1639526400000
tank_0236,0.0,1639526400000
tank_0237,0.0,1639526400000
tank_0240,6.258823529411765,1639526400000
tank_0242,0.0,1639526400000
tank_0245,0.0,1639526400000
tank_0247,510.0,1639526400000
tank_0256,0.0,1639526400000
tank_0257,0.0,1639526400000
tank_0260,0.0,1639526400000
tank_0261,0.0,1639526400000
tank_0264,0.0,1639526400000
tank_0273,112.0,1639526400000
tank_0276,0.0,1639526400000
tank_0278,0.0,1639526400000
tank_0280,0.0,1639526400000
tank_0291,0.0,1639526400000
tank_0292,4.0,1639526400000
tank_0296,0.0,1639526400000
tank_0297,19.63921568627451,1639526400000
tank_0299,0.0,1639526400000
tank_0300,0.0,1639526400000
tank_0301,0.0,1639526400000
tank_0307,0.0,1639526400000
tank_0309,33.92549019607843,1639526400000
tank_0313,15.0,1639526400000
tank_0314,0.0,1639526400000
tank_0319,0.0,1639526400000
tank_0321,0.0,1639526400000
tank_0327,0.0,1639526400000
tank_0337,0.0,1639526400000
tank_0338,0.0,1639526400000
tank_0339,0.0,1639526400000
tank_0342,15.0,1639526400000
tank_0345,0.0,1639526400000
tank_0346,0.0,1639526400000
tank_0349,132.0,1639526400000
tank_0350,0.0,1639526400000
tank_0353,0.0,1639526400000
tank_0356,0.0,1639526400000
tank_0360,0.0,1639526400000
tank_0361,0.0,1639526400000
tank_0362,0.0,1639526400000
tank_0364,0.0,1639526400000
tank_0366,1.0,1639526400000
tank_0369,34.90588235294118,1639526400000
tank_0375,0.0,1639526400000
tank_0379,0.0,1639526400000
tank_0381,0.0,1639526400000
tank_0386,23.0,1639526400000
tank_0390,0.0,1639526400000
tank_0397,0.0,1639526400000
tank_0399,0.0,1639526400000
tank_0404,38.0,1639526400000
tank_0409,0.0,1639526400000
tank_0420,0.0,1639526400000
tank_0425,0.0,1639526400000
tank_0431,0.0,1639526400000
tank_0432,0.0,1639526400000
tank_0435,83.0,1639526400000
tank_0436,0.0,1639526400000
tank_0438,0.0,1639526400000
tank_0443,0.0,1639526400000
tank_0444,177.0,1639526400000
tank_0447,0.0,1639526400000
tank_0448,4.0,1639526400000
tank_0449,0.0,1639526400000
tank_0455,2.988235294117647,1639526400000
tank_0460,0.0,1639526400000
tank_0462,259.9294117647059,1639526400000
tank_0466,0.0,1639526400000
tank_0471,0.0,1639526400000
tank_0473,0.0,1639526400000
tank_0474,0.0,1639526400000
tank_0481,5.874509803921569,1639526400000
tank_0485,0.0,1639526400000
tank_0489,0.0,1639526400000
tank_0491,0.0,1639526400000
tank_0494,0.0,1639526400000
tank_0497,0.0,1639526400000
tank_0498,0.0,1639526400000
tank_0502,0.0,1639526400000
tank_0505,0.0,1639526400000
tank_0509,0.0,1639526400000
tank_0512,182.98039215686276,1639526400000
tank_0514,0.0,1639526400000
tank_0515,0.0,1639526400000
tank_0521,60.0,1639526400000
tank_0524,0.0,1639526400000
tank_0526,66.0,1639526400000
tank_0533,0.0,1639526400000
tank_0534,0.0,1639526400000
tank_0536,0.0,1639526400000
tank_0537,0.0,1639526400000
tank_0541,0.0,1639526400000
tank_0547,0.0,1639526400000
tank_0552,0.0,1639526400000
tank_0555,25.87450980392157,1639526400000
tank_0556,0.0,1639526400000
tank_0557,0.0,1639526400000
tank_0560,0.0,1639526400000
tank_0561,0.0,1639526400000
tank_0566,0.0,1639526400000
tank_0567,0.0,1639526400000
tank_0568,0.0,1639526400000
tank_0574,74.0,1639526400000
tank_0579,160.0,1639526400000
tank_0583,269.0,1639526400000
tank_0587,0.0,1639526400000
tank_0589,0.0,1639526400000
tank_0590,105.97647058823529,1639526400000
tank_0592,0.0,1639526400000
tank_0593,0.0,1639526400000
tank_0595,0.0,1639526400000
tank_0600,0.0,1639526400000
tank_0604,0.0,1639526400000
tank_0606,0.0,1639526400000
tank_0607,0.0,1639526400000
tank_0608,433.0,1639526400000
tank_0610,0.0,1639526400000
tank_0611,0.0,1639526400000
tank_0612,2.0,1639526400000
tank_0613,0.0,1639526400000
tank_0619,5.662745098039216,1639526400000
tank_0626,0.0,1639526400000
tank_0627,0.0,1639526400000
tank_0628,0.0,1639526400000
tank_0632,0.0,1639526400000
tank_0633,0.0,1639526400000
tank_0639,0.0,1639526400000
tank_0640,0.0,1639526400000
tank_0641,2.0,1639526400000
tank_0643,0.0,1639526400000
tank_0646,0.0,1639526400000
tank_0663,0.0,1639526400000
tank_0664,14.737254901960785,1639526400000
tank_0666,0.0,1639526400000
tank_0667,0.0,1639526400000
tank_0670,33.50588235294117,1639526400000
tank_0675,0.0,1639526400000
tank_0676,501.0,1639526400000
tank_0678,0.0,1639526400000
tank_0681,0.0,1639526400000
tank_0687,7.0,1639526400000
tank_0688,306.0,1639526400000
tank_0697,0.0,1639526400000
tank_0720,12.0,1639526400000
tank_0722,0.0,1639526400000
tank_0724,0.0,1639526400000
tank_0725,16.0,1639526400000
tank_0728,0.0,1639526400000
tank_0730,0.0,1639526400000
tank_0731,631.0,1639526400000
tank_0732,0.0,1639526400000
tank_0737,425.0,1639526400000
tank_0739,0.0,1639526400000
tank_0740,0.0,1639526400000
tank_0746,0.0,1639526400000
tank_0748,0.0,1639526400000
tank_0749,0.0,1639526400000
tank_0752,0.0,1639526400000
tank_0760,0.0,1639526400000
tank_0770,0.0,1639526400000
tank_0772,0.0,1639526400000
tank_0788,0.0,1639526400000
tank_0789,0.0,1639526400000
tank_0792,25.937254901960785,1639526400000
tank_0797,68.0,1639526400000
tank_0800,37.0,1639526400000
tank_0802,13.0,1639526400000
tank_0803,0.0,1639526400000
tank_0808,15.643137254901962,1639526400000
tank_0810,25.850980392156863,1639526400000
tank_0811,0.0,1639526400000
tank_0812,0.0,1639526400000
tank_0813,1.0823529411764705,1639526400000
tank_0816,11.309803921568626,1639526400000
tank_0819,16.39607843137255,1639526400000
tank_0823,0.0,1639526400000
tank_0824,704.921568627451,1639526400000
tank_0825,0.0,1639526400000
tank_0828,13.0,1639526400000
tank_0829,56.984313725490196,1639526400000
tank_0830,0.0,1639526400000
tank_0831,0.0,1639526400000
tank_0844,0.0,1639526400000
tank_0852,40.0,1639526400000
tank_0855,48.0,1639526400000
tank_0856,982.0,1639526400000
tank_0860,0.0,1639526400000
tank_0861,7.0,1639526400000
tank_0872,0.0,1639526400000
tank_0875,229.36862745098037,1639526400000
tank_0879,7.0,1639526400000
tank_0885,0.0,1639526400000
tank_0891,23.0,1639526400000
tank_0894,1177.0,1639526400000
tank_0898,502.0,1639526400000
tank_0900,46.0,1639526400000
tank_0901,125.88235294117646,1639526400000
tank_0902,91.0,1639526400000
tank_0914,60.0,1639526400000
tank_0917,605.0,1639526400000
tank_0919,0.0,1639526400000
tank_0920,120.0,1639526400000
tank_0922,74.0,1639526400000
tank_0923,18.894117647058824,1639526400000
tank_0924,0.0,1639526400000
tank_0926,0.0,1639526400000
tank_0927,0.12549019607843137,1639526400000
tank_0928,14.0,1639526400000
tank_0930,96.0,1639526400000
tank_0931,76.0,1639526400000
tank_0933,0.0,1639526400000
tank_0934,0.0,1639526400000
tank_0937,0.0,1639526400000
tank_0938,0.0,1639526400000
tank_0939,0.0,1639526400000
tank_0944,75.0,1639526400000
tank_0946,0.0,1639526400000
tank_0952,27.0,1639526400000
tank_0958,0.0,1639526400000
tank_0962,1075.0,1639526400000
tank_0967,5.0,1639526400000
tank_0975,0.0,1639526400000
tank_0978,0.0,1639526400000
tank_0990,0.0,1639526400000
tank_0991,673.0,1639526400000
tank_0998,0.0,1639526400000
tank_0999,0.0,1639526400000
tank_1003,1224.7450980392157,1639526400000
tank_1004,0.0,1639526400000
tank_1014,267.0,1639526400000
tank_1026,260.7529411764706,1639526400000
tank_1031,36.0,1639526400000
tank_1032,0.0,1639526400000
tank_1034,23.968627450980392,1639526400000
tank_1042,28.0,1639526400000
tank_1045,33.0,1639526400000
tank_1049,101.5843137254902,1639526400000
tank_1055,31.043137254901964,1639526400000
tank_1061,36.568627450980394,1639526400000
tank_1062,0.0,1639526400000
tank_1064,11.462745098039216,1639526400000
tank_1065,14.933333333333334,1639526400000
tank_1066,0.0,1639526400000
tank_1070,90.52156862745099,1639526400000
tank_1073,39.0,1639526400000
tank_1083,214.0,1639526400000
tank_1086,1.0,1639526400000
tank_1088,85.16078431372549,1639526400000
tank_1089,26.0,1639526400000
tank_1090,29.988235294117647,1639526400000
tank_1091,0.0,1639526400000
tank_1094,1150.0,1639526400000
tank_1095,8.0,1639526400000
tank_1104,9.780392156862746,1639526400000
tank_1113,36.0,1639526400000
tank_1116,0.0,1639526400000
tank_1117,0.0,1639526400000
tank_1120,372.678431372549,1639526400000
tank_1121,350.0,1639526400000
tank_1124,19.588235294117645,1639526400000
tank_1128,54.68627450980392,1639526400000
tank_1134,0.6745098039215687,1639526400000
tank_1135,26.0,1639526400000
tank_1146,7.0,1639526400000
tank_1149,3.0,1639526400000
tank_1156,0.0,1639526400000
tank_1157,30.886274509803922,1639526400000
tank_1159,308.0,1639526400000
tank_1160,605.0,1639526400000
tank_1166,1.0431372549019609,1639526400000
tank_1170,37.12549019607843,1639526400000
tank_1175,0.0,1639526400000
tank_1177,0.0,1639526400000
tank_1179,3.9372549019607845,1639526400000
tank_1181,197.70980392156864,1639526400000
tank_1186,111.7921568627451,1639526400000
tank_1187,7.9411764705882355,1639526400000
tank_1190,0.0,1639526400000
tank_1192,18.0,1639526400000
tank_1196,0.0,1639526400000
tank_1197,1780.0,1639526400000
tank_1201,59.0,1639526400000
tank_1203,0.0,1639526400000
tank_1205,267.0,1639526400000
tank_1209,898.0,1639526400000
tank_1217,0.0,1639526400000
tank_1223,0.0,1639526400000
tank_1226,79.61960784313725,1639526400000
tank_1228,21.0,1639526400000
tank_1230,0.0,1639526400000
tank_1237,11.0,1639526400000
tank_1239,786.0,1639526400000
tank_1245,0.0,1639526400000
tank_1246,51.0,1639526400000
tank_1250,2.0,1639526400000
tank_1254,1333.0,1639526400000
tank_1255,0.0,1639526400000
tank_1258,151.0,1639526400000
tank_1261,0.0,1639526400000
tank_1262,0.0,1639526400000
tank_1263,56.43529411764706,1639526400000
tank_1265,9.0,1639526400000
tank_1270,17.0,1639526400000
tank_1272,0.0,1639526400000
tank_1275,0.0,1639526400000
tank_1276,72.0,1639526400000
tank_1279,16.741176470588236,1639526400000
tank_1280,0.0,1639526400000
tank_1284,0.0,1639526400000
tank_1285,1.4470588235294117,1639526400000
tank_1286,32.0,1639526400000
tank_1290,0.0,1639526400000
tank_1291,0.0,1639526400000
tank_1293,16.0,1639526400000
tank_1295,0.0,1639526400000
tank_1297,70.0,1639526400000
tank_1301,210.0,1639526400000
tank_1302,22.0,1639526400000
tank_1304,0.0,1639526400000
tank_1305,2.0,1639526400000
tank_1313,454.0,1639526400000
tank_1322,0.0,1639526400000
tank_1325,88.0,1639526400000
tank_1326,2.0,1639526400000
tank_1344,0.0,1639526400000
tank_1346,0.0,1639526400000
tank_1349,0.0,1639526400000
tank_1353,443.0,1639526400000
tank_1358,0.0,1639526400000
tank_1359,0.0,1639526400000
tank_1361,383.0,1639526400000
tank_1364,1358.9803921568628,1639526400000
tank_1365,0.0,1639526400000
tank_1372,2.0,1639526400000
tank_1374,213.0,1639526400000
tank_1378,520.0,1639526400000
tank_1380,64.40392156862745,1639526400000
tank_1386,179.0,1639526400000
tank_1391,21.0,1639526400000
tank_1393,36.21960784313726,1639526400000
tank_1396,38.0,1639526400000
tank_1397,0.0,1639526400000
tank_1403,11.0,1639526400000
tank_1409,0.0,1639526400000
tank_1412,27.0,1639526400000
tank_1415,0.0,1639526400000
tank_1416,7.980392156862745,1639526400000
tank_1421,168.97647058823532,1639526400000
tank_1422,0.0,1639526400000
tank_1425,502.0,1639526400000
tank_1426,0.0,1639526400000
tank_1430,0.0,1639526400000
tank_1433,331.0,1639526400000
tank_1438,0.0,1639526400000
tank_1439,70.69019607843138,1639526400000
tank_1441,0.0,1639526400000
tank_1443,0.0,1639526400000
tank_1445,32.0,1639526400000
tank_1446,19.0,1639526400000
tank_1450,0.0,1639526400000
tank_1452,0.0,1639526400000
tank_1456,0.0,1639526400000
tank_1466,0.0,1639526400000
tank_1471,0.0,1639526400000
tank_1475,295.0,1639526400000
tank_1486,784.0,1639526400000
tank_1488,98.60000000000001,1639526400000
tank_1491,47.0,1639526400000
tank_1500,10.0,1639526400000
tank_1505,486.0,1639526400000
tank_1513,538.0,1639526400000
tank_1531,75.0,1639526400000
tank_1536,0.0,1639526400000
tank_1539,623.0,1639526400000
tank_1541,31.0,1639526400000
tank_1542,0.0,1639526400000
tank_1547,157.0,1639526400000
tank_1563,32.21176470588235,1639526400000
tank_1564,0.0,1639526400000
tank_1565,846.0,1639526400000
tank_1567,77.0,1639526400000
tank_1568,33.0,1639526400000
tank_1573,36.0,1639526400000
tank_1583,1.2352941176470589,1639526400000
tank_1587,897.9607843137255,1639526400000
tank_1588,0.0,1639526400000
tank_1592,0.0,1639526400000
tank_1594,99.0,1639526400000
tank_1595,28.262745098039222,1639526400000
tank_1597,303.74901960784314,1639526400000
tank_1598,5.294117647058823,1639526400000
tank_1600,6.0,1639526400000
tank_1604,0.0,1639526400000
tank_0002,0.0,1640563200000
tank_0004,0.0,1640563200000
tank_0005,2.0,1640563200000
tank_0011,0.0,1640563200000
tank_0014,0.0,1640563200000
tank_0019,0.0,1640563200000
tank_0024,0.0,1640563200000
tank_0025,0.0,1640563200000
tank_0026,0.0,1640563200000
tank_0027,2.572549019607843,1640563200000
tank_0030,0.0,1640563200000
tank_0031,6.0,1640563200000
tank_0036,0.19215686274509805,1640563200000
tank_0037,0.0,1640563200000
tank_0038,5.576470588235295,1640563200000
tank_0050,0.0,1640563200000
tank_0051,0.0,1640563200000
tank_0052,0.0,1640563200000
tank_0053,0.0,1640563200000
tank_0055,0.0,1640563200000
tank_0057,21.0,1640563200000
tank_0058,0.0,1640563200000
tank_0064,2.2549019607843137,1640563200000
tank_0069,0.0,1640563200000
tank_0072,0.0,1640563200000
tank_0073,0.0,1640563200000
tank_0080,17.95294117647059,1640563200000
tank_0094,0.0,1640563200000
tank_0107,0.0,1640563200000
tank_0110,0.0,1640563200000
tank_0113,18.49411764705882,1640563200000
tank_0115,0.0,1640563200000
tank_0116,5.474509803921569,1640563200000
tank_0117,87.0,1640563200000
tank_0118,0.0,1640563200000
tank_0122,0.0,1640563200000
tank_0125,10.32549019607843,1640563200000
tank_0130,0.0,1640563200000
tank_0131,0.0,1640563200000
tank_0132,0.0,1640563200000
tank_0134,4.0,1640563200000
tank_0135,0.0,1640563200000
tank_0142,0.0,1640563200000
tank_0143,0.0,1640563200000
tank_0144,8.0,1640563200000
tank_0148,0.0,1640563200000
tank_0153,35.0,1640563200000
tank_0156,4.0,1640563200000
tank_0159,2.1254901960784314,1640563200000
tank_0165,0.2627450980392157,1640563200000
tank_0171,0.0,1640563200000
tank_0172,0.0,1640563200000
tank_0174,0.9803921568627451,1640563200000
tank_0176,2.0,1640563200000
tank_0184,0.0,1640563200000
tank_0187,0.43137254901960786,1640563200000
tank_0190,0.9137254901960784,1640563200000
tank_0192,0.0,1640563200000
tank_0193,0.0,1640563200000
tank_0195,0.0,1640563200000
tank_0199,0.0,1640563200000
tank_0204,0.0,1640563200000
tank_0205,0.0,1640563200000
tank_0207,0.0,1640563200000
tank_0209,0.0,1640563200000
tank_0213,1.0,1640563200000
tank_0217,0.0,1640563200000
tank_0220,0.0,1640563200000
tank_0221,0.0,1640563200000
tank_0225,39.0,1640563200000
tank_0226,0.0,1640563200000
tank_0228,0.0,1640563200000
tank_0229,0.0,1640563200000
tank_0231,0.30980392156862746,1640563200000
tank_0233,0.0,1640563200000
tank_0236,0.0,1640563200000
tank_0237,0.0,1640563200000
tank_0240,0.0,1640563200000
tank_0242,0.0,1640563200000
tank_0245,0.0,1640563200000
tank_0247,500.0,1640563200000
tank_0256,0.0,1640563200000
tank_0257,0.0,1640563200000
tank_0260,0.0,1640563200000
tank_0261,0.0,1640563200000
tank_0264,0.0,1640563200000
tank_0273,141.65882352941176,1640563200000
tank_0276,1.0,1640563200000
tank_0278,2.2509803921568627,1640563200000
tank_0280,0.0,1640563200000
tank_0291,0.0,1640563200000
tank_0292,5.125490196078431,1640563200000
tank_0296,0.0,1640563200000
tank_0297,24.0,1640563200000
tank_0299,0.0,1640563200000
tank_0300,2.211764705882353,1640563200000
tank_0301,0.0,1640563200000
tank_0307,0.0,1640563200000
tank_0309,32.92549019607843,1640563200000
tank_0313,5.0,1640563200000
tank_0314,0.0,1640563200000
tank_0319,0.0,1640563200000
tank_0321,2.062745098039216,1640563200000
tank_0327,0.0,1640563200000
tank_0337,0.0,1640563200000
tank_0338,4.752941176470588,1640563200000
tank_0339,3.0,1640563200000
tank_0342,15.0,1640563200000
tank_0345,0.0,1640563200000
tank_0346,0.0,1640563200000
tank_0349,147.0,1640563200000
tank_0350,0.0,1640563200000
tank_0353,2.0,1640563200000
tank_0356,0.0,1640563200000
tank_0360,0.0,1640563200000
tank_0361,0.792156862745098,1640563200000
tank_0362,0.0,1640563200000
tank_0364,1.2627450980392156,1640563200000
tank_0366,6.098039215686274,1640563200000
tank_0369,33.0,1640563200000
tank_0375,0.0,1640563200000
tank_0379,0.0,1640563200000
tank_0381,0.0,1640563200000
tank_0386,31.0,1640563200000
tank_0390,0.0,1640563200000
tank_0397,0.0,1640563200000
tank_0399,0.0,1640563200000
tank_0404,82.0,1640563200000
tank_0409,0.0,1640563200000
tank_0420,0.0,1640563200000
tank_0425,0.0,1640563200000
tank_0431,0.0,1640563200000
tank_0432,0.0,1640563200000
tank_0435,76.0,1640563200000
tank_0436,0.0,1640563200000
tank_0438,7.0,1640563200000
tank_0443,0.0,1640563200000
tank_0444,154.0,1640563200000
tank_0447,0.0,1640563200000
tank_0448,0.0,1640563200000
tank_0449,0.0,1640563200000
tank_0455,4.0,1640563200000
tank_0460,0.0,1640563200000
tank_0462,161.0,1640563200000
tank_0466,0.0,1640563200000
tank_0471,0.0,1640563200000
tank_0473,0.0,1640563200000
tank_0474,0.0,1640563200000
tank_0481,17.411764705882355,1640563200000
tank_0485,0.0,1640563200000
tank_0489,0.0,1640563200000
tank_0491,0.0,1640563200000
tank_0494,1.0,1640563200000
tank_0497,0.0,1640563200000
tank_0498,1.2588235294117647,1640563200000
tank_0502,0.0,1640563200000
tank_0505,0.0,1640563200000
tank_0509,0.0,1640563200000
tank_0512,139.70588235294116,1640563200000
tank_0514,0.0,1640563200000
tank_0515,0.0,1640563200000
tank_0521,51.0,1640563200000
tank_0524,0.0,1640563200000
tank_0526,67.0,1640563200000
tank_0533,0.0,1640563200000
tank_0534,0.0,1640563200000
tank_0536,0.0,1640563200000
tank_0537,0.0,1640563200000
tank_0541,0.0,1640563200000
tank_0547,0.0,1640563200000
tank_0552,0.0,1640563200000
tank_0555,28.0,1640563200000
tank_0556,0.0,1640563200000
tank_0557,0.0,1640563200000
tank_0560,0.0,1640563200000
tank_0561,0.0,1640563200000
tank_0566,0.0,1640563200000
tank_0567,0.0,1640563200000
tank_0568,0.0,1640563200000
tank_0574,80.0,1640563200000
tank_0579,160.0,1640563200000
tank_0583,265.0,1640563200000
tank_0587,0.0,1640563200000
tank_0589,0.0,1640563200000
tank_0590,119.14509803921568,1640563200000
tank_0592,0.0,1640563200000
tank_0593,0.0,1640563200000
tank_0595,0.0,1640563200000
tank_0600,0.0,1640563200000
tank_0604,0.0,1640563200000
tank_0606,0.0,1640563200000
tank_0607,0.0,1640563200000
tank_0608,145.0,1640563200000
tank_0610,0.0,1640563200000
tank_0611,9.63921568627451,1640563200000
tank_0612,1.572549019607843,1640563200000
tank_0613,0.0,1640563200000
tank_0619,16.776470588235295,1640563200000
tank_0626,0.0,1640563200000
tank_0627,0.0,1640563200000
tank_0628,0.0,1640563200000
tank_0632,0.0,1640563200000
tank_0633,0.0,1640563200000
tank_0639,0.0,1640563200000
tank_0640,0.0,1640563200000
tank_0641,0.0,1640563200000
tank_0643,12.0,1640563200000
tank_0646,0.0,1640563200000
tank_0663,0.0,1640563200000
tank_0664,12.737254901960785,1640563200000
tank_0666,0.0,1640563200000
tank_0667,0.0,1640563200000
tank_0670,34.66666666666667,1640563200000
tank_0675,0.0,1640563200000
tank_0676,463.0,1640563200000
tank_0678,0.0,1640563200000
tank_0681,0.0,1640563200000
tank_0687,11.0,1640563200000
tank_0688,245.0,1640563200000
tank_0697,0.0,1640563200000
tank_0720,12.862745098039216,1640563200000
tank_0722,0.0,1640563200000
tank_0724,0.0,1640563200000
tank_0725,18.0,1640563200000
tank_0728,0.0,1640563200000
tank_0730,0.0,1640563200000
tank_0731,522.0,1640563200000
tank_0732,0.0,1640563200000
tank_0737,399.0,1640563200000
tank_0739,0.0,1640563200000
tank_0740,1.9529411764705882,1640563200000
tank_0746,0.0,1640563200000
tank_0748,0.0,1640563200000
tank_0749,0.0,1640563200000
tank_0752,0.0,1640563200000
tank_0760,0.0,1640563200000
tank_0770,0.0,1640563200000
tank_0772,0.0,1640563200000
tank_0788,0.0,1640563200000
tank_0789,0.0,1640563200000
tank_0792,22.07843137254902,1640563200000
tank_0797,68.0,1640563200000
tank_0800,48.0,1640563200000
tank_0802,13.92156862745098,1640563200000
tank_0803,2.4980392156862745,1640563200000
tank_0808,25.901960784313722,1640563200000
tank_0810,32.898039215686275,1640563200000
tank_0811,0.0,1640563200000
tank_0812,9.0,1640563200000
tank_0813,12.458823529411765,1640563200000
tank_0816,3.4980392156862745,1640563200000
tank_0819,23.0,1640563200000
tank_0823,0.0,1640563200000
tank_0824,543.0,1640563200000
tank_0825,0.0,1640563200000
tank_0828,13.0,1640563200000
tank_0829,63.984313725490196,1640563200000
tank_0830,0.0,1640563200000
tank_0831,0.0,1640563200000
tank_0844,0.0,1640563200000
tank_0852,26.0,1640563200000
tank_0855,34.0,1640563200000
tank_0856,979.0,1640563200000
tank_0860,0.0,1640563200000
tank_0861,0.0,1640563200000
tank_0872,0.0,1640563200000
tank_0875,250.50196078431372,1640563200000
tank_0879,9.0,1640563200000
tank_0885,0.0,1640563200000
tank_0891,7.0,1640563200000
tank_0894,1079.0,1640563200000
tank_0898,473.0,1640563200000
tank_0900,38.38823529411765,1640563200000
tank_0901,125.0,1640563200000
tank_0902,105.0,1640563200000
tank_0914,61.984313725490196,1640563200000
tank_0917,592.0,1640563200000
tank_0919,0.0,1640563200000
tank_0920,112.97254901960784,1640563200000
tank_0922,88.0,1640563200000
tank_0923,28.623529411764707,1640563200000
tank_0924,0.0,1640563200000
tank_0926,0.0,1640563200000
tank_0927,1.1254901960784314,1640563200000
tank_0928,16.4078431372549,1640563200000
tank_0930,78.0,1640563200000
tank_0931,102.0,1640563200000
tank_0933,0.0,1640563200000
tank_0934,0.0,1640563200000
tank_0937,0.0,1640563200000
tank_0938,0.0,1640563200000
tank_0939,5.023529411764706,1640563200000
tank_0944,86.9921568627451,1640563200000
tank_0946,0.0,1640563200000
tank_0952,25.0,1640563200000
tank_0958,0.0,1640563200000
tank_0962,1135.0,1640563200000
tank_0967,8.68235294117647,1640563200000
tank_0975,0.0,1640563200000
tank_0978,0.0,1640563200000
tank_0990,0.0,1640563200000
tank_0991,679.0,1640563200000
tank_0998,0.0,1640563200000
tank_0999,0.0,1640563200000
tank_1003,1148.678431372549,1640563200000
tank_1004,0.0,1640563200000
tank_1014,343.70588235294116,1640563200000
tank_1026,255.48235294117646,1640563200000
tank_1031,33.0,1640563200000
tank_1032,13.909803921568628,1640563200000
tank_1034,9.52156862745098,1640563200000
tank_1042,34.0,1640563200000
tank_1045,33.0,1640563200000
tank_1049,102.0,1640563200000
tank_1055,43.69019607843138,1640563200000
tank_1061,31.501960784313727,1640563200000
tank_1062,0.0,1640563200000
tank_1064,8.792156862745099,1640563200000
tank_1065,10.290196078431373,1640563200000
tank_1066,0.0,1640563200000
tank_1070,103.0,1640563200000
tank_1073,116.0,1640563200000
tank_1083,218.0,1640563200000
tank_1086,4.0,1640563200000
tank_1088,81.76078431372551,1640563200000
tank_1089,26.0,1640563200000
tank_1090,54.0,1640563200000
tank_1091,0.0,1640563200000
tank_1094,1263.0,1640563200000
tank_1095,11.0,1640563200000
tank_1104,25.309803921568633,1640563200000
tank_1113,30.0,1640563200000
tank_1116,0.0,1640563200000
tank_1117,0.0,1640563200000
tank_1120,353.0,1640563200000
tank_1121,402.0,1640563200000
tank_1124,19.71372549019608,1640563200000
tank_1128,45.0,1640563200000
tank_1134,2.172549019607843,1640563200000
tank_1135,26.0,1640563200000
tank_1146,4.0,1640563200000
tank_1149,2.0,1640563200000
tank_1156,0.0,1640563200000
tank_1157,31.77254901960784,1640563200000
tank_1159,282.0,1640563200000
tank_1160,525.0,1640563200000
tank_1166,0.0,1640563200000
tank_1170,37.345098039215685,1640563200000
tank_1175,0.0,1640563200000
tank_1177,6.5019607843137255,1640563200000
tank_1179,6.0,1640563200000
tank_1181,204.53333333333333,1640563200000
tank_1186,186.0,1640563200000
tank_1187,1.0,1640563200000
tank_1190,0.0,1640563200000
tank_1192,27.262745098039215,1640563200000
tank_1196,0.0,1640563200000
tank_1197,1682.0,1640563200000
tank_1201,63.0,1640563200000
tank_1203,0.0,1640563200000
tank_1205,272.0,1640563200000
tank_1209,963.9803921568628,1640563200000
tank_1217,0.0,1640563200000
tank_1223,0.0,1640563200000
tank_1226,92.46666666666667,1640563200000
tank_1228,43.0,1640563200000
tank_1230,0.0,1640563200000
tank_1237,8.0,1640563200000
tank_1239,809.0,1640563200000
tank_1245,0.0,1640563200000
tank_1246,51.0,1640563200000
tank_1250,1.0,1640563200000
tank_1254,935.0,1640563200000
tank_1255,0.0,1640563200000
tank_1258,168.0,1640563200000
tank_1261,0.0,1640563200000
tank_1262,0.0,1640563200000
tank_1263,65.26274509803922,1640563200000
tank_1265,15.0,1640563200000
tank_1270,22.976470588235294,1640563200000
tank_1272,0.0,1640563200000
tank_1275,0.0,1640563200000
tank_1276,112.9607843137255,1640563200000
tank_1279,20.992156862745098,1640563200000
tank_1280,0.0,1640563200000
tank_1284,0.0,1640563200000
tank_1285,2.4745098039215687,1640563200000
tank_1286,51.0,1640563200000
tank_1290,2.0,1640563200000
tank_1291,0.0,1640563200000
tank_1293,48.0,1640563200000
tank_1295,1.211764705882353,1640563200000
tank_1297,64.0,1640563200000
tank_1301,216.0,1640563200000
tank_1302,21.0,1640563200000
tank_1304,0.0,1640563200000
tank_1305,2.0,1640563200000
tank_1313,653.0,1640563200000
tank_1322,0.0,1640563200000
tank_1325,139.99607843137255,1640563200000
tank_1326,0.0,1640563200000
tank_1344,0.0,1640563200000
tank_1346,0.0,1640563200000
tank_1349,0.0,1640563200000
tank_1353,568.0,1640563200000
tank_1358,0.0,1640563200000
tank_1359,0.0,1640563200000
tank_1361,498.0,1640563200000
tank_1364,1265.0,1640563200000
tank_1365,0.0,1640563200000
tank_1372,26.0,1640563200000
tank_1374,233.0,1640563200000
tank_1378,522.0,1640563200000
tank_1380,58.0,1640563200000
tank_1386,209.98431372549018,1640563200000
tank_1391,20.0,1640563200000
tank_1393,34.596078431372554,1640563200000
tank_1396,39.0,1640563200000
tank_1397,0.0,1640563200000
tank_1403,20.0,1640563200000
tank_1409,0.0,1640563200000
tank_1412,11.890196078431373,1640563200000
tank_1415,0.0,1640563200000
tank_1416,5.980392156862745,1640563200000
tank_1421,210.9764705882353,1640563200000
tank_1422,0.0,1640563200000
tank_1425,550.0,1640563200000
tank_1426,0.9176470588235294,1640563200000
tank_1430,0.0,1640563200000
tank_1433,401.0,1640563200000
tank_1438,0.0,1640563200000
tank_1439,57.623529411764714,1640563200000
tank_1441,0.0,1640563200000
tank_1443,0.6470588235294118,1640563200000
tank_1445,33.92941176470588,1640563200000
tank_1446,23.36078431372549,1640563200000
tank_1450,0.0,1640563200000
tank_1452,0.0,1640563200000
tank_1456,0.0,1640563200000
tank_1466,0.0,1640563200000
tank_1471,0.0,1640563200000
tank_1475,546.0,1640563200000
tank_1486,1081.9960784313726,1640563200000
tank_1488,105.14901960784314,1640563200000
tank_1491,53.0,1640563200000
tank_1500,7.0,1640563200000
tank_1505,578.0,1640563200000
tank_1513,429.0,1640563200000
tank_1531,72.0,1640563200000
tank_1536,0.0,1640563200000
tank_1539,637.0,1640563200000
tank_1541,4.0,1640563200000
tank_1542,4.0,1640563200000
tank_1547,191.0,1640563200000
tank_1563,24.0,1640563200000
tank_1564,0.0,1640563200000
tank_1565,1412.0,1640563200000
tank_1567,74.0,1640563200000
tank_1568,52.0,1640563200000
tank_1573,36.0,1640563200000
tank_1583,2.0,1640563200000
tank_1587,946.0,1640563200000
tank_1588,0.0,1640563200000
tank_1592,0.0,1640563200000
tank_1594,99.0,1640563200000
tank_1595,34.392156862745104,1640563200000
tank_1597,308.4,1640563200000
tank_1598,7.098039215686274,1640563200000
tank_1600,2.0,1640563200000
tank_1604,0.0,1640563200000
