tank_id,sum,date_ms
tank_0002,0.0,1672704000000
tank_0004,0.0,1672704000000
tank_0005,0.0,1672704000000
tank_0011,0.0,1672704000000
tank_0014,0.0,1672704000000
tank_0019,0.0,1672704000000
tank_0024,93.52156862745097,1672704000000
tank_0025,0.0,1672704000000
tank_0026,0.0,1672704000000
tank_0027,0.0,1672704000000
tank_0030,0.0,1672704000000
tank_0031,119.14901960784314,1672704000000
tank_0036,0.0,1672704000000
tank_0037,0.0,1672704000000
tank_0038,0.7960784313725491,1672704000000
tank_0050,102.83921568627451,1672704000000
tank_0051,0.0,1672704000000
tank_0052,0.0,1672704000000
tank_0053,7.866666666666666,1672704000000
tank_0055,0.0,1672704000000
tank_0057,57.956862745098036,1672704000000
tank_0058,0.6078431372549019,1672704000000
tank_0064,95.38039215686273,1672704000000
tank_0069,182.83921568627449,1672704000000
tank_0072,91.0,1672704000000
tank_0073,0.0,1672704000000
tank_0080,20.0,1672704000000
tank_0094,0.45098039215686275,1672704000000
tank_0107,0.0,1672704000000
tank_0110,291.43529411764706,1672704000000
tank_0113,17.6,1672704000000
tank_0115,0.0,1672704000000
tank_0116,1.0,1672704000000
tank_0117,469.521568627451,1672704000000
tank_0118,23.0,1672704000000
tank_0122,15.0,1672704000000
tank_0125,10.458823529411765,1672704000000
tank_0130,0.0,1672704000000
tank_0131,0.0,1672704000000
tank_0132,0.0,1672704000000
tank_0134,0.0,1672704000000
tank_0135,0.0,1672704000000
tank_0142,0.0,1672704000000
tank_0143,78.43529411764706,1672704000000
tank_0144,97.0,1672704000000
tank_0148,0.0,1672704000000
tank_0153,20.0,1672704000000
tank_0156,0.0,1672704000000
tank_0159,0.0,1672704000000
tank_0165,0.0,1672704000000
tank_0171,9.0,1672704000000
tank_0172,0.0,1672704000000
tank_0174,2.2745098039215685,1672704000000
tank_0176,15.176470588235293,1672704000000
tank_0184,0.0,1672704000000
tank_0187,0.0,1672704000000
tank_0190,2.0,1672704000000
tank_0192,0.0,1672704000000
tank_0193,0.0,1672704000000
tank_0195,0.0,1672704000000
tank_0199,0.0,1672704000000
tank_0204,41.0,1672704000000
tank_0205,0.0,1672704000000
tank_0207,0.0,1672704000000
tank_0209,0.0,1672704000000
tank_0213,22.0,1672704000000
tank_0217,159.21176470588236,1672704000000
tank_0220,0.0,1672704000000
tank_0221,2.145098039215686,1672704000000
tank_0225,65.89411764705882,1672704000000
tank_0226,0.0,1672704000000
tank_0228,0.0,1672704000000
tank_0229,3.2,1672704000000
tank_0231,0.0,1672704000000
tank_0233,0.0,1672704000000
tank_0236,0.0,1672704000000
tank_0237,0.0,1672704000000
tank_0240,1.0,1672704000000
tank_0242,118.32549019607842,1672704000000
tank_0245,0.0,1672704000000
tank_0247,771.0274509803922,1672704000000
tank_0256,0.0,1672704000000
tank_0257,0.0,1672704000000
tank_0260,0.0,1672704000000
tank_0261,0.0,1672704000000
tank_0264,134.84313725490196,1672704000000
tank_0273,204.0,1672704000000
tank_0276,0.0,1672704000000
tank_0278,0.0,1672704000000
tank_0280,0.0,1672704000000
tank_0291,4.0,1672704000000
tank_0292,2.0549019607843135,1672704000000
tank_0296,0.0,1672704000000
tank_0297,30.0,1672704000000
tank_0299,0.0,1672704000000
tank_0300,0.0,1672704000000
tank_0301,1.4549019607843139,1672704000000
tank_0307,97.8156862745098,1672704000000
tank_0309,31.92549019607843,1672704000000
tank_0313,17.96078431372549,1672704000000
tank_0314,0.0,1672704000000
tank_0319,16.482352941176472,1672704000000
tank_0321,0.0,1672704000000
tank_0327,0.0,1672704000000
tank_0337,0.0,1672704000000
tank_0338,2.0,1672704000000
tank_0339,0.0,1672704000000
tank_0342,57.2235294117647,1672704000000
tank_0345,0.0,1672704000000
tank_0346,0.0,1672704000000
tank_0349,442.7372549019608,1672704000000
tank_0350,0.0,1672704000000
tank_0353,0.0,1672704000000
tank_0356,0.0,1672704000000
tank_0360,13.380392156862746,1672704000000
tank_0361,0.0,1672704000000
tank_0362,1.0,1672704000000
tank_0364,0.0,1672704000000
tank_0366,0.0,1672704000000
tank_0369,43.0,1672704000000
tank_0375,0.0,1672704000000
tank_0379,39.08627450980392,1672704000000
tank_0381,0.0,1672704000000
tank_0386,36.58039215686274,1672704000000
tank_0390,71.31372549019608,1672704000000
tank_0397,0.0,1672704000000
tank_0399,0.0,1672704000000
tank_0404,542.3921568627451,1672704000000
tank_0409,0.0,1672704000000
tank_0420,0.0,1672704000000
tank_0425,0.0,1672704000000
tank_0431,0.0,1672704000000
tank_0432,0.0,1672704000000
tank_0435,72.0,1672704000000
tank_0436,0.0,1672704000000
tank_0438,23.776470588235295,1672704000000
tank_0443,0.0,1672704000000
tank_0444,429.0,1672704000000
tank_0447,30.211764705882352,1672704000000
tank_0448,79.93725490196077,1672704000000
tank_0449,4.650980392156862,1672704000000
tank_0455,15.24313725490196,1672704000000
tank_0460,0.0,1672704000000
tank_0462,372.52941176470586,1672704000000
tank_0466,0.0,1672704000000
tank_0471,0.0,1672704000000
tank_0473,14.890196078431373,1672704000000
tank_0474,0.0,1672704000000
tank_0481,12.0,1672704000000
tank_0485,55.615686274509805,1672704000000
tank_0489,0.0,1672704000000
tank_0491,0.0,1672704000000
tank_0494,0.0,1672704000000
tank_0497,0.0,1672704000000
tank_0498,0.996078431372549,1672704000000
tank_0502,27.42745098039216,1672704000000
tank_0505,0.0,1672704000000
tank_0509,0.0,1672704000000
tank_0512,266.58039215686273,1672704000000
tank_0514,0.0,1672704000000
tank_0515,0.0,1672704000000
tank_0521,38.0,1672704000000
tank_0524,0.0,1672704000000
tank_0526,59.74901960784314,1672704000000
tank_0533,0.0,1672704000000
tank_0534,12.0,1672704000000
tank_0536,26.36470588235294,1672704000000
tank_0537,0.0,1672704000000
tank_0541,0.0,1672704000000
tank_0547,0.0,1672704000000
tank_0552,0.0,1672704000000
tank_0555,17.0,1672704000000
tank_0556,0.0,1672704000000
tank_0557,0.0,1672704000000
tank_0560,0.0,1672704000000
tank_0561,0.0,1672704000000
tank_0566,0.0,1672704000000
tank_0567,0.0,1672704000000
tank_0568,2.4980392156862745,1672704000000
tank_0574,94.0,1672704000000
tank_0579,1265.5176470588235,1672704000000
tank_0583,249.0,1672704000000
tank_0587,0.0,1672704000000
tank_0589,0.0,1672704000000
tank_0590,139.93725490196078,1672704000000
tank_0592,0.0,1672704000000
tank_0593,0.0,1672704000000
tank_0595,0.0,1672704000000
tank_0600,4.0,1672704000000
tank_0604,0.0,1672704000000
tank_0606,0.0,1672704000000
tank_0607,2.0,1672704000000
tank_0608,806.9686274509804,1672704000000
tank_0610,0.0,1672704000000
tank_0611,1.0,1672704000000
tank_0612,0.0,1672704000000
tank_0613,0.0,1672704000000
tank_0619,7.0,1672704000000
tank_0626,0.0,1672704000000
tank_0627,0.0,1672704000000
tank_0628,0.0,1672704000000
tank_0632,0.0,1672704000000
tank_0633,0.0,1672704000000
tank_0639,0.0,1672704000000
tank_0640,0.0,1672704000000
tank_0641,0.0,1672704000000
tank_0643,0.0,1672704000000
tank_0646,0.0,1672704000000
tank_0663,0.0,1672704000000
tank_0664,25.423529411764704,1672704000000
tank_0666,0.0,1672704000000
tank_0667,0.0,1672704000000
tank_0670,46.34901960784313,1672704000000
tank_0675,0.0,1672704000000
tank_0676,565.0,1672704000000
tank_0678,0.0,1672704000000
tank_0681,0.0,1672704000000
tank_0687,37.88627450980392,1672704000000
tank_0688,429.2196078431372,1672704000000
tank_0697,0.0,1672704000000
tank_0720,1.0,1672704000000
tank_0722,0.10980392156862745,1672704000000
tank_0724,0.0,1672704000000
tank_0725,40.86274509803921,1672704000000
tank_0728,0.0,1672704000000
tank_0730,0.0,1672704000000
tank_0731,794.6705882352941,1672704000000
tank_0732,0.0,1672704000000
tank_0737,498.0,1672704000000
tank_0739,1.0,1672704000000
tank_0740,0.5294117647058824,1672704000000
tank_0746,0.0,1672704000000
tank_0748,0.0,1672704000000
tank_0749,0.0,1672704000000
tank_0752,0.0,1672704000000
tank_0760,0.0,1672704000000
tank_0770,0.0,1672704000000
tank_0772,0.0,1672704000000
tank_0788,0.0,1672704000000
tank_0789,0.0,1672704000000
tank_0792,45.90196078431373,1672704000000
tank_0797,113.0,1672704000000
tank_0800,208.95294117647057,1672704000000
tank_0802,25.705882352941178,1672704000000
tank_0803,6.2745098039215685,1672704000000
tank_0808,10.0,1672704000000
tank_0810,27.854901960784314,1672704000000
tank_0811,7.0,1672704000000
tank_0812,90.69803921568626,1672704000000
tank_0813,0.0,1672704000000
tank_0816,0.12549019607843137,1672704000000
tank_0819,30.160784313725493,1672704000000
tank_0823,0.0,1672704000000
tank_0824,707.0,1672704000000
tank_0825,2.0,1672704000000
tank_0828,15.0,1672704000000
tank_0829,66.21960784313725,1672704000000
tank_0830,189.0,1672704000000
tank_0831,0.0,1672704000000
tank_0844,0.0,1672704000000
tank_0852,241.6627450980392,1672704000000
tank_0855,145.98039215686273,1672704000000
tank_0856,980.0,1672704000000
tank_0860,64.31764705882352,1672704000000
tank_0861,55.54901960784314,1672704000000
tank_0872,31.0,1672704000000
tank_0875,251.42352941176472,1672704000000
tank_0879,25.0,1672704000000
tank_0885,0.0,1672704000000
tank_0891,54.0,1672704000000
tank_0894,1309.0,1672704000000
tank_0898,495.0,1672704000000
tank_0900,113.84313725490195,1672704000000
tank_0901,134.0,1672704000000
tank_0902,203.0,1672704000000
tank_0914,51.95294117647059,1672704000000
tank_0917,566.9725490196079,1672704000000
tank_0919,222.79215686274512,1672704000000
tank_0920,93.0,1672704000000
tank_0922,100.0,1672704000000
tank_0923,87.2235294117647,1672704000000
tank_0924,0.0,1672704000000
tank_0926,0.0,1672704000000
tank_0927,9.999999999999998,1672704000000
tank_0928,29.498039215686276,1672704000000
tank_0930,303.556862745098,1672704000000
tank_0931,246.0,1672704000000
tank_0933,0.0,1672704000000
tank_0934,0.0,1672704000000
tank_0937,0.0,1672704000000
tank_0938,0.0,1672704000000
tank_0939,2.0549019607843135,1672704000000
tank_0944,101.0,1672704000000
tank_0946,0.0,1672704000000
tank_0952,35.01176470588236,1672704000000
tank_0958,0.0,1672704000000
tank_0962,1320.0,1672704000000
tank_0967,10.419607843137255,1672704000000
tank_0975,0.0,1672704000000
tank_0978,0.0,1672704000000
tank_0990,0.0,1672704000000
tank_0991,690.0,1672704000000
tank_0998,0.0,1672704000000
tank_0999,0.0,1672704000000
tank_1003,1296.0,1672704000000
tank_1004,12.0,1672704000000
tank_1014,467.01960784313724,1672704000000
tank_1026,238.68627450980392,1672704000000
tank_1031,20.0,1672704000000
tank_1032,15.443137254901961,1672704000000
tank_1034,29.184313725490203,1672704000000
tank_1042,38.74901960784314,1672704000000
tank_1045,38.91372549019608,1672704000000
tank_1049,140.99607843137255,1672704000000
tank_1055,32.384313725490195,1672704000000
tank_1061,31.945098039215686,1672704000000
tank_1062,0.0,1672704000000
tank_1064,1.1254901960784314,1672704000000
tank_1065,3.96078431372549,1672704000000
tank_1066,0.0,1672704000000
tank_1070,163.0,1672704000000
tank_1073,112.0,1672704000000
tank_1083,201.0,1672704000000
tank_1086,0.0,1672704000000
tank_1088,49.976470588235294,1672704000000
tank_1089,30.0,1672704000000
tank_1090,163.7372549019608,1672704000000
tank_1091,0.0,1672704000000
tank_1094,1320.0,1672704000000
tank_1095,10.0,1672704000000
tank_1104,12.941176470588236,1672704000000
tank_1113,30.0,1672704000000
tank_1116,0.0,1672704000000
tank_1117,0.0,1672704000000
tank_1120,405.98823529411766,1672704000000
tank_1121,388.89019607843136,1672704000000
tank_1124,25.0,1672704000000
tank_1128,73.0,1672704000000
tank_1134,6.9450980392156865,1672704000000
tank_1135,64.13333333333333,1672704000000
tank_1146,5.0,1672704000000
tank_1149,0.0,1672704000000
tank_1156,0.0,1672704000000
tank_1157,15.360784313725492,1672704000000
tank_1159,340.0,1672704000000
tank_1160,558.0,1672704000000
tank_1166,0.0,1672704000000
tank_1170,22.560784313725488,1672704000000
tank_1175,0.0,1672704000000
tank_1177,7.129411764705882,1672704000000
tank_1179,0.1607843137254902,1672704000000
tank_1181,178.8078431372549,1672704000000
tank_1186,148.2,1672704000000
tank_1187,15.0,1672704000000
tank_1190,0.0,1672704000000
tank_1192,11.0,1672704000000
tank_1196,0.0,1672704000000
tank_1197,1812.7411764705882,1672704000000
tank_1201,124.0,1672704000000
tank_1203,0.0,1672704000000
tank_1205,291.58039215686273,1672704000000
tank_1209,623.0,1672704000000
tank_1217,0.0,1672704000000
tank_1223,1.8666666666666667,1672704000000
tank_1226,162.50588235294117,1672704000000
tank_1228,388.0,1672704000000
tank_1230,0.0,1672704000000
tank_1237,17.976470588235294,1672704000000
tank_1239,881.9176470588236,1672704000000
tank_1245,0.0,1672704000000
tank_1246,168.0,1672704000000
tank_1250,2.0823529411764707,1672704000000
tank_1254,821.0,1672704000000
tank_1255,0.0,1672704000000
tank_1258,197.71764705882356,1672704000000
tank_1261,0.0,1672704000000
tank_1262,0.0,1672704000000
tank_1263,54.70196078431373,1672704000000
tank_1265,19.0,1672704000000
tank_1270,23.0,1672704000000
tank_1272,15.996078431372549,1672704000000
tank_1275,0.0,1672704000000
tank_1276,167.0,1672704000000
tank_1279,19.0,1672704000000
tank_1280,1.3254901960784315,1672704000000
tank_1284,7.890196078431371,1672704000000
tank_1285,3.7176470588235295,1672704000000
tank_1286,233.06274509803927,1672704000000
tank_1290,88.07450980392157,1672704000000
tank_1291,32.63529411764706,1672704000000
tank_1293,87.63529411764706,1672704000000
tank_1295,0.0,1672704000000
tank_1297,99.0,1672704000000
tank_1301,199.0,1672704000000
tank_1302,41.0,1672704000000
tank_1304,0.0,1672704000000
tank_1305,111.99215686274509,1672704000000
tank_1313,963.0,1672704000000
tank_1322,0.0,1672704000000
tank_1325,190.59607843137255,1672704000000
tank_1326,0.0,1672704000000
tank_1344,0.0,1672704000000
tank_1346,0.0,1672704000000
tank_1349,0.0,1672704000000
tank_1353,842.0,1672704000000
tank_1358,0.0,1672704000000
tank_1359,3.137254901960784,1672704000000
tank_1361,639.0,1672704000000
tank_1364,1410.0,1672704000000
tank_1365,0.0,1672704000000
tank_1372,45.0,1672704000000
tank_1374,198.0,1672704000000
tank_1378,526.0,1672704000000
tank_1380,64.64313725490196,1672704000000
tank_1386,289.30196078431374,1672704000000
tank_1391,21.929411764705883,1672704000000
tank_1393,41.400000000000006,1672704000000
tank_1396,149.0,1672704000000
tank_1397,0.0,1672704000000
tank_1403,16.0,1672704000000
tank_1409,245.0,1672704000000
tank_1412,7.0,1672704000000
tank_1415,0.0,1672704000000
tank_1416,19.980392156862745,1672704000000
tank_1421,331.0,1672704000000
tank_1422,0.0,1672704000000
tank_1425,220.0,1672704000000
tank_1426,7.0,1672704000000
tank_1430,33.752941176470586,1672704000000
tank_1433,391.0,1672704000000
tank_1438,21.811764705882354,1672704000000
tank_1439,10.59607843137255,1672704000000
tank_1441,0.0,1672704000000
tank_1443,0.0,1672704000000
tank_1445,62.92941176470588,1672704000000
tank_1446,28.266666666666666,1672704000000
tank_1450,0.0,1672704000000
tank_1452,0.0,1672704000000
tank_1456,0.0,1672704000000
tank_1466,0.0,1672704000000
tank_1471,1.8901960784313725,1672704000000
tank_1475,304.0,1672704000000
tank_1486,580.0,1672704000000
tank_1488,201.87450980392154,1672704000000
tank_1491,48.501960784313724,1672704000000
tank_1500,39.7764705882353,1672704000000
tank_1505,496.0,1672704000000
tank_1513,462.0,1672704000000
tank_1531,85.0,1672704000000
tank_1536,73.0,1672704000000
tank_1539,601.9921568627451,1672704000000
tank_1541,68.0,1672704000000
tank_1542,15.890196078431373,1672704000000
tank_1547,273.92549019607844,1672704000000
tank_1563,44.0,1672704000000
tank_1564,0.0,1672704000000
tank_1565,1718.0,1672704000000
tank_1567,79.0,1672704000000
tank_1568,132.0,1672704000000
tank_1573,82.0,1672704000000
tank_1583,3.7490196078431373,1672704000000
tank_1587,905.0,1672704000000
tank_1588,0.0,1672704000000
tank_1592,0.0,1672704000000
tank_1594,114.3921568627451,1672704000000
tank_1595,26.949019607843148,1672704000000
tank_1597,364.61176470588236,1672704000000
tank_1598,0.0,1672704000000
tank_1600,0.0,1672704000000
tank_1604,0.0,1672704000000
tank_0002,0.0,1673740800000
tank_0004,0.0,1673740800000
tank_0005,0.0,1673740800000
tank_0011,1.0,1673740800000
tank_0014,0.0,1673740800000
tank_0019,0.0,1673740800000
tank_0024,89.31764705882351,1673740800000
tank_0025,0.7176470588235294,1673740800000
tank_0026,0.0,1673740800000
tank_0027,0.0,1673740800000
tank_0030,0.0,1673740800000
tank_0031,93.63529411764708,1673740800000
tank_0036,0.0,1673740800000
tank_0037,0.0,1673740800000
tank_0038,8.933333333333334,1673740800000
tank_0050,112.58823529411764,1673740800000
tank_0051,0.0,1673740800000
tank_0052,0.0,1673740800000
tank_0053,12.290196078431373,1673740800000
tank_0055,0.0,1673740800000
tank_0057,62.0,1673740800000
tank_0058,0.0,1673740800000
tank_0064,102.9411764705882,1673740800000
tank_0069,249.9294117647059,1673740800000
tank_0072,99.0,1673740800000
tank_0073,0.0,1673740800000
tank_0080,26.0,1673740800000
tank_0094,4.3803921568627455,1673740800000
tank_0107,4.0,1673740800000
tank_0110,283.73333333333335,1673740800000
tank_0113,31.6,1673740800000
tank_0115,0.0,1673740800000
tank_0116,1.7490196078431373,1673740800000
tank_0117,460.0,1673740800000
tank_0118,0.0,1673740800000
tank_0122,18.83529411764706,1673740800000
tank_0125,6.0,1673740800000
tank_0130,0.0,1673740800000
tank_0131,0.0,1673740800000
tank_0132,0.0,1673740800000
tank_0134,0.0,1673740800000
tank_0135,3.0,1673740800000
tank_0142,0.0,1673740800000
tank_0143,66.51764705882353,1673740800000
tank_0144,84.95294117647059,1673740800000
tank_0148,0.0,1673740800000
tank_0153,22.0,1673740800000
tank_0156,2.4980392156862745,1673740800000
tank_0159,0.0,1673740800000
tank_0165,2.0862745098039217,1673740800000
tank_0171,0.0,1673740800000
tank_0172,0.0,1673740800000
tank_0174,3.133333333333333,1673740800000
tank_0176,11.0,1673740800000
tank_0184,9.333333333333332,1673740800000
tank_0187,0.0,1673740800000
tank_0190,0.12549019607843137,1673740800000
tank_0192,0.0,1673740800000
tank_0193,0.2,1673740800000
tank_0195,1.4352941176470588,1673740800000
tank_0199,0.0,1673740800000
tank_0204,44.0,1673740800000
tank_0205,0.0,1673740800000
tank_0207,1.1176470588235294,1673740800000
tank_0209,0.0,1673740800000
tank_0213,16.325490196078434,1673740800000
tank_0217,128.2392156862745,1673740800000
tank_0220,0.0,1673740800000
tank_0221,2.772549019607843,1673740800000
tank_0225,88.14901960784314,1673740800000
tank_0226,0.0,1673740800000
tank_0228,0.0,1673740800000
tank_0229,3.0,1673740800000
tank_0231,0.25882352941176473,1673740800000
tank_0233,0.0,1673740800000
tank_0236,1.0,1673740800000
tank_0237,0.0,1673740800000
tank_0240,0.0,1673740800000
tank_0242,126.8078431372549,1673740800000
tank_0245,0.0,1673740800000
tank_0247,777.3725490196078,1673740800000
tank_0256,0.0,1673740800000
tank_0257,0.0,1673740800000
tank_0260,1.9764705882352942,1673740800000
tank_0261,0.0,1673740800000
tank_0264,144.0,1673740800000
tank_0273,234.8862745098039,1673740800000
tank_0276,0.0,1673740800000
tank_0278,0.0,1673740800000
tank_0280,0.0,1673740800000
tank_0291,4.0,1673740800000
tank_0292,3.5137254901960784,1673740800000
tank_0296,0.0,1673740800000
tank_0297,33.12549019607843,1673740800000
tank_0299,0.7372549019607844,1673740800000
tank_0300,0.5450980392156863,1673740800000
tank_0301,0.0,1673740800000
tank_0307,92.74509803921569,1673740800000
tank_0309,27.988235294117647,1673740800000
tank_0313,13.0,1673740800000
tank_0314,0.0,1673740800000
tank_0319,14.329411764705883,1673740800000
tank_0321,0.0,1673740800000
tank_0327,0.0,1673740800000
tank_0337,0.0,1673740800000
tank_0338,8.0,1673740800000
tank_0339,9.227450980392156,1673740800000
tank_0342,63.6235294117647,1673740800000
tank_0345,0.0,1673740800000
tank_0346,0.0,1673740800000
tank_0349,449.63137254901966,1673740800000
tank_0350,0.0,1673740800000
tank_0353,6.0,1673740800000
tank_0356,0.0,1673740800000
tank_0360,2.0,1673740800000
tank_0361,3.0,1673740800000
tank_0362,3.607843137254902,1673740800000
tank_0364,0.0,1673740800000
tank_0366,5.87843137254902,1673740800000
tank_0369,52.85098039215686,1673740800000
tank_0375,0.0,1673740800000
tank_0379,40.78823529411765,1673740800000
tank_0381,0.0,1673740800000
tank_0386,48.92156862745098,1673740800000
tank_0390,47.5607843137255,1673740800000
tank_0397,0.0,1673740800000
tank_0399,0.0,1673740800000
tank_0404,446.98823529411766,1673740800000
tank_0409,0.0,1673740800000
tank_0420,1.2509803921568627,1673740800000
tank_0425,0.0,1673740800000
tank_0431,0.0,1673740800000
tank_0432,0.8666666666666667,1673740800000
tank_0435,95.0,1673740800000
tank_0436,0.0,1673740800000
tank_0438,20.0,1673740800000
tank_0443,0.0,1673740800000
tank_0444,467.0,1673740800000
tank_0447,50.52156862745099,1673740800000
tank_0448,75.84705882352941,1673740800000
tank_0449,4.6156862745098035,1673740800000
tank_0455,9.023529411764706,1673740800000
tank_0460,0.0,1673740800000
tank_0462,375.5764705882353,1673740800000
tank_0466,0.0,1673740800000
tank_0471,0.0,1673740800000
tank_0473,8.925490196078432,1673740800000
tank_0474,2.0,1673740800000
tank_0481,6.168627450980392,1673740800000
tank_0485,61.674509803921566,1673740800000
tank_0489,0.0,1673740800000
tank_0491,0.0,1673740800000
tank_0494,0.0,1673740800000
tank_0497,0.0,1673740800000
tank_0498,7.407843137254902,1673740800000
tank_0502,28.266666666666666,1673740800000
tank_0505,0.0,1673740800000
tank_0509,0.0,1673740800000
tank_0512,271.9843137254902,1673740800000
tank_0514,0.0,1673740800000
tank_0515,5.901960784313725,1673740800000
tank_0521,32.0,1673740800000
tank_0524,0.0,1673740800000
tank_0526,60.0,1673740800000
tank_0533,0.0,1673740800000
tank_0534,13.0,1673740800000
tank_0536,27.584313725490194,1673740800000
tank_0537,0.0,1673740800000
tank_0541,1.6235294117647059,1673740800000
tank_0547,0.0,1673740800000
tank_0552,0.0,1673740800000
tank_0555,18.0,1673740800000
tank_0556,0.0,1673740800000
tank_0557,0.0,1673740800000
tank_0560,0.0,1673740800000
tank_0561,0.0,1673740800000
tank_0566,0.0,1673740800000
tank_0567,0.0,1673740800000
tank_0568,3.156862745098039,1673740800000
tank_0574,91.0,1673740800000
tank_0579,1311.5176470588235,1673740800000
tank_0583,260.0,1673740800000
tank_0587,0.0,1673740800000
tank_0589,0.0,1673740800000
tank_0590,153.9764705882353,1673740800000
tank_0592,0.0,1673740800000
tank_0593,0.0,1673740800000
tank_0595,0.0,1673740800000
tank_0600,0.0,1673740800000
tank_0604,0.0,1673740800000
tank_0606,0.0,1673740800000
tank_0607,1.7490196078431373,1673740800000
tank_0608,778.0,1673740800000
tank_0610,0.0,1673740800000
tank_0611,2.2509803921568627,1673740800000
tank_0612,0.0,1673740800000
tank_0613,0.0,1673740800000
tank_0619,10.780392156862746,1673740800000
tank_0626,0.0,1673740800000
tank_0627,0.0,1673740800000
tank_0628,0.0,1673740800000
tank_0632,0.0,1673740800000
tank_0633,0.0,1673740800000
tank_0639,0.0,1673740800000
tank_0640,0.0,1673740800000
tank_0641,0.0,1673740800000
tank_0643,6.976470588235293,1673740800000
tank_0646,0.0,1673740800000
tank_0663,0.0,1673740800000
tank_0664,22.0,1673740800000
tank_0666,0.0,1673740800000
tank_0667,1.3098039215686275,1673740800000
tank_0670,38.984313725490196,1673740800000
tank_0675,0.0,1673740800000
tank_0676,554.0,1673740800000
tank_0678,0.9450980392156862,1673740800000
tank_0681,0.0,1673740800000
tank_0687,32.0,1673740800000
tank_0688,462.92549019607844,1673740800000
tank_0697,0.0,1673740800000
tank_0720,5.0,1673740800000
tank_0722,0.0,1673740800000
tank_0724,0.0,1673740800000
tank_0725,41.0,1673740800000
tank_0728,0.0,1673740800000
tank_0730,0.0,1673740800000
tank_0731,954.0,1673740800000
tank_0732,0.0,1673740800000
tank_0737,531.9960784313726,1673740800000
tank_0739,0.0,1673740800000
tank_0740,8.901960784313726,1673740800000
tank_0746,0.0,1673740800000
tank_0748,0.0,1673740800000
tank_0749,0.0,1673740800000
tank_0752,1.0,1673740800000
tank_0760,0.0,1673740800000
tank_0770,5.694117647058823,1673740800000
tank_0772,0.0,1673740800000
tank_0788,0.0,1673740800000
tank_0789,0.0,1673740800000
tank_0792,76.30588235294117,1673740800000
tank_0797,93.44313725490196,1673740800000
tank_0800,279.7254901960784,1673740800000
tank_0802,17.745098039215687,1673740800000
tank_0803,1.0,1673740800000
tank_0808,4.1647058823529415,1673740800000
tank_0810,32.85490196078432,1673740800000
tank_0811,0.4392156862745098,1673740800000
tank_0812,84.0,1673740800000
tank_0813,2.0,1673740800000
tank_0816,0.0,1673740800000
tank_0819,21.752941176470586,1673740800000
tank_0823,0.0,1673740800000
tank_0824,748.0,1673740800000
tank_0825,0.9294117647058824,1673740800000
tank_0828,16.0,1673740800000
tank_0829,64.9843137254902,1673740800000
tank_0830,184.0,1673740800000
tank_0831,4.654901960784313,1673740800000
tank_0844,0.0,1673740800000
tank_0852,261.25098039215686,1673740800000
tank_0855,164.98039215686273,1673740800000
tank_0856,749.0,1673740800000
tank_0860,55.141176470588235,1673740800000
tank_0861,56.96862745098039,1673740800000
tank_0872,29.7921568627451,1673740800000
tank_0875,282.56470588235294,1673740800000
tank_0879,23.99607843137255,1673740800000
tank_0885,0.0,1673740800000
tank_0891,23.0,1673740800000
tank_0894,1337.0,1673740800000
tank_0898,524.0,1673740800000
tank_0900,117.09803921568627,1673740800000
tank_0901,125.70588235294117,1673740800000
tank_0902,183.0,1673740800000
tank_0914,48.95294117647059,1673740800000
tank_0917,596.0,1673740800000
tank_0919,207.0313725490196,1673740800000
tank_0920,135.0,1673740800000
tank_0922,94.91372549019607,1673740800000
tank_0923,122.13725490196077,1673740800000
tank_0924,1.5607843137254902,1673740800000
tank_0926,0.0,1673740800000
tank_0927,24.28627450980392,1673740800000
tank_0928,50.35294117647059,1673740800000
tank_0930,304.29411764705884,1673740800000
tank_0931,237.0,1673740800000
tank_0933,0.0,1673740800000
tank_0934,0.0,1673740800000
tank_0937,0.0,1673740800000
tank_0938,0.0,1673740800000
tank_0939,4.0549019607843135,1673740800000
tank_0944,93.9921568627451,1673740800000
tank_0946,0.0,1673740800000
tank_0952,42.227450980392156,1673740800000
tank_0958,0.0,1673740800000
tank_0962,1332.0,1673740800000
tank_0967,5.921568627450981,1673740800000
tank_0975,0.0,1673740800000
tank_0978,0.0,1673740800000
tank_0990,0.0,1673740800000
tank_0991,694.0,1673740800000
tank_0998,0.0,1673740800000
tank_0999,0.0,1673740800000
tank_1003,1323.6823529411765,1673740800000
tank_1004,12.0,1673740800000
tank_1014,515.0,1673740800000
tank_1026,257.99607843137255,1673740800000
tank_1031,29.0,1673740800000
tank_1032,23.643137254901962,1673740800000
tank_1034,22.396078431372548,1673740800000
tank_1042,25.898039215686275,1673740800000
tank_1045,34.0,1673740800000
tank_1049,122.86274509803923,1673740800000
tank_1055,21.811764705882354,1673740800000
tank_1061,23.976470588235294,1673740800000
tank_1062,0.0,1673740800000
tank_1064,0.0,1673740800000
tank_1065,2.831372549019608,1673740800000
tank_1066,3.1803921568627453,1673740800000
tank_1070,150.0,1673740800000
tank_1073,112.0,1673740800000
tank_1083,213.0,1673740800000
tank_1086,9.0,1673740800000
tank_1088,60.75686274509803,1673740800000
tank_1089,27.0,1673740800000
tank_1090,154.86274509803923,1673740800000
tank_1091,0.0,1673740800000
tank_1094,1354.0,1673740800000
tank_1095,6.3803921568627455,1673740800000
tank_1104,15.176470588235297,1673740800000
tank_1113,22.0,1673740800000
tank_1116,0.0,1673740800000
tank_1117,0.0,1673740800000
tank_1120,355.2196078431373,1673740800000
tank_1121,392.964705882353,1673740800000
tank_1124,23.905882352941177,1673740800000
tank_1128,69.0,1673740800000
tank_1134,8.60392156862745,1673740800000
tank_1135,63.188235294117646,1673740800000
tank_1146,13.0,1673740800000
tank_1149,0.0,1673740800000
tank_1156,0.0,1673740800000
tank_1157,17.486274509803923,1673740800000
tank_1159,302.0,1673740800000
tank_1160,765.0,1673740800000
tank_1166,0.0,1673740800000
tank_1170,26.705882352941174,1673740800000
tank_1175,0.0,1673740800000
tank_1177,9.137254901960784,1673740800000
tank_1179,5.0,1673740800000
tank_1181,171.89019607843136,1673740800000
tank_1186,155.82745098039214,1673740800000
tank_1187,28.141176470588235,1673740800000
tank_1190,0.0,1673740800000
tank_1192,10.0,1673740800000
tank_1196,0.0,1673740800000
tank_1197,1467.0,1673740800000
tank_1201,116.0,1673740800000
tank_1203,1.0,1673740800000
tank_1205,275.0,1673740800000
tank_1209,1032.0,1673740800000
tank_1217,0.0,1673740800000
tank_1223,0.0,1673740800000
tank_1226,155.49803921568628,1673740800000
tank_1228,389.0,1673740800000
tank_1230,0.0,1673740800000
tank_1237,21.0,1673740800000
tank_1239,981.9176470588236,1673740800000
tank_1245,0.0,1673740800000
tank_1246,176.0,1673740800000
tank_1250,1.6549019607843136,1673740800000
tank_1254,1243.0,1673740800000
tank_1255,0.4980392156862745,1673740800000
tank_1258,207.93333333333334,1673740800000
tank_1261,0.0,1673740800000
tank_1262,0.0,1673740800000
tank_1263,55.0,1673740800000
tank_1265,28.184313725490195,1673740800000
tank_1270,23.43921568627451,1673740800000
tank_1272,16.870588235294118,1673740800000
tank_1275,0.0,1673740800000
tank_1276,132.0,1673740800000
tank_1279,12.992156862745098,1673740800000
tank_1280,6.149019607843137,1673740800000
tank_1284,3.2862745098039214,1673740800000
tank_1285,4.47843137254902,1673740800000
tank_1286,226.6039215686275,1673740800000
tank_1290,91.29411764705883,1673740800000
tank_1291,37.92549019607843,1673740800000
tank_1293,83.0,1673740800000
tank_1295,0.4,1673740800000
tank_1297,107.0,1673740800000
tank_1301,196.0,1673740800000
tank_1302,35.0,1673740800000
tank_1304,0.0,1673740800000
tank_1305,105.72549019607843,1673740800000
tank_1313,1077.0,1673740800000
tank_1322,0.0,1673740800000
tank_1325,193.97254901960784,1673740800000
tank_1326,0.0,1673740800000
tank_1344,0.0,1673740800000
tank_1346,11.619607843137254,1673740800000
tank_1349,0.0,1673740800000
tank_1353,906.0,1673740800000
tank_1358,0.0,1673740800000
tank_1359,0.0,1673740800000
tank_1361,795.0,1673740800000
tank_1364,1440.0,1673740800000
tank_1365,0.0,1673740800000
tank_1372,53.0,1673740800000
tank_1374,198.0,1673740800000
tank_1378,507.8666666666667,1673740800000
tank_1380,46.76862745098039,1673740800000
tank_1386,294.0,1673740800000
tank_1391,19.0,1673740800000
tank_1393,40.59607843137255,1673740800000
tank_1396,162.0,1673740800000
tank_1397,0.0,1673740800000
tank_1403,13.0,1673740800000
tank_1409,256.0,1673740800000
tank_1412,15.0,1673740800000
tank_1415,0.0,1673740800000
tank_1416,22.937254901960785,1673740800000
tank_1421,358.0,1673740800000
tank_1422,0.0,1673740800000
tank_1425,227.0,1673740800000
tank_1426,7.811764705882353,1673740800000
tank_1430,16.0,1673740800000
tank_1433,404.0,1673740800000
tank_1438,23.905882352941177,1673740800000
tank_1439,9.0,1673740800000
tank_1441,0.0,1673740800000
tank_1443,0.0,1673740800000
tank_1445,60.92941176470588,1673740800000
tank_1446,29.341176470588238,1673740800000
tank_1450,0.0,1673740800000
tank_1452,0.0,1673740800000
tank_1456,0.0,1673740800000
tank_1466,0.0,1673740800000
tank_1471,0.0,1673740800000
tank_1475,91.0,1673740800000
tank_1486,668.0,1673740800000
tank_1488,192.6941176470588,1673740800000
tank_1491,62.0,1673740800000
tank_1500,53.4,1673740800000
tank_1505,523.0,1673740800000
tank_1513,197.0,1673740800000
tank_1531,83.0,1673740800000
tank_1536,81.34117647058824,1673740800000
tank_1539,589.0,1673740800000
tank_1541,43.69019607843137,1673740800000
tank_1542,16.890196078431373,1673740800000
tank_1547,301.0,1673740800000
tank_1563,33.62352941176471,1673740800000
tank_1564,0.0,1673740800000
tank_1565,1665.9137254901962,1673740800000
tank_1567,71.0,1673740800000
tank_1568,126.0,1673740800000
tank_1573,90.0,1673740800000
tank_1583,6.0,1673740800000
tank_1587,853.0,1673740800000
tank_1588,3.0,1673740800000
tank_1592,0.0,1673740800000
tank_1594,115.73333333333333,1673740800000
tank_1595,3.0,1673740800000
tank_1597,386.95294117647063,1673740800000
tank_1598,0.0,1673740800000
tank_1600,0.0,1673740800000
tank_1604,0.0,1673740800000
tank_0002,0.0,1674777600000
tank_0004,0.0,1674777600000
tank_0005,1.0,1674777600000
tank_0011,0.0,1674777600000
tank_0014,4.1803921568627445,1674777600000
tank_0019,0.0,1674777600000
tank_0024,76.11372549019607,1674777600000
tank_0025,0.0,1674777600000
tank_0026,0.0,1674777600000
tank_0027,0.0,1674777600000
tank_0030,0.0,1674777600000
tank_0031,65.38823529411764,1674777600000
tank_0036,0.0,1674777600000
tank_0037,0.0,1674777600000
tank_0038,14.788235294117646,1674777600000
tank_0050,85.52549019607842,1674777600000
tank_0051,0.0,1674777600000
tank_0052,0.0,1674777600000
tank_0053,13.48235294117647,1674777600000
tank_0055,0.0,1674777600000
tank_0057,72.47843137254901,1674777600000
tank_0058,0.0,1674777600000
tank_0064,108.02745098039213,1674777600000
tank_0069,207.56862745098042,1674777600000
tank_0072,112.46274509803922,1674777600000
tank_0073,0.0,1674777600000
tank_0080,22.0,1674777600000
tank_0094,0.0,1674777600000
tank_0107,0.0,1674777600000
tank_0110,250.85882352941175,1674777600000
tank_0113,36.23137254901961,1674777600000
tank_0115,0.0,1674777600000
tank_0116,0.7490196078431373,1674777600000
tank_0117,476.0,1674777600000
tank_0118,0.0,1674777600000
tank_0122,18.0,1674777600000
tank_0125,0.0,1674777600000
tank_0130,0.0,1674777600000
tank_0131,0.0,1674777600000
tank_0132,0.0,1674777600000
tank_0134,2.0,1674777600000
tank_0135,4.0,1674777600000
tank_0142,0.0,1674777600000
tank_0143,60.88627450980391,1674777600000
tank_0144,93.95294117647059,1674777600000
tank_0148,0.0,1674777600000
tank_0153,29.0,1674777600000
tank_0156,4.850980392156863,1674777600000
tank_0159,0.0,1674777600000
tank_0165,0.0,1674777600000
tank_0171,0.0,1674777600000
tank_0172,0.0,1674777600000
tank_0174,4.403921568627451,1674777600000
tank_0176,6.176470588235294,1674777600000
tank_0184,3.023529411764706,1674777600000
tank_0187,5.196078431372548,1674777600000
tank_0190,11.274509803921568,1674777600000
tank_0192,0.0,1674777600000
tank_0193,4.56078431372549,1674777600000
tank_0195,0.0,1674777600000
tank_0199,2.8745098039215686,1674777600000
tank_0204,40.0,1674777600000
tank_0205,0.0,1674777600000
tank_0207,0.0,1674777600000
tank_0209,0.0,1674777600000
tank_0213,16.0,1674777600000
tank_0217,89.0,1674777600000
tank_0220,0.0,1674777600000
tank_0221,3.0,1674777600000
tank_0225,83.0,1674777600000
tank_0226,0.0196078431372549,1674777600000
tank_0228,0.0,1674777600000
tank_0229,7.250980392156863,1674777600000
tank_0231,0.0,1674777600000
tank_0233,0.0,1674777600000
tank_0236,6.396078431372549,1674777600000
tank_0237,0.0,1674777600000
tank_0240,0.0,1674777600000
tank_0242,89.8078431372549,1674777600000
tank_0245,0.0,1674777600000
tank_0247,473.9490196078431,1674777600000
tank_0256,0.0,1674777600000
tank_0257,0.0,1674777600000
tank_0260,0.0,1674777600000
tank_0261,0.0,1674777600000
tank_0264,104.0,1674777600000
tank_0273,232.0,1674777600000
tank_0276,0.0,1674777600000
tank_0278,0.0,1674777600000
tank_0280,0.0,1674777600000
tank_0291,0.0,1674777600000
tank_0292,12.015686274509804,1674777600000
tank_0296,0.0,1674777600000
tank_0297,26.51372549019608,1674777600000
tank_0299,0.0,1674777600000
tank_0300,4.6196078431372545,1674777600000
tank_0301,7.96078431372549,1674777600000
tank_0307,83.40392156862745,1674777600000
tank_0309,31.92549019607843,1674777600000
tank_0313,3.0,1674777600000
tank_0314,0.0,1674777600000
tank_0319,16.909803921568628,1674777600000
tank_0321,0.0,1674777600000
tank_0327,0.0,1674777600000
tank_0337,0.0,1674777600000
tank_0338,2.0,1674777600000
tank_0339,12.901960784313724,1674777600000
tank_0342,46.61960784313726,1674777600000
tank_0345,0.0,1674777600000
tank_0346,0.0,1674777600000
tank_0349,462.2352941176471,1674777600000
tank_0350,0.0,1674777600000
tank_0353,5.0,1674777600000
tank_0356,0.0,1674777600000
tank_0360,8.0,1674777600000
tank_0361,12.0,1674777600000
tank_0362,0.0,1674777600000
tank_0364,0.0,1674777600000
tank_0366,9.937254901960785,1674777600000
tank_0369,56.27058823529411,1674777600000
tank_0375,0.0,1674777600000
tank_0379,28.662745098039217,1674777600000
tank_0381,0.0,1674777600000
tank_0386,27.79607843137255,1674777600000
tank_0390,47.41176470588235,1674777600000
tank_0397,0.0,1674777600000
tank_0399,0.0,1674777600000
tank_0404,443.1411764705883,1674777600000
tank_0409,0.0,1674777600000
tank_0420,1.2509803921568627,1674777600000
tank_0425,0.0,1674777600000
tank_0431,0.0,1674777600000
tank_0432,8.466666666666665,1674777600000
tank_0435,89.0,1674777600000
tank_0436,0.0,1674777600000
tank_0438,24.984313725490196,1674777600000
tank_0443,0.0,1674777600000
tank_0444,452.0,1674777600000
tank_0447,59.662745098039224,1674777600000
tank_0448,66.77254901960785,1674777600000
tank_0449,4.019607843137255,1674777600000
tank_0455,16.211764705882352,1674777600000
tank_0460,1.2509803921568627,1674777600000
tank_0462,313.0,1674777600000
tank_0466,0.0,1674777600000
tank_0471,0.0,1674777600000
tank_0473,4.56078431372549,1674777600000
tank_0474,0.0,1674777600000
tank_0481,5.129411764705882,1674777600000
tank_0485,48.83529411764706,1674777600000
tank_0489,0.0,1674777600000
tank_0491,0.0,1674777600000
tank_0494,0.0,1674777600000
tank_0497,0.0,1674777600000
tank_0498,2.7607843137254906,1674777600000
tank_0502,24.180392156862744,1674777600000
tank_0505,0.0,1674777600000
tank_0509,0.0,1674777600000
tank_0512,238.24705882352941,1674777600000
tank_0514,0.0,1674777600000
tank_0515,9.698039215686274,1674777600000
tank_0521,29.0,1674777600000
tank_0524,0.0,1674777600000
tank_0526,63.0,1674777600000
tank_0533,0.0,1674777600000
tank_0534,5.0,1674777600000
tank_0536,34.760784313725495,1674777600000
tank_0537,0.0,1674777600000
tank_0541,0.0,1674777600000
tank_0547,0.7490196078431373,1674777600000
tank_0552,10.0,1674777600000
tank_0555,12.0,1674777600000
tank_0556,0.0,1674777600000
tank_0557,0.0,1674777600000
tank_0560,0.0,1674777600000
tank_0561,0.0,1674777600000
tank_0566,0.0,1674777600000
tank_0567,0.0,1674777600000
tank_0568,2.619607843137255,1674777600000
tank_0574,91.0,1674777600000
tank_0579,1297.478431372549,1674777600000
tank_0583,236.0,1674777600000
tank_0587,0.0,1674777600000
tank_0589,0.0,1674777600000
tank_0590,138.9764705882353,1674777600000
tank_0592,0.0,1674777600000
tank_0593,0.0,1674777600000
tank_0595,0.0,1674777600000
tank_0600,0.0,1674777600000
tank_0604,0.0,1674777600000
tank_0606,6.0,1674777600000
tank_0607,1.7490196078431373,1674777600000
tank_0608,740.9960784313726,1674777600000
tank_0610,0.0,1674777600000
tank_0611,0.0,1674777600000
tank_0612,0.0,1674777600000
tank_0613,0.0,1674777600000
tank_0619,16.650980392156864,1674777600000
tank_0626,0.0,1674777600000
tank_0627,0.0,1674777600000
tank_0628,0.0,1674777600000
tank_0632,0.0,1674777600000
tank_0633,0.0,1674777600000
tank_0639,0.0,1674777600000
tank_0640,3.8588235294117643,1674777600000
tank_0641,0.0,1674777600000
tank_0643,7.635294117647058,1674777600000
tank_0646,0.0,1674777600000
tank_0663,3.0,1674777600000
tank_0664,30.686274509803923,1674777600000
tank_0666,0.0,1674777600000
tank_0667,0.0,1674777600000
tank_0670,38.94117647058823,1674777600000
tank_0675,0.0,1674777600000
tank_0676,580.0,1674777600000
tank_0678,0.0,1674777600000
tank_0681,0.0,1674777600000
tank_0687,28.886274509803922,1674777600000
tank_0688,434.70588235294116,1674777600000
tank_0697,0.0,1674777600000
tank_0720,2.0,1674777600000
tank_0722,0.0,1674777600000
tank_0724,3.2470588235294118,1674777600000
tank_0725,36.0,1674777600000
tank_0728,0.0,1674777600000
tank_0730,1.5921568627450982,1674777600000
tank_0731,928.0,1674777600000
tank_0732,0.0,1674777600000
tank_0737,578.0,1674777600000
tank_0739,1.0,1674777600000
tank_0740,2.313725490196078,1674777600000
tank_0746,0.0,1674777600000
tank_0748,0.0,1674777600000
tank_0749,0.0,1674777600000
tank_0752,9.003921568627451,1674777600000
tank_0760,0.0,1674777600000
tank_0770,9.349019607843136,1674777600000
tank_0772,0.0,1674777600000
tank_0788,0.0,1674777600000
tank_0789,2.0,1674777600000
tank_0792,70.38823529411765,1674777600000
tank_0797,95.0,1674777600000
tank_0800,249.25490196078437,1674777600000
tank_0802,29.870588235294118,1674777600000
tank_0803,4.513725490196078,1674777600000
tank_0808,0.0,1674777600000
tank_0810,31.588235294117645,1674777600000
tank_0811,1.4666666666666668,1674777600000
tank_0812,84.47450980392156,1674777600000
tank_0813,5.36078431372549,1674777600000
tank_0816,2.3215686274509806,1674777600000
tank_0819,19.63921568627451,1674777600000
tank_0823,0.0,1674777600000
tank_0824,696.0,1674777600000
tank_0825,0.0,1674777600000
tank_0828,13.0,1674777600000
tank_0829,70.85882352941177,1674777600000
tank_0830,141.0,1674777600000
tank_0831,18.305882352941175,1674777600000
tank_0844,0.0,1674777600000
tank_0852,231.47450980392156,1674777600000
tank_0855,144.98039215686273,1674777600000
tank_0856,764.0,1674777600000
tank_0860,65.68235294117648,1674777600000
tank_0861,53.27058823529411,1674777600000
tank_0872,27.894117647058824,1674777600000
tank_0875,249.32156862745097,1674777600000
tank_0879,23.0,1674777600000
tank_0885,0.0,1674777600000
tank_0891,35.0,1674777600000
tank_0894,1264.0,1674777600000
tank_0898,563.0,1674777600000
tank_0900,109.47843137254901,1674777600000
tank_0901,124.10588235294118,1674777600000
tank_0902,194.0,1674777600000
tank_0914,47.984313725490196,1674777600000
tank_0917,627.9725490196079,1674777600000
tank_0919,194.27843137254902,1674777600000
tank_0920,157.97254901960784,1674777600000
tank_0922,86.0,1674777600000
tank_0923,108.09411764705882,1674777600000
tank_0924,0.0,1674777600000
tank_0926,0.0,1674777600000
tank_0927,15.113725490196074,1674777600000
tank_0928,33.839215686274514,1674777600000
tank_0930,293.1098039215686,1674777600000
tank_0931,221.0,1674777600000
tank_0933,0.0,1674777600000
tank_0934,0.0,1674777600000
tank_0937,0.0,1674777600000
tank_0938,0.0,1674777600000
tank_0939,0.0,1674777600000
tank_0944,95.9921568627451,1674777600000
tank_0946,5.0,1674777600000
tank_0952,32.411764705882355,1674777600000
tank_0958,0.0,1674777600000
tank_0962,911.0,1674777600000
tank_0967,7.3882352941176475,1674777600000
tank_0975,0.0,1674777600000
tank_0978,2.6627450980392156,1674777600000
tank_0990,0.0,1674777600000
tank_0991,501.0,1674777600000
tank_0998,0.0,1674777600000
tank_0999,0.0,1674777600000
tank_1003,1293.4274509803922,1674777600000
tank_1004,1.0,1674777600000
tank_1014,391.0,1674777600000
tank_1026,244.0,1674777600000
tank_1031,15.0,1674777600000
tank_1032,17.725490196078432,1674777600000
tank_1034,18.772549019607844,1674777600000
tank_1042,31.72156862745098,1674777600000
tank_1045,29.0,1674777600000
tank_1049,123.99607843137255,1674777600000
tank_1055,26.999999999999996,1674777600000
tank_1061,27.0,1674777600000
tank_1062,0.4196078431372549,1674777600000
tank_1064,0.0,1674777600000
tank_1065,3.949019607843137,1674777600000
tank_1066,3.5529411764705885,1674777600000
tank_1070,131.0,1674777600000
tank_1073,110.69019607843137,1674777600000
tank_1083,210.0,1674777600000
tank_1086,0.0,1674777600000
tank_1088,80.37254901960785,1674777600000
tank_1089,32.0,1674777600000
tank_1090,151.0,1674777600000
tank_1091,0.0,1674777600000
tank_1094,954.0,1674777600000
tank_1095,5.0,1674777600000
tank_1104,1.4588235294117646,1674777600000
tank_1113,33.0,1674777600000
tank_1116,2.0,1674777600000
tank_1117,0.0,1674777600000
tank_1120,291.0,1674777600000
tank_1121,374.0,1674777600000
tank_1124,26.337254901960783,1674777600000
tank_1128,53.0,1674777600000
tank_1134,11.952941176470588,1674777600000
tank_1135,64.73333333333333,1674777600000
tank_1146,0.0,1674777600000
tank_1149,0.2823529411764706,1674777600000
tank_1156,0.0,1674777600000
tank_1157,11.964705882352941,1674777600000
tank_1159,332.0,1674777600000
tank_1160,785.8039215686274,1674777600000
tank_1166,0.0,1674777600000
tank_1170,29.56470588235294,1674777600000
tank_1175,0.0,1674777600000
tank_1177,7.560784313725489,1674777600000
tank_1179,8.83921568627451,1674777600000
tank_1181,194.5450980392157,1674777600000
tank_1186,138.0,1674777600000
tank_1187,15.588235294117647,1674777600000
tank_1190,25.317647058823532,1674777600000
tank_1192,12.0,1674777600000
tank_1196,0.0,1674777600000
tank_1197,1874.0,1674777600000
tank_1201,84.0,1674777600000
tank_1203,5.827450980392157,1674777600000
tank_1205,239.0,1674777600000
tank_1209,877.0,1674777600000
tank_1217,0.0,1674777600000
tank_1223,0.0,1674777600000
tank_1226,152.01568627450976,1674777600000
tank_1228,335.0,1674777600000
tank_1230,0.0,1674777600000
tank_1237,24.384313725490195,1674777600000
tank_1239,946.0,1674777600000
tank_1245,0.0,1674777600000
tank_1246,169.0,1674777600000
tank_1250,3.5843137254901962,1674777600000
tank_1254,1488.0,1674777600000
tank_1255,2.211764705882353,1674777600000
tank_1258,198.6235294117647,1674777600000
tank_1261,1.011764705882353,1674777600000
tank_1262,11.109803921568627,1674777600000
tank_1263,40.0,1674777600000
tank_1265,16.0,1674777600000
tank_1270,25.866666666666667,1674777600000
tank_1272,11.870588235294118,1674777600000
tank_1275,0.0,1674777600000
tank_1276,185.0,1674777600000
tank_1279,14.0,1674777600000
tank_1280,5.619607843137255,1674777600000
tank_1284,0.0,1674777600000
tank_1285,10.0,1674777600000
tank_1286,216.41176470588238,1674777600000
tank_1290,98.49019607843137,1674777600000
tank_1291,24.0,1674777600000
tank_1293,86.34117647058824,1674777600000
tank_1295,0.0,1674777600000
tank_1297,107.0,1674777600000
tank_1301,183.0,1674777600000
tank_1302,40.0,1674777600000
tank_1304,0.0,1674777600000
tank_1305,117.73725490196078,1674777600000
tank_1313,966.0,1674777600000
tank_1322,0.0,1674777600000
tank_1325,197.9764705882353,1674777600000
tank_1326,0.0,1674777600000
tank_1344,0.0,1674777600000
tank_1346,6.627450980392156,1674777600000
tank_1349,0.0,1674777600000
tank_1353,835.0,1674777600000
tank_1358,0.0,1674777600000
tank_1359,0.0,1674777600000
tank_1361,703.7490196078431,1674777600000
tank_1364,1466.7529411764706,1674777600000
tank_1365,0.0,1674777600000
tank_1372,55.0,1674777600000
tank_1374,193.0,1674777600000
tank_1378,509.8666666666667,1674777600000
tank_1380,29.0,1674777600000
tank_1386,334.0,1674777600000
tank_1391,22.0,1674777600000
tank_1393,45.00392156862745,1674777600000
tank_1396,89.0,1674777600000
tank_1397,0.0,1674777600000
tank_1403,11.662745098039215,1674777600000
tank_1409,109.0,1674777600000
tank_1412,15.0,1674777600000
tank_1415,0.0,1674777600000
tank_1416,14.980392156862745,1674777600000
tank_1421,270.0,1674777600000
tank_1422,0.0,1674777600000
tank_1425,194.0,1674777600000
tank_1426,7.0,1674777600000
tank_1430,0.0,1674777600000
tank_1433,407.0,1674777600000
tank_1438,36.45882352941177,1674777600000
tank_1439,4.0,1674777600000
tank_1441,0.0,1674777600000
tank_1443,0.0,1674777600000
tank_1445,62.92941176470588,1674777600000
tank_1446,27.92156862745098,1674777600000
tank_1450,0.0,1674777600000
tank_1452,0.0,1674777600000
tank_1456,0.0,1674777600000
tank_1466,0.0,1674777600000
tank_1471,10.231372549019609,1674777600000
tank_1475,584.0,1674777600000
tank_1486,1286.0,1674777600000
tank_1488,186.57647058823525,1674777600000
tank_1491,59.76470588235294,1674777600000
tank_1500,45.85490196078431,1674777600000
tank_1505,525.0,1674777600000
tank_1513,545.0,1674777600000
tank_1531,85.0,1674777600000
tank_1536,76.26666666666667,1674777600000
tank_1539,613.0,1674777600000
tank_1541,34.0,1674777600000
tank_1542,19.20392156862745,1674777600000
tank_1547,284.0,1674777600000
tank_1563,34.25098039215686,1674777600000
tank_1564,0.0,1674777600000
tank_1565,1683.9764705882353,1674777600000
tank_1567,75.0,1674777600000
tank_1568,126.0,1674777600000
tank_1573,77.0,1674777600000
tank_1583,1.0,1674777600000
tank_1587,874.0,1674777600000
tank_1588,0.0,1674777600000
tank_1592,0.0,1674777600000
tank_1594,110.3529411764706,1674777600000
tank_1595,0.0,1674777600000
tank_1597,329.74901960784314,1674777600000
tank_1598,0.0,1674777600000
tank_1600,0.0,1674777600000
tank_1604,0.0,1674777600000
tank_0002,0.0,1675814400000
tank_0004,0.0,1675814400000
tank_0005,0.0,1675814400000
tank_0011,0.0,1675814400000
tank_0014,9.0,1675814400000
tank_0019,0.0,1675814400000
tank_0024,91.31764705882352,1675814400000
tank_0025,0.0,1675814400000
tank_0026,0.0,1675814400000
tank_0027,0.0,1675814400000
tank_0030,0.0,1675814400000
tank_0031,68.878431372549,1675814400000
tank_0036,0.8745098039215686,1675814400000
tank_0037,0.0,1675814400000
tank_0038,25.047058823529415,1675814400000
tank_0050,88.99215686274509,1675814400000
tank_0051,0.0,1675814400000
tank_0052,0.0,1675814400000
tank_0053,14.149019607843135,1675814400000
tank_0055,0.0,1675814400000
tank_0057,64.95686274509804,1675814400000
tank_0058,0.0,1675814400000
tank_0064,84.5333333333333,1675814400000
tank_0069,242.18823529411765,1675814400000
tank_0072,105.0,1675814400000
tank_0073,0.0,1675814400000
tank_0080,25.95294117647059,1675814400000
tank_0094,0.0,1675814400000
tank_0107,0.5843137254901961,1675814400000
tank_0110,242.58431372549015,1675814400000
tank_0113,30.6,1675814400000
tank_0115,0.0,1675814400000
tank_0116,3.4980392156862745,1675814400000
tank_0117,420.0,1675814400000
tank_0118,0.0,1675814400000
tank_0122,21.0,1675814400000
tank_0125,0.38039215686274513,1675814400000
tank_0130,0.6431372549019608,1675814400000
tank_0131,0.0,1675814400000
tank_0132,0.0,1675814400000
tank_0134,3.0,1675814400000
tank_0135,7.419607843137255,1675814400000
tank_0142,1.0,1675814400000
tank_0143,86.09411764705884,1675814400000
tank_0144,88.34509803921569,1675814400000
tank_0148,0.0,1675814400000
tank_0153,24.0,1675814400000
tank_0156,7.8274509803921575,1675814400000
tank_0159,0.0,1675814400000
tank_0165,1.9450980392156862,1675814400000
tank_0171,0.0,1675814400000
tank_0172,0.0,1675814400000
tank_0174,18.498039215686276,1675814400000
tank_0176,14.113725490196078,1675814400000
tank_0184,1.6235294117647059,1675814400000
tank_0187,2.0862745098039217,1675814400000
tank_0190,5.654901960784313,1675814400000
tank_0192,0.0,1675814400000
tank_0193,4.247058823529412,1675814400000
tank_0195,15.443137254901963,1675814400000
tank_0199,5.79607843137255,1675814400000
tank_0204,48.0,1675814400000
tank_0205,0.0,1675814400000
tank_0207,0.0,1675814400000
tank_0209,0.0,1675814400000
tank_0213,13.0,1675814400000
tank_0217,118.0,1675814400000
tank_0220,3.0,1675814400000
tank_0221,0.6196078431372549,1675814400000
tank_0225,63.0,1675814400000
tank_0226,3.2509803921568627,1675814400000
tank_0228,0.0,1675814400000
tank_0229,0.0,1675814400000
tank_0231,0.0,1675814400000
tank_0233,0.0,1675814400000
tank_0236,0.0,1675814400000
tank_0237,0.0,1675814400000
tank_0240,0.0,1675814400000
tank_0242,91.50588235294117,1675814400000
tank_0245,0.0,1675814400000
tank_0247,764.4392156862745,1675814400000
tank_0256,0.0,1675814400000
tank_0257,0.0,1675814400000
tank_0260,0.4980392156862745,1675814400000
tank_0261,0.0,1675814400000
tank_0264,76.0,1675814400000
tank_0273,276.0,1675814400000
tank_0276,0.0,1675814400000
tank_0278,2.2509803921568627,1675814400000
tank_0280,0.0,1675814400000
tank_0291,0.0,1675814400000
tank_0292,6.211764705882352,1675814400000
tank_0296,0.0,1675814400000
tank_0297,27.352941176470587,1675814400000
tank_0299,0.0784313725490196,1675814400000
tank_0300,4.749019607843137,1675814400000
tank_0301,0.0,1675814400000
tank_0307,77.02745098039216,1675814400000
tank_0309,22.8,1675814400000
tank_0313,0.0,1675814400000
tank_0314,3.011764705882353,1675814400000
tank_0319,15.584313725490196,1675814400000
tank_0321,0.0,1675814400000
tank_0327,0.0,1675814400000
tank_0337,4.070588235294117,1675814400000
tank_0338,15.0,1675814400000
tank_0339,19.870588235294115,1675814400000
tank_0342,58.831372549019605,1675814400000
tank_0345,0.0,1675814400000
tank_0346,0.0,1675814400000
tank_0349,497.25882352941176,1675814400000
tank_0350,0.0,1675814400000
tank_0353,17.36862745098039,1675814400000
tank_0356,0.21176470588235297,1675814400000
tank_0360,2.0,1675814400000
tank_0361,2.0,1675814400000
tank_0362,0.0,1675814400000
tank_0364,0.0,1675814400000
tank_0366,9.913725490196079,1675814400000
tank_0369,57.0,1675814400000
tank_0375,0.0,1675814400000
tank_0379,32.94117647058823,1675814400000
tank_0381,0.0,1675814400000
tank_0386,27.0,1675814400000
tank_0390,43.89411764705882,1675814400000
tank_0397,0.0,1675814400000
tank_0399,0.0,1675814400000
tank_0404,371.5019607843137,1675814400000
tank_0409,2.023529411764706,1675814400000
tank_0420,0.0,1675814400000
tank_0425,0.0,1675814400000
tank_0431,0.0,1675814400000
tank_0432,0.12549019607843137,1675814400000
tank_0435,79.0,1675814400000
tank_0436,0.0,1675814400000
tank_0438,21.984313725490196,1675814400000
tank_0443,0.0,1675814400000
tank_0444,456.0,1675814400000
tank_0447,57.04313725490197,1675814400000
tank_0448,83.1843137254902,1675814400000
tank_0449,5.156862745098039,1675814400000
tank_0455,11.145098039215686,1675814400000
tank_0460,1.0,1675814400000
tank_0462,373.0,1675814400000
tank_0466,0.0,1675814400000
tank_0471,0.0,1675814400000
tank_0473,13.807843137254903,1675814400000
tank_0474,0.0,1675814400000
tank_0481,5.0,1675814400000
tank_0485,30.992156862745098,1675814400000
tank_0489,0.0,1675814400000
tank_0491,0.0,1675814400000
tank_0494,0.0,1675814400000
tank_0497,1.0,1675814400000
tank_0498,3.1803921568627453,1675814400000
tank_0502,30.666666666666668,1675814400000
tank_0505,0.0,1675814400000
tank_0509,0.0,1675814400000
tank_0512,275.58039215686273,1675814400000
tank_0514,0.0,1675814400000
tank_0515,1.0,1675814400000
tank_0521,31.0,1675814400000
tank_0524,0.0,1675814400000
tank_0526,54.0,1675814400000
tank_0533,0.0,1675814400000
tank_0534,4.0,1675814400000
tank_0536,26.12549019607843,1675814400000
tank_0537,0.0,1675814400000
tank_0541,0.0,1675814400000
tank_0547,0.0,1675814400000
tank_0552,0.00784313725490196,1675814400000
tank_0555,6.0,1675814400000
tank_0556,0.0,1675814400000
tank_0557,0.0,1675814400000
tank_0560,0.0,1675814400000
tank_0561,0.0,1675814400000
tank_0566,0.0,1675814400000
tank_0567,0.0,1675814400000
tank_0568,2.0,1675814400000
tank_0574,87.90196078431373,1675814400000
tank_0579,1288.7098039215687,1675814400000
tank_0583,242.0,1675814400000
tank_0587,0.0,1675814400000
tank_0589,0.0,1675814400000
tank_0590,140.0,1675814400000
tank_0592,0.0,1675814400000
tank_0593,0.0,1675814400000
tank_0595,0.0,1675814400000
tank_0600,0.0,1675814400000
tank_0604,0.18823529411764706,1675814400000
tank_0606,7.0,1675814400000
tank_0607,0.0,1675814400000
tank_0608,865.0,1675814400000
tank_0610,0.0,1675814400000
tank_0611,0.9647058823529412,1675814400000
tank_0612,2.0,1675814400000
tank_0613,0.0,1675814400000
tank_0619,10.788235294117648,1675814400000
tank_0626,0.0,1675814400000
tank_0627,0.0,1675814400000
tank_0628,0.0,1675814400000
tank_0632,2.0,1675814400000
tank_0633,0.0,1675814400000
tank_0639,0.0,1675814400000
tank_0640,0.0,1675814400000
tank_0641,0.0,1675814400000
tank_0643,15.878431372549018,1675814400000
tank_0646,0.0,1675814400000
tank_0663,3.0,1675814400000
tank_0664,25.423529411764704,1675814400000
tank_0666,0.0,1675814400000
tank_0667,10.545098039215686,1675814400000
tank_0670,40.70196078431373,1675814400000
tank_0675,0.0,1675814400000
tank_0676,569.0,1675814400000
tank_0678,0.0,1675814400000
tank_0681,0.0,1675814400000
tank_0687,30.6,1675814400000
tank_0688,499.70588235294116,1675814400000
tank_0697,0.0,1675814400000
tank_0720,2.0,1675814400000
tank_0722,0.10980392156862745,1675814400000
tank_0724,4.211764705882353,1675814400000
tank_0725,32.0,1675814400000
tank_0728,0.0,1675814400000
tank_0730,0.0,1675814400000
tank_0731,996.0,1675814400000
tank_0732,0.0,1675814400000
tank_0737,582.0,1675814400000
tank_0739,0.0,1675814400000
tank_0740,17.847058823529412,1675814400000
tank_0746,0.0,1675814400000
tank_0748,0.0,1675814400000
tank_0749,2.0,1675814400000
tank_0752,8.894117647058824,1675814400000
tank_0760,0.0,1675814400000
tank_0770,11.756862745098038,1675814400000
tank_0772,0.0,1675814400000
tank_0788,0.0,1675814400000
tank_0789,0.0,1675814400000
tank_0792,77.82352941176472,1675814400000
tank_0797,101.0,1675814400000
tank_0800,282.44705882352946,1675814400000
tank_0802,19.972549019607843,1675814400000
tank_0803,0.0,1675814400000
tank_0808,5.0,1675814400000
tank_0810,26.854901960784314,1675814400000
tank_0811,0.0,1675814400000
tank_0812,80.99607843137255,1675814400000
tank_0813,0.0,1675814400000
tank_0816,0.0,1675814400000
tank_0819,10.75294117647059,1675814400000
tank_0823,0.0,1675814400000
tank_0824,595.0,1675814400000
tank_0825,2.0,1675814400000
tank_0828,19.0,1675814400000
tank_0829,63.55294117647059,1675814400000
tank_0830,63.0,1675814400000
tank_0831,2.6431372549019607,1675814400000
tank_0844,0.0,1675814400000
tank_0852,228.13333333333335,1675814400000
tank_0855,158.69803921568626,1675814400000
tank_0856,956.0,1675814400000
tank_0860,51.20392156862745,1675814400000
tank_0861,57.34901960784313,1675814400000
tank_0872,33.7921568627451,1675814400000
tank_0875,259.9921568627451,1675814400000
tank_0879,19.99607843137255,1675814400000
tank_0885,0.0,1675814400000
tank_0891,42.0,1675814400000
tank_0894,1146.0,1675814400000
tank_0898,355.0,1675814400000
tank_0900,110.34509803921567,1675814400000
tank_0901,119.88235294117646,1675814400000
tank_0902,189.0,1675814400000
tank_0914,50.0,1675814400000
tank_0917,544.0,1675814400000
tank_0919,173.1686274509804,1675814400000
tank_0920,124.0,1675814400000
tank_0922,87.0,1675814400000
tank_0923,105.30588235294118,1675814400000
tank_0924,4.0,1675814400000
tank_0926,2.0,1675814400000
tank_0927,13.482352941176469,1675814400000
tank_0928,47.4078431372549,1675814400000
tank_0930,232.28627450980392,1675814400000
tank_0931,258.0,1675814400000
tank_0933,0.0,1675814400000
tank_0934,0.0,1675814400000
tank_0937,0.0,1675814400000
tank_0938,1.2470588235294118,1675814400000
tank_0939,0.0,1675814400000
tank_0944,93.0,1675814400000
tank_0946,0.0,1675814400000
tank_0952,23.862745098039216,1675814400000
tank_0958,0.0,1675814400000
tank_0962,1401.0,1675814400000
tank_0967,10.0,1675814400000
tank_0975,0.0,1675814400000
tank_0978,2.0,1675814400000
tank_0990,0.0,1675814400000
tank_0991,604.0,1675814400000
tank_0998,0.0,1675814400000
tank_0999,0.0,1675814400000
tank_1003,1292.635294117647,1675814400000
tank_1004,3.9372549019607845,1675814400000
tank_1014,408.0,1675814400000
tank_1026,224.94901960784313,1675814400000
tank_1031,10.0,1675814400000
tank_1032,11.56078431372549,1675814400000
tank_1034,5.294117647058823,1675814400000
tank_1042,27.0,1675814400000
tank_1045,20.0,1675814400000
tank_1049,112.0,1675814400000
tank_1055,3.2156862745098036,1675814400000
tank_1061,27.666666666666668,1675814400000
tank_1062,1.3764705882352941,1675814400000
tank_1064,0.0,1675814400000
tank_1065,6.211764705882353,1675814400000
tank_1066,9.0,1675814400000
tank_1070,127.0,1675814400000
tank_1073,77.0,1675814400000
tank_1083,211.0,1675814400000
tank_1086,1.0,1675814400000
tank_1088,53.91372549019608,1675814400000
tank_1089,31.0,1675814400000
tank_1090,137.85098039215686,1675814400000
tank_1091,0.0,1675814400000
tank_1094,1333.0,1675814400000
tank_1095,11.788235294117648,1675814400000
tank_1104,0.3607843137254902,1675814400000
tank_1113,37.0,1675814400000
tank_1116,1.6392156862745098,1675814400000
tank_1117,0.0,1675814400000
tank_1120,157.0,1675814400000
tank_1121,302.0,1675814400000
tank_1124,26.91764705882353,1675814400000
tank_1128,66.0,1675814400000
tank_1134,0.7529411764705882,1675814400000
tank_1135,71.18823529411763,1675814400000
tank_1146,5.749019607843137,1675814400000
tank_1149,4.074509803921568,1675814400000
tank_1156,0.0,1675814400000
tank_1157,14.486274509803923,1675814400000
tank_1159,272.0,1675814400000
tank_1160,806.5019607843137,1675814400000
tank_1166,0.0,1675814400000
tank_1170,14.24313725490196,1675814400000
tank_1175,0.0,1675814400000
tank_1177,11.411764705882351,1675814400000
tank_1179,9.313725490196077,1675814400000
tank_1181,155.08627450980393,1675814400000
tank_1186,162.0,1675814400000
tank_1187,21.337254901960783,1675814400000
tank_1190,8.0,1675814400000
tank_1192,11.0,1675814400000
tank_1196,0.0,1675814400000
tank_1197,1851.992156862745,1675814400000
tank_1201,96.0,1675814400000
tank_1203,2.768627450980392,1675814400000
tank_1205,282.9098039215686,1675814400000
tank_1209,985.0,1675814400000
tank_1217,0.0,1675814400000
tank_1223,0.0,1675814400000
tank_1226,166.4862745098039,1675814400000
tank_1228,371.0,1675814400000
tank_1230,0.0,1675814400000
tank_1237,32.95294117647059,1675814400000
tank_1239,843.0,1675814400000
tank_1245,0.0,1675814400000
tank_1246,178.0,1675814400000
tank_1250,0.0,1675814400000
tank_1254,953.0,1675814400000
tank_1255,6.211764705882353,1675814400000
tank_1258,194.74901960784314,1675814400000
tank_1261,0.0,1675814400000
tank_1262,0.0,1675814400000
tank_1263,53.0,1675814400000
tank_1265,17.0,1675814400000
tank_1270,22.0,1675814400000
tank_1272,3.0,1675814400000
tank_1275,0.0,1675814400000
tank_1276,186.0,1675814400000
tank_1279,16.909803921568628,1675814400000
tank_1280,5.529411764705882,1675814400000
tank_1284,0.0,1675814400000
tank_1285,13.694117647058823,1675814400000
tank_1286,260.57254901960783,1675814400000
tank_1290,83.2392156862745,1675814400000
tank_1291,18.0,1675814400000
tank_1293,94.83921568627451,1675814400000
tank_1295,0.0,1675814400000
tank_1297,117.98823529411764,1675814400000
tank_1301,176.0,1675814400000
tank_1302,29.0,1675814400000
tank_1304,0.0,1675814400000
tank_1305,111.0549019607843,1675814400000
tank_1313,1038.0,1675814400000
tank_1322,0.0,1675814400000
tank_1325,215.99607843137255,1675814400000
tank_1326,0.0,1675814400000
tank_1344,19.38823529411765,1675814400000
tank_1346,10.223529411764705,1675814400000
tank_1349,0.0,1675814400000
tank_1353,856.0,1675814400000
tank_1358,0.0,1675814400000
tank_1359,0.0,1675814400000
tank_1361,848.0,1675814400000
tank_1364,1198.0,1675814400000
tank_1365,0.0,1675814400000
tank_1372,48.0,1675814400000
tank_1374,184.0,1675814400000
tank_1378,458.0,1675814400000
tank_1380,22.941176470588236,1675814400000
tank_1386,371.9686274509804,1675814400000
tank_1391,18.0,1675814400000
tank_1393,49.839215686274514,1675814400000
tank_1396,145.0,1675814400000
tank_1397,0.0,1675814400000
tank_1403,11.0,1675814400000
tank_1409,193.0,1675814400000
tank_1412,11.0,1675814400000
tank_1415,3.0,1675814400000
tank_1416,8.980392156862745,1675814400000
tank_1421,262.0,1675814400000
tank_1422,0.0,1675814400000
tank_1425,243.0,1675814400000
tank_1426,16.0,1675814400000
tank_1430,0.0,1675814400000
tank_1433,353.0,1675814400000
tank_1438,25.172549019607843,1675814400000
tank_1439,6.0,1675814400000
tank_1441,0.0,1675814400000
tank_1443,2.623529411764706,1675814400000
tank_1445,61.92941176470588,1675814400000
tank_1446,28.403921568627453,1675814400000
tank_1450,0.0,1675814400000
tank_1452,0.0,1675814400000
tank_1456,0.0,1675814400000
tank_1466,0.0,1675814400000
tank_1471,11.890196078431373,1675814400000
tank_1475,532.5921568627451,1675814400000
tank_1486,1431.0,1675814400000
tank_1488,169.9843137254902,1675814400000
tank_1491,50.0,1675814400000
tank_1500,50.05882352941176,1675814400000
tank_1505,548.0,1675814400000
tank_1513,594.0,1675814400000
tank_1531,79.0,1675814400000
tank_1536,67.86666666666667,1675814400000
tank_1539,598.0,1675814400000
tank_1541,40.0,1675814400000
tank_1542,18.67843137254902,1675814400000
tank_1547,348.0,1675814400000
tank_1563,34.25098039215686,1675814400000
tank_1564,0.0,1675814400000
tank_1565,1654.0,1675814400000
tank_1567,68.0,1675814400000
tank_1568,135.0,1675814400000
tank_1573,118.0,1675814400000
tank_1583,2.0,1675814400000
tank_1587,906.0,1675814400000
tank_1588,4.835294117647059,1675814400000
tank_1592,0.0,1675814400000
tank_1594,127.10588235294118,1675814400000
tank_1595,0.0,1675814400000
tank_1597,371.2352941176471,1675814400000
tank_1598,0.0,1675814400000
tank_1600,3.235294117647059,1675814400000
tank_1604,0.0,1675814400000
tank_0002,0.0,1676851200000
tank_0004,0.0,1676851200000
tank_0005,0.0,1676851200000
tank_0011,0.0,1676851200000
tank_0014,13.631372549019607,1676851200000
tank_0019,0.0,1676851200000
tank_0024,58.01960784313726,1676851200000
tank_0025,0.0,1676851200000
tank_0026,0.0,1676851200000
tank_0027,0.0,1676851200000
tank_0030,1.003921568627451,1676851200000
tank_0031,34.705882352941174,1676851200000
tank_0036,0.9411764705882353,1676851200000
tank_0037,0.0,1676851200000
tank_0038,34.713725490196076,1676851200000
tank_0050,78.82745098039216,1676851200000
tank_0051,0.0,1676851200000
tank_0052,0.0,1676851200000
tank_0053,15.615686274509804,1676851200000
tank_0055,0.0,1676851200000
tank_0057,71.77254901960784,1676851200000
tank_0058,1.4313725490196076,1676851200000
tank_0064,78.1882352941176,1676851200000
tank_0069,212.19607843137254,1676851200000
tank_0072,99.90196078431373,1676851200000
tank_0073,1.0,1676851200000
tank_0080,25.95294117647059,1676851200000
tank_0094,0.0,1676851200000
tank_0107,0.0,1676851200000
tank_0110,207.02352941176466,1676851200000
tank_0113,41.6,1676851200000
tank_0115,0.0,1676851200000
tank_0116,1.2666666666666666,1676851200000
tank_0117,440.0,1676851200000
tank_0118,0.0,1676851200000
tank_0122,19.0,1676851200000
tank_0125,10.458823529411765,1676851200000
tank_0130,0.0,1676851200000
tank_0131,0.0,1676851200000
tank_0132,0.0,1676851200000
tank_0134,0.0,1676851200000
tank_0135,6.0,1676851200000
tank_0142,9.0,1676851200000
tank_0143,65.56078431372548,1676851200000
tank_0144,63.0,1676851200000
tank_0148,0.0,1676851200000
tank_0153,19.0,1676851200000
tank_0156,3.658823529411765,1676851200000
tank_0159,0.0,1676851200000
tank_0165,3.588235294117647,1676851200000
tank_0171,0.0,1676851200000
tank_0172,0.0,1676851200000
tank_0174,5.678431372549021,1676851200000
tank_0176,16.886274509803922,1676851200000
tank_0184,1.6235294117647059,1676851200000
tank_0187,0.0,1676851200000
tank_0190,11.454901960784314,1676851200000
tank_0192,0.0,1676851200000
tank_0193,19.427450980392155,1676851200000
tank_0195,36.188235294117646,1676851200000
tank_0199,14.79607843137255,1676851200000
tank_0204,46.0,1676851200000
tank_0205,1.2509803921568627,1676851200000
tank_0207,7.6078431372549025,1676851200000
tank_0209,0.0,1676851200000
tank_0213,5.0,1676851200000
tank_0217,74.0,1676851200000
tank_0220,0.0,1676851200000
tank_0221,0.9450980392156862,1676851200000
tank_0225,69.79607843137255,1676851200000
tank_0226,13.125490196078431,1676851200000
tank_0228,0.0,1676851200000
tank_0229,0.0,1676851200000
tank_0231,0.0,1676851200000
tank_0233,6.0,1676851200000
tank_0236,0.0,1676851200000
tank_0237,0.0,1676851200000
tank_0240,0.0,1676851200000
tank_0242,91.0,1676851200000
tank_0245,0.0,1676851200000
tank_0247,757.0,1676851200000
tank_0256,9.596078431372549,1676851200000
tank_0257,0.0,1676851200000
tank_0260,0.4980392156862745,1676851200000
tank_0261,0.0,1676851200000
tank_0264,46.0,1676851200000
tank_0273,233.0,1676851200000
tank_0276,0.0,1676851200000
tank_0278,0.0,1676851200000
tank_0280,0.0,1676851200000
tank_0291,0.0,1676851200000
tank_0292,4.0,1676851200000
tank_0296,0.0,1676851200000
tank_0297,30.364705882352943,1676851200000
tank_0299,1.1137254901960785,1676851200000
tank_0300,0.0,1676851200000
tank_0301,7.898039215686275,1676851200000
tank_0307,60.93333333333334,1676851200000
tank_0309,17.92549019607843,1676851200000
tank_0313,0.0,1676851200000
tank_0314,5.349019607843137,1676851200000
tank_0319,14.215686274509803,1676851200000
tank_0321,0.0,1676851200000
tank_0327,0.0,1676851200000
tank_0337,3.0,1676851200000
tank_0338,7.6196078431372545,1676851200000
tank_0339,39.125490196078424,1676851200000
tank_0342,57.29019607843137,1676851200000
tank_0345,0.0,1676851200000
tank_0346,0.0,1676851200000
tank_0349,498.20392156862744,1676851200000
tank_0350,0.0,1676851200000
tank_0353,11.745098039215687,1676851200000
tank_0356,0.0,1676851200000
tank_0360,2.6980392156862747,1676851200000
tank_0361,3.564705882352941,1676851200000
tank_0362,0.0,1676851200000
tank_0364,0.0,1676851200000
tank_0366,2.458823529411765,1676851200000
tank_0369,54.0,1676851200000
tank_0375,0.0,1676851200000
tank_0379,21.282352941176473,1676851200000
tank_0381,0.0,1676851200000
tank_0386,19.0,1676851200000
tank_0390,39.498039215686276,1676851200000
tank_0397,0.0,1676851200000
tank_0399,1.0,1676851200000
tank_0404,382.1137254901961,1676851200000
tank_0409,0.0,1676851200000
tank_0420,0.0,1676851200000
tank_0425,0.0,1676851200000
tank_0431,0.0,1676851200000
tank_0432,2.5176470588235293,1676851200000
tank_0435,73.0,1676851200000
tank_0436,0.0,1676851200000
tank_0438,23.745098039215687,1676851200000
tank_0443,0.0,1676851200000
tank_0444,453.0,1676851200000
tank_0447,64.5137254901961,1676851200000
tank_0448,63.70196078431373,1676851200000
tank_0449,0.0,1676851200000
tank_0455,18.729411764705883,1676851200000
tank_0460,0.3568627450980392,1676851200000
tank_0462,377.0,1676851200000
tank_0466,0.0,1676851200000
tank_0471,0.0,1676851200000
tank_0473,6.215686274509805,1676851200000
tank_0474,0.0,1676851200000
tank_0481,16.298039215686273,1676851200000
tank_0485,20.0,1676851200000
tank_0489,0.0,1676851200000
tank_0491,0.0,1676851200000
tank_0494,0.0,1676851200000
tank_0497,0.0,1676851200000
tank_0498,2.9529411764705884,1676851200000
tank_0502,23.749019607843138,1676851200000
tank_0505,0.0,1676851200000
tank_0509,0.0,1676851200000
tank_0512,260.87450980392157,1676851200000
tank_0514,0.0,1676851200000
tank_0515,1.0,1676851200000
tank_0521,29.0,1676851200000
tank_0524,0.0,1676851200000
tank_0526,61.0,1676851200000
tank_0533,0.0,1676851200000
tank_0534,8.0,1676851200000
tank_0536,29.0,1676851200000
tank_0537,0.0,1676851200000
tank_0541,2.223529411764706,1676851200000
tank_0547,1.3058823529411765,1676851200000
tank_0552,1.0,1676851200000
tank_0555,1.0,1676851200000
tank_0556,1.811764705882353,1676851200000
tank_0557,0.0,1676851200000
tank_0560,0.0,1676851200000
tank_0561,0.0,1676851200000
tank_0566,0.0,1676851200000
tank_0567,0.0,1676851200000
tank_0568,1.7647058823529411,1676851200000
tank_0574,83.0,1676851200000
tank_0579,1243.0,1676851200000
tank_0583,242.0,1676851200000
tank_0587,0.0,1676851200000
tank_0589,0.0,1676851200000
tank_0590,130.0,1676851200000
tank_0592,0.0,1676851200000
tank_0593,0.0,1676851200000
tank_0595,0.0,1676851200000
tank_0600,0.0,1676851200000
tank_0604,0.0,1676851200000
tank_0606,18.0,1676851200000
tank_0607,0.0,1676851200000
tank_0608,879.0,1676851200000
tank_0610,1.0,1676851200000
tank_0611,2.0,1676851200000
tank_0612,2.16078431372549,1676851200000
tank_0613,3.7294117647058824,1676851200000
tank_0619,8.662745098039217,1676851200000
tank_0626,0.0,1676851200000
tank_0627,0.0,1676851200000
tank_0628,0.0,1676851200000
tank_0632,3.0,1676851200000
tank_0633,0.0,1676851200000
tank_0639,0.0,1676851200000
tank_0640,0.0,1676851200000
tank_0641,0.0,1676851200000
tank_0643,4.08235294117647,1676851200000
tank_0646,0.0,1676851200000
tank_0663,8.470588235294118,1676851200000
tank_0664,22.737254901960785,1676851200000
tank_0666,0.0,1676851200000
tank_0667,18.26274509803922,1676851200000
tank_0670,31.941176470588236,1676851200000
tank_0675,0.0,1676851200000
tank_0676,567.0,1676851200000
tank_0678,0.0,1676851200000
tank_0681,0.0,1676851200000
tank_0687,25.0,1676851200000
tank_0688,585.9254901960785,1676851200000
tank_0697,0.0,1676851200000
tank_0720,4.0,1676851200000
tank_0722,0.7372549019607844,1676851200000
tank_0724,7.7254901960784315,1676851200000
tank_0725,28.0,1676851200000
tank_0728,0.0,1676851200000
tank_0730,2.7176470588235295,1676851200000
tank_0731,1028.0,1676851200000
tank_0732,0.0,1676851200000
tank_0737,607.0,1676851200000
tank_0739,2.0,1676851200000
tank_0740,18.937254901960788,1676851200000
tank_0746,0.0,1676851200000
tank_0748,0.0,1676851200000
tank_0749,3.0,1676851200000
tank_0752,1.007843137254902,1676851200000
tank_0760,0.0,1676851200000
tank_0770,5.862745098039216,1676851200000
tank_0772,0.0,1676851200000
tank_0788,0.0,1676851200000
tank_0789,0.0,1676851200000
tank_0792,156.2274509803921,1676851200000
tank_0797,102.37647058823529,1676851200000
tank_0800,318.8823529411766,1676851200000
tank_0802,17.0,1676851200000
tank_0803,0.2627450980392157,1676851200000
tank_0808,0.0,1676851200000
tank_0810,30.854901960784314,1676851200000
tank_0811,0.0,1676851200000
tank_0812,84.47450980392156,1676851200000
tank_0813,0.0,1676851200000
tank_0816,0.0,1676851200000
tank_0819,35.180392156862744,1676851200000
tank_0823,0.0,1676851200000
tank_0824,688.0,1676851200000
tank_0825,8.0,1676851200000
tank_0828,17.0,1676851200000
tank_0829,63.984313725490196,1676851200000
tank_0830,22.0,1676851200000
tank_0831,18.556862745098037,1676851200000
tank_0844,4.980392156862745,1676851200000
tank_0852,221.06274509803922,1676851200000
tank_0855,153.39215686274508,1676851200000
tank_0856,889.0,1676851200000
tank_0860,49.062745098039215,1676851200000
tank_0861,40.22745098039216,1676851200000
tank_0872,29.0,1676851200000
tank_0875,293.68627450980387,1676851200000
tank_0879,20.0,1676851200000
tank_0885,2.0,1676851200000
tank_0891,61.0,1676851200000
tank_0894,1306.0,1676851200000
tank_0898,481.0,1676851200000
tank_0900,115.94901960784313,1676851200000
tank_0901,122.76470588235294,1676851200000
tank_0902,148.0,1676851200000
tank_0914,44.0,1676851200000
tank_0917,614.0,1676851200000
tank_0919,152.73333333333335,1676851200000
tank_0920,95.0,1676851200000
tank_0922,57.0,1676851200000
tank_0923,104.29803921568627,1676851200000
tank_0924,1.0,1676851200000
tank_0926,1.2627450980392159,1676851200000
tank_0927,16.60392156862745,1676851200000
tank_0928,35.8,1676851200000
tank_0930,232.0,1676851200000
tank_0931,243.96078431372547,1676851200000
tank_0933,0.0,1676851200000
tank_0934,0.0,1676851200000
tank_0937,0.0,1676851200000
tank_0938,0.0,1676851200000
tank_0939,0.0,1676851200000
tank_0944,84.0,1676851200000
tank_0946,0.0,1676851200000
tank_0952,35.08627450980392,1676851200000
tank_0958,0.0,1676851200000
tank_0962,1383.0,1676851200000
tank_0967,11.0,1676851200000
tank_0975,0.0,1676851200000
tank_0978,3.9490196078431374,1676851200000
tank_0990,0.0,1676851200000
tank_0991,533.0,1676851200000
tank_0998,0.0,1676851200000
tank_0999,0.2196078431372549,1676851200000
tank_1003,1265.886274509804,1676851200000
tank_1004,5.0,1676851200000
tank_1014,559.0,1676851200000
tank_1026,241.0,1676851200000
tank_1031,0.0,1676851200000
tank_1032,2.8901960784313725,1676851200000
tank_1034,1.0,1676851200000
tank_1042,35.89411764705882,1676851200000
tank_1045,2.0,1676851200000
tank_1049,109.0,1676851200000
tank_1055,9.019607843137255,1676851200000
tank_1061,27.0,1676851200000
tank_1062,3.4980392156862745,1676851200000
tank_1064,0.0,1676851200000
tank_1065,0.9882352941176471,1676851200000
tank_1066,8.72549019607843,1676851200000
tank_1070,128.0,1676851200000
tank_1073,95.0,1676851200000
tank_1083,209.0,1676851200000
tank_1086,0.0,1676851200000
tank_1088,28.93725490196078,1676851200000
tank_1089,28.0,1676851200000
tank_1090,108.0,1676851200000
tank_1091,0.0,1676851200000
tank_1094,1335.0,1676851200000
tank_1095,8.0,1676851200000
tank_1104,0.0,1676851200000
tank_1113,41.0,1676851200000
tank_1116,3.4352941176470586,1676851200000
tank_1117,0.0,1676851200000
tank_1120,131.0,1676851200000
tank_1121,320.0,1676851200000
tank_1124,20.95294117647059,1676851200000
tank_1128,62.0,1676851200000
tank_1134,0.047058823529411764,1676851200000
tank_1135,76.90980392156861,1676851200000
tank_1146,5.796078431372549,1676851200000
tank_1149,0.3254901960784314,1676851200000
tank_1156,0.0,1676851200000
tank_1157,14.486274509803923,1676851200000
tank_1159,326.0,1676851200000
tank_1160,775.0,1676851200000
tank_1166,0.0,1676851200000
tank_1170,12.72156862745098,1676851200000
tank_1175,0.0,1676851200000
tank_1177,19.28627450980392,1676851200000
tank_1179,0.1607843137254902,1676851200000
tank_1181,181.34901960784313,1676851200000
tank_1186,139.0,1676851200000
tank_1187,36.59607843137255,1676851200000
tank_1190,8.0,1676851200000
tank_1192,14.0,1676851200000
tank_1196,0.0,1676851200000
tank_1197,1850.0,1676851200000
tank_1201,98.0,1676851200000
tank_1203,10.870588235294118,1676851200000
tank_1205,281.0,1676851200000
tank_1209,927.0,1676851200000
tank_1217,0.0,1676851200000
tank_1223,1.0,1676851200000
tank_1226,123.56862745098037,1676851200000
tank_1228,425.0,1676851200000
tank_1230,0.0,1676851200000
tank_1237,33.976470588235294,1676851200000
tank_1239,994.0,1676851200000
tank_1245,0.12549019607843137,1676851200000
tank_1246,160.0,1676851200000
tank_1250,0.0,1676851200000
tank_1254,1335.0,1676851200000
tank_1255,5.0,1676851200000
tank_1258,179.92549019607844,1676851200000
tank_1261,2.0,1676851200000
tank_1262,2.0,1676851200000
tank_1263,51.0,1676851200000
tank_1265,15.0,1676851200000
tank_1270,24.0,1676851200000
tank_1272,23.0,1676851200000
tank_1275,0.0,1676851200000
tank_1276,167.9764705882353,1676851200000
tank_1279,18.992156862745098,1676851200000
tank_1280,11.098039215686274,1676851200000
tank_1284,0.0,1676851200000
tank_1285,12.890196078431371,1676851200000
tank_1286,248.68235294117645,1676851200000
tank_1290,108.121568627451,1676851200000
tank_1291,9.0,1676851200000
tank_1293,83.89019607843137,1676851200000
tank_1295,0.0,1676851200000
tank_1297,110.98823529411764,1676851200000
tank_1301,155.0,1676851200000
tank_1302,27.0,1676851200000
tank_1304,0.37254901960784315,1676851200000
tank_1305,107.14509803921568,1676851200000
tank_1313,1069.0,1676851200000
tank_1322,0.0,1676851200000
tank_1325,206.99607843137255,1676851200000
tank_1326,3.0,1676851200000
tank_1344,2.6196078431372554,1676851200000
tank_1346,3.9019607843137254,1676851200000
tank_1349,0.0,1676851200000
tank_1353,1017.0,1676851200000
tank_1358,0.0,1676851200000
tank_1359,0.0,1676851200000
tank_1361,866.0,1676851200000
tank_1364,1441.0,1676851200000
tank_1365,1.0,1676851200000
tank_1372,33.0,1676851200000
tank_1374,177.0,1676851200000
tank_1378,480.0,1676851200000
tank_1380,12.0,1676851200000
tank_1386,345.9686274509804,1676851200000
tank_1391,17.0,1676851200000
tank_1393,35.44705882352941,1676851200000
tank_1396,125.0,1676851200000
tank_1397,0.0,1676851200000
tank_1403,9.0,1676851200000
tank_1409,221.0,1676851200000
tank_1412,7.0,1676851200000
tank_1415,0.0,1676851200000
tank_1416,7.980392156862745,1676851200000
tank_1421,235.0,1676851200000
tank_1422,0.0,1676851200000
tank_1425,259.0,1676851200000
tank_1426,14.0,1676851200000
tank_1430,0.0,1676851200000
tank_1433,389.0,1676851200000
tank_1438,24.97647058823529,1676851200000
tank_1439,5.913725490196079,1676851200000
tank_1441,0.0,1676851200000
tank_1443,0.0,1676851200000
tank_1445,56.0,1676851200000
tank_1446,31.341176470588238,1676851200000
tank_1450,0.0,1676851200000
tank_1452,0.0,1676851200000
tank_1456,0.0,1676851200000
tank_1466,2.2509803921568627,1676851200000
tank_1471,15.8,1676851200000
tank_1475,308.0,1676851200000
tank_1486,1182.0,1676851200000
tank_1488,190.99215686274508,1676851200000
tank_1491,37.0,1676851200000
tank_1500,54.68235294117647,1676851200000
tank_1505,556.0,1676851200000
tank_1513,669.0,1676851200000
tank_1531,72.0,1676851200000
tank_1536,77.08235294117648,1676851200000
tank_1539,588.686274509804,1676851200000
tank_1541,42.0,1676851200000
tank_1542,17.619607843137253,1676851200000
tank_1547,376.0,1676851200000
tank_1563,32.0,1676851200000
tank_1564,0.0,1676851200000
tank_1565,1658.0,1676851200000
tank_1567,60.0,1676851200000
tank_1568,124.0,1676851200000
tank_1573,70.0,1676851200000
tank_1583,6.4980392156862745,1676851200000
tank_1587,928.0,1676851200000
tank_1588,0.0,1676851200000
tank_1592,0.0,1676851200000
tank_1594,122.85098039215687,1676851200000
tank_1595,0.0,1676851200000
tank_1597,376.74901960784314,1676851200000
tank_1598,0.0,1676851200000
tank_1600,9.101960784313725,1676851200000
tank_1604,0.0,1676851200000
tank_0002,0.0,1677888000000
tank_0004,0.0,1677888000000
tank_0005,0.0,1677888000000
tank_0011,0.0,1677888000000
tank_0014,2.435294117647059,1677888000000
tank_0019,0.0,1677888000000
tank_0024,76.65490196078431,1677888000000
tank_0025,0.0,1677888000000
tank_0026,6.0,1677888000000
tank_0027,0.0,1677888000000
tank_0030,0.0,1677888000000
tank_0031,24.541176470588237,1677888000000
tank_0036,0.0,1677888000000
tank_0037,0.0,1677888000000
tank_0038,29.698039215686276,1677888000000
tank_0050,69.8,1677888000000
tank_0051,0.0,1677888000000
tank_0052,0.7411764705882353,1677888000000
tank_0053,16.11764705882353,1677888000000
tank_0055,0.0,1677888000000
tank_0057,77.0,1677888000000
tank_0058,0.6078431372549019,1677888000000
tank_0064,57.82352941176471,1677888000000
tank_0069,189.9764705882353,1677888000000
tank_0072,72.0,1677888000000
tank_0073,0.0784313725490196,1677888000000
tank_0080,23.0,1677888000000
tank_0094,0.0,1677888000000
tank_0107,0.0,1677888000000
tank_0110,182.44313725490196,1677888000000
tank_0113,33.286274509803924,1677888000000
tank_0115,0.0,1677888000000
tank_0116,2.411764705882353,1677888000000
tank_0117,398.0,1677888000000
tank_0118,0.0,1677888000000
tank_0122,22.0,1677888000000
tank_0125,4.556862745098039,1677888000000
tank_0130,0.0,1677888000000
tank_0131,0.0,1677888000000
tank_0132,0.0,1677888000000
tank_0134,0.0,1677888000000
tank_0135,13.086274509803921,1677888000000
tank_0142,2.0,1677888000000
tank_0143,71.46666666666667,1677888000000
tank_0144,44.0,1677888000000
tank_0148,0.0,1677888000000
tank_0153,21.0,1677888000000
tank_0156,10.372549019607844,1677888000000
tank_0159,0.0,1677888000000
tank_0165,2.2509803921568627,1677888000000
tank_0171,0.0,1677888000000
tank_0172,1.0,1677888000000
tank_0174,9.266666666666667,1677888000000
tank_0176,13.074509803921568,1677888000000
tank_0184,6.258823529411764,1677888000000
tank_0187,0.023529411764705882,1677888000000
tank_0190,8.658823529411764,1677888000000
tank_0192,0.0,1677888000000
tank_0193,3.541176470588235,1677888000000
tank_0195,40.64313725490196,1677888000000
tank_0199,2.231372549019608,1677888000000
tank_0204,41.752941176470586,1677888000000
tank_0205,2.0,1677888000000
tank_0207,4.647058823529412,1677888000000
tank_0209,0.0,1677888000000
tank_0213,6.0,1677888000000
tank_0217,34.0,1677888000000
tank_0220,1.0,1677888000000
tank_0221,16.32941176470588,1677888000000
tank_0225,52.0,1677888000000
tank_0226,14.0,1677888000000
tank_0228,0.0,1677888000000
tank_0229,4.517647058823529,1677888000000
tank_0231,0.7529411764705882,1677888000000
tank_0233,3.0,1677888000000
tank_0236,0.0,1677888000000
tank_0237,0.0,1677888000000
tank_0240,0.0,1677888000000
tank_0242,65.89411764705882,1677888000000
tank_0245,4.686274509803921,1677888000000
tank_0247,721.4392156862745,1677888000000
tank_0256,9.866666666666667,1677888000000
tank_0257,0.7960784313725491,1677888000000
tank_0260,0.4980392156862745,1677888000000
tank_0261,0.0,1677888000000
tank_0264,34.0,1677888000000
tank_0273,194.0,1677888000000
tank_0276,0.0,1677888000000
tank_0278,2.0,1677888000000
tank_0280,0.0,1677888000000
tank_0291,0.0,1677888000000
tank_0292,2.0,1677888000000
tank_0296,0.0,1677888000000
tank_0297,25.23921568627451,1677888000000
tank_0299,4.858823529411765,1677888000000
tank_0300,9.380392156862744,1677888000000
tank_0301,3.4980392156862745,1677888000000
tank_0307,35.93333333333334,1677888000000
tank_0309,20.92549019607843,1677888000000
tank_0313,0.0,1677888000000
tank_0314,0.0,1677888000000
tank_0319,25.27058823529412,1677888000000
tank_0321,0.0,1677888000000
tank_0327,0.0,1677888000000
tank_0337,4.968627450980392,1677888000000
tank_0338,18.215686274509803,1677888000000
tank_0339,52.57647058823529,1677888000000
tank_0342,45.38039215686274,1677888000000
tank_0345,0.0,1677888000000
tank_0346,0.0,1677888000000
tank_0349,436.2980392156863,1677888000000
tank_0350,0.0,1677888000000
tank_0353,25.250980392156862,1677888000000
tank_0356,0.0,1677888000000
tank_0360,0.0,1677888000000
tank_0361,6.145098039215687,1677888000000
tank_0362,0.0,1677888000000
tank_0364,0.0,1677888000000
tank_0366,6.031372549019608,1677888000000
tank_0369,59.227450980392156,1677888000000
tank_0375,0.0,1677888000000
tank_0379,25.870588235294118,1677888000000
tank_0381,0.0,1677888000000
tank_0386,19.0,1677888000000
tank_0390,40.08235294117647,1677888000000
tank_0397,0.0,1677888000000
tank_0399,2.0,1677888000000
tank_0404,330.121568627451,1677888000000
tank_0409,0.0,1677888000000
tank_0420,0.0,1677888000000
tank_0425,0.0,1677888000000
tank_0431,0.0,1677888000000
tank_0432,1.1254901960784314,1677888000000
tank_0435,75.0,1677888000000
tank_0436,0.0,1677888000000
tank_0438,18.0,1677888000000
tank_0443,0.0,1677888000000
tank_0444,450.0,1677888000000
tank_0447,79.10980392156863,1677888000000
tank_0448,60.772549019607844,1677888000000
tank_0449,1.3176470588235294,1677888000000
tank_0455,26.67450980392157,1677888000000
tank_0460,1.1058823529411765,1677888000000
tank_0462,348.45098039215685,1677888000000
tank_0466,0.0,1677888000000
tank_0471,0.0,1677888000000
tank_0473,6.435294117647059,1677888000000
tank_0474,0.0,1677888000000
tank_0481,12.572549019607843,1677888000000
tank_0485,0.0,1677888000000
tank_0489,0.0,1677888000000
tank_0491,0.0,1677888000000
tank_0494,1.5686274509803921,1677888000000
tank_0497,0.0,1677888000000
tank_0498,3.2666666666666666,1677888000000
tank_0502,26.901960784313726,1677888000000
tank_0505,0.0,1677888000000
tank_0509,0.0,1677888000000
tank_0512,258.0,1677888000000
tank_0514,0.0,1677888000000
tank_0515,0.0,1677888000000
tank_0521,26.0,1677888000000
tank_0524,0.0,1677888000000
tank_0526,45.0,1677888000000
tank_0533,0.0,1677888000000
tank_0534,3.56078431372549,1677888000000
tank_0536,17.364705882352943,1677888000000
tank_0537,0.0,1677888000000
tank_0541,0.0,1677888000000
tank_0547,0.0,1677888000000
tank_0552,0.0,1677888000000
tank_0555,0.0,1677888000000
tank_0556,0.0,1677888000000
tank_0557,4.0,1677888000000
tank_0560,1.776470588235294,1677888000000
tank_0561,0.0,1677888000000
tank_0566,0.0,1677888000000
tank_0567,0.0,1677888000000
tank_0568,13.505882352941176,1677888000000
tank_0574,87.0,1677888000000
tank_0579,1051.0,1677888000000
tank_0583,226.0,1677888000000
tank_0587,0.0,1677888000000
tank_0589,0.0,1677888000000
tank_0590,116.0,1677888000000
tank_0592,0.0,1677888000000
tank_0593,0.0,1677888000000
tank_0595,0.0,1677888000000
tank_0600,3.0,1677888000000
tank_0604,0.0,1677888000000
tank_0606,8.0,1677888000000
tank_0607,0.0,1677888000000
tank_0608,900.0,1677888000000
tank_0610,0.0,1677888000000
tank_0611,0.0,1677888000000
tank_0612,0.5411764705882353,1677888000000
tank_0613,0.0,1677888000000
tank_0619,5.882352941176471,1677888000000
tank_0626,0.0,1677888000000
tank_0627,0.0,1677888000000
tank_0628,0.0,1677888000000
tank_0632,6.772549019607843,1677888000000
tank_0633,0.0,1677888000000
tank_0639,0.0,1677888000000
tank_0640,0.0,1677888000000
tank_0641,0.0,1677888000000
tank_0643,5.976470588235294,1677888000000
tank_0646,0.0,1677888000000
tank_0663,6.0,1677888000000
tank_0664,26.423529411764704,1677888000000
tank_0666,0.0,1677888000000
tank_0667,20.513725490196073,1677888000000
tank_0670,28.984313725490196,1677888000000
tank_0675,1.2705882352941176,1677888000000
tank_0676,589.0,1677888000000
tank_0678,0.0,1677888000000
tank_0681,0.0,1677888000000
tank_0687,26.0,1677888000000
tank_0688,515.8156862745097,1677888000000
tank_0697,0.0,1677888000000
tank_0720,0.0,1677888000000
tank_0722,0.7215686274509804,1677888000000
tank_0724,16.494117647058825,1677888000000
tank_0725,23.0,1677888000000
tank_0728,0.0,1677888000000
tank_0730,2.7176470588235295,1677888000000
tank_0731,997.0,1677888000000
tank_0732,0.0,1677888000000
tank_0737,635.6666666666667,1677888000000
tank_0739,0.0,1677888000000
tank_0740,42.439215686274515,1677888000000
tank_0746,0.0,1677888000000
tank_0748,0.0,1677888000000
tank_0749,11.0,1677888000000
tank_0752,10.968627450980389,1677888000000
tank_0760,0.0,1677888000000
tank_0770,8.054901960784314,1677888000000
tank_0772,3.2470588235294118,1677888000000
tank_0788,0.0,1677888000000
tank_0789,1.0,1677888000000
tank_0792,152.8470588235294,1677888000000
tank_0797,85.0,1677888000000
tank_0800,270.88235294117646,1677888000000
tank_0802,18.92156862745098,1677888000000
tank_0803,0.0,1677888000000
tank_0808,4.756862745098039,1677888000000
tank_0810,23.0,1677888000000
tank_0811,0.0,1677888000000
tank_0812,79.0,1677888000000
tank_0813,0.0,1677888000000
tank_0816,0.0,1677888000000
tank_0819,20.654901960784315,1677888000000
tank_0823,0.0,1677888000000
tank_0824,635.0,1677888000000
tank_0825,1.9294117647058824,1677888000000
tank_0828,14.0,1677888000000
tank_0829,63.984313725490196,1677888000000
tank_0830,0.0,1677888000000
tank_0831,3.9882352941176467,1677888000000
tank_0844,0.0,1677888000000
tank_0852,200.4274509803922,1677888000000
tank_0855,146.0,1677888000000
tank_0856,518.0,1677888000000
tank_0860,42.807843137254906,1677888000000
tank_0861,40.956862745098036,1677888000000
tank_0872,32.68627450980392,1677888000000
tank_0875,279.9725490196078,1677888000000
tank_0879,28.0,1677888000000
tank_0885,0.0,1677888000000
tank_0891,49.0,1677888000000
tank_0894,1174.0,1677888000000
tank_0898,395.0,1677888000000
tank_0900,108.21176470588235,1677888000000
tank_0901,111.6313725490196,1677888000000
tank_0902,160.0,1677888000000
tank_0914,45.90588235294118,1677888000000
tank_0917,559.0,1677888000000
tank_0919,117.80392156862746,1677888000000
tank_0920,48.0,1677888000000
tank_0922,59.0,1677888000000
tank_0923,103.22745098039216,1677888000000
tank_0924,4.184313725490196,1677888000000
tank_0926,2.8862745098039215,1677888000000
tank_0927,14.69019607843137,1677888000000
tank_0928,37.0,1677888000000
tank_0930,220.0,1677888000000
tank_0931,276.0,1677888000000
tank_0933,0.0,1677888000000
tank_0934,0.0,1677888000000
tank_0937,0.0,1677888000000
tank_0938,0.0,1677888000000
tank_0939,0.0,1677888000000
tank_0944,85.0,1677888000000
tank_0946,0.0,1677888000000
tank_0952,34.05490196078431,1677888000000
tank_0958,0.0,1677888000000
tank_0962,1395.0,1677888000000
tank_0967,7.0,1677888000000
tank_0975,0.0,1677888000000
tank_0978,0.0,1677888000000
tank_0990,0.0,1677888000000
tank_0991,418.0,1677888000000
tank_0998,5.749019607843138,1677888000000
tank_0999,1.0,1677888000000
tank_1003,1218.372549019608,1677888000000
tank_1004,12.0,1677888000000
tank_1014,513.0,1677888000000
tank_1026,218.0,1677888000000
tank_1031,1.0,1677888000000
tank_1032,9.12549019607843,1677888000000
tank_1034,0.0,1677888000000
tank_1042,33.0,1677888000000
tank_1045,3.0,1677888000000
tank_1049,106.86666666666667,1677888000000
tank_1055,3.5686274509803924,1677888000000
tank_1061,13.690196078431374,1677888000000
tank_1062,3.1254901960784314,1677888000000
tank_1064,0.0,1677888000000
tank_1065,0.9882352941176471,1677888000000
tank_1066,2.8980392156862744,1677888000000
tank_1070,104.0,1677888000000
tank_1073,96.0,1677888000000
tank_1083,222.0,1677888000000
tank_1086,4.0,1677888000000
tank_1088,12.733333333333334,1677888000000
tank_1089,27.0,1677888000000
tank_1090,74.0,1677888000000
tank_1091,0.0,1677888000000
tank_1094,1289.0,1677888000000
tank_1095,8.874509803921569,1677888000000
tank_1104,0.0,1677888000000
tank_1113,34.0,1677888000000
tank_1116,2.4352941176470586,1677888000000
tank_1117,0.0,1677888000000
tank_1120,98.0,1677888000000
tank_1121,354.0,1677888000000
tank_1124,23.705882352941178,1677888000000
tank_1128,69.0,1677888000000
tank_1134,0.45098039215686275,1677888000000
tank_1135,76.6549019607843,1677888000000
tank_1146,3.0,1677888000000
tank_1149,2.447058823529412,1677888000000
tank_1156,0.0,1677888000000
tank_1157,14.486274509803923,1677888000000
tank_1159,362.0,1677888000000
tank_1160,753.0,1677888000000
tank_1166,0.0,1677888000000
tank_1170,17.24313725490196,1677888000000
tank_1175,0.0,1677888000000
tank_1177,2.16078431372549,1677888000000
tank_1179,0.9215686274509803,1677888000000
tank_1181,183.56470588235294,1677888000000
tank_1186,127.7921568627451,1677888000000
tank_1187,22.937254901960785,1677888000000
tank_1190,2.0,1677888000000
tank_1192,15.847058823529412,1677888000000
tank_1196,0.0,1677888000000
tank_1197,1855.0,1677888000000
tank_1201,79.0,1677888000000
tank_1203,17.686274509803923,1677888000000
tank_1205,260.0,1677888000000
tank_1209,771.0,1677888000000
tank_1217,0.0,1677888000000
tank_1223,0.0,1677888000000
tank_1226,143.30588235294118,1677888000000
tank_1228,359.0,1677888000000
tank_1230,0.0,1677888000000
tank_1237,42.68627450980392,1677888000000
tank_1239,889.0,1677888000000
tank_1245,0.0,1677888000000
tank_1246,145.0,1677888000000
tank_1250,0.0,1677888000000
tank_1254,1308.0,1677888000000
tank_1255,7.0,1677888000000
tank_1258,171.0,1677888000000
tank_1261,0.6588235294117647,1677888000000
tank_1262,3.984313725490196,1677888000000
tank_1263,33.0,1677888000000
tank_1265,17.0,1677888000000
tank_1270,20.929411764705883,1677888000000
tank_1272,15.745098039215687,1677888000000
tank_1275,0.0,1677888000000
tank_1276,173.7450980392157,1677888000000
tank_1279,11.866666666666667,1677888000000
tank_1280,4.254901960784313,1677888000000
tank_1284,0.0,1677888000000
tank_1285,7.133333333333334,1677888000000
tank_1286,241.66666666666669,1677888000000
tank_1290,95.56470588235294,1677888000000
tank_1291,2.0,1677888000000
tank_1293,85.83921568627451,1677888000000
tank_1295,0.0,1677888000000
tank_1297,105.98823529411764,1677888000000
tank_1301,137.0,1677888000000
tank_1302,25.0,1677888000000
tank_1304,0.803921568627451,1677888000000
tank_1305,106.06666666666666,1677888000000
tank_1313,1058.0,1677888000000
tank_1322,0.0,1677888000000
tank_1325,225.99607843137255,1677888000000
tank_1326,0.0,1677888000000
tank_1344,3.784313725490196,1677888000000
tank_1346,12.811764705882352,1677888000000
tank_1349,0.0,1677888000000
tank_1353,982.0,1677888000000
tank_1358,0.0,1677888000000
tank_1359,0.0,1677888000000
tank_1361,784.0,1677888000000
tank_1364,1133.7529411764706,1677888000000
tank_1365,0.0,1677888000000
tank_1372,34.0,1677888000000
tank_1374,153.0,1677888000000
tank_1378,444.0,1677888000000
tank_1380,9.0,1677888000000
tank_1386,353.9843137254902,1677888000000
tank_1391,21.0,1677888000000
tank_1393,39.72941176470589,1677888000000
tank_1396,141.0,1677888000000
tank_1397,0.0,1677888000000
tank_1403,7.0,1677888000000
tank_1409,208.0,1677888000000
tank_1412,0.0,1677888000000
tank_1415,0.0,1677888000000
tank_1416,2.3529411764705883,1677888000000
tank_1421,221.0,1677888000000
tank_1422,0.0,1677888000000
tank_1425,274.0,1677888000000
tank_1426,15.0,1677888000000
tank_1430,0.0,1677888000000
tank_1433,345.0,1677888000000
tank_1438,32.36862745098039,1677888000000
tank_1439,2.0,1677888000000
tank_1441,3.1333333333333333,1677888000000
tank_1443,0.0,1677888000000
tank_1445,56.0,1677888000000
tank_1446,30.91764705882353,1677888000000
tank_1450,0.0,1677888000000
tank_1452,0.0,1677888000000
tank_1456,0.0,1677888000000
tank_1466,0.0,1677888000000
tank_1471,0.0,1677888000000
tank_1475,468.0,1677888000000
tank_1486,1194.0,1677888000000
tank_1488,187.34901960784316,1677888000000
tank_1491,39.0,1677888000000
tank_1500,63.04705882352941,1677888000000
tank_1505,519.0,1677888000000
tank_1513,322.0,1677888000000
tank_1531,68.0,1677888000000
tank_1536,76.8313725490196,1677888000000
tank_1539,557.0,1677888000000
tank_1541,38.0,1677888000000
tank_1542,15.0,1677888000000
tank_1547,343.0,1677888000000
tank_1563,21.250980392156862,1677888000000
tank_1564,0.0,1677888000000
tank_1565,1464.0,1677888000000
tank_1567,62.65882352941176,1677888000000
tank_1568,123.0,1677888000000
tank_1573,55.0,1677888000000
tank_1583,4.0,1677888000000
tank_1587,900.0,1677888000000
tank_1588,0.0,1677888000000
tank_1592,0.0,1677888000000
tank_1594,107.0,1677888000000
tank_1595,0.0,1677888000000
tank_1597,387.61176470588236,1677888000000
tank_1598,7.098039215686274,1677888000000
tank_1600,9.952941176470588,1677888000000
tank_1604,0.8627450980392157,1677888000000
tank_0002,0.0,1678924800000
tank_0004,0.0,1678924800000
tank_0005,0.0,1678924800000
tank_0011,0.0,1678924800000
tank_0014,5.223529411764705,1678924800000
tank_0019,0.0,1678924800000
tank_0024,44.478431372549025,1678924800000
tank_0025,0.0,1678924800000
tank_0026,0.0,1678924800000
tank_0027,0.0,1678924800000
tank_0030,0.0,1678924800000
tank_0031,23.498039215686273,1678924800000
tank_0036,0.0,1678924800000
tank_0037,0.0,1678924800000
tank_0038,40.325490196078434,1678924800000
tank_0050,65.37647058823529,1678924800000
tank_0051,0.0,1678924800000
tank_0052,2.1019607843137256,1678924800000
tank_0053,33.82745098039215,1678924800000
tank_0055,0.0,1678924800000
tank_0057,51.23137254901961,1678924800000
tank_0058,1.4313725490196076,1678924800000
tank_0064,54.850980392156856,1678924800000
tank_0069,173.6941176470588,1678924800000
tank_0072,61.0,1678924800000
tank_0073,0.0,1678924800000
tank_0080,23.0,1678924800000
tank_0094,0.0,1678924800000
tank_0107,0.0,1678924800000
tank_0110,180.98039215686273,1678924800000
tank_0113,37.858823529411765,1678924800000
tank_0115,0.0,1678924800000
tank_0116,0.0,1678924800000
tank_0117,387.0,1678924800000
tank_0118,0.0,1678924800000
tank_0122,20.0,1678924800000
tank_0125,2.631372549019608,1678924800000
tank_0130,0.0,1678924800000
tank_0131,0.0,1678924800000
tank_0132,0.0,1678924800000
tank_0134,0.0,1678924800000
tank_0135,1.0,1678924800000
tank_0142,5.250980392156863,1678924800000
tank_0143,50.09803921568628,1678924800000
tank_0144,23.0,1678924800000
tank_0148,10.505882352941175,1678924800000
tank_0153,24.0,1678924800000
tank_0156,10.513725490196078,1678924800000
tank_0159,0.6196078431372549,1678924800000
tank_0165,3.227450980392157,1678924800000
tank_0171,0.0,1678924800000
tank_0172,0.0,1678924800000
tank_0174,18.823529411764707,1678924800000
tank_0176,9.48235294117647,1678924800000
tank_0184,0.0,1678924800000
tank_0187,0.0,1678924800000
tank_0190,4.545098039215686,1678924800000
tank_0192,0.0,1678924800000
tank_0193,3.8588235294117648,1678924800000
tank_0195,45.43529411764707,1678924800000
tank_0199,6.105882352941177,1678924800000
tank_0204,45.0,1678924800000
tank_0205,0.0,1678924800000
tank_0207,1.0549019607843138,1678924800000
tank_0209,0.0,1678924800000
tank_0213,10.0,1678924800000
tank_0217,42.0,1678924800000
tank_0220,9.0,1678924800000
tank_0221,14.96862745098039,1678924800000
tank_0225,39.0,1678924800000
tank_0226,16.0,1678924800000
tank_0228,0.0,1678924800000
tank_0229,0.0,1678924800000
tank_0231,6.035294117647059,1678924800000
tank_0233,15.0,1678924800000
tank_0236,0.0,1678924800000
tank_0237,0.0,1678924800000
tank_0240,0.0,1678924800000
tank_0242,46.807843137254906,1678924800000
tank_0245,0.0,1678924800000
tank_0247,565.8,1678924800000
tank_0256,1.0,1678924800000
tank_0257,0.0,1678924800000
tank_0260,7.345098039215686,1678924800000
tank_0261,0.0,1678924800000
tank_0264,7.0,1678924800000
tank_0273,166.0,1678924800000
tank_0276,0.0,1678924800000
tank_0278,0.0,1678924800000
tank_0280,0.0,1678924800000
tank_0291,0.0,1678924800000
tank_0292,0.0,1678924800000
tank_0296,0.0,1678924800000
tank_0297,25.313725490196077,1678924800000
tank_0299,0.0,1678924800000
tank_0300,3.7058823529411766,1678924800000
tank_0301,0.6470588235294118,1678924800000
tank_0307,41.0,1678924800000
tank_0309,18.92549019607843,1678924800000
tank_0313,0.0,1678924800000
tank_0314,4.078431372549019,1678924800000
tank_0319,11.741176470588236,1678924800000
tank_0321,1.3490196078431373,1678924800000
tank_0327,0.0,1678924800000
tank_0337,2.0,1678924800000
tank_0338,0.5019607843137255,1678924800000
tank_0339,47.666666666666664,1678924800000
tank_0342,45.9607843137255,1678924800000
tank_0345,0.0,1678924800000
tank_0346,0.5333333333333333,1678924800000
tank_0349,416.69411764705876,1678924800000
tank_0350,0.0,1678924800000
tank_0353,31.67450980392157,1678924800000
tank_0356,0.0,1678924800000
tank_0360,0.0,1678924800000
tank_0361,6.0,1678924800000
tank_0362,0.0,1678924800000
tank_0364,0.0,1678924800000
tank_0366,14.556862745098039,1678924800000
tank_0369,35.0,1678924800000
tank_0375,0.0,1678924800000
tank_0379,18.364705882352943,1678924800000
tank_0381,0.0,1678924800000
tank_0386,18.0,1678924800000
tank_0390,34.8235294117647,1678924800000
tank_0397,0.0,1678924800000
tank_0399,1.0,1678924800000
tank_0404,335.89019607843136,1678924800000
tank_0409,0.0,1678924800000
tank_0420,0.0,1678924800000
tank_0425,0.0,1678924800000
tank_0431,0.0,1678924800000
tank_0432,0.1803921568627451,1678924800000
tank_0435,66.0,1678924800000
tank_0436,0.0,1678924800000
tank_0438,22.329411764705885,1678924800000
tank_0443,0.0,1678924800000
tank_0444,451.0,1678924800000
tank_0447,71.03137254901961,1678924800000
tank_0448,53.25882352941177,1678924800000
tank_0449,1.4470588235294117,1678924800000
tank_0455,6.909803921568628,1678924800000
tank_0460,3.1019607843137256,1678924800000
tank_0462,344.0,1678924800000
tank_0466,0.0,1678924800000
tank_0471,0.0,1678924800000
tank_0473,3.2784313725490195,1678924800000
tank_0474,1.3725490196078431,1678924800000
tank_0481,7.101960784313725,1678924800000
tank_0485,0.0,1678924800000
tank_0489,0.0,1678924800000
tank_0491,0.0,1678924800000
tank_0494,7.0,1678924800000
tank_0497,2.0,1678924800000
tank_0498,3.5215686274509803,1678924800000
tank_0502,19.68235294117647,1678924800000
tank_0505,1.615686274509804,1678924800000
tank_0509,0.0,1678924800000
tank_0512,277.0,1678924800000
tank_0514,0.0,1678924800000
tank_0515,0.0,1678924800000
tank_0521,20.0,1678924800000
tank_0524,0.0,1678924800000
tank_0526,45.74901960784314,1678924800000
tank_0533,0.0,1678924800000
tank_0534,4.0,1678924800000
tank_0536,15.0,1678924800000
tank_0537,0.0,1678924800000
tank_0541,0.0,1678924800000
tank_0547,1.0431372549019606,1678924800000
tank_0552,0.0,1678924800000
tank_0555,0.0,1678924800000
tank_0556,0.0,1678924800000
tank_0557,0.0,1678924800000
tank_0560,0.4980392156862745,1678924800000
tank_0561,0.21568627450980393,1678924800000
tank_0566,0.0,1678924800000
tank_0567,0.0,1678924800000
tank_0568,32.831372549019605,1678924800000
tank_0574,80.0,1678924800000
tank_0579,756.4941176470588,1678924800000
tank_0583,220.0,1678924800000
tank_0587,2.011764705882353,1678924800000
tank_0589,0.0,1678924800000
tank_0590,109.0,1678924800000
tank_0592,0.0,1678924800000
tank_0593,0.0,1678924800000
tank_0595,0.0,1678924800000
tank_0600,0.0,1678924800000
tank_0604,0.0,1678924800000
tank_0606,15.0,1678924800000
tank_0607,1.0,1678924800000
tank_0608,904.9960784313726,1678924800000
tank_0610,0.7490196078431373,1678924800000
tank_0611,1.1254901960784314,1678924800000
tank_0612,3.0,1678924800000
tank_0613,1.6941176470588235,1678924800000
tank_0619,4.0,1678924800000
tank_0626,0.0,1678924800000
tank_0627,0.0,1678924800000
tank_0628,0.20784313725490197,1678924800000
tank_0632,8.772549019607844,1678924800000
tank_0633,0.0,1678924800000
tank_0639,0.0,1678924800000
tank_0640,0.0,1678924800000
tank_0641,0.0,1678924800000
tank_0643,3.0,1678924800000
tank_0646,2.0,1678924800000
tank_0663,9.0,1678924800000
tank_0664,24.0,1678924800000
tank_0666,0.0,1678924800000
tank_0667,16.227450980392156,1678924800000
tank_0670,27.0,1678924800000
tank_0675,0.0,1678924800000
tank_0676,555.0,1678924800000
tank_0678,0.0,1678924800000
tank_0681,0.0,1678924800000
tank_0687,22.0,1678924800000
tank_0688,523.7803921568627,1678924800000
tank_0697,0.0,1678924800000
tank_0720,0.0784313725490196,1678924800000
tank_0722,3.0,1678924800000
tank_0724,12.509803921568627,1678924800000
tank_0725,16.0,1678924800000
tank_0728,0.0,1678924800000
tank_0730,0.0,1678924800000
tank_0731,934.0,1678924800000
tank_0732,0.0,1678924800000
tank_0737,590.0,1678924800000
tank_0739,0.6823529411764706,1678924800000
tank_0740,40.10196078431372,1678924800000
tank_0746,0.0,1678924800000
tank_0748,0.0,1678924800000
tank_0749,12.764705882352942,1678924800000
tank_0752,8.301960784313724,1678924800000
tank_0760,0.0,1678924800000
tank_0770,4.658823529411764,1678924800000
tank_0772,1.0,1678924800000
tank_0788,0.0,1678924800000
tank_0789,0.0,1678924800000
tank_0792,138.10588235294117,1678924800000
tank_0797,82.95294117647059,1678924800000
tank_0800,329.0313725490196,1678924800000
tank_0802,10.529411764705884,1678924800000
tank_0803,2.2745098039215685,1678924800000
tank_0808,0.0,1678924800000
tank_0810,31.854901960784314,1678924800000
tank_0811,0.9686274509803922,1678924800000
tank_0812,80.97254901960784,1678924800000
tank_0813,0.0,1678924800000
tank_0816,0.0,1678924800000
tank_0819,11.607843137254902,1678924800000
tank_0823,0.0,1678924800000
tank_0824,516.0,1678924800000
tank_0825,0.0,1678924800000
tank_0828,16.0,1678924800000
tank_0829,71.21176470588236,1678924800000
tank_0830,0.0,1678924800000
tank_0831,11.28235294117647,1678924800000
tank_0844,2.8901960784313725,1678924800000
tank_0852,179.89411764705883,1678924800000
tank_0855,144.0,1678924800000
tank_0856,909.0,1678924800000
tank_0860,39.12156862745098,1678924800000
tank_0861,36.945098039215694,1678924800000
tank_0872,31.96078431372549,1678924800000
tank_0875,277.9019607843137,1678924800000
tank_0879,28.54901960784314,1678924800000
tank_0885,0.0,1678924800000
tank_0891,27.0,1678924800000
tank_0894,1234.0,1678924800000
tank_0898,538.0,1678924800000
tank_0900,109.75294117647057,1678924800000
tank_0901,119.0,1678924800000
tank_0902,113.0,1678924800000
tank_0914,30.95294117647059,1678924800000
tank_0917,503.97254901960787,1678924800000
tank_0919,90.0,1678924800000
tank_0920,34.0,1678924800000
tank_0922,76.0,1678924800000
tank_0923,82.24705882352941,1678924800000
tank_0924,1.0,1678924800000
tank_0926,3.0,1678924800000
tank_0927,9.317647058823528,1678924800000
tank_0928,47.0,1678924800000
tank_0930,191.0,1678924800000
tank_0931,179.0,1678924800000
tank_0933,0.0,1678924800000
tank_0934,0.0,1678924800000
tank_0937,0.0,1678924800000
tank_0938,0.0,1678924800000
tank_0939,0.0,1678924800000
tank_0944,75.0,1678924800000
tank_0946,1.0,1678924800000
tank_0952,52.47843137254902,1678924800000
tank_0958,0.0,1678924800000
tank_0962,1391.0,1678924800000
tank_0967,9.0,1678924800000
tank_0975,0.0,1678924800000
tank_0978,3.0,1678924800000
tank_0990,0.0,1678924800000
tank_0991,320.0,1678924800000
tank_0998,0.0,1678924800000
tank_0999,0.25098039215686274,1678924800000
tank_1003,1207.0,1678924800000
tank_1004,10.768627450980393,1678924800000
tank_1014,485.0,1678924800000
tank_1026,186.0,1678924800000
tank_1031,0.0,1678924800000
tank_1032,7.0,1678924800000
tank_1034,0.0,1678924800000
tank_1042,25.898039215686275,1678924800000
tank_1045,0.0,1678924800000
tank_1049,89.0,1678924800000
tank_1055,2.756862745098039,1678924800000
tank_1061,5.0,1678924800000
tank_1062,5.227450980392157,1678924800000
tank_1064,0.0,1678924800000
tank_1065,0.0,1678924800000
tank_1066,0.0,1678924800000
tank_1070,87.0,1678924800000
tank_1073,45.0,1678924800000
tank_1083,215.0,1678924800000
tank_1086,12.0,1678924800000
tank_1088,8.901960784313726,1678924800000
tank_1089,25.0,1678924800000
tank_1090,65.0,1678924800000
tank_1091,0.0,1678924800000
tank_1094,1167.0,1678924800000
tank_1095,15.0,1678924800000
tank_1104,0.0,1678924800000
tank_1113,28.0,1678924800000
tank_1116,0.0,1678924800000
tank_1117,0.0,1678924800000
tank_1120,82.0,1678924800000
tank_1121,334.0,1678924800000
tank_1124,21.729411764705883,1678924800000
tank_1128,62.0,1678924800000
tank_1134,0.0,1678924800000
tank_1135,65.34509803921569,1678924800000
tank_1146,0.0,1678924800000
tank_1149,6.0,1678924800000
tank_1156,0.0,1678924800000
tank_1157,10.964705882352941,1678924800000
tank_1159,314.0,1678924800000
tank_1160,764.9098039215686,1678924800000
tank_1166,0.0,1678924800000
tank_1170,10.494117647058822,1678924800000
tank_1175,0.0,1678924800000
tank_1177,0.16078431372549018,1678924800000
tank_1179,0.0,1678924800000
tank_1181,163.31372549019608,1678924800000
tank_1186,107.49803921568628,1678924800000
tank_1187,37.20392156862745,1678924800000
tank_1190,7.0,1678924800000
tank_1192,10.0,1678924800000
tank_1196,0.0,1678924800000
tank_1197,1834.0,1678924800000
tank_1201,68.0,1678924800000
tank_1203,8.568627450980392,1678924800000
tank_1205,219.90980392156862,1678924800000
tank_1209,788.0,1678924800000
tank_1217,0.0,1678924800000
tank_1223,3.447058823529412,1678924800000
tank_1226,124.15686274509802,1678924800000
tank_1228,337.0,1678924800000
tank_1230,0.0,1678924800000
tank_1237,37.95294117647059,1678924800000
tank_1239,905.9176470588236,1678924800000
tank_1245,0.0,1678924800000
tank_1246,142.0,1678924800000
tank_1250,0.0,1678924800000
tank_1254,1282.0,1678924800000
tank_1255,4.815686274509804,1678924800000
tank_1258,172.0,1678924800000
tank_1261,0.0,1678924800000
tank_1262,0.0,1678924800000
tank_1263,40.0,1678924800000
tank_1265,4.0,1678924800000
tank_1270,22.549019607843135,1678924800000
tank_1272,13.870588235294118,1678924800000
tank_1275,3.4980392156862745,1678924800000
tank_1276,181.0,1678924800000
tank_1279,20.0,1678924800000
tank_1280,6.768627450980393,1678924800000
tank_1284,0.0,1678924800000
tank_1285,5.447058823529412,1678924800000
tank_1286,212.23529411764707,1678924800000
tank_1290,69.22745098039216,1678924800000
tank_1291,1.0,1678924800000
tank_1293,82.35686274509804,1678924800000
tank_1295,0.0,1678924800000
tank_1297,108.0,1678924800000
tank_1301,117.0,1678924800000
tank_1302,22.0,1678924800000
tank_1304,0.0,1678924800000
tank_1305,90.07058823529411,1678924800000
tank_1313,1017.0,1678924800000
tank_1322,0.0,1678924800000
tank_1325,201.99607843137255,1678924800000
tank_1326,1.0,1678924800000
tank_1344,5.0,1678924800000
tank_1346,8.894117647058824,1678924800000
tank_1349,0.0,1678924800000
tank_1353,712.0,1678924800000
tank_1358,0.0,1678924800000
tank_1359,0.0,1678924800000
tank_1361,426.0,1678924800000
tank_1364,1071.0,1678924800000
tank_1365,0.0,1678924800000
tank_1372,23.0,1678924800000
tank_1374,129.0,1678924800000
tank_1378,403.8666666666667,1678924800000
tank_1380,0.0,1678924800000
tank_1386,333.0,1678924800000
tank_1391,20.0,1678924800000
tank_1393,42.62352941176471,1678924800000
tank_1396,110.0,1678924800000
tank_1397,0.0,1678924800000
tank_1403,7.0,1678924800000
tank_1409,166.0,1678924800000
tank_1412,0.0,1678924800000
tank_1415,0.0,1678924800000
tank_1416,0.0,1678924800000
tank_1421,148.0,1678924800000
tank_1422,0.0,1678924800000
tank_1425,312.0,1678924800000
tank_1426,16.0,1678924800000
tank_1430,0.0,1678924800000
tank_1433,309.0,1678924800000
tank_1438,29.929411764705886,1678924800000
tank_1439,4.0,1678924800000
tank_1441,0.0,1678924800000
tank_1443,0.0,1678924800000
tank_1445,62.529411764705884,1678924800000
tank_1446,26.266666666666666,1678924800000
tank_1450,0.0,1678924800000
tank_1452,0.0,1678924800000
tank_1456,0.0,1678924800000
tank_1466,3.2470588235294118,1678924800000
tank_1471,6.0,1678924800000
tank_1475,513.0,1678924800000
tank_1486,1176.0,1678924800000
tank_1488,157.96470588235294,1678924800000
tank_1491,29.0,1678924800000
tank_1500,46.51372549019608,1678924800000
tank_1505,497.0,1678924800000
tank_1513,533.0,1678924800000
tank_1531,52.0,1678924800000
tank_1536,76.92941176470589,1678924800000
tank_1539,475.0,1678924800000
tank_1541,29.0,1678924800000
tank_1542,13.890196078431373,1678924800000
tank_1547,359.0,1678924800000
tank_1563,16.0,1678924800000
tank_1564,0.0,1678924800000
tank_1565,1561.8901960784315,1678924800000
tank_1567,54.92549019607843,1678924800000
tank_1568,109.0,1678924800000
tank_1573,45.0,1678924800000
tank_1583,5.749019607843137,1678924800000
tank_1587,910.0,1678924800000
tank_1588,0.0,1678924800000
tank_1592,0.0,1678924800000
tank_1594,90.0,1678924800000
tank_1595,0.0,1678924800000
tank_1597,350.11372549019603,1678924800000
tank_1598,0.0,1678924800000
tank_1600,4.117647058823529,1678924800000
tank_1604,0.0,1678924800000
tank_0002,0.0,1679961600000
tank_0004,0.0,1679961600000
tank_0005,0.0,1679961600000
tank_0011,0.0,1679961600000
tank_0014,13.501960784313725,1679961600000
tank_0019,0.0,1679961600000
tank_0024,43.09803921568628,1679961600000
tank_0025,0.0,1679961600000
tank_0026,4.0,1679961600000
tank_0027,0.0,1679961600000
tank_0030,1.7490196078431373,1679961600000
tank_0031,17.0,1679961600000
tank_0036,0.0,1679961600000
tank_0037,1.784313725490196,1679961600000
tank_0038,38.694117647058825,1679961600000
tank_0050,59.73725490196078,1679961600000
tank_0051,1.7372549019607844,1679961600000
tank_0052,0.0,1679961600000
tank_0053,44.184313725490206,1679961600000
tank_0055,0.0,1679961600000
tank_0057,65.95686274509804,1679961600000
tank_0058,4.180392156862745,1679961600000
tank_0064,40.10588235294117,1679961600000
tank_0069,168.98039215686276,1679961600000
tank_0072,57.0,1679961600000
tank_0073,0.0,1679961600000
tank_0080,24.0,1679961600000
tank_0094,0.0,1679961600000
tank_0107,2.0941176470588236,1679961600000
tank_0110,117.09019607843139,1679961600000
tank_0113,46.549019607843135,1679961600000
tank_0115,1.1254901960784314,1679961600000
tank_0116,1.9529411764705882,1679961600000
tank_0117,369.0,1679961600000
tank_0118,5.0,1679961600000
tank_0122,14.0,1679961600000
tank_0125,12.180392156862744,1679961600000
tank_0130,6.858823529411765,1679961600000
tank_0131,0.0,1679961600000
tank_0132,0.0,1679961600000
tank_0134,0.0,1679961600000
tank_0135,7.08235294117647,1679961600000
tank_0142,3.0,1679961600000
tank_0143,36.0,1679961600000
tank_0144,18.0,1679961600000
tank_0148,3.368627450980392,1679961600000
tank_0153,13.0,1679961600000
tank_0156,28.929411764705886,1679961600000
tank_0159,4.8274509803921575,1679961600000
tank_0165,4.490196078431373,1679961600000
tank_0171,0.0,1679961600000
tank_0172,0.0,1679961600000
tank_0174,15.058823529411764,1679961600000
tank_0176,18.0,1679961600000
tank_0184,0.0,1679961600000
tank_0187,2.0,1679961600000
tank_0190,9.231372549019609,1679961600000
tank_0192,0.0,1679961600000
tank_0193,6.372549019607844,1679961600000
tank_0195,15.352941176470589,1679961600000
tank_0199,3.537254901960784,1679961600000
tank_0204,40.0,1679961600000
tank_0205,0.0,1679961600000
tank_0207,0.0,1679961600000
tank_0209,0.0,1679961600000
tank_0213,17.0,1679961600000
tank_0217,29.850980392156863,1679961600000
tank_0220,5.333333333333334,1679961600000
tank_0221,5.568627450980392,1679961600000
tank_0225,16.0,1679961600000
tank_0226,9.0,1679961600000
tank_0228,0.0,1679961600000
tank_0229,2.466666666666667,1679961600000
tank_0231,1.5529411764705883,1679961600000
tank_0233,7.549019607843137,1679961600000
tank_0236,0.0,1679961600000
tank_0237,0.0,1679961600000
tank_0240,0.0,1679961600000
tank_0242,44.0,1679961600000
tank_0245,0.0,1679961600000
tank_0247,657.5294117647059,1679961600000
tank_0256,6.709803921568627,1679961600000
tank_0257,0.0,1679961600000
tank_0260,0.0,1679961600000
tank_0261,0.0,1679961600000
tank_0264,8.0,1679961600000
tank_0273,180.0,1679961600000
tank_0276,0.0,1679961600000
tank_0278,1.6235294117647059,1679961600000
tank_0280,0.0,1679961600000
tank_0291,0.0,1679961600000
tank_0292,20.15686274509803,1679961600000
tank_0296,0.0,1679961600000
tank_0297,20.0,1679961600000
tank_0299,8.788235294117648,1679961600000
tank_0300,6.431372549019608,1679961600000
tank_0301,2.396078431372549,1679961600000
tank_0307,23.0,1679961600000
tank_0309,8.925490196078432,1679961600000
tank_0313,0.0,1679961600000
tank_0314,0.0,1679961600000
tank_0319,10.576470588235294,1679961600000
tank_0321,0.0,1679961600000
tank_0327,0.0,1679961600000
tank_0337,2.0,1679961600000
tank_0338,5.0,1679961600000
tank_0339,58.16862745098038,1679961600000
tank_0342,48.207843137254905,1679961600000
tank_0345,2.0,1679961600000
tank_0346,0.0,1679961600000
tank_0349,421.03137254901964,1679961600000
tank_0350,0.0,1679961600000
tank_0353,11.0,1679961600000
tank_0356,0.0,1679961600000
tank_0360,0.0,1679961600000
tank_0361,8.0,1679961600000
tank_0362,0.0,1679961600000
tank_0364,0.0,1679961600000
tank_0366,15.376470588235293,1679961600000
tank_0369,44.0,1679961600000
tank_0375,0.0,1679961600000
tank_0379,20.95294117647059,1679961600000
tank_0381,0.0,1679961600000
tank_0386,8.0,1679961600000
tank_0390,24.36470588235294,1679961600000
tank_0397,0.0,1679961600000
tank_0399,0.0,1679961600000
tank_0404,330.56470588235294,1679961600000
tank_0409,0.0,1679961600000
tank_0420,0.0,1679961600000
tank_0425,1.5647058823529412,1679961600000
tank_0431,0.0,1679961600000
tank_0432,2.6470588235294117,1679961600000
tank_0435,41.0,1679961600000
tank_0436,0.0,1679961600000
tank_0438,16.313725490196077,1679961600000
tank_0443,0.0,1679961600000
tank_0444,453.0,1679961600000
tank_0447,57.29019607843138,1679961600000
tank_0448,54.909803921568624,1679961600000
tank_0449,8.149019607843137,1679961600000
tank_0455,12.454901960784314,1679961600000
tank_0460,4.325490196078431,1679961600000
tank_0462,351.5764705882353,1679961600000
tank_0466,0.0,1679961600000
tank_0471,0.0,1679961600000
tank_0473,7.129411764705882,1679961600000
tank_0474,0.0,1679961600000
tank_0481,9.866666666666665,1679961600000
tank_0485,0.0,1679961600000
tank_0489,0.0,1679961600000
tank_0491,0.0,1679961600000
tank_0494,12.654901960784313,1679961600000
tank_0497,2.0,1679961600000
tank_0498,3.2470588235294118,1679961600000
tank_0502,5.0,1679961600000
tank_0505,0.0,1679961600000
tank_0509,0.0,1679961600000
tank_0512,259.0,1679961600000
tank_0514,0.0,1679961600000
tank_0515,0.0,1679961600000
tank_0521,16.0,1679961600000
tank_0524,0.6235294117647059,1679961600000
tank_0526,33.0,1679961600000
tank_0533,0.0,1679961600000
tank_0534,0.0,1679961600000
tank_0536,7.0,1679961600000
tank_0537,0.0,1679961600000
tank_0541,0.0,1679961600000
tank_0547,0.0,1679961600000
tank_0552,0.6313725490196078,1679961600000
tank_0555,0.0,1679961600000
tank_0556,0.0,1679961600000
tank_0557,0.12549019607843137,1679961600000
tank_0560,0.996078431372549,1679961600000
tank_0561,0.0,1679961600000
tank_0566,0.0,1679961600000
tank_0567,0.0,1679961600000
tank_0568,11.862745098039216,1679961600000
tank_0574,77.0,1679961600000
tank_0579,586.0,1679961600000
tank_0583,231.0,1679961600000
tank_0587,0.0,1679961600000
tank_0589,0.0,1679961600000
tank_0590,82.0,1679961600000
tank_0592,2.0588235294117645,1679961600000
tank_0593,0.0,1679961600000
tank_0595,0.0,1679961600000
tank_0600,2.411764705882353,1679961600000
tank_0604,0.0,1679961600000
tank_0606,23.0,1679961600000
tank_0607,0.0,1679961600000
tank_0608,842.0,1679961600000
tank_0610,6.87843137254902,1679961600000
tank_0611,0.0,1679961600000
tank_0612,1.423529411764706,1679961600000
tank_0613,0.0,1679961600000
tank_0619,1.0,1679961600000
tank_0626,0.0,1679961600000
tank_0627,0.0,1679961600000
tank_0628,0.0,1679961600000
tank_0632,11.529411764705882,1679961600000
tank_0633,0.0,1679961600000
tank_0639,0.0,1679961600000
tank_0640,0.0,1679961600000
tank_0641,0.0,1679961600000
tank_0643,0.0,1679961600000
tank_0646,0.2980392156862745,1679961600000
tank_0663,8.0,1679961600000
tank_0664,25.737254901960785,1679961600000
tank_0666,0.0,1679961600000
tank_0667,20.01176470588235,1679961600000
tank_0670,23.0,1679961600000
tank_0675,0.6274509803921569,1679961600000
tank_0676,515.0,1679961600000
tank_0678,0.0,1679961600000
tank_0681,0.0,1679961600000
tank_0687,23.0,1679961600000
tank_0688,454.0,1679961600000
tank_0697,0.0,1679961600000
tank_0720,0.0,1679961600000
tank_0722,1.0,1679961600000
tank_0724,10.384313725490196,1679961600000
tank_0725,20.0,1679961600000
tank_0728,0.0,1679961600000
tank_0730,10.654901960784315,1679961600000
tank_0731,933.0,1679961600000
tank_0732,0.0,1679961600000
tank_0737,584.0,1679961600000
tank_0739,0.0,1679961600000
tank_0740,76.23137254901962,1679961600000
tank_0746,0.0,1679961600000
tank_0748,0.0,1679961600000
tank_0749,30.0,1679961600000
tank_0752,1.4980392156862745,1679961600000
tank_0760,5.0,1679961600000
tank_0770,8.615686274509804,1679961600000
tank_0772,0.0,1679961600000
tank_0788,0.0,1679961600000
tank_0789,5.0,1679961600000
tank_0792,125.52549019607844,1679961600000
tank_0797,92.0,1679961600000
tank_0800,319.678431372549,1679961600000
tank_0802,13.847058823529412,1679961600000
tank_0803,2.772549019607843,1679961600000
tank_0808,0.0,1679961600000
tank_0810,25.980392156862745,1679961600000
tank_0811,0.0,1679961600000
tank_0812,69.0,1679961600000
tank_0813,0.0,1679961600000
tank_0816,0.0,1679961600000
tank_0819,18.0,1679961600000
tank_0823,0.0,1679961600000
tank_0824,368.0,1679961600000
tank_0825,0.0,1679961600000
tank_0828,11.0,1679961600000
tank_0829,59.984313725490196,1679961600000
tank_0830,0.0,1679961600000
tank_0831,39.45882352941175,1679961600000
tank_0844,0.0,1679961600000
tank_0852,148.74901960784314,1679961600000
tank_0855,123.0,1679961600000
tank_0856,319.0,1679961600000
tank_0860,50.54117647058824,1679961600000
tank_0861,34.52549019607844,1679961600000
tank_0872,28.0,1679961600000
tank_0875,293.90588235294115,1679961600000
tank_0879,24.99607843137255,1679961600000
tank_0885,1.6,1679961600000
tank_0891,29.0,1679961600000
tank_0894,481.0,1679961600000
tank_0898,355.0,1679961600000
tank_0900,115.57254901960783,1679961600000
tank_0901,112.0,1679961600000
tank_0902,113.0,1679961600000
tank_0914,24.0,1679961600000
tank_0917,463.0,1679961600000
tank_0919,88.92941176470589,1679961600000
tank_0920,26.0,1679961600000
tank_0922,76.0,1679961600000
tank_0923,70.51764705882353,1679961600000
tank_0924,3.0,1679961600000
tank_0926,1.7411764705882353,1679961600000
tank_0927,19.81176470588235,1679961600000
tank_0928,31.0,1679961600000
tank_0930,171.0,1679961600000
tank_0931,240.0,1679961600000
tank_0933,0.0,1679961600000
tank_0934,0.0,1679961600000
tank_0937,0.0,1679961600000
tank_0938,0.0,1679961600000
tank_0939,0.0,1679961600000
tank_0944,73.0,1679961600000
tank_0946,2.0,1679961600000
tank_0952,38.87450980392157,1679961600000
tank_0958,0.4784313725490196,1679961600000
tank_0962,1413.0,1679961600000
tank_0967,9.91764705882353,1679961600000
tank_0975,0.0,1679961600000
tank_0978,8.909803921568628,1679961600000
tank_0990,0.0,1679961600000
tank_0991,292.0,1679961600000
tank_0998,0.0,1679961600000
tank_0999,0.0,1679961600000
tank_1003,362.0,1679961600000
tank_1004,26.0,1679961600000
tank_1014,489.0,1679961600000
tank_1026,187.0,1679961600000
tank_1031,0.0,1679961600000
tank_1032,13.874509803921569,1679961600000
tank_1034,0.0,1679961600000
tank_1042,28.0,1679961600000
tank_1045,0.0,1679961600000
tank_1049,93.0,1679961600000
tank_1055,2.6588235294117646,1679961600000
tank_1061,2.0,1679961600000
tank_1062,3.5058823529411764,1679961600000
tank_1064,0.0,1679961600000
tank_1065,0.0,1679961600000
tank_1066,0.6235294117647059,1679961600000
tank_1070,73.0,1679961600000
tank_1073,59.0,1679961600000
tank_1083,211.0,1679961600000
tank_1086,7.0,1679961600000
tank_1088,8.592156862745098,1679961600000
tank_1089,26.0,1679961600000
tank_1090,42.0,1679961600000
tank_1091,0.0,1679961600000
tank_1094,1327.9803921568628,1679961600000
tank_1095,15.0,1679961600000
tank_1104,1.4980392156862745,1679961600000
tank_1113,30.0,1679961600000
tank_1116,5.333333333333333,1679961600000
tank_1117,0.0,1679961600000
tank_1120,66.0,1679961600000
tank_1121,358.0,1679961600000
tank_1124,22.96470588235294,1679961600000
tank_1128,58.0,1679961600000
tank_1134,0.7058823529411764,1679961600000
tank_1135,72.59607843137253,1679961600000
tank_1146,8.0,1679961600000
tank_1149,9.694117647058825,1679961600000
tank_1156,0.0,1679961600000
tank_1157,19.486274509803927,1679961600000
tank_1159,301.0,1679961600000
tank_1160,782.0,1679961600000
tank_1166,0.0,1679961600000
tank_1170,10.149019607843137,1679961600000
tank_1175,0.0,1679961600000
tank_1177,8.752941176470586,1679961600000
tank_1179,9.709803921568627,1679961600000
tank_1181,187.31764705882352,1679961600000
tank_1186,121.0,1679961600000
tank_1187,27.27843137254902,1679961600000
tank_1190,17.0,1679961600000
tank_1192,9.0,1679961600000
tank_1196,0.0,1679961600000
tank_1197,1708.0,1679961600000
tank_1201,82.0,1679961600000
tank_1203,0.0,1679961600000
tank_1205,223.90980392156862,1679961600000
tank_1209,689.0,1679961600000
tank_1217,0.0,1679961600000
tank_1223,0.0,1679961600000
tank_1226,129.8941176470588,1679961600000
tank_1228,363.0,1679961600000
tank_1230,0.0,1679961600000
tank_1237,40.0,1679961600000
tank_1239,1012.0,1679961600000
tank_1245,0.0,1679961600000
tank_1246,132.0,1679961600000
tank_1250,0.0,1679961600000
tank_1254,956.0,1679961600000
tank_1255,15.0,1679961600000
tank_1258,159.92549019607844,1679961600000
tank_1261,1.0156862745098039,1679961600000
tank_1262,8.623529411764705,1679961600000
tank_1263,43.0,1679961600000
tank_1265,17.0,1679961600000
tank_1270,20.0,1679961600000
tank_1272,22.99607843137255,1679961600000
tank_1275,8.309803921568626,1679961600000
tank_1276,209.9764705882353,1679961600000
tank_1279,16.992156862745098,1679961600000
tank_1280,5.309803921568627,1679961600000
tank_1284,0.0,1679961600000
tank_1285,6.949019607843137,1679961600000
tank_1286,227.00392156862745,1679961600000
tank_1290,80.6470588235294,1679961600000
tank_1291,0.0,1679961600000
tank_1293,83.53333333333333,1679961600000
tank_1295,4.0,1679961600000
tank_1297,106.0,1679961600000
tank_1301,109.0,1679961600000
tank_1302,24.0,1679961600000
tank_1304,0.8196078431372549,1679961600000
tank_1305,88.98039215686273,1679961600000
tank_1313,1163.0,1679961600000
tank_1322,0.0,1679961600000
tank_1325,209.97254901960784,1679961600000
tank_1326,0.0,1679961600000
tank_1344,10.95294117647059,1679961600000
tank_1346,15.819607843137256,1679961600000
tank_1349,0.0,1679961600000
tank_1353,1063.0,1679961600000
tank_1358,0.0,1679961600000
tank_1359,0.0,1679961600000
tank_1361,706.0,1679961600000
tank_1364,1373.0,1679961600000
tank_1365,0.0,1679961600000
tank_1372,24.0,1679961600000
tank_1374,164.0,1679961600000
tank_1378,383.0,1679961600000
tank_1380,5.0,1679961600000
tank_1386,331.0,1679961600000
tank_1391,14.0,1679961600000
tank_1393,36.9607843137255,1679961600000
tank_1396,128.0,1679961600000
tank_1397,0.0,1679961600000
tank_1403,7.0,1679961600000
tank_1409,124.0,1679961600000
tank_1412,0.0,1679961600000
tank_1415,0.0,1679961600000
tank_1416,0.0,1679961600000
tank_1421,174.0,1679961600000
tank_1422,0.0,1679961600000
tank_1425,380.0,1679961600000
tank_1426,17.0,1679961600000
tank_1430,0.0,1679961600000
tank_1433,358.0,1679961600000
tank_1438,21.278431372549022,1679961600000
tank_1439,8.050980392156863,1679961600000
tank_1441,0.0,1679961600000
tank_1443,0.0,1679961600000
tank_1445,59.529411764705884,1679961600000
tank_1446,24.317647058823532,1679961600000
tank_1450,0.0,1679961600000
tank_1452,0.0,1679961600000
tank_1456,0.0,1679961600000
tank_1466,4.0,1679961600000
tank_1471,10.0,1679961600000
tank_1475,254.0,1679961600000
tank_1486,1294.0,1679961600000
tank_1488,158.9686274509804,1679961600000
tank_1491,15.0,1679961600000
tank_1500,29.407843137254904,1679961600000
tank_1505,391.0,1679961600000
tank_1513,362.0,1679961600000
tank_1531,44.0,1679961600000
tank_1536,73.86666666666667,1679961600000
tank_1539,448.0,1679961600000
tank_1541,20.0,1679961600000
tank_1542,11.0,1679961600000
tank_1547,368.0,1679961600000
tank_1563,22.250980392156862,1679961600000
tank_1564,0.0,1679961600000
tank_1565,1628.0,1679961600000
tank_1567,55.0,1679961600000
tank_1568,99.0,1679961600000
tank_1573,45.0,1679961600000
tank_1583,0.0,1679961600000
tank_1587,857.0,1679961600000
tank_1588,0.0,1679961600000
tank_1592,0.0,1679961600000
tank_1594,93.0,1679961600000
tank_1595,2.0,1679961600000
tank_1597,360.2470588235294,1679961600000
tank_1598,5.1803921568627445,1679961600000
tank_1600,12.28627450980392,1679961600000
tank_1604,0.0,1679961600000
tank_0002,0.0,1680998400000
tank_0004,0.0,1680998400000
tank_0005,0.0,1680998400000
tank_0011,0.0,1680998400000
tank_0014,32.9921568627451,1680998400000
tank_0019,0.0,1680998400000
tank_0024,34.325490196078434,1680998400000
tank_0025,0.0,1680998400000
tank_0026,0.0,1680998400000
tank_0027,0.0,1680998400000
tank_0030,0.050980392156862744,1680998400000
tank_0031,20.0,1680998400000
tank_0036,0.0,1680998400000
tank_0037,0.0,1680998400000
tank_0038,37.705882352941174,1680998400000
tank_0050,50.227450980392156,1680998400000
tank_0051,3.294117647058824,1680998400000
tank_0052,0.603921568627451,1680998400000
tank_0053,39.95294117647058,1680998400000
tank_0055,0.0,1680998400000
tank_0057,61.956862745098036,1680998400000
tank_0058,2.1019607843137256,1680998400000
tank_0064,36.50588235294118,1680998400000
tank_0069,132.7686274509804,1680998400000
tank_0072,54.0,1680998400000
tank_0073,0.0,1680998400000
tank_0080,25.0,1680998400000
tank_0094,0.0,1680998400000
tank_0107,2.756862745098039,1680998400000
tank_0110,79.32549019607843,1680998400000
tank_0113,48.34509803921568,1680998400000
tank_0115,0.0,1680998400000
tank_0116,5.541176470588235,1680998400000
tank_0117,297.0,1680998400000
tank_0118,0.0,1680998400000
tank_0122,25.0,1680998400000
tank_0125,1.83921568627451,1680998400000
tank_0130,3.8745098039215686,1680998400000
tank_0131,0.0,1680998400000
tank_0132,0.0,1680998400000
tank_0134,0.0,1680998400000
tank_0135,6.921568627450981,1680998400000
tank_0142,0.0,1680998400000
tank_0143,31.870588235294115,1680998400000
tank_0144,22.0,1680998400000
tank_0148,14.572549019607841,1680998400000
tank_0153,0.0,1680998400000
tank_0156,20.07843137254902,1680998400000
tank_0159,0.0,1680998400000
tank_0165,0.0,1680998400000
tank_0171,0.0,1680998400000
tank_0172,0.0,1680998400000
tank_0174,4.0,1680998400000
tank_0176,17.172549019607843,1680998400000
tank_0184,0.0,1680998400000
tank_0187,0.0,1680998400000
tank_0190,4.850980392156862,1680998400000
tank_0192,0.0,1680998400000
tank_0193,9.741176470588236,1680998400000
tank_0195,8.584313725490196,1680998400000
tank_0199,7.713725490196078,1680998400000
tank_0204,39.0,1680998400000
tank_0205,0.5019607843137255,1680998400000
tank_0207,3.0,1680998400000
tank_0209,0.0,1680998400000
tank_0213,1.0,1680998400000
tank_0217,21.0,1680998400000
tank_0220,0.0,1680998400000
tank_0221,3.4980392156862745,1680998400000
tank_0225,15.0,1680998400000
tank_0226,13.0,1680998400000
tank_0228,0.0,1680998400000
tank_0229,6.9411764705882355,1680998400000
tank_0231,2.0627450980392155,1680998400000
tank_0233,5.0,1680998400000
tank_0236,0.09411764705882353,1680998400000
tank_0237,0.0,1680998400000
tank_0240,0.0,1680998400000
tank_0242,25.807843137254903,1680998400000
tank_0245,0.0392156862745098,1680998400000
tank_0247,643.4392156862745,1680998400000
tank_0256,4.815686274509804,1680998400000
tank_0257,0.0,1680998400000
tank_0260,1.3333333333333335,1680998400000
tank_0261,0.0,1680998400000
tank_0264,0.0,1680998400000
tank_0273,152.0,1680998400000
tank_0276,0.4549019607843137,1680998400000
tank_0278,3.1019607843137256,1680998400000
tank_0280,0.0,1680998400000
tank_0291,0.0,1680998400000
tank_0292,8.0,1680998400000
tank_0296,0.0,1680998400000
tank_0297,14.87058823529412,1680998400000
tank_0299,0.34901960784313724,1680998400000
tank_0300,8.772549019607842,1680998400000
tank_0301,0.7490196078431373,1680998400000
tank_0307,14.0,1680998400000
tank_0309,8.0,1680998400000
tank_0313,2.0,1680998400000
tank_0314,0.6705882352941176,1680998400000
tank_0319,0.0,1680998400000
tank_0321,0.0,1680998400000
tank_0327,0.0,1680998400000
tank_0337,3.9215686274509807,1680998400000
tank_0338,12.0,1680998400000
tank_0339,62.72156862745097,1680998400000
tank_0342,33.576470588235296,1680998400000
tank_0345,5.984313725490196,1680998400000
tank_0346,0.0,1680998400000
tank_0349,376.47843137254904,1680998400000
tank_0350,0.0,1680998400000
tank_0353,10.0,1680998400000
tank_0356,0.0,1680998400000
tank_0360,0.0,1680998400000
tank_0361,12.003921568627451,1680998400000
tank_0362,0.047058823529411764,1680998400000
tank_0364,0.0,1680998400000
tank_0366,15.95686274509804,1680998400000
tank_0369,49.0,1680998400000
tank_0375,0.0,1680998400000
tank_0379,20.015686274509804,1680998400000
tank_0381,0.0,1680998400000
tank_0386,9.0,1680998400000
tank_0390,12.866666666666667,1680998400000
tank_0397,0.0,1680998400000
tank_0399,0.0,1680998400000
tank_0404,322.64705882352933,1680998400000
tank_0409,5.752941176470588,1680998400000
tank_0420,0.0,1680998400000
tank_0425,0.0,1680998400000
tank_0431,0.0,1680998400000
tank_0432,1.5960784313725491,1680998400000
tank_0435,36.0,1680998400000
tank_0436,0.592156862745098,1680998400000
tank_0438,17.0,1680998400000
tank_0443,2.3411764705882354,1680998400000
tank_0444,425.0,1680998400000
tank_0447,81.47058823529412,1680998400000
tank_0448,39.909803921568624,1680998400000
tank_0449,0.0,1680998400000
tank_0455,8.525490196078431,1680998400000
tank_0460,0.0,1680998400000
tank_0462,334.50588235294117,1680998400000
tank_0466,0.0,1680998400000
tank_0471,0.2627450980392157,1680998400000
tank_0473,11.270588235294118,1680998400000
tank_0474,0.4980392156862745,1680998400000
tank_0481,11.168627450980392,1680998400000
tank_0485,0.0,1680998400000
tank_0489,0.0,1680998400000
tank_0491,0.0,1680998400000
tank_0494,4.411764705882353,1680998400000
tank_0497,0.0,1680998400000
tank_0498,7.592156862745099,1680998400000
tank_0502,1.0,1680998400000
tank_0505,4.886274509803921,1680998400000
tank_0509,0.0,1680998400000
tank_0512,256.0,1680998400000
tank_0514,0.0,1680998400000
tank_0515,0.0,1680998400000
tank_0521,13.0,1680998400000
tank_0524,0.13333333333333333,1680998400000
tank_0526,27.0,1680998400000
tank_0533,0.0,1680998400000
tank_0534,1.3568627450980393,1680998400000
tank_0536,10.0,1680998400000
tank_0537,0.0,1680998400000
tank_0541,0.0,1680998400000
tank_0547,2.188235294117647,1680998400000
tank_0552,6.070588235294117,1680998400000
tank_0555,0.0,1680998400000
tank_0556,2.1176470588235294,1680998400000
tank_0557,6.250980392156862,1680998400000
tank_0560,0.0,1680998400000
tank_0561,0.0,1680998400000
tank_0566,0.0,1680998400000
tank_0567,0.0,1680998400000
tank_0568,45.46274509803923,1680998400000
tank_0574,70.0,1680998400000
tank_0579,992.5960784313726,1680998400000
tank_0583,222.0,1680998400000
tank_0587,0.0,1680998400000
tank_0589,0.0,1680998400000
tank_0590,71.0,1680998400000
tank_0592,0.0,1680998400000
tank_0593,0.0,1680998400000
tank_0595,0.0,1680998400000
tank_0600,2.0,1680998400000
tank_0604,0.0,1680998400000
tank_0606,11.0,1680998400000
tank_0607,3.137254901960784,1680998400000
tank_0608,816.0,1680998400000
tank_0610,0.0,1680998400000
tank_0611,0.0,1680998400000
tank_0612,2.1254901960784314,1680998400000
tank_0613,0.0,1680998400000
tank_0619,0.0,1680998400000
tank_0626,0.0,1680998400000
tank_0627,0.0,1680998400000
tank_0628,0.0,1680998400000
tank_0632,11.91764705882353,1680998400000
tank_0633,0.0,1680998400000
tank_0639,1.988235294117647,1680998400000
tank_0640,0.0,1680998400000
tank_0641,0.0,1680998400000
tank_0643,10.325490196078432,1680998400000
tank_0646,0.0,1680998400000
tank_0663,10.901960784313726,1680998400000
tank_0664,20.0,1680998400000
tank_0666,2.0,1680998400000
tank_0667,21.46666666666667,1680998400000
tank_0670,24.0,1680998400000
tank_0675,0.0,1680998400000
tank_0676,554.0,1680998400000
tank_0678,0.0,1680998400000
tank_0681,0.0,1680998400000
tank_0687,13.0,1680998400000
tank_0688,505.0,1680998400000
tank_0697,0.0,1680998400000
tank_0720,1.2941176470588236,1680998400000
tank_0722,1.0,1680998400000
tank_0724,10.94901960784314,1680998400000
tank_0725,12.0,1680998400000
tank_0728,2.772549019607843,1680998400000
tank_0730,0.8745098039215686,1680998400000
tank_0731,919.0,1680998400000
tank_0732,0.0,1680998400000
tank_0737,597.0,1680998400000
tank_0739,0.0,1680998400000
tank_0740,56.599999999999994,1680998400000
tank_0746,0.0,1680998400000
tank_0748,5.0,1680998400000
tank_0749,12.92156862745098,1680998400000
tank_0752,5.866666666666667,1680998400000
tank_0760,0.0,1680998400000
tank_0770,6.725490196078431,1680998400000
tank_0772,0.0,1680998400000
tank_0788,0.0,1680998400000
tank_0789,8.0,1680998400000
tank_0792,122.01176470588233,1680998400000
tank_0797,91.11372549019609,1680998400000
tank_0800,310.0196078431373,1680998400000
tank_0802,11.862745098039216,1680998400000
tank_0803,0.0,1680998400000
tank_0808,0.0,1680998400000
tank_0810,23.854901960784314,1680998400000
tank_0811,5.2627450980392165,1680998400000
tank_0812,73.0,1680998400000
tank_0813,0.32941176470588235,1680998400000
tank_0816,0.0,1680998400000
tank_0819,8.654901960784313,1680998400000
tank_0823,0.0,1680998400000
tank_0824,420.0,1680998400000
tank_0825,0.0,1680998400000
tank_0828,13.0,1680998400000
tank_0829,60.58039215686274,1680998400000
tank_0830,0.0,1680998400000
tank_0831,36.509803921568626,1680998400000
tank_0844,0.0,1680998400000
tank_0852,116.66274509803921,1680998400000
tank_0855,133.0,1680998400000
tank_0856,828.0,1680998400000
tank_0860,35.682352941176475,1680998400000
tank_0861,22.701960784313727,1680998400000
tank_0872,27.0,1680998400000
tank_0875,270.2549019607843,1680998400000
tank_0879,19.690196078431374,1680998400000
tank_0885,0.0,1680998400000
tank_0891,24.549019607843135,1680998400000
tank_0894,1288.0,1680998400000
tank_0898,457.87450980392157,1680998400000
tank_0900,104.55686274509803,1680998400000
tank_0901,113.0,1680998400000
tank_0902,48.0,1680998400000
tank_0914,0.0,1680998400000
tank_0917,385.97254901960787,1680998400000
tank_0919,61.0,1680998400000
tank_0920,25.972549019607843,1680998400000
tank_0922,67.0,1680998400000
tank_0923,99.92941176470588,1680998400000
tank_0924,2.0,1680998400000
tank_0926,2.772549019607843,1680998400000
tank_0927,9.6078431372549,1680998400000
tank_0928,44.0,1680998400000
tank_0930,160.0,1680998400000
tank_0931,231.0,1680998400000
tank_0933,0.0,1680998400000
tank_0934,0.0,1680998400000
tank_0937,0.0,1680998400000
tank_0938,0.0,1680998400000
tank_0939,0.0,1680998400000
tank_0944,82.0,1680998400000
tank_0946,0.0,1680998400000
tank_0952,38.423529411764704,1680998400000
tank_0958,0.4745098039215686,1680998400000
tank_0962,1506.0,1680998400000
tank_0967,6.0,1680998400000
tank_0975,0.0,1680998400000
tank_0978,0.0,1680998400000
tank_0990,0.0,1680998400000
tank_0991,274.0,1680998400000
tank_0998,0.0,1680998400000
tank_0999,0.0,1680998400000
tank_1003,1011.0,1680998400000
tank_1004,6.870588235294118,1680998400000
tank_1014,437.0,1680998400000
tank_1026,184.0,1680998400000
tank_1031,0.0,1680998400000
tank_1032,12.79607843137255,1680998400000
tank_1034,0.0,1680998400000
tank_1042,21.0,1680998400000
tank_1045,0.0,1680998400000
tank_1049,89.0,1680998400000
tank_1055,5.219607843137254,1680998400000
tank_1061,4.0,1680998400000
tank_1062,6.258823529411766,1680998400000
tank_1064,0.0,1680998400000
tank_1065,0.0,1680998400000
tank_1066,4.0,1680998400000
tank_1070,56.0,1680998400000
tank_1073,45.0,1680998400000
tank_1083,207.0,1680998400000
tank_1086,3.0,1680998400000
tank_1088,12.501960784313725,1680998400000
tank_1089,25.0,1680998400000
tank_1090,7.0,1680998400000
tank_1091,0.0,1680998400000
tank_1094,1277.0,1680998400000
tank_1095,13.874509803921569,1680998400000
tank_1104,0.0,1680998400000
tank_1113,33.0,1680998400000
tank_1116,3.215686274509804,1680998400000
tank_1117,0.0,1680998400000
tank_1120,62.0,1680998400000
tank_1121,322.0,1680998400000
tank_1124,16.96470588235294,1680998400000
tank_1128,48.0,1680998400000
tank_1134,0.0,1680998400000
tank_1135,61.8156862745098,1680998400000
tank_1146,8.0,1680998400000
tank_1149,3.4196078431372547,1680998400000
tank_1156,0.0,1680998400000
tank_1157,16.764705882352942,1680998400000
tank_1159,298.0,1680998400000
tank_1160,627.0,1680998400000
tank_1166,0.0,1680998400000
tank_1170,15.607843137254902,1680998400000
tank_1175,0.0,1680998400000
tank_1177,0.0,1680998400000
tank_1179,7.537254901960784,1680998400000
tank_1181,177.85882352941178,1680998400000
tank_1186,103.0,1680998400000
tank_1187,17.462745098039214,1680998400000
tank_1190,17.0,1680998400000
tank_1192,4.0,1680998400000
tank_1196,0.0,1680998400000
tank_1197,1851.0,1680998400000
tank_1201,74.0,1680998400000
tank_1203,16.47450980392157,1680998400000
tank_1205,176.0,1680998400000
tank_1209,500.0,1680998400000
tank_1217,0.0,1680998400000
tank_1223,0.0,1680998400000
tank_1226,131.42745098039214,1680998400000
tank_1228,277.0,1680998400000
tank_1230,0.0,1680998400000
tank_1237,33.42745098039215,1680998400000
tank_1239,985.9176470588236,1680998400000
tank_1245,0.0,1680998400000
tank_1246,121.0,1680998400000
tank_1250,0.0,1680998400000
tank_1254,727.0,1680998400000
tank_1255,14.168627450980392,1680998400000
tank_1258,179.0,1680998400000
tank_1261,0.44313725490196076,1680998400000
tank_1262,6.87843137254902,1680998400000
tank_1263,34.0,1680998400000
tank_1265,16.0,1680998400000
tank_1270,19.890196078431373,1680998400000
tank_1272,17.745098039215687,1680998400000
tank_1275,6.823529411764706,1680998400000
tank_1276,172.0,1680998400000
tank_1279,8.0,1680998400000
tank_1280,4.984313725490196,1680998400000
tank_1284,0.0,1680998400000
tank_1285,8.913725490196079,1680998400000
tank_1286,125.98039215686275,1680998400000
tank_1290,78.13333333333334,1680998400000
tank_1291,0.0,1680998400000
tank_1293,85.83921568627451,1680998400000
tank_1295,0.0,1680998400000
tank_1297,100.0,1680998400000
tank_1301,102.0,1680998400000
tank_1302,22.0,1680998400000
tank_1304,0.0,1680998400000
tank_1305,86.07058823529411,1680998400000
tank_1313,1072.0,1680998400000
tank_1322,0.0,1680998400000
tank_1325,203.59607843137255,1680998400000
tank_1326,0.0,1680998400000
tank_1344,3.0,1680998400000
tank_1346,7.870588235294118,1680998400000
tank_1349,0.0,1680998400000
tank_1353,990.0,1680998400000
tank_1358,0.0,1680998400000
tank_1359,0.0,1680998400000
tank_1361,879.0,1680998400000
tank_1364,1338.0,1680998400000
tank_1365,0.0,1680998400000
tank_1372,11.0,1680998400000
tank_1374,144.0,1680998400000
tank_1378,357.0,1680998400000
tank_1380,9.0,1680998400000
tank_1386,299.0,1680998400000
tank_1391,18.0,1680998400000
tank_1393,36.752941176470586,1680998400000
tank_1396,84.0,1680998400000
tank_1397,0.0,1680998400000
tank_1403,3.0,1680998400000
tank_1409,109.0,1680998400000
tank_1412,0.0,1680998400000
tank_1415,0.0,1680998400000
tank_1416,0.0,1680998400000
tank_1421,137.0,1680998400000
tank_1422,0.0,1680998400000
tank_1425,417.0,1680998400000
tank_1426,10.0,1680998400000
tank_1430,0.0,1680998400000
tank_1433,289.0,1680998400000
tank_1438,15.831372549019608,1680998400000
tank_1439,6.0,1680998400000
tank_1441,2.8,1680998400000
tank_1443,0.0,1680998400000
tank_1445,58.0,1680998400000
tank_1446,22.980392156862745,1680998400000
tank_1450,0.0,1680998400000
tank_1452,0.0,1680998400000
tank_1456,0.0,1680998400000
tank_1466,6.623529411764705,1680998400000
tank_1471,4.0,1680998400000
tank_1475,515.9411764705883,1680998400000
tank_1486,1288.0,1680998400000
tank_1488,140.8313725490196,1680998400000
tank_1491,21.0,1680998400000
tank_1500,49.47058823529412,1680998400000
tank_1505,486.0,1680998400000
tank_1513,496.0,1680998400000
tank_1531,35.0,1680998400000
tank_1536,64.96470588235294,1680998400000
tank_1539,536.0,1680998400000
tank_1541,11.0,1680998400000
tank_1542,10.0,1680998400000
tank_1547,349.0,1680998400000
tank_1563,7.0,1680998400000
tank_1564,0.0,1680998400000
tank_1565,306.9764705882353,1680998400000
tank_1567,44.92549019607843,1680998400000
tank_1568,95.0,1680998400000
tank_1573,31.0,1680998400000
tank_1583,1.0,1680998400000
tank_1587,893.7843137254902,1680998400000
tank_1588,0.0,1680998400000
tank_1592,0.0,1680998400000
tank_1594,76.0,1680998400000
tank_1595,3.0,1680998400000
tank_1597,354.9254901960784,1680998400000
tank_1598,0.0,1680998400000
tank_1600,2.0,1680998400000
tank_1604,0.0,1680998400000
tank_0002,0.3607843137254902,1682035200000
tank_0004,0.0,1682035200000
tank_0005,0.0,1682035200000
tank_0011,0.0,1682035200000
tank_0014,32.772549019607844,1682035200000
tank_0019,2.5058823529411764,1682035200000
tank_0024,46.690196078431384,1682035200000
tank_0025,0.0,1682035200000
tank_0026,0.0,1682035200000
tank_0027,0.0,1682035200000
tank_0030,0.0,1682035200000
tank_0031,1.0,1682035200000
tank_0036,2.0,1682035200000
tank_0037,0.0,1682035200000
tank_0038,27.619607843137256,1682035200000
tank_0050,59.019607843137244,1682035200000
tank_0051,0.0,1682035200000
tank_0052,3.0,1682035200000
tank_0053,48.101960784313725,1682035200000
tank_0055,0.0,1682035200000
tank_0057,64.0,1682035200000
tank_0058,0.6078431372549019,1682035200000
tank_0064,36.97254901960784,1682035200000
tank_0069,125.67058823529412,1682035200000
tank_0072,19.0,1682035200000
tank_0073,0.0,1682035200000
tank_0080,24.0,1682035200000
tank_0094,0.0,1682035200000
tank_0107,6.098039215686274,1682035200000
tank_0110,46.28235294117647,1682035200000
tank_0113,48.96470588235294,1682035200000
tank_0115,0.0,1682035200000
tank_0116,2.1372549019607843,1682035200000
tank_0117,146.0,1682035200000
tank_0118,0.0,1682035200000
tank_0122,8.0,1682035200000
tank_0125,0.0,1682035200000
tank_0130,8.054901960784314,1682035200000
tank_0131,0.0,1682035200000
tank_0132,0.0,1682035200000
tank_0134,0.0,1682035200000
tank_0135,2.0,1682035200000
tank_0142,5.0,1682035200000
tank_0143,6.32156862745098,1682035200000
tank_0144,9.0,1682035200000
tank_0148,13.0,1682035200000
tank_0153,0.0,1682035200000
tank_0156,43.96862745098039,1682035200000
tank_0159,0.0,1682035200000
tank_0165,2.4901960784313726,1682035200000
tank_0171,0.0,1682035200000
tank_0172,0.0,1682035200000
tank_0174,0.0,1682035200000
tank_0176,24.4,1682035200000
tank_0184,0.0,1682035200000
tank_0187,0.0,1682035200000
tank_0190,10.694117647058825,1682035200000
tank_0192,1.6274509803921569,1682035200000
tank_0193,17.623529411764704,1682035200000
tank_0195,9.984313725490196,1682035200000
tank_0199,6.105882352941176,1682035200000
tank_0204,40.752941176470586,1682035200000
tank_0205,0.0,1682035200000
tank_0207,0.0,1682035200000
tank_0209,0.0,1682035200000
tank_0213,8.0,1682035200000
tank_0217,1.0,1682035200000
tank_0220,0.0,1682035200000
tank_0221,8.16078431372549,1682035200000
tank_0225,0.0,1682035200000
tank_0226,8.125490196078431,1682035200000
tank_0228,0.0,1682035200000
tank_0229,0.0,1682035200000
tank_0231,1.5529411764705883,1682035200000
tank_0233,11.0,1682035200000
tank_0236,0.0,1682035200000
tank_0237,0.0,1682035200000
tank_0240,0.0,1682035200000
tank_0242,15.807843137254903,1682035200000
tank_0245,5.799999999999999,1682035200000
tank_0247,225.0,1682035200000
tank_0256,9.949019607843137,1682035200000
tank_0257,0.0,1682035200000
tank_0260,0.4980392156862745,1682035200000
tank_0261,3.0,1682035200000
tank_0264,0.0,1682035200000
tank_0273,42.0,1682035200000
tank_0276,0.0,1682035200000
tank_0278,0.0,1682035200000
tank_0280,0.0,1682035200000
tank_0291,0.0,1682035200000
tank_0292,8.568627450980392,1682035200000
tank_0296,0.0,1682035200000
tank_0297,18.63921568627451,1682035200000
tank_0299,9.850980392156863,1682035200000
tank_0300,13.588235294117645,1682035200000
tank_0301,0.7490196078431373,1682035200000
tank_0307,7.0,1682035200000
tank_0309,3.0,1682035200000
tank_0313,0.0,1682035200000
tank_0314,1.96078431372549,1682035200000
tank_0319,0.0,1682035200000
tank_0321,2.0980392156862746,1682035200000
tank_0327,0.9450980392156862,1682035200000
tank_0337,1.0,1682035200000
tank_0338,3.0,1682035200000
tank_0339,36.898039215686275,1682035200000
tank_0342,31.776470588235295,1682035200000
tank_0345,4.984313725490196,1682035200000
tank_0346,0.0,1682035200000
tank_0349,202.65490196078431,1682035200000
tank_0350,0.0,1682035200000
tank_0353,14.003921568627451,1682035200000
tank_0356,0.0,1682035200000
tank_0360,1.0,1682035200000
tank_0361,17.011764705882353,1682035200000
tank_0362,2.56078431372549,1682035200000
tank_0364,0.0,1682035200000
tank_0366,5.20392156862745,1682035200000
tank_0369,10.0,1682035200000
tank_0375,0.0,1682035200000
tank_0379,31.0,1682035200000
tank_0381,0.0,1682035200000
tank_0386,7.0,1682035200000
tank_0390,11.0,1682035200000
tank_0397,0.0,1682035200000
tank_0399,20.250980392156865,1682035200000
tank_0404,249.72156862745098,1682035200000
tank_0409,3.203921568627451,1682035200000
tank_0420,0.0,1682035200000
tank_0425,0.0,1682035200000
tank_0431,0.0,1682035200000
tank_0432,1.0,1682035200000
tank_0435,4.0,1682035200000
tank_0436,0.0,1682035200000
tank_0438,16.776470588235295,1682035200000
tank_0443,0.0,1682035200000
tank_0444,249.0,1682035200000
tank_0447,32.03921568627451,1682035200000
tank_0448,37.98039215686275,1682035200000
tank_0449,1.0,1682035200000
tank_0455,12.67450980392157,1682035200000
tank_0460,0.0,1682035200000
tank_0462,69.83921568627451,1682035200000
tank_0466,1.0,1682035200000
tank_0471,0.0,1682035200000
tank_0473,10.521568627450982,1682035200000
tank_0474,0.0,1682035200000
tank_0481,18.992156862745095,1682035200000
tank_0485,0.0,1682035200000
tank_0489,0.0,1682035200000
tank_0491,0.24313725490196078,1682035200000
tank_0494,14.607843137254903,1682035200000
tank_0497,0.0,1682035200000
tank_0498,3.2823529411764705,1682035200000
tank_0502,0.0,1682035200000
tank_0505,4.482352941176471,1682035200000
tank_0509,0.0,1682035200000
tank_0512,129.0,1682035200000
tank_0514,0.0,1682035200000
tank_0515,0.0,1682035200000
tank_0521,6.0,1682035200000
tank_0524,4.0,1682035200000
tank_0526,5.0,1682035200000
tank_0533,0.0,1682035200000
tank_0534,0.0,1682035200000
tank_0536,0.0,1682035200000
tank_0537,0.0,1682035200000
tank_0541,0.0,1682035200000
tank_0547,3.0,1682035200000
tank_0552,1.007843137254902,1682035200000
tank_0555,0.0,1682035200000
tank_0556,0.0,1682035200000
tank_0557,0.0,1682035200000
tank_0560,0.0,1682035200000
tank_0561,0.023529411764705882,1682035200000
tank_0566,0.0,1682035200000
tank_0567,0.0,1682035200000
tank_0568,31.109803921568627,1682035200000
tank_0574,35.0,1682035200000
tank_0579,374.0,1682035200000
tank_0583,198.0,1682035200000
tank_0587,0.0,1682035200000
tank_0589,0.0,1682035200000
tank_0590,20.0,1682035200000
tank_0592,0.0,1682035200000
tank_0593,0.0,1682035200000
tank_0595,0.0,1682035200000
tank_0600,0.054901960784313725,1682035200000
tank_0604,0.0,1682035200000
tank_0606,6.0,1682035200000
tank_0607,0.0,1682035200000
tank_0608,371.0,1682035200000
tank_0610,2.0,1682035200000
tank_0611,0.0,1682035200000
tank_0612,0.0,1682035200000
tank_0613,1.0,1682035200000
tank_0619,0.0,1682035200000
tank_0626,0.0,1682035200000
tank_0627,0.0,1682035200000
tank_0628,0.0,1682035200000
tank_0632,11.91764705882353,1682035200000
tank_0633,0.0,1682035200000
tank_0639,0.5803921568627451,1682035200000
tank_0640,0.0,1682035200000
tank_0641,0.0,1682035200000
tank_0643,24.121568627450984,1682035200000
tank_0646,2.0,1682035200000
tank_0663,10.0,1682035200000
tank_0664,7.0,1682035200000
tank_0666,6.768627450980392,1682035200000
tank_0667,21.317647058823532,1682035200000
tank_0670,14.0,1682035200000
tank_0675,0.0,1682035200000
tank_0676,292.0,1682035200000
tank_0678,5.658823529411765,1682035200000
tank_0681,1.9686274509803923,1682035200000
tank_0687,6.0,1682035200000
tank_0688,52.0,1682035200000
tank_0697,0.0,1682035200000
tank_0720,0.42745098039215684,1682035200000
tank_0722,11.058823529411766,1682035200000
tank_0724,24.96470588235294,1682035200000
tank_0725,12.0,1682035200000
tank_0728,0.8235294117647058,1682035200000
tank_0730,0.0,1682035200000
tank_0731,19.0,1682035200000
tank_0732,0.0,1682035200000
tank_0737,275.0,1682035200000
tank_0739,2.3607843137254902,1682035200000
tank_0740,77.19215686274511,1682035200000
tank_0746,0.0,1682035200000
tank_0748,5.0,1682035200000
tank_0749,9.003921568627451,1682035200000
tank_0752,8.125490196078431,1682035200000
tank_0760,0.0,1682035200000
tank_0770,5.9450980392156865,1682035200000
tank_0772,0.0,1682035200000
tank_0788,0.0,1682035200000
tank_0789,2.0,1682035200000
tank_0792,99.11372549019606,1682035200000
tank_0797,69.95294117647059,1682035200000
tank_0800,319.0,1682035200000
tank_0802,6.662745098039216,1682035200000
tank_0803,0.776470588235294,1682035200000
tank_0808,0.0,1682035200000
tank_0810,4.0,1682035200000
tank_0811,3.5568627450980395,1682035200000
tank_0812,62.976470588235294,1682035200000
tank_0813,0.0,1682035200000
tank_0816,0.0,1682035200000
tank_0819,6.0,1682035200000
tank_0823,0.0,1682035200000
tank_0824,360.0,1682035200000
tank_0825,1.9294117647058824,1682035200000
tank_0828,2.0,1682035200000
tank_0829,46.741176470588236,1682035200000
tank_0830,0.0,1682035200000
tank_0831,50.752941176470586,1682035200000
tank_0844,0.0,1682035200000
tank_0852,73.0,1682035200000
tank_0855,83.0,1682035200000
tank_0856,34.0,1682035200000
tank_0860,10.184313725490195,1682035200000
tank_0861,11.0,1682035200000
tank_0872,24.7921568627451,1682035200000
tank_0875,228.3686274509804,1682035200000
tank_0879,1.0,1682035200000
tank_0885,0.0,1682035200000
tank_0891,14.0,1682035200000
tank_0894,2.0,1682035200000
tank_0898,11.0,1682035200000
tank_0900,121.37647058823529,1682035200000
tank_0901,88.86666666666667,1682035200000
tank_0902,2.0,1682035200000
tank_0914,0.0,1682035200000
tank_0917,32.0,1682035200000
tank_0919,49.0,1682035200000
tank_0920,2.0,1682035200000
tank_0922,9.0,1682035200000
tank_0923,65.43529411764706,1682035200000
tank_0924,0.0,1682035200000
tank_0926,1.6901960784313725,1682035200000
tank_0927,4.607843137254902,1682035200000
tank_0928,41.0,1682035200000
tank_0930,84.0,1682035200000
tank_0931,114.0,1682035200000
tank_0933,0.0,1682035200000
tank_0934,0.0,1682035200000
tank_0937,0.0,1682035200000
tank_0938,0.0,1682035200000
tank_0939,0.0,1682035200000
tank_0944,42.0,1682035200000
tank_0946,0.0,1682035200000
tank_0952,47.3921568627451,1682035200000
tank_0958,2.635294117647059,1682035200000
tank_0962,465.0,1682035200000
tank_0967,9.0,1682035200000
tank_0975,0.0,1682035200000
tank_0978,1.0,1682035200000
tank_0990,0.0,1682035200000
tank_0991,26.0,1682035200000
tank_0998,0.0,1682035200000
tank_0999,0.0,1682035200000
tank_1003,1.0,1682035200000
tank_1004,14.0,1682035200000
tank_1014,389.0,1682035200000
tank_1026,106.0,1682035200000
tank_1031,0.0,1682035200000
tank_1032,7.031372549019608,1682035200000
tank_1034,0.0,1682035200000
tank_1042,18.0,1682035200000
tank_1045,0.0,1682035200000
tank_1049,24.0,1682035200000
tank_1055,3.7450980392156863,1682035200000
tank_1061,0.0,1682035200000
tank_1062,1.0,1682035200000
tank_1064,0.0,1682035200000
tank_1065,0.0,1682035200000
tank_1066,0.0,1682035200000
tank_1070,18.0,1682035200000
tank_1073,13.0,1682035200000
tank_1083,163.0,1682035200000
tank_1086,11.0,1682035200000
tank_1088,21.658823529411766,1682035200000
tank_1089,14.0,1682035200000
tank_1090,5.0,1682035200000
tank_1091,0.0,1682035200000
tank_1094,693.0,1682035200000
tank_1095,11.75294117647059,1682035200000
tank_1104,6.901960784313726,1682035200000
tank_1113,21.0,1682035200000
tank_1116,0.0,1682035200000
tank_1117,0.0,1682035200000
tank_1120,23.0,1682035200000
tank_1121,91.0,1682035200000
tank_1124,15.964705882352941,1682035200000
tank_1128,34.0,1682035200000
tank_1134,0.0,1682035200000
tank_1135,54.8156862745098,1682035200000
tank_1146,2.0,1682035200000
tank_1149,10.509803921568627,1682035200000
tank_1156,0.0,1682035200000
tank_1157,11.611764705882354,1682035200000
tank_1159,138.0,1682035200000
tank_1160,671.9098039215686,1682035200000
tank_1166,0.0,1682035200000
tank_1170,16.49019607843137,1682035200000
tank_1175,0.0,1682035200000
tank_1177,2.537254901960784,1682035200000
tank_1179,7.415686274509803,1682035200000
tank_1181,102.10980392156861,1682035200000
tank_1186,92.49411764705883,1682035200000
tank_1187,18.152941176470588,1682035200000
tank_1190,13.0,1682035200000
tank_1192,6.0,1682035200000
tank_1196,0.0,1682035200000
tank_1197,537.0,1682035200000
tank_1201,42.0,1682035200000
tank_1203,26.121568627450984,1682035200000
tank_1205,87.0,1682035200000
tank_1209,44.0,1682035200000
tank_1217,0.0,1682035200000
tank_1223,0.0,1682035200000
tank_1226,145.50196078431372,1682035200000
tank_1228,107.0,1682035200000
tank_1230,0.0,1682035200000
tank_1237,27.694117647058825,1682035200000
tank_1239,231.0,1682035200000
tank_1245,0.0,1682035200000
tank_1246,65.0,1682035200000
tank_1250,0.0,1682035200000
tank_1254,351.0,1682035200000
tank_1255,17.00392156862745,1682035200000
tank_1258,158.0,1682035200000
tank_1261,4.901960784313726,1682035200000
tank_1262,8.376470588235293,1682035200000
tank_1263,15.0,1682035200000
tank_1265,7.0,1682035200000
tank_1270,0.0,1682035200000
tank_1272,21.870588235294118,1682035200000
tank_1275,0.0,1682035200000
tank_1276,106.0,1682035200000
tank_1279,2.0,1682035200000
tank_1280,3.0,1682035200000
tank_1284,0.0,1682035200000
tank_1285,6.262745098039216,1682035200000
tank_1286,76.08627450980393,1682035200000
tank_1290,54.32941176470589,1682035200000
tank_1291,0.0,1682035200000
tank_1293,80.0,1682035200000
tank_1295,0.0,1682035200000
tank_1297,59.0,1682035200000
tank_1301,45.0,1682035200000
tank_1302,19.0,1682035200000
tank_1304,0.0,1682035200000
tank_1305,58.0,1682035200000
tank_1313,179.0,1682035200000
tank_1322,0.0,1682035200000
tank_1325,150.99607843137255,1682035200000
tank_1326,0.0,1682035200000
tank_1344,10.749019607843138,1682035200000
tank_1346,9.325490196078432,1682035200000
tank_1349,0.0,1682035200000
tank_1353,217.0,1682035200000
tank_1358,0.0,1682035200000
tank_1359,0.0,1682035200000
tank_1361,101.0,1682035200000
tank_1364,255.0,1682035200000
tank_1365,0.0,1682035200000
tank_1372,11.0,1682035200000
tank_1374,57.0,1682035200000
tank_1378,154.0,1682035200000
tank_1380,3.0,1682035200000
tank_1386,188.0,1682035200000
tank_1391,9.0,1682035200000
tank_1393,31.250980392156862,1682035200000
tank_1396,14.0,1682035200000
tank_1397,0.0,1682035200000
tank_1403,0.0,1682035200000
tank_1409,68.0,1682035200000
tank_1412,0.0,1682035200000
tank_1415,0.0,1682035200000
tank_1416,0.0,1682035200000
tank_1421,56.0,1682035200000
tank_1422,0.0,1682035200000
tank_1425,134.0,1682035200000
tank_1426,2.0,1682035200000
tank_1430,0.0,1682035200000
tank_1433,89.0,1682035200000
tank_1438,18.545098039215688,1682035200000
tank_1439,6.0,1682035200000
tank_1441,1.4352941176470588,1682035200000
tank_1443,0.0,1682035200000
tank_1445,63.0,1682035200000
tank_1446,24.0,1682035200000
tank_1450,7.647058823529412,1682035200000
tank_1452,0.0,1682035200000
tank_1456,0.0,1682035200000
tank_1466,12.243137254901963,1682035200000
tank_1471,8.890196078431373,1682035200000
tank_1475,485.0,1682035200000
tank_1486,1155.0,1682035200000
tank_1488,141.66666666666666,1682035200000
tank_1491,10.0,1682035200000
tank_1500,57.5843137254902,1682035200000
tank_1505,482.0,1682035200000
tank_1513,445.0,1682035200000
tank_1531,18.0,1682035200000
tank_1536,61.964705882352945,1682035200000
tank_1539,339.0,1682035200000
tank_1541,3.0,1682035200000
tank_1542,3.0,1682035200000
tank_1547,295.0,1682035200000
tank_1563,2.0,1682035200000
tank_1564,3.0,1682035200000
tank_1565,809.0,1682035200000
tank_1567,45.92549019607843,1682035200000
tank_1568,66.0,1682035200000
tank_1573,32.0,1682035200000
tank_1583,0.0,1682035200000
tank_1587,915.0,1682035200000
tank_1588,0.0,1682035200000
tank_1592,0.0,1682035200000
tank_1594,76.0,1682035200000
tank_1595,0.0,1682035200000
tank_1597,325.61176470588236,1682035200000
tank_1598,2.0,1682035200000
tank_1600,4.250980392156863,1682035200000
tank_1604,0.0,1682035200000
tank_0002,0.0,1683072000000
tank_0004,0.0,1683072000000
tank_0005,0.0,1683072000000
tank_0011,0.0,1683072000000
tank_0014,0.0,1683072000000
tank_0019,0.0,1683072000000
tank_0024,14.811764705882354,1683072000000
tank_0025,0.0,1683072000000
tank_0026,0.0,1683072000000
tank_0027,0.0,1683072000000
tank_0030,0.0,1683072000000
tank_0031,6.0,1683072000000
tank_0036,0.0,1683072000000
tank_0037,0.0,1683072000000
tank_0038,3.67843137254902,1683072000000
tank_0050,39.0,1683072000000
tank_0051,0.0,1683072000000
tank_0052,0.0,1683072000000
tank_0053,1.0,1683072000000
tank_0055,0.0,1683072000000
tank_0057,23.0,1683072000000
tank_0058,0.0,1683072000000
tank_0064,7.0,1683072000000
tank_0069,36.0,1683072000000
tank_0072,11.0,1683072000000
tank_0073,0.0,1683072000000
tank_0080,23.0,1683072000000
tank_0094,0.0,1683072000000
tank_0107,0.0,1683072000000
tank_0110,32.0,1683072000000
tank_0113,0.0,1683072000000
tank_0115,0.0,1683072000000
tank_0116,0.0,1683072000000
tank_0117,81.0,1683072000000
tank_0118,0.0,1683072000000
tank_0122,9.0,1683072000000
tank_0125,0.0,1683072000000
tank_0130,0.0,1683072000000
tank_0131,0.0,1683072000000
tank_0132,0.0,1683072000000
tank_0134,0.0,1683072000000
tank_0135,0.0,1683072000000
tank_0142,0.0,1683072000000
tank_0143,0.0,1683072000000
tank_0144,11.0,1683072000000
tank_0148,0.0,1683072000000
tank_0153,0.0,1683072000000
tank_0156,0.0,1683072000000
tank_0159,0.0,1683072000000
tank_0165,0.0,1683072000000
tank_0171,0.0,1683072000000
tank_0172,0.0,1683072000000
tank_0174,0.0,1683072000000
tank_0176,0.0,1683072000000
tank_0184,0.0,1683072000000
tank_0187,0.0,1683072000000
tank_0190,0.0,1683072000000
tank_0192,0.0,1683072000000
tank_0193,0.0,1683072000000
tank_0195,0.0,1683072000000
tank_0199,0.0,1683072000000
tank_0204,39.0,1683072000000
tank_0205,0.0,1683072000000
tank_0207,0.0,1683072000000
tank_0209,0.0,1683072000000
tank_0213,7.0,1683072000000
tank_0217,0.0,1683072000000
tank_0220,0.0,1683072000000
tank_0221,0.0,1683072000000
tank_0225,0.0,1683072000000
tank_0226,0.0,1683072000000
tank_0228,0.0,1683072000000
tank_0229,0.0,1683072000000
tank_0231,0.0,1683072000000
tank_0233,0.0,1683072000000
tank_0236,0.0,1683072000000
tank_0237,0.0,1683072000000
tank_0240,0.0,1683072000000
tank_0242,17.0,1683072000000
tank_0245,0.0,1683072000000
tank_0247,259.0,1683072000000
tank_0256,0.0,1683072000000
tank_0257,0.0,1683072000000
tank_0260,0.0,1683072000000
tank_0261,0.0,1683072000000
tank_0264,0.0,1683072000000
tank_0273,20.0,1683072000000
tank_0276,0.0,1683072000000
tank_0278,0.0,1683072000000
tank_0280,0.0,1683072000000
tank_0291,0.0,1683072000000
tank_0292,0.0,1683072000000
tank_0296,0.0,1683072000000
tank_0297,7.0,1683072000000
tank_0299,0.0,1683072000000
tank_0300,0.0,1683072000000
tank_0301,0.0,1683072000000
tank_0307,4.0,1683072000000
tank_0309,0.0,1683072000000
tank_0313,0.0,1683072000000
tank_0314,0.0,1683072000000
tank_0319,0.0,1683072000000
tank_0321,0.0,1683072000000
tank_0327,0.0,1683072000000
tank_0337,0.0,1683072000000
tank_0338,0.0,1683072000000
tank_0339,0.0,1683072000000
tank_0342,9.0,1683072000000
tank_0345,0.0,1683072000000
tank_0346,0.0,1683072000000
tank_0349,184.0,1683072000000
tank_0350,0.0,1683072000000
tank_0353,0.0,1683072000000
tank_0356,0.0,1683072000000
tank_0360,0.0,1683072000000
tank_0361,0.0,1683072000000
tank_0362,0.0,1683072000000
tank_0364,0.0,1683072000000
tank_0366,0.0,1683072000000
tank_0369,2.0,1683072000000
tank_0375,0.0,1683072000000
tank_0379,0.0,1683072000000
tank_0381,0.0,1683072000000
tank_0386,0.0,1683072000000
tank_0390,5.0,1683072000000
tank_0397,0.0,1683072000000
tank_0399,0.0,1683072000000
tank_0404,177.24705882352944,1683072000000
tank_0409,0.0,1683072000000
tank_0420,0.0,1683072000000
tank_0425,0.0,1683072000000
tank_0431,0.0,1683072000000
tank_0432,0.0,1683072000000
tank_0435,0.0,1683072000000
tank_0436,0.0,1683072000000
tank_0438,11.0,1683072000000
tank_0443,0.0,1683072000000
tank_0444,232.0,1683072000000
tank_0447,0.0,1683072000000
tank_0448,26.980392156862745,1683072000000
tank_0449,0.0,1683072000000
tank_0455,0.0,1683072000000
tank_0460,0.5529411764705883,1683072000000
tank_0462,195.0,1683072000000
tank_0466,0.0,1683072000000
tank_0471,0.0,1683072000000
tank_0473,0.0,1683072000000
tank_0474,0.0,1683072000000
tank_0481,0.0,1683072000000
tank_0485,0.0,1683072000000
tank_0489,0.0,1683072000000
tank_0491,0.0,1683072000000
tank_0494,0.0,1683072000000
tank_0497,0.0,1683072000000
tank_0498,0.0,1683072000000
tank_0502,0.0,1683072000000
tank_0505,0.0,1683072000000
tank_0509,0.0,1683072000000
tank_0512,83.0,1683072000000
tank_0514,0.0,1683072000000
tank_0515,0.0,1683072000000
tank_0521,0.0,1683072000000
tank_0524,0.0,1683072000000
tank_0526,10.0,1683072000000
tank_0533,0.0,1683072000000
tank_0534,0.0,1683072000000
tank_0536,0.0,1683072000000
tank_0537,0.0,1683072000000
tank_0541,0.0,1683072000000
tank_0547,0.0,1683072000000
tank_0552,0.0,1683072000000
tank_0555,0.0,1683072000000
tank_0556,0.0,1683072000000
tank_0557,0.0,1683072000000
tank_0560,0.0,1683072000000
tank_0561,0.0,1683072000000
tank_0566,0.0,1683072000000
tank_0567,0.0,1683072000000
tank_0568,0.0,1683072000000
tank_0574,38.0,1683072000000
tank_0579,122.0,1683072000000
tank_0583,33.0,1683072000000
tank_0587,0.0,1683072000000
tank_0589,0.0,1683072000000
tank_0590,6.0,1683072000000
tank_0592,0.0,1683072000000
tank_0593,0.0,1683072000000
tank_0595,0.0,1683072000000
tank_0600,0.0,1683072000000
tank_0604,0.0,1683072000000
tank_0606,0.0,1683072000000
tank_0607,0.0,1683072000000
tank_0608,264.0,1683072000000
tank_0610,0.0,1683072000000
tank_0611,3.0,1683072000000
tank_0612,0.0,1683072000000
tank_0613,0.0,1683072000000
tank_0619,0.0,1683072000000
tank_0626,0.0,1683072000000
tank_0627,0.0,1683072000000
tank_0628,0.0,1683072000000
tank_0632,0.0,1683072000000
tank_0633,0.0,1683072000000
tank_0639,1.0,1683072000000
tank_0640,0.0,1683072000000
tank_0641,0.0,1683072000000
tank_0643,0.0,1683072000000
tank_0646,0.0,1683072000000
tank_0663,0.0,1683072000000
tank_0664,7.737254901960784,1683072000000
tank_0666,0.0,1683072000000
tank_0667,0.0,1683072000000
tank_0670,8.0,1683072000000
tank_0675,0.0,1683072000000
tank_0676,151.0,1683072000000
tank_0678,0.0,1683072000000
tank_0681,0.0,1683072000000
tank_0687,8.0,1683072000000
tank_0688,231.0,1683072000000
tank_0697,0.0,1683072000000
tank_0720,0.0,1683072000000
tank_0722,0.0,1683072000000
tank_0724,0.0,1683072000000
tank_0725,8.0,1683072000000
tank_0728,0.0,1683072000000
tank_0730,0.0,1683072000000
tank_0731,317.0,1683072000000
tank_0732,0.0,1683072000000
tank_0737,185.0,1683072000000
tank_0739,0.0,1683072000000
tank_0740,0.0,1683072000000
tank_0746,0.0,1683072000000
tank_0748,0.0,1683072000000
tank_0749,0.0,1683072000000
tank_0752,0.0,1683072000000
tank_0760,0.0,1683072000000
tank_0770,0.0,1683072000000
tank_0772,0.0,1683072000000
tank_0788,0.0,1683072000000
tank_0789,0.0,1683072000000
tank_0792,7.874509803921569,1683072000000
tank_0797,42.0,1683072000000
tank_0800,38.0,1683072000000
tank_0802,1.0,1683072000000
tank_0803,0.0,1683072000000
tank_0808,0.0,1683072000000
tank_0810,20.682352941176468,1683072000000
tank_0811,0.0,1683072000000
tank_0812,52.0,1683072000000
tank_0813,0.12549019607843137,1683072000000
tank_0816,0.0,1683072000000
tank_0819,0.0,1683072000000
tank_0823,0.0,1683072000000
tank_0824,45.0,1683072000000
tank_0825,0.0,1683072000000
tank_0828,2.0,1683072000000
tank_0829,57.62352941176471,1683072000000
tank_0830,0.0,1683072000000
tank_0831,2.2745098039215685,1683072000000
tank_0844,0.0,1683072000000
tank_0852,83.0,1683072000000
tank_0855,94.0,1683072000000
tank_0856,206.0,1683072000000
tank_0860,10.0,1683072000000
tank_0861,4.0,1683072000000
tank_0872,18.0,1683072000000
tank_0875,171.60392156862744,1683072000000
tank_0879,6.996078431372549,1683072000000
tank_0885,0.0,1683072000000
tank_0891,4.0,1683072000000
tank_0894,102.0,1683072000000
tank_0898,99.0,1683072000000
tank_0900,37.86274509803921,1683072000000
tank_0901,81.0,1683072000000
tank_0902,3.0,1683072000000
tank_0914,0.0,1683072000000
tank_0917,101.0,1683072000000
tank_0919,27.0,1683072000000
tank_0920,0.0,1683072000000
tank_0922,18.0,1683072000000
tank_0923,2.0,1683072000000
tank_0924,0.0,1683072000000
tank_0926,0.0,1683072000000
tank_0927,2.0,1683072000000
tank_0928,8.0,1683072000000
tank_0930,127.0,1683072000000
tank_0931,47.0,1683072000000
tank_0933,0.0,1683072000000
tank_0934,0.0,1683072000000
tank_0937,0.0,1683072000000
tank_0938,0.0,1683072000000
tank_0939,0.0,1683072000000
tank_0944,41.0,1683072000000
tank_0946,0.0,1683072000000
tank_0952,28.0,1683072000000
tank_0958,9.0,1683072000000
tank_0962,1012.0,1683072000000
tank_0967,3.0,1683072000000
tank_0975,0.0,1683072000000
tank_0978,0.0,1683072000000
tank_0990,0.0,1683072000000
tank_0991,118.0,1683072000000
tank_0998,0.0,1683072000000
tank_0999,3.5058823529411764,1683072000000
tank_1003,364.0,1683072000000
tank_1004,18.0,1683072000000
tank_1014,156.0,1683072000000
tank_1026,137.0,1683072000000
tank_1031,0.0,1683072000000
tank_1032,0.0,1683072000000
tank_1034,1.9843137254901961,1683072000000
tank_1042,16.0,1683072000000
tank_1045,0.0,1683072000000
tank_1049,10.0,1683072000000
tank_1055,2.623529411764706,1683072000000
tank_1061,0.0,1683072000000
tank_1062,7.0627450980392155,1683072000000
tank_1064,0.0,1683072000000
tank_1065,0.0,1683072000000
tank_1066,0.0,1683072000000
tank_1070,7.0,1683072000000
tank_1073,0.0,1683072000000
tank_1083,185.0,1683072000000
tank_1086,0.0,1683072000000
tank_1088,19.56862745098039,1683072000000
tank_1089,26.0,1683072000000
tank_1090,10.0,1683072000000
tank_1091,1.0,1683072000000
tank_1094,614.0,1683072000000
tank_1095,11.0,1683072000000
tank_1104,8.325490196078432,1683072000000
tank_1113,17.0,1683072000000
tank_1116,0.0,1683072000000
tank_1117,0.0,1683072000000
tank_1120,33.0,1683072000000
tank_1121,287.75686274509803,1683072000000
tank_1124,15.0,1683072000000
tank_1128,41.0,1683072000000
tank_1134,0.0,1683072000000
tank_1135,59.06666666666667,1683072000000
tank_1146,12.0,1683072000000
tank_1149,0.0,1683072000000
tank_1156,0.0,1683072000000
tank_1157,17.486274509803923,1683072000000
tank_1159,195.0,1683072000000
tank_1160,337.0,1683072000000
tank_1166,0.0,1683072000000
tank_1170,21.24313725490196,1683072000000
tank_1175,0.0,1683072000000
tank_1177,29.501960784313724,1683072000000
tank_1179,0.7490196078431373,1683072000000
tank_1181,127.89019607843137,1683072000000
tank_1186,81.7921568627451,1683072000000
tank_1187,19.71372549019608,1683072000000
tank_1190,0.0,1683072000000
tank_1192,12.0,1683072000000
tank_1196,0.0,1683072000000
tank_1197,1219.0,1683072000000
tank_1201,18.0,1683072000000
tank_1203,0.0,1683072000000
tank_1205,87.90980392156862,1683072000000
tank_1209,128.0,1683072000000
tank_1217,0.0,1683072000000
tank_1223,0.0,1683072000000
tank_1226,92.33333333333333,1683072000000
tank_1228,154.0,1683072000000
tank_1230,0.0,1683072000000
tank_1237,41.470588235294116,1683072000000
tank_1239,873.0,1683072000000
tank_1245,0.0,1683072000000
tank_1246,87.0,1683072000000
tank_1250,0.0,1683072000000
tank_1254,137.0,1683072000000
tank_1255,0.0,1683072000000
tank_1258,80.0,1683072000000
tank_1261,0.0,1683072000000
tank_1262,6.376470588235295,1683072000000
tank_1263,26.0,1683072000000
tank_1265,19.0,1683072000000
tank_1270,0.0,1683072000000
tank_1272,13.870588235294118,1683072000000
tank_1275,0.0,1683072000000
tank_1276,94.0,1683072000000
tank_1279,0.0,1683072000000
tank_1280,3.0,1683072000000
tank_1284,0.0,1683072000000
tank_1285,2.7294117647058824,1683072000000
tank_1286,132.94901960784313,1683072000000
tank_1290,63.12156862745098,1683072000000
tank_1291,0.0,1683072000000
tank_1293,68.95686274509804,1683072000000
tank_1295,0.0,1683072000000
tank_1297,51.0,1683072000000
tank_1301,13.0,1683072000000
tank_1302,0.0,1683072000000
tank_1304,0.0,1683072000000
tank_1305,61.97254901960784,1683072000000
tank_1313,575.0,1683072000000
tank_1322,0.0,1683072000000
tank_1325,186.99607843137255,1683072000000
tank_1326,3.0,1683072000000
tank_1344,6.0,1683072000000
tank_1346,0.0,1683072000000
tank_1349,4.0,1683072000000
tank_1353,584.0,1683072000000
tank_1358,0.0,1683072000000
tank_1359,0.0,1683072000000
tank_1361,441.0,1683072000000
tank_1364,256.0,1683072000000
tank_1365,0.0,1683072000000
tank_1372,13.0,1683072000000
tank_1374,132.0,1683072000000
tank_1378,263.0,1683072000000
tank_1380,0.0,1683072000000
tank_1386,74.0,1683072000000
tank_1391,5.0,1683072000000
tank_1393,28.250980392156862,1683072000000
tank_1396,35.0,1683072000000
tank_1397,0.0,1683072000000
tank_1403,0.0,1683072000000
tank_1409,29.0,1683072000000
tank_1412,0.0,1683072000000
tank_1415,0.0,1683072000000
tank_1416,0.0,1683072000000
tank_1421,77.0,1683072000000
tank_1422,0.0,1683072000000
tank_1425,186.0,1683072000000
tank_1426,0.0,1683072000000
tank_1430,0.0,1683072000000
tank_1433,106.0,1683072000000
tank_1438,14.980392156862745,1683072000000
tank_1439,6.0,1683072000000
tank_1441,0.0,1683072000000
tank_1443,0.0,1683072000000
tank_1445,57.0,1683072000000
tank_1446,13.43921568627451,1683072000000
tank_1450,0.3568627450980392,1683072000000
tank_1452,0.0,1683072000000
tank_1456,0.0,1683072000000
tank_1466,1.2470588235294118,1683072000000
tank_1471,0.0,1683072000000
tank_1475,102.0,1683072000000
tank_1486,310.0,1683072000000
tank_1488,91.0,1683072000000
tank_1491,4.0,1683072000000
tank_1500,34.86666666666667,1683072000000
tank_1505,220.0,1683072000000
tank_1513,50.0,1683072000000
tank_1531,0.0,1683072000000
tank_1536,53.92941176470588,1683072000000
tank_1539,409.0,1683072000000
tank_1541,6.0,1683072000000
tank_1542,5.890196078431373,1683072000000
tank_1547,170.0,1683072000000
tank_1563,8.0,1683072000000
tank_1564,0.0,1683072000000
tank_1565,602.0,1683072000000
tank_1567,27.0,1683072000000
tank_1568,52.0,1683072000000
tank_1573,10.0,1683072000000
tank_1583,5.0,1683072000000
tank_1587,148.0,1683072000000
tank_1588,0.0,1683072000000
tank_1592,0.0,1683072000000
tank_1594,60.0,1683072000000
tank_1595,0.0,1683072000000
tank_1597,221.61176470588236,1683072000000
tank_1598,1.1803921568627451,1683072000000
tank_1600,0.984313725490196,1683072000000
tank_1604,5.0,1683072000000
tank_0002,0.0,1684108800000
tank_0004,0.0,1684108800000
tank_0005,0.0,1684108800000
tank_0011,0.0,1684108800000
tank_0014,3.0,1684108800000
tank_0019,18.105882352941176,1684108800000
tank_0024,10.71764705882353,1684108800000
tank_0025,0.0,1684108800000
tank_0026,0.0,1684108800000
tank_0027,0.0,1684108800000
tank_0030,0.0,1684108800000
tank_0031,8.0,1684108800000
tank_0036,0.0,1684108800000
tank_0037,0.0,1684108800000
tank_0038,45.83529411764706,1684108800000
tank_0050,48.976470588235294,1684108800000
tank_0051,2.0,1684108800000
tank_0052,7.325490196078431,1684108800000
tank_0053,66.98823529411764,1684108800000
tank_0055,1.0,1684108800000
tank_0057,64.0,1684108800000
tank_0058,0.0,1684108800000
tank_0064,29.24313725490196,1684108800000
tank_0069,104.19607843137254,1684108800000
tank_0072,3.0,1684108800000
tank_0073,0.0,1684108800000
tank_0080,22.0,1684108800000
tank_0094,0.0,1684108800000
tank_0107,1.388235294117647,1684108800000
tank_0110,7.0,1684108800000
tank_0113,33.99607843137255,1684108800000
tank_0115,0.0,1684108800000
tank_0116,0.0,1684108800000
tank_0117,41.0,1684108800000
tank_0118,0.0,1684108800000
tank_0122,15.0,1684108800000
tank_0125,0.5215686274509803,1684108800000
tank_0130,0.0,1684108800000
tank_0131,0.0,1684108800000
tank_0132,0.0,1684108800000
tank_0134,0.0,1684108800000
tank_0135,2.764705882352941,1684108800000
tank_0142,0.0,1684108800000
tank_0143,5.0,1684108800000
tank_0144,30.0,1684108800000
tank_0148,3.0,1684108800000
tank_0153,0.0,1684108800000
tank_0156,4.31764705882353,1684108800000
tank_0159,0.0,1684108800000
tank_0165,5.929411764705883,1684108800000
tank_0171,0.0,1684108800000
tank_0172,2.0,1684108800000
tank_0174,2.505882352941176,1684108800000
tank_0176,25.462745098039218,1684108800000
tank_0184,3.9176470588235293,1684108800000
tank_0187,16.854901960784314,1684108800000
tank_0190,3.0,1684108800000
tank_0192,0.0,1684108800000
tank_0193,10.447058823529412,1684108800000
tank_0195,2.0,1684108800000
tank_0199,1.607843137254902,1684108800000
tank_0204,36.0,1684108800000
tank_0205,0.0,1684108800000
tank_0207,0.17254901960784313,1684108800000
tank_0209,0.0,1684108800000
tank_0213,16.729411764705883,1684108800000
tank_0217,3.0,1684108800000
tank_0220,0.0,1684108800000
tank_0221,0.48627450980392156,1684108800000
tank_0225,0.0,1684108800000
tank_0226,14.996078431372549,1684108800000
tank_0228,0.0,1684108800000
tank_0229,14.533333333333335,1684108800000
tank_0231,0.30980392156862746,1684108800000
tank_0233,5.0,1684108800000
tank_0236,13.0,1684108800000
tank_0237,0.0,1684108800000
tank_0240,1.8745098039215686,1684108800000
tank_0242,17.807843137254903,1684108800000
tank_0245,0.0,1684108800000
tank_0247,253.89803921568628,1684108800000
tank_0256,0.0,1684108800000
tank_0257,1.2980392156862746,1684108800000
tank_0260,0.0,1684108800000
tank_0261,0.0,1684108800000
tank_0264,0.0,1684108800000
tank_0273,13.0,1684108800000
tank_0276,0.0,1684108800000
tank_0278,0.0,1684108800000
tank_0280,0.0,1684108800000
tank_0291,0.0,1684108800000
tank_0292,1.2509803921568627,1684108800000
tank_0296,0.0,1684108800000
tank_0297,17.509803921568626,1684108800000
tank_0299,0.0,1684108800000
tank_0300,2.0745098039215684,1684108800000
tank_0301,8.207843137254901,1684108800000
tank_0307,0.0,1684108800000
tank_0309,1.0,1684108800000
tank_0313,0.0,1684108800000
tank_0314,0.0,1684108800000
tank_0319,0.0,1684108800000
tank_0321,19.09803921568627,1684108800000
tank_0327,0.0,1684108800000
tank_0337,4.0,1684108800000
tank_0338,2.2862745098039214,1684108800000
tank_0339,2.0,1684108800000
tank_0342,23.23921568627451,1684108800000
tank_0345,3.223529411764706,1684108800000
tank_0346,0.0,1684108800000
tank_0349,190.65490196078431,1684108800000
tank_0350,0.0,1684108800000
tank_0353,11.474509803921569,1684108800000
tank_0356,0.0,1684108800000
tank_0360,0.0,1684108800000
tank_0361,6.145098039215686,1684108800000
tank_0362,0.0,1684108800000
tank_0364,0.0,1684108800000
tank_0366,15.713725490196078,1684108800000
tank_0369,15.0,1684108800000
tank_0375,0.0,1684108800000
tank_0379,8.0,1684108800000
tank_0381,0.0,1684108800000
tank_0386,2.0,1684108800000
tank_0390,10.0,1684108800000
tank_0397,0.0,1684108800000
tank_0399,0.0,1684108800000
tank_0404,197.34509803921569,1684108800000
tank_0409,4.690196078431373,1684108800000
tank_0420,1.7333333333333334,1684108800000
tank_0425,0.0,1684108800000
tank_0431,0.0,1684108800000
tank_0432,1.6470588235294117,1684108800000
tank_0435,0.0,1684108800000
tank_0436,0.0,1684108800000
tank_0438,13.0,1684108800000
tank_0443,0.0,1684108800000
tank_0444,66.0,1684108800000
tank_0447,113.09803921568626,1684108800000
tank_0448,29.607843137254903,1684108800000
tank_0449,1.1254901960784314,1684108800000
tank_0455,18.050980392156863,1684108800000
tank_0460,0.7294117647058823,1684108800000
tank_0462,96.0,1684108800000
tank_0466,0.0,1684108800000
tank_0471,0.2235294117647059,1684108800000
tank_0473,19.93725490196078,1684108800000
tank_0474,5.670588235294118,1684108800000
tank_0481,34.00392156862745,1684108800000
tank_0485,0.0,1684108800000
tank_0489,2.56078431372549,1684108800000
tank_0491,0.0,1684108800000
tank_0494,0.0,1684108800000
tank_0497,0.0,1684108800000
tank_0498,2.0941176470588236,1684108800000
tank_0502,0.0,1684108800000
tank_0505,1.0,1684108800000
tank_0509,0.0,1684108800000
tank_0512,83.0,1684108800000
tank_0514,0.0,1684108800000
tank_0515,0.0,1684108800000
tank_0521,2.0,1684108800000
tank_0524,0.0,1684108800000
tank_0526,27.0,1684108800000
tank_0533,0.0,1684108800000
tank_0534,0.0,1684108800000
tank_0536,0.0,1684108800000
tank_0537,4.0,1684108800000
tank_0541,0.0,1684108800000
tank_0547,0.0,1684108800000
tank_0552,2.0313725490196077,1684108800000
tank_0555,0.0,1684108800000
tank_0556,0.4470588235294118,1684108800000
tank_0557,0.0,1684108800000
tank_0560,0.0,1684108800000
tank_0561,0.0,1684108800000
tank_0566,0.0,1684108800000
tank_0567,0.0,1684108800000
tank_0568,15.615686274509805,1684108800000
tank_0574,18.0,1684108800000
tank_0579,316.0,1684108800000
tank_0583,172.0,1684108800000
tank_0587,0.0,1684108800000
tank_0589,0.0,1684108800000
tank_0590,10.0,1684108800000
tank_0592,1.772549019607843,1684108800000
tank_0593,0.0,1684108800000
tank_0595,0.0,1684108800000
tank_0600,0.0,1684108800000
tank_0604,0.0,1684108800000
tank_0606,15.0,1684108800000
tank_0607,0.0,1684108800000
tank_0608,33.0,1684108800000
tank_0610,5.0,1684108800000
tank_0611,0.0,1684108800000
tank_0612,2.0,1684108800000
tank_0613,0.0,1684108800000
tank_0619,2.0,1684108800000
tank_0626,0.0,1684108800000
tank_0627,0.0,1684108800000
tank_0628,0.0,1684108800000
tank_0632,2.0,1684108800000
tank_0633,0.5019607843137255,1684108800000
tank_0639,0.5803921568627451,1684108800000
tank_0640,0.0,1684108800000
tank_0641,0.12156862745098039,1684108800000
tank_0643,0.0,1684108800000
tank_0646,0.0,1684108800000
tank_0663,1.0,1684108800000
tank_0664,20.0,1684108800000
tank_0666,0.0,1684108800000
tank_0667,2.2941176470588234,1684108800000
tank_0670,5.984313725490196,1684108800000
tank_0675,0.0,1684108800000
tank_0676,492.0,1684108800000
tank_0678,0.0,1684108800000
tank_0681,1.9686274509803923,1684108800000
tank_0687,10.0,1684108800000
tank_0688,87.0,1684108800000
tank_0697,0.0,1684108800000
tank_0720,0.0,1684108800000
tank_0722,0.0,1684108800000
tank_0724,0.0392156862745098,1684108800000
tank_0725,13.0,1684108800000
tank_0728,0.0,1684108800000
tank_0730,3.1411764705882352,1684108800000
tank_0731,1.0,1684108800000
tank_0732,0.0,1684108800000
tank_0737,230.0,1684108800000
tank_0739,1.4941176470588236,1684108800000
tank_0740,61.75294117647059,1684108800000
tank_0746,0.0,1684108800000
tank_0748,2.992156862745098,1684108800000
tank_0749,0.0,1684108800000
tank_0752,8.192156862745097,1684108800000
tank_0760,0.0,1684108800000
tank_0770,10.470588235294118,1684108800000
tank_0772,0.0,1684108800000
tank_0788,0.0,1684108800000
tank_0789,32.0,1684108800000
tank_0792,186.81960784313725,1684108800000
tank_0797,51.95294117647059,1684108800000
tank_0800,302.4745098039216,1684108800000
tank_0802,0.0,1684108800000
tank_0803,2.4980392156862745,1684108800000
tank_0808,3.48235294117647,1684108800000
tank_0810,14.854901960784314,1684108800000
tank_0811,4.7333333333333325,1684108800000
tank_0812,57.91372549019608,1684108800000
tank_0813,0.0,1684108800000
tank_0816,0.0,1684108800000
tank_0819,11.654901960784315,1684108800000
tank_0823,0.0,1684108800000
tank_0824,45.0,1684108800000
tank_0825,0.0,1684108800000
tank_0828,4.0,1684108800000
tank_0829,43.0,1684108800000
tank_0830,0.0,1684108800000
tank_0831,36.64705882352941,1684108800000
tank_0844,0.0,1684108800000
tank_0852,86.6470588235294,1684108800000
tank_0855,9.980392156862745,1684108800000
tank_0856,0.0,1684108800000
tank_0860,4.6156862745098035,1684108800000
tank_0861,22.745098039215687,1684108800000
tank_0872,0.0,1684108800000
tank_0875,164.87058823529412,1684108800000
tank_0879,14.996078431372549,1684108800000
tank_0885,2.7450980392156863,1684108800000
tank_0891,44.0,1684108800000
tank_0894,0.0,1684108800000
tank_0898,18.0,1684108800000
tank_0900,76.52549019607842,1684108800000
tank_0901,71.74901960784314,1684108800000
tank_0902,0.0,1684108800000
tank_0914,0.0,1684108800000
tank_0917,0.0,1684108800000
tank_0919,49.0,1684108800000
tank_0920,12.0,1684108800000
tank_0922,0.0,1684108800000
tank_0923,11.0,1684108800000
tank_0924,2.0,1684108800000
tank_0926,2.0,1684108800000
tank_0927,4.105882352941176,1684108800000
tank_0928,16.0,1684108800000
tank_0930,25.0,1684108800000
tank_0931,6.0,1684108800000
tank_0933,0.0,1684108800000
tank_0934,0.0,1684108800000
tank_0937,0.0,1684108800000
tank_0938,0.0,1684108800000
tank_0939,0.0,1684108800000
tank_0944,30.0,1684108800000
tank_0946,0.0,1684108800000
tank_0952,52.38039215686275,1684108800000
tank_0958,0.0,1684108800000
tank_0962,21.0,1684108800000
tank_0967,8.0,1684108800000
tank_0975,0.0,1684108800000
tank_0978,0.0,1684108800000
tank_0990,0.0,1684108800000
tank_0991,0.0,1684108800000
tank_0998,0.0,1684108800000
tank_0999,0.0,1684108800000
tank_1003,23.0,1684108800000
tank_1004,26.231372549019607,1684108800000
tank_1014,86.0,1684108800000
tank_1026,33.0,1684108800000
tank_1031,0.0,1684108800000
tank_1032,2.0,1684108800000
tank_1034,1.419607843137255,1684108800000
tank_1042,14.0,1684108800000
tank_1045,0.0,1684108800000
tank_1049,8.0,1684108800000
tank_1055,1.3058823529411763,1684108800000
tank_1061,0.0,1684108800000
tank_1062,0.0,1684108800000
tank_1064,0.00784313725490196,1684108800000
tank_1065,3.5176470588235293,1684108800000
tank_1066,1.0,1684108800000
tank_1070,17.0,1684108800000
tank_1073,0.0,1684108800000
tank_1083,59.0,1684108800000
tank_1086,4.0,1684108800000
tank_1088,3.5294117647058822,1684108800000
tank_1089,19.0,1684108800000
tank_1090,0.0,1684108800000
tank_1091,1.0,1684108800000
tank_1094,0.0,1684108800000
tank_1095,5.0,1684108800000
tank_1104,0.0,1684108800000
tank_1113,7.0,1684108800000
tank_1116,2.0,1684108800000
tank_1117,0.0,1684108800000
tank_1120,6.0,1684108800000
tank_1121,11.0,1684108800000
tank_1124,7.964705882352941,1684108800000
tank_1128,11.0,1684108800000
tank_1134,4.705882352941177,1684108800000
tank_1135,56.207843137254905,1684108800000
tank_1146,14.0,1684108800000
tank_1149,0.0,1684108800000
tank_1156,0.0,1684108800000
tank_1157,14.486274509803923,1684108800000
tank_1159,14.0,1684108800000
tank_1160,203.0,1684108800000
tank_1166,0.0,1684108800000
tank_1170,21.52941176470588,1684108800000
tank_1175,0.0,1684108800000
tank_1177,6.662745098039215,1684108800000
tank_1179,7.815686274509805,1684108800000
tank_1181,24.949019607843137,1684108800000
tank_1186,66.0,1684108800000
tank_1187,20.211764705882352,1684108800000
tank_1190,0.0,1684108800000
tank_1192,4.0,1684108800000
tank_1196,0.0,1684108800000
tank_1197,383.0,1684108800000
tank_1201,12.0,1684108800000
tank_1203,0.0,1684108800000
tank_1205,22.0,1684108800000
tank_1209,8.0,1684108800000
tank_1217,0.0,1684108800000
tank_1223,0.0,1684108800000
tank_1226,68.6235294117647,1684108800000
tank_1228,23.0,1684108800000
tank_1230,0.0,1684108800000
tank_1237,15.0,1684108800000
tank_1239,250.0,1684108800000
tank_1245,0.0,1684108800000
tank_1246,36.0,1684108800000
tank_1250,0.0,1684108800000
tank_1254,140.0,1684108800000
tank_1255,1.7882352941176471,1684108800000
tank_1258,51.0,1684108800000
tank_1261,0.0,1684108800000
tank_1262,6.64313725490196,1684108800000
tank_1263,9.0,1684108800000
tank_1265,0.0,1684108800000
tank_1270,0.0,1684108800000
tank_1272,6.0,1684108800000
tank_1275,0.0,1684108800000
tank_1276,40.0,1684108800000
tank_1279,0.0,1684108800000
tank_1280,0.0,1684108800000
tank_1284,0.0,1684108800000
tank_1285,0.0,1684108800000
tank_1286,43.99607843137255,1684108800000
tank_1290,24.137254901960784,1684108800000
tank_1291,0.0,1684108800000
tank_1293,46.0,1684108800000
tank_1295,2.0,1684108800000
tank_1297,8.0,1684108800000
tank_1301,5.0,1684108800000
tank_1302,0.0,1684108800000
tank_1304,0.0,1684108800000
tank_1305,37.0,1684108800000
tank_1313,177.0,1684108800000
tank_1322,0.0,1684108800000
tank_1325,20.0,1684108800000
tank_1326,0.0,1684108800000
tank_1344,1.0,1684108800000
tank_1346,12.933333333333334,1684108800000
tank_1349,0.0,1684108800000
tank_1353,97.0,1684108800000
tank_1358,0.0,1684108800000
tank_1359,0.0,1684108800000
tank_1361,65.0,1684108800000
tank_1364,204.0,1684108800000
tank_1365,0.0,1684108800000
tank_1372,6.0,1684108800000
tank_1374,46.0,1684108800000
tank_1378,218.0,1684108800000
tank_1380,0.0,1684108800000
tank_1386,60.0,1684108800000
tank_1391,6.0,1684108800000
tank_1393,19.0,1684108800000
tank_1396,11.0,1684108800000
tank_1397,0.0,1684108800000
tank_1403,0.0,1684108800000
tank_1409,0.0,1684108800000
tank_1412,0.0,1684108800000
tank_1415,0.0,1684108800000
tank_1416,0.0,1684108800000
tank_1421,68.0,1684108800000
tank_1422,0.8627450980392157,1684108800000
tank_1425,155.0,1684108800000
tank_1426,0.0,1684108800000
tank_1430,0.0,1684108800000
tank_1433,192.0,1684108800000
tank_1438,6.8274509803921575,1684108800000
tank_1439,2.0,1684108800000
tank_1441,0.00392156862745098,1684108800000
tank_1443,0.0,1684108800000
tank_1445,44.0,1684108800000
tank_1446,25.266666666666666,1684108800000
tank_1450,0.0,1684108800000
tank_1452,0.0,1684108800000
tank_1456,0.0,1684108800000
tank_1466,0.7490196078431373,1684108800000
tank_1471,9.0,1684108800000
tank_1475,70.0,1684108800000
tank_1486,1086.0,1684108800000
tank_1488,97.0,1684108800000
tank_1491,4.0,1684108800000
tank_1500,29.0,1684108800000
tank_1505,344.0,1684108800000
tank_1513,96.0,1684108800000
tank_1531,4.0,1684108800000
tank_1536,39.0,1684108800000
tank_1539,439.0,1684108800000
tank_1541,0.0,1684108800000
tank_1542,0.0,1684108800000
tank_1547,84.0,1684108800000
tank_1563,0.0,1684108800000
tank_1564,0.0,1684108800000
tank_1565,73.97647058823529,1684108800000
tank_1567,26.0,1684108800000
tank_1568,32.0,1684108800000
tank_1573,6.0,1684108800000
tank_1583,4.0,1684108800000
tank_1587,785.0,1684108800000
tank_1588,0.0,1684108800000
tank_1592,0.0,1684108800000
tank_1594,36.0,1684108800000
tank_1595,0.0,1684108800000
tank_1597,248.74901960784314,1684108800000
tank_1598,1.1803921568627451,1684108800000
tank_1600,6.133333333333333,1684108800000
tank_1604,7.596078431372549,1684108800000
tank_0002,0.0,1685145600000
tank_0004,0.0,1685145600000
tank_0005,0.0,1685145600000
tank_0011,0.0,1685145600000
tank_0014,1.0,1685145600000
tank_0019,1.9803921568627452,1685145600000
tank_0024,16.76862745098039,1685145600000
tank_0025,0.0,1685145600000
tank_0026,0.0,1685145600000
tank_0027,1.8431372549019607,1685145600000
tank_0030,0.0,1685145600000
tank_0031,10.0,1685145600000
tank_0036,0.0,1685145600000
tank_0037,0.0,1685145600000
tank_0038,19.96078431372549,1685145600000
tank_0050,39.0,1685145600000
tank_0051,3.0,1685145600000
tank_0052,0.0,1685145600000
tank_0053,22.458823529411767,1685145600000
tank_0055,0.0,1685145600000
tank_0057,63.956862745098036,1685145600000
tank_0058,0.6078431372549019,1685145600000
tank_0064,22.83137254901961,1685145600000
tank_0069,84.66666666666667,1685145600000
tank_0072,0.0,1685145600000
tank_0073,0.0,1685145600000
tank_0080,27.0,1685145600000
tank_0094,0.0,1685145600000
tank_0107,0.37254901960784315,1685145600000
tank_0110,10.0,1685145600000
tank_0113,33.52549019607844,1685145600000
tank_0115,0.0,1685145600000
tank_0116,0.0,1685145600000
tank_0117,90.0,1685145600000
tank_0118,0.0,1685145600000
tank_0122,14.0,1685145600000
tank_0125,1.0,1685145600000
tank_0130,0.6705882352941177,1685145600000
tank_0131,0.0,1685145600000
tank_0132,0.0,1685145600000
tank_0134,0.0,1685145600000
tank_0135,2.0,1685145600000
tank_0142,0.0,1685145600000
tank_0143,8.0,1685145600000
tank_0144,26.0,1685145600000
tank_0148,3.0,1685145600000
tank_0153,0.0,1685145600000
tank_0156,13.631372549019607,1685145600000
tank_0159,0.0,1685145600000
tank_0165,6.376470588235294,1685145600000
tank_0171,0.0,1685145600000
tank_0172,0.0,1685145600000
tank_0174,1.7098039215686276,1685145600000
tank_0176,12.0,1685145600000
tank_0184,0.0,1685145600000
tank_0187,2.0,1685145600000
tank_0190,5.5019607843137255,1685145600000
tank_0192,0.0,1685145600000
tank_0193,6.913725490196079,1685145600000
tank_0195,2.0,1685145600000
tank_0199,0.0,1685145600000
tank_0204,19.890196078431373,1685145600000
tank_0205,0.0,1685145600000
tank_0207,0.0,1685145600000
tank_0209,0.0,1685145600000
tank_0213,9.0,1685145600000
tank_0217,8.0,1685145600000
tank_0220,0.0,1685145600000
tank_0221,0.0,1685145600000
tank_0225,0.0,1685145600000
tank_0226,4.0,1685145600000
tank_0228,0.0,1685145600000
tank_0229,2.5254901960784313,1685145600000
tank_0231,1.184313725490196,1685145600000
tank_0233,0.0,1685145600000
tank_0236,0.0,1685145600000
tank_0237,0.0,1685145600000
tank_0240,0.0,1685145600000
tank_0242,7.0,1685145600000
tank_0245,0.0,1685145600000
tank_0247,240.0,1685145600000
tank_0256,2.784313725490196,1685145600000
tank_0257,0.0,1685145600000
tank_0260,0.0,1685145600000
tank_0261,0.0,1685145600000
tank_0264,0.0,1685145600000
tank_0273,44.0,1685145600000
tank_0276,0.0,1685145600000
tank_0278,0.0,1685145600000
tank_0280,0.0,1685145600000
tank_0291,0.0,1685145600000
tank_0292,2.0,1685145600000
tank_0296,0.0,1685145600000
tank_0297,23.372549019607845,1685145600000
tank_0299,2.0823529411764703,1685145600000
tank_0300,11.678431372549019,1685145600000
tank_0301,0.0,1685145600000
tank_0307,10.0,1685145600000
tank_0309,0.0,1685145600000
tank_0313,0.0,1685145600000
tank_0314,0.0,1685145600000
tank_0319,1.0,1685145600000
tank_0321,14.0,1685145600000
tank_0327,0.0,1685145600000
tank_0337,0.0,1685145600000
tank_0338,1.0,1685145600000
tank_0339,5.396078431372549,1685145600000
tank_0342,14.854901960784314,1685145600000
tank_0345,0.25098039215686274,1685145600000
tank_0346,0.0,1685145600000
tank_0349,181.0,1685145600000
tank_0350,0.0,1685145600000
tank_0353,2.0,1685145600000
tank_0356,0.0,1685145600000
tank_0360,0.0,1685145600000
tank_0361,7.0,1685145600000
tank_0362,0.0,1685145600000
tank_0364,0.0,1685145600000
tank_0366,16.0,1685145600000
tank_0369,11.0,1685145600000
tank_0375,0.0,1685145600000
tank_0379,13.494117647058824,1685145600000
tank_0381,0.0,1685145600000
tank_0386,0.0,1685145600000
tank_0390,1.0,1685145600000
tank_0397,0.0,1685145600000
tank_0399,0.0,1685145600000
tank_0404,211.31372549019608,1685145600000
tank_0409,0.0,1685145600000
tank_0420,1.0,1685145600000
tank_0425,0.0,1685145600000
tank_0431,0.0,1685145600000
tank_0432,0.0,1685145600000
tank_0435,0.0,1685145600000
tank_0436,0.0,1685145600000
tank_0438,19.0,1685145600000
tank_0443,0.0,1685145600000
tank_0444,104.0,1685145600000
tank_0447,61.56470588235294,1685145600000
tank_0448,12.0,1685145600000
tank_0449,1.2901960784313724,1685145600000
tank_0455,8.647058823529413,1685145600000
tank_0460,2.3529411764705883,1685145600000
tank_0462,29.0,1685145600000
tank_0466,0.0,1685145600000
tank_0471,4.0,1685145600000
tank_0473,18.933333333333334,1685145600000
tank_0474,2.0,1685145600000
tank_0481,6.8,1685145600000
tank_0485,0.0,1685145600000
tank_0489,0.0,1685145600000
tank_0491,0.0,1685145600000
tank_0494,1.6509803921568627,1685145600000
tank_0497,0.0,1685145600000
tank_0498,0.596078431372549,1685145600000
tank_0502,0.0,1685145600000
tank_0505,2.0,1685145600000
tank_0509,1.9137254901960783,1685145600000
tank_0512,1.0,1685145600000
tank_0514,0.0,1685145600000
tank_0515,0.11764705882352941,1685145600000
tank_0521,0.0,1685145600000
tank_0524,0.0,1685145600000
tank_0526,0.0,1685145600000
tank_0533,0.0,1685145600000
tank_0534,0.0,1685145600000
tank_0536,0.0,1685145600000
tank_0537,4.156862745098039,1685145600000
tank_0541,0.0,1685145600000
tank_0547,0.0,1685145600000
tank_0552,1.0,1685145600000
tank_0555,0.0,1685145600000
tank_0556,1.4313725490196079,1685145600000
tank_0557,0.0,1685145600000
tank_0560,0.0,1685145600000
tank_0561,0.0,1685145600000
tank_0566,0.0,1685145600000
tank_0567,0.0,1685145600000
tank_0568,12.760784313725491,1685145600000
tank_0574,3.0,1685145600000
tank_0579,319.0,1685145600000
tank_0583,85.0,1685145600000
tank_0587,0.0,1685145600000
tank_0589,0.0,1685145600000
tank_0590,9.0,1685145600000
tank_0592,0.0,1685145600000
tank_0593,0.0,1685145600000
tank_0595,0.0,1685145600000
tank_0600,0.0,1685145600000
tank_0604,0.0,1685145600000
tank_0606,16.0,1685145600000
tank_0607,2.564705882352941,1685145600000
tank_0608,121.0,1685145600000
tank_0610,5.0,1685145600000
tank_0611,0.0,1685145600000
tank_0612,0.0,1685145600000
tank_0613,2.0,1685145600000
tank_0619,0.0,1685145600000
tank_0626,0.0,1685145600000
tank_0627,0.0,1685145600000
tank_0628,0.0,1685145600000
tank_0632,0.0,1685145600000
tank_0633,0.0,1685145600000
tank_0639,0.0,1685145600000
tank_0640,0.37254901960784315,1685145600000
tank_0641,0.0,1685145600000
tank_0643,0.0,1685145600000
tank_0646,0.0,1685145600000
tank_0663,7.0,1685145600000
tank_0664,23.0,1685145600000
tank_0666,0.0,1685145600000
tank_0667,0.0,1685145600000
tank_0670,4.0,1685145600000
tank_0675,0.0,1685145600000
tank_0676,38.0,1685145600000
tank_0678,0.0,1685145600000
tank_0681,0.0,1685145600000
tank_0687,6.0,1685145600000
tank_0688,41.0,1685145600000
tank_0697,0.0,1685145600000
tank_0720,0.0,1685145600000
tank_0722,0.0,1685145600000
tank_0724,2.0,1685145600000
tank_0725,13.0,1685145600000
tank_0728,0.0392156862745098,1685145600000
tank_0730,7.066666666666666,1685145600000
tank_0731,0.0,1685145600000
tank_0732,0.0,1685145600000
tank_0737,36.0,1685145600000
tank_0739,0.0,1685145600000
tank_0740,26.79607843137255,1685145600000
tank_0746,0.28627450980392155,1685145600000
tank_0748,0.0392156862745098,1685145600000
tank_0749,15.619607843137254,1685145600000
tank_0752,0.13725490196078433,1685145600000
tank_0760,0.0,1685145600000
tank_0770,7.623529411764707,1685145600000
tank_0772,0.0,1685145600000
tank_0788,1.0,1685145600000
tank_0789,0.0,1685145600000
tank_0792,110.62352941176471,1685145600000
tank_0797,54.0,1685145600000
tank_0800,313.95294117647063,1685145600000
tank_0802,0.0,1685145600000
tank_0803,0.0,1685145600000
tank_0808,9.635294117647058,1685145600000
tank_0810,21.0,1685145600000
tank_0811,5.827450980392157,1685145600000
tank_0812,55.97254901960784,1685145600000
tank_0813,0.32941176470588235,1685145600000
tank_0816,0.0,1685145600000
tank_0819,14.0,1685145600000
tank_0823,0.0,1685145600000
tank_0824,18.0,1685145600000
tank_0825,0.0,1685145600000
tank_0828,0.0,1685145600000
tank_0829,44.984313725490196,1685145600000
tank_0830,0.0,1685145600000
tank_0831,20.874509803921566,1685145600000
tank_0844,0.0,1685145600000
tank_0852,40.984313725490196,1685145600000
tank_0855,89.0,1685145600000
tank_0856,16.0,1685145600000
tank_0860,9.419607843137255,1685145600000
tank_0861,12.0,1685145600000
tank_0872,19.0,1685145600000
tank_0875,120.34117647058824,1685145600000
tank_0879,2.0,1685145600000
tank_0885,0.0,1685145600000
tank_0891,16.0,1685145600000
tank_0894,35.0,1685145600000
tank_0898,37.0,1685145600000
tank_0900,86.19607843137253,1685145600000
tank_0901,54.0,1685145600000
tank_0902,2.0,1685145600000
tank_0914,0.0,1685145600000
tank_0917,19.0,1685145600000
tank_0919,44.74901960784314,1685145600000
tank_0920,2.317647058823529,1685145600000
tank_0922,4.0,1685145600000
tank_0923,31.0,1685145600000
tank_0924,0.0,1685145600000
tank_0926,6.0,1685145600000
tank_0927,6.352941176470589,1685145600000
tank_0928,29.0,1685145600000
tank_0930,90.0,1685145600000
tank_0931,32.0,1685145600000
tank_0933,0.0,1685145600000
tank_0934,0.0,1685145600000
tank_0937,0.0,1685145600000
tank_0938,0.0,1685145600000
tank_0939,0.0,1685145600000
tank_0944,43.0,1685145600000
tank_0946,0.0,1685145600000
tank_0952,59.11764705882353,1685145600000
tank_0958,0.0,1685145600000
tank_0962,51.0,1685145600000
tank_0967,10.682352941176472,1685145600000
tank_0975,0.0,1685145600000
tank_0978,22.827450980392157,1685145600000
tank_0990,0.0,1685145600000
tank_0991,0.0,1685145600000
tank_0998,0.0,1685145600000
tank_0999,0.0,1685145600000
tank_1003,11.0,1685145600000
tank_1004,21.58823529411765,1685145600000
tank_1014,173.0,1685145600000
tank_1026,101.0,1685145600000
tank_1031,3.0,1685145600000
tank_1032,6.709803921568628,1685145600000
tank_1034,0.0,1685145600000
tank_1042,15.0,1685145600000
tank_1045,0.0,1685145600000
tank_1049,31.0,1685145600000
tank_1055,1.5254901960784313,1685145600000
tank_1061,0.0,1685145600000
tank_1062,1.0,1685145600000
tank_1064,0.0,1685145600000
tank_1065,0.0,1685145600000
tank_1066,5.913725490196078,1685145600000
tank_1070,15.0,1685145600000
tank_1073,0.0,1685145600000
tank_1083,66.0,1685145600000
tank_1086,4.0,1685145600000
tank_1088,2.9450980392156865,1685145600000
tank_1089,16.0,1685145600000
tank_1090,0.0,1685145600000
tank_1091,0.0,1685145600000
tank_1094,132.0,1685145600000
tank_1095,12.0,1685145600000
tank_1104,0.0,1685145600000
tank_1113,37.0,1685145600000
tank_1116,0.0,1685145600000
tank_1117,0.0,1685145600000
tank_1120,12.0,1685145600000
tank_1121,11.0,1685145600000
tank_1124,5.0,1685145600000
tank_1128,3.0,1685145600000
tank_1134,0.0,1685145600000
tank_1135,42.345098039215685,1685145600000
tank_1146,12.0,1685145600000
tank_1149,8.227450980392156,1685145600000
tank_1156,0.0,1685145600000
tank_1157,16.486274509803923,1685145600000
tank_1159,19.0,1685145600000
tank_1160,255.0,1685145600000
tank_1166,0.0,1685145600000
tank_1170,28.701960784313723,1685145600000
tank_1175,0.0,1685145600000
tank_1177,8.28627450980392,1685145600000
tank_1179,18.141176470588235,1685145600000
tank_1181,3.0,1685145600000
tank_1186,30.0,1685145600000
tank_1187,41.81960784313726,1685145600000
tank_1190,0.0,1685145600000
tank_1192,0.0,1685145600000
tank_1196,0.0,1685145600000
tank_1197,375.0,1685145600000
tank_1201,3.0,1685145600000
tank_1203,4.894117647058824,1685145600000
tank_1205,16.0,1685145600000
tank_1209,8.0,1685145600000
tank_1217,0.0,1685145600000
tank_1223,0.0,1685145600000
tank_1226,102.78039215686273,1685145600000
tank_1228,45.0,1685145600000
tank_1230,0.0,1685145600000
tank_1237,19.976470588235294,1685145600000
tank_1239,511.0,1685145600000
tank_1245,0.0,1685145600000
tank_1246,42.0,1685145600000
tank_1250,0.0,1685145600000
tank_1254,253.0,1685145600000
tank_1255,3.0,1685145600000
tank_1258,40.0,1685145600000
tank_1261,1.0,1685145600000
tank_1262,16.337254901960783,1685145600000
tank_1263,26.0,1685145600000
tank_1265,0.0,1685145600000
tank_1270,0.0,1685145600000
tank_1272,22.99607843137255,1685145600000
tank_1275,0.0,1685145600000
tank_1276,35.0,1685145600000
tank_1279,0.0,1685145600000
tank_1280,0.7686274509803922,1685145600000
tank_1284,0.0,1685145600000
tank_1285,3.447058823529412,1685145600000
tank_1286,64.83921568627451,1685145600000
tank_1290,60.98823529411765,1685145600000
tank_1291,0.0,1685145600000
tank_1293,43.839215686274514,1685145600000
tank_1295,0.0,1685145600000
tank_1297,12.0,1685145600000
tank_1301,21.0,1685145600000
tank_1302,0.0,1685145600000
tank_1304,0.0,1685145600000
tank_1305,9.0,1685145600000
tank_1313,201.0,1685145600000
tank_1322,0.0,1685145600000
tank_1325,69.99607843137255,1685145600000
tank_1326,0.0,1685145600000
tank_1344,0.0,1685145600000
tank_1346,7.003921568627451,1685145600000
tank_1349,0.0,1685145600000
tank_1353,62.0,1685145600000
tank_1358,0.0,1685145600000
tank_1359,0.0,1685145600000
tank_1361,5.0,1685145600000
tank_1364,10.0,1685145600000
tank_1365,0.0,1685145600000
tank_1372,0.0,1685145600000
tank_1374,15.0,1685145600000
tank_1378,46.0,1685145600000
tank_1380,0.0,1685145600000
tank_1386,7.0,1685145600000
tank_1391,0.0,1685145600000
tank_1393,19.0,1685145600000
tank_1396,2.0,1685145600000
tank_1397,0.0,1685145600000
tank_1403,0.0,1685145600000
tank_1409,0.0,1685145600000
tank_1412,0.0,1685145600000
tank_1415,0.0,1685145600000
tank_1416,0.0,1685145600000
tank_1421,108.0,1685145600000
tank_1422,4.270588235294118,1685145600000
tank_1425,287.0,1685145600000
tank_1426,7.0,1685145600000
tank_1430,0.0,1685145600000
tank_1433,153.0,1685145600000
tank_1438,4.7176470588235295,1685145600000
tank_1439,6.0,1685145600000
tank_1441,0.0,1685145600000
tank_1443,2.3529411764705883,1685145600000
tank_1445,49.92941176470588,1685145600000
tank_1446,10.0,1685145600000
tank_1450,0.0,1685145600000
tank_1452,0.0,1685145600000
tank_1456,0.0,1685145600000
tank_1466,1.0,1685145600000
tank_1471,0.0,1685145600000
tank_1475,15.0,1685145600000
tank_1486,10.0,1685145600000
tank_1488,96.0,1685145600000
tank_1491,0.0,1685145600000
tank_1500,23.0,1685145600000
tank_1505,271.0,1685145600000
tank_1513,0.0,1685145600000
tank_1531,0.0,1685145600000
tank_1536,37.92941176470588,1685145600000
tank_1539,374.0,1685145600000
tank_1541,5.0,1685145600000
tank_1542,1.0,1685145600000
tank_1547,37.0,1685145600000
tank_1563,0.0,1685145600000
tank_1564,0.0,1685145600000
tank_1565,11.0,1685145600000
tank_1567,41.0,1685145600000
tank_1568,9.0,1685145600000
tank_1573,11.0,1685145600000
tank_1583,5.749019607843137,1685145600000
tank_1587,829.0,1685145600000
tank_1588,0.0,1685145600000
tank_1592,0.0,1685145600000
tank_1594,31.0,1685145600000
tank_1595,0.0,1685145600000
tank_1597,200.7843137254902,1685145600000
tank_1598,0.0,1685145600000
tank_1600,4.929411764705883,1685145600000
tank_1604,0.0,1685145600000
tank_0002,0.0,1686182400000
tank_0004,0.0,1686182400000
tank_0005,0.0,1686182400000
tank_0011,0.0,1686182400000
tank_0014,4.0,1686182400000
tank_0019,0.0,1686182400000
tank_0024,6.847058823529411,1686182400000
tank_0025,0.0,1686182400000
tank_0026,0.0,1686182400000
tank_0027,0.0,1686182400000
tank_0030,0.0,1686182400000
tank_0031,12.0,1686182400000
tank_0036,0.0,1686182400000
tank_0037,0.0,1686182400000
tank_0038,4.894117647058824,1686182400000
tank_0050,48.141176470588235,1686182400000
tank_0051,0.0,1686182400000
tank_0052,0.0,1686182400000
tank_0053,19.627450980392155,1686182400000
tank_0055,0.0,1686182400000
tank_0057,65.0,1686182400000
tank_0058,3.1019607843137256,1686182400000
tank_0064,7.368627450980393,1686182400000
tank_0069,66.0,1686182400000
tank_0072,1.0,1686182400000
tank_0073,0.0,1686182400000
tank_0080,22.0,1686182400000
tank_0094,0.0,1686182400000
tank_0107,0.0,1686182400000
tank_0110,7.0,1686182400000
tank_0113,22.470588235294116,1686182400000
tank_0115,0.0,1686182400000
tank_0116,0.4117647058823529,1686182400000
tank_0117,73.0,1686182400000
tank_0118,0.0,1686182400000
tank_0122,12.0,1686182400000
tank_0125,0.0,1686182400000
tank_0130,0.0,1686182400000
tank_0131,0.0,1686182400000
tank_0132,0.0,1686182400000
tank_0134,0.0,1686182400000
tank_0135,0.0,1686182400000
tank_0142,3.0,1686182400000
tank_0143,3.0,1686182400000
tank_0144,17.0,1686182400000
tank_0148,0.0,1686182400000
tank_0153,2.0,1686182400000
tank_0156,13.870588235294116,1686182400000
tank_0159,0.0,1686182400000
tank_0165,0.0,1686182400000
tank_0171,0.0,1686182400000
tank_0172,0.0,1686182400000
tank_0174,7.560784313725491,1686182400000
tank_0176,24.058823529411764,1686182400000
tank_0184,0.0,1686182400000
tank_0187,1.835294117647059,1686182400000
tank_0190,5.658823529411764,1686182400000
tank_0192,0.0,1686182400000
tank_0193,16.176470588235293,1686182400000
tank_0195,0.0,1686182400000
tank_0199,10.984313725490196,1686182400000
tank_0204,41.0,1686182400000
tank_0205,0.0,1686182400000
tank_0207,0.0,1686182400000
tank_0209,0.0,1686182400000
tank_0213,13.0,1686182400000
tank_0217,8.0,1686182400000
tank_0220,0.0,1686182400000
tank_0221,2.6823529411764704,1686182400000
tank_0225,0.0,1686182400000
tank_0226,3.0,1686182400000
tank_0228,0.0,1686182400000
tank_0229,7.784313725490196,1686182400000
tank_0231,0.3843137254901961,1686182400000
tank_0233,0.0,1686182400000
tank_0236,0.0,1686182400000
tank_0237,0.0,1686182400000
tank_0240,0.0,1686182400000
tank_0242,9.0,1686182400000
tank_0245,0.0,1686182400000
tank_0247,280.49411764705883,1686182400000
tank_0256,0.0,1686182400000
tank_0257,0.8745098039215686,1686182400000
tank_0260,0.0,1686182400000
tank_0261,0.0,1686182400000
tank_0264,0.0,1686182400000
tank_0273,34.0,1686182400000
tank_0276,1.0,1686182400000
tank_0278,0.0,1686182400000
tank_0280,0.0,1686182400000
tank_0291,0.0,1686182400000
tank_0292,1.0,1686182400000
tank_0296,0.0,1686182400000
tank_0297,9.67843137254902,1686182400000
tank_0299,8.047058823529412,1686182400000
tank_0300,6.325490196078432,1686182400000
tank_0301,1.7490196078431373,1686182400000
tank_0307,8.0,1686182400000
tank_0309,0.0,1686182400000
tank_0313,0.0,1686182400000
tank_0314,0.06666666666666667,1686182400000
tank_0319,0.0,1686182400000
tank_0321,8.0,1686182400000
tank_0327,0.0,1686182400000
tank_0337,3.2274509803921574,1686182400000
tank_0338,0.0,1686182400000
tank_0339,3.0,1686182400000
tank_0342,16.95686274509804,1686182400000
tank_0345,10.858823529411763,1686182400000
tank_0346,0.0,1686182400000
tank_0349,194.0,1686182400000
tank_0350,0.0,1686182400000
tank_0353,6.0,1686182400000
tank_0356,1.2784313725490195,1686182400000
tank_0360,0.0,1686182400000
tank_0361,8.262745098039215,1686182400000
tank_0362,0.0,1686182400000
tank_0364,0.0,1686182400000
tank_0366,8.239215686274509,1686182400000
tank_0369,19.0,1686182400000
tank_0375,0.0,1686182400000
tank_0379,3.984313725490196,1686182400000
tank_0381,0.0,1686182400000
tank_0386,0.0,1686182400000
tank_0390,0.0,1686182400000
tank_0397,0.0,1686182400000
tank_0399,0.0,1686182400000
tank_0404,204.08235294117648,1686182400000
tank_0409,0.0,1686182400000
tank_0420,0.3803921568627451,1686182400000
tank_0425,0.0,1686182400000
tank_0431,0.0,1686182400000
tank_0432,0.0,1686182400000
tank_0435,0.0,1686182400000
tank_0436,0.0,1686182400000
tank_0438,16.0,1686182400000
tank_0443,0.0,1686182400000
tank_0444,111.0,1686182400000
tank_0447,32.74509803921569,1686182400000
tank_0448,21.7921568627451,1686182400000
tank_0449,5.870588235294118,1686182400000
tank_0455,7.0,1686182400000
tank_0460,0.0,1686182400000
tank_0462,90.0,1686182400000
tank_0466,0.0,1686182400000
tank_0471,0.0,1686182400000
tank_0473,10.811764705882354,1686182400000
tank_0474,4.3882352941176475,1686182400000
tank_0481,5.243137254901961,1686182400000
tank_0485,0.0,1686182400000
tank_0489,0.0,1686182400000
tank_0491,0.0,1686182400000
tank_0494,0.0,1686182400000
tank_0497,0.0,1686182400000
tank_0498,0.4980392156862745,1686182400000
tank_0502,0.0,1686182400000
tank_0505,0.0,1686182400000
tank_0509,0.0,1686182400000
tank_0512,137.0,1686182400000
tank_0514,0.0,1686182400000
tank_0515,0.0,1686182400000
tank_0521,1.0,1686182400000
tank_0524,0.0,1686182400000
tank_0526,23.0,1686182400000
tank_0533,0.0,1686182400000
tank_0534,0.0,1686182400000
tank_0536,0.0,1686182400000
tank_0537,2.0,1686182400000
tank_0541,0.0,1686182400000
tank_0547,0.0,1686182400000
tank_0552,0.0,1686182400000
tank_0555,0.0,1686182400000
tank_0556,0.0,1686182400000
tank_0557,0.0,1686182400000
tank_0560,0.0,1686182400000
tank_0561,0.0,1686182400000
tank_0566,0.0,1686182400000
tank_0567,0.0,1686182400000
tank_0568,10.513725490196078,1686182400000
tank_0574,54.0,1686182400000
tank_0579,885.443137254902,1686182400000
tank_0583,166.0,1686182400000
tank_0587,0.0,1686182400000
tank_0589,0.0,1686182400000
tank_0590,7.0,1686182400000
tank_0592,0.0,1686182400000
tank_0593,0.0,1686182400000
tank_0595,7.0,1686182400000
tank_0600,0.0,1686182400000
tank_0604,0.0,1686182400000
tank_0606,1.0,1686182400000
tank_0607,10.749019607843135,1686182400000
tank_0608,201.0,1686182400000
tank_0610,0.0,1686182400000
tank_0611,0.0,1686182400000
tank_0612,0.4980392156862745,1686182400000
tank_0613,0.0,1686182400000
tank_0619,0.0,1686182400000
tank_0626,0.0,1686182400000
tank_0627,0.0,1686182400000
tank_0628,0.0,1686182400000
tank_0632,7.894117647058824,1686182400000
tank_0633,0.0,1686182400000
tank_0639,0.0,1686182400000
tank_0640,0.0,1686182400000
tank_0641,0.0,1686182400000
tank_0643,0.0,1686182400000
tank_0646,0.0,1686182400000
tank_0663,0.0,1686182400000
tank_0664,19.0,1686182400000
tank_0666,0.0,1686182400000
tank_0667,1.3098039215686275,1686182400000
tank_0670,0.0,1686182400000
tank_0675,0.0,1686182400000
tank_0676,524.0,1686182400000
tank_0678,0.0,1686182400000
tank_0681,0.0,1686182400000
tank_0687,3.0,1686182400000
tank_0688,97.0,1686182400000
tank_0697,0.0,1686182400000
tank_0720,0.7647058823529411,1686182400000
tank_0722,0.0,1686182400000
tank_0724,0.0,1686182400000
tank_0725,7.0,1686182400000
tank_0728,0.0,1686182400000
tank_0730,0.0,1686182400000
tank_0731,296.0,1686182400000
tank_0732,0.0,1686182400000
tank_0737,571.0,1686182400000
tank_0739,0.0,1686182400000
tank_0740,0.0,1686182400000
tank_0746,0.0,1686182400000
tank_0748,0.0,1686182400000
tank_0749,0.0,1686182400000
tank_0752,0.0,1686182400000
tank_0760,0.0,1686182400000
tank_0770,0.0,1686182400000
tank_0772,0.0,1686182400000
tank_0788,0.0,1686182400000
tank_0789,0.0,1686182400000
tank_0792,0.0,1686182400000
tank_0797,70.95294117647059,1686182400000
tank_0800,262.0,1686182400000
tank_0802,1.5921568627450982,1686182400000
tank_0803,0.0,1686182400000
tank_0808,0.0,1686182400000
tank_0810,12.980392156862745,1686182400000
tank_0811,0.0,1686182400000
tank_0812,49.0,1686182400000
tank_0813,0.0,1686182400000
tank_0816,0.0,1686182400000
tank_0819,1.0,1686182400000
tank_0823,0.0,1686182400000
tank_0824,326.0,1686182400000
tank_0825,0.0,1686182400000
tank_0828,0.0,1686182400000
tank_0829,53.858823529411765,1686182400000
tank_0830,0.0,1686182400000
tank_0831,0.0,1686182400000
tank_0844,0.0,1686182400000
tank_0852,47.0,1686182400000
tank_0855,92.98039215686275,1686182400000
tank_0856,12.0,1686182400000
tank_0860,6.0,1686182400000
tank_0861,9.95686274509804,1686182400000
tank_0872,18.7921568627451,1686182400000
tank_0875,248.4392156862745,1686182400000
tank_0879,21.0,1686182400000
tank_0885,0.0,1686182400000
tank_0891,18.0,1686182400000
tank_0894,0.0,1686182400000
tank_0898,149.0,1686182400000
tank_0900,58.478431372549025,1686182400000
tank_0901,71.51372549019608,1686182400000
tank_0902,0.0,1686182400000
tank_0914,0.0,1686182400000
tank_0917,138.0,1686182400000
tank_0919,32.0,1686182400000
tank_0920,0.0,1686182400000
tank_0922,2.0,1686182400000
tank_0923,21.0,1686182400000
tank_0924,0.0,1686182400000
tank_0926,0.0,1686182400000
tank_0927,2.227450980392157,1686182400000
tank_0928,16.0,1686182400000
tank_0930,131.0,1686182400000
tank_0931,127.0,1686182400000
tank_0933,0.0,1686182400000
tank_0934,0.0,1686182400000
tank_0937,0.0,1686182400000
tank_0938,0.0,1686182400000
tank_0939,0.0,1686182400000
tank_0944,44.0,1686182400000
tank_0946,0.0,1686182400000
tank_0952,54.37254901960784,1686182400000
tank_0958,0.0,1686182400000
tank_0962,109.0,1686182400000
tank_0967,8.0,1686182400000
tank_0975,0.0,1686182400000
tank_0978,0.0,1686182400000
tank_0990,0.0,1686182400000
tank_0991,0.0,1686182400000
tank_0998,0.0,1686182400000
tank_0999,0.0,1686182400000
tank_1003,179.0,1686182400000
tank_1004,0.0,1686182400000
tank_1014,247.0,1686182400000
tank_1026,152.0,1686182400000
tank_1031,0.0,1686182400000
tank_1032,1.0,1686182400000
tank_1034,0.0,1686182400000
tank_1042,9.0,1686182400000
tank_1045,0.0,1686182400000
tank_1049,56.0,1686182400000
tank_1055,0.0,1686182400000
tank_1061,0.0,1686182400000
tank_1062,0.0,1686182400000
tank_1064,0.0,1686182400000
tank_1065,0.0,1686182400000
tank_1066,0.0,1686182400000
tank_1070,5.0,1686182400000
tank_1073,0.0,1686182400000
tank_1083,128.0,1686182400000
tank_1086,0.0,1686182400000
tank_1088,4.976470588235294,1686182400000
tank_1089,23.0,1686182400000
tank_1090,0.0,1686182400000
tank_1091,0.0,1686182400000
tank_1094,123.0,1686182400000
tank_1095,0.0,1686182400000
tank_1104,2.2470588235294118,1686182400000
tank_1113,42.0,1686182400000
tank_1116,0.0,1686182400000
tank_1117,0.0,1686182400000
tank_1120,2.0,1686182400000
tank_1121,0.0,1686182400000
tank_1124,0.0,1686182400000
tank_1128,0.0,1686182400000
tank_1134,0.0,1686182400000
tank_1135,12.0,1686182400000
tank_1146,7.0,1686182400000
tank_1149,14.454901960784314,1686182400000
tank_1156,0.0,1686182400000
tank_1157,14.486274509803923,1686182400000
tank_1159,15.0,1686182400000
tank_1160,465.0,1686182400000
tank_1166,0.0,1686182400000
tank_1170,11.49019607843137,1686182400000
tank_1175,0.0,1686182400000
tank_1177,0.0,1686182400000
tank_1179,0.0,1686182400000
tank_1181,12.0,1686182400000
tank_1186,17.0,1686182400000
tank_1187,41.062745098039215,1686182400000
tank_1190,0.0,1686182400000
tank_1192,0.0,1686182400000
tank_1196,0.0,1686182400000
tank_1197,1439.0,1686182400000
tank_1201,0.0,1686182400000
tank_1203,0.0,1686182400000
tank_1205,16.0,1686182400000
tank_1209,5.0,1686182400000
tank_1217,0.0,1686182400000
tank_1223,0.0,1686182400000
tank_1226,85.84705882352941,1686182400000
tank_1228,26.0,1686182400000
tank_1230,0.0,1686182400000
tank_1237,10.0,1686182400000
tank_1239,553.0,1686182400000
tank_1245,0.0,1686182400000
tank_1246,52.0,1686182400000
tank_1250,0.0,1686182400000
tank_1254,374.0,1686182400000
tank_1255,0.0,1686182400000
tank_1258,38.0,1686182400000
tank_1261,0.0,1686182400000
tank_1262,0.0,1686182400000
tank_1263,18.0,1686182400000
tank_1265,4.0,1686182400000
tank_1270,0.0,1686182400000
tank_1272,10.996078431372549,1686182400000
tank_1275,0.0,1686182400000
tank_1276,171.0,1686182400000
tank_1279,0.0,1686182400000
tank_1280,0.0,1686182400000
tank_1284,0.0,1686182400000
tank_1285,1.0,1686182400000
tank_1286,104.0,1686182400000
tank_1290,17.0,1686182400000
tank_1291,0.0,1686182400000
tank_1293,50.0,1686182400000
tank_1295,0.0,1686182400000
tank_1297,5.0,1686182400000
tank_1301,36.0,1686182400000
tank_1302,15.0,1686182400000
tank_1304,0.0,1686182400000
tank_1305,11.0,1686182400000
tank_1313,1014.0,1686182400000
tank_1322,0.0,1686182400000
tank_1325,101.0,1686182400000
tank_1326,0.0,1686182400000
tank_1344,0.0,1686182400000
tank_1346,0.0,1686182400000
tank_1349,0.0,1686182400000
tank_1353,102.0,1686182400000
tank_1358,0.0,1686182400000
tank_1359,0.0,1686182400000
tank_1361,51.0,1686182400000
tank_1364,195.0,1686182400000
tank_1365,0.0,1686182400000
tank_1372,0.0,1686182400000
tank_1374,92.0,1686182400000
tank_1378,122.0,1686182400000
tank_1380,0.0,1686182400000
tank_1386,27.0,1686182400000
tank_1391,0.0,1686182400000
tank_1393,9.0,1686182400000
tank_1396,8.0,1686182400000
tank_1397,0.0,1686182400000
tank_1403,3.0,1686182400000
tank_1409,0.0,1686182400000
tank_1412,0.0,1686182400000
tank_1415,0.0,1686182400000
tank_1416,0.0,1686182400000
tank_1421,67.0,1686182400000
tank_1422,0.0,1686182400000
tank_1425,196.0,1686182400000
tank_1426,0.0,1686182400000
tank_1430,0.0,1686182400000
tank_1433,176.0,1686182400000
tank_1438,0.0,1686182400000
tank_1439,0.0,1686182400000
tank_1441,0.0,1686182400000
tank_1443,0.0,1686182400000
tank_1445,36.0,1686182400000
tank_1446,20.92156862745098,1686182400000
tank_1450,0.0,1686182400000
tank_1452,0.0,1686182400000
tank_1456,0.0,1686182400000
tank_1466,0.0,1686182400000
tank_1471,0.0,1686182400000
tank_1475,68.0,1686182400000
tank_1486,507.0,1686182400000
tank_1488,109.96862745098039,1686182400000
tank_1491,0.0,1686182400000
tank_1500,26.490196078431374,1686182400000
tank_1505,186.0,1686182400000
tank_1513,0.0,1686182400000
tank_1531,0.0,1686182400000
tank_1536,17.0,1686182400000
tank_1539,439.0,1686182400000
tank_1541,0.0,1686182400000
tank_1542,0.0,1686182400000
tank_1547,46.0,1686182400000
tank_1563,0.0,1686182400000
tank_1564,0.0,1686182400000
tank_1565,72.0,1686182400000
tank_1567,4.0,1686182400000
tank_1568,13.0,1686182400000
tank_1573,11.0,1686182400000
tank_1583,0.0,1686182400000
tank_1587,355.0,1686182400000
tank_1588,0.0,1686182400000
tank_1592,0.0,1686182400000
tank_1594,13.0,1686182400000
tank_1595,0.0,1686182400000
tank_1597,108.53333333333333,1686182400000
tank_1598,5.1803921568627445,1686182400000
tank_1600,0.0,1686182400000
tank_1604,0.0,1686182400000
tank_0002,0.0,1687219200000
tank_0004,0.0,1687219200000
tank_0005,0.0,1687219200000
tank_0011,0.0,1687219200000
tank_0014,0.0,1687219200000
tank_0019,0.0,1687219200000
tank_0024,22.58039215686275,1687219200000
tank_0025,0.0,1687219200000
tank_0026,0.0392156862745098,1687219200000
tank_0027,0.0,1687219200000
tank_0030,0.0,1687219200000
tank_0031,4.0,1687219200000
tank_0036,0.0,1687219200000
tank_0037,0.0,1687219200000
tank_0038,14.815686274509801,1687219200000
tank_0050,29.0,1687219200000
tank_0051,2.9647058823529413,1687219200000
tank_0052,0.0,1687219200000
tank_0053,46.06666666666667,1687219200000
tank_0055,1.3725490196078431,1687219200000
tank_0057,68.0,1687219200000
tank_0058,5.925490196078432,1687219200000
tank_0064,22.57254901960784,1687219200000
tank_0069,81.0,1687219200000
tank_0072,0.0,1687219200000
tank_0073,0.0,1687219200000
tank_0080,23.0,1687219200000
tank_0094,0.0,1687219200000
tank_0107,0.0,1687219200000
tank_0110,9.0,1687219200000
tank_0113,42.819607843137256,1687219200000
tank_0115,1.6862745098039216,1687219200000
tank_0116,0.0,1687219200000
tank_0117,114.0,1687219200000
tank_0118,0.0,1687219200000
tank_0122,15.0,1687219200000
tank_0125,4.874509803921569,1687219200000
tank_0130,3.756862745098039,1687219200000
tank_0131,0.0,1687219200000
tank_0132,0.0,1687219200000
tank_0134,0.0,1687219200000
tank_0135,0.0,1687219200000
tank_0142,0.25098039215686274,1687219200000
tank_0143,1.0,1687219200000
tank_0144,19.0,1687219200000
tank_0148,13.239215686274509,1687219200000
tank_0153,0.0,1687219200000
tank_0156,35.09411764705882,1687219200000
tank_0159,0.0,1687219200000
tank_0165,1.0431372549019609,1687219200000
tank_0171,0.0,1687219200000
tank_0172,0.0,1687219200000
tank_0174,3.0431372549019606,1687219200000
tank_0176,3.0,1687219200000
tank_0184,3.9137254901960783,1687219200000
tank_0187,9.831372549019608,1687219200000
tank_0190,6.827450980392156,1687219200000
tank_0192,0.0,1687219200000
tank_0193,2.0,1687219200000
tank_0195,7.2823529411764705,1687219200000
tank_0199,5.909803921568628,1687219200000
tank_0204,40.0,1687219200000
tank_0205,0.0,1687219200000
tank_0207,0.0,1687219200000
tank_0209,0.0,1687219200000
tank_0213,9.0,1687219200000
tank_0217,1.0,1687219200000
tank_0220,0.0,1687219200000
tank_0221,6.133333333333333,1687219200000
tank_0225,0.0,1687219200000
tank_0226,0.0,1687219200000
tank_0228,0.0,1687219200000
tank_0229,7.992156862745098,1687219200000
tank_0231,2.0431372549019606,1687219200000
tank_0233,10.760784313725491,1687219200000
tank_0236,5.0,1687219200000
tank_0237,0.0,1687219200000
tank_0240,11.682352941176472,1687219200000
tank_0242,10.807843137254903,1687219200000
tank_0245,1.3490196078431373,1687219200000
tank_0247,257.964705882353,1687219200000
tank_0256,0.0,1687219200000
tank_0257,0.0,1687219200000
tank_0260,0.996078431372549,1687219200000
tank_0261,0.0,1687219200000
tank_0264,0.0,1687219200000
tank_0273,62.0,1687219200000
tank_0276,0.0,1687219200000
tank_0278,0.0,1687219200000
tank_0280,0.0,1687219200000
tank_0291,0.0,1687219200000
tank_0292,22.937254901960785,1687219200000
tank_0296,0.0,1687219200000
tank_0297,20.725490196078432,1687219200000
tank_0299,8.0,1687219200000
tank_0300,6.968627450980393,1687219200000
tank_0301,4.403921568627451,1687219200000
tank_0307,5.0,1687219200000
tank_0309,2.0,1687219200000
tank_0313,0.0,1687219200000
tank_0314,4.0,1687219200000
tank_0319,1.0,1687219200000
tank_0321,13.749019607843138,1687219200000
tank_0327,0.0,1687219200000
tank_0337,0.0,1687219200000
tank_0338,2.0,1687219200000
tank_0339,8.407843137254902,1687219200000
tank_0342,11.133333333333333,1687219200000
tank_0345,0.0,1687219200000
tank_0346,0.0,1687219200000
tank_0349,220.0,1687219200000
tank_0350,2.0,1687219200000
tank_0353,14.0,1687219200000
tank_0356,0.0,1687219200000
tank_0360,0.0,1687219200000
tank_0361,11.0,1687219200000
tank_0362,0.0,1687219200000
tank_0364,0.0,1687219200000
tank_0366,15.125490196078431,1687219200000
tank_0369,28.0,1687219200000
tank_0375,0.0,1687219200000
tank_0379,6.0,1687219200000
tank_0381,0.0,1687219200000
tank_0386,0.0,1687219200000
tank_0390,4.0,1687219200000
tank_0397,0.0,1687219200000
tank_0399,0.0,1687219200000
tank_0404,187.09019607843138,1687219200000
tank_0409,2.0,1687219200000
tank_0420,0.0,1687219200000
tank_0425,0.0,1687219200000
tank_0431,0.0,1687219200000
tank_0432,2.6470588235294117,1687219200000
tank_0435,0.0,1687219200000
tank_0436,0.0,1687219200000
tank_0438,15.776470588235295,1687219200000
tank_0443,0.0,1687219200000
tank_0444,228.0,1687219200000
tank_0447,37.294117647058826,1687219200000
tank_0448,12.980392156862745,1687219200000
tank_0449,1.329411764705882,1687219200000
tank_0455,5.137254901960784,1687219200000
tank_0460,0.7294117647058823,1687219200000
tank_0462,86.0,1687219200000
tank_0466,0.0,1687219200000
tank_0471,1.0,1687219200000
tank_0473,7.960784313725492,1687219200000
tank_0474,14.67843137254902,1687219200000
tank_0481,5.125490196078432,1687219200000
tank_0485,0.0,1687219200000
tank_0489,6.79607843137255,1687219200000
tank_0491,0.0,1687219200000
tank_0494,0.7058823529411764,1687219200000
tank_0497,0.0,1687219200000
tank_0498,3.4941176470588236,1687219200000
tank_0502,0.0,1687219200000
tank_0505,1.8,1687219200000
tank_0509,0.0,1687219200000
tank_0512,75.0,1687219200000
tank_0514,0.0,1687219200000
tank_0515,0.3607843137254902,1687219200000
tank_0521,0.0,1687219200000
tank_0524,0.0,1687219200000
tank_0526,18.87450980392157,1687219200000
tank_0533,0.0,1687219200000
tank_0534,0.0,1687219200000
tank_0536,0.0,1687219200000
tank_0537,0.0,1687219200000
tank_0541,0.0,1687219200000
tank_0547,0.0,1687219200000
tank_0552,2.5215686274509803,1687219200000
tank_0555,0.0,1687219200000
tank_0556,3.243137254901961,1687219200000
tank_0557,0.0,1687219200000
tank_0560,0.0,1687219200000
tank_0561,0.0,1687219200000
tank_0566,0.0,1687219200000
tank_0567,0.0,1687219200000
tank_0568,27.92549019607843,1687219200000
tank_0574,40.0,1687219200000
tank_0579,334.0,1687219200000
tank_0583,86.0,1687219200000
tank_0587,0.0,1687219200000
tank_0589,0.0,1687219200000
tank_0590,2.0,1687219200000
tank_0592,0.10196078431372549,1687219200000
tank_0593,0.0,1687219200000
tank_0595,18.705882352941174,1687219200000
tank_0600,3.0,1687219200000
tank_0604,0.0,1687219200000
tank_0606,6.0,1687219200000
tank_0607,13.21176470588235,1687219200000
tank_0608,136.0,1687219200000
tank_0610,2.0,1687219200000
tank_0611,0.0,1687219200000
tank_0612,2.0,1687219200000
tank_0613,0.0,1687219200000
tank_0619,0.0,1687219200000
tank_0626,0.0,1687219200000
tank_0627,0.0,1687219200000
tank_0628,5.0,1687219200000
tank_0632,10.0,1687219200000
tank_0633,4.0,1687219200000
tank_0639,1.0,1687219200000
tank_0640,5.0,1687219200000
tank_0641,0.0,1687219200000
tank_0643,0.0,1687219200000
tank_0646,0.0,1687219200000
tank_0663,0.0,1687219200000
tank_0664,14.0,1687219200000
tank_0666,4.368627450980392,1687219200000
tank_0667,15.564705882352943,1687219200000
tank_0670,0.0,1687219200000
tank_0675,0.0,1687219200000
tank_0676,185.0,1687219200000
tank_0678,0.0,1687219200000
tank_0681,8.203921568627452,1687219200000
tank_0687,0.0,1687219200000
tank_0688,77.0,1687219200000
tank_0697,7.3803921568627455,1687219200000
tank_0720,0.42745098039215684,1687219200000
tank_0722,0.0,1687219200000
tank_0724,2.0,1687219200000
tank_0725,8.0,1687219200000
tank_0728,0.0,1687219200000
tank_0730,0.0,1687219200000
tank_0731,57.0,1687219200000
tank_0732,0.0,1687219200000
tank_0737,23.0,1687219200000
tank_0739,0.0,1687219200000
tank_0740,19.050980392156863,1687219200000
tank_0746,0.0,1687219200000
tank_0748,0.0,1687219200000
tank_0749,1.0,1687219200000
tank_0752,2.847058823529412,1687219200000
tank_0760,0.0,1687219200000
tank_0770,1.7490196078431373,1687219200000
tank_0772,0.0,1687219200000
tank_0788,0.0,1687219200000
tank_0789,8.0,1687219200000
tank_0792,93.99215686274509,1687219200000
tank_0797,60.0,1687219200000
tank_0800,246.0,1687219200000
tank_0802,0.0,1687219200000
tank_0803,1.5137254901960784,1687219200000
tank_0808,1.909803921568627,1687219200000
tank_0810,19.980392156862745,1687219200000
tank_0811,0.0,1687219200000
tank_0812,51.0,1687219200000
tank_0813,0.0,1687219200000
tank_0816,0.0,1687219200000
tank_0819,2.0,1687219200000
tank_0823,0.0,1687219200000
tank_0824,41.0,1687219200000
tank_0825,0.0,1687219200000
tank_0828,7.0,1687219200000
tank_0829,52.858823529411765,1687219200000
tank_0830,0.0,1687219200000
tank_0831,14.639215686274511,1687219200000
tank_0844,0.0,1687219200000
tank_0852,30.0,1687219200000
tank_0855,111.0,1687219200000
tank_0856,2.0,1687219200000
tank_0860,8.0,1687219200000
tank_0861,2.0,1687219200000
tank_0872,23.0,1687219200000
tank_0875,153.0,1687219200000
tank_0879,13.545098039215686,1687219200000
tank_0885,0.0,1687219200000
tank_0891,16.0,1687219200000
tank_0894,34.0,1687219200000
tank_0898,57.0,1687219200000
tank_0900,89.88627450980391,1687219200000
tank_0901,69.0,1687219200000
tank_0902,0.0,1687219200000
tank_0914,0.0,1687219200000
tank_0917,6.0,1687219200000
tank_0919,18.0,1687219200000
tank_0920,7.0,1687219200000
tank_0922,0.0,1687219200000
tank_0923,21.498039215686276,1687219200000
tank_0924,0.0,1687219200000
tank_0926,0.0,1687219200000
tank_0927,3.0,1687219200000
tank_0928,23.0,1687219200000
tank_0930,109.0,1687219200000
tank_0931,62.0,1687219200000
tank_0933,0.0,1687219200000
tank_0934,0.0,1687219200000
tank_0937,0.0,1687219200000
tank_0938,0.0,1687219200000
tank_0939,0.0,1687219200000
tank_0944,48.0,1687219200000
tank_0946,0.0,1687219200000
tank_0952,58.0,1687219200000
tank_0958,0.0,1687219200000
tank_0962,156.0,1687219200000
tank_0967,8.0,1687219200000
tank_0975,0.0,1687219200000
tank_0978,49.12549019607843,1687219200000
tank_0990,0.0,1687219200000
tank_0991,0.0,1687219200000
tank_0998,0.0,1687219200000
tank_0999,0.0,1687219200000
tank_1003,21.0,1687219200000
tank_1004,22.0,1687219200000
tank_1014,152.0,1687219200000
tank_1026,74.0,1687219200000
tank_1031,0.0,1687219200000
tank_1032,0.0,1687219200000
tank_1034,0.0,1687219200000
tank_1042,13.0,1687219200000
tank_1045,0.0,1687219200000
tank_1049,6.0,1687219200000
tank_1055,4.9372549019607845,1687219200000
tank_1061,0.0,1687219200000
tank_1062,0.09803921568627451,1687219200000
tank_1064,0.0,1687219200000
tank_1065,0.4823529411764706,1687219200000
tank_1066,0.5333333333333333,1687219200000
tank_1070,0.0,1687219200000
tank_1073,0.0,1687219200000
tank_1083,56.0,1687219200000
tank_1086,4.0,1687219200000
tank_1088,6.427450980392156,1687219200000
tank_1089,22.8,1687219200000
tank_1090,0.0,1687219200000
tank_1091,3.0,1687219200000
tank_1094,327.0,1687219200000
tank_1095,8.0,1687219200000
tank_1104,0.0,1687219200000
tank_1113,33.0,1687219200000
tank_1116,0.0,1687219200000
tank_1117,0.0,1687219200000
tank_1120,5.0,1687219200000
tank_1121,0.0,1687219200000
tank_1124,0.0,1687219200000
tank_1128,0.0,1687219200000
tank_1134,0.0,1687219200000
tank_1135,42.8156862745098,1687219200000
tank_1146,6.0,1687219200000
tank_1149,6.5137254901960775,1687219200000
tank_1156,0.0,1687219200000
tank_1157,14.486274509803923,1687219200000
tank_1159,7.0,1687219200000
tank_1160,135.0,1687219200000
tank_1166,0.0,1687219200000
tank_1170,21.24313725490196,1687219200000
tank_1175,0.0,1687219200000
tank_1177,10.411764705882351,1687219200000
tank_1179,11.047058823529412,1687219200000
tank_1181,7.0,1687219200000
tank_1186,42.576470588235296,1687219200000
tank_1187,43.98431372549021,1687219200000
tank_1190,0.0,1687219200000
tank_1192,0.0,1687219200000
tank_1196,0.0,1687219200000
tank_1197,653.0,1687219200000
tank_1201,15.0,1687219200000
tank_1203,15.36078431372549,1687219200000
tank_1205,0.0,1687219200000
tank_1209,17.0,1687219200000
tank_1217,0.0,1687219200000
tank_1223,2.0,1687219200000
tank_1226,58.98823529411764,1687219200000
tank_1228,101.0,1687219200000
tank_1230,0.0,1687219200000
tank_1237,29.45098039215686,1687219200000
tank_1239,510.0,1687219200000
tank_1245,0.0,1687219200000
tank_1246,79.0,1687219200000
tank_1250,0.0,1687219200000
tank_1254,85.0,1687219200000
tank_1255,0.0,1687219200000
tank_1258,28.0,1687219200000
tank_1261,0.0,1687219200000
tank_1262,0.0,1687219200000
tank_1263,17.0,1687219200000
tank_1265,5.0,1687219200000
tank_1270,0.0,1687219200000
tank_1272,23.99607843137255,1687219200000
tank_1275,0.0,1687219200000
tank_1276,152.9764705882353,1687219200000
tank_1279,0.0,1687219200000
tank_1280,0.6980392156862745,1687219200000
tank_1284,0.0,1687219200000
tank_1285,0.0,1687219200000
tank_1286,98.53333333333333,1687219200000
tank_1290,31.91372549019608,1687219200000
tank_1291,0.0,1687219200000
tank_1293,76.0,1687219200000
tank_1295,0.0,1687219200000
tank_1297,10.0,1687219200000
tank_1301,4.0,1687219200000
tank_1302,12.0,1687219200000
tank_1304,0.0,1687219200000
tank_1305,22.0,1687219200000
tank_1313,529.0,1687219200000
tank_1322,0.0,1687219200000
tank_1325,120.5529411764706,1687219200000
tank_1326,4.0,1687219200000
tank_1344,0.0,1687219200000
tank_1346,4.070588235294117,1687219200000
tank_1349,0.0,1687219200000
tank_1353,408.0,1687219200000
tank_1358,2.9333333333333336,1687219200000
tank_1359,0.0,1687219200000
tank_1361,312.0,1687219200000
tank_1364,401.0,1687219200000
tank_1365,0.0,1687219200000
tank_1372,0.0,1687219200000
tank_1374,88.0,1687219200000
tank_1378,78.0,1687219200000
tank_1380,11.0,1687219200000
tank_1386,66.0,1687219200000
tank_1391,0.0,1687219200000
tank_1393,14.0,1687219200000
tank_1396,18.0,1687219200000
tank_1397,0.0,1687219200000
tank_1403,3.0,1687219200000
tank_1409,0.0,1687219200000
tank_1412,0.0,1687219200000
tank_1415,0.0,1687219200000
tank_1416,0.0,1687219200000
tank_1421,80.0,1687219200000
tank_1422,0.8627450980392157,1687219200000
tank_1425,278.0,1687219200000
tank_1426,0.0,1687219200000
tank_1430,0.0,1687219200000
tank_1433,133.0,1687219200000
tank_1438,13.39607843137255,1687219200000
tank_1439,2.0,1687219200000
tank_1441,0.0,1687219200000
tank_1443,0.0,1687219200000
tank_1445,48.0,1687219200000
tank_1446,27.937254901960785,1687219200000
tank_1450,0.0,1687219200000
tank_1452,0.0,1687219200000
tank_1456,0.0,1687219200000
tank_1466,1.0,1687219200000
tank_1471,0.0,1687219200000
tank_1475,272.0,1687219200000
tank_1486,775.0,1687219200000
tank_1488,99.0,1687219200000
tank_1491,0.0,1687219200000
tank_1500,22.52549019607843,1687219200000
tank_1505,428.0,1687219200000
tank_1513,0.0,1687219200000
tank_1531,0.0,1687219200000
tank_1536,51.0,1687219200000
tank_1539,435.0,1687219200000
tank_1541,1.0,1687219200000
tank_1542,0.0,1687219200000
tank_1547,109.0,1687219200000
tank_1563,0.0,1687219200000
tank_1564,0.0,1687219200000
tank_1565,67.0,1687219200000
tank_1567,32.92549019607843,1687219200000
tank_1568,17.0,1687219200000
tank_1573,18.0,1687219200000
tank_1583,2.0,1687219200000
tank_1587,860.0,1687219200000
tank_1588,0.0,1687219200000
tank_1592,0.0,1687219200000
tank_1594,5.0,1687219200000
tank_1595,0.0,1687219200000
tank_1597,190.9098039215686,1687219200000
tank_1598,1.1803921568627451,1687219200000
tank_1600,0.34901960784313724,1687219200000
tank_1604,0.0,1687219200000
tank_0002,0.0,1688256000000
tank_0004,0.0,1688256000000
tank_0005,0.0,1688256000000
tank_0011,0.0,1688256000000
tank_0014,0.0,1688256000000
tank_0019,0.0,1688256000000
tank_0024,13.0,1688256000000
tank_0025,0.0,1688256000000
tank_0026,0.0,1688256000000
tank_0027,0.0,1688256000000
tank_0030,0.0,1688256000000
tank_0031,14.0,1688256000000
tank_0036,0.3254901960784314,1688256000000
tank_0037,0.7843137254901961,1688256000000
tank_0038,10.156862745098037,1688256000000
tank_0050,13.976470588235294,1688256000000
tank_0051,0.0,1688256000000
tank_0052,0.0,1688256000000
tank_0053,17.376470588235296,1688256000000
tank_0055,0.5058823529411764,1688256000000
tank_0057,68.95686274509804,1688256000000
tank_0058,1.9803921568627452,1688256000000
tank_0064,13.737254901960785,1688256000000
tank_0069,65.0,1688256000000
tank_0072,0.0,1688256000000
tank_0073,0.0,1688256000000
tank_0080,18.0,1688256000000
tank_0094,0.0,1688256000000
tank_0107,1.2745098039215685,1688256000000
tank_0110,3.0,1688256000000
tank_0113,28.384313725490195,1688256000000
tank_0115,0.0,1688256000000
tank_0116,0.25098039215686274,1688256000000
tank_0117,99.0,1688256000000
tank_0118,0.0,1688256000000
tank_0122,0.0,1688256000000
tank_0125,3.9019607843137254,1688256000000
tank_0130,7.0,1688256000000
tank_0131,0.0,1688256000000
tank_0132,0.0,1688256000000
tank_0134,0.0,1688256000000
tank_0135,0.0,1688256000000
tank_0142,0.0,1688256000000
tank_0143,0.0,1688256000000
tank_0144,26.0,1688256000000
tank_0148,2.0,1688256000000
tank_0153,0.0,1688256000000
tank_0156,57.10196078431373,1688256000000
tank_0159,0.0,1688256000000
tank_0165,0.0,1688256000000
tank_0171,0.0,1688256000000
tank_0172,0.0,1688256000000
tank_0174,8.266666666666666,1688256000000
tank_0176,5.0,1688256000000
tank_0184,0.9333333333333333,1688256000000
tank_0187,15.08235294117647,1688256000000
tank_0190,7.411764705882352,1688256000000
tank_0192,1.231372549019608,1688256000000
tank_0193,0.0,1688256000000
tank_0195,9.729411764705882,1688256000000
tank_0199,2.231372549019608,1688256000000
tank_0204,31.0,1688256000000
tank_0205,0.0,1688256000000
tank_0207,0.0,1688256000000
tank_0209,0.0,1688256000000
tank_0213,9.0,1688256000000
tank_0217,0.0,1688256000000
tank_0220,0.0,1688256000000
tank_0221,0.8509803921568628,1688256000000
tank_0225,0.0,1688256000000
tank_0226,2.0,1688256000000
tank_0228,0.0,1688256000000
tank_0229,1.9176470588235293,1688256000000
tank_0231,0.0,1688256000000
tank_0233,7.0,1688256000000
tank_0236,2.0,1688256000000
tank_0237,0.0,1688256000000
tank_0240,2.7215686274509805,1688256000000
tank_0242,11.807843137254903,1688256000000
tank_0245,0.0,1688256000000
tank_0247,209.0,1688256000000
tank_0256,0.0,1688256000000
tank_0257,1.2509803921568627,1688256000000
tank_0260,2.996078431372549,1688256000000
tank_0261,0.0,1688256000000
tank_0264,0.0,1688256000000
tank_0273,23.0,1688256000000
tank_0276,0.0,1688256000000
tank_0278,0.0,1688256000000
tank_0280,0.0,1688256000000
tank_0291,0.0,1688256000000
tank_0292,8.007843137254902,1688256000000
tank_0296,0.0,1688256000000
tank_0297,22.0,1688256000000
tank_0299,4.133333333333333,1688256000000
tank_0300,3.964705882352941,1688256000000
tank_0301,0.0,1688256000000
tank_0307,4.0,1688256000000
tank_0309,9.0,1688256000000
tank_0313,0.0,1688256000000
tank_0314,0.0,1688256000000
tank_0319,0.0,1688256000000
tank_0321,8.384313725490196,1688256000000
tank_0327,0.0,1688256000000
tank_0337,7.894117647058823,1688256000000
tank_0338,5.0,1688256000000
tank_0339,13.098039215686274,1688256000000
tank_0342,17.478431372549018,1688256000000
tank_0345,0.0,1688256000000
tank_0346,0.0,1688256000000
tank_0349,166.0,1688256000000
tank_0350,0.0,1688256000000
tank_0353,12.0,1688256000000
tank_0356,0.0,1688256000000
tank_0360,0.0,1688256000000
tank_0361,6.749019607843137,1688256000000
tank_0362,0.0,1688256000000
tank_0364,0.0,1688256000000
tank_0366,8.925490196078432,1688256000000
tank_0369,7.905882352941177,1688256000000
tank_0375,0.0,1688256000000
tank_0379,2.4901960784313726,1688256000000
tank_0381,0.0,1688256000000
tank_0386,0.0,1688256000000
tank_0390,0.0,1688256000000
tank_0397,0.0,1688256000000
tank_0399,0.0,1688256000000
tank_0404,208.4470588235294,1688256000000
tank_0409,1.0,1688256000000
tank_0420,0.0,1688256000000
tank_0425,0.0,1688256000000
tank_0431,0.0,1688256000000
tank_0432,4.117647058823529,1688256000000
tank_0435,0.0,1688256000000
tank_0436,0.0,1688256000000
tank_0438,12.0,1688256000000
tank_0443,0.8313725490196079,1688256000000
tank_0444,149.0,1688256000000
tank_0447,37.50588235294117,1688256000000
tank_0448,19.980392156862745,1688256000000
tank_0449,2.792156862745098,1688256000000
tank_0455,11.933333333333334,1688256000000
tank_0460,7.180392156862745,1688256000000
tank_0462,153.80392156862746,1688256000000
tank_0466,0.0,1688256000000
tank_0471,4.509803921568627,1688256000000
tank_0473,9.572549019607845,1688256000000
tank_0474,0.7529411764705882,1688256000000
tank_0481,5.294117647058824,1688256000000
tank_0485,0.0,1688256000000
tank_0489,0.0,1688256000000
tank_0491,0.0,1688256000000
tank_0494,2.0,1688256000000
tank_0497,0.0,1688256000000
tank_0498,0.7843137254901961,1688256000000
tank_0502,0.0,1688256000000
tank_0505,0.0,1688256000000
tank_0509,0.0,1688256000000
tank_0512,120.0,1688256000000
tank_0514,0.0,1688256000000
tank_0515,0.0,1688256000000
tank_0521,3.0,1688256000000
tank_0524,0.0,1688256000000
tank_0526,14.0,1688256000000
tank_0533,0.0,1688256000000
tank_0534,0.0,1688256000000
tank_0536,0.0,1688256000000
tank_0537,0.0,1688256000000
tank_0541,0.0,1688256000000
tank_0547,0.0,1688256000000
tank_0552,4.129411764705882,1688256000000
tank_0555,0.0,1688256000000
tank_0556,3.674509803921569,1688256000000
tank_0557,0.0,1688256000000
tank_0560,0.0,1688256000000
tank_0561,0.0,1688256000000
tank_0566,0.0,1688256000000
tank_0567,1.0,1688256000000
tank_0568,24.015686274509804,1688256000000
tank_0574,36.0,1688256000000
tank_0579,368.0,1688256000000
tank_0583,53.0,1688256000000
tank_0587,0.9882352941176471,1688256000000
tank_0589,0.0,1688256000000
tank_0590,0.0,1688256000000
tank_0592,0.0,1688256000000
tank_0593,0.0,1688256000000
tank_0595,16.0,1688256000000
tank_0600,0.8627450980392157,1688256000000
tank_0604,0.0,1688256000000
tank_0606,8.0,1688256000000
tank_0607,4.0,1688256000000
tank_0608,256.0,1688256000000
tank_0610,7.827450980392157,1688256000000
tank_0611,6.588235294117647,1688256000000
tank_0612,4.4941176470588236,1688256000000
tank_0613,0.0,1688256000000
tank_0619,0.0,1688256000000
tank_0626,0.0,1688256000000
tank_0627,0.0,1688256000000
tank_0628,1.0,1688256000000
tank_0632,8.772549019607844,1688256000000
tank_0633,0.0,1688256000000
tank_0639,4.0,1688256000000
tank_0640,0.0,1688256000000
tank_0641,0.0,1688256000000
tank_0643,0.0,1688256000000
tank_0646,0.0,1688256000000
tank_0663,3.2470588235294118,1688256000000
tank_0664,6.0,1688256000000
tank_0666,0.0,1688256000000
tank_0667,8.0,1688256000000
tank_0670,0.0,1688256000000
tank_0675,0.0,1688256000000
tank_0676,127.0,1688256000000
tank_0678,4.074509803921568,1688256000000
tank_0681,0.0,1688256000000
tank_0687,0.0,1688256000000
tank_0688,126.0,1688256000000
tank_0697,2.0,1688256000000
tank_0720,0.42745098039215684,1688256000000
tank_0722,0.0,1688256000000
tank_0724,3.0,1688256000000
tank_0725,1.0,1688256000000
tank_0728,0.0,1688256000000
tank_0730,0.0,1688256000000
tank_0731,43.0,1688256000000
tank_0732,0.0,1688256000000
tank_0737,24.0,1688256000000
tank_0739,0.0,1688256000000
tank_0740,30.749019607843138,1688256000000
tank_0746,0.0,1688256000000
tank_0748,0.0,1688256000000
tank_0749,3.396078431372549,1688256000000
tank_0752,5.988235294117647,1688256000000
tank_0760,0.0,1688256000000
tank_0770,0.0,1688256000000
tank_0772,0.0,1688256000000
tank_0788,0.0,1688256000000
tank_0789,20.0,1688256000000
tank_0792,108.96078431372548,1688256000000
tank_0797,48.95294117647059,1688256000000
tank_0800,193.0,1688256000000
tank_0802,0.0,1688256000000
tank_0803,0.0,1688256000000
tank_0808,4.4980392156862745,1688256000000
tank_0810,25.980392156862745,1688256000000
tank_0811,0.0,1688256000000
tank_0812,60.70980392156863,1688256000000
tank_0813,0.0,1688256000000
tank_0816,3.9058823529411764,1688256000000
tank_0819,0.0,1688256000000
tank_0823,0.0,1688256000000
tank_0824,1.0,1688256000000
tank_0825,0.0,1688256000000
tank_0828,5.0,1688256000000
tank_0829,46.984313725490196,1688256000000
tank_0830,0.0,1688256000000
tank_0831,15.447058823529414,1688256000000
tank_0844,0.0,1688256000000
tank_0852,21.647058823529413,1688256000000
tank_0855,110.0,1688256000000
tank_0856,9.0,1688256000000
tank_0860,4.0,1688256000000
tank_0861,3.7450980392156863,1688256000000
tank_0872,6.0,1688256000000
tank_0875,110.0,1688256000000
tank_0879,2.0,1688256000000
tank_0885,0.0,1688256000000
tank_0891,10.0,1688256000000
tank_0894,4.0,1688256000000
tank_0898,16.0,1688256000000
tank_0900,59.91764705882353,1688256000000
tank_0901,35.88235294117647,1688256000000
tank_0902,0.0,1688256000000
tank_0914,0.0,1688256000000
tank_0917,3.0,1688256000000
tank_0919,16.0,1688256000000
tank_0920,4.466666666666667,1688256000000
tank_0922,0.0,1688256000000
tank_0923,6.0,1688256000000
tank_0924,0.0,1688256000000
tank_0926,2.0,1688256000000
tank_0927,2.0,1688256000000
tank_0928,19.0,1688256000000
tank_0930,97.0,1688256000000
tank_0931,21.0,1688256000000
tank_0933,0.0,1688256000000
tank_0934,0.0,1688256000000
tank_0937,0.0,1688256000000
tank_0938,0.0,1688256000000
tank_0939,0.0,1688256000000
tank_0944,37.0,1688256000000
tank_0946,0.0,1688256000000
tank_0952,54.8,1688256000000
tank_0958,0.0,1688256000000
tank_0962,106.0,1688256000000
tank_0967,6.0,1688256000000
tank_0975,0.0,1688256000000
tank_0978,24.380392156862747,1688256000000
tank_0990,0.0,1688256000000
tank_0991,0.0,1688256000000
tank_0998,0.0,1688256000000
tank_0999,0.0,1688256000000
tank_1003,3.0,1688256000000
tank_1004,5.0,1688256000000
tank_1014,94.0,1688256000000
tank_1026,56.0,1688256000000
tank_1031,0.0,1688256000000
tank_1032,3.435294117647059,1688256000000
tank_1034,0.0,1688256000000
tank_1042,3.0,1688256000000
tank_1045,0.0,1688256000000
tank_1049,5.0,1688256000000
tank_1055,0.0,1688256000000
tank_1061,0.0,1688256000000
tank_1062,0.0,1688256000000
tank_1064,0.0,1688256000000
tank_1065,0.0,1688256000000
tank_1066,0.0,1688256000000
tank_1070,0.0,1688256000000
tank_1073,0.0,1688256000000
tank_1083,79.0,1688256000000
tank_1086,0.0,1688256000000
tank_1088,0.0,1688256000000
tank_1089,20.0,1688256000000
tank_1090,0.0,1688256000000
tank_1091,0.0,1688256000000
tank_1094,188.0,1688256000000
tank_1095,7.0,1688256000000
tank_1104,0.9294117647058824,1688256000000
tank_1113,32.0,1688256000000
tank_1116,4.52156862745098,1688256000000
tank_1117,0.0,1688256000000
tank_1120,3.0,1688256000000
tank_1121,0.0,1688256000000
tank_1124,0.0,1688256000000
tank_1128,0.0,1688256000000
tank_1134,0.0,1688256000000
tank_1135,31.572549019607845,1688256000000
tank_1146,1.0,1688256000000
tank_1149,27.039215686274513,1688256000000
tank_1156,0.0,1688256000000
tank_1157,15.207843137254903,1688256000000
tank_1159,5.0,1688256000000
tank_1160,62.0,1688256000000
tank_1166,0.0,1688256000000
tank_1170,15.454901960784312,1688256000000
tank_1175,0.0,1688256000000
tank_1177,16.396078431372548,1688256000000
tank_1179,5.0,1688256000000
tank_1181,7.0,1688256000000
tank_1186,51.0,1688256000000
tank_1187,42.905882352941184,1688256000000
tank_1190,0.0,1688256000000
tank_1192,0.0,1688256000000
tank_1196,0.0,1688256000000
tank_1197,473.0,1688256000000
tank_1201,5.0,1688256000000
tank_1203,11.71372549019608,1688256000000
tank_1205,0.0,1688256000000
tank_1209,14.0,1688256000000
tank_1217,0.0,1688256000000
tank_1223,0.0,1688256000000
tank_1226,80.25098039215685,1688256000000
tank_1228,36.0,1688256000000
tank_1230,0.0,1688256000000
tank_1237,21.372549019607842,1688256000000
tank_1239,345.0,1688256000000
tank_1245,0.0,1688256000000
tank_1246,42.0,1688256000000
tank_1250,0.0,1688256000000
tank_1254,164.0,1688256000000
tank_1255,2.462745098039216,1688256000000
tank_1258,23.0,1688256000000
tank_1261,0.0,1688256000000
tank_1262,12.905882352941179,1688256000000
tank_1263,8.0,1688256000000
tank_1265,2.0,1688256000000
tank_1270,0.0,1688256000000
tank_1272,20.99607843137255,1688256000000
tank_1275,1.4980392156862745,1688256000000
tank_1276,57.0,1688256000000
tank_1279,0.0,1688256000000
tank_1280,0.09803921568627451,1688256000000
tank_1284,0.0,1688256000000
tank_1285,0.0,1688256000000
tank_1286,49.0,1688256000000
tank_1290,37.0,1688256000000
tank_1291,0.0,1688256000000
tank_1293,59.0,1688256000000
tank_1295,0.0,1688256000000
tank_1297,13.0,1688256000000
tank_1301,3.0,1688256000000
tank_1302,2.0,1688256000000
tank_1304,0.0,1688256000000
tank_1305,22.909803921568628,1688256000000
tank_1313,102.0,1688256000000
tank_1322,0.0,1688256000000
tank_1325,85.34509803921569,1688256000000
tank_1326,1.0,1688256000000
tank_1344,1.0,1688256000000
tank_1346,4.76078431372549,1688256000000
tank_1349,0.0,1688256000000
tank_1353,30.0,1688256000000
tank_1358,0.0,1688256000000
tank_1359,0.0,1688256000000
tank_1361,19.0,1688256000000
tank_1364,154.0,1688256000000
tank_1365,0.0,1688256000000
tank_1372,0.0,1688256000000
tank_1374,13.0,1688256000000
tank_1378,10.0,1688256000000
tank_1380,10.0,1688256000000
tank_1386,4.0,1688256000000
tank_1391,0.0,1688256000000
tank_1393,8.0,1688256000000
tank_1396,10.0,1688256000000
tank_1397,0.0,1688256000000
tank_1403,0.0,1688256000000
tank_1409,2.0,1688256000000
tank_1412,0.0,1688256000000
tank_1415,0.0,1688256000000
tank_1416,0.0,1688256000000
tank_1421,48.0,1688256000000
tank_1422,1.8627450980392157,1688256000000
tank_1425,181.0,1688256000000
tank_1426,0.0,1688256000000
tank_1430,0.0,1688256000000
tank_1433,23.0,1688256000000
tank_1438,4.8274509803921575,1688256000000
tank_1439,0.0,1688256000000
tank_1441,0.0,1688256000000
tank_1443,0.0,1688256000000
tank_1445,42.0,1688256000000
tank_1446,6.0,1688256000000
tank_1450,0.0,1688256000000
tank_1452,0.0,1688256000000
tank_1456,0.0,1688256000000
tank_1466,0.0,1688256000000
tank_1471,0.0,1688256000000
tank_1475,9.0,1688256000000
tank_1486,164.0,1688256000000
tank_1488,56.0,1688256000000
tank_1491,0.0,1688256000000
tank_1500,20.0,1688256000000
tank_1505,194.0,1688256000000
tank_1513,0.0,1688256000000
tank_1531,0.0,1688256000000
tank_1536,52.83137254901961,1688256000000
tank_1539,216.0,1688256000000
tank_1541,0.0,1688256000000
tank_1542,0.0,1688256000000
tank_1547,55.0,1688256000000
tank_1563,0.0,1688256000000
tank_1564,0.0,1688256000000
tank_1565,88.0,1688256000000
tank_1567,12.0,1688256000000
tank_1568,24.0,1688256000000
tank_1573,4.0,1688256000000
tank_1583,3.0,1688256000000
tank_1587,547.0,1688256000000
tank_1588,0.0,1688256000000
tank_1592,0.0,1688256000000
tank_1594,0.0,1688256000000
tank_1595,0.0,1688256000000
tank_1597,163.98039215686276,1688256000000
tank_1598,0.0,1688256000000
tank_1600,0.7333333333333334,1688256000000
tank_1604,9.458823529411765,1688256000000
tank_0002,0.0,1689292800000
tank_0004,0.0,1689292800000
tank_0005,0.0,1689292800000
tank_0011,0.0,1689292800000
tank_0014,0.0,1689292800000
tank_0019,0.0,1689292800000
tank_0024,0.0,1689292800000
tank_0025,0.0,1689292800000
tank_0026,0.0,1689292800000
tank_0027,0.0,1689292800000
tank_0030,0.0,1689292800000
tank_0031,5.0,1689292800000
tank_0036,0.0,1689292800000
tank_0037,0.0,1689292800000
tank_0038,2.9137254901960783,1689292800000
tank_0050,7.705882352941176,1689292800000
tank_0051,0.0,1689292800000
tank_0052,0.0,1689292800000
tank_0053,22.682352941176465,1689292800000
tank_0055,0.0,1689292800000
tank_0057,48.956862745098036,1689292800000
tank_0058,2.392156862745098,1689292800000
tank_0064,1.0,1689292800000
tank_0069,54.7843137254902,1689292800000
tank_0072,4.0,1689292800000
tank_0073,0.0,1689292800000
tank_0080,20.0,1689292800000
tank_0094,0.0,1689292800000
tank_0107,0.0,1689292800000
tank_0110,7.0,1689292800000
tank_0113,15.898039215686275,1689292800000
tank_0115,6.960784313725489,1689292800000
tank_0116,4.098039215686275,1689292800000
tank_0117,73.0,1689292800000
tank_0118,0.0,1689292800000
tank_0122,0.0,1689292800000
tank_0125,1.5568627450980392,1689292800000
tank_0130,0.0,1689292800000
tank_0131,0.0,1689292800000
tank_0132,0.0,1689292800000
tank_0134,0.0,1689292800000
tank_0135,0.0,1689292800000
tank_0142,0.0,1689292800000
tank_0143,0.0,1689292800000
tank_0144,18.0,1689292800000
tank_0148,0.0,1689292800000
tank_0153,0.0,1689292800000
tank_0156,4.011764705882353,1689292800000
tank_0159,0.0,1689292800000
tank_0165,5.545098039215686,1689292800000
tank_0171,0.0,1689292800000
tank_0172,0.0,1689292800000
tank_0174,4.019607843137255,1689292800000
tank_0176,10.0,1689292800000
tank_0184,0.0,1689292800000
tank_0187,3.556862745098039,1689292800000
tank_0190,0.0,1689292800000
tank_0192,0.0,1689292800000
tank_0193,0.0,1689292800000
tank_0195,0.0,1689292800000
tank_0199,0.0,1689292800000
tank_0204,34.0,1689292800000
tank_0205,0.0,1689292800000
tank_0207,0.0,1689292800000
tank_0209,0.0,1689292800000
tank_0213,0.0,1689292800000
tank_0217,3.0,1689292800000
tank_0220,0.0,1689292800000
tank_0221,0.0,1689292800000
tank_0225,0.0,1689292800000
tank_0226,0.0,1689292800000
tank_0228,0.0,1689292800000
tank_0229,2.23921568627451,1689292800000
tank_0231,0.0,1689292800000
tank_0233,0.0,1689292800000
tank_0236,0.0,1689292800000
tank_0237,0.0,1689292800000
tank_0240,0.0,1689292800000
tank_0242,1.0,1689292800000
tank_0245,0.0,1689292800000
tank_0247,165.0,1689292800000
tank_0256,0.0,1689292800000
tank_0257,0.0,1689292800000
tank_0260,0.0,1689292800000
tank_0261,0.0,1689292800000
tank_0264,0.0,1689292800000
tank_0273,37.0,1689292800000
tank_0276,0.0,1689292800000
tank_0278,0.0,1689292800000
tank_0280,0.0,1689292800000
tank_0291,0.0,1689292800000
tank_0292,2.0,1689292800000
tank_0296,0.0,1689292800000
tank_0297,20.0,1689292800000
tank_0299,1.0,1689292800000
tank_0300,4.784313725490197,1689292800000
tank_0301,1.7058823529411766,1689292800000
tank_0307,2.0,1689292800000
tank_0309,0.0,1689292800000
tank_0313,0.0,1689292800000
tank_0314,0.0,1689292800000
tank_0319,0.0,1689292800000
tank_0321,0.0,1689292800000
tank_0327,0.0,1689292800000
tank_0337,0.0,1689292800000
tank_0338,0.0,1689292800000
tank_0339,1.4980392156862745,1689292800000
tank_0342,13.843137254901961,1689292800000
tank_0345,1.9529411764705882,1689292800000
tank_0346,0.0,1689292800000
tank_0349,162.0,1689292800000
tank_0350,0.0,1689292800000
tank_0353,0.0,1689292800000
tank_0356,0.0,1689292800000
tank_0360,0.0,1689292800000
tank_0361,0.0,1689292800000
tank_0362,0.0,1689292800000
tank_0364,0.0,1689292800000
tank_0366,0.0,1689292800000
tank_0369,20.905882352941177,1689292800000
tank_0375,0.0,1689292800000
tank_0379,0.0,1689292800000
tank_0381,0.0,1689292800000
tank_0386,0.0,1689292800000
tank_0390,0.0,1689292800000
tank_0397,0.0,1689292800000
tank_0399,0.0,1689292800000
tank_0404,214.54117647058823,1689292800000
tank_0409,0.0,1689292800000
tank_0420,0.050980392156862744,1689292800000
tank_0425,0.0,1689292800000
tank_0431,0.0,1689292800000
tank_0432,0.0,1689292800000
tank_0435,0.0,1689292800000
tank_0436,0.0,1689292800000
tank_0438,17.0,1689292800000
tank_0443,0.0,1689292800000
tank_0444,110.0,1689292800000
tank_0447,40.22745098039216,1689292800000
tank_0448,11.980392156862745,1689292800000
tank_0449,2.0,1689292800000
tank_0455,2.4156862745098038,1689292800000
tank_0460,0.5529411764705883,1689292800000
tank_0462,31.96470588235294,1689292800000
tank_0466,0.0,1689292800000
tank_0471,0.6470588235294118,1689292800000
tank_0473,6.8,1689292800000
tank_0474,0.0196078431372549,1689292800000
tank_0481,3.0,1689292800000
tank_0485,0.0,1689292800000
tank_0489,0.0,1689292800000
tank_0491,0.0,1689292800000
tank_0494,0.0,1689292800000
tank_0497,0.0,1689292800000
tank_0498,4.952941176470588,1689292800000
tank_0502,0.0,1689292800000
tank_0505,2.8156862745098037,1689292800000
tank_0509,0.0,1689292800000
tank_0512,80.0,1689292800000
tank_0514,0.0,1689292800000
tank_0515,0.25098039215686274,1689292800000
tank_0521,0.0,1689292800000
tank_0524,0.0,1689292800000
tank_0526,13.0,1689292800000
tank_0533,0.0,1689292800000
tank_0534,0.0,1689292800000
tank_0536,0.0,1689292800000
tank_0537,0.0,1689292800000
tank_0541,0.0,1689292800000
tank_0547,0.0,1689292800000
tank_0552,0.0,1689292800000
tank_0555,0.0,1689292800000
tank_0556,3.0,1689292800000
tank_0557,0.0,1689292800000
tank_0560,0.0,1689292800000
tank_0561,0.0,1689292800000
tank_0566,0.0,1689292800000
tank_0567,0.0,1689292800000
tank_0568,8.654901960784313,1689292800000
tank_0574,56.0,1689292800000
tank_0579,426.0,1689292800000
tank_0583,116.0,1689292800000
tank_0587,0.0,1689292800000
tank_0589,0.0,1689292800000
tank_0590,6.0,1689292800000
tank_0592,0.0,1689292800000
tank_0593,0.0,1689292800000
tank_0595,4.0,1689292800000
tank_0600,3.1882352941176473,1689292800000
tank_0604,0.4470588235294118,1689292800000
tank_0606,1.0,1689292800000
tank_0607,10.168627450980392,1689292800000
tank_0608,146.0,1689292800000
tank_0610,1.8509803921568628,1689292800000
tank_0611,0.027450980392156862,1689292800000
tank_0612,0.058823529411764705,1689292800000
tank_0613,0.0,1689292800000
tank_0619,0.0,1689292800000
tank_0626,0.0,1689292800000
tank_0627,0.0,1689292800000
tank_0628,0.0,1689292800000
tank_0632,0.0,1689292800000
tank_0633,0.0,1689292800000
tank_0639,0.0,1689292800000
tank_0640,7.254901960784314,1689292800000
tank_0641,0.0,1689292800000
tank_0643,0.0,1689292800000
tank_0646,0.0,1689292800000
tank_0663,0.0,1689292800000
tank_0664,0.0,1689292800000
tank_0666,0.0,1689292800000
tank_0667,0.0,1689292800000
tank_0670,0.0,1689292800000
tank_0675,0.0,1689292800000
tank_0676,215.0,1689292800000
tank_0678,1.0,1689292800000
tank_0681,0.0,1689292800000
tank_0687,0.0,1689292800000
tank_0688,44.0,1689292800000
tank_0697,0.0,1689292800000
tank_0720,1.631372549019608,1689292800000
tank_0722,1.0,1689292800000
tank_0724,0.0,1689292800000
tank_0725,6.0,1689292800000
tank_0728,0.0,1689292800000
tank_0730,0.0,1689292800000
tank_0731,93.0,1689292800000
tank_0732,0.0,1689292800000
tank_0737,30.0,1689292800000
tank_0739,0.0,1689292800000
tank_0740,0.0,1689292800000
tank_0746,0.0,1689292800000
tank_0748,0.0,1689292800000
tank_0749,0.08235294117647059,1689292800000
tank_0752,0.0,1689292800000
tank_0760,0.0,1689292800000
tank_0770,0.0,1689292800000
tank_0772,0.0,1689292800000
tank_0788,0.0,1689292800000
tank_0789,0.0,1689292800000
tank_0792,69.53333333333333,1689292800000
tank_0797,53.95294117647059,1689292800000
tank_0800,257.0,1689292800000
tank_0802,0.0,1689292800000
tank_0803,2.2745098039215685,1689292800000
tank_0808,7.541176470588235,1689292800000
tank_0810,12.980392156862745,1689292800000
tank_0811,12.866666666666667,1689292800000
tank_0812,59.0,1689292800000
tank_0813,0.0,1689292800000
tank_0816,1.0,1689292800000
tank_0819,0.0,1689292800000
tank_0823,0.0,1689292800000
tank_0824,0.0,1689292800000
tank_0825,0.0,1689292800000
tank_0828,0.0,1689292800000
tank_0829,44.984313725490196,1689292800000
tank_0830,0.0,1689292800000
tank_0831,0.0,1689292800000
tank_0844,0.0,1689292800000
tank_0852,19.0,1689292800000
tank_0855,100.0,1689292800000
tank_0856,4.0,1689292800000
tank_0860,11.976470588235294,1689292800000
tank_0861,0.0,1689292800000
tank_0872,22.0,1689292800000
tank_0875,148.0,1689292800000
tank_0879,8.0,1689292800000
tank_0885,0.07450980392156863,1689292800000
tank_0891,15.0,1689292800000
tank_0894,16.0,1689292800000
tank_0898,0.0,1689292800000
tank_0900,63.41568627450981,1689292800000
tank_0901,29.0,1689292800000
tank_0902,0.0,1689292800000
tank_0914,0.0,1689292800000
tank_0917,5.0,1689292800000
tank_0919,7.0,1689292800000
tank_0920,0.0,1689292800000
tank_0922,0.0,1689292800000
tank_0923,7.0,1689292800000
tank_0924,0.0,1689292800000
tank_0926,0.0,1689292800000
tank_0927,1.227450980392157,1689292800000
tank_0928,3.0,1689292800000
tank_0930,116.0,1689292800000
tank_0931,11.0,1689292800000
tank_0933,0.0,1689292800000
tank_0934,0.0,1689292800000
tank_0937,0.0,1689292800000
tank_0938,0.0,1689292800000
tank_0939,0.0,1689292800000
tank_0944,25.0,1689292800000
tank_0946,0.0,1689292800000
tank_0952,70.81960784313726,1689292800000
tank_0958,1.7019607843137254,1689292800000
tank_0962,19.0,1689292800000
tank_0967,4.0,1689292800000
tank_0975,0.0,1689292800000
tank_0978,33.03137254901961,1689292800000
tank_0990,0.0,1689292800000
tank_0991,0.0,1689292800000
tank_0998,0.0,1689292800000
tank_0999,0.0,1689292800000
tank_1003,54.0,1689292800000
tank_1004,17.48627450980392,1689292800000
tank_1014,68.0,1689292800000
tank_1026,73.0,1689292800000
tank_1031,4.0,1689292800000
tank_1032,9.988235294117647,1689292800000
tank_1034,2.8392156862745095,1689292800000
tank_1042,4.0,1689292800000
tank_1045,0.0,1689292800000
tank_1049,31.0,1689292800000
tank_1055,9.513725490196078,1689292800000
tank_1061,0.0,1689292800000
tank_1062,0.0,1689292800000
tank_1064,0.0,1689292800000
tank_1065,0.0,1689292800000
tank_1066,1.3725490196078431,1689292800000
tank_1070,0.0,1689292800000
tank_1073,0.0,1689292800000
tank_1083,55.0,1689292800000
tank_1086,11.0,1689292800000
tank_1088,0.0,1689292800000
tank_1089,17.0,1689292800000
tank_1090,0.0,1689292800000
tank_1091,0.0,1689292800000
tank_1094,36.0,1689292800000
tank_1095,16.0,1689292800000
tank_1104,0.44313725490196076,1689292800000
tank_1113,23.0,1689292800000
tank_1116,0.0,1689292800000
tank_1117,0.0,1689292800000
tank_1120,0.0,1689292800000
tank_1121,2.0,1689292800000
tank_1124,0.0,1689292800000
tank_1128,0.0,1689292800000
tank_1134,0.0,1689292800000
tank_1135,37.41960784313726,1689292800000
tank_1146,7.0,1689292800000
tank_1149,21.415686274509806,1689292800000
tank_1156,0.0,1689292800000
tank_1157,15.839215686274512,1689292800000
tank_1159,1.0,1689292800000
tank_1160,115.0,1689292800000
tank_1166,0.0,1689292800000
tank_1170,20.941176470588236,1689292800000
tank_1175,0.0,1689292800000
tank_1177,15.0,1689292800000
tank_1179,5.066666666666667,1689292800000
tank_1181,0.0,1689292800000
tank_1186,28.0,1689292800000
tank_1187,43.050980392156866,1689292800000
tank_1190,0.0,1689292800000
tank_1192,0.0,1689292800000
tank_1196,0.0,1689292800000
tank_1197,320.9764705882353,1689292800000
tank_1201,0.0,1689292800000
tank_1203,10.0,1689292800000
tank_1205,0.0,1689292800000
tank_1209,0.0,1689292800000
tank_1217,0.0,1689292800000
tank_1223,0.0,1689292800000
tank_1226,77.76078431372548,1689292800000
tank_1228,26.0,1689292800000
tank_1230,0.0,1689292800000
tank_1237,12.0,1689292800000
tank_1239,177.0,1689292800000
tank_1245,0.0,1689292800000
tank_1246,59.0,1689292800000
tank_1250,0.0,1689292800000
tank_1254,54.0,1689292800000
tank_1255,0.0,1689292800000
tank_1258,19.0,1689292800000
tank_1261,0.0,1689292800000
tank_1262,10.007843137254902,1689292800000
tank_1263,0.0,1689292800000
tank_1265,1.0,1689292800000
tank_1270,0.0,1689292800000
tank_1272,24.870588235294118,1689292800000
tank_1275,0.0,1689292800000
tank_1276,55.0,1689292800000
tank_1279,0.0,1689292800000
tank_1280,0.0,1689292800000
tank_1284,0.0,1689292800000
tank_1285,0.0,1689292800000
tank_1286,50.0,1689292800000
tank_1290,18.32156862745098,1689292800000
tank_1291,0.0,1689292800000
tank_1293,51.0,1689292800000
tank_1295,0.0,1689292800000
tank_1297,6.0,1689292800000
tank_1301,6.0,1689292800000
tank_1302,0.0,1689292800000
tank_1304,0.0,1689292800000
tank_1305,8.0,1689292800000
tank_1313,159.0,1689292800000
tank_1322,0.0,1689292800000
tank_1325,20.0,1689292800000
tank_1326,2.0549019607843135,1689292800000
tank_1344,0.0,1689292800000
tank_1346,0.0,1689292800000
tank_1349,0.0,1689292800000
tank_1353,66.0,1689292800000
tank_1358,0.0,1689292800000
tank_1359,0.0,1689292800000
tank_1361,27.0,1689292800000
tank_1364,19.0,1689292800000
tank_1365,0.0,1689292800000
tank_1372,0.0,1689292800000
tank_1374,35.0,1689292800000
tank_1378,0.0,1689292800000
tank_1380,11.0,1689292800000
tank_1386,0.0,1689292800000
tank_1391,0.0,1689292800000
tank_1393,5.0,1689292800000
tank_1396,21.0,1689292800000
tank_1397,0.0,1689292800000
tank_1403,0.0,1689292800000
tank_1409,0.0,1689292800000
tank_1412,0.0,1689292800000
tank_1415,0.0,1689292800000
tank_1416,0.0,1689292800000
tank_1421,27.0,1689292800000
tank_1422,0.8627450980392157,1689292800000
tank_1425,249.0,1689292800000
tank_1426,0.0,1689292800000
tank_1430,0.0,1689292800000
tank_1433,51.0,1689292800000
tank_1438,2.8196078431372547,1689292800000
tank_1439,2.0,1689292800000
tank_1441,0.0,1689292800000
tank_1443,0.0,1689292800000
tank_1445,36.0,1689292800000
tank_1446,13.0,1689292800000
tank_1450,0.0,1689292800000
tank_1452,0.0,1689292800000
tank_1456,0.0,1689292800000
tank_1466,4.0,1689292800000
tank_1471,0.0,1689292800000
tank_1475,2.0,1689292800000
tank_1486,98.0,1689292800000
tank_1488,77.0,1689292800000
tank_1491,0.0,1689292800000
tank_1500,19.490196078431374,1689292800000
tank_1505,266.0,1689292800000
tank_1513,0.0,1689292800000
tank_1531,0.0,1689292800000
tank_1536,10.964705882352941,1689292800000
tank_1539,333.0,1689292800000
tank_1541,0.0,1689292800000
tank_1542,0.0,1689292800000
tank_1547,34.0,1689292800000
tank_1563,0.0,1689292800000
tank_1564,0.0,1689292800000
tank_1565,6.0,1689292800000
tank_1567,9.0,1689292800000
tank_1568,1.0,1689292800000
tank_1573,0.0,1689292800000
tank_1583,2.0,1689292800000
tank_1587,346.0,1689292800000
tank_1588,0.0,1689292800000
tank_1592,0.0,1689292800000
tank_1594,0.0,1689292800000
tank_1595,0.0,1689292800000
tank_1597,106.61176470588235,1689292800000
tank_1598,0.0,1689292800000
tank_1600,0.7607843137254902,1689292800000
tank_1604,5.458823529411765,1689292800000
tank_0002,0.0,1690329600000
tank_0004,0.0,1690329600000
tank_0005,2.0,1690329600000
tank_0011,0.0,1690329600000
tank_0014,0.0,1690329600000
tank_0019,0.0,1690329600000
tank_0024,0.0,1690329600000
tank_0025,0.0,1690329600000
tank_0026,0.0,1690329600000
tank_0027,0.0,1690329600000
tank_0030,0.0,1690329600000
tank_0031,5.0,1690329600000
tank_0036,0.0,1690329600000
tank_0037,0.0,1690329600000
tank_0038,0.0,1690329600000
tank_0050,1.0,1690329600000
tank_0051,0.0,1690329600000
tank_0052,0.0,1690329600000
tank_0053,0.0,1690329600000
tank_0055,0.0,1690329600000
tank_0057,18.0,1690329600000
tank_0058,0.0,1690329600000
tank_0064,0.0,1690329600000
tank_0069,34.984313725490196,1690329600000
tank_0072,0.0,1690329600000
tank_0073,0.0,1690329600000
tank_0080,19.0,1690329600000
tank_0094,0.0,1690329600000
tank_0107,0.0,1690329600000
tank_0110,2.0,1690329600000
tank_0113,0.0,1690329600000
tank_0115,0.0,1690329600000
tank_0116,0.0,1690329600000
tank_0117,41.0,1690329600000
tank_0118,0.0,1690329600000
tank_0122,0.0,1690329600000
tank_0125,0.0,1690329600000
tank_0130,0.0,1690329600000
tank_0131,0.0,1690329600000
tank_0132,0.0,1690329600000
tank_0134,0.0,1690329600000
tank_0135,0.0,1690329600000
tank_0142,0.0,1690329600000
tank_0143,0.0,1690329600000
tank_0144,1.0,1690329600000
tank_0148,0.0,1690329600000
tank_0153,0.0,1690329600000
tank_0156,0.0,1690329600000
tank_0159,0.0,1690329600000
tank_0165,0.0,1690329600000
tank_0171,0.0,1690329600000
tank_0172,0.0,1690329600000
tank_0174,0.0,1690329600000
tank_0176,0.0,1690329600000
tank_0184,0.0,1690329600000
tank_0187,0.0,1690329600000
tank_0190,0.0,1690329600000
tank_0192,0.0,1690329600000
tank_0193,0.0,1690329600000
tank_0195,0.0,1690329600000
tank_0199,0.0,1690329600000
tank_0204,13.0,1690329600000
tank_0205,0.0,1690329600000
tank_0207,0.0,1690329600000
tank_0209,0.0,1690329600000
tank_0213,0.0,1690329600000
tank_0217,0.0,1690329600000
tank_0220,0.0,1690329600000
tank_0221,0.0,1690329600000
tank_0225,0.0,1690329600000
tank_0226,0.0,1690329600000
tank_0228,0.0,1690329600000
tank_0229,0.0,1690329600000
tank_0231,0.0,1690329600000
tank_0233,0.0,1690329600000
tank_0236,0.0,1690329600000
tank_0237,0.0,1690329600000
tank_0240,0.0,1690329600000
tank_0242,1.0,1690329600000
tank_0245,0.0,1690329600000
tank_0247,78.0,1690329600000
tank_0256,0.0,1690329600000
tank_0257,0.0,1690329600000
tank_0260,0.0,1690329600000
tank_0261,0.0,1690329600000
tank_0264,0.0,1690329600000
tank_0273,0.0,1690329600000
tank_0276,0.0,1690329600000
tank_0278,0.0,1690329600000
tank_0280,0.0,1690329600000
tank_0291,0.0,1690329600000
tank_0292,0.0,1690329600000
tank_0296,0.0,1690329600000
tank_0297,6.0,1690329600000
tank_0299,0.0,1690329600000
tank_0300,0.0,1690329600000
tank_0301,0.0,1690329600000
tank_0307,0.0,1690329600000
tank_0309,0.0,1690329600000
tank_0313,0.0,1690329600000
tank_0314,0.0,1690329600000
tank_0319,0.0,1690329600000
tank_0321,0.0,1690329600000
tank_0327,0.0,1690329600000
tank_0337,0.0,1690329600000
tank_0338,0.0,1690329600000
tank_0339,0.0,1690329600000
tank_0342,0.0,1690329600000
tank_0345,0.0,1690329600000
tank_0346,0.0,1690329600000
tank_0349,73.0,1690329600000
tank_0350,0.0,1690329600000
tank_0353,0.0,1690329600000
tank_0356,0.0,1690329600000
tank_0360,0.0,1690329600000
tank_0361,0.0,1690329600000
tank_0362,0.0,1690329600000
tank_0364,0.0,1690329600000
tank_0366,0.0,1690329600000
tank_0369,5.0,1690329600000
tank_0375,0.0,1690329600000
tank_0379,0.0,1690329600000
tank_0381,0.0,1690329600000
tank_0386,0.0,1690329600000
tank_0390,0.0,1690329600000
tank_0397,0.0,1690329600000
tank_0399,0.0,1690329600000
tank_0404,136.48627450980393,1690329600000
tank_0409,0.0,1690329600000
tank_0420,0.0,1690329600000
tank_0425,0.0,1690329600000
tank_0431,0.0,1690329600000
tank_0432,0.0,1690329600000
tank_0435,0.0,1690329600000
tank_0436,0.0,1690329600000
tank_0438,5.0,1690329600000
tank_0443,0.0,1690329600000
tank_0444,14.0,1690329600000
tank_0447,0.0,1690329600000
tank_0448,0.0,1690329600000
tank_0449,0.0,1690329600000
tank_0455,0.0,1690329600000
tank_0460,0.0,1690329600000
tank_0462,27.0,1690329600000
tank_0466,0.0,1690329600000
tank_0471,0.0,1690329600000
tank_0473,0.0,1690329600000
tank_0474,0.0,1690329600000
tank_0481,0.0,1690329600000
tank_0485,0.0,1690329600000
tank_0489,0.0,1690329600000
tank_0491,0.0,1690329600000
tank_0494,0.0,1690329600000
tank_0497,0.0,1690329600000
tank_0498,0.18823529411764706,1690329600000
tank_0502,0.0,1690329600000
tank_0505,0.0,1690329600000
tank_0509,0.0,1690329600000
tank_0512,41.0,1690329600000
tank_0514,0.0,1690329600000
tank_0515,0.0,1690329600000
tank_0521,0.0,1690329600000
tank_0524,0.0,1690329600000
tank_0526,3.0,1690329600000
tank_0533,0.0,1690329600000
tank_0534,0.0,1690329600000
tank_0536,0.0,1690329600000
tank_0537,0.0,1690329600000
tank_0541,0.0,1690329600000
tank_0547,0.0,1690329600000
tank_0552,0.0,1690329600000
tank_0555,0.0,1690329600000
tank_0556,0.0,1690329600000
tank_0557,0.0,1690329600000
tank_0560,0.0,1690329600000
tank_0561,0.0,1690329600000
tank_0566,0.0,1690329600000
tank_0567,0.0,1690329600000
tank_0568,0.0,1690329600000
tank_0574,8.0,1690329600000
tank_0579,13.0,1690329600000
tank_0583,30.0,1690329600000
tank_0587,0.0,1690329600000
tank_0589,0.0,1690329600000
tank_0590,0.0,1690329600000
tank_0592,0.0,1690329600000
tank_0593,0.0,1690329600000
tank_0595,0.0,1690329600000
tank_0600,0.0,1690329600000
tank_0604,0.0,1690329600000
tank_0606,0.0,1690329600000
tank_0607,8.0,1690329600000
tank_0608,40.0,1690329600000
tank_0610,0.0,1690329600000
tank_0611,0.0,1690329600000
tank_0612,0.0,1690329600000
tank_0613,0.0,1690329600000
tank_0619,0.0,1690329600000
tank_0626,0.0,1690329600000
tank_0627,0.0,1690329600000
tank_0628,0.0,1690329600000
tank_0632,0.0,1690329600000
tank_0633,0.0,1690329600000
tank_0639,0.0,1690329600000
tank_0640,0.0,1690329600000
tank_0641,0.0,1690329600000
tank_0643,0.0,1690329600000
tank_0646,0.0,1690329600000
tank_0663,0.0,1690329600000
tank_0664,0.0,1690329600000
tank_0666,0.0,1690329600000
tank_0667,0.0,1690329600000
tank_0670,0.0,1690329600000
tank_0675,0.0,1690329600000
tank_0676,6.0,1690329600000
tank_0678,0.0,1690329600000
tank_0681,0.0,1690329600000
tank_0687,0.0,1690329600000
tank_0688,10.0,1690329600000
tank_0697,0.0,1690329600000
tank_0720,0.0,1690329600000
tank_0722,0.0,1690329600000
tank_0724,0.0,1690329600000
tank_0725,0.0,1690329600000
tank_0728,0.0,1690329600000
tank_0730,0.0,1690329600000
tank_0731,3.0,1690329600000
tank_0732,0.0,1690329600000
tank_0737,1.0,1690329600000
tank_0739,0.0,1690329600000
tank_0740,0.0,1690329600000
tank_0746,0.0,1690329600000
tank_0748,0.0,1690329600000
tank_0749,0.0,1690329600000
tank_0752,0.0,1690329600000
tank_0760,0.0,1690329600000
tank_0770,0.0,1690329600000
tank_0772,0.0,1690329600000
tank_0788,0.0,1690329600000
tank_0789,0.0,1690329600000
tank_0792,0.0,1690329600000
tank_0797,23.0,1690329600000
tank_0800,20.0,1690329600000
tank_0802,0.0,1690329600000
tank_0803,1.2745098039215685,1690329600000
tank_0808,3.0,1690329600000
tank_0810,14.807843137254903,1690329600000
tank_0811,0.0,1690329600000
tank_0812,48.0,1690329600000
tank_0813,0.0,1690329600000
tank_0816,0.0,1690329600000
tank_0819,0.0,1690329600000
tank_0823,0.0,1690329600000
tank_0824,0.0,1690329600000
tank_0825,0.0,1690329600000
tank_0828,0.0,1690329600000
tank_0829,12.858823529411765,1690329600000
tank_0830,0.0,1690329600000
tank_0831,0.0,1690329600000
tank_0844,0.0,1690329600000
tank_0852,19.0,1690329600000
tank_0855,84.0,1690329600000
tank_0856,0.0,1690329600000
tank_0860,0.0,1690329600000
tank_0861,0.0,1690329600000
tank_0872,11.0,1690329600000
tank_0875,63.0,1690329600000
tank_0879,0.0,1690329600000
tank_0885,0.0,1690329600000
tank_0891,1.0,1690329600000
tank_0894,16.0,1690329600000
tank_0898,0.0,1690329600000
tank_0900,24.0,1690329600000
tank_0901,20.0,1690329600000
tank_0902,0.0,1690329600000
tank_0914,0.0,1690329600000
tank_0917,0.0,1690329600000
tank_0919,6.0,1690329600000
tank_0920,0.0,1690329600000
tank_0922,0.0,1690329600000
tank_0923,2.0,1690329600000
tank_0924,0.0,1690329600000
tank_0926,0.0,1690329600000
tank_0927,0.0,1690329600000
tank_0928,4.0,1690329600000
tank_0930,64.0,1690329600000
tank_0931,0.0,1690329600000
tank_0933,0.0,1690329600000
tank_0934,0.0,1690329600000
tank_0937,0.0,1690329600000
tank_0938,0.0,1690329600000
tank_0939,0.0,1690329600000
tank_0944,28.0,1690329600000
tank_0946,0.0,1690329600000
tank_0952,31.866666666666667,1690329600000
tank_0958,0.0,1690329600000
tank_0962,3.0,1690329600000
tank_0967,2.0,1690329600000
tank_0975,0.0,1690329600000
tank_0978,7.305882352941176,1690329600000
tank_0990,0.0,1690329600000
tank_0991,0.0,1690329600000
tank_0998,0.0,1690329600000
tank_0999,0.0,1690329600000
tank_1003,0.0,1690329600000
tank_1004,0.0,1690329600000
tank_1014,27.0,1690329600000
tank_1026,37.0,1690329600000
tank_1031,0.0,1690329600000
tank_1032,0.0,1690329600000
tank_1034,0.0,1690329600000
tank_1042,0.0,1690329600000
tank_1045,0.0,1690329600000
tank_1049,4.0,1690329600000
tank_1055,0.0,1690329600000
tank_1061,0.0,1690329600000
tank_1062,0.0,1690329600000
tank_1064,0.0,1690329600000
tank_1065,0.0,1690329600000
tank_1066,7.125490196078431,1690329600000
tank_1070,0.0,1690329600000
tank_1073,0.0,1690329600000
tank_1083,15.0,1690329600000
tank_1086,0.0,1690329600000
tank_1088,0.0,1690329600000
tank_1089,12.0,1690329600000
tank_1090,0.0,1690329600000
tank_1091,0.0,1690329600000
tank_1094,38.0,1690329600000
tank_1095,9.75294117647059,1690329600000
tank_1104,2.4980392156862745,1690329600000
tank_1113,19.0,1690329600000
tank_1116,0.0,1690329600000
tank_1117,0.0,1690329600000
tank_1120,0.0,1690329600000
tank_1121,0.0,1690329600000
tank_1124,0.0,1690329600000
tank_1128,0.0,1690329600000
tank_1134,0.0,1690329600000
tank_1135,24.0,1690329600000
tank_1146,3.0,1690329600000
tank_1149,0.0,1690329600000
tank_1156,0.0,1690329600000
tank_1157,14.486274509803923,1690329600000
tank_1159,0.0,1690329600000
tank_1160,30.0,1690329600000
tank_1166,0.0,1690329600000
tank_1170,12.494117647058822,1690329600000
tank_1175,0.0,1690329600000
tank_1177,0.0,1690329600000
tank_1179,0.0,1690329600000
tank_1181,0.0,1690329600000
tank_1186,26.749019607843138,1690329600000
tank_1187,11.141176470588235,1690329600000
tank_1190,0.0,1690329600000
tank_1192,0.0,1690329600000
tank_1196,0.0,1690329600000
tank_1197,41.0,1690329600000
tank_1201,0.0,1690329600000
tank_1203,0.0,1690329600000
tank_1205,0.0,1690329600000
tank_1209,0.0,1690329600000
tank_1217,0.0,1690329600000
tank_1223,0.0,1690329600000
tank_1226,13.894117647058824,1690329600000
tank_1228,6.0,1690329600000
tank_1230,0.0,1690329600000
tank_1237,2.0,1690329600000
tank_1239,92.91764705882353,1690329600000
tank_1245,0.0,1690329600000
tank_1246,25.0,1690329600000
tank_1250,0.0,1690329600000
tank_1254,26.0,1690329600000
tank_1255,0.0,1690329600000
tank_1258,6.0,1690329600000
tank_1261,0.0,1690329600000
tank_1262,0.0,1690329600000
tank_1263,1.0,1690329600000
tank_1265,0.0,1690329600000
tank_1270,0.0,1690329600000
tank_1272,13.0,1690329600000
tank_1275,0.0,1690329600000
tank_1276,30.0,1690329600000
tank_1279,0.0,1690329600000
tank_1280,0.0,1690329600000
tank_1284,0.0,1690329600000
tank_1285,0.0,1690329600000
tank_1286,49.0,1690329600000
tank_1290,2.0,1690329600000
tank_1291,0.0,1690329600000
tank_1293,48.0,1690329600000
tank_1295,0.0,1690329600000
tank_1297,0.0,1690329600000
tank_1301,0.0,1690329600000
tank_1302,0.0,1690329600000
tank_1304,0.0,1690329600000
tank_1305,1.0,1690329600000
tank_1313,35.0,1690329600000
tank_1322,0.0,1690329600000
tank_1325,16.0,1690329600000
tank_1326,0.0,1690329600000
tank_1344,0.0,1690329600000
tank_1346,0.0,1690329600000
tank_1349,0.0,1690329600000
tank_1353,9.0,1690329600000
tank_1358,0.0,1690329600000
tank_1359,0.0,1690329600000
tank_1361,1.0,1690329600000
tank_1364,39.0,1690329600000
tank_1365,0.0,1690329600000
tank_1372,0.0,1690329600000
tank_1374,7.0,1690329600000
tank_1378,0.0,1690329600000
tank_1380,0.0,1690329600000
tank_1386,0.0,1690329600000
tank_1391,0.0,1690329600000
tank_1393,0.0,1690329600000
tank_1396,0.0,1690329600000
tank_1397,0.0,1690329600000
tank_1403,0.0,1690329600000
tank_1409,0.0,1690329600000
tank_1412,0.0,1690329600000
tank_1415,0.0,1690329600000
tank_1416,0.0,1690329600000
tank_1421,6.0,1690329600000
tank_1422,0.0,1690329600000
tank_1425,13.0,1690329600000
tank_1426,0.0,1690329600000
tank_1430,0.0,1690329600000
tank_1433,1.0,1690329600000
tank_1438,1.0,1690329600000
tank_1439,0.0,1690329600000
tank_1441,0.0,1690329600000
tank_1443,0.0,1690329600000
tank_1445,30.0,1690329600000
tank_1446,9.0,1690329600000
tank_1450,0.0,1690329600000
tank_1452,0.0,1690329600000
tank_1456,0.0,1690329600000
tank_1466,0.0,1690329600000
tank_1471,0.0,1690329600000
tank_1475,0.0,1690329600000
tank_1486,6.0,1690329600000
tank_1488,24.0,1690329600000
tank_1491,0.0,1690329600000
tank_1500,22.490196078431374,1690329600000
tank_1505,8.0,1690329600000
tank_1513,0.0,1690329600000
tank_1531,0.0,1690329600000
tank_1536,29.0,1690329600000
tank_1539,91.0,1690329600000
tank_1541,0.0,1690329600000
tank_1542,0.0,1690329600000
tank_1547,6.0,1690329600000
tank_1563,0.0,1690329600000
tank_1564,0.0,1690329600000
tank_1565,8.0,1690329600000
tank_1567,0.0,1690329600000
tank_1568,0.0,1690329600000
tank_1573,0.0,1690329600000
tank_1583,1.0,1690329600000
tank_1587,642.0,1690329600000
tank_1588,0.0,1690329600000
tank_1592,0.0,1690329600000
tank_1594,0.0,1690329600000
tank_1595,0.0,1690329600000
tank_1597,31.0,1690329600000
tank_1598,0.0,1690329600000
tank_1600,0.0,1690329600000
tank_1604,0.0,1690329600000
tank_0002,0.0,1691366400000
tank_0004,0.0,1691366400000
tank_0005,0.0,1691366400000
tank_0011,0.0,1691366400000
tank_0014,0.0,1691366400000
tank_0019,0.0,1691366400000
tank_0024,8.745098039215687,1691366400000
tank_0025,8.588235294117647,1691366400000
tank_0026,0.0,1691366400000
tank_0027,0.0,1691366400000
tank_0030,0.0,1691366400000
tank_0031,13.0,1691366400000
tank_0036,0.0,1691366400000
tank_0037,0.0,1691366400000
tank_0038,5.337254901960785,1691366400000
tank_0050,7.0,1691366400000
tank_0051,0.0,1691366400000
tank_0052,0.0,1691366400000
tank_0053,6.737254901960784,1691366400000
tank_0055,0.0,1691366400000
tank_0057,60.77254901960784,1691366400000
tank_0058,0.0,1691366400000
tank_0064,24.0,1691366400000
tank_0069,74.92156862745098,1691366400000
tank_0072,0.0,1691366400000
tank_0073,0.0,1691366400000
tank_0080,20.95294117647059,1691366400000
tank_0094,0.0,1691366400000
tank_0107,0.0,1691366400000
tank_0110,14.0,1691366400000
tank_0113,5.0,1691366400000
tank_0115,0.0,1691366400000
tank_0116,0.7490196078431373,1691366400000
tank_0117,101.0,1691366400000
tank_0118,0.0,1691366400000
tank_0122,0.0,1691366400000
tank_0125,7.019607843137255,1691366400000
tank_0130,0.0,1691366400000
tank_0131,0.0,1691366400000
tank_0132,0.0,1691366400000
tank_0134,3.0,1691366400000
tank_0135,7.0,1691366400000
tank_0142,0.0,1691366400000
tank_0143,5.0,1691366400000
tank_0144,17.0,1691366400000
tank_0148,2.0,1691366400000
tank_0153,0.0,1691366400000
tank_0156,0.0,1691366400000
tank_0159,0.0,1691366400000
tank_0165,0.6235294117647059,1691366400000
tank_0171,0.0,1691366400000
tank_0172,0.0,1691366400000
tank_0174,4.8235294117647065,1691366400000
tank_0176,2.0,1691366400000
tank_0184,0.0,1691366400000
tank_0187,1.3215686274509804,1691366400000
tank_0190,5.890196078431372,1691366400000
tank_0192,0.0,1691366400000
tank_0193,0.0,1691366400000
tank_0195,0.0,1691366400000
tank_0199,0.0,1691366400000
tank_0204,23.0,1691366400000
tank_0205,0.0,1691366400000
tank_0207,0.0,1691366400000
tank_0209,0.07450980392156863,1691366400000
tank_0213,0.0,1691366400000
tank_0217,0.0,1691366400000
tank_0220,1.8,1691366400000
tank_0221,7.458823529411764,1691366400000
tank_0225,0.0,1691366400000
tank_0226,0.0,1691366400000
tank_0228,0.0,1691366400000
tank_0229,1.5411764705882351,1691366400000
tank_0231,0.0,1691366400000
tank_0233,0.0,1691366400000
tank_0236,4.0,1691366400000
tank_0237,0.0,1691366400000
tank_0240,0.0,1691366400000
tank_0242,1.807843137254902,1691366400000
tank_0245,0.0,1691366400000
tank_0247,205.0,1691366400000
tank_0256,0.0,1691366400000
tank_0257,0.0,1691366400000
tank_0260,0.0,1691366400000
tank_0261,3.4196078431372547,1691366400000
tank_0264,0.0,1691366400000
tank_0273,41.0,1691366400000
tank_0276,6.019607843137254,1691366400000
tank_0278,3.0,1691366400000
tank_0280,0.0,1691366400000
tank_0291,1.0,1691366400000
tank_0292,2.0,1691366400000
tank_0296,0.0,1691366400000
tank_0297,15.0,1691366400000
tank_0299,0.0,1691366400000
tank_0300,0.9686274509803922,1691366400000
tank_0301,0.0,1691366400000
tank_0307,8.0,1691366400000
tank_0309,0.0,1691366400000
tank_0313,0.0,1691366400000
tank_0314,0.0,1691366400000
tank_0319,0.0,1691366400000
tank_0321,0.0,1691366400000
tank_0327,0.0,1691366400000
tank_0337,0.0,1691366400000
tank_0338,0.0,1691366400000
tank_0339,4.764705882352941,1691366400000
tank_0342,22.823529411764707,1691366400000
tank_0345,0.0,1691366400000
tank_0346,0.0,1691366400000
tank_0349,223.0,1691366400000
tank_0350,0.0,1691366400000
tank_0353,0.0,1691366400000
tank_0356,0.0,1691366400000
tank_0360,1.6980392156862745,1691366400000
tank_0361,0.0,1691366400000
tank_0362,0.0,1691366400000
tank_0364,0.0,1691366400000
tank_0366,7.756862745098039,1691366400000
tank_0369,14.0,1691366400000
tank_0375,0.0,1691366400000
tank_0379,1.0,1691366400000
tank_0381,0.0,1691366400000
tank_0386,0.0,1691366400000
tank_0390,0.3803921568627451,1691366400000
tank_0397,0.0,1691366400000
tank_0399,0.0,1691366400000
tank_0404,206.23921568627452,1691366400000
tank_0409,0.0,1691366400000
tank_0420,6.1725490196078425,1691366400000
tank_0425,0.0,1691366400000
tank_0431,0.0,1691366400000
tank_0432,0.4666666666666667,1691366400000
tank_0435,0.0,1691366400000
tank_0436,0.0,1691366400000
tank_0438,14.0,1691366400000
tank_0443,0.0,1691366400000
tank_0444,224.0,1691366400000
tank_0447,19.901960784313722,1691366400000
tank_0448,4.0,1691366400000
tank_0449,4.627450980392156,1691366400000
tank_0455,2.4823529411764707,1691366400000
tank_0460,0.0,1691366400000
tank_0462,151.0,1691366400000
tank_0466,0.0,1691366400000
tank_0471,0.0,1691366400000
tank_0473,6.372549019607842,1691366400000
tank_0474,0.0,1691366400000
tank_0481,10.227450980392156,1691366400000
tank_0485,0.0,1691366400000
tank_0489,0.0,1691366400000
tank_0491,0.0,1691366400000
tank_0494,0.0,1691366400000
tank_0497,0.0,1691366400000
tank_0498,3.172549019607843,1691366400000
tank_0502,0.0,1691366400000
tank_0505,0.0,1691366400000
tank_0509,0.0,1691366400000
tank_0512,111.0,1691366400000
tank_0514,0.0,1691366400000
tank_0515,12.333333333333332,1691366400000
tank_0521,0.0,1691366400000
tank_0524,0.0,1691366400000
tank_0526,10.0,1691366400000
tank_0533,0.0,1691366400000
tank_0534,0.0,1691366400000
tank_0536,0.0,1691366400000
tank_0537,0.0,1691366400000
tank_0541,0.0,1691366400000
tank_0547,0.0,1691366400000
tank_0552,0.0,1691366400000
tank_0555,0.0,1691366400000
tank_0556,0.0,1691366400000
tank_0557,0.0,1691366400000
tank_0560,0.0,1691366400000
tank_0561,0.0,1691366400000
tank_0566,0.0,1691366400000
tank_0567,3.596078431372549,1691366400000
tank_0568,3.145098039215686,1691366400000
tank_0574,55.0,1691366400000
tank_0579,423.0,1691366400000
tank_0583,96.0,1691366400000
tank_0587,0.0,1691366400000
tank_0589,0.0,1691366400000
tank_0590,0.0,1691366400000
tank_0592,0.0,1691366400000
tank_0593,0.0,1691366400000
tank_0595,2.0,1691366400000
tank_0600,0.792156862745098,1691366400000
tank_0604,0.0,1691366400000
tank_0606,0.0,1691366400000
tank_0607,7.4980392156862745,1691366400000
tank_0608,498.99607843137255,1691366400000
tank_0610,0.0,1691366400000
tank_0611,0.0,1691366400000
tank_0612,1.0,1691366400000
tank_0613,3.0,1691366400000
tank_0619,0.0,1691366400000
tank_0626,0.0,1691366400000
tank_0627,0.0,1691366400000
tank_0628,0.0,1691366400000
tank_0632,0.0,1691366400000
tank_0633,0.0,1691366400000
tank_0639,0.0,1691366400000
tank_0640,0.2549019607843137,1691366400000
tank_0641,0.0,1691366400000
tank_0643,4.0,1691366400000
tank_0646,0.0,1691366400000
tank_0663,0.0,1691366400000
tank_0664,0.0,1691366400000
tank_0666,0.0,1691366400000
tank_0667,0.0,1691366400000
tank_0670,0.0,1691366400000
tank_0675,0.0,1691366400000
tank_0676,248.0,1691366400000
tank_0678,0.0,1691366400000
tank_0681,0.0,1691366400000
tank_0687,0.0,1691366400000
tank_0688,126.0,1691366400000
tank_0697,0.0,1691366400000
tank_0720,0.0,1691366400000
tank_0722,0.0,1691366400000
tank_0724,0.0,1691366400000
tank_0725,0.0,1691366400000
tank_0728,3.0,1691366400000
tank_0730,0.0,1691366400000
tank_0731,94.0,1691366400000
tank_0732,0.0,1691366400000
tank_0737,110.0,1691366400000
tank_0739,0.0,1691366400000
tank_0740,1.0,1691366400000
tank_0746,0.0,1691366400000
tank_0748,0.0,1691366400000
tank_0749,0.0,1691366400000
tank_0752,1.011764705882353,1691366400000
tank_0760,0.0,1691366400000
tank_0770,0.0,1691366400000
tank_0772,0.0,1691366400000
tank_0788,0.0,1691366400000
tank_0789,0.0,1691366400000
tank_0792,47.254901960784316,1691366400000
tank_0797,33.0,1691366400000
tank_0800,251.0,1691366400000
tank_0802,0.0,1691366400000
tank_0803,0.0,1691366400000
tank_0808,9.070588235294117,1691366400000
tank_0810,16.980392156862745,1691366400000
tank_0811,0.6901960784313725,1691366400000
tank_0812,63.949019607843134,1691366400000
tank_0813,1.9372549019607843,1691366400000
tank_0816,0.0,1691366400000
tank_0819,0.0,1691366400000
tank_0823,0.0,1691366400000
tank_0824,13.0,1691366400000
tank_0825,0.0,1691366400000
tank_0828,0.0,1691366400000
tank_0829,36.984313725490196,1691366400000
tank_0830,0.0,1691366400000
tank_0831,0.027450980392156862,1691366400000
tank_0844,0.0,1691366400000
tank_0852,44.0,1691366400000
tank_0855,120.0,1691366400000
tank_0856,2.0,1691366400000
tank_0860,11.0,1691366400000
tank_0861,0.0,1691366400000
tank_0872,22.0,1691366400000
tank_0875,162.0,1691366400000
tank_0879,10.0,1691366400000
tank_0885,0.0,1691366400000
tank_0891,0.0,1691366400000
tank_0894,208.0,1691366400000
tank_0898,22.0,1691366400000
tank_0900,61.54509803921569,1691366400000
tank_0901,29.0,1691366400000
tank_0902,0.0,1691366400000
tank_0914,0.0,1691366400000
tank_0917,0.0,1691366400000
tank_0919,20.0,1691366400000
tank_0920,0.0,1691366400000
tank_0922,0.0,1691366400000
tank_0923,11.141176470588235,1691366400000
tank_0924,0.0,1691366400000
tank_0926,0.0,1691366400000
tank_0927,5.0,1691366400000
tank_0928,2.0,1691366400000
tank_0930,120.0,1691366400000
tank_0931,64.0,1691366400000
tank_0933,0.0,1691366400000
tank_0934,0.0,1691366400000
tank_0937,0.0,1691366400000
tank_0938,0.0,1691366400000
tank_0939,0.0,1691366400000
tank_0944,27.0,1691366400000
tank_0946,0.0,1691366400000
tank_0952,59.89411764705882,1691366400000
tank_0958,0.0,1691366400000
tank_0962,101.0,1691366400000
tank_0967,5.933333333333334,1691366400000
tank_0975,0.0,1691366400000
tank_0978,66.35294117647061,1691366400000
tank_0990,0.0,1691366400000
tank_0991,0.0,1691366400000
tank_0998,0.0,1691366400000
tank_0999,0.0,1691366400000
tank_1003,234.0,1691366400000
tank_1004,18.0,1691366400000
tank_1014,101.0,1691366400000
tank_1026,72.0,1691366400000
tank_1031,2.0,1691366400000
tank_1032,5.913725490196078,1691366400000
tank_1034,5.050980392156863,1691366400000
tank_1042,5.0,1691366400000
tank_1045,0.0,1691366400000
tank_1049,24.0,1691366400000
tank_1055,2.2627450980392156,1691366400000
tank_1061,0.0,1691366400000
tank_1062,1.0,1691366400000
tank_1064,0.0,1691366400000
tank_1065,3.0,1691366400000
tank_1066,48.58039215686274,1691366400000
tank_1070,0.0,1691366400000
tank_1073,0.0,1691366400000
tank_1083,43.0,1691366400000
tank_1086,5.0,1691366400000
tank_1088,14.59607843137255,1691366400000
tank_1089,24.0,1691366400000
tank_1090,0.0,1691366400000
tank_1091,5.749019607843138,1691366400000
tank_1094,520.0,1691366400000
tank_1095,15.0,1691366400000
tank_1104,0.4588235294117647,1691366400000
tank_1113,21.0,1691366400000
tank_1116,1.0,1691366400000
tank_1117,0.0,1691366400000
tank_1120,0.0,1691366400000
tank_1121,0.0,1691366400000
tank_1124,0.0,1691366400000
tank_1128,0.0,1691366400000
tank_1134,0.0,1691366400000
tank_1135,25.75686274509804,1691366400000
tank_1146,4.0,1691366400000
tank_1149,14.329411764705883,1691366400000
tank_1156,0.0,1691366400000
tank_1157,19.486274509803927,1691366400000
tank_1159,0.0,1691366400000
tank_1160,37.0,1691366400000
tank_1166,0.0,1691366400000
tank_1170,9.494117647058822,1691366400000
tank_1175,0.0,1691366400000
tank_1177,7.0,1691366400000
tank_1179,2.0,1691366400000
tank_1181,6.0,1691366400000
tank_1186,39.7921568627451,1691366400000
tank_1187,47.3686274509804,1691366400000
tank_1190,2.0,1691366400000
tank_1192,0.0,1691366400000
tank_1196,0.0,1691366400000
tank_1197,697.0,1691366400000
tank_1201,0.0,1691366400000
tank_1203,25.972549019607843,1691366400000
tank_1205,0.0,1691366400000
tank_1209,21.0,1691366400000
tank_1217,0.0,1691366400000
tank_1223,2.0,1691366400000
tank_1226,59.35686274509804,1691366400000
tank_1228,45.0,1691366400000
tank_1230,0.0,1691366400000
tank_1237,11.454901960784314,1691366400000
tank_1239,538.0,1691366400000
tank_1245,0.0,1691366400000
tank_1246,66.0,1691366400000
tank_1250,0.0,1691366400000
tank_1254,88.0,1691366400000
tank_1255,0.4,1691366400000
tank_1258,15.0,1691366400000
tank_1261,0.0,1691366400000
tank_1262,0.0,1691366400000
tank_1263,3.0,1691366400000
tank_1265,6.0,1691366400000
tank_1270,0.0,1691366400000
tank_1272,16.99607843137255,1691366400000
tank_1275,0.0,1691366400000
tank_1276,96.96862745098039,1691366400000
tank_1279,0.0,1691366400000
tank_1280,0.0,1691366400000
tank_1284,0.0,1691366400000
tank_1285,0.0,1691366400000
tank_1286,145.6235294117647,1691366400000
tank_1290,52.564705882352946,1691366400000
tank_1291,0.0,1691366400000
tank_1293,48.0,1691366400000
tank_1295,0.0,1691366400000
tank_1297,10.0,1691366400000
tank_1301,2.0,1691366400000
tank_1302,0.0,1691366400000
tank_1304,0.0,1691366400000
tank_1305,29.0,1691366400000
tank_1313,181.0,1691366400000
tank_1322,0.0,1691366400000
tank_1325,23.0,1691366400000
tank_1326,0.5411764705882353,1691366400000
tank_1344,0.0,1691366400000
tank_1346,0.0,1691366400000
tank_1349,0.0,1691366400000
tank_1353,83.0,1691366400000
tank_1358,0.0,1691366400000
tank_1359,16.270588235294117,1691366400000
tank_1361,117.0,1691366400000
tank_1364,677.0,1691366400000
tank_1365,0.0,1691366400000
tank_1372,0.0,1691366400000
tank_1374,28.0,1691366400000
tank_1378,13.0,1691366400000
tank_1380,2.0,1691366400000
tank_1386,36.0,1691366400000
tank_1391,0.0,1691366400000
tank_1393,7.0,1691366400000
tank_1396,6.0,1691366400000
tank_1397,0.0,1691366400000
tank_1403,0.0,1691366400000
tank_1409,0.0,1691366400000
tank_1412,0.0,1691366400000
tank_1415,1.0,1691366400000
tank_1416,0.0,1691366400000
tank_1421,8.0,1691366400000
tank_1422,0.0,1691366400000
tank_1425,201.0,1691366400000
tank_1426,0.0,1691366400000
tank_1430,0.0,1691366400000
tank_1433,116.0,1691366400000
tank_1438,12.188235294117646,1691366400000
tank_1439,0.0,1691366400000
tank_1441,0.0,1691366400000
tank_1443,0.0,1691366400000
tank_1445,40.0,1691366400000
tank_1446,19.0,1691366400000
tank_1450,0.0,1691366400000
tank_1452,0.0,1691366400000
tank_1456,0.0,1691366400000
tank_1466,2.243137254901961,1691366400000
tank_1471,0.0,1691366400000
tank_1475,68.0,1691366400000
tank_1486,126.0,1691366400000
tank_1488,87.0,1691366400000
tank_1491,0.0,1691366400000
tank_1500,23.0,1691366400000
tank_1505,308.0,1691366400000
tank_1513,0.0,1691366400000
tank_1531,0.0,1691366400000
tank_1536,13.964705882352941,1691366400000
tank_1539,351.0,1691366400000
tank_1541,0.0,1691366400000
tank_1542,0.0,1691366400000
tank_1547,99.0,1691366400000
tank_1563,0.0,1691366400000
tank_1564,0.0,1691366400000
tank_1565,79.0,1691366400000
tank_1567,0.0,1691366400000
tank_1568,6.0,1691366400000
tank_1573,0.0,1691366400000
tank_1583,0.0,1691366400000
tank_1587,678.0,1691366400000
tank_1588,0.0,1691366400000
tank_1592,0.0,1691366400000
tank_1594,0.0,1691366400000
tank_1595,0.0,1691366400000
tank_1597,120.78823529411765,1691366400000
tank_1598,1.0980392156862746,1691366400000
tank_1600,0.0,1691366400000
tank_1604,2.0,1691366400000
tank_0002,0.0,1692403200000
tank_0004,0.0,1692403200000
tank_0005,0.0,1692403200000
tank_0011,0.0,1692403200000
tank_0014,0.0,1692403200000
tank_0019,0.0,1692403200000
tank_0024,15.588235294117647,1692403200000
tank_0025,0.0,1692403200000
tank_0026,0.0,1692403200000
tank_0027,0.0,1692403200000
tank_0030,0.0,1692403200000
tank_0031,5.0,1692403200000
tank_0036,0.8745098039215686,1692403200000
tank_0037,0.0,1692403200000
tank_0038,11.933333333333332,1692403200000
tank_0050,5.0,1692403200000
tank_0051,0.0,1692403200000
tank_0052,0.0,1692403200000
tank_0053,20.43921568627451,1692403200000
tank_0055,0.0,1692403200000
tank_0057,67.0,1692403200000
tank_0058,0.0,1692403200000
tank_0064,17.0,1692403200000
tank_0069,51.0,1692403200000
tank_0072,2.0,1692403200000
tank_0073,0.0,1692403200000
tank_0080,21.0,1692403200000
tank_0094,0.0,1692403200000
tank_0107,0.0,1692403200000
tank_0110,7.0,1692403200000
tank_0113,35.67843137254902,1692403200000
tank_0115,0.0,1692403200000
tank_0116,0.0784313725490196,1692403200000
tank_0117,85.0,1692403200000
tank_0118,0.0,1692403200000
tank_0122,0.0,1692403200000
tank_0125,2.219607843137255,1692403200000
tank_0130,1.0,1692403200000
tank_0131,0.0,1692403200000
tank_0132,0.0,1692403200000
tank_0134,0.0,1692403200000
tank_0135,1.0,1692403200000
tank_0142,0.0,1692403200000
tank_0143,0.0,1692403200000
tank_0144,15.0,1692403200000
tank_0148,2.7529411764705882,1692403200000
tank_0153,3.0,1692403200000
tank_0156,27.42745098039216,1692403200000
tank_0159,0.0,1692403200000
tank_0165,1.0,1692403200000
tank_0171,0.0,1692403200000
tank_0172,0.0,1692403200000
tank_0174,0.0,1692403200000
tank_0176,5.576470588235294,1692403200000
tank_0184,0.0,1692403200000
tank_0187,0.0,1692403200000
tank_0190,6.76470588235294,1692403200000
tank_0192,0.0,1692403200000
tank_0193,0.0,1692403200000
tank_0195,3.0,1692403200000
tank_0199,1.4117647058823528,1692403200000
tank_0204,24.0,1692403200000
tank_0205,0.0,1692403200000
tank_0207,0.0,1692403200000
tank_0209,0.5607843137254902,1692403200000
tank_0213,0.0,1692403200000
tank_0217,0.0,1692403200000
tank_0220,4.0,1692403200000
tank_0221,4.831372549019608,1692403200000
tank_0225,0.0,1692403200000
tank_0226,5.019607843137255,1692403200000
tank_0228,0.0,1692403200000
tank_0229,0.0,1692403200000
tank_0231,3.0,1692403200000
tank_0233,1.0,1692403200000
tank_0236,2.317647058823529,1692403200000
tank_0237,0.0,1692403200000
tank_0240,0.0,1692403200000
tank_0242,0.0,1692403200000
tank_0245,3.5960784313725487,1692403200000
tank_0247,132.0,1692403200000
tank_0256,3.4980392156862745,1692403200000
tank_0257,1.407843137254902,1692403200000
tank_0260,6.08235294117647,1692403200000
tank_0261,3.0,1692403200000
tank_0264,0.0,1692403200000
tank_0273,24.0,1692403200000
tank_0276,0.0,1692403200000
tank_0278,6.0,1692403200000
tank_0280,0.0,1692403200000
tank_0291,0.0,1692403200000
tank_0292,2.6470588235294117,1692403200000
tank_0296,0.0,1692403200000
tank_0297,11.67843137254902,1692403200000
tank_0299,0.0784313725490196,1692403200000
tank_0300,7.980392156862745,1692403200000
tank_0301,0.0,1692403200000
tank_0307,0.0,1692403200000
tank_0309,0.0,1692403200000
tank_0313,0.0,1692403200000
tank_0314,0.0,1692403200000
tank_0319,0.0,1692403200000
tank_0321,0.0,1692403200000
tank_0327,1.0,1692403200000
tank_0337,2.9450980392156865,1692403200000
tank_0338,5.67843137254902,1692403200000
tank_0339,12.196078431372548,1692403200000
tank_0342,3.0666666666666664,1692403200000
tank_0345,1.968627450980392,1692403200000
tank_0346,0.0,1692403200000
tank_0349,127.0,1692403200000
tank_0350,0.0,1692403200000
tank_0353,11.333333333333332,1692403200000
tank_0356,0.0,1692403200000
tank_0360,4.349019607843137,1692403200000
tank_0361,4.0,1692403200000
tank_0362,0.0,1692403200000
tank_0364,0.0,1692403200000
tank_0366,9.745098039215687,1692403200000
tank_0369,8.0,1692403200000
tank_0375,0.0,1692403200000
tank_0379,0.0,1692403200000
tank_0381,0.0,1692403200000
tank_0386,4.0,1692403200000
tank_0390,1.0,1692403200000
tank_0397,0.0,1692403200000
tank_0399,0.0,1692403200000
tank_0404,102.92941176470589,1692403200000
tank_0409,0.0,1692403200000
tank_0420,0.050980392156862744,1692403200000
tank_0425,0.0,1692403200000
tank_0431,0.0,1692403200000
tank_0432,5.047058823529412,1692403200000
tank_0435,0.0,1692403200000
tank_0436,0.0,1692403200000
tank_0438,8.0,1692403200000
tank_0443,0.0,1692403200000
tank_0444,42.0,1692403200000
tank_0447,40.3764705882353,1692403200000
tank_0448,0.0,1692403200000
tank_0449,3.137254901960784,1692403200000
tank_0455,5.470588235294118,1692403200000
tank_0460,0.0,1692403200000
tank_0462,27.0,1692403200000
tank_0466,0.0,1692403200000
tank_0471,0.0,1692403200000
tank_0473,11.325490196078432,1692403200000
tank_0474,0.0,1692403200000
tank_0481,10.498039215686275,1692403200000
tank_0485,0.0,1692403200000
tank_0489,0.0,1692403200000
tank_0491,0.0,1692403200000
tank_0494,4.525490196078431,1692403200000
tank_0497,0.0,1692403200000
tank_0498,3.235294117647059,1692403200000
tank_0502,0.0,1692403200000
tank_0505,0.0,1692403200000
tank_0509,0.0,1692403200000
tank_0512,49.0,1692403200000
tank_0514,0.0,1692403200000
tank_0515,0.11764705882352941,1692403200000
tank_0521,0.0,1692403200000
tank_0524,0.0,1692403200000
tank_0526,0.0,1692403200000
tank_0533,0.0,1692403200000
tank_0534,0.0,1692403200000
tank_0536,0.0,1692403200000
tank_0537,0.0,1692403200000
tank_0541,0.0,1692403200000
tank_0547,0.0,1692403200000
tank_0552,0.0,1692403200000
tank_0555,0.0,1692403200000
tank_0556,0.3843137254901961,1692403200000
tank_0557,0.0,1692403200000
tank_0560,0.0,1692403200000
tank_0561,0.0,1692403200000
tank_0566,0.0,1692403200000
tank_0567,0.0,1692403200000
tank_0568,0.788235294117647,1692403200000
tank_0574,29.0,1692403200000
tank_0579,186.0,1692403200000
tank_0583,33.0,1692403200000
tank_0587,0.996078431372549,1692403200000
tank_0589,0.0,1692403200000
tank_0590,0.0,1692403200000
tank_0592,0.0,1692403200000
tank_0593,0.0,1692403200000
tank_0595,1.0,1692403200000
tank_0600,0.0,1692403200000
tank_0604,0.0,1692403200000
tank_0606,0.0,1692403200000
tank_0607,5.749019607843137,1692403200000
tank_0608,44.0,1692403200000
tank_0610,1.8784313725490196,1692403200000
tank_0611,0.0,1692403200000
tank_0612,3.623529411764706,1692403200000
tank_0613,0.0,1692403200000
tank_0619,0.0,1692403200000
tank_0626,0.0,1692403200000
tank_0627,0.0,1692403200000
tank_0628,0.0,1692403200000
tank_0632,0.0,1692403200000
tank_0633,0.0,1692403200000
tank_0639,0.0,1692403200000
tank_0640,0.0,1692403200000
tank_0641,0.0,1692403200000
tank_0643,0.0,1692403200000
tank_0646,0.0,1692403200000
tank_0663,0.0,1692403200000
tank_0664,0.0,1692403200000
tank_0666,0.0,1692403200000
tank_0667,5.258823529411765,1692403200000
tank_0670,0.0,1692403200000
tank_0675,0.0,1692403200000
tank_0676,150.0,1692403200000
tank_0678,0.0,1692403200000
tank_0681,0.0,1692403200000
tank_0687,0.0,1692403200000
tank_0688,61.0,1692403200000
tank_0697,0.0,1692403200000
tank_0720,0.0,1692403200000
tank_0722,0.0,1692403200000
tank_0724,0.0,1692403200000
tank_0725,0.0,1692403200000
tank_0728,0.0,1692403200000
tank_0730,0.0,1692403200000
tank_0731,89.0,1692403200000
tank_0732,0.0,1692403200000
tank_0737,18.0,1692403200000
tank_0739,0.0,1692403200000
tank_0740,4.0,1692403200000
tank_0746,0.0,1692403200000
tank_0748,1.1019607843137256,1692403200000
tank_0749,0.0,1692403200000
tank_0752,4.0,1692403200000
tank_0760,0.0,1692403200000
tank_0770,0.0,1692403200000
tank_0772,0.0,1692403200000
tank_0788,0.0,1692403200000
tank_0789,0.0,1692403200000
tank_0792,36.75686274509805,1692403200000
tank_0797,24.0,1692403200000
tank_0800,133.0,1692403200000
tank_0802,0.0,1692403200000
tank_0803,1.2588235294117647,1692403200000
tank_0808,0.4823529411764706,1692403200000
tank_0810,17.980392156862745,1692403200000
tank_0811,11.866666666666667,1692403200000
tank_0812,67.23137254901961,1692403200000
tank_0813,0.0,1692403200000
tank_0816,0.0,1692403200000
tank_0819,0.0,1692403200000
tank_0823,0.0,1692403200000
tank_0824,2.0,1692403200000
tank_0825,0.0,1692403200000
tank_0828,0.0,1692403200000
tank_0829,19.0,1692403200000
tank_0830,0.0,1692403200000
tank_0831,1.0274509803921568,1692403200000
tank_0844,0.0,1692403200000
tank_0852,26.941176470588236,1692403200000
tank_0855,61.0,1692403200000
tank_0856,1.0,1692403200000
tank_0860,0.0,1692403200000
tank_0861,0.0,1692403200000
tank_0872,9.0,1692403200000
tank_0875,173.0,1692403200000
tank_0879,9.0,1692403200000
tank_0885,0.0,1692403200000
tank_0891,0.0,1692403200000
tank_0894,13.0,1692403200000
tank_0898,1.0,1692403200000
tank_0900,39.52549019607843,1692403200000
tank_0901,7.0,1692403200000
tank_0902,0.0,1692403200000
tank_0914,0.0,1692403200000
tank_0917,0.0,1692403200000
tank_0919,9.0,1692403200000
tank_0920,1.0,1692403200000
tank_0922,0.0,1692403200000
tank_0923,4.0,1692403200000
tank_0924,0.0,1692403200000
tank_0926,0.0,1692403200000
tank_0927,0.0,1692403200000
tank_0928,0.0,1692403200000
tank_0930,105.0,1692403200000
tank_0931,9.0,1692403200000
tank_0933,0.0,1692403200000
tank_0934,0.0,1692403200000
tank_0937,0.0,1692403200000
tank_0938,0.0,1692403200000
tank_0939,0.0,1692403200000
tank_0944,5.0,1692403200000
tank_0946,0.0,1692403200000
tank_0952,53.38039215686274,1692403200000
tank_0958,0.0,1692403200000
tank_0962,5.0,1692403200000
tank_0967,3.0,1692403200000
tank_0975,0.0,1692403200000
tank_0978,58.486274509803934,1692403200000
tank_0990,0.0,1692403200000
tank_0991,0.0,1692403200000
tank_0998,0.0,1692403200000
tank_0999,0.0,1692403200000
tank_1003,56.0,1692403200000
tank_1004,3.411764705882353,1692403200000
tank_1014,40.0,1692403200000
tank_1026,32.0,1692403200000
tank_1031,4.0,1692403200000
tank_1032,3.0,1692403200000
tank_1034,5.419607843137255,1692403200000
tank_1042,7.0,1692403200000
tank_1045,0.0,1692403200000
tank_1049,0.0,1692403200000
tank_1055,11.294117647058822,1692403200000
tank_1061,0.0,1692403200000
tank_1062,0.0,1692403200000
tank_1064,6.0,1692403200000
tank_1065,4.0,1692403200000
tank_1066,13.537254901960782,1692403200000
tank_1070,0.0,1692403200000
tank_1073,0.0,1692403200000
tank_1083,6.0,1692403200000
tank_1086,18.27058823529412,1692403200000
tank_1088,1.9450980392156862,1692403200000
tank_1089,21.0,1692403200000
tank_1090,0.0,1692403200000
tank_1091,5.0,1692403200000
tank_1094,45.0,1692403200000
tank_1095,2.211764705882353,1692403200000
tank_1104,0.7490196078431373,1692403200000
tank_1113,14.0,1692403200000
tank_1116,0.0,1692403200000
tank_1117,0.0,1692403200000
tank_1120,0.0,1692403200000
tank_1121,0.0,1692403200000
tank_1124,0.0,1692403200000
tank_1128,0.0,1692403200000
tank_1134,0.0,1692403200000
tank_1135,23.0,1692403200000
tank_1146,14.0,1692403200000
tank_1149,1.6941176470588237,1692403200000
tank_1156,0.0,1692403200000
tank_1157,17.486274509803923,1692403200000
tank_1159,0.0,1692403200000
tank_1160,24.0,1692403200000
tank_1166,0.9490196078431372,1692403200000
tank_1170,13.49019607843137,1692403200000
tank_1175,0.0,1692403200000
tank_1177,3.0352941176470587,1692403200000
tank_1179,1.0,1692403200000
tank_1181,0.0,1692403200000
tank_1186,14.0,1692403200000
tank_1187,38.741176470588236,1692403200000
tank_1190,0.0,1692403200000
tank_1192,0.0,1692403200000
tank_1196,12.05098039215686,1692403200000
tank_1197,268.0,1692403200000
tank_1201,0.0,1692403200000
tank_1203,5.450980392156863,1692403200000
tank_1205,0.0,1692403200000
tank_1209,0.0,1692403200000
tank_1217,0.0,1692403200000
tank_1223,2.145098039215686,1692403200000
tank_1226,57.36862745098039,1692403200000
tank_1228,12.0,1692403200000
tank_1230,0.0,1692403200000
tank_1237,0.0,1692403200000
tank_1239,267.91764705882355,1692403200000
tank_1245,0.0,1692403200000
tank_1246,40.0,1692403200000
tank_1250,0.0,1692403200000
tank_1254,1.0,1692403200000
tank_1255,4.090196078431372,1692403200000
tank_1258,2.0,1692403200000
tank_1261,0.0,1692403200000
tank_1262,0.0,1692403200000
tank_1263,0.0,1692403200000
tank_1265,3.0,1692403200000
tank_1270,0.0,1692403200000
tank_1272,16.0,1692403200000
tank_1275,0.0,1692403200000
tank_1276,16.0,1692403200000
tank_1279,0.0,1692403200000
tank_1280,0.8627450980392157,1692403200000
tank_1284,0.0,1692403200000
tank_1285,0.0,1692403200000
tank_1286,62.0,1692403200000
tank_1290,9.592156862745098,1692403200000
tank_1291,0.0,1692403200000
tank_1293,25.0,1692403200000
tank_1295,0.0,1692403200000
tank_1297,0.0,1692403200000
tank_1301,0.0,1692403200000
tank_1302,0.0,1692403200000
tank_1304,0.0,1692403200000
tank_1305,6.0,1692403200000
tank_1313,7.0,1692403200000
tank_1322,0.0,1692403200000
tank_1325,0.0,1692403200000
tank_1326,1.1254901960784314,1692403200000
tank_1344,0.0,1692403200000
tank_1346,0.0,1692403200000
tank_1349,0.0,1692403200000
tank_1353,12.0,1692403200000
tank_1358,0.0,1692403200000
tank_1359,0.0,1692403200000
tank_1361,8.0,1692403200000
tank_1364,66.0,1692403200000
tank_1365,0.0,1692403200000
tank_1372,0.0,1692403200000
tank_1374,5.0,1692403200000
tank_1378,0.0,1692403200000
tank_1380,4.0,1692403200000
tank_1386,2.0,1692403200000
tank_1391,0.0,1692403200000
tank_1393,0.4980392156862745,1692403200000
tank_1396,7.0,1692403200000
tank_1397,0.0,1692403200000
tank_1403,0.0,1692403200000
tank_1409,0.0,1692403200000
tank_1412,0.0,1692403200000
tank_1415,11.0,1692403200000
tank_1416,0.0,1692403200000
tank_1421,0.0,1692403200000
tank_1422,0.0,1692403200000
tank_1425,16.0,1692403200000
tank_1426,0.0,1692403200000
tank_1430,0.0,1692403200000
tank_1433,16.0,1692403200000
tank_1438,0.0,1692403200000
tank_1439,0.0,1692403200000
tank_1441,0.4980392156862745,1692403200000
tank_1443,0.0,1692403200000
tank_1445,32.0,1692403200000
tank_1446,11.980392156862745,1692403200000
tank_1450,0.0,1692403200000
tank_1452,0.0,1692403200000
tank_1456,0.0,1692403200000
tank_1466,2.0,1692403200000
tank_1471,0.0,1692403200000
tank_1475,0.0,1692403200000
tank_1486,0.0,1692403200000
tank_1488,69.0,1692403200000
tank_1491,0.0,1692403200000
tank_1500,9.0,1692403200000
tank_1505,189.0,1692403200000
tank_1513,0.0,1692403200000
tank_1531,0.0,1692403200000
tank_1536,23.0,1692403200000
tank_1539,252.0,1692403200000
tank_1541,0.0,1692403200000
tank_1542,0.0,1692403200000
tank_1547,35.0,1692403200000
tank_1563,0.0,1692403200000
tank_1564,0.0,1692403200000
tank_1565,9.0,1692403200000
tank_1567,0.0,1692403200000
tank_1568,0.0,1692403200000
tank_1573,0.0,1692403200000
tank_1583,4.749019607843137,1692403200000
tank_1587,701.0,1692403200000
tank_1588,0.0,1692403200000
tank_1592,0.0,1692403200000
tank_1594,0.0,1692403200000
tank_1595,0.0,1692403200000
tank_1597,146.78823529411767,1692403200000
tank_1598,6.1803921568627445,1692403200000
tank_1600,0.0,1692403200000
tank_1604,0.0,1692403200000
tank_0002,0.0,1693440000000
tank_0004,0.0,1693440000000
tank_0005,0.0,1693440000000
tank_0011,0.0,1693440000000
tank_0014,1.1411764705882352,1693440000000
tank_0019,0.0,1693440000000
tank_0024,31.76078431372549,1693440000000
tank_0025,1.0,1693440000000
tank_0026,0.0,1693440000000
tank_0027,4.0,1693440000000
tank_0030,0.0,1693440000000
tank_0031,12.0,1693440000000
tank_0036,0.0,1693440000000
tank_0037,2.784313725490196,1693440000000
tank_0038,32.51372549019608,1693440000000
tank_0050,3.976470588235294,1693440000000
tank_0051,0.0,1693440000000
tank_0052,2.23921568627451,1693440000000
tank_0053,33.95294117647059,1693440000000
tank_0055,0.0,1693440000000
tank_0057,64.0,1693440000000
tank_0058,0.0,1693440000000
tank_0064,17.0,1693440000000
tank_0069,79.48235294117647,1693440000000
tank_0072,0.0,1693440000000
tank_0073,0.0,1693440000000
tank_0080,24.0,1693440000000
tank_0094,0.0,1693440000000
tank_0107,0.0,1693440000000
tank_0110,13.12156862745098,1693440000000
tank_0113,37.09411764705882,1693440000000
tank_0115,0.0,1693440000000
tank_0116,0.4117647058823529,1693440000000
tank_0117,113.0,1693440000000
tank_0118,0.0,1693440000000
tank_0122,0.0,1693440000000
tank_0125,2.7529411764705887,1693440000000
tank_0130,0.0,1693440000000
tank_0131,0.0,1693440000000
tank_0132,0.0,1693440000000
tank_0134,2.0,1693440000000
tank_0135,2.0,1693440000000
tank_0142,9.0,1693440000000
tank_0143,0.0,1693440000000
tank_0144,8.0,1693440000000
tank_0148,0.0,1693440000000
tank_0153,0.0,1693440000000
tank_0156,10.75294117647059,1693440000000
tank_0159,0.0,1693440000000
tank_0165,1.0274509803921568,1693440000000
tank_0171,2.0,1693440000000
tank_0172,0.0,1693440000000
tank_0174,2.2588235294117642,1693440000000
tank_0176,6.462745098039216,1693440000000
tank_0184,0.0,1693440000000
tank_0187,0.0,1693440000000
tank_0190,1.2901960784313726,1693440000000
tank_0192,0.0,1693440000000
tank_0193,0.0,1693440000000
tank_0195,0.0,1693440000000
tank_0199,1.0,1693440000000
tank_0204,33.0,1693440000000
tank_0205,0.0,1693440000000
tank_0207,0.37254901960784315,1693440000000
tank_0209,0.25098039215686274,1693440000000
tank_0213,0.0,1693440000000
tank_0217,0.0,1693440000000
tank_0220,0.0,1693440000000
tank_0221,1.0,1693440000000
tank_0225,0.0,1693440000000
tank_0226,0.0,1693440000000
tank_0228,0.0,1693440000000
tank_0229,0.9176470588235295,1693440000000
tank_0231,0.6784313725490196,1693440000000
tank_0233,2.1254901960784314,1693440000000
tank_0236,0.0,1693440000000
tank_0237,0.0,1693440000000
tank_0240,0.0,1693440000000
tank_0242,0.0,1693440000000
tank_0245,0.0392156862745098,1693440000000
tank_0247,278.0,1693440000000
tank_0256,0.0,1693440000000
tank_0257,1.2941176470588236,1693440000000
tank_0260,3.16078431372549,1693440000000
tank_0261,11.43921568627451,1693440000000
tank_0264,0.0,1693440000000
tank_0273,73.0,1693440000000
tank_0276,0.0,1693440000000
tank_0278,2.780392156862745,1693440000000
tank_0280,0.0,1693440000000
tank_0291,0.0,1693440000000
tank_0292,4.207843137254901,1693440000000
tank_0296,0.0,1693440000000
tank_0297,5.0,1693440000000
tank_0299,0.0,1693440000000
tank_0300,4.529411764705883,1693440000000
tank_0301,0.0,1693440000000
tank_0307,7.0,1693440000000
tank_0309,0.0,1693440000000
tank_0313,0.0,1693440000000
tank_0314,0.0,1693440000000
tank_0319,0.0,1693440000000
tank_0321,0.0,1693440000000
tank_0327,0.0,1693440000000
tank_0337,0.9725490196078431,1693440000000
tank_0338,3.0,1693440000000
tank_0339,1.1254901960784314,1693440000000
tank_0342,14.666666666666668,1693440000000
tank_0345,0.0,1693440000000
tank_0346,0.0,1693440000000
tank_0349,256.0,1693440000000
tank_0350,0.0,1693440000000
tank_0353,6.647058823529412,1693440000000
tank_0356,0.0,1693440000000
tank_0360,4.698039215686275,1693440000000
tank_0361,1.4156862745098038,1693440000000
tank_0362,0.0,1693440000000
tank_0364,0.0,1693440000000
tank_0366,8.83921568627451,1693440000000
tank_0369,12.0,1693440000000
tank_0375,0.0,1693440000000
tank_0379,0.8392156862745098,1693440000000
tank_0381,0.0,1693440000000
tank_0386,9.729411764705883,1693440000000
tank_0390,0.0,1693440000000
tank_0397,0.0,1693440000000
tank_0399,0.0,1693440000000
tank_0404,63.92941176470588,1693440000000
tank_0409,0.0,1693440000000
tank_0420,0.4941176470588235,1693440000000
tank_0425,0.0,1693440000000
tank_0431,0.0,1693440000000
tank_0432,1.1764705882352942,1693440000000
tank_0435,0.0,1693440000000
tank_0436,0.0,1693440000000
tank_0438,11.372549019607844,1693440000000
tank_0443,0.0,1693440000000
tank_0444,187.0,1693440000000
tank_0447,54.39607843137255,1693440000000
tank_0448,0.0,1693440000000
tank_0449,4.447058823529412,1693440000000
tank_0455,11.431372549019608,1693440000000
tank_0460,0.5529411764705883,1693440000000
tank_0462,2.0,1693440000000
tank_0466,0.0,1693440000000
tank_0471,0.0,1693440000000
tank_0473,8.980392156862745,1693440000000
tank_0474,2.631372549019608,1693440000000
tank_0481,16.454901960784312,1693440000000
tank_0485,0.0,1693440000000
tank_0489,0.0,1693440000000
tank_0491,0.0,1693440000000
tank_0494,0.0,1693440000000
tank_0497,0.0,1693440000000
tank_0498,2.2823529411764705,1693440000000
tank_0502,0.0,1693440000000
tank_0505,0.0,1693440000000
tank_0509,0.011764705882352941,1693440000000
tank_0512,126.0,1693440000000
tank_0514,0.0,1693440000000
tank_0515,2.0,1693440000000
tank_0521,0.0,1693440000000
tank_0524,0.0,1693440000000
tank_0526,0.0,1693440000000
tank_0533,0.0,1693440000000
tank_0534,0.0,1693440000000
tank_0536,0.0,1693440000000
tank_0537,0.0,1693440000000
tank_0541,2.4980392156862745,1693440000000
tank_0547,0.0,1693440000000
tank_0552,0.0,1693440000000
tank_0555,0.0,1693440000000
tank_0556,0.0,1693440000000
tank_0557,0.0,1693440000000
tank_0560,0.0,1693440000000
tank_0561,0.0,1693440000000
tank_0566,0.0,1693440000000
tank_0567,0.0,1693440000000
tank_0568,4.380392156862745,1693440000000
tank_0574,40.0,1693440000000
tank_0579,401.0,1693440000000
tank_0583,98.0,1693440000000
tank_0587,0.996078431372549,1693440000000
tank_0589,0.0,1693440000000
tank_0590,0.0,1693440000000
tank_0592,0.0,1693440000000
tank_0593,0.0,1693440000000
tank_0595,2.0,1693440000000
tank_0600,0.054901960784313725,1693440000000
tank_0604,0.0,1693440000000
tank_0606,0.0,1693440000000
tank_0607,9.345098039215687,1693440000000
tank_0608,579.0,1693440000000
tank_0610,0.0,1693440000000
tank_0611,2.0,1693440000000
tank_0612,8.396078431372548,1693440000000
tank_0613,0.0,1693440000000
tank_0619,0.0,1693440000000
tank_0626,0.0,1693440000000
tank_0627,0.0,1693440000000
tank_0628,0.0,1693440000000
tank_0632,9.772549019607844,1693440000000
tank_0633,0.0,1693440000000
tank_0639,0.0,1693440000000
tank_0640,0.0,1693440000000
tank_0641,0.0,1693440000000
tank_0643,1.5803921568627453,1693440000000
tank_0646,0.0,1693440000000
tank_0663,0.0,1693440000000
tank_0664,0.0,1693440000000
tank_0666,0.0,1693440000000
tank_0667,12.0,1693440000000
tank_0670,0.0,1693440000000
tank_0675,0.0,1693440000000
tank_0676,354.0,1693440000000
tank_0678,1.0,1693440000000
tank_0681,0.0,1693440000000
tank_0687,0.0,1693440000000
tank_0688,327.0,1693440000000
tank_0697,0.0,1693440000000
tank_0720,0.0,1693440000000
tank_0722,0.0,1693440000000
tank_0724,0.0,1693440000000
tank_0725,0.0,1693440000000
tank_0728,5.337254901960784,1693440000000
tank_0730,0.0,1693440000000
tank_0731,225.0,1693440000000
tank_0732,0.0,1693440000000
tank_0737,132.0,1693440000000
tank_0739,0.0,1693440000000
tank_0740,4.894117647058824,1693440000000
tank_0746,0.0,1693440000000
tank_0748,0.0,1693440000000
tank_0749,12.0,1693440000000
tank_0752,1.8627450980392157,1693440000000
tank_0760,0.0,1693440000000
tank_0770,0.0,1693440000000
tank_0772,0.0,1693440000000
tank_0788,0.0,1693440000000
tank_0789,0.0,1693440000000
tank_0792,48.03137254901961,1693440000000
tank_0797,50.56470588235294,1693440000000
tank_0800,234.0,1693440000000
tank_0802,0.0,1693440000000
tank_0803,0.0,1693440000000
tank_0808,9.141176470588235,1693440000000
tank_0810,16.980392156862745,1693440000000
tank_0811,23.313725490196077,1693440000000
tank_0812,67.24705882352941,1693440000000
tank_0813,0.0,1693440000000
tank_0816,0.0,1693440000000
tank_0819,0.0,1693440000000
tank_0823,0.0,1693440000000
tank_0824,0.0,1693440000000
tank_0825,0.0,1693440000000
tank_0828,0.0,1693440000000
tank_0829,11.984313725490196,1693440000000
tank_0830,0.0,1693440000000
tank_0831,2.835294117647059,1693440000000
tank_0844,0.0,1693440000000
tank_0852,35.0,1693440000000
tank_0855,79.0,1693440000000
tank_0856,13.0,1693440000000
tank_0860,6.0,1693440000000
tank_0861,0.0,1693440000000
tank_0872,12.0,1693440000000
tank_0875,150.99607843137255,1693440000000
tank_0879,2.0,1693440000000
tank_0885,0.0,1693440000000
tank_0891,0.0,1693440000000
tank_0894,24.0,1693440000000
tank_0898,0.0,1693440000000
tank_0900,44.396078431372544,1693440000000
tank_0901,14.0,1693440000000
tank_0902,0.0,1693440000000
tank_0914,0.0,1693440000000
tank_0917,0.0,1693440000000
tank_0919,26.0,1693440000000
tank_0920,0.0,1693440000000
tank_0922,0.0,1693440000000
tank_0923,13.0,1693440000000
tank_0924,0.0,1693440000000
tank_0926,0.0,1693440000000
tank_0927,0.0,1693440000000
tank_0928,0.0,1693440000000
tank_0930,114.0,1693440000000
tank_0931,15.0,1693440000000
tank_0933,0.0,1693440000000
tank_0934,0.0,1693440000000
tank_0937,0.0,1693440000000
tank_0938,0.0,1693440000000
tank_0939,0.0,1693440000000
tank_0944,14.0,1693440000000
tank_0946,0.0,1693440000000
tank_0952,60.325490196078434,1693440000000
tank_0958,0.2627450980392157,1693440000000
tank_0962,29.0,1693440000000
tank_0967,1.0,1693440000000
tank_0975,0.0,1693440000000
tank_0978,22.23921568627451,1693440000000
tank_0990,0.0,1693440000000
tank_0991,0.0,1693440000000
tank_0998,0.0,1693440000000
tank_0999,3.2823529411764705,1693440000000
tank_1003,25.0,1693440000000
tank_1004,18.223529411764705,1693440000000
tank_1014,44.0,1693440000000
tank_1026,67.0,1693440000000
tank_1031,0.0,1693440000000
tank_1032,11.898039215686275,1693440000000
tank_1034,3.4823529411764707,1693440000000
tank_1042,2.0,1693440000000
tank_1045,0.0,1693440000000
tank_1049,7.0,1693440000000
tank_1055,9.12156862745098,1693440000000
tank_1061,0.0,1693440000000
tank_1062,1.0,1693440000000
tank_1064,0.0,1693440000000
tank_1065,0.8705882352941177,1693440000000
tank_1066,0.0,1693440000000
tank_1070,0.0,1693440000000
tank_1073,0.0,1693440000000
tank_1083,20.0,1693440000000
tank_1086,5.0,1693440000000
tank_1088,3.9450980392156865,1693440000000
tank_1089,8.0,1693440000000
tank_1090,0.0,1693440000000
tank_1091,2.7450980392156863,1693440000000
tank_1094,216.0,1693440000000
tank_1095,2.0,1693440000000
tank_1104,0.0,1693440000000
tank_1113,4.0,1693440000000
tank_1116,2.0,1693440000000
tank_1117,0.0,1693440000000
tank_1120,0.0,1693440000000
tank_1121,0.0,1693440000000
tank_1124,0.0,1693440000000
tank_1128,0.0,1693440000000
tank_1134,0.6,1693440000000
tank_1135,30.0,1693440000000
tank_1146,11.0,1693440000000
tank_1149,5.517647058823529,1693440000000
tank_1156,0.0,1693440000000
tank_1157,14.486274509803923,1693440000000
tank_1159,0.0,1693440000000
tank_1160,89.0,1693440000000
tank_1166,0.0,1693440000000
tank_1170,14.24313725490196,1693440000000
tank_1175,0.0,1693440000000
tank_1177,0.0,1693440000000
tank_1179,0.23137254901960785,1693440000000
tank_1181,0.0,1693440000000
tank_1186,32.0,1693440000000
tank_1187,45.42352941176471,1693440000000
tank_1190,0.0,1693440000000
tank_1192,0.0,1693440000000
tank_1196,0.0,1693440000000
tank_1197,150.0,1693440000000
tank_1201,2.0,1693440000000
tank_1203,1.9176470588235293,1693440000000
tank_1205,0.0,1693440000000
tank_1209,26.0,1693440000000
tank_1217,0.0,1693440000000
tank_1223,0.0,1693440000000
tank_1226,72.84705882352941,1693440000000
tank_1228,41.0,1693440000000
tank_1230,0.0,1693440000000
tank_1237,0.0,1693440000000
tank_1239,107.0,1693440000000
tank_1245,0.0,1693440000000
tank_1246,32.0,1693440000000
tank_1250,0.0,1693440000000
tank_1254,190.0,1693440000000
tank_1255,3.505882352941177,1693440000000
tank_1258,26.0,1693440000000
tank_1261,0.0,1693440000000
tank_1262,6.3882352941176475,1693440000000
tank_1263,2.0,1693440000000
tank_1265,4.0,1693440000000
tank_1270,0.0,1693440000000
tank_1272,4.0,1693440000000
tank_1275,1.8627450980392157,1693440000000
tank_1276,64.0,1693440000000
tank_1279,0.0,1693440000000
tank_1280,0.09803921568627451,1693440000000
tank_1284,0.0,1693440000000
tank_1285,0.0,1693440000000
tank_1286,115.0,1693440000000
tank_1290,30.96078431372549,1693440000000
tank_1291,0.0,1693440000000
tank_1293,52.0,1693440000000
tank_1295,1.0,1693440000000
tank_1297,0.0,1693440000000
tank_1301,0.0,1693440000000
tank_1302,0.0,1693440000000
tank_1304,0.0,1693440000000
tank_1305,23.0,1693440000000
tank_1313,217.0,1693440000000
tank_1322,0.0,1693440000000
tank_1325,5.0,1693440000000
tank_1326,0.0,1693440000000
tank_1344,0.5490196078431373,1693440000000
tank_1346,0.0,1693440000000
tank_1349,0.8,1693440000000
tank_1353,18.0,1693440000000
tank_1358,0.0,1693440000000
tank_1359,0.0,1693440000000
tank_1361,48.0,1693440000000
tank_1364,554.7333333333333,1693440000000
tank_1365,0.0,1693440000000
tank_1372,0.0,1693440000000
tank_1374,0.0,1693440000000
tank_1378,0.0,1693440000000
tank_1380,9.0,1693440000000
tank_1386,33.0,1693440000000
tank_1391,0.0,1693440000000
tank_1393,0.0,1693440000000
tank_1396,44.0,1693440000000
tank_1397,0.0,1693440000000
tank_1403,0.0,1693440000000
tank_1409,0.0,1693440000000
tank_1412,0.0,1693440000000
tank_1415,0.0,1693440000000
tank_1416,0.0,1693440000000
tank_1421,0.0,1693440000000
tank_1422,0.0,1693440000000
tank_1425,104.0,1693440000000
tank_1426,0.0,1693440000000
tank_1430,0.0,1693440000000
tank_1433,86.0,1693440000000
tank_1438,0.0,1693440000000
tank_1439,0.0,1693440000000
tank_1441,0.0,1693440000000
tank_1443,1.0,1693440000000
tank_1445,47.0,1693440000000
tank_1446,21.454901960784312,1693440000000
tank_1450,0.0,1693440000000
tank_1452,0.0,1693440000000
tank_1456,11.184313725490195,1693440000000
tank_1466,14.870588235294118,1693440000000
tank_1471,0.0,1693440000000
tank_1475,16.0,1693440000000
tank_1486,0.0,1693440000000
tank_1488,102.0,1693440000000
tank_1491,0.0,1693440000000
tank_1500,16.0,1693440000000
tank_1505,226.0,1693440000000
tank_1513,0.0,1693440000000
tank_1531,0.0,1693440000000
tank_1536,41.0,1693440000000
tank_1539,320.0,1693440000000
tank_1541,0.0,1693440000000
tank_1542,0.0,1693440000000
tank_1547,215.0,1693440000000
tank_1563,0.0,1693440000000
tank_1564,0.0,1693440000000
tank_1565,621.913725490196,1693440000000
tank_1567,0.0,1693440000000
tank_1568,3.0,1693440000000
tank_1573,0.0,1693440000000
tank_1583,0.0,1693440000000
tank_1587,685.0,1693440000000
tank_1588,0.0,1693440000000
tank_1592,3.0,1693440000000
tank_1594,0.0,1693440000000
tank_1595,0.0,1693440000000
tank_1597,151.59607843137255,1693440000000
tank_1598,0.0,1693440000000
tank_1600,0.0,1693440000000
tank_1604,6.231372549019608,1693440000000
tank_0002,0.0,1694476800000
tank_0004,0.0,1694476800000
tank_0005,0.0,1694476800000
tank_0011,0.0,1694476800000
tank_0014,0.0,1694476800000
tank_0019,0.0,1694476800000
tank_0024,4.435294117647059,1694476800000
tank_0025,0.0,1694476800000
tank_0026,0.0,1694476800000
tank_0027,0.0,1694476800000
tank_0030,0.0,1694476800000
tank_0031,16.462745098039214,1694476800000
tank_0036,0.0,1694476800000
tank_0037,0.0,1694476800000
tank_0038,7.870588235294118,1694476800000
tank_0050,0.0,1694476800000
tank_0051,0.0,1694476800000
tank_0052,0.0,1694476800000
tank_0053,19.266666666666666,1694476800000
tank_0055,0.0,1694476800000
tank_0057,59.0,1694476800000
tank_0058,0.0,1694476800000
tank_0064,15.0,1694476800000
tank_0069,49.509803921568626,1694476800000
tank_0072,0.0,1694476800000
tank_0073,0.0,1694476800000
tank_0080,21.0,1694476800000
tank_0094,0.37254901960784315,1694476800000
tank_0107,0.0,1694476800000
tank_0110,0.0,1694476800000
tank_0113,40.654901960784315,1694476800000
tank_0115,0.0,1694476800000
tank_0116,0.0,1694476800000
tank_0117,70.0,1694476800000
tank_0118,0.0,1694476800000
tank_0122,1.0,1694476800000
tank_0125,4.458823529411765,1694476800000
tank_0130,0.0,1694476800000
tank_0131,0.0,1694476800000
tank_0132,0.0,1694476800000
tank_0134,2.0,1694476800000
tank_0135,0.0,1694476800000
tank_0142,0.0,1694476800000
tank_0143,0.0,1694476800000
tank_0144,4.0,1694476800000
tank_0148,0.0,1694476800000
tank_0153,0.0,1694476800000
tank_0156,0.9686274509803922,1694476800000
tank_0159,0.0,1694476800000
tank_0165,1.992156862745098,1694476800000
tank_0171,0.0,1694476800000
tank_0172,0.0,1694476800000
tank_0174,1.3607843137254902,1694476800000
tank_0176,0.0,1694476800000
tank_0184,0.0,1694476800000
tank_0187,0.0,1694476800000
tank_0190,2.764705882352941,1694476800000
tank_0192,0.0,1694476800000
tank_0193,0.0,1694476800000
tank_0195,0.0,1694476800000
tank_0199,0.0,1694476800000
tank_0204,20.0,1694476800000
tank_0205,0.0,1694476800000
tank_0207,1.0196078431372548,1694476800000
tank_0209,0.0,1694476800000
tank_0213,11.0,1694476800000
tank_0217,0.0,1694476800000
tank_0220,0.4470588235294118,1694476800000
tank_0221,9.772549019607844,1694476800000
tank_0225,0.0,1694476800000
tank_0226,0.0,1694476800000
tank_0228,0.0,1694476800000
tank_0229,0.0,1694476800000
tank_0231,0.0,1694476800000
tank_0233,1.0,1694476800000
tank_0236,6.0,1694476800000
tank_0237,0.0,1694476800000
tank_0240,0.0,1694476800000
tank_0242,3.8078431372549018,1694476800000
tank_0245,0.0,1694476800000
tank_0247,68.0,1694476800000
tank_0256,0.0,1694476800000
tank_0257,0.0,1694476800000
tank_0260,0.0,1694476800000
tank_0261,0.0,1694476800000
tank_0264,0.0,1694476800000
tank_0273,20.0,1694476800000
tank_0276,0.0,1694476800000
tank_0278,0.45098039215686275,1694476800000
tank_0280,0.0,1694476800000
tank_0291,0.0,1694476800000
tank_0292,4.007843137254902,1694476800000
tank_0296,0.0,1694476800000
tank_0297,13.0,1694476800000
tank_0299,0.0,1694476800000
tank_0300,7.0627450980392155,1694476800000
tank_0301,2.0,1694476800000
tank_0307,0.0,1694476800000
tank_0309,0.0,1694476800000
tank_0313,0.0,1694476800000
tank_0314,0.0,1694476800000
tank_0319,2.0,1694476800000
tank_0321,8.0,1694476800000
tank_0327,0.0,1694476800000
tank_0337,0.0,1694476800000
tank_0338,0.0,1694476800000
tank_0339,0.0,1694476800000
tank_0342,10.337254901960785,1694476800000
tank_0345,0.0,1694476800000
tank_0346,0.0,1694476800000
tank_0349,156.9921568627451,1694476800000
tank_0350,0.0,1694476800000
tank_0353,0.0,1694476800000
tank_0356,0.0,1694476800000
tank_0360,0.0,1694476800000
tank_0361,1.5647058823529412,1694476800000
tank_0362,0.0,1694476800000
tank_0364,0.0,1694476800000
tank_0366,16.4078431372549,1694476800000
tank_0369,6.0,1694476800000
tank_0375,0.0,1694476800000
tank_0379,1.0,1694476800000
tank_0381,0.0,1694476800000
tank_0386,0.0,1694476800000
tank_0390,0.0,1694476800000
tank_0397,0.0,1694476800000
tank_0399,0.0,1694476800000
tank_0404,173.7294117647059,1694476800000
tank_0409,0.0,1694476800000
tank_0420,0.09803921568627451,1694476800000
tank_0425,0.08235294117647059,1694476800000
tank_0431,0.0,1694476800000
tank_0432,5.64313725490196,1694476800000
tank_0435,0.0,1694476800000
tank_0436,0.0,1694476800000
tank_0438,8.0,1694476800000
tank_0443,0.0,1694476800000
tank_0444,44.0,1694476800000
tank_0447,23.36862745098039,1694476800000
tank_0448,0.0,1694476800000
tank_0449,3.0,1694476800000
tank_0455,1.0,1694476800000
tank_0460,2.1764705882352944,1694476800000
tank_0462,0.0,1694476800000
tank_0466,0.0,1694476800000
tank_0471,0.0,1694476800000
tank_0473,10.392156862745098,1694476800000
tank_0474,0.0,1694476800000
tank_0481,7.831372549019608,1694476800000
tank_0485,0.0,1694476800000
tank_0489,0.0,1694476800000
tank_0491,0.0,1694476800000
tank_0494,0.0,1694476800000
tank_0497,0.0,1694476800000
tank_0498,1.3333333333333333,1694476800000
tank_0502,0.0,1694476800000
tank_0505,0.0,1694476800000
tank_0509,0.43529411764705883,1694476800000
tank_0512,185.0,1694476800000
tank_0514,0.0,1694476800000
tank_0515,0.0,1694476800000
tank_0521,0.0,1694476800000
tank_0524,0.0,1694476800000
tank_0526,2.0,1694476800000
tank_0533,0.0,1694476800000
tank_0534,0.0,1694476800000
tank_0536,0.0,1694476800000
tank_0537,1.6235294117647059,1694476800000
tank_0541,0.0,1694476800000
tank_0547,0.0,1694476800000
tank_0552,0.0,1694476800000
tank_0555,0.0,1694476800000
tank_0556,0.0,1694476800000
tank_0557,0.0,1694476800000
tank_0560,0.0,1694476800000
tank_0561,0.0,1694476800000
tank_0566,0.0,1694476800000
tank_0567,0.0,1694476800000
tank_0568,1.8941176470588235,1694476800000
tank_0574,30.0,1694476800000
tank_0579,300.0,1694476800000
tank_0583,106.0,1694476800000
tank_0587,0.0,1694476800000
tank_0589,0.0,1694476800000
tank_0590,0.0,1694476800000
tank_0592,0.0,1694476800000
tank_0593,0.0,1694476800000
tank_0595,0.0,1694476800000
tank_0600,0.0,1694476800000
tank_0604,0.0,1694476800000
tank_0606,0.0,1694476800000
tank_0607,6.749019607843137,1694476800000
tank_0608,130.0,1694476800000
tank_0610,0.0,1694476800000
tank_0611,2.1803921568627453,1694476800000
tank_0612,0.0,1694476800000
tank_0613,0.0,1694476800000
tank_0619,0.0,1694476800000
tank_0626,0.0,1694476800000
tank_0627,0.0,1694476800000
tank_0628,0.0,1694476800000
tank_0632,4.0,1694476800000
tank_0633,3.0,1694476800000
tank_0639,0.0,1694476800000
tank_0640,7.925490196078432,1694476800000
tank_0641,0.0,1694476800000
tank_0643,0.0,1694476800000
tank_0646,0.0,1694476800000
tank_0663,0.0,1694476800000
tank_0664,0.0,1694476800000
tank_0666,0.0,1694476800000
tank_0667,4.2,1694476800000
tank_0670,0.0,1694476800000
tank_0675,0.0,1694476800000
tank_0676,400.0,1694476800000
tank_0678,0.0,1694476800000
tank_0681,0.0,1694476800000
tank_0687,0.0,1694476800000
tank_0688,58.0,1694476800000
tank_0697,0.0,1694476800000
tank_0720,0.0,1694476800000
tank_0722,0.0,1694476800000
tank_0724,0.0,1694476800000
tank_0725,0.0,1694476800000
tank_0728,1.8784313725490196,1694476800000
tank_0730,0.0,1694476800000
tank_0731,79.0,1694476800000
tank_0732,0.0,1694476800000
tank_0737,35.0,1694476800000
tank_0739,0.0,1694476800000
tank_0740,1.0,1694476800000
tank_0746,0.0,1694476800000
tank_0748,0.0,1694476800000
tank_0749,0.0,1694476800000
tank_0752,0.0,1694476800000
tank_0760,0.0,1694476800000
tank_0770,0.0,1694476800000
tank_0772,2.0,1694476800000
tank_0788,0.5215686274509804,1694476800000
tank_0789,0.0,1694476800000
tank_0792,27.337254901960787,1694476800000
tank_0797,22.0,1694476800000
tank_0800,109.0,1694476800000
tank_0802,0.0,1694476800000
tank_0803,3.4941176470588236,1694476800000
tank_0808,2.0,1694476800000
tank_0810,13.980392156862745,1694476800000
tank_0811,3.9058823529411764,1694476800000
tank_0812,57.0,1694476800000
tank_0813,1.0,1694476800000
tank_0816,0.0,1694476800000
tank_0819,0.0,1694476800000
tank_0823,0.0,1694476800000
tank_0824,0.0,1694476800000
tank_0825,0.0,1694476800000
tank_0828,0.0,1694476800000
tank_0829,30.984313725490196,1694476800000
tank_0830,0.0,1694476800000
tank_0831,0.0,1694476800000
tank_0844,0.0,1694476800000
tank_0852,26.0,1694476800000
tank_0855,80.0,1694476800000
tank_0856,5.0,1694476800000
tank_0860,4.0,1694476800000
tank_0861,0.0,1694476800000
tank_0872,0.0,1694476800000
tank_0875,56.0,1694476800000
tank_0879,0.0,1694476800000
tank_0885,0.0,1694476800000
tank_0891,0.0,1694476800000
tank_0894,8.0,1694476800000
tank_0898,0.0,1694476800000
tank_0900,28.0,1694476800000
tank_0901,2.0,1694476800000
tank_0902,0.0,1694476800000
tank_0914,0.0,1694476800000
tank_0917,0.0,1694476800000
tank_0919,12.0,1694476800000
tank_0920,0.0,1694476800000
tank_0922,0.0,1694476800000
tank_0923,2.0,1694476800000
tank_0924,0.0,1694476800000
tank_0926,0.0,1694476800000
tank_0927,0.0,1694476800000
tank_0928,0.0,1694476800000
tank_0930,100.0,1694476800000
tank_0931,3.0,1694476800000
tank_0933,0.0,1694476800000
tank_0934,0.0,1694476800000
tank_0937,0.0,1694476800000
tank_0938,0.0,1694476800000
tank_0939,0.0,1694476800000
tank_0944,0.0,1694476800000
tank_0946,0.0,1694476800000
tank_0952,47.0,1694476800000
tank_0958,2.0,1694476800000
tank_0962,0.0,1694476800000
tank_0967,0.0,1694476800000
tank_0975,0.0,1694476800000
tank_0978,3.0,1694476800000
tank_0990,0.0,1694476800000
tank_0991,0.0,1694476800000
tank_0998,0.0,1694476800000
tank_0999,0.0,1694476800000
tank_1003,16.0,1694476800000
tank_1004,2.0,1694476800000
tank_1014,23.0,1694476800000
tank_1026,74.0,1694476800000
tank_1031,0.0,1694476800000
tank_1032,1.7254901960784315,1694476800000
tank_1034,0.0,1694476800000
tank_1042,11.0,1694476800000
tank_1045,0.0,1694476800000
tank_1049,1.0,1694476800000
tank_1055,14.458823529411765,1694476800000
tank_1061,0.0,1694476800000
tank_1062,5.635294117647058,1694476800000
tank_1064,0.0,1694476800000
tank_1065,2.7176470588235295,1694476800000
tank_1066,0.0,1694476800000
tank_1070,0.0,1694476800000
tank_1073,0.0,1694476800000
tank_1083,11.0,1694476800000
tank_1086,9.0,1694476800000
tank_1088,5.388235294117647,1694476800000
tank_1089,14.0,1694476800000
tank_1090,0.0,1694476800000
tank_1091,0.0,1694476800000
tank_1094,95.0,1694476800000
tank_1095,3.0,1694476800000
tank_1104,0.0,1694476800000
tank_1113,0.0,1694476800000
tank_1116,2.0,1694476800000
tank_1117,0.0,1694476800000
tank_1120,0.0,1694476800000
tank_1121,0.0,1694476800000
tank_1124,0.16470588235294117,1694476800000
tank_1128,0.0,1694476800000
tank_1134,0.0,1694476800000
tank_1135,8.0,1694476800000
tank_1146,8.0,1694476800000
tank_1149,7.007843137254903,1694476800000
tank_1156,3.564705882352941,1694476800000
tank_1157,17.486274509803923,1694476800000
tank_1159,0.0,1694476800000
tank_1160,23.0,1694476800000
tank_1166,0.13725490196078433,1694476800000
tank_1170,19.976470588235294,1694476800000
tank_1175,0.0,1694476800000
tank_1177,8.294117647058822,1694476800000
tank_1179,0.0,1694476800000
tank_1181,0.0,1694476800000
tank_1186,27.0,1694476800000
tank_1187,15.505882352941176,1694476800000
tank_1190,0.0,1694476800000
tank_1192,0.0,1694476800000
tank_1196,0.0,1694476800000
tank_1197,138.0,1694476800000
tank_1201,0.0,1694476800000
tank_1203,0.8862745098039215,1694476800000
tank_1205,0.0,1694476800000
tank_1209,0.0,1694476800000
tank_1217,0.0,1694476800000
tank_1223,1.0,1694476800000
tank_1226,52.98823529411764,1694476800000
tank_1228,26.0,1694476800000
tank_1230,0.0,1694476800000
tank_1237,0.0,1694476800000
tank_1239,271.0,1694476800000
tank_1245,0.0,1694476800000
tank_1246,20.0,1694476800000
tank_1250,0.0,1694476800000
tank_1254,12.0,1694476800000
tank_1255,0.0,1694476800000
tank_1258,13.0,1694476800000
tank_1261,0.0,1694476800000
tank_1262,0.0,1694476800000
tank_1263,0.0,1694476800000
tank_1265,2.0,1694476800000
tank_1270,0.0,1694476800000
tank_1272,21.99607843137255,1694476800000
tank_1275,0.0,1694476800000
tank_1276,56.0,1694476800000
tank_1279,0.0,1694476800000
tank_1280,0.0,1694476800000
tank_1284,0.0,1694476800000
tank_1285,0.0,1694476800000
tank_1286,72.0,1694476800000
tank_1290,48.196078431372555,1694476800000
tank_1291,0.0,1694476800000
tank_1293,42.0,1694476800000
tank_1295,0.0,1694476800000
tank_1297,0.0,1694476800000
tank_1301,0.0,1694476800000
tank_1302,0.0,1694476800000
tank_1304,0.0,1694476800000
tank_1305,19.0,1694476800000
tank_1313,8.0,1694476800000
tank_1322,0.0,1694476800000
tank_1325,2.0,1694476800000
tank_1326,0.0,1694476800000
tank_1344,0.0,1694476800000
tank_1346,0.0,1694476800000
tank_1349,0.0,1694476800000
tank_1353,0.0,1694476800000
tank_1358,0.0,1694476800000
tank_1359,0.0,1694476800000
tank_1361,60.0,1694476800000
tank_1364,57.0,1694476800000
tank_1365,0.0,1694476800000
tank_1372,0.0,1694476800000
tank_1374,0.0,1694476800000
tank_1378,0.0,1694476800000
tank_1380,0.0,1694476800000
tank_1386,15.0,1694476800000
tank_1391,0.0,1694476800000
tank_1393,0.0,1694476800000
tank_1396,17.0,1694476800000
tank_1397,0.0,1694476800000
tank_1403,0.0,1694476800000
tank_1409,0.0,1694476800000
tank_1412,0.0,1694476800000
tank_1415,0.0,1694476800000
tank_1416,0.0,1694476800000
tank_1421,0.0,1694476800000
tank_1422,0.0,1694476800000
tank_1425,35.0,1694476800000
tank_1426,0.0,1694476800000
tank_1430,0.0,1694476800000
tank_1433,13.0,1694476800000
tank_1438,0.0,1694476800000
tank_1439,0.0,1694476800000
tank_1441,0.8,1694476800000
tank_1443,0.0,1694476800000
tank_1445,34.74901960784314,1694476800000
tank_1446,12.0,1694476800000
tank_1450,0.5098039215686274,1694476800000
tank_1452,0.0,1694476800000
tank_1456,0.0,1694476800000
tank_1466,1.0,1694476800000
tank_1471,0.0,1694476800000
tank_1475,4.0,1694476800000
tank_1486,0.0,1694476800000
tank_1488,47.0,1694476800000
tank_1491,0.0,1694476800000
tank_1500,10.0,1694476800000
tank_1505,250.0,1694476800000
tank_1513,0.0,1694476800000
tank_1531,0.0,1694476800000
tank_1536,38.0,1694476800000
tank_1539,170.0,1694476800000
tank_1541,0.0,1694476800000
tank_1542,0.0,1694476800000
tank_1547,47.0,1694476800000
tank_1563,0.0,1694476800000
tank_1564,0.0,1694476800000
tank_1565,25.0,1694476800000
tank_1567,0.0,1694476800000
tank_1568,0.0,1694476800000
tank_1573,0.0,1694476800000
tank_1583,3.0,1694476800000
tank_1587,714.0,1694476800000
tank_1588,0.0,1694476800000
tank_1592,0.0,1694476800000
tank_1594,0.0,1694476800000
tank_1595,0.0,1694476800000
tank_1597,146.59607843137255,1694476800000
tank_1598,3.0980392156862746,1694476800000
tank_1600,0.0,1694476800000
tank_1604,0.0,1694476800000
tank_0002,0.0,1695513600000
tank_0004,0.0,1695513600000
tank_0005,0.0,1695513600000
tank_0011,0.0,1695513600000
tank_0014,8.721568627450981,1695513600000
tank_0019,0.0,1695513600000
tank_0024,2.7450980392156863,1695513600000
tank_0025,6.0,1695513600000
tank_0026,0.0,1695513600000
tank_0027,0.0,1695513600000
tank_0030,0.0,1695513600000
tank_0031,2.0,1695513600000
tank_0036,0.0,1695513600000
tank_0037,0.0,1695513600000
tank_0038,13.419607843137253,1695513600000
tank_0050,0.0,1695513600000
tank_0051,0.0,1695513600000
tank_0052,2.552941176470588,1695513600000
tank_0053,25.368627450980387,1695513600000
tank_0055,0.0,1695513600000
tank_0057,35.0,1695513600000
tank_0058,0.0,1695513600000
tank_0064,21.0,1695513600000
tank_0069,32.0,1695513600000
tank_0072,0.0,1695513600000
tank_0073,0.0,1695513600000
tank_0080,18.0,1695513600000
tank_0094,0.0,1695513600000
tank_0107,0.0,1695513600000
tank_0110,8.0,1695513600000
tank_0113,39.435294117647054,1695513600000
tank_0115,0.0,1695513600000
tank_0116,0.43529411764705883,1695513600000
tank_0117,90.0,1695513600000
tank_0118,0.0,1695513600000
tank_0122,0.0,1695513600000
tank_0125,0.0,1695513600000
tank_0130,0.0,1695513600000
tank_0131,0.0,1695513600000
tank_0132,0.0,1695513600000
tank_0134,2.0,1695513600000
tank_0135,0.0,1695513600000
tank_0142,0.0,1695513600000
tank_0143,0.0,1695513600000
tank_0144,0.0,1695513600000
tank_0148,0.0,1695513600000
tank_0153,3.0,1695513600000
tank_0156,5.2705882352941185,1695513600000
tank_0159,0.0,1695513600000
tank_0165,0.603921568627451,1695513600000
tank_0171,0.0,1695513600000
tank_0172,0.0,1695513600000
tank_0174,1.0784313725490196,1695513600000
tank_0176,2.0,1695513600000
tank_0184,0.0,1695513600000
tank_0187,0.0,1695513600000
tank_0190,1.8470588235294119,1695513600000
tank_0192,0.0,1695513600000
tank_0193,0.0,1695513600000
tank_0195,0.0,1695513600000
tank_0199,0.0,1695513600000
tank_0204,30.0,1695513600000
tank_0205,0.0,1695513600000
tank_0207,0.0,1695513600000
tank_0209,0.0,1695513600000
tank_0213,7.0,1695513600000
tank_0217,0.0,1695513600000
tank_0220,0.0,1695513600000
tank_0221,7.509803921568627,1695513600000
tank_0225,0.0,1695513600000
tank_0226,0.0,1695513600000
tank_0228,0.0,1695513600000
tank_0229,0.0,1695513600000
tank_0231,0.0,1695513600000
tank_0233,0.0,1695513600000
tank_0236,0.0,1695513600000
tank_0237,0.0,1695513600000
tank_0240,0.0,1695513600000
tank_0242,0.0,1695513600000
tank_0245,0.0,1695513600000
tank_0247,75.0,1695513600000
tank_0256,0.0,1695513600000
tank_0257,0.0,1695513600000
tank_0260,0.0,1695513600000
tank_0261,0.0,1695513600000
tank_0264,0.0,1695513600000
tank_0273,14.0,1695513600000
tank_0276,0.0,1695513600000
tank_0278,0.0,1695513600000
tank_0280,0.0,1695513600000
tank_0291,0.0,1695513600000
tank_0292,2.0,1695513600000
tank_0296,0.0,1695513600000
tank_0297,0.0,1695513600000
tank_0299,0.0,1695513600000
tank_0300,0.0,1695513600000
tank_0301,0.0,1695513600000
tank_0307,0.0,1695513600000
tank_0309,0.0,1695513600000
tank_0313,0.0,1695513600000
tank_0314,0.0,1695513600000
tank_0319,0.0,1695513600000
tank_0321,0.0,1695513600000
tank_0327,0.0,1695513600000
tank_0337,0.0,1695513600000
tank_0338,0.0,1695513600000
tank_0339,0.0,1695513600000
tank_0342,1.0,1695513600000
tank_0345,0.0,1695513600000
tank_0346,0.0,1695513600000
tank_0349,172.0,1695513600000
tank_0350,0.0,1695513600000
tank_0353,0.0,1695513600000
tank_0356,0.0,1695513600000
tank_0360,0.0,1695513600000
tank_0361,0.0,1695513600000
tank_0362,0.0,1695513600000
tank_0364,0.0,1695513600000
tank_0366,0.0,1695513600000
tank_0369,8.0,1695513600000
tank_0375,0.0,1695513600000
tank_0379,0.0,1695513600000
tank_0381,0.0,1695513600000
tank_0386,0.0,1695513600000
tank_0390,0.0,1695513600000
tank_0397,0.0,1695513600000
tank_0399,0.0,1695513600000
tank_0404,139.99607843137255,1695513600000
tank_0409,0.0,1695513600000
tank_0420,0.0,1695513600000
tank_0425,0.5333333333333333,1695513600000
tank_0431,0.0,1695513600000
tank_0432,0.0,1695513600000
tank_0435,0.0,1695513600000
tank_0436,0.0,1695513600000
tank_0438,5.0,1695513600000
tank_0443,0.0,1695513600000
tank_0444,116.0,1695513600000
tank_0447,0.0,1695513600000
tank_0448,0.0,1695513600000
tank_0449,0.0,1695513600000
tank_0455,0.0,1695513600000
tank_0460,16.46666666666667,1695513600000
tank_0462,13.0,1695513600000
tank_0466,0.0,1695513600000
tank_0471,0.0,1695513600000
tank_0473,0.0,1695513600000
tank_0474,0.0,1695513600000
tank_0481,0.0,1695513600000
tank_0485,0.0,1695513600000
tank_0489,0.0,1695513600000
tank_0491,0.0,1695513600000
tank_0494,0.0,1695513600000
tank_0497,0.0,1695513600000
tank_0498,0.0,1695513600000
tank_0502,0.0,1695513600000
tank_0505,0.0,1695513600000
tank_0509,0.0,1695513600000
tank_0512,87.0,1695513600000
tank_0514,0.0,1695513600000
tank_0515,0.0,1695513600000
tank_0521,0.0,1695513600000
tank_0524,0.0,1695513600000
tank_0526,0.0,1695513600000
tank_0533,0.0,1695513600000
tank_0534,0.0,1695513600000
tank_0536,0.0,1695513600000
tank_0537,0.0,1695513600000
tank_0541,0.0,1695513600000
tank_0547,0.0,1695513600000
tank_0552,0.0,1695513600000
tank_0555,0.0,1695513600000
tank_0556,0.0,1695513600000
tank_0557,0.0,1695513600000
tank_0560,0.0,1695513600000
tank_0561,0.0,1695513600000
tank_0566,0.0,1695513600000
tank_0567,0.0,1695513600000
tank_0568,0.0,1695513600000
tank_0574,15.0,1695513600000
tank_0579,345.0,1695513600000
tank_0583,55.0,1695513600000
tank_0587,0.0,1695513600000
tank_0589,0.0,1695513600000
tank_0590,0.0,1695513600000
tank_0592,0.0,1695513600000
tank_0593,0.0,1695513600000
tank_0595,0.0,1695513600000
tank_0600,0.0,1695513600000
tank_0604,0.0,1695513600000
tank_0606,0.0,1695513600000
tank_0607,0.0,1695513600000
tank_0608,489.0,1695513600000
tank_0610,0.0,1695513600000
tank_0611,2.8274509803921566,1695513600000
tank_0612,0.0,1695513600000
tank_0613,0.0,1695513600000
tank_0619,0.0,1695513600000
tank_0626,0.0,1695513600000
tank_0627,0.0,1695513600000
tank_0628,0.0,1695513600000
tank_0632,0.0,1695513600000
tank_0633,0.0,1695513600000
tank_0639,0.0,1695513600000
tank_0640,0.7490196078431373,1695513600000
tank_0641,0.0,1695513600000
tank_0643,0.0,1695513600000
tank_0646,0.0,1695513600000
tank_0663,0.0,1695513600000
tank_0664,0.0,1695513600000
tank_0666,0.0,1695513600000
tank_0667,0.0,1695513600000
tank_0670,0.0,1695513600000
tank_0675,0.0,1695513600000
tank_0676,220.0,1695513600000
tank_0678,0.0,1695513600000
tank_0681,0.0,1695513600000
tank_0687,0.0,1695513600000
tank_0688,228.0,1695513600000
tank_0697,0.0,1695513600000
tank_0720,0.0,1695513600000
tank_0722,0.0,1695513600000
tank_0724,0.0,1695513600000
tank_0725,0.0,1695513600000
tank_0728,0.0,1695513600000
tank_0730,0.0,1695513600000
tank_0731,609.0,1695513600000
tank_0732,0.0,1695513600000
tank_0737,41.0,1695513600000
tank_0739,0.0,1695513600000
tank_0740,0.0,1695513600000
tank_0746,0.0,1695513600000
tank_0748,0.0,1695513600000
tank_0749,0.0,1695513600000
tank_0752,0.0,1695513600000
tank_0760,0.0,1695513600000
tank_0770,0.0,1695513600000
tank_0772,0.0,1695513600000
tank_0788,0.0,1695513600000
tank_0789,0.0,1695513600000
tank_0792,0.0,1695513600000
tank_0797,13.0,1695513600000
tank_0800,43.0,1695513600000
tank_0802,0.0,1695513600000
tank_0803,0.4980392156862745,1695513600000
tank_0808,4.0,1695513600000
tank_0810,16.278431372549022,1695513600000
tank_0811,4.301960784313725,1695513600000
tank_0812,73.0,1695513600000
tank_0813,0.0,1695513600000
tank_0816,4.0,1695513600000
tank_0819,0.0,1695513600000
tank_0823,0.0,1695513600000
tank_0824,0.0,1695513600000
tank_0825,0.0,1695513600000
tank_0828,0.0,1695513600000
tank_0829,25.0,1695513600000
tank_0830,0.0,1695513600000
tank_0831,0.0,1695513600000
tank_0844,0.0,1695513600000
tank_0852,23.0,1695513600000
tank_0855,110.0,1695513600000
tank_0856,10.0,1695513600000
tank_0860,0.0,1695513600000
tank_0861,0.0,1695513600000
tank_0872,9.792156862745099,1695513600000
tank_0875,185.4392156862745,1695513600000
tank_0879,2.0,1695513600000
tank_0885,0.0,1695513600000
tank_0891,0.0,1695513600000
tank_0894,36.0,1695513600000
tank_0898,1.0,1695513600000
tank_0900,3.0,1695513600000
tank_0901,0.0,1695513600000
tank_0902,79.0,1695513600000
tank_0914,0.0,1695513600000
tank_0917,0.0,1695513600000
tank_0919,13.0,1695513600000
tank_0920,0.0,1695513600000
tank_0922,0.0,1695513600000
tank_0923,0.0,1695513600000
tank_0924,0.0,1695513600000
tank_0926,0.0,1695513600000
tank_0927,0.0,1695513600000
tank_0928,0.0,1695513600000
tank_0930,129.0,1695513600000
tank_0931,0.0,1695513600000
tank_0933,0.0,1695513600000
tank_0934,0.0,1695513600000
tank_0937,0.0,1695513600000
tank_0938,0.0,1695513600000
tank_0939,0.0,1695513600000
tank_0944,7.0,1695513600000
tank_0946,0.0,1695513600000
tank_0952,28.0,1695513600000
tank_0958,0.0,1695513600000
tank_0962,3.0,1695513600000
tank_0967,0.0,1695513600000
tank_0975,0.0,1695513600000
tank_0978,0.0,1695513600000
tank_0990,0.0,1695513600000
tank_0991,0.0,1695513600000
tank_0998,0.0,1695513600000
tank_0999,0.0,1695513600000
tank_1003,345.0,1695513600000
tank_1004,5.0,1695513600000
tank_1014,47.0,1695513600000
tank_1026,99.0,1695513600000
tank_1031,0.0,1695513600000
tank_1032,5.9450980392156865,1695513600000
tank_1034,7.517647058823529,1695513600000
tank_1042,3.0,1695513600000
tank_1045,0.0,1695513600000
tank_1049,22.0,1695513600000
tank_1055,2.0,1695513600000
tank_1061,0.0,1695513600000
tank_1062,0.0,1695513600000
tank_1064,0.0,1695513600000
tank_1065,2.4823529411764707,1695513600000
tank_1066,0.0,1695513600000
tank_1070,0.0,1695513600000
tank_1073,0.0,1695513600000
tank_1083,7.0,1695513600000
tank_1086,0.0,1695513600000
tank_1088,6.76470588235294,1695513600000
tank_1089,11.0,1695513600000
tank_1090,0.0,1695513600000
tank_1091,0.0,1695513600000
tank_1094,143.0,1695513600000
tank_1095,0.0,1695513600000
tank_1104,3.4980392156862745,1695513600000
tank_1113,0.0,1695513600000
tank_1116,0.0,1695513600000
tank_1117,0.0,1695513600000
tank_1120,0.0,1695513600000
tank_1121,0.0,1695513600000
tank_1124,0.0,1695513600000
tank_1128,0.0,1695513600000
tank_1134,0.0,1695513600000
tank_1135,4.0,1695513600000
tank_1146,1.0,1695513600000
tank_1149,0.0,1695513600000
tank_1156,0.0,1695513600000
tank_1157,13.611764705882354,1695513600000
tank_1159,0.0,1695513600000
tank_1160,16.0,1695513600000
tank_1166,3.0666666666666664,1695513600000
tank_1170,12.24313725490196,1695513600000
tank_1175,0.0,1695513600000
tank_1177,7.929411764705882,1695513600000
tank_1179,0.0,1695513600000
tank_1181,3.0,1695513600000
tank_1186,31.0,1695513600000
tank_1187,14.83921568627451,1695513600000
tank_1190,1.0901960784313725,1695513600000
tank_1192,0.0,1695513600000
tank_1196,0.0,1695513600000
tank_1197,311.0,1695513600000
tank_1201,0.0,1695513600000
tank_1203,0.0,1695513600000
tank_1205,0.0,1695513600000
tank_1209,5.0,1695513600000
tank_1217,0.0,1695513600000
tank_1223,0.9058823529411765,1695513600000
tank_1226,0.0,1695513600000
tank_1228,18.0,1695513600000
tank_1230,0.0,1695513600000
tank_1237,0.0,1695513600000
tank_1239,600.0,1695513600000
tank_1245,0.0,1695513600000
tank_1246,41.0,1695513600000
tank_1250,0.0,1695513600000
tank_1254,266.0,1695513600000
tank_1255,0.0,1695513600000
tank_1258,8.0,1695513600000
tank_1261,0.0,1695513600000
tank_1262,0.0,1695513600000
tank_1263,0.0,1695513600000
tank_1265,3.0,1695513600000
tank_1270,0.0,1695513600000
tank_1272,17.870588235294118,1695513600000
tank_1275,0.0,1695513600000
tank_1276,72.0,1695513600000
tank_1279,0.0,1695513600000
tank_1280,0.0,1695513600000
tank_1284,0.0,1695513600000
tank_1285,0.0,1695513600000
tank_1286,89.0,1695513600000
tank_1290,19.0,1695513600000
tank_1291,0.0,1695513600000
tank_1293,40.0,1695513600000
tank_1295,0.0,1695513600000
tank_1297,0.0,1695513600000
tank_1301,0.0,1695513600000
tank_1302,0.0,1695513600000
tank_1304,0.0,1695513600000
tank_1305,16.0,1695513600000
tank_1313,596.0,1695513600000
tank_1322,0.0,1695513600000
tank_1325,0.0,1695513600000
tank_1326,0.0,1695513600000
tank_1344,0.0,1695513600000
tank_1346,0.0,1695513600000
tank_1349,0.0,1695513600000
tank_1353,7.0,1695513600000
tank_1358,0.0,1695513600000
tank_1359,0.0,1695513600000
tank_1361,0.0,1695513600000
tank_1364,405.0,1695513600000
tank_1365,0.0,1695513600000
tank_1372,0.0,1695513600000
tank_1374,0.0,1695513600000
tank_1378,0.0,1695513600000
tank_1380,0.0,1695513600000
tank_1386,10.0,1695513600000
tank_1391,0.0,1695513600000
tank_1393,0.0,1695513600000
tank_1396,15.0,1695513600000
tank_1397,0.0,1695513600000
tank_1403,0.0,1695513600000
tank_1409,0.0,1695513600000
tank_1412,0.0,1695513600000
tank_1415,0.0,1695513600000
tank_1416,0.0,1695513600000
tank_1421,0.0,1695513600000
tank_1422,0.0,1695513600000
tank_1425,29.0,1695513600000
tank_1426,0.0,1695513600000
tank_1430,0.0,1695513600000
tank_1433,13.0,1695513600000
tank_1438,0.0,1695513600000
tank_1439,0.0,1695513600000
tank_1441,0.0,1695513600000
tank_1443,0.0,1695513600000
tank_1445,33.0,1695513600000
tank_1446,17.0,1695513600000
tank_1450,0.0,1695513600000
tank_1452,0.0,1695513600000
tank_1456,0.0,1695513600000
tank_1466,0.0,1695513600000
tank_1471,0.0,1695513600000
tank_1475,0.0,1695513600000
tank_1486,0.0,1695513600000
tank_1488,31.0,1695513600000
tank_1491,0.0,1695513600000
tank_1500,10.0,1695513600000
tank_1505,18.0,1695513600000
tank_1513,0.0,1695513600000
tank_1531,0.0,1695513600000
tank_1536,8.0,1695513600000
tank_1539,241.0,1695513600000
tank_1541,0.0,1695513600000
tank_1542,0.0,1695513600000
tank_1547,36.0,1695513600000
tank_1563,0.0,1695513600000
tank_1564,0.0,1695513600000
tank_1565,17.0,1695513600000
tank_1567,0.0,1695513600000
tank_1568,0.0,1695513600000
tank_1573,0.0,1695513600000
tank_1583,0.0,1695513600000
tank_1587,77.0,1695513600000
tank_1588,0.0,1695513600000
tank_1592,0.0,1695513600000
tank_1594,57.0,1695513600000
tank_1595,21.39607843137255,1695513600000
tank_1597,12.0,1695513600000
tank_1598,0.0,1695513600000
tank_1600,0.0,1695513600000
tank_1604,0.0,1695513600000
tank_0002,0.0,1696550400000
tank_0004,0.0,1696550400000
tank_0005,3.0,1696550400000
tank_0011,0.0,1696550400000
tank_0014,0.0,1696550400000
tank_0019,0.0,1696550400000
tank_0024,11.094117647058823,1696550400000
tank_0025,2.0,1696550400000
tank_0026,1.0,1696550400000
tank_0027,0.0,1696550400000
tank_0030,0.0,1696550400000
tank_0031,4.0,1696550400000
tank_0036,0.8392156862745097,1696550400000
tank_0037,0.0,1696550400000
tank_0038,3.67843137254902,1696550400000
tank_0050,0.0,1696550400000
tank_0051,0.0,1696550400000
tank_0052,0.0,1696550400000
tank_0053,16.180392156862744,1696550400000
tank_0055,0.0,1696550400000
tank_0057,26.95686274509804,1696550400000
tank_0058,0.0,1696550400000
tank_0064,15.0,1696550400000
tank_0069,57.0,1696550400000
tank_0072,0.0,1696550400000
tank_0073,0.0,1696550400000
tank_0080,21.0,1696550400000
tank_0094,0.0,1696550400000
tank_0107,0.0,1696550400000
tank_0110,0.0,1696550400000
tank_0113,42.36470588235294,1696550400000
tank_0115,0.0,1696550400000
tank_0116,0.0,1696550400000
tank_0117,75.0,1696550400000
tank_0118,0.0,1696550400000
tank_0122,0.0,1696550400000
tank_0125,0.3254901960784314,1696550400000
tank_0130,0.0,1696550400000
tank_0131,0.0,1696550400000
tank_0132,0.0,1696550400000
tank_0134,0.0,1696550400000
tank_0135,0.0,1696550400000
tank_0142,0.0,1696550400000
tank_0143,0.0,1696550400000
tank_0144,0.0,1696550400000
tank_0148,0.0,1696550400000
tank_0153,0.0,1696550400000
tank_0156,9.31764705882353,1696550400000
tank_0159,0.0,1696550400000
tank_0165,2.650980392156863,1696550400000
tank_0171,0.0,1696550400000
tank_0172,0.0,1696550400000
tank_0174,1.5098039215686274,1696550400000
tank_0176,7.623529411764705,1696550400000
tank_0184,0.6392156862745098,1696550400000
tank_0187,0.0,1696550400000
tank_0190,3.67843137254902,1696550400000
tank_0192,0.0,1696550400000
tank_0193,0.0,1696550400000
tank_0195,0.996078431372549,1696550400000
tank_0199,0.0,1696550400000
tank_0204,37.0,1696550400000
tank_0205,0.0,1696550400000
tank_0207,0.0,1696550400000
tank_0209,0.0,1696550400000
tank_0213,3.0,1696550400000
tank_0217,0.0,1696550400000
tank_0220,0.0,1696550400000
tank_0221,6.043137254901961,1696550400000
tank_0225,0.0,1696550400000
tank_0226,0.0,1696550400000
tank_0228,0.0,1696550400000
tank_0229,0.0,1696550400000
tank_0231,0.0,1696550400000
tank_0233,0.0,1696550400000
tank_0236,3.0,1696550400000
tank_0237,0.0,1696550400000
tank_0240,0.0,1696550400000
tank_0242,0.0,1696550400000
tank_0245,0.0,1696550400000
tank_0247,248.0,1696550400000
tank_0256,0.06666666666666667,1696550400000
tank_0257,5.796078431372549,1696550400000
tank_0260,0.0,1696550400000
tank_0261,0.0,1696550400000
tank_0264,0.0,1696550400000
tank_0273,26.0,1696550400000
tank_0276,0.0,1696550400000
tank_0278,9.729411764705883,1696550400000
tank_0280,0.0,1696550400000
tank_0291,0.0,1696550400000
tank_0292,0.0,1696550400000
tank_0296,0.0,1696550400000
tank_0297,7.0,1696550400000
tank_0299,0.0,1696550400000
tank_0300,1.0,1696550400000
tank_0301,0.0,1696550400000
tank_0307,2.0,1696550400000
tank_0309,0.0,1696550400000
tank_0313,0.0,1696550400000
tank_0314,0.0,1696550400000
tank_0319,0.0,1696550400000
tank_0321,0.0,1696550400000
tank_0327,0.0,1696550400000
tank_0337,0.0,1696550400000
tank_0338,3.635294117647059,1696550400000
tank_0339,2.8862745098039215,1696550400000
tank_0342,0.33725490196078434,1696550400000
tank_0345,0.0,1696550400000
tank_0346,0.12549019607843137,1696550400000
tank_0349,211.0,1696550400000
tank_0350,0.0,1696550400000
tank_0353,0.0,1696550400000
tank_0356,0.0,1696550400000
tank_0360,0.0,1696550400000
tank_0361,0.0,1696550400000
tank_0362,0.0,1696550400000
tank_0364,0.0,1696550400000
tank_0366,14.450980392156863,1696550400000
tank_0369,0.0,1696550400000
tank_0375,0.0,1696550400000
tank_0379,0.0,1696550400000
tank_0381,0.0,1696550400000
tank_0386,1.0,1696550400000
tank_0390,0.0,1696550400000
tank_0397,0.0,1696550400000
tank_0399,0.0,1696550400000
tank_0404,103.0,1696550400000
tank_0409,0.0,1696550400000
tank_0420,0.0,1696550400000
tank_0425,0.13725490196078433,1696550400000
tank_0431,0.0,1696550400000
tank_0432,7.992156862745096,1696550400000
tank_0435,0.0,1696550400000
tank_0436,0.0,1696550400000
tank_0438,10.0,1696550400000
tank_0443,0.0,1696550400000
tank_0444,91.0,1696550400000
tank_0447,29.909803921568624,1696550400000
tank_0448,0.0,1696550400000
tank_0449,0.2980392156862745,1696550400000
tank_0455,6.435294117647059,1696550400000
tank_0460,1.3411764705882354,1696550400000
tank_0462,0.0,1696550400000
tank_0466,0.0,1696550400000
tank_0471,0.0,1696550400000
tank_0473,2.0,1696550400000
tank_0474,0.0,1696550400000
tank_0481,4.874509803921568,1696550400000
tank_0485,0.0,1696550400000
tank_0489,0.0,1696550400000
tank_0491,0.0,1696550400000
tank_0494,5.811764705882353,1696550400000
tank_0497,0.0,1696550400000
tank_0498,1.2823529411764705,1696550400000
tank_0502,0.0,1696550400000
tank_0505,0.0,1696550400000
tank_0509,0.0,1696550400000
tank_0512,82.0,1696550400000
tank_0514,0.0,1696550400000
tank_0515,0.7490196078431373,1696550400000
tank_0521,0.0,1696550400000
tank_0524,0.0,1696550400000
tank_0526,0.0,1696550400000
tank_0533,0.0,1696550400000
tank_0534,0.0,1696550400000
tank_0536,0.0,1696550400000
tank_0537,0.0,1696550400000
tank_0541,0.0,1696550400000
tank_0547,0.0,1696550400000
tank_0552,0.0,1696550400000
tank_0555,0.0,1696550400000
tank_0556,0.0,1696550400000
tank_0557,0.0,1696550400000
tank_0560,0.0,1696550400000
tank_0561,0.0,1696550400000
tank_0566,0.0,1696550400000
tank_0567,0.0,1696550400000
tank_0568,4.0,1696550400000
tank_0574,14.0,1696550400000
tank_0579,218.0,1696550400000
tank_0583,87.0,1696550400000
tank_0587,0.0,1696550400000
tank_0589,3.9686274509803923,1696550400000
tank_0590,0.0,1696550400000
tank_0592,0.0,1696550400000
tank_0593,0.0,1696550400000
tank_0595,0.0,1696550400000
tank_0600,0.0,1696550400000
tank_0604,0.0,1696550400000
tank_0606,0.0,1696550400000
tank_0607,5.749019607843137,1696550400000
tank_0608,268.0,1696550400000
tank_0610,0.0,1696550400000
tank_0611,0.0,1696550400000
tank_0612,0.0,1696550400000
tank_0613,0.0,1696550400000
tank_0619,0.0,1696550400000
tank_0626,0.0,1696550400000
tank_0627,0.0,1696550400000
tank_0628,0.13333333333333333,1696550400000
tank_0632,1.772549019607843,1696550400000
tank_0633,2.0,1696550400000
tank_0639,0.0,1696550400000
tank_0640,0.0,1696550400000
tank_0641,0.0,1696550400000
tank_0643,0.0,1696550400000
tank_0646,0.0,1696550400000
tank_0663,0.0,1696550400000
tank_0664,0.0,1696550400000
tank_0666,0.0,1696550400000
tank_0667,4.0,1696550400000
tank_0670,0.0,1696550400000
tank_0675,0.0,1696550400000
tank_0676,116.0,1696550400000
tank_0678,0.0,1696550400000
tank_0681,0.0,1696550400000
tank_0687,0.0,1696550400000
tank_0688,221.0,1696550400000
tank_0697,0.0,1696550400000
tank_0720,0.0,1696550400000
tank_0722,0.0,1696550400000
tank_0724,0.0,1696550400000
tank_0725,0.0,1696550400000
tank_0728,0.0,1696550400000
tank_0730,0.0,1696550400000
tank_0731,85.0,1696550400000
tank_0732,0.0,1696550400000
tank_0737,293.0,1696550400000
tank_0739,0.0,1696550400000
tank_0740,7.91764705882353,1696550400000
tank_0746,0.0,1696550400000
tank_0748,0.0,1696550400000
tank_0749,0.0,1696550400000
tank_0752,0.0,1696550400000
tank_0760,0.0,1696550400000
tank_0770,0.0,1696550400000
tank_0772,0.0,1696550400000
tank_0788,0.0,1696550400000
tank_0789,0.0,1696550400000
tank_0792,3.0,1696550400000
tank_0797,12.0,1696550400000
tank_0800,196.7372549019608,1696550400000
tank_0802,0.0,1696550400000
tank_0803,0.0,1696550400000
tank_0808,0.0,1696550400000
tank_0810,12.0,1696550400000
tank_0811,6.7176470588235295,1696550400000
tank_0812,59.588235294117645,1696550400000
tank_0813,1.3058823529411765,1696550400000
tank_0816,0.0,1696550400000
tank_0819,0.0,1696550400000
tank_0823,0.0,1696550400000
tank_0824,0.0,1696550400000
tank_0825,0.0,1696550400000
tank_0828,0.0,1696550400000
tank_0829,8.984313725490196,1696550400000
tank_0830,0.0,1696550400000
tank_0831,0.0,1696550400000
tank_0844,0.0,1696550400000
tank_0852,30.941176470588236,1696550400000
tank_0855,85.0,1696550400000
tank_0856,0.0,1696550400000
tank_0860,0.0,1696550400000
tank_0861,0.0,1696550400000
tank_0872,4.0,1696550400000
tank_0875,122.74509803921569,1696550400000
tank_0879,0.0,1696550400000
tank_0885,0.0,1696550400000
tank_0891,0.0,1696550400000
tank_0894,0.0,1696550400000
tank_0898,45.0,1696550400000
tank_0900,33.50196078431373,1696550400000
tank_0901,0.0,1696550400000
tank_0902,28.0,1696550400000
tank_0914,0.0,1696550400000
tank_0917,0.0,1696550400000
tank_0919,14.0,1696550400000
tank_0920,0.0,1696550400000
tank_0922,0.0,1696550400000
tank_0923,0.0,1696550400000
tank_0924,0.0,1696550400000
tank_0926,0.0,1696550400000
tank_0927,0.0,1696550400000
tank_0928,0.0,1696550400000
tank_0930,101.0,1696550400000
tank_0931,0.0,1696550400000
tank_0933,0.0,1696550400000
tank_0934,0.0,1696550400000
tank_0937,0.0,1696550400000
tank_0938,0.0,1696550400000
tank_0939,0.0,1696550400000
tank_0944,0.0,1696550400000
tank_0946,0.0,1696550400000
tank_0952,49.61960784313725,1696550400000
tank_0958,0.0,1696550400000
tank_0962,411.0,1696550400000
tank_0967,0.0,1696550400000
tank_0975,0.0,1696550400000
tank_0978,0.0,1696550400000
tank_0990,0.0,1696550400000
tank_0991,0.0,1696550400000
tank_0998,0.0,1696550400000
tank_0999,0.0,1696550400000
tank_1003,5.0,1696550400000
tank_1004,8.0,1696550400000
tank_1014,63.0,1696550400000
tank_1026,70.0,1696550400000
tank_1031,0.0,1696550400000
tank_1032,0.0,1696550400000
tank_1034,1.388235294117647,1696550400000
tank_1042,12.0,1696550400000
tank_1045,0.0,1696550400000
tank_1049,4.0,1696550400000
tank_1055,3.3098039215686272,1696550400000
tank_1061,0.0,1696550400000
tank_1062,0.0,1696550400000
tank_1064,0.0,1696550400000
tank_1065,2.0,1696550400000
tank_1066,0.0,1696550400000
tank_1070,0.0,1696550400000
tank_1073,0.0,1696550400000
tank_1083,10.0,1696550400000
tank_1086,0.0,1696550400000
tank_1088,6.0,1696550400000
tank_1089,10.0,1696550400000
tank_1090,0.0,1696550400000
tank_1091,0.0,1696550400000
tank_1094,21.0,1696550400000
tank_1095,0.0,1696550400000
tank_1104,1.3098039215686272,1696550400000
tank_1113,11.0,1696550400000
tank_1116,0.0,1696550400000
tank_1117,0.0,1696550400000
tank_1120,169.0,1696550400000
tank_1121,0.0,1696550400000
tank_1124,0.0,1696550400000
tank_1128,0.0,1696550400000
tank_1134,0.0,1696550400000
tank_1135,6.0,1696550400000
tank_1146,7.0,1696550400000
tank_1149,0.0,1696550400000
tank_1156,0.0,1696550400000
tank_1157,15.294117647058826,1696550400000
tank_1159,62.0,1696550400000
tank_1160,29.0,1696550400000
tank_1166,0.023529411764705882,1696550400000
tank_1170,29.337254901960783,1696550400000
tank_1175,0.0,1696550400000
tank_1177,9.79607843137255,1696550400000
tank_1179,0.0,1696550400000
tank_1181,86.94901960784314,1696550400000
tank_1186,32.0,1696550400000
tank_1187,33.45490196078432,1696550400000
tank_1190,0.0,1696550400000
tank_1192,0.0,1696550400000
tank_1196,0.0,1696550400000
tank_1197,259.0,1696550400000
tank_1201,0.0,1696550400000
tank_1203,2.996078431372549,1696550400000
tank_1205,0.0,1696550400000
tank_1209,4.0,1696550400000
tank_1217,0.0,1696550400000
tank_1223,0.0,1696550400000
tank_1226,53.35686274509804,1696550400000
tank_1228,17.0,1696550400000
tank_1230,0.0,1696550400000
tank_1237,0.0,1696550400000
tank_1239,539.0,1696550400000
tank_1245,0.0,1696550400000
tank_1246,13.0,1696550400000
tank_1250,0.0,1696550400000
tank_1254,636.0,1696550400000
tank_1255,0.0,1696550400000
tank_1258,9.0,1696550400000
tank_1261,0.0,1696550400000
tank_1262,2.0,1696550400000
tank_1263,0.0,1696550400000
tank_1265,0.0,1696550400000
tank_1270,0.0,1696550400000
tank_1272,16.99607843137255,1696550400000
tank_1275,0.0,1696550400000
tank_1276,142.0,1696550400000
tank_1279,0.0,1696550400000
tank_1280,0.0,1696550400000
tank_1284,0.0,1696550400000
tank_1285,0.0,1696550400000
tank_1286,68.0,1696550400000
tank_1290,21.91372549019608,1696550400000
tank_1291,0.0,1696550400000
tank_1293,46.0,1696550400000
tank_1295,0.0,1696550400000
tank_1297,0.0,1696550400000
tank_1301,2.0,1696550400000
tank_1302,0.0,1696550400000
tank_1304,0.0,1696550400000
tank_1305,6.0,1696550400000
tank_1313,1099.0,1696550400000
tank_1322,0.0,1696550400000
tank_1325,0.0,1696550400000
tank_1326,0.0,1696550400000
tank_1344,0.0,1696550400000
tank_1346,0.0,1696550400000
tank_1349,0.0,1696550400000
tank_1353,527.0,1696550400000
tank_1358,0.0,1696550400000
tank_1359,0.0,1696550400000
tank_1361,0.0,1696550400000
tank_1364,582.0,1696550400000
tank_1365,0.0,1696550400000
tank_1372,0.0,1696550400000
tank_1374,2.0,1696550400000
tank_1378,0.0,1696550400000
tank_1380,0.0,1696550400000
tank_1386,21.0,1696550400000
tank_1391,0.0,1696550400000
tank_1393,0.0,1696550400000
tank_1396,24.0,1696550400000
tank_1397,0.0,1696550400000
tank_1403,0.0,1696550400000
tank_1409,0.0,1696550400000
tank_1412,0.0,1696550400000
tank_1415,0.0,1696550400000
tank_1416,0.0,1696550400000
tank_1421,177.0,1696550400000
tank_1422,0.0,1696550400000
tank_1425,235.0,1696550400000
tank_1426,28.0,1696550400000
tank_1430,0.0,1696550400000
tank_1433,150.0,1696550400000
tank_1438,0.0,1696550400000
tank_1439,0.0,1696550400000
tank_1441,0.0,1696550400000
tank_1443,0.0,1696550400000
tank_1445,33.0,1696550400000
tank_1446,10.0,1696550400000
tank_1450,0.0,1696550400000
tank_1452,0.0,1696550400000
tank_1456,0.0,1696550400000
tank_1466,0.0,1696550400000
tank_1471,0.0,1696550400000
tank_1475,17.0,1696550400000
tank_1486,123.0,1696550400000
tank_1488,102.0,1696550400000
tank_1491,0.0,1696550400000
tank_1500,10.0,1696550400000
tank_1505,415.0,1696550400000
tank_1513,319.0,1696550400000
tank_1531,0.0,1696550400000
tank_1536,9.0,1696550400000
tank_1539,312.0,1696550400000
tank_1541,0.0,1696550400000
tank_1542,0.0,1696550400000
tank_1547,182.0,1696550400000
tank_1563,0.0,1696550400000
tank_1564,0.0,1696550400000
tank_1565,380.0,1696550400000
tank_1567,8.0,1696550400000
tank_1568,0.0,1696550400000
tank_1573,17.0,1696550400000
tank_1583,4.0,1696550400000
tank_1587,826.0,1696550400000
tank_1588,0.0,1696550400000
tank_1592,0.0,1696550400000
tank_1594,91.0,1696550400000
tank_1595,20.0,1696550400000
tank_1597,235.41176470588235,1696550400000
tank_1598,4.1803921568627445,1696550400000
tank_1600,0.0,1696550400000
tank_1604,0.0,1696550400000
tank_0002,0.0,1697587200000
tank_0004,0.0,1697587200000
tank_0005,0.0,1697587200000
tank_0011,0.0,1697587200000
tank_0014,1.7215686274509805,1697587200000
tank_0019,2.0,1697587200000
tank_0024,6.2,1697587200000
tank_0025,1.0,1697587200000
tank_0026,0.0,1697587200000
tank_0027,0.0,1697587200000
tank_0030,0.0,1697587200000
tank_0031,9.827450980392157,1697587200000
tank_0036,0.0,1697587200000
tank_0037,0.0,1697587200000
tank_0038,19.298039215686273,1697587200000
tank_0050,0.0,1697587200000
tank_0051,0.0,1697587200000
tank_0052,1.0,1697587200000
tank_0053,20.11764705882353,1697587200000
tank_0055,0.0,1697587200000
tank_0057,15.0,1697587200000
tank_0058,0.0,1697587200000
tank_0064,8.0,1697587200000
tank_0069,87.0,1697587200000
tank_0072,0.0,1697587200000
tank_0073,0.0,1697587200000
tank_0080,22.0,1697587200000
tank_0094,0.0,1697587200000
tank_0107,0.0,1697587200000
tank_0110,6.0,1697587200000
tank_0113,44.199999999999996,1697587200000
tank_0115,0.6980392156862745,1697587200000
tank_0116,0.43529411764705883,1697587200000
tank_0117,131.0,1697587200000
tank_0118,0.0,1697587200000
tank_0122,0.0,1697587200000
tank_0125,0.0,1697587200000
tank_0130,0.0,1697587200000
tank_0131,0.0,1697587200000
tank_0132,0.0,1697587200000
tank_0134,0.0,1697587200000
tank_0135,0.0,1697587200000
tank_0142,0.0,1697587200000
tank_0143,0.0,1697587200000
tank_0144,0.0,1697587200000
tank_0148,0.0,1697587200000
tank_0153,0.0,1697587200000
tank_0156,18.443137254901963,1697587200000
tank_0159,0.0,1697587200000
tank_0165,1.0,1697587200000
tank_0171,0.0,1697587200000
tank_0172,0.0,1697587200000
tank_0174,7.0392156862745106,1697587200000
tank_0176,6.83921568627451,1697587200000
tank_0184,0.0,1697587200000
tank_0187,0.0,1697587200000
tank_0190,3.7019607843137257,1697587200000
tank_0192,0.0,1697587200000
tank_0193,0.0,1697587200000
tank_0195,18.156862745098035,1697587200000
tank_0199,0.0,1697587200000
tank_0204,30.0,1697587200000
tank_0205,0.0,1697587200000
tank_0207,0.0,1697587200000
tank_0209,0.9764705882352941,1697587200000
tank_0213,3.0,1697587200000
tank_0217,2.0,1697587200000
tank_0220,0.9450980392156862,1697587200000
tank_0221,3.768627450980392,1697587200000
tank_0225,0.0,1697587200000
tank_0226,0.0,1697587200000
tank_0228,0.0,1697587200000
tank_0229,0.0,1697587200000
tank_0231,1.6470588235294117,1697587200000
tank_0233,0.0,1697587200000
tank_0236,0.0,1697587200000
tank_0237,0.0,1697587200000
tank_0240,0.0,1697587200000
tank_0242,0.0,1697587200000
tank_0245,0.16470588235294117,1697587200000
tank_0247,317.0,1697587200000
tank_0256,0.0,1697587200000
tank_0257,7.925490196078432,1697587200000
tank_0260,0.0,1697587200000
tank_0261,0.0,1697587200000
tank_0264,0.0,1697587200000
tank_0273,75.0,1697587200000
tank_0276,0.0,1697587200000
tank_0278,2.4941176470588236,1697587200000
tank_0280,0.0,1697587200000
tank_0291,0.0,1697587200000
tank_0292,0.0,1697587200000
tank_0296,0.0,1697587200000
tank_0297,6.639215686274509,1697587200000
tank_0299,0.0,1697587200000
tank_0300,3.2980392156862743,1697587200000
tank_0301,0.0,1697587200000
tank_0307,3.0,1697587200000
tank_0309,0.0,1697587200000
tank_0313,4.494117647058824,1697587200000
tank_0314,0.0,1697587200000
tank_0319,0.0,1697587200000
tank_0321,0.0,1697587200000
tank_0327,0.0,1697587200000
tank_0337,0.0,1697587200000
tank_0338,2.619607843137255,1697587200000
tank_0339,3.635294117647059,1697587200000
tank_0342,3.145098039215686,1697587200000
tank_0345,0.0,1697587200000
tank_0346,0.0,1697587200000
tank_0349,243.0,1697587200000
tank_0350,0.5333333333333333,1697587200000
tank_0353,0.0,1697587200000
tank_0356,0.0,1697587200000
tank_0360,0.0,1697587200000
tank_0361,15.662745098039215,1697587200000
tank_0362,0.0,1697587200000
tank_0364,1.223529411764706,1697587200000
tank_0366,12.533333333333333,1697587200000
tank_0369,8.0,1697587200000
tank_0375,0.0,1697587200000
tank_0379,13.831372549019608,1697587200000
tank_0381,0.0,1697587200000
tank_0386,0.0,1697587200000
tank_0390,0.0,1697587200000
tank_0397,0.0,1697587200000
tank_0399,0.0,1697587200000
tank_0404,103.72941176470589,1697587200000
tank_0409,0.0,1697587200000
tank_0420,0.0,1697587200000
tank_0425,0.0,1697587200000
tank_0431,0.0,1697587200000
tank_0432,1.8980392156862744,1697587200000
tank_0435,1.0,1697587200000
tank_0436,0.0,1697587200000
tank_0438,15.0,1697587200000
tank_0443,0.8156862745098039,1697587200000
tank_0444,153.0,1697587200000
tank_0447,26.733333333333334,1697587200000
tank_0448,0.0,1697587200000
tank_0449,2.7450980392156863,1697587200000
tank_0455,0.0,1697587200000
tank_0460,0.0,1697587200000
tank_0462,0.0,1697587200000
tank_0466,0.0,1697587200000
tank_0471,0.0,1697587200000
tank_0473,9.729411764705882,1697587200000
tank_0474,0.0,1697587200000
tank_0481,28.12549019607843,1697587200000
tank_0485,0.0,1697587200000
tank_0489,1.9607843137254903,1697587200000
tank_0491,0.0,1697587200000
tank_0494,4.0,1697587200000
tank_0497,4.0,1697587200000
tank_0498,0.4588235294117647,1697587200000
tank_0502,0.0,1697587200000
tank_0505,1.0,1697587200000
tank_0509,0.6862745098039216,1697587200000
tank_0512,239.0,1697587200000
tank_0514,0.0,1697587200000
tank_0515,0.0,1697587200000
tank_0521,0.0,1697587200000
tank_0524,0.0,1697587200000
tank_0526,0.0,1697587200000
tank_0533,0.0,1697587200000
tank_0534,0.0,1697587200000
tank_0536,0.0,1697587200000
tank_0537,0.0,1697587200000
tank_0541,0.4980392156862745,1697587200000
tank_0547,2.0,1697587200000
tank_0552,5.294117647058823,1697587200000
tank_0555,0.0,1697587200000
tank_0556,0.0,1697587200000
tank_0557,0.0,1697587200000
tank_0560,0.0,1697587200000
tank_0561,0.0,1697587200000
tank_0566,0.0,1697587200000
tank_0567,0.0,1697587200000
tank_0568,32.443137254901956,1697587200000
tank_0574,29.0,1697587200000
tank_0579,649.0,1697587200000
tank_0583,78.0,1697587200000
tank_0587,0.0,1697587200000
tank_0589,0.0,1697587200000
tank_0590,4.0,1697587200000
tank_0592,1.0,1697587200000
tank_0593,0.0,1697587200000
tank_0595,0.0,1697587200000
tank_0600,0.0,1697587200000
tank_0604,0.0,1697587200000
tank_0606,0.0,1697587200000
tank_0607,2.4980392156862745,1697587200000
tank_0608,486.0,1697587200000
tank_0610,0.0,1697587200000
tank_0611,1.0,1697587200000
tank_0612,0.8313725490196078,1697587200000
tank_0613,0.0,1697587200000
tank_0619,0.0,1697587200000
tank_0626,0.0,1697587200000
tank_0627,0.0,1697587200000
tank_0628,0.0,1697587200000
tank_0632,5.0,1697587200000
tank_0633,0.0,1697587200000
tank_0639,0.0,1697587200000
tank_0640,0.0,1697587200000
tank_0641,0.0,1697587200000
tank_0643,6.8431372549019605,1697587200000
tank_0646,2.0,1697587200000
tank_0663,0.0,1697587200000
tank_0664,0.0,1697587200000
tank_0666,0.0,1697587200000
tank_0667,19.011764705882353,1697587200000
tank_0670,0.0,1697587200000
tank_0675,0.37254901960784315,1697587200000
tank_0676,445.0,1697587200000
tank_0678,0.0,1697587200000
tank_0681,0.0,1697587200000
tank_0687,0.0,1697587200000
tank_0688,430.0,1697587200000
tank_0697,0.0,1697587200000
tank_0720,0.42745098039215684,1697587200000
tank_0722,0.0,1697587200000
tank_0724,2.074509803921569,1697587200000
tank_0725,0.0,1697587200000
tank_0728,0.0,1697587200000
tank_0730,0.0,1697587200000
tank_0731,729.0,1697587200000
tank_0732,0.0,1697587200000
tank_0737,503.0,1697587200000
tank_0739,5.0,1697587200000
tank_0740,1.807843137254902,1697587200000
tank_0746,0.0,1697587200000
tank_0748,0.0,1697587200000
tank_0749,3.0,1697587200000
tank_0752,10.019607843137255,1697587200000
tank_0760,0.0,1697587200000
tank_0770,0.0,1697587200000
tank_0772,0.0,1697587200000
tank_0788,0.0,1697587200000
tank_0789,0.0,1697587200000
tank_0792,18.36078431372549,1697587200000
tank_0797,5.0,1697587200000
tank_0800,212.0,1697587200000
tank_0802,0.49411764705882355,1697587200000
tank_0803,0.0,1697587200000
tank_0808,1.6823529411764706,1697587200000
tank_0810,21.854901960784314,1697587200000
tank_0811,4.329411764705882,1697587200000
tank_0812,66.0,1697587200000
tank_0813,0.0,1697587200000
tank_0816,0.0,1697587200000
tank_0819,0.0,1697587200000
tank_0823,0.0,1697587200000
tank_0824,0.0,1697587200000
tank_0825,0.0,1697587200000
tank_0828,0.0,1697587200000
tank_0829,0.0,1697587200000
tank_0830,0.0,1697587200000
tank_0831,0.0,1697587200000
tank_0844,0.0,1697587200000
tank_0852,34.72549019607843,1697587200000
tank_0855,99.0,1697587200000
tank_0856,3.0,1697587200000
tank_0860,5.0,1697587200000
tank_0861,0.0,1697587200000
tank_0872,8.0,1697587200000
tank_0875,265.3686274509804,1697587200000
tank_0879,0.0,1697587200000
tank_0885,0.0,1697587200000
tank_0891,0.0,1697587200000
tank_0894,999.0,1697587200000
tank_0898,570.0,1697587200000
tank_0900,28.564705882352943,1697587200000
tank_0901,0.0,1697587200000
tank_0902,221.0,1697587200000
tank_0914,0.0,1697587200000
tank_0917,81.0,1697587200000
tank_0919,14.0,1697587200000
tank_0920,2.0,1697587200000
tank_0922,1.0,1697587200000
tank_0923,2.0,1697587200000
tank_0924,0.0,1697587200000
tank_0926,0.0,1697587200000
tank_0927,2.0,1697587200000
tank_0928,0.0,1697587200000
tank_0930,135.0,1697587200000
tank_0931,2.0,1697587200000
tank_0933,0.0,1697587200000
tank_0934,0.0,1697587200000
tank_0937,0.0,1697587200000
tank_0938,0.0,1697587200000
tank_0939,0.0,1697587200000
tank_0944,2.0,1697587200000
tank_0946,0.0,1697587200000
tank_0952,52.20392156862745,1697587200000
tank_0958,0.0,1697587200000
tank_0962,1364.9529411764706,1697587200000
tank_0967,0.0,1697587200000
tank_0975,0.0,1697587200000
tank_0978,0.0,1697587200000
tank_0990,0.0,1697587200000
tank_0991,0.0,1697587200000
tank_0998,0.0,1697587200000
tank_0999,0.0,1697587200000
tank_1003,649.0,1697587200000
tank_1004,9.690196078431374,1697587200000
tank_1014,44.0,1697587200000
tank_1026,103.0,1697587200000
tank_1031,0.0,1697587200000
tank_1032,12.537254901960784,1697587200000
tank_1034,2.0,1697587200000
tank_1042,12.0,1697587200000
tank_1045,0.0,1697587200000
tank_1049,15.0,1697587200000
tank_1055,4.090196078431372,1697587200000
tank_1061,0.0,1697587200000
tank_1062,0.0,1697587200000
tank_1064,0.0,1697587200000
tank_1065,1.4823529411764707,1697587200000
tank_1066,6.227450980392156,1697587200000
tank_1070,0.0,1697587200000
tank_1073,0.0,1697587200000
tank_1083,92.0,1697587200000
tank_1086,10.0,1697587200000
tank_1088,15.192156862745097,1697587200000
tank_1089,13.0,1697587200000
tank_1090,0.0,1697587200000
tank_1091,0.0,1697587200000
tank_1094,259.0,1697587200000
tank_1095,0.0,1697587200000
tank_1104,2.4980392156862745,1697587200000
tank_1113,25.0,1697587200000
tank_1116,0.0,1697587200000
tank_1117,0.0,1697587200000
tank_1120,541.7058823529411,1697587200000
tank_1121,0.0,1697587200000
tank_1124,0.0,1697587200000
tank_1128,0.0,1697587200000
tank_1134,0.0,1697587200000
tank_1135,4.0,1697587200000
tank_1146,6.0,1697587200000
tank_1149,7.415686274509803,1697587200000
tank_1156,0.0,1697587200000
tank_1157,14.486274509803923,1697587200000
tank_1159,170.0,1697587200000
tank_1160,33.0,1697587200000
tank_1166,0.0,1697587200000
tank_1170,21.721568627450978,1697587200000
tank_1175,0.0,1697587200000
tank_1177,1.2862745098039217,1697587200000
tank_1179,0.0,1697587200000
tank_1181,198.46274509803922,1697587200000
tank_1186,4.0,1697587200000
tank_1187,39.219607843137254,1697587200000
tank_1190,0.0,1697587200000
tank_1192,0.0,1697587200000
tank_1196,0.0,1697587200000
tank_1197,919.0,1697587200000
tank_1201,0.0,1697587200000
tank_1203,2.2588235294117647,1697587200000
tank_1205,0.0,1697587200000
tank_1209,1111.5372549019608,1697587200000
tank_1217,0.0,1697587200000
tank_1223,0.0,1697587200000
tank_1226,59.84705882352941,1697587200000
tank_1228,28.0,1697587200000
tank_1230,0.0,1697587200000
tank_1237,0.0,1697587200000
tank_1239,867.0,1697587200000
tank_1245,0.0,1697587200000
tank_1246,33.0,1697587200000
tank_1250,0.0,1697587200000
tank_1254,464.0,1697587200000
tank_1255,0.27450980392156865,1697587200000
tank_1258,8.0,1697587200000
tank_1261,0.10980392156862745,1697587200000
tank_1262,0.0,1697587200000
tank_1263,0.0,1697587200000
tank_1265,0.0,1697587200000
tank_1270,0.0,1697587200000
tank_1272,19.870588235294118,1697587200000
tank_1275,0.0,1697587200000
tank_1276,141.95294117647057,1697587200000
tank_1279,0.0,1697587200000
tank_1280,0.0,1697587200000
tank_1284,0.0,1697587200000
tank_1285,0.0,1697587200000
tank_1286,117.8078431372549,1697587200000
tank_1290,33.32156862745098,1697587200000
tank_1291,0.0,1697587200000
tank_1293,39.0,1697587200000
tank_1295,0.0,1697587200000
tank_1297,0.0,1697587200000
tank_1301,0.0,1697587200000
tank_1302,0.0,1697587200000
tank_1304,0.0,1697587200000
tank_1305,21.0,1697587200000
tank_1313,1178.0,1697587200000
tank_1322,0.0,1697587200000
tank_1325,0.0,1697587200000
tank_1326,0.5411764705882353,1697587200000
tank_1344,0.0,1697587200000
tank_1346,0.0,1697587200000
tank_1349,0.0,1697587200000
tank_1353,1283.886274509804,1697587200000
tank_1358,0.0,1697587200000
tank_1359,0.0,1697587200000
tank_1361,345.0,1697587200000
tank_1364,647.0,1697587200000
tank_1365,0.0,1697587200000
tank_1372,0.0,1697587200000
tank_1374,0.0,1697587200000
tank_1378,0.0,1697587200000
tank_1380,9.0,1697587200000
tank_1386,15.0,1697587200000
tank_1391,0.0,1697587200000
tank_1393,0.0,1697587200000
tank_1396,0.0,1697587200000
tank_1397,0.0,1697587200000
tank_1403,0.0,1697587200000
tank_1409,0.0,1697587200000
tank_1412,0.0,1697587200000
tank_1415,0.0,1697587200000
tank_1416,0.0,1697587200000
tank_1421,307.0,1697587200000
tank_1422,0.0,1697587200000
tank_1425,334.0,1697587200000
tank_1426,69.15686274509804,1697587200000
tank_1430,0.0,1697587200000
tank_1433,315.0,1697587200000
tank_1438,0.0,1697587200000
tank_1439,0.0,1697587200000
tank_1441,0.0,1697587200000
tank_1443,0.0,1697587200000
tank_1445,30.0,1697587200000
tank_1446,16.0,1697587200000
tank_1450,0.0,1697587200000
tank_1452,0.0,1697587200000
tank_1456,0.0,1697587200000
tank_1466,0.0,1697587200000
tank_1471,0.0,1697587200000
tank_1475,0.0,1697587200000
tank_1486,0.0,1697587200000
tank_1488,101.0,1697587200000
tank_1491,0.0,1697587200000
tank_1500,6.0,1697587200000
tank_1505,358.0,1697587200000
tank_1513,223.0,1697587200000
tank_1531,0.0,1697587200000
tank_1536,26.0,1697587200000
tank_1539,295.0,1697587200000
tank_1541,0.0,1697587200000
tank_1542,0.0,1697587200000
tank_1547,206.0,1697587200000
tank_1563,0.0,1697587200000
tank_1564,0.0,1697587200000
tank_1565,694.0,1697587200000
tank_1567,0.0,1697587200000
tank_1568,0.0,1697587200000
tank_1573,12.0,1697587200000
tank_1583,0.0,1697587200000
tank_1587,868.0,1697587200000
tank_1588,0.0,1697587200000
tank_1592,0.0,1697587200000
tank_1594,89.0,1697587200000
tank_1595,7.0,1697587200000
tank_1597,228.78823529411764,1697587200000
tank_1598,2.0980392156862746,1697587200000
tank_1600,0.0,1697587200000
tank_1604,0.0,1697587200000
tank_0002,0.0,1698624000000
tank_0004,0.0,1698624000000
tank_0005,0.0,1698624000000
tank_0011,0.0,1698624000000
tank_0014,9.023529411764706,1698624000000
tank_0019,2.0,1698624000000
tank_0024,14.0,1698624000000
tank_0025,10.0,1698624000000
tank_0026,0.0,1698624000000
tank_0027,0.0,1698624000000
tank_0030,0.0,1698624000000
tank_0031,10.337254901960785,1698624000000
tank_0036,9.749019607843138,1698624000000
tank_0037,0.0,1698624000000
tank_0038,13.458823529411763,1698624000000
tank_0050,0.0,1698624000000
tank_0051,0.37254901960784315,1698624000000
tank_0052,0.7411764705882353,1698624000000
tank_0053,62.7607843137255,1698624000000
tank_0055,0.0,1698624000000
tank_0057,15.0,1698624000000
tank_0058,0.0,1698624000000
tank_0064,20.254901960784313,1698624000000
tank_0069,62.984313725490196,1698624000000
tank_0072,0.0,1698624000000
tank_0073,0.0,1698624000000
tank_0080,22.0,1698624000000
tank_0094,0.0,1698624000000
tank_0107,0.0,1698624000000
tank_0110,9.0,1698624000000
tank_0113,41.898039215686275,1698624000000
tank_0115,0.0,1698624000000
tank_0116,2.1411764705882352,1698624000000
tank_0117,120.0,1698624000000
tank_0118,0.0,1698624000000
tank_0122,0.0,1698624000000
tank_0125,1.2,1698624000000
tank_0130,0.0,1698624000000
tank_0131,0.0,1698624000000
tank_0132,0.0,1698624000000
tank_0134,0.0,1698624000000
tank_0135,0.20392156862745098,1698624000000
tank_0142,4.250980392156863,1698624000000
tank_0143,0.0,1698624000000
tank_0144,0.0,1698624000000
tank_0148,1.0,1698624000000
tank_0153,0.0,1698624000000
tank_0156,48.878431372549024,1698624000000
tank_0159,0.0,1698624000000
tank_0165,8.909803921568628,1698624000000
tank_0171,0.0,1698624000000
tank_0172,1.4980392156862745,1698624000000
tank_0174,0.5372549019607843,1698624000000
tank_0176,16.12549019607843,1698624000000
tank_0184,0.0,1698624000000
tank_0187,0.0,1698624000000
tank_0190,7.031372549019608,1698624000000
tank_0192,0.2901960784313726,1698624000000
tank_0193,7.0,1698624000000
tank_0195,24.52941176470588,1698624000000
tank_0199,0.0,1698624000000
tank_0204,29.0,1698624000000
tank_0205,0.0,1698624000000
tank_0207,0.0,1698624000000
tank_0209,0.0,1698624000000
tank_0213,0.0,1698624000000
tank_0217,5.0,1698624000000
tank_0220,0.17647058823529413,1698624000000
tank_0221,5.537254901960784,1698624000000
tank_0225,0.0,1698624000000
tank_0226,0.0,1698624000000
tank_0228,0.0,1698624000000
tank_0229,0.0,1698624000000
tank_0231,0.0,1698624000000
tank_0233,0.0,1698624000000
tank_0236,0.0,1698624000000
tank_0237,0.0,1698624000000
tank_0240,0.0,1698624000000
tank_0242,0.0,1698624000000
tank_0245,2.164705882352941,1698624000000
tank_0247,169.0,1698624000000
tank_0256,0.0,1698624000000
tank_0257,0.0,1698624000000
tank_0260,1.0549019607843138,1698624000000
tank_0261,0.0,1698624000000
tank_0264,0.0,1698624000000
tank_0273,71.0,1698624000000
tank_0276,0.0,1698624000000
tank_0278,0.9372549019607843,1698624000000
tank_0280,0.0,1698624000000
tank_0291,0.0,1698624000000
tank_0292,2.3411764705882354,1698624000000
tank_0296,0.0,1698624000000
tank_0297,8.352941176470589,1698624000000
tank_0299,0.0,1698624000000
tank_0300,4.772549019607843,1698624000000
tank_0301,0.0,1698624000000
tank_0307,0.0,1698624000000
tank_0309,0.0,1698624000000
tank_0313,0.0,1698624000000
tank_0314,2.0,1698624000000
tank_0319,0.0,1698624000000
tank_0321,2.062745098039216,1698624000000
tank_0327,0.0,1698624000000
tank_0337,2.2588235294117647,1698624000000
tank_0338,0.0,1698624000000
tank_0339,2.3098039215686272,1698624000000
tank_0342,26.87843137254902,1698624000000
tank_0345,0.0,1698624000000
tank_0346,0.0,1698624000000
tank_0349,228.0,1698624000000
tank_0350,0.0,1698624000000
tank_0353,6.0,1698624000000
tank_0356,0.0,1698624000000
tank_0360,2.0,1698624000000
tank_0361,8.0,1698624000000
tank_0362,0.0,1698624000000
tank_0364,3.6392156862745098,1698624000000
tank_0366,13.341176470588234,1698624000000
tank_0369,7.0,1698624000000
tank_0375,0.0,1698624000000
tank_0379,10.03921568627451,1698624000000
tank_0381,0.0,1698624000000
tank_0386,0.0,1698624000000
tank_0390,0.0,1698624000000
tank_0397,0.0,1698624000000
tank_0399,0.0,1698624000000
tank_0404,53.0,1698624000000
tank_0409,0.0,1698624000000
tank_0420,0.0,1698624000000
tank_0425,0.0,1698624000000
tank_0431,0.0,1698624000000
tank_0432,0.12549019607843137,1698624000000
tank_0435,0.0,1698624000000
tank_0436,0.0,1698624000000
tank_0438,17.0,1698624000000
tank_0443,0.0,1698624000000
tank_0444,132.0,1698624000000
tank_0447,67.68627450980392,1698624000000
tank_0448,0.0,1698624000000
tank_0449,15.843137254901961,1698624000000
tank_0455,13.870588235294118,1698624000000
tank_0460,0.0,1698624000000
tank_0462,0.0,1698624000000
tank_0466,0.0,1698624000000
tank_0471,0.0,1698624000000
tank_0473,12.294117647058824,1698624000000
tank_0474,0.0,1698624000000
tank_0481,18.047058823529415,1698624000000
tank_0485,0.0,1698624000000
tank_0489,0.0,1698624000000
tank_0491,0.0,1698624000000
tank_0494,8.898039215686273,1698624000000
tank_0497,0.3176470588235294,1698624000000
tank_0498,0.4588235294117647,1698624000000
tank_0502,0.0,1698624000000
tank_0505,8.0,1698624000000
tank_0509,0.0,1698624000000
tank_0512,259.0,1698624000000
tank_0514,0.0,1698624000000
tank_0515,0.0,1698624000000
tank_0521,0.0,1698624000000
tank_0524,1.3294117647058823,1698624000000
tank_0526,0.0,1698624000000
tank_0533,0.0,1698624000000
tank_0534,0.0,1698624000000
tank_0536,0.0,1698624000000
tank_0537,0.0,1698624000000
tank_0541,11.0,1698624000000
tank_0547,2.1254901960784314,1698624000000
tank_0552,5.545098039215686,1698624000000
tank_0555,0.0,1698624000000
tank_0556,0.0,1698624000000
tank_0557,0.027450980392156862,1698624000000
tank_0560,0.0,1698624000000
tank_0561,0.0,1698624000000
tank_0566,0.0,1698624000000
tank_0567,0.0,1698624000000
tank_0568,26.956862745098043,1698624000000
tank_0574,29.0,1698624000000
tank_0579,607.0,1698624000000
tank_0583,54.0,1698624000000
tank_0587,4.0,1698624000000
tank_0589,0.8980392156862745,1698624000000
tank_0590,4.0,1698624000000
tank_0592,0.0,1698624000000
tank_0593,1.8901960784313725,1698624000000
tank_0595,0.0,1698624000000
tank_0600,0.0,1698624000000
tank_0604,0.0,1698624000000
tank_0606,13.0,1698624000000
tank_0607,5.266666666666667,1698624000000
tank_0608,401.0,1698624000000
tank_0610,0.0,1698624000000
tank_0611,0.0,1698624000000
tank_0612,0.8509803921568626,1698624000000
tank_0613,0.0,1698624000000
tank_0619,1.0,1698624000000
tank_0626,0.0,1698624000000
tank_0627,0.0,1698624000000
tank_0628,0.0,1698624000000
tank_0632,12.0,1698624000000
tank_0633,0.0,1698624000000
tank_0639,1.0,1698624000000
tank_0640,0.0,1698624000000
tank_0641,0.0,1698624000000
tank_0643,6.145098039215686,1698624000000
tank_0646,9.0,1698624000000
tank_0663,0.0,1698624000000
tank_0664,0.0,1698624000000
tank_0666,0.0,1698624000000
tank_0667,20.32156862745098,1698624000000
tank_0670,0.0,1698624000000
tank_0675,0.0,1698624000000
tank_0676,418.0,1698624000000
tank_0678,0.44313725490196076,1698624000000
tank_0681,0.0,1698624000000
tank_0687,1.0,1698624000000
tank_0688,304.0,1698624000000
tank_0697,0.0,1698624000000
tank_0720,1.1725490196078432,1698624000000
tank_0722,0.0,1698624000000
tank_0724,0.0,1698624000000
tank_0725,0.0,1698624000000
tank_0728,0.0,1698624000000
tank_0730,0.0,1698624000000
tank_0731,742.0,1698624000000
tank_0732,0.0,1698624000000
tank_0737,493.0,1698624000000
tank_0739,1.7490196078431373,1698624000000
tank_0740,9.662745098039215,1698624000000
tank_0746,0.0,1698624000000
tank_0748,0.0,1698624000000
tank_0749,8.0,1698624000000
tank_0752,11.0,1698624000000
tank_0760,0.0,1698624000000
tank_0770,0.0,1698624000000
tank_0772,0.0,1698624000000
tank_0788,0.0,1698624000000
tank_0789,0.0,1698624000000
tank_0792,36.03921568627452,1698624000000
tank_0797,2.0,1698624000000
tank_0800,102.0,1698624000000
tank_0802,0.2549019607843137,1698624000000
tank_0803,13.27450980392157,1698624000000
tank_0808,2.0,1698624000000
tank_0810,20.980392156862745,1698624000000
tank_0811,8.447058823529412,1698624000000
tank_0812,67.97647058823529,1698624000000
tank_0813,0.0,1698624000000
tank_0816,2.0,1698624000000
tank_0819,0.0,1698624000000
tank_0823,0.0,1698624000000
tank_0824,0.0,1698624000000
tank_0825,0.0,1698624000000
tank_0828,0.0,1698624000000
tank_0829,0.0,1698624000000
tank_0830,0.0,1698624000000
tank_0831,0.0,1698624000000
tank_0844,0.0,1698624000000
tank_0852,29.0,1698624000000
tank_0855,99.0,1698624000000
tank_0856,154.0,1698624000000
tank_0860,0.0,1698624000000
tank_0861,0.0,1698624000000
tank_0872,2.0,1698624000000
tank_0875,243.37254901960785,1698624000000
tank_0879,2.0,1698624000000
tank_0885,0.0,1698624000000
tank_0891,0.0,1698624000000
tank_0894,1254.0,1698624000000
tank_0898,534.0,1698624000000
tank_0900,39.92549019607843,1698624000000
tank_0901,0.0,1698624000000
tank_0902,225.0,1698624000000
tank_0914,0.0,1698624000000
tank_0917,54.0,1698624000000
tank_0919,13.0,1698624000000
tank_0920,5.623529411764705,1698624000000
tank_0922,23.0,1698624000000
tank_0923,4.0,1698624000000
tank_0924,0.0,1698624000000
tank_0926,0.0,1698624000000
tank_0927,2.984313725490196,1698624000000
tank_0928,0.0,1698624000000
tank_0930,120.0,1698624000000
tank_0931,0.0,1698624000000
tank_0933,0.0,1698624000000
tank_0934,0.0,1698624000000
tank_0937,0.0,1698624000000
tank_0938,0.0,1698624000000
tank_0939,0.0,1698624000000
tank_0944,0.0,1698624000000
tank_0946,0.0,1698624000000
tank_0952,40.780392156862746,1698624000000
tank_0958,0.0,1698624000000
tank_0962,1409.0,1698624000000
tank_0967,0.17254901960784313,1698624000000
tank_0975,0.0,1698624000000
tank_0978,0.0,1698624000000
tank_0990,0.0,1698624000000
tank_0991,0.0,1698624000000
tank_0998,0.0,1698624000000
tank_0999,3.0,1698624000000
tank_1003,607.0,1698624000000
tank_1004,15.254901960784313,1698624000000
tank_1014,16.0,1698624000000
tank_1026,97.0,1698624000000
tank_1031,5.0,1698624000000
tank_1032,1.0,1698624000000
tank_1034,0.0,1698624000000
tank_1042,41.89411764705882,1698624000000
tank_1045,0.0,1698624000000
tank_1049,14.0,1698624000000
tank_1055,3.007843137254902,1698624000000
tank_1061,0.0,1698624000000
tank_1062,0.0,1698624000000
tank_1064,0.0,1698624000000
tank_1065,4.984313725490196,1698624000000
tank_1066,0.0,1698624000000
tank_1070,2.0,1698624000000
tank_1073,0.0,1698624000000
tank_1083,170.0,1698624000000
tank_1086,4.0,1698624000000
tank_1088,6.47843137254902,1698624000000
tank_1089,11.0,1698624000000
tank_1090,0.0,1698624000000
tank_1091,0.0,1698624000000
tank_1094,83.0,1698624000000
tank_1095,0.0,1698624000000
tank_1104,7.027450980392157,1698624000000
tank_1113,36.984313725490196,1698624000000
tank_1116,12.207843137254901,1698624000000
tank_1117,0.0,1698624000000
tank_1120,482.6588235294118,1698624000000
tank_1121,0.0,1698624000000
tank_1124,0.0,1698624000000
tank_1128,0.0,1698624000000
tank_1134,0.8313725490196079,1698624000000
tank_1135,4.0,1698624000000
tank_1146,10.749019607843138,1698624000000
tank_1149,5.984313725490195,1698624000000
tank_1156,0.0,1698624000000
tank_1157,13.839215686274512,1698624000000
tank_1159,202.0,1698624000000
tank_1160,31.0,1698624000000
tank_1166,0.0,1698624000000
tank_1170,21.941176470588236,1698624000000
tank_1175,0.0,1698624000000
tank_1177,24.28627450980392,1698624000000
tank_1179,2.105882352941176,1698624000000
tank_1181,178.85882352941178,1698624000000
tank_1186,0.0,1698624000000
tank_1187,23.96078431372549,1698624000000
tank_1190,0.0,1698624000000
tank_1192,0.0,1698624000000
tank_1196,0.0,1698624000000
tank_1197,835.0,1698624000000
tank_1201,0.0,1698624000000
tank_1203,11.8,1698624000000
tank_1205,0.0,1698624000000
tank_1209,1144.0,1698624000000
tank_1217,1.0,1698624000000
tank_1223,0.0,1698624000000
tank_1226,74.0,1698624000000
tank_1228,24.0,1698624000000
tank_1230,0.0,1698624000000
tank_1237,0.0,1698624000000
tank_1239,793.0,1698624000000
tank_1245,0.0,1698624000000
tank_1246,31.0,1698624000000
tank_1250,0.0,1698624000000
tank_1254,567.0,1698624000000
tank_1255,0.4980392156862745,1698624000000
tank_1258,9.0,1698624000000
tank_1261,0.0,1698624000000
tank_1262,3.6431372549019607,1698624000000
tank_1263,0.0,1698624000000
tank_1265,1.0,1698624000000
tank_1270,0.0,1698624000000
tank_1272,15.870588235294118,1698624000000
tank_1275,0.0,1698624000000
tank_1276,141.95294117647057,1698624000000
tank_1279,0.0,1698624000000
tank_1280,0.0,1698624000000
tank_1284,0.0,1698624000000
tank_1285,0.0,1698624000000
tank_1286,116.0,1698624000000
tank_1290,23.941176470588236,1698624000000
tank_1291,0.0,1698624000000
tank_1293,25.0,1698624000000
tank_1295,0.0,1698624000000
tank_1297,0.0,1698624000000
tank_1301,0.0,1698624000000
tank_1302,0.0,1698624000000
tank_1304,0.0,1698624000000
tank_1305,19.0,1698624000000
tank_1313,854.0,1698624000000
tank_1322,0.0,1698624000000
tank_1325,0.0,1698624000000
tank_1326,1.4470588235294117,1698624000000
tank_1344,0.0,1698624000000
tank_1346,0.0,1698624000000
tank_1349,0.0,1698624000000
tank_1353,1180.886274509804,1698624000000
tank_1358,0.0,1698624000000
tank_1359,0.0,1698624000000
tank_1361,900.0,1698624000000
tank_1364,604.0,1698624000000
tank_1365,0.0,1698624000000
tank_1372,0.0,1698624000000
tank_1374,0.0,1698624000000
tank_1378,0.0,1698624000000
tank_1380,9.0,1698624000000
tank_1386,17.0,1698624000000
tank_1391,0.0,1698624000000
tank_1393,0.0,1698624000000
tank_1396,0.0,1698624000000
tank_1397,0.0,1698624000000
tank_1403,0.0,1698624000000
tank_1409,0.0,1698624000000
tank_1412,0.0,1698624000000
tank_1415,0.0,1698624000000
tank_1416,0.0,1698624000000
tank_1421,312.0,1698624000000
tank_1422,0.0,1698624000000
tank_1425,301.0,1698624000000
tank_1426,52.68627450980392,1698624000000
tank_1430,0.0,1698624000000
tank_1433,275.8588235294118,1698624000000
tank_1438,0.0,1698624000000
tank_1439,0.0,1698624000000
tank_1441,0.0,1698624000000
tank_1443,0.0,1698624000000
tank_1445,22.0,1698624000000
tank_1446,8.0,1698624000000
tank_1450,0.0,1698624000000
tank_1452,0.0,1698624000000
tank_1456,0.0,1698624000000
tank_1466,0.0,1698624000000
tank_1471,0.0,1698624000000
tank_1475,0.0,1698624000000
tank_1486,0.0,1698624000000
tank_1488,86.0,1698624000000
tank_1491,0.0,1698624000000
tank_1500,2.0,1698624000000
tank_1505,329.0,1698624000000
tank_1513,148.0,1698624000000
tank_1531,0.0,1698624000000
tank_1536,29.0,1698624000000
tank_1539,203.0,1698624000000
tank_1541,0.0,1698624000000
tank_1542,0.0,1698624000000
tank_1547,141.0,1698624000000
tank_1563,0.0,1698624000000
tank_1564,0.0,1698624000000
tank_1565,295.0,1698624000000
tank_1567,0.0,1698624000000
tank_1568,0.0,1698624000000
tank_1573,6.0,1698624000000
tank_1583,0.0,1698624000000
tank_1587,765.0,1698624000000
tank_1588,0.0,1698624000000
tank_1592,0.0,1698624000000
tank_1594,83.0,1698624000000
tank_1595,0.0,1698624000000
tank_1597,208.78823529411764,1698624000000
tank_1598,0.0,1698624000000
tank_1600,0.0,1698624000000
tank_1604,0.0,1698624000000
tank_0002,0.0,1699660800000
tank_0004,0.0,1699660800000
tank_0005,0.0,1699660800000
tank_0011,0.0,1699660800000
tank_0014,0.0,1699660800000
tank_0019,1.0,1699660800000
tank_0024,0.0,1699660800000
tank_0025,0.0,1699660800000
tank_0026,0.0,1699660800000
tank_0027,0.0,1699660800000
tank_0030,0.0,1699660800000
tank_0031,0.0,1699660800000
tank_0036,0.0,1699660800000
tank_0037,0.0,1699660800000
tank_0038,5.517647058823529,1699660800000
tank_0050,0.0,1699660800000
tank_0051,0.10980392156862745,1699660800000
tank_0052,2.0,1699660800000
tank_0053,54.35686274509804,1699660800000
tank_0055,2.7333333333333334,1699660800000
tank_0057,10.0,1699660800000
tank_0058,0.0,1699660800000
tank_0064,7.0,1699660800000
tank_0069,58.0,1699660800000
tank_0072,0.0,1699660800000
tank_0073,0.0,1699660800000
tank_0080,23.0,1699660800000
tank_0094,0.0,1699660800000
tank_0107,0.0,1699660800000
tank_0110,2.0,1699660800000
tank_0113,13.0,1699660800000
tank_0115,0.0,1699660800000
tank_0116,1.184313725490196,1699660800000
tank_0117,106.0,1699660800000
tank_0118,0.0,1699660800000
tank_0122,0.0,1699660800000
tank_0125,0.0,1699660800000
tank_0130,0.0,1699660800000
tank_0131,0.0,1699660800000
tank_0132,0.0,1699660800000
tank_0134,0.0,1699660800000
tank_0135,5.0,1699660800000
tank_0142,0.0,1699660800000
tank_0143,0.0,1699660800000
tank_0144,0.0,1699660800000
tank_0148,0.0,1699660800000
tank_0153,0.0,1699660800000
tank_0156,1.7490196078431373,1699660800000
tank_0159,0.0,1699660800000
tank_0165,6.250980392156862,1699660800000
tank_0171,0.0,1699660800000
tank_0172,0.0,1699660800000
tank_0174,1.7529411764705882,1699660800000
tank_0176,8.0,1699660800000
tank_0184,1.6392156862745098,1699660800000
tank_0187,0.0,1699660800000
tank_0190,3.9137254901960787,1699660800000
tank_0192,0.0,1699660800000
tank_0193,0.0,1699660800000
tank_0195,0.0,1699660800000
tank_0199,0.0,1699660800000
tank_0204,27.0,1699660800000
tank_0205,0.0,1699660800000
tank_0207,0.0,1699660800000
tank_0209,0.0,1699660800000
tank_0213,2.0,1699660800000
tank_0217,0.0,1699660800000
tank_0220,6.0,1699660800000
tank_0221,0.0,1699660800000
tank_0225,0.0,1699660800000
tank_0226,0.0,1699660800000
tank_0228,0.0,1699660800000
tank_0229,0.0,1699660800000
tank_0231,0.07058823529411765,1699660800000
tank_0233,0.0,1699660800000
tank_0236,0.0,1699660800000
tank_0237,0.0,1699660800000
tank_0240,0.0,1699660800000
tank_0242,0.0,1699660800000
tank_0245,0.0,1699660800000
tank_0247,207.0,1699660800000
tank_0256,0.0,1699660800000
tank_0257,2.0,1699660800000
tank_0260,0.0,1699660800000
tank_0261,0.0,1699660800000
tank_0264,0.0,1699660800000
tank_0273,59.0,1699660800000
tank_0276,0.0,1699660800000
tank_0278,0.0,1699660800000
tank_0280,0.0,1699660800000
tank_0291,0.0,1699660800000
tank_0292,2.0,1699660800000
tank_0296,0.0,1699660800000
tank_0297,8.0,1699660800000
tank_0299,0.0,1699660800000
tank_0300,0.7529411764705882,1699660800000
tank_0301,0.0,1699660800000
tank_0307,0.0,1699660800000
tank_0309,0.0,1699660800000
tank_0313,0.0,1699660800000
tank_0314,0.0,1699660800000
tank_0319,0.0,1699660800000
tank_0321,0.0,1699660800000
tank_0327,0.0,1699660800000
tank_0337,0.0,1699660800000
tank_0338,2.0,1699660800000
tank_0339,0.0,1699660800000
tank_0342,0.0,1699660800000
tank_0345,0.0,1699660800000
tank_0346,0.0,1699660800000
tank_0349,219.0,1699660800000
tank_0350,0.0,1699660800000
tank_0353,0.0,1699660800000
tank_0356,0.0,1699660800000
tank_0360,0.0,1699660800000
tank_0361,1.0,1699660800000
tank_0362,0.0,1699660800000
tank_0364,0.0,1699660800000
tank_0366,3.8470588235294114,1699660800000
tank_0369,1.0,1699660800000
tank_0375,0.0,1699660800000
tank_0379,0.0,1699660800000
tank_0381,0.0,1699660800000
tank_0386,0.0,1699660800000
tank_0390,0.0,1699660800000
tank_0397,0.0,1699660800000
tank_0399,0.0,1699660800000
tank_0404,54.0,1699660800000
tank_0409,0.0,1699660800000
tank_0420,0.0,1699660800000
tank_0425,0.0,1699660800000
tank_0431,0.0,1699660800000
tank_0432,1.0,1699660800000
tank_0435,0.0,1699660800000
tank_0436,0.0,1699660800000
tank_0438,8.0,1699660800000
tank_0443,0.0,1699660800000
tank_0444,103.0,1699660800000
tank_0447,0.0,1699660800000
tank_0448,0.0,1699660800000
tank_0449,0.0,1699660800000
tank_0455,0.0,1699660800000
tank_0460,0.0,1699660800000
tank_0462,0.0,1699660800000
tank_0466,0.0,1699660800000
tank_0471,0.0,1699660800000
tank_0473,0.0,1699660800000
tank_0474,0.0,1699660800000
tank_0481,0.0,1699660800000
tank_0485,0.0,1699660800000
tank_0489,0.0,1699660800000
tank_0491,0.0,1699660800000
tank_0494,0.0,1699660800000
tank_0497,0.0,1699660800000
tank_0498,0.0,1699660800000
tank_0502,0.0,1699660800000
tank_0505,0.0,1699660800000
tank_0509,0.0,1699660800000
tank_0512,252.0,1699660800000
tank_0514,0.0,1699660800000
tank_0515,0.0,1699660800000
tank_0521,0.0,1699660800000
tank_0524,0.0,1699660800000
tank_0526,10.0,1699660800000
tank_0533,0.0,1699660800000
tank_0534,0.0,1699660800000
tank_0536,0.0,1699660800000
tank_0537,0.0,1699660800000
tank_0541,0.0,1699660800000
tank_0547,0.0,1699660800000
tank_0552,0.0,1699660800000
tank_0555,0.0,1699660800000
tank_0556,0.0,1699660800000
tank_0557,0.0,1699660800000
tank_0560,0.0,1699660800000
tank_0561,0.0,1699660800000
tank_0566,0.0,1699660800000
tank_0567,0.0,1699660800000
tank_0568,3.5843137254901962,1699660800000
tank_0574,26.0,1699660800000
tank_0579,530.0,1699660800000
tank_0583,52.0,1699660800000
tank_0587,0.0,1699660800000
tank_0589,0.0,1699660800000
tank_0590,0.0,1699660800000
tank_0592,0.0,1699660800000
tank_0593,0.0,1699660800000
tank_0595,0.0,1699660800000
tank_0600,0.0,1699660800000
tank_0604,0.0,1699660800000
tank_0606,0.0,1699660800000
tank_0607,4.749019607843137,1699660800000
tank_0608,341.0,1699660800000
tank_0610,0.0,1699660800000
tank_0611,4.8235294117647065,1699660800000
tank_0612,0.0,1699660800000
tank_0613,0.0,1699660800000
tank_0619,0.0,1699660800000
tank_0626,0.0,1699660800000
tank_0627,0.0,1699660800000
tank_0628,0.0,1699660800000
tank_0632,0.0,1699660800000
tank_0633,0.0,1699660800000
tank_0639,0.9607843137254902,1699660800000
tank_0640,0.0,1699660800000
tank_0641,0.0,1699660800000
tank_0643,0.0,1699660800000
tank_0646,0.0,1699660800000
tank_0663,0.0,1699660800000
tank_0664,0.0,1699660800000
tank_0666,0.0,1699660800000
tank_0667,1.0,1699660800000
tank_0670,0.0,1699660800000
tank_0675,0.0,1699660800000
tank_0676,408.0,1699660800000
tank_0678,0.0,1699660800000
tank_0681,0.0,1699660800000
tank_0687,0.0,1699660800000
tank_0688,407.0,1699660800000
tank_0697,0.0,1699660800000
tank_0720,1.4196078431372552,1699660800000
tank_0722,0.0,1699660800000
tank_0724,0.0,1699660800000
tank_0725,0.0,1699660800000
tank_0728,0.0,1699660800000
tank_0730,0.0,1699660800000
tank_0731,673.0,1699660800000
tank_0732,0.0,1699660800000
tank_0737,438.0,1699660800000
tank_0739,4.376470588235295,1699660800000
tank_0740,0.0,1699660800000
tank_0746,0.0,1699660800000
tank_0748,0.0,1699660800000
tank_0749,0.0,1699660800000
tank_0752,0.0,1699660800000
tank_0760,0.0,1699660800000
tank_0770,0.0,1699660800000
tank_0772,0.0,1699660800000
tank_0788,0.0,1699660800000
tank_0789,0.0,1699660800000
tank_0792,28.56862745098039,1699660800000
tank_0797,0.0,1699660800000
tank_0800,56.0,1699660800000
tank_0802,0.0,1699660800000
tank_0803,4.372549019607844,1699660800000
tank_0808,11.133333333333335,1699660800000
tank_0810,14.807843137254903,1699660800000
tank_0811,0.0,1699660800000
tank_0812,67.0,1699660800000
tank_0813,0.0,1699660800000
tank_0816,0.0,1699660800000
tank_0819,0.0,1699660800000
tank_0823,0.0,1699660800000
tank_0824,0.0,1699660800000
tank_0825,0.0,1699660800000
tank_0828,0.0,1699660800000
tank_0829,0.0,1699660800000
tank_0830,0.0,1699660800000
tank_0831,0.0,1699660800000
tank_0844,0.0,1699660800000
tank_0852,26.0,1699660800000
tank_0855,84.0,1699660800000
tank_0856,337.0,1699660800000
tank_0860,0.0,1699660800000
tank_0861,0.0,1699660800000
tank_0872,0.0,1699660800000
tank_0875,249.8392156862745,1699660800000
tank_0879,0.0,1699660800000
tank_0885,0.0,1699660800000
tank_0891,0.0,1699660800000
tank_0894,1061.0,1699660800000
tank_0898,515.0,1699660800000
tank_0900,26.392156862745097,1699660800000
tank_0901,0.0,1699660800000
tank_0902,218.0,1699660800000
tank_0914,0.0,1699660800000
tank_0917,275.97254901960787,1699660800000
tank_0919,7.0,1699660800000
tank_0920,5.0,1699660800000
tank_0922,67.0,1699660800000
tank_0923,11.890196078431373,1699660800000
tank_0924,0.0,1699660800000
tank_0926,0.6784313725490196,1699660800000
tank_0927,3.5647058823529414,1699660800000
tank_0928,0.0,1699660800000
tank_0930,126.0,1699660800000
tank_0931,0.0,1699660800000
tank_0933,0.0,1699660800000
tank_0934,0.0,1699660800000
tank_0937,0.0,1699660800000
tank_0938,0.0,1699660800000
tank_0939,0.0,1699660800000
tank_0944,0.0,1699660800000
tank_0946,0.0,1699660800000
tank_0952,26.0,1699660800000
tank_0958,0.0,1699660800000
tank_0962,1496.0,1699660800000
tank_0967,0.0,1699660800000
tank_0975,0.0,1699660800000
tank_0978,0.0,1699660800000
tank_0990,0.0,1699660800000
tank_0991,0.0,1699660800000
tank_0998,0.0,1699660800000
tank_0999,0.0,1699660800000
tank_1003,602.0,1699660800000
tank_1004,0.0,1699660800000
tank_1014,4.0,1699660800000
tank_1026,92.0,1699660800000
tank_1031,17.0,1699660800000
tank_1032,0.0,1699660800000
tank_1034,9.392156862745098,1699660800000
tank_1042,28.898039215686275,1699660800000
tank_1045,0.0,1699660800000
tank_1049,14.0,1699660800000
tank_1055,5.235294117647058,1699660800000
tank_1061,0.0,1699660800000
tank_1062,0.0,1699660800000
tank_1064,1.4313725490196079,1699660800000
tank_1065,11.372549019607844,1699660800000
tank_1066,0.0,1699660800000
tank_1070,0.0,1699660800000
tank_1073,0.0,1699660800000
tank_1083,181.0,1699660800000
tank_1086,5.0,1699660800000
tank_1088,14.776470588235295,1699660800000
tank_1089,13.0,1699660800000
tank_1090,0.0,1699660800000
tank_1091,2.0,1699660800000
tank_1094,30.0,1699660800000
tank_1095,0.0,1699660800000
tank_1104,9.04313725490196,1699660800000
tank_1113,35.87058823529412,1699660800000
tank_1116,4.952941176470588,1699660800000
tank_1117,0.0,1699660800000
tank_1120,464.61960784313726,1699660800000
tank_1121,0.0,1699660800000
tank_1124,0.0,1699660800000
tank_1128,0.0,1699660800000
tank_1134,0.0,1699660800000
tank_1135,0.0,1699660800000
tank_1146,14.749019607843138,1699660800000
tank_1149,11.090196078431372,1699660800000
tank_1156,0.0,1699660800000
tank_1157,17.360784313725492,1699660800000
tank_1159,78.0,1699660800000
tank_1160,8.0,1699660800000
tank_1166,1.1019607843137256,1699660800000
tank_1170,24.97254901960784,1699660800000
tank_1175,0.0,1699660800000
tank_1177,36.501960784313724,1699660800000
tank_1179,0.0,1699660800000
tank_1181,181.7019607843137,1699660800000
tank_1186,0.0,1699660800000
tank_1187,19.56470588235294,1699660800000
tank_1190,0.0,1699660800000
tank_1192,0.0,1699660800000
tank_1196,0.0,1699660800000
tank_1197,1014.0,1699660800000
tank_1201,0.0,1699660800000
tank_1203,1.9058823529411766,1699660800000
tank_1205,0.0,1699660800000
tank_1209,1043.0,1699660800000
tank_1217,0.0,1699660800000
tank_1223,0.0,1699660800000
tank_1226,41.35686274509804,1699660800000
tank_1228,16.0,1699660800000
tank_1230,0.0,1699660800000
tank_1237,0.0,1699660800000
tank_1239,847.0,1699660800000
tank_1245,0.0,1699660800000
tank_1246,24.0,1699660800000
tank_1250,0.0,1699660800000
tank_1254,513.0,1699660800000
tank_1255,0.0,1699660800000
tank_1258,18.0,1699660800000
tank_1261,0.0,1699660800000
tank_1262,6.749019607843137,1699660800000
tank_1263,0.0,1699660800000
tank_1265,1.0,1699660800000
tank_1270,0.0,1699660800000
tank_1272,16.870588235294118,1699660800000
tank_1275,0.0,1699660800000
tank_1276,134.95294117647057,1699660800000
tank_1279,0.0,1699660800000
tank_1280,0.0,1699660800000
tank_1284,0.0,1699660800000
tank_1285,0.0,1699660800000
tank_1286,102.02745098039216,1699660800000
tank_1290,15.941176470588236,1699660800000
tank_1291,0.0,1699660800000
tank_1293,23.0,1699660800000
tank_1295,0.0,1699660800000
tank_1297,0.0,1699660800000
tank_1301,0.0,1699660800000
tank_1302,13.0,1699660800000
tank_1304,0.0,1699660800000
tank_1305,21.0,1699660800000
tank_1313,1096.0,1699660800000
tank_1322,0.0,1699660800000
tank_1325,0.0,1699660800000
tank_1326,0.0,1699660800000
tank_1344,0.0,1699660800000
tank_1346,0.0,1699660800000
tank_1349,0.0,1699660800000
tank_1353,1150.0,1699660800000
tank_1358,0.0,1699660800000
tank_1359,1.168627450980392,1699660800000
tank_1361,957.6588235294118,1699660800000
tank_1364,587.0,1699660800000
tank_1365,99.94901960784314,1699660800000
tank_1372,0.0,1699660800000
tank_1374,275.0,1699660800000
tank_1378,0.0,1699660800000
tank_1380,0.0,1699660800000
tank_1386,22.0,1699660800000
tank_1391,0.0,1699660800000
tank_1393,0.0,1699660800000
tank_1396,0.0,1699660800000
tank_1397,0.0,1699660800000
tank_1403,0.0,1699660800000
tank_1409,0.0,1699660800000
tank_1412,0.0,1699660800000
tank_1415,0.0,1699660800000
tank_1416,0.0,1699660800000
tank_1421,311.0,1699660800000
tank_1422,0.0,1699660800000
tank_1425,260.0,1699660800000
tank_1426,53.88235294117647,1699660800000
tank_1430,0.0,1699660800000
tank_1433,373.0,1699660800000
tank_1438,2.0,1699660800000
tank_1439,0.0,1699660800000
tank_1441,0.0,1699660800000
tank_1443,0.0,1699660800000
tank_1445,16.0,1699660800000
tank_1446,5.0,1699660800000
tank_1450,0.0,1699660800000
tank_1452,0.0,1699660800000
tank_1456,0.0,1699660800000
tank_1466,0.0,1699660800000
tank_1471,0.0,1699660800000
tank_1475,0.0,1699660800000
tank_1486,340.0,1699660800000
tank_1488,97.0,1699660800000
tank_1491,0.0,1699660800000
tank_1500,0.0,1699660800000
tank_1505,295.0,1699660800000
tank_1513,228.0,1699660800000
tank_1531,0.0,1699660800000
tank_1536,21.0,1699660800000
tank_1539,271.0,1699660800000
tank_1541,0.0,1699660800000
tank_1542,0.0,1699660800000
tank_1547,145.0,1699660800000
tank_1563,0.0,1699660800000
tank_1564,0.0,1699660800000
tank_1565,153.0,1699660800000
tank_1567,0.0,1699660800000
tank_1568,0.0,1699660800000
tank_1573,8.0,1699660800000
tank_1583,0.0,1699660800000
tank_1587,841.0,1699660800000
tank_1588,0.0,1699660800000
tank_1592,0.0,1699660800000
tank_1594,76.0,1699660800000
tank_1595,0.0,1699660800000
tank_1597,209.78823529411764,1699660800000
tank_1598,2.0980392156862746,1699660800000
tank_1600,0.0,1699660800000
tank_1604,0.0,1699660800000
tank_0002,0.0,1700697600000
tank_0004,0.0,1700697600000
tank_0005,0.0,1700697600000
tank_0011,0.0,1700697600000
tank_0014,0.0,1700697600000
tank_0019,0.0,1700697600000
tank_0024,10.0,1700697600000
tank_0025,6.901960784313726,1700697600000
tank_0026,1.0,1700697600000
tank_0027,0.0,1700697600000
tank_0030,0.0,1700697600000
tank_0031,0.0,1700697600000
tank_0036,0.0,1700697600000
tank_0037,0.0,1700697600000
tank_0038,13.149019607843133,1700697600000
tank_0050,0.0,1700697600000
tank_0051,0.0,1700697600000
tank_0052,5.992156862745098,1700697600000
tank_0053,23.95686274509804,1700697600000
tank_0055,0.0,1700697600000
tank_0057,0.0,1700697600000
tank_0058,0.0,1700697600000
tank_0064,2.0,1700697600000
tank_0069,55.0,1700697600000
tank_0072,0.0,1700697600000
tank_0073,0.0,1700697600000
tank_0080,20.0,1700697600000
tank_0094,0.0,1700697600000
tank_0107,2.0,1700697600000
tank_0110,0.0,1700697600000
tank_0113,15.525490196078431,1700697600000
tank_0115,1.8627450980392157,1700697600000
tank_0116,0.7490196078431373,1700697600000
tank_0117,65.0,1700697600000
tank_0118,0.0,1700697600000
tank_0122,0.0,1700697600000
tank_0125,3.019607843137255,1700697600000
tank_0130,3.9568627450980394,1700697600000
tank_0131,0.0,1700697600000
tank_0132,0.0,1700697600000
tank_0134,0.0,1700697600000
tank_0135,1.0,1700697600000
tank_0142,0.0,1700697600000
tank_0143,0.0,1700697600000
tank_0144,0.0,1700697600000
tank_0148,0.0,1700697600000
tank_0153,0.0,1700697600000
tank_0156,0.0,1700697600000
tank_0159,0.0,1700697600000
tank_0165,4.639215686274509,1700697600000
tank_0171,0.0,1700697600000
tank_0172,0.0,1700697600000
tank_0174,5.513725490196079,1700697600000
tank_0176,6.011764705882353,1700697600000
tank_0184,0.0,1700697600000
tank_0187,0.0,1700697600000
tank_0190,5.901960784313725,1700697600000
tank_0192,1.6784313725490196,1700697600000
tank_0193,2.0,1700697600000
tank_0195,0.0,1700697600000
tank_0199,0.0,1700697600000
tank_0204,18.0,1700697600000
tank_0205,0.0,1700697600000
tank_0207,11.980392156862745,1700697600000
tank_0209,0.0,1700697600000
tank_0213,0.0,1700697600000
tank_0217,0.0,1700697600000
tank_0220,0.0,1700697600000
tank_0221,6.458823529411765,1700697600000
tank_0225,0.0,1700697600000
tank_0226,2.0,1700697600000
tank_0228,0.0,1700697600000
tank_0229,0.0,1700697600000
tank_0231,6.866666666666667,1700697600000
tank_0233,0.0,1700697600000
tank_0236,1.0,1700697600000
tank_0237,0.0,1700697600000
tank_0240,0.0,1700697600000
tank_0242,0.0,1700697600000
tank_0245,0.16470588235294117,1700697600000
tank_0247,134.0,1700697600000
tank_0256,0.0,1700697600000
tank_0257,1.2941176470588236,1700697600000
tank_0260,0.0,1700697600000
tank_0261,0.0,1700697600000
tank_0264,0.0,1700697600000
tank_0273,27.0,1700697600000
tank_0276,0.0,1700697600000
tank_0278,0.2,1700697600000
tank_0280,1.0,1700697600000
tank_0291,0.0,1700697600000
tank_0292,0.0,1700697600000
tank_0296,0.0,1700697600000
tank_0297,9.63921568627451,1700697600000
tank_0299,0.0,1700697600000
tank_0300,0.0,1700697600000
tank_0301,0.0,1700697600000
tank_0307,0.0,1700697600000
tank_0309,0.0,1700697600000
tank_0313,0.0,1700697600000
tank_0314,0.0,1700697600000
tank_0319,0.0,1700697600000
tank_0321,0.0,1700697600000
tank_0327,0.0,1700697600000
tank_0337,0.792156862745098,1700697600000
tank_0338,8.192156862745097,1700697600000
tank_0339,0.0,1700697600000
tank_0342,1.0,1700697600000
tank_0345,0.0,1700697600000
tank_0346,0.0,1700697600000
tank_0349,183.9921568627451,1700697600000
tank_0350,0.0,1700697600000
tank_0353,7.956862745098039,1700697600000
tank_0356,0.0,1700697600000
tank_0360,0.0,1700697600000
tank_0361,0.0,1700697600000
tank_0362,0.0,1700697600000
tank_0364,0.6392156862745098,1700697600000
tank_0366,12.933333333333334,1700697600000
tank_0369,2.0,1700697600000
tank_0375,2.8862745098039215,1700697600000
tank_0379,0.0,1700697600000
tank_0381,0.0,1700697600000
tank_0386,0.0,1700697600000
tank_0390,0.0,1700697600000
tank_0397,0.0,1700697600000
tank_0399,7.0,1700697600000
tank_0404,37.35686274509804,1700697600000
tank_0409,0.0,1700697600000
tank_0420,0.0,1700697600000
tank_0425,0.0,1700697600000
tank_0431,0.0,1700697600000
tank_0432,0.25098039215686274,1700697600000
tank_0435,0.0,1700697600000
tank_0436,0.0,1700697600000
tank_0438,12.0,1700697600000
tank_0443,0.0,1700697600000
tank_0444,24.0,1700697600000
tank_0447,7.784313725490197,1700697600000
tank_0448,0.0,1700697600000
tank_0449,3.164705882352941,1700697600000
tank_0455,3.3294117647058825,1700697600000
tank_0460,0.0,1700697600000
tank_0462,0.0,1700697600000
tank_0466,0.0,1700697600000
tank_0471,1.0,1700697600000
tank_0473,5.0,1700697600000
tank_0474,0.0,1700697600000
tank_0481,6.83921568627451,1700697600000
tank_0485,0.0,1700697600000
tank_0489,0.0,1700697600000
tank_0491,0.0,1700697600000
tank_0494,0.0,1700697600000
tank_0497,0.0,1700697600000
tank_0498,0.4980392156862745,1700697600000
tank_0502,0.0,1700697600000
tank_0505,4.0,1700697600000
tank_0509,0.0,1700697600000
tank_0512,209.0,1700697600000
tank_0514,0.0,1700697600000
tank_0515,7.517647058823529,1700697600000
tank_0521,0.0,1700697600000
tank_0524,0.0,1700697600000
tank_0526,8.0,1700697600000
tank_0533,0.0,1700697600000
tank_0534,0.0,1700697600000
tank_0536,0.0,1700697600000
tank_0537,0.0,1700697600000
tank_0541,0.0,1700697600000
tank_0547,3.8745098039215686,1700697600000
tank_0552,0.7803921568627451,1700697600000
tank_0555,0.0,1700697600000
tank_0556,0.0,1700697600000
tank_0557,0.12549019607843137,1700697600000
tank_0560,0.403921568627451,1700697600000
tank_0561,0.0,1700697600000
tank_0566,0.0,1700697600000
tank_0567,0.0,1700697600000
tank_0568,11.294117647058824,1700697600000
tank_0574,15.0,1700697600000
tank_0579,421.0,1700697600000
tank_0583,29.0,1700697600000
tank_0587,0.0,1700697600000
tank_0589,3.066666666666667,1700697600000
tank_0590,0.0,1700697600000
tank_0592,0.0,1700697600000
tank_0593,0.0,1700697600000
tank_0595,0.0,1700697600000
tank_0600,0.0,1700697600000
tank_0604,0.0,1700697600000
tank_0606,1.0,1700697600000
tank_0607,5.247058823529412,1700697600000
tank_0608,193.0,1700697600000
tank_0610,4.827450980392157,1700697600000
tank_0611,0.0,1700697600000
tank_0612,0.058823529411764705,1700697600000
tank_0613,0.0,1700697600000
tank_0619,0.0,1700697600000
tank_0626,0.0,1700697600000
tank_0627,0.0,1700697600000
tank_0628,0.0,1700697600000
tank_0632,2.0,1700697600000
tank_0633,0.25098039215686274,1700697600000
tank_0639,0.0,1700697600000
tank_0640,0.0,1700697600000
tank_0641,0.0,1700697600000
tank_0643,0.0,1700697600000
tank_0646,0.0,1700697600000
tank_0663,1.0,1700697600000
tank_0664,0.0,1700697600000
tank_0666,0.0,1700697600000
tank_0667,4.0,1700697600000
tank_0670,0.0,1700697600000
tank_0675,0.0,1700697600000
tank_0676,380.0,1700697600000
tank_0678,0.0,1700697600000
tank_0681,0.0,1700697600000
tank_0687,0.0,1700697600000
tank_0688,303.0,1700697600000
tank_0697,0.0,1700697600000
tank_0720,0.42745098039215684,1700697600000
tank_0722,0.0,1700697600000
tank_0724,0.0,1700697600000
tank_0725,0.0,1700697600000
tank_0728,0.0,1700697600000
tank_0730,0.0,1700697600000
tank_0731,622.0,1700697600000
tank_0732,0.0,1700697600000
tank_0737,416.0,1700697600000
tank_0739,6.2705882352941185,1700697600000
tank_0740,3.0,1700697600000
tank_0746,0.0,1700697600000
tank_0748,0.0,1700697600000
tank_0749,4.0,1700697600000
tank_0752,10.0,1700697600000
tank_0760,0.0,1700697600000
tank_0770,0.0,1700697600000
tank_0772,0.0,1700697600000
tank_0788,0.0,1700697600000
tank_0789,0.0,1700697600000
tank_0792,88.2156862745098,1700697600000
tank_0797,0.0,1700697600000
tank_0800,0.0,1700697600000
tank_0802,2.364705882352941,1700697600000
tank_0803,10.776470588235295,1700697600000
tank_0808,8.192156862745097,1700697600000
tank_0810,14.68235294117647,1700697600000
tank_0811,5.733333333333333,1700697600000
tank_0812,61.47843137254902,1700697600000
tank_0813,1.9450980392156862,1700697600000
tank_0816,7.796078431372549,1700697600000
tank_0819,2.0,1700697600000
tank_0823,0.0,1700697600000
tank_0824,0.0,1700697600000
tank_0825,0.0,1700697600000
tank_0828,0.0,1700697600000
tank_0829,0.0,1700697600000
tank_0830,0.0,1700697600000
tank_0831,0.0,1700697600000
tank_0844,0.0,1700697600000
tank_0852,27.0,1700697600000
tank_0855,68.0,1700697600000
tank_0856,702.0,1700697600000
tank_0860,1.0,1700697600000
tank_0861,0.0,1700697600000
tank_0872,0.0,1700697600000
tank_0875,156.56470588235294,1700697600000
tank_0879,0.0,1700697600000
tank_0885,3.0,1700697600000
tank_0891,0.0,1700697600000
tank_0894,569.0,1700697600000
tank_0898,471.0,1700697600000
tank_0900,19.0,1700697600000
tank_0901,0.0,1700697600000
tank_0902,237.0,1700697600000
tank_0914,0.0,1700697600000
tank_0917,265.0,1700697600000
tank_0919,0.0,1700697600000
tank_0920,13.247058823529413,1700697600000
tank_0922,141.0,1700697600000
tank_0923,6.0,1700697600000
tank_0924,0.0,1700697600000
tank_0926,0.0,1700697600000
tank_0927,0.0,1700697600000
tank_0928,0.0,1700697600000
tank_0930,104.0,1700697600000
tank_0931,0.0,1700697600000
tank_0933,0.0,1700697600000
tank_0934,0.0,1700697600000
tank_0937,0.0,1700697600000
tank_0938,0.0,1700697600000
tank_0939,0.0,1700697600000
tank_0944,0.0,1700697600000
tank_0946,0.0,1700697600000
tank_0952,34.67843137254902,1700697600000
tank_0958,0.0,1700697600000
tank_0962,1145.0,1700697600000
tank_0967,0.9215686274509804,1700697600000
tank_0975,0.0,1700697600000
tank_0978,0.0,1700697600000
tank_0990,0.0,1700697600000
tank_0991,0.0,1700697600000
tank_0998,3.7490196078431373,1700697600000
tank_0999,0.0,1700697600000
tank_1003,542.0,1700697600000
tank_1004,5.0,1700697600000
tank_1014,6.0,1700697600000
tank_1026,82.0,1700697600000
tank_1031,34.0,1700697600000
tank_1032,12.0,1700697600000
tank_1034,0.0,1700697600000
tank_1042,22.0,1700697600000
tank_1045,0.0,1700697600000
tank_1049,3.0,1700697600000
tank_1055,4.964705882352941,1700697600000
tank_1061,0.0,1700697600000
tank_1062,0.0,1700697600000
tank_1064,0.0,1700697600000
tank_1065,6.894117647058824,1700697600000
tank_1066,2.6549019607843136,1700697600000
tank_1070,0.0,1700697600000
tank_1073,0.0,1700697600000
tank_1083,203.0,1700697600000
tank_1086,7.0,1700697600000
tank_1088,27.635294117647064,1700697600000
tank_1089,12.0,1700697600000
tank_1090,0.0,1700697600000
tank_1091,0.0,1700697600000
tank_1094,3.0,1700697600000
tank_1095,0.0,1700697600000
tank_1104,6.619607843137255,1700697600000
tank_1113,38.0,1700697600000
tank_1116,8.48235294117647,1700697600000
tank_1117,0.0,1700697600000
tank_1120,429.3058823529412,1700697600000
tank_1121,0.0,1700697600000
tank_1124,0.0,1700697600000
tank_1128,0.0,1700697600000
tank_1134,2.6745098039215685,1700697600000
tank_1135,0.0,1700697600000
tank_1146,1.7490196078431373,1700697600000
tank_1149,17.827450980392157,1700697600000
tank_1156,0.0,1700697600000
tank_1157,14.486274509803923,1700697600000
tank_1159,3.0,1700697600000
tank_1160,13.0,1700697600000
tank_1166,0.49411764705882355,1700697600000
tank_1170,25.454901960784312,1700697600000
tank_1175,0.0,1700697600000
tank_1177,16.411764705882348,1700697600000
tank_1179,1.3607843137254902,1700697600000
tank_1181,151.0,1700697600000
tank_1186,0.0,1700697600000
tank_1187,36.168627450980395,1700697600000
tank_1190,0.0,1700697600000
tank_1192,0.0,1700697600000
tank_1196,0.0,1700697600000
tank_1197,1566.0,1700697600000
tank_1201,0.0,1700697600000
tank_1203,5.0,1700697600000
tank_1205,0.0,1700697600000
tank_1209,1148.0,1700697600000
tank_1217,0.0,1700697600000
tank_1223,0.0,1700697600000
tank_1226,48.98823529411764,1700697600000
tank_1228,10.0,1700697600000
tank_1230,0.0,1700697600000
tank_1237,0.0,1700697600000
tank_1239,873.0,1700697600000
tank_1245,0.0,1700697600000
tank_1246,16.0,1700697600000
tank_1250,0.0,1700697600000
tank_1254,465.0,1700697600000
tank_1255,6.0,1700697600000
tank_1258,11.0,1700697600000
tank_1261,0.25098039215686274,1700697600000
tank_1262,2.0,1700697600000
tank_1263,0.0,1700697600000
tank_1265,0.0,1700697600000
tank_1270,0.0,1700697600000
tank_1272,20.99607843137255,1700697600000
tank_1275,4.43921568627451,1700697600000
tank_1276,143.0,1700697600000
tank_1279,0.0,1700697600000
tank_1280,0.0,1700697600000
tank_1284,0.0,1700697600000
tank_1285,0.0,1700697600000
tank_1286,88.0,1700697600000
tank_1290,19.941176470588236,1700697600000
tank_1291,0.0,1700697600000
tank_1293,9.0,1700697600000
tank_1295,0.0,1700697600000
tank_1297,0.0,1700697600000
tank_1301,0.0,1700697600000
tank_1302,0.0,1700697600000
tank_1304,0.0,1700697600000
tank_1305,4.0,1700697600000
tank_1313,1158.0,1700697600000
tank_1322,0.0,1700697600000
tank_1325,2.0,1700697600000
tank_1326,0.12549019607843137,1700697600000
tank_1344,0.0,1700697600000
tank_1346,0.0,1700697600000
tank_1349,0.8745098039215686,1700697600000
tank_1353,1061.0,1700697600000
tank_1358,0.0,1700697600000
tank_1359,0.0,1700697600000
tank_1361,935.9019607843137,1700697600000
tank_1364,565.0,1700697600000
tank_1365,48.0,1700697600000
tank_1372,0.0,1700697600000
tank_1374,245.0,1700697600000
tank_1378,400.0,1700697600000
tank_1380,0.0,1700697600000
tank_1386,11.0,1700697600000
tank_1391,0.0,1700697600000
tank_1393,0.0,1700697600000
tank_1396,0.0,1700697600000
tank_1397,0.0,1700697600000
tank_1403,0.0,1700697600000
tank_1409,3.0,1700697600000
tank_1412,0.0,1700697600000
tank_1415,0.0,1700697600000
tank_1416,0.0,1700697600000
tank_1421,434.20392156862744,1700697600000
tank_1422,0.0,1700697600000
tank_1425,264.0,1700697600000
tank_1426,58.7921568627451,1700697600000
tank_1430,0.0,1700697600000
tank_1433,414.8588235294118,1700697600000
tank_1438,0.0,1700697600000
tank_1439,0.0,1700697600000
tank_1441,0.0,1700697600000
tank_1443,0.0,1700697600000
tank_1445,15.0,1700697600000
tank_1446,7.0,1700697600000
tank_1450,0.0,1700697600000
tank_1452,0.0,1700697600000
tank_1456,0.0,1700697600000
tank_1466,0.0,1700697600000
tank_1471,0.0,1700697600000
tank_1475,0.0,1700697600000
tank_1486,619.0,1700697600000
tank_1488,72.0,1700697600000
tank_1491,0.0,1700697600000
tank_1500,0.0,1700697600000
tank_1505,227.0,1700697600000
tank_1513,612.0,1700697600000
tank_1531,0.0,1700697600000
tank_1536,7.0,1700697600000
tank_1539,251.0,1700697600000
tank_1541,0.0,1700697600000
tank_1542,0.0,1700697600000
tank_1547,129.0,1700697600000
tank_1563,0.0,1700697600000
tank_1564,0.0,1700697600000
tank_1565,254.0,1700697600000
tank_1567,0.0,1700697600000
tank_1568,0.0,1700697600000
tank_1573,6.0,1700697600000
tank_1583,0.0,1700697600000
tank_1587,658.0,1700697600000
tank_1588,0.0,1700697600000
tank_1592,0.0,1700697600000
tank_1594,74.0,1700697600000
tank_1595,0.0,1700697600000
tank_1597,106.2078431372549,1700697600000
tank_1598,1.0,1700697600000
tank_1600,7.0,1700697600000
tank_1604,0.0,1700697600000
tank_0002,1.0,1701734400000
tank_0004,0.0,1701734400000
tank_0005,0.0,1701734400000
tank_0011,0.0,1701734400000
tank_0014,1.9686274509803923,1701734400000
tank_0019,2.537254901960784,1701734400000
tank_0024,18.1921568627451,1701734400000
tank_0025,0.37254901960784315,1701734400000
tank_0026,0.0,1701734400000
tank_0027,0.0,1701734400000
tank_0030,0.0,1701734400000
tank_0031,6.0,1701734400000
tank_0036,0.0,1701734400000
tank_0037,0.0,1701734400000
tank_0038,15.839215686274507,1701734400000
tank_0050,1.0,1701734400000
tank_0051,0.0,1701734400000
tank_0052,9.364705882352942,1701734400000
tank_0053,46.48627450980393,1701734400000
tank_0055,0.0,1701734400000
tank_0057,5.0,1701734400000
tank_0058,0.0,1701734400000
tank_0064,4.0,1701734400000
tank_0069,62.0,1701734400000
tank_0072,0.0,1701734400000
tank_0073,0.0,1701734400000
tank_0080,19.0,1701734400000
tank_0094,0.0,1701734400000
tank_0107,0.22745098039215686,1701734400000
tank_0110,2.0,1701734400000
tank_0113,25.894117647058824,1701734400000
tank_0115,3.2862745098039214,1701734400000
tank_0116,0.0,1701734400000
tank_0117,92.0,1701734400000
tank_0118,0.0,1701734400000
tank_0122,0.0,1701734400000
tank_0125,0.38039215686274513,1701734400000
tank_0130,2.0627450980392155,1701734400000
tank_0131,0.0,1701734400000
tank_0132,0.0,1701734400000
tank_0134,0.0,1701734400000
tank_0135,7.0,1701734400000
tank_0142,0.0,1701734400000
tank_0143,0.0,1701734400000
tank_0144,0.0,1701734400000
tank_0148,0.0,1701734400000
tank_0153,1.0,1701734400000
tank_0156,8.627450980392156,1701734400000
tank_0159,0.0,1701734400000
tank_0165,4.788235294117647,1701734400000
tank_0171,0.0,1701734400000
tank_0172,0.0,1701734400000
tank_0174,5.196078431372549,1701734400000
tank_0176,8.062745098039215,1701734400000
tank_0184,0.3803921568627451,1701734400000
tank_0187,0.0,1701734400000
tank_0190,3.9490196078431374,1701734400000
tank_0192,0.9450980392156862,1701734400000
tank_0193,16.501960784313727,1701734400000
tank_0195,19.725490196078432,1701734400000
tank_0199,0.0,1701734400000
tank_0204,29.0,1701734400000
tank_0205,0.0,1701734400000
tank_0207,2.76078431372549,1701734400000
tank_0209,0.0,1701734400000
tank_0213,0.0,1701734400000
tank_0217,0.0,1701734400000
tank_0220,0.0,1701734400000
tank_0221,12.341176470588234,1701734400000
tank_0225,0.0,1701734400000
tank_0226,0.0,1701734400000
tank_0228,0.0,1701734400000
tank_0229,0.0,1701734400000
tank_0231,0.0,1701734400000
tank_0233,0.0,1701734400000
tank_0236,0.7490196078431373,1701734400000
tank_0237,0.0,1701734400000
tank_0240,0.0,1701734400000
tank_0242,0.0,1701734400000
tank_0245,1.4980392156862745,1701734400000
tank_0247,82.0,1701734400000
tank_0256,0.0,1701734400000
tank_0257,0.0,1701734400000
tank_0260,0.0,1701734400000
tank_0261,0.0,1701734400000
tank_0264,0.0,1701734400000
tank_0273,7.0,1701734400000
tank_0276,0.043137254901960784,1701734400000
tank_0278,2.0,1701734400000
tank_0280,0.0,1701734400000
tank_0291,0.0,1701734400000
tank_0292,0.0,1701734400000
tank_0296,0.0,1701734400000
tank_0297,7.0,1701734400000
tank_0299,0.0,1701734400000
tank_0300,17.211764705882352,1701734400000
tank_0301,1.4980392156862745,1701734400000
tank_0307,0.0,1701734400000
tank_0309,0.0,1701734400000
tank_0313,0.0,1701734400000
tank_0314,5.325490196078431,1701734400000
tank_0319,0.0,1701734400000
tank_0321,0.0,1701734400000
tank_0327,0.0,1701734400000
tank_0337,0.0,1701734400000
tank_0338,0.0,1701734400000
tank_0339,1.807843137254902,1701734400000
tank_0342,5.403921568627451,1701734400000
tank_0345,3.0,1701734400000
tank_0346,0.0,1701734400000
tank_0349,166.0,1701734400000
tank_0350,0.0,1701734400000
tank_0353,12.0,1701734400000
tank_0356,0.0,1701734400000
tank_0360,0.6980392156862745,1701734400000
tank_0361,18.94509803921569,1701734400000
tank_0362,2.537254901960784,1701734400000
tank_0364,0.0,1701734400000
tank_0366,4.666666666666666,1701734400000
tank_0369,4.0,1701734400000
tank_0375,0.0,1701734400000
tank_0379,1.0,1701734400000
tank_0381,0.0,1701734400000
tank_0386,0.0,1701734400000
tank_0390,0.0,1701734400000
tank_0397,0.0,1701734400000
tank_0399,0.0,1701734400000
tank_0404,8.0,1701734400000
tank_0409,0.0,1701734400000
tank_0420,0.050980392156862744,1701734400000
tank_0425,1.031372549019608,1701734400000
tank_0431,0.0,1701734400000
tank_0432,2.5019607843137255,1701734400000
tank_0435,0.0,1701734400000
tank_0436,0.0,1701734400000
tank_0438,5.0,1701734400000
tank_0443,0.0,1701734400000
tank_0444,0.0,1701734400000
tank_0447,18.75686274509804,1701734400000
tank_0448,0.0,1701734400000
tank_0449,0.12549019607843137,1701734400000
tank_0455,8.619607843137254,1701734400000
tank_0460,1.1764705882352942,1701734400000
tank_0462,0.0,1701734400000
tank_0466,0.0,1701734400000
tank_0471,0.0,1701734400000
tank_0473,4.0,1701734400000
tank_0474,0.0,1701734400000
tank_0481,17.674509803921566,1701734400000
tank_0485,0.0,1701734400000
tank_0489,0.0,1701734400000
tank_0491,0.0,1701734400000
tank_0494,1.8862745098039215,1701734400000
tank_0497,0.0,1701734400000
tank_0498,0.0,1701734400000
tank_0502,0.0,1701734400000
tank_0505,0.0,1701734400000
tank_0509,1.388235294117647,1701734400000
tank_0512,35.0,1701734400000
tank_0514,0.0,1701734400000
tank_0515,0.0,1701734400000
tank_0521,0.0,1701734400000
tank_0524,0.0,1701734400000
tank_0526,0.0,1701734400000
tank_0533,0.0,1701734400000
tank_0534,0.0,1701734400000
tank_0536,0.0,1701734400000
tank_0537,0.0,1701734400000
tank_0541,3.0,1701734400000
tank_0547,0.0,1701734400000
tank_0552,5.294117647058823,1701734400000
tank_0555,0.0,1701734400000
tank_0556,0.0,1701734400000
tank_0557,0.0,1701734400000
tank_0560,0.0,1701734400000
tank_0561,0.0,1701734400000
tank_0566,0.0,1701734400000
tank_0567,0.0,1701734400000
tank_0568,17.0,1701734400000
tank_0574,0.0,1701734400000
tank_0579,143.0,1701734400000
tank_0583,4.0,1701734400000
tank_0587,0.0,1701734400000
tank_0589,2.243137254901961,1701734400000
tank_0590,1.0,1701734400000
tank_0592,0.0,1701734400000
tank_0593,0.0,1701734400000
tank_0595,2.0,1701734400000
tank_0600,0.0,1701734400000
tank_0604,0.0,1701734400000
tank_0606,4.0,1701734400000
tank_0607,6.0,1701734400000
tank_0608,94.0,1701734400000
tank_0610,3.572549019607843,1701734400000
tank_0611,4.631372549019607,1701734400000
tank_0612,2.3294117647058825,1701734400000
tank_0613,0.0,1701734400000
tank_0619,4.882352941176471,1701734400000
tank_0626,0.0,1701734400000
tank_0627,0.0,1701734400000
tank_0628,0.0,1701734400000
tank_0632,4.0,1701734400000
tank_0633,0.25098039215686274,1701734400000
tank_0639,0.0,1701734400000
tank_0640,0.0,1701734400000
tank_0641,0.0,1701734400000
tank_0643,0.0,1701734400000
tank_0646,0.8823529411764706,1701734400000
tank_0663,8.996078431372549,1701734400000
tank_0664,0.0,1701734400000
tank_0666,0.0,1701734400000
tank_0667,20.890196078431373,1701734400000
tank_0670,0.0,1701734400000
tank_0675,0.0,1701734400000
tank_0676,48.0,1701734400000
tank_0678,0.0,1701734400000
tank_0681,0.0,1701734400000
tank_0687,0.0,1701734400000
tank_0688,169.86666666666667,1701734400000
tank_0697,0.0,1701734400000
tank_0720,3.631372549019608,1701734400000
tank_0722,0.0,1701734400000
tank_0724,3.0,1701734400000
tank_0725,0.0,1701734400000
tank_0728,0.0,1701734400000
tank_0730,0.0,1701734400000
tank_0731,144.0,1701734400000
tank_0732,0.2901960784313726,1701734400000
tank_0737,12.0,1701734400000
tank_0739,0.0,1701734400000
tank_0740,10.749019607843138,1701734400000
tank_0746,0.0,1701734400000
tank_0748,0.0,1701734400000
tank_0749,10.0,1701734400000
tank_0752,5.0,1701734400000
tank_0760,0.0,1701734400000
tank_0770,0.0,1701734400000
tank_0772,0.0,1701734400000
tank_0788,0.0,1701734400000
tank_0789,0.0,1701734400000
tank_0792,84.86666666666667,1701734400000
tank_0797,0.0,1701734400000
tank_0800,2.0,1701734400000
tank_0802,0.0,1701734400000
tank_0803,0.4980392156862745,1701734400000
tank_0808,1.231372549019608,1701734400000
tank_0810,9.980392156862745,1701734400000
tank_0811,9.384313725490195,1701734400000
tank_0812,46.0,1701734400000
tank_0813,0.0,1701734400000
tank_0816,0.0,1701734400000
tank_0819,0.0,1701734400000
tank_0823,0.0,1701734400000
tank_0824,0.0,1701734400000
tank_0825,0.0,1701734400000
tank_0828,0.0,1701734400000
tank_0829,0.0,1701734400000
tank_0830,0.0,1701734400000
tank_0831,0.0,1701734400000
tank_0844,0.0,1701734400000
tank_0852,37.31764705882353,1701734400000
tank_0855,60.0,1701734400000
tank_0856,67.0,1701734400000
tank_0860,1.0,1701734400000
tank_0861,0.0,1701734400000
tank_0872,0.0,1701734400000
tank_0875,126.74509803921569,1701734400000
tank_0879,0.0,1701734400000
tank_0885,0.07450980392156863,1701734400000
tank_0891,0.0,1701734400000
tank_0894,107.0,1701734400000
tank_0898,108.0,1701734400000
tank_0900,10.333333333333332,1701734400000
tank_0901,0.0,1701734400000
tank_0902,28.0,1701734400000
tank_0914,0.0,1701734400000
tank_0917,71.0,1701734400000
tank_0919,0.0,1701734400000
tank_0920,17.70980392156863,1701734400000
tank_0922,142.0,1701734400000
tank_0923,2.0,1701734400000
tank_0924,0.0,1701734400000
tank_0926,0.0,1701734400000
tank_0927,1.8745098039215686,1701734400000
tank_0928,0.0,1701734400000
tank_0930,83.0,1701734400000
tank_0931,0.0,1701734400000
tank_0933,0.0,1701734400000
tank_0934,0.0,1701734400000
tank_0937,0.0,1701734400000
tank_0938,0.0,1701734400000
tank_0939,0.0,1701734400000
tank_0944,0.0,1701734400000
tank_0946,0.0,1701734400000
tank_0952,14.905882352941177,1701734400000
tank_0958,0.0,1701734400000
tank_0962,210.0,1701734400000
tank_0967,2.3450980392156864,1701734400000
tank_0975,0.0,1701734400000
tank_0978,0.0,1701734400000
tank_0990,0.0,1701734400000
tank_0991,0.0,1701734400000
tank_0998,0.1411764705882353,1701734400000
tank_0999,0.0,1701734400000
tank_1003,39.0,1701734400000
tank_1004,14.050980392156863,1701734400000
tank_1014,1.0,1701734400000
tank_1026,39.0,1701734400000
tank_1031,34.0,1701734400000
tank_1032,0.0,1701734400000
tank_1034,3.772549019607843,1701734400000
tank_1042,36.0,1701734400000
tank_1045,0.0,1701734400000
tank_1049,0.0,1701734400000
tank_1055,7.705882352941176,1701734400000
tank_1061,0.0,1701734400000
tank_1062,3.3215686274509806,1701734400000
tank_1064,0.0,1701734400000
tank_1065,2.2784313725490195,1701734400000
tank_1066,0.0,1701734400000
tank_1070,0.0,1701734400000
tank_1073,0.0,1701734400000
tank_1083,80.0,1701734400000
tank_1086,7.0,1701734400000
tank_1088,8.501960784313725,1701734400000
tank_1089,10.0,1701734400000
tank_1090,0.0,1701734400000
tank_1091,0.0,1701734400000
tank_1094,0.0,1701734400000
tank_1095,0.0,1701734400000
tank_1104,5.749019607843137,1701734400000
tank_1113,30.0,1701734400000
tank_1116,0.0,1701734400000
tank_1117,0.0,1701734400000
tank_1120,250.93725490196078,1701734400000
tank_1121,4.0,1701734400000
tank_1124,0.0,1701734400000
tank_1128,0.0,1701734400000
tank_1134,0.40784313725490196,1701734400000
tank_1135,0.0,1701734400000
tank_1146,0.0,1701734400000
tank_1149,12.831372549019608,1701734400000
tank_1156,0.0,1701734400000
tank_1157,16.47843137254902,1701734400000
tank_1159,8.0,1701734400000
tank_1160,0.0,1701734400000
tank_1166,0.12941176470588237,1701734400000
tank_1170,27.937254901960785,1701734400000
tank_1175,0.0,1701734400000
tank_1177,3.16078431372549,1701734400000
tank_1179,0.47058823529411764,1701734400000
tank_1181,89.0,1701734400000
tank_1186,0.0,1701734400000
tank_1187,19.588235294117645,1701734400000
tank_1190,0.0,1701734400000
tank_1192,0.0,1701734400000
tank_1196,0.0,1701734400000
tank_1197,214.0,1701734400000
tank_1201,0.0,1701734400000
tank_1203,0.0,1701734400000
tank_1205,2.0,1701734400000
tank_1209,36.92941176470588,1701734400000
tank_1217,0.0,1701734400000
tank_1223,0.0,1701734400000
tank_1226,33.98823529411764,1701734400000
tank_1228,0.0,1701734400000
tank_1230,0.0,1701734400000
tank_1237,0.0,1701734400000
tank_1239,219.0,1701734400000
tank_1245,1.0156862745098039,1701734400000
tank_1246,0.0,1701734400000
tank_1250,0.0,1701734400000
tank_1254,4.0,1701734400000
tank_1255,0.0,1701734400000
tank_1258,5.0,1701734400000
tank_1261,0.9019607843137254,1701734400000
tank_1262,1.2784313725490195,1701734400000
tank_1263,0.0,1701734400000
tank_1265,0.0,1701734400000
tank_1270,0.0,1701734400000
tank_1272,12.870588235294118,1701734400000
tank_1275,0.0,1701734400000
tank_1276,18.0,1701734400000
tank_1279,0.0,1701734400000
tank_1280,2.0,1701734400000
tank_1284,0.0,1701734400000
tank_1285,0.0,1701734400000
tank_1286,52.0,1701734400000
tank_1290,1.0,1701734400000
tank_1291,0.0,1701734400000
tank_1293,1.0,1701734400000
tank_1295,0.0,1701734400000
tank_1297,0.0,1701734400000
tank_1301,0.0,1701734400000
tank_1302,0.0,1701734400000
tank_1304,0.0,1701734400000
tank_1305,0.0,1701734400000
tank_1313,22.0,1701734400000
tank_1322,0.0,1701734400000
tank_1325,0.0,1701734400000
tank_1326,0.0,1701734400000
tank_1344,0.0,1701734400000
tank_1346,0.0,1701734400000
tank_1349,0.0,1701734400000
tank_1353,178.0,1701734400000
tank_1358,0.0,1701734400000
tank_1359,0.0,1701734400000
tank_1361,141.0,1701734400000
tank_1364,8.0,1701734400000
tank_1365,4.0,1701734400000
tank_1372,0.0,1701734400000
tank_1374,43.0,1701734400000
tank_1378,159.0,1701734400000
tank_1380,0.0,1701734400000
tank_1386,0.0,1701734400000
tank_1391,0.0,1701734400000
tank_1393,0.0,1701734400000
tank_1396,0.0,1701734400000
tank_1397,0.0,1701734400000
tank_1403,0.0,1701734400000
tank_1409,0.0,1701734400000
tank_1412,0.0,1701734400000
tank_1415,0.0,1701734400000
tank_1416,0.0,1701734400000
tank_1421,115.74117647058824,1701734400000
tank_1422,0.0,1701734400000
tank_1425,58.0,1701734400000
tank_1426,3.831372549019608,1701734400000
tank_1430,0.0,1701734400000
tank_1433,45.0,1701734400000
tank_1438,0.0,1701734400000
tank_1439,0.0,1701734400000
tank_1441,0.0,1701734400000
tank_1443,0.8745098039215686,1701734400000
tank_1445,0.0,1701734400000
tank_1446,0.0,1701734400000
tank_1450,0.0,1701734400000
tank_1452,0.0,1701734400000
tank_1456,0.0,1701734400000
tank_1466,0.0,1701734400000
tank_1471,0.0,1701734400000
tank_1475,0.0,1701734400000
tank_1486,73.0,1701734400000
tank_1488,52.0,1701734400000
tank_1491,0.0,1701734400000
tank_1500,0.0,1701734400000
tank_1505,176.0,1701734400000
tank_1513,298.0,1701734400000
tank_1531,0.0,1701734400000
tank_1536,7.0,1701734400000
tank_1539,93.0,1701734400000
tank_1541,0.0,1701734400000
tank_1542,0.0,1701734400000
tank_1547,100.0,1701734400000
tank_1563,0.0,1701734400000
tank_1564,0.0,1701734400000
tank_1565,342.0,1701734400000
tank_1567,0.0,1701734400000
tank_1568,0.0,1701734400000
tank_1573,2.0,1701734400000
tank_1583,0.0,1701734400000
tank_1587,627.0,1701734400000
tank_1588,0.0,1701734400000
tank_1592,0.0,1701734400000
tank_1594,59.0,1701734400000
tank_1595,0.0,1701734400000
tank_1597,106.59607843137255,1701734400000
tank_1598,0.1803921568627451,1701734400000
tank_1600,0.0,1701734400000
tank_1604,0.0,1701734400000
tank_0002,0.3607843137254902,1702771200000
tank_0004,0.0,1702771200000
tank_0005,0.0,1702771200000
tank_0011,0.0,1702771200000
tank_0014,1.0,1702771200000
tank_0019,0.0,1702771200000
tank_0024,13.701960784313727,1702771200000
tank_0025,0.37254901960784315,1702771200000
tank_0026,5.03921568627451,1702771200000
tank_0027,0.0,1702771200000
tank_0030,0.0,1702771200000
tank_0031,6.874509803921569,1702771200000
tank_0036,0.0,1702771200000
tank_0037,0.0,1702771200000
tank_0038,13.372549019607842,1702771200000
tank_0050,0.0,1702771200000
tank_0051,6.870588235294118,1702771200000
tank_0052,7.0,1702771200000
tank_0053,36.4,1702771200000
tank_0055,0.0,1702771200000
tank_0057,6.0,1702771200000
tank_0058,0.0,1702771200000
tank_0064,4.11764705882353,1702771200000
tank_0069,64.4470588235294,1702771200000
tank_0072,0.0,1702771200000
tank_0073,0.0,1702771200000
tank_0080,15.0,1702771200000
tank_0094,0.0,1702771200000
tank_0107,0.0,1702771200000
tank_0110,4.0,1702771200000
tank_0113,32.0,1702771200000
tank_0115,0.0,1702771200000
tank_0116,3.9333333333333336,1702771200000
tank_0117,101.0,1702771200000
tank_0118,1.0,1702771200000
tank_0122,0.0,1702771200000
tank_0125,0.0,1702771200000
tank_0130,13.529411764705882,1702771200000
tank_0131,0.0,1702771200000
tank_0132,0.0,1702771200000
tank_0134,0.0,1702771200000
tank_0135,0.20392156862745098,1702771200000
tank_0142,0.0,1702771200000
tank_0143,0.0,1702771200000
tank_0144,0.0,1702771200000
tank_0148,0.0,1702771200000
tank_0153,0.0,1702771200000
tank_0156,37.470588235294116,1702771200000
tank_0159,0.0,1702771200000
tank_0165,7.8,1702771200000
tank_0171,0.0,1702771200000
tank_0172,0.0,1702771200000
tank_0174,6.180392156862746,1702771200000
tank_0176,24.47450980392157,1702771200000
tank_0184,3.364705882352941,1702771200000
tank_0187,5.0,1702771200000
tank_0190,9.827450980392157,1702771200000
tank_0192,0.0,1702771200000
tank_0193,10.086274509803921,1702771200000
tank_0195,15.952941176470588,1702771200000
tank_0199,0.0,1702771200000
tank_0204,23.0,1702771200000
tank_0205,0.0,1702771200000
tank_0207,1.1372549019607843,1702771200000
tank_0209,0.0,1702771200000
tank_0213,0.0,1702771200000
tank_0217,1.0,1702771200000
tank_0220,4.0,1702771200000
tank_0221,0.0,1702771200000
tank_0225,0.0,1702771200000
tank_0226,13.0,1702771200000
tank_0228,0.0,1702771200000
tank_0229,0.0,1702771200000
tank_0231,0.0,1702771200000
tank_0233,0.0,1702771200000
tank_0236,0.0,1702771200000
tank_0237,0.0,1702771200000
tank_0240,0.0,1702771200000
tank_0242,0.0,1702771200000
tank_0245,0.0,1702771200000
tank_0247,88.0,1702771200000
tank_0256,0.0,1702771200000
tank_0257,0.0,1702771200000
tank_0260,1.8470588235294119,1702771200000
tank_0261,0.0,1702771200000
tank_0264,0.0,1702771200000
tank_0273,34.0,1702771200000
tank_0276,0.043137254901960784,1702771200000
tank_0278,4.0,1702771200000
tank_0280,0.0,1702771200000
tank_0291,0.0,1702771200000
tank_0292,12.0,1702771200000
tank_0296,0.0,1702771200000
tank_0297,1.0,1702771200000
tank_0299,2.0,1702771200000
tank_0300,14.39607843137255,1702771200000
tank_0301,0.0,1702771200000
tank_0307,0.0,1702771200000
tank_0309,0.0,1702771200000
tank_0313,0.0,1702771200000
tank_0314,1.0,1702771200000
tank_0319,0.0,1702771200000
tank_0321,0.0,1702771200000
tank_0327,0.0,1702771200000
tank_0337,2.0,1702771200000
tank_0338,3.411764705882353,1702771200000
tank_0339,7.105882352941176,1702771200000
tank_0342,10.482352941176469,1702771200000
tank_0345,6.215686274509804,1702771200000
tank_0346,0.0,1702771200000
tank_0349,202.0,1702771200000
tank_0350,0.0,1702771200000
tank_0353,17.0,1702771200000
tank_0356,0.0,1702771200000
tank_0360,2.6980392156862747,1702771200000
tank_0361,20.658823529411766,1702771200000
tank_0362,2.564705882352941,1702771200000
tank_0364,0.0,1702771200000
tank_0366,15.098039215686274,1702771200000
tank_0369,1.0,1702771200000
tank_0375,0.0,1702771200000
tank_0379,3.4941176470588236,1702771200000
tank_0381,0.0,1702771200000
tank_0386,0.0,1702771200000
tank_0390,0.0,1702771200000
tank_0397,0.0,1702771200000
tank_0399,5.964705882352941,1702771200000
tank_0404,10.0,1702771200000
tank_0409,0.0,1702771200000
tank_0420,0.050980392156862744,1702771200000
tank_0425,1.5098039215686274,1702771200000
tank_0431,0.0,1702771200000
tank_0432,2.0901960784313722,1702771200000
tank_0435,0.0,1702771200000
tank_0436,0.0,1702771200000
tank_0438,10.0,1702771200000
tank_0443,0.0,1702771200000
tank_0444,10.0,1702771200000
tank_0447,27.55294117647059,1702771200000
tank_0448,0.0,1702771200000
tank_0449,2.156862745098039,1702771200000
tank_0455,3.356862745098039,1702771200000
tank_0460,0.9764705882352942,1702771200000
tank_0462,0.0,1702771200000
tank_0466,0.0,1702771200000
tank_0471,0.0,1702771200000
tank_0473,11.207843137254903,1702771200000
tank_0474,0.0,1702771200000
tank_0481,8.462745098039216,1702771200000
tank_0485,0.0,1702771200000
tank_0489,0.0,1702771200000
tank_0491,0.0,1702771200000
tank_0494,4.0,1702771200000
tank_0497,0.0,1702771200000
tank_0498,2.2470588235294118,1702771200000
tank_0502,0.0,1702771200000
tank_0505,2.0,1702771200000
tank_0509,0.0,1702771200000
tank_0512,222.0,1702771200000
tank_0514,0.0,1702771200000
tank_0515,6.752941176470588,1702771200000
tank_0521,0.0,1702771200000
tank_0524,2.4313725490196076,1702771200000
tank_0526,0.0,1702771200000
tank_0533,0.0,1702771200000
tank_0534,0.0,1702771200000
tank_0536,0.0,1702771200000
tank_0537,0.0,1702771200000
tank_0541,0.0,1702771200000
tank_0547,0.0,1702771200000
tank_0552,0.0,1702771200000
tank_0555,0.0,1702771200000
tank_0556,0.0,1702771200000
tank_0557,0.027450980392156862,1702771200000
tank_0560,0.0,1702771200000
tank_0561,0.0,1702771200000
tank_0566,0.0,1702771200000
tank_0567,1.0,1702771200000
tank_0568,28.8078431372549,1702771200000
tank_0574,5.0,1702771200000
tank_0579,449.0,1702771200000
tank_0583,8.0,1702771200000
tank_0587,0.0,1702771200000
tank_0589,0.8980392156862745,1702771200000
tank_0590,0.0,1702771200000
tank_0592,0.0,1702771200000
tank_0593,5.780392156862745,1702771200000
tank_0595,0.0,1702771200000
tank_0600,0.0,1702771200000
tank_0604,0.0,1702771200000
tank_0606,14.0,1702771200000
tank_0607,4.372549019607844,1702771200000
tank_0608,143.0,1702771200000
tank_0610,7.905882352941177,1702771200000
tank_0611,11.827450980392157,1702771200000
tank_0612,2.2941176470588234,1702771200000
tank_0613,0.0,1702771200000
tank_0619,0.0,1702771200000
tank_0626,0.0,1702771200000
tank_0627,0.0,1702771200000
tank_0628,0.0,1702771200000
tank_0632,10.0,1702771200000
tank_0633,0.0,1702771200000
tank_0639,0.0,1702771200000
tank_0640,0.44313725490196076,1702771200000
tank_0641,0.0,1702771200000
tank_0643,3.431372549019608,1702771200000
tank_0646,0.0,1702771200000
tank_0663,0.0,1702771200000
tank_0664,0.0,1702771200000
tank_0666,0.0,1702771200000
tank_0667,26.776470588235295,1702771200000
tank_0670,0.0,1702771200000
tank_0675,0.0,1702771200000
tank_0676,315.0,1702771200000
tank_0678,0.0,1702771200000
tank_0681,0.0,1702771200000
tank_0687,0.0,1702771200000
tank_0688,254.9607843137255,1702771200000
tank_0697,0.0,1702771200000
tank_0720,0.0,1702771200000
tank_0722,0.0,1702771200000
tank_0724,5.874509803921569,1702771200000
tank_0725,0.0,1702771200000
tank_0728,0.0,1702771200000
tank_0730,0.0,1702771200000
tank_0731,552.0,1702771200000
tank_0732,0.0,1702771200000
tank_0737,387.0,1702771200000
tank_0739,4.0,1702771200000
tank_0740,13.325490196078432,1702771200000
tank_0746,0.0,1702771200000
tank_0748,0.0,1702771200000
tank_0749,7.0,1702771200000
tank_0752,2.0,1702771200000
tank_0760,0.0,1702771200000
tank_0770,0.0,1702771200000
tank_0772,0.0,1702771200000
tank_0788,0.0,1702771200000
tank_0789,0.0,1702771200000
tank_0792,122.24313725490198,1702771200000
tank_0797,0.0,1702771200000
tank_0800,4.0,1702771200000
tank_0802,10.317647058823528,1702771200000
tank_0803,3.011764705882353,1702771200000
tank_0808,6.239215686274508,1702771200000
tank_0810,15.68235294117647,1702771200000
tank_0811,19.89411764705882,1702771200000
tank_0812,46.0,1702771200000
tank_0813,0.0,1702771200000
tank_0816,0.0,1702771200000
tank_0819,2.0,1702771200000
tank_0823,0.0,1702771200000
tank_0824,0.0,1702771200000
tank_0825,0.0,1702771200000
tank_0828,0.0,1702771200000
tank_0829,0.0,1702771200000
tank_0830,0.0,1702771200000
tank_0831,0.0,1702771200000
tank_0844,0.0,1702771200000
tank_0852,27.623529411764707,1702771200000
tank_0855,78.0,1702771200000
tank_0856,715.0,1702771200000
tank_0860,2.0,1702771200000
tank_0861,0.0,1702771200000
tank_0872,0.0,1702771200000
tank_0875,185.5607843137255,1702771200000
tank_0879,0.0,1702771200000
tank_0885,0.0,1702771200000
tank_0891,0.0,1702771200000
tank_0894,678.0,1702771200000
tank_0898,445.0,1702771200000
tank_0900,13.0,1702771200000
tank_0901,0.0,1702771200000
tank_0902,74.0,1702771200000
tank_0914,0.0,1702771200000
tank_0917,280.97254901960787,1702771200000
tank_0919,0.0,1702771200000
tank_0920,20.674509803921573,1702771200000
tank_0922,147.0,1702771200000
tank_0923,0.0,1702771200000
tank_0924,4.6117647058823525,1702771200000
tank_0926,16.6,1702771200000
tank_0927,0.0,1702771200000
tank_0928,0.0,1702771200000
tank_0930,106.0,1702771200000
tank_0931,0.0,1702771200000
tank_0933,0.0,1702771200000
tank_0934,1.0,1702771200000
tank_0937,0.0,1702771200000
tank_0938,0.0,1702771200000
tank_0939,0.0,1702771200000
tank_0944,0.0,1702771200000
tank_0946,0.0,1702771200000
tank_0952,16.905882352941177,1702771200000
tank_0958,0.0,1702771200000
tank_0962,1655.0,1702771200000
tank_0967,0.0,1702771200000
tank_0975,0.0,1702771200000
tank_0978,0.0,1702771200000
tank_0990,0.0,1702771200000
tank_0991,0.0,1702771200000
tank_0998,0.0,1702771200000
tank_0999,0.0,1702771200000
tank_1003,467.93333333333334,1702771200000
tank_1004,24.0,1702771200000
tank_1014,1.0,1702771200000
tank_1026,70.0,1702771200000
tank_1031,80.03529411764706,1702771200000
tank_1032,4.9411764705882355,1702771200000
tank_1034,1.0,1702771200000
tank_1042,26.0,1702771200000
tank_1045,0.0,1702771200000
tank_1049,0.0,1702771200000
tank_1055,5.639215686274509,1702771200000
tank_1061,0.0,1702771200000
tank_1062,0.0,1702771200000
tank_1064,0.00784313725490196,1702771200000
tank_1065,0.0,1702771200000
tank_1066,4.623529411764705,1702771200000
tank_1070,2.0,1702771200000
tank_1073,0.0,1702771200000
tank_1083,221.0,1702771200000
tank_1086,4.0,1702771200000
tank_1088,14.666666666666666,1702771200000
tank_1089,10.0,1702771200000
tank_1090,0.0,1702771200000
tank_1091,0.0,1702771200000
tank_1094,2.0,1702771200000
tank_1095,0.0,1702771200000
tank_1104,3.6392156862745098,1702771200000
tank_1113,33.0,1702771200000
tank_1116,7.0,1702771200000
tank_1117,0.0,1702771200000
tank_1120,490.83921568627454,1702771200000
tank_1121,39.89019607843137,1702771200000
tank_1124,2.0,1702771200000
tank_1128,0.0,1702771200000
tank_1134,0.0,1702771200000
tank_1135,0.0,1702771200000
tank_1146,13.788235294117648,1702771200000
tank_1149,4.886274509803922,1702771200000
tank_1156,0.0,1702771200000
tank_1157,10.207843137254903,1702771200000
tank_1159,233.0,1702771200000
tank_1160,0.0,1702771200000
tank_1166,0.0,1702771200000
tank_1170,26.721568627450978,1702771200000
tank_1175,0.0,1702771200000
tank_1177,6.662745098039215,1702771200000
tank_1179,1.8627450980392157,1702771200000
tank_1181,170.73333333333335,1702771200000
tank_1186,0.0,1702771200000
tank_1187,25.337254901960783,1702771200000
tank_1190,2.0,1702771200000
tank_1192,0.0,1702771200000
tank_1196,0.0,1702771200000
tank_1197,1160.0,1702771200000
tank_1201,0.0,1702771200000
tank_1203,0.8431372549019608,1702771200000
tank_1205,0.0,1702771200000
tank_1209,963.0,1702771200000
tank_1217,0.0,1702771200000
tank_1223,0.0,1702771200000
tank_1226,37.0,1702771200000
tank_1228,5.0,1702771200000
tank_1230,0.0,1702771200000
tank_1237,0.0,1702771200000
tank_1239,471.91764705882355,1702771200000
tank_1245,0.0,1702771200000
tank_1246,14.0,1702771200000
tank_1250,0.0,1702771200000
tank_1254,321.0,1702771200000
tank_1255,14.411764705882355,1702771200000
tank_1258,9.0,1702771200000
tank_1261,0.0,1702771200000
tank_1262,13.760784313725491,1702771200000
tank_1263,0.0,1702771200000
tank_1265,0.0,1702771200000
tank_1270,0.0,1702771200000
tank_1272,7.870588235294118,1702771200000
tank_1275,0.7490196078431373,1702771200000
tank_1276,148.9294117647059,1702771200000
tank_1279,0.0,1702771200000
tank_1280,0.8745098039215686,1702771200000
tank_1284,0.0,1702771200000
tank_1285,0.0,1702771200000
tank_1286,92.0,1702771200000
tank_1290,6.0,1702771200000
tank_1291,0.0,1702771200000
tank_1293,6.0,1702771200000
tank_1295,0.0,1702771200000
tank_1297,0.0,1702771200000
tank_1301,0.0,1702771200000
tank_1302,0.0,1702771200000
tank_1304,0.0,1702771200000
tank_1305,1.0,1702771200000
tank_1313,546.0,1702771200000
tank_1322,0.0,1702771200000
tank_1325,0.0,1702771200000
tank_1326,0.0,1702771200000
tank_1344,0.0,1702771200000
tank_1346,3.8078431372549018,1702771200000
tank_1349,0.0,1702771200000
tank_1353,1089.0,1702771200000
tank_1358,0.0,1702771200000
tank_1359,0.0,1702771200000
tank_1361,881.0,1702771200000
tank_1364,251.0,1702771200000
tank_1365,0.0,1702771200000
tank_1372,0.0,1702771200000
tank_1374,177.0,1702771200000
tank_1378,544.8666666666667,1702771200000
tank_1380,9.0,1702771200000
tank_1386,1.0,1702771200000
tank_1391,0.0,1702771200000
tank_1393,0.0,1702771200000
tank_1396,0.0,1702771200000
tank_1397,0.0,1702771200000
tank_1403,0.0,1702771200000
tank_1409,0.0,1702771200000
tank_1412,0.0,1702771200000
tank_1415,0.0,1702771200000
tank_1416,0.0,1702771200000
tank_1421,405.5019607843137,1702771200000
tank_1422,0.0,1702771200000
tank_1425,124.0,1702771200000
tank_1426,65.33725490196079,1702771200000
tank_1430,0.0,1702771200000
tank_1433,450.0,1702771200000
tank_1438,0.0,1702771200000
tank_1439,0.0,1702771200000
tank_1441,0.0,1702771200000
tank_1443,0.8745098039215686,1702771200000
tank_1445,6.0,1702771200000
tank_1446,0.0,1702771200000
tank_1450,0.0,1702771200000
tank_1452,0.0,1702771200000
tank_1456,0.0,1702771200000
tank_1466,0.0,1702771200000
tank_1471,0.0,1702771200000
tank_1475,0.0,1702771200000
tank_1486,636.0,1702771200000
tank_1488,51.0,1702771200000
tank_1491,0.0,1702771200000
tank_1500,0.0,1702771200000
tank_1505,143.0,1702771200000
tank_1513,599.0,1702771200000
tank_1531,0.0,1702771200000
tank_1536,8.0,1702771200000
tank_1539,79.0,1702771200000
tank_1541,0.0,1702771200000
tank_1542,0.0,1702771200000
tank_1547,114.0,1702771200000
tank_1563,0.0,1702771200000
tank_1564,0.0,1702771200000
tank_1565,221.0,1702771200000
tank_1567,0.0,1702771200000
tank_1568,0.0,1702771200000
tank_1573,0.0,1702771200000
tank_1583,0.0,1702771200000
tank_1587,142.0,1702771200000
tank_1588,0.0,1702771200000
tank_1592,1.0,1702771200000
tank_1594,65.0,1702771200000
tank_1595,0.0,1702771200000
tank_1597,103.0,1702771200000
tank_1598,2.0980392156862746,1702771200000
tank_1600,7.564705882352941,1702771200000
tank_1604,0.0,1702771200000
tank_0002,0.0,1703808000000
tank_0004,0.0,1703808000000
tank_0005,0.0,1703808000000
tank_0011,0.0,1703808000000
tank_0014,19.811764705882354,1703808000000
tank_0019,2.0,1703808000000
tank_0024,24.811764705882354,1703808000000
tank_0025,5.9372549019607845,1703808000000
tank_0026,2.537254901960784,1703808000000
tank_0027,0.0,1703808000000
tank_0030,0.0,1703808000000
tank_0031,1.835294117647059,1703808000000
tank_0036,0.0196078431372549,1703808000000
tank_0037,0.0,1703808000000
tank_0038,15.88627450980392,1703808000000
tank_0050,0.0,1703808000000
tank_0051,0.0,1703808000000
tank_0052,3.7411764705882353,1703808000000
tank_0053,28.47058823529412,1703808000000
tank_0055,0.0,1703808000000
tank_0057,2.0,1703808000000
tank_0058,0.0,1703808000000
tank_0064,2.282352941176471,1703808000000
tank_0069,74.0,1703808000000
tank_0072,0.0,1703808000000
tank_0073,0.0,1703808000000
tank_0080,16.95294117647059,1703808000000
tank_0094,0.0,1703808000000
tank_0107,0.0,1703808000000
tank_0110,5.043137254901961,1703808000000
tank_0113,42.17254901960784,1703808000000
tank_0115,0.0,1703808000000
tank_0116,0.0,1703808000000
tank_0117,111.0,1703808000000
tank_0118,0.0,1703808000000
tank_0122,0.0,1703808000000
tank_0125,5.670588235294117,1703808000000
tank_0130,3.0,1703808000000
tank_0131,0.0,1703808000000
tank_0132,0.0,1703808000000
tank_0134,0.0,1703808000000
tank_0135,5.0,1703808000000
tank_0142,7.537254901960784,1703808000000
tank_0143,0.0,1703808000000
tank_0144,0.0,1703808000000
tank_0148,0.0,1703808000000
tank_0153,3.0,1703808000000
tank_0156,53.04705882352942,1703808000000
tank_0159,0.0,1703808000000
tank_0165,19.109803921568627,1703808000000
tank_0171,1.0,1703808000000
tank_0172,0.0,1703808000000
tank_0174,4.266666666666667,1703808000000
tank_0176,26.462745098039218,1703808000000
tank_0184,0.24313725490196078,1703808000000
tank_0187,3.9568627450980394,1703808000000
tank_0190,3.850980392156863,1703808000000
tank_0192,1.0,1703808000000
tank_0193,4.027450980392157,1703808000000
tank_0195,63.32156862745098,1703808000000
tank_0199,0.0,1703808000000
tank_0204,29.0,1703808000000
tank_0205,0.0,1703808000000
tank_0207,1.9803921568627452,1703808000000
tank_0209,0.0,1703808000000
tank_0213,0.3568627450980392,1703808000000
tank_0217,0.0,1703808000000
tank_0220,0.0,1703808000000
tank_0221,10.36862745098039,1703808000000
tank_0225,0.0,1703808000000
tank_0226,5.396078431372549,1703808000000
tank_0228,0.0,1703808000000
tank_0229,0.0,1703808000000
tank_0231,0.0,1703808000000
tank_0233,0.0,1703808000000
tank_0236,0.25098039215686274,1703808000000
tank_0237,0.0,1703808000000
tank_0240,0.03529411764705882,1703808000000
tank_0242,0.0,1703808000000
tank_0245,0.12549019607843137,1703808000000
tank_0247,60.0,1703808000000
tank_0256,0.5843137254901961,1703808000000
tank_0257,3.0,1703808000000
tank_0260,0.0,1703808000000
tank_0261,0.0,1703808000000
tank_0264,0.0,1703808000000
tank_0273,36.0,1703808000000
tank_0276,22.0,1703808000000
tank_0278,9.0,1703808000000
tank_0280,0.0,1703808000000
tank_0291,2.0,1703808000000
tank_0292,0.0,1703808000000
tank_0296,0.0,1703808000000
tank_0297,0.0,1703808000000
tank_0299,1.0,1703808000000
tank_0300,11.811764705882354,1703808000000
tank_0301,5.247058823529412,1703808000000
tank_0307,0.0,1703808000000
tank_0309,0.0,1703808000000
tank_0313,0.0,1703808000000
tank_0314,0.0,1703808000000
tank_0319,0.0,1703808000000
tank_0321,0.0,1703808000000
tank_0327,4.694117647058824,1703808000000
tank_0337,6.905882352941177,1703808000000
tank_0338,2.0,1703808000000
tank_0339,38.745098039215684,1703808000000
tank_0342,14.850980392156863,1703808000000
tank_0345,0.0,1703808000000
tank_0346,0.0,1703808000000
tank_0349,186.0,1703808000000
tank_0350,0.0,1703808000000
tank_0353,14.0,1703808000000
tank_0356,0.0,1703808000000
tank_0360,1.380392156862745,1703808000000
tank_0361,15.564705882352941,1703808000000
tank_0362,0.0,1703808000000
tank_0364,0.0,1703808000000
tank_0366,20.509803921568626,1703808000000
tank_0369,1.0,1703808000000
tank_0375,0.0,1703808000000
tank_0379,4.337254901960785,1703808000000
tank_0381,0.0,1703808000000
tank_0386,7.262745098039216,1703808000000
tank_0390,0.0,1703808000000
tank_0397,0.0,1703808000000
tank_0399,8.0,1703808000000
tank_0404,10.0,1703808000000
tank_0409,0.0,1703808000000
tank_0420,0.0,1703808000000
tank_0425,2.0,1703808000000
tank_0431,0.0,1703808000000
tank_0432,2.1137254901960785,1703808000000
tank_0435,1.0,1703808000000
tank_0436,0.0,1703808000000
tank_0438,7.0,1703808000000
tank_0443,2.0,1703808000000
tank_0444,0.0,1703808000000
tank_0447,40.188235294117646,1703808000000
tank_0448,0.0,1703808000000
tank_0449,1.5882352941176472,1703808000000
tank_0455,11.917647058823528,1703808000000
tank_0460,11.04313725490196,1703808000000
tank_0462,0.0,1703808000000
tank_0466,0.0,1703808000000
tank_0471,3.780392156862745,1703808000000
tank_0473,26.11764705882353,1703808000000
tank_0474,4.0,1703808000000
tank_0481,14.462745098039216,1703808000000
tank_0485,0.0,1703808000000
tank_0489,0.4745098039215686,1703808000000
tank_0491,0.0,1703808000000
tank_0494,4.372549019607844,1703808000000
tank_0497,0.0,1703808000000
tank_0498,1.3764705882352943,1703808000000
tank_0502,0.0,1703808000000
tank_0505,2.662745098039216,1703808000000
tank_0509,1.388235294117647,1703808000000
tank_0512,244.0,1703808000000
tank_0514,0.0,1703808000000
tank_0515,0.0,1703808000000
tank_0521,0.0,1703808000000
tank_0524,0.0,1703808000000
tank_0526,0.0,1703808000000
tank_0533,0.0,1703808000000
tank_0534,3.0,1703808000000
tank_0536,0.0,1703808000000
tank_0537,0.0,1703808000000
tank_0541,7.549019607843136,1703808000000
tank_0547,2.0431372549019606,1703808000000
tank_0552,0.7647058823529411,1703808000000
tank_0555,0.0,1703808000000
tank_0556,0.0,1703808000000
tank_0557,2.0,1703808000000
tank_0560,0.0,1703808000000
tank_0561,0.0,1703808000000
tank_0566,0.0,1703808000000
tank_0567,0.0,1703808000000
tank_0568,64.5450980392157,1703808000000
tank_0574,1.0,1703808000000
tank_0579,399.0,1703808000000
tank_0583,2.0,1703808000000
tank_0587,0.396078431372549,1703808000000
tank_0589,0.0,1703808000000
tank_0590,1.0,1703808000000
tank_0592,0.0,1703808000000
tank_0593,0.0,1703808000000
tank_0595,4.117647058823529,1703808000000
tank_0600,0.0,1703808000000
tank_0604,0.0,1703808000000
tank_0606,20.235294117647058,1703808000000
tank_0607,7.0,1703808000000
tank_0608,93.0,1703808000000
tank_0610,0.0,1703808000000
tank_0611,10.75686274509804,1703808000000
tank_0612,3.388235294117647,1703808000000
tank_0613,0.0,1703808000000
tank_0619,2.0,1703808000000
tank_0626,0.0,1703808000000
tank_0627,0.11372549019607843,1703808000000
tank_0628,0.0,1703808000000
tank_0632,13.03137254901961,1703808000000
tank_0633,0.0,1703808000000
tank_0639,0.0,1703808000000
tank_0640,0.0,1703808000000
tank_0641,0.0,1703808000000
tank_0643,8.905882352941177,1703808000000
tank_0646,2.0,1703808000000
tank_0663,0.0,1703808000000
tank_0664,0.0,1703808000000
tank_0666,0.0,1703808000000
tank_0667,26.007843137254902,1703808000000
tank_0670,0.0,1703808000000
tank_0675,0.0,1703808000000
tank_0676,246.0,1703808000000
tank_0678,0.0,1703808000000
tank_0681,0.0,1703808000000
tank_0687,0.0,1703808000000
tank_0688,367.8666666666667,1703808000000
tank_0697,0.0,1703808000000
tank_0720,3.003921568627451,1703808000000
tank_0722,0.0,1703808000000
tank_0724,16.631372549019606,1703808000000
tank_0725,0.0,1703808000000
tank_0728,0.0,1703808000000
tank_0730,0.0,1703808000000
tank_0731,624.0,1703808000000
tank_0732,4.2823529411764705,1703808000000
tank_0737,352.0,1703808000000
tank_0739,0.5058823529411764,1703808000000
tank_0740,18.03529411764706,1703808000000
tank_0746,0.0,1703808000000
tank_0748,0.0,1703808000000
tank_0749,5.0,1703808000000
tank_0752,8.0,1703808000000
tank_0760,0.0,1703808000000
tank_0770,0.0,1703808000000
tank_0772,0.0,1703808000000
tank_0788,0.0,1703808000000
tank_0789,0.0,1703808000000
tank_0792,149.5333333333333,1703808000000
tank_0797,0.0,1703808000000
tank_0800,25.0,1703808000000
tank_0802,15.73333333333333,1703808000000
tank_0803,0.0,1703808000000
tank_0808,5.709803921568628,1703808000000
tank_0810,15.0,1703808000000
tank_0811,4.4980392156862745,1703808000000
tank_0812,60.0,1703808000000
tank_0813,5.870588235294118,1703808000000
tank_0816,0.0,1703808000000
tank_0819,5.0,1703808000000
tank_0823,0.0,1703808000000
tank_0824,0.0,1703808000000
tank_0825,0.0,1703808000000
tank_0828,0.0,1703808000000
tank_0829,0.0,1703808000000
tank_0830,0.0,1703808000000
tank_0831,0.0,1703808000000
tank_0844,0.0,1703808000000
tank_0852,27.647058823529413,1703808000000
tank_0855,60.0,1703808000000
tank_0856,940.0,1703808000000
tank_0860,3.9058823529411764,1703808000000
tank_0861,0.0,1703808000000
tank_0872,0.0,1703808000000
tank_0875,154.0,1703808000000
tank_0879,0.0,1703808000000
tank_0885,0.0,1703808000000
tank_0891,0.0,1703808000000
tank_0894,1321.0,1703808000000
tank_0898,505.98039215686276,1703808000000
tank_0900,25.294117647058822,1703808000000
tank_0901,0.0,1703808000000
tank_0902,206.0,1703808000000
tank_0914,0.0,1703808000000
tank_0917,414.0,1703808000000
tank_0919,0.0,1703808000000
tank_0920,9.43921568627451,1703808000000
tank_0922,143.0,1703808000000
tank_0923,13.0,1703808000000
tank_0924,7.0,1703808000000
tank_0926,19.24313725490196,1703808000000
tank_0927,3.5686274509803924,1703808000000
tank_0928,0.0,1703808000000
tank_0930,95.0,1703808000000
tank_0931,0.0,1703808000000
tank_0933,0.0,1703808000000
tank_0934,1.0,1703808000000
tank_0937,0.0,1703808000000
tank_0938,0.0,1703808000000
tank_0939,2.0,1703808000000
tank_0944,0.0,1703808000000
tank_0946,8.745098039215687,1703808000000
tank_0952,16.8,1703808000000
tank_0958,0.0,1703808000000
tank_0962,1634.0,1703808000000
tank_0967,1.427450980392157,1703808000000
tank_0975,0.0,1703808000000
tank_0978,10.498039215686275,1703808000000
tank_0990,0.0,1703808000000
tank_0991,0.0,1703808000000
tank_0998,3.0,1703808000000
tank_0999,0.0,1703808000000
tank_1003,415.0,1703808000000
tank_1004,17.48627450980392,1703808000000
tank_1014,0.0,1703808000000
tank_1026,72.0,1703808000000
tank_1031,112.77647058823528,1703808000000
tank_1032,4.909803921568628,1703808000000
tank_1034,0.0,1703808000000
tank_1042,44.0,1703808000000
tank_1045,0.0,1703808000000
tank_1049,0.0,1703808000000
tank_1055,0.6392156862745098,1703808000000
tank_1061,0.0,1703808000000
tank_1062,0.0,1703808000000
tank_1064,0.0,1703808000000
tank_1065,0.0,1703808000000
tank_1066,7.0,1703808000000
tank_1070,0.0,1703808000000
tank_1073,0.0,1703808000000
tank_1083,228.0,1703808000000
tank_1086,12.0,1703808000000
tank_1088,2.788235294117647,1703808000000
tank_1089,7.0,1703808000000
tank_1090,0.0,1703808000000
tank_1091,0.0,1703808000000
tank_1094,0.0,1703808000000
tank_1095,0.0,1703808000000
tank_1104,2.443137254901961,1703808000000
tank_1113,29.0,1703808000000
tank_1116,3.0,1703808000000
tank_1117,0.0,1703808000000
tank_1120,417.43529411764706,1703808000000
tank_1121,157.96470588235294,1703808000000
tank_1124,3.0,1703808000000
tank_1128,0.0,1703808000000
tank_1134,0.047058823529411764,1703808000000
tank_1135,0.0,1703808000000
tank_1146,5.0,1703808000000
tank_1149,14.172549019607843,1703808000000
tank_1156,0.0,1703808000000
tank_1157,16.764705882352942,1703808000000
tank_1159,338.0,1703808000000
tank_1160,3.0,1703808000000
tank_1166,0.06666666666666667,1703808000000
tank_1170,22.454901960784312,1703808000000
tank_1175,0.0,1703808000000
tank_1177,0.28627450980392155,1703808000000
tank_1179,6.317647058823529,1703808000000
tank_1181,160.31764705882352,1703808000000
tank_1186,0.0,1703808000000
tank_1187,28.274509803921568,1703808000000
tank_1190,0.0,1703808000000
tank_1192,2.0,1703808000000
tank_1196,0.0,1703808000000
tank_1197,1642.0,1703808000000
tank_1201,0.0,1703808000000
tank_1203,10.843137254901961,1703808000000
tank_1205,0.0,1703808000000
tank_1209,1164.0,1703808000000
tank_1217,0.0,1703808000000
tank_1223,0.0,1703808000000
tank_1226,25.0,1703808000000
tank_1228,2.0,1703808000000
tank_1230,0.0,1703808000000
tank_1237,0.0,1703808000000
tank_1239,923.7764705882353,1703808000000
tank_1245,0.0,1703808000000
tank_1246,12.0,1703808000000
tank_1250,0.0,1703808000000
tank_1254,231.0,1703808000000
tank_1255,7.996078431372552,1703808000000
tank_1258,6.0,1703808000000
tank_1261,2.5098039215686274,1703808000000
tank_1262,28.631372549019602,1703808000000
tank_1263,0.0,1703808000000
tank_1265,0.0,1703808000000
tank_1270,0.0,1703808000000
tank_1272,19.941176470588236,1703808000000
tank_1275,2.4980392156862745,1703808000000
tank_1276,140.95294117647057,1703808000000
tank_1279,0.0,1703808000000
tank_1280,0.24705882352941178,1703808000000
tank_1284,0.0,1703808000000
tank_1285,0.0,1703808000000
tank_1286,92.0,1703808000000
tank_1290,5.0,1703808000000
tank_1291,0.0,1703808000000
tank_1293,0.0,1703808000000
tank_1295,5.858823529411764,1703808000000
tank_1297,0.0,1703808000000
tank_1301,0.0,1703808000000
tank_1302,0.0,1703808000000
tank_1304,0.0,1703808000000
tank_1305,10.0,1703808000000
tank_1313,1117.0,1703808000000
tank_1322,0.0,1703808000000
tank_1325,0.0,1703808000000
tank_1326,0.0,1703808000000
tank_1344,0.0,1703808000000
tank_1346,0.0,1703808000000
tank_1349,0.0,1703808000000
tank_1353,1094.0,1703808000000
tank_1358,0.0,1703808000000
tank_1359,0.0,1703808000000
tank_1361,880.0,1703808000000
tank_1364,466.0,1703808000000
tank_1365,0.0,1703808000000
tank_1372,0.0,1703808000000
tank_1374,156.0,1703808000000
tank_1378,523.0,1703808000000
tank_1380,18.0,1703808000000
tank_1386,12.0,1703808000000
tank_1391,0.0,1703808000000
tank_1393,1.8862745098039215,1703808000000
tank_1396,0.0,1703808000000
tank_1397,0.0,1703808000000
tank_1403,0.0,1703808000000
tank_1409,0.0,1703808000000
tank_1412,0.0,1703808000000
tank_1415,0.0,1703808000000
tank_1416,0.0,1703808000000
tank_1421,412.4117647058823,1703808000000
tank_1422,2.0,1703808000000
tank_1425,259.0,1703808000000
tank_1426,59.8156862745098,1703808000000
tank_1430,0.0,1703808000000
tank_1433,456.0,1703808000000
tank_1438,0.0,1703808000000
tank_1439,0.0,1703808000000
tank_1441,0.0,1703808000000
tank_1443,3.4901960784313726,1703808000000
tank_1445,0.0,1703808000000
tank_1446,4.0,1703808000000
tank_1450,0.0,1703808000000
tank_1452,0.0,1703808000000
tank_1456,0.0,1703808000000
tank_1466,0.0,1703808000000
tank_1471,1.2078431372549019,1703808000000
tank_1475,0.0,1703808000000
tank_1486,570.0,1703808000000
tank_1488,68.0,1703808000000
tank_1491,0.0,1703808000000
tank_1500,0.0,1703808000000
tank_1505,185.0,1703808000000
tank_1513,514.0,1703808000000
tank_1531,0.0,1703808000000
tank_1536,4.0,1703808000000
tank_1539,223.0,1703808000000
tank_1541,0.0,1703808000000
tank_1542,0.0,1703808000000
tank_1547,120.0,1703808000000
tank_1563,0.0,1703808000000
tank_1564,0.0,1703808000000
tank_1565,339.0,1703808000000
tank_1567,0.0,1703808000000
tank_1568,0.0,1703808000000
tank_1573,0.0,1703808000000
tank_1583,0.0,1703808000000
tank_1587,902.0,1703808000000
tank_1588,0.0,1703808000000
tank_1592,0.0,1703808000000
tank_1594,50.0,1703808000000
tank_1595,0.0,1703808000000
tank_1597,110.0,1703808000000
tank_1598,0.1803921568627451,1703808000000
tank_1600,18.67058823529412,1703808000000
tank_1604,0.0,1703808000000
